policy,family,ordering,scope,fills,trading_days,active_days,fills_per_day,mean_net,sum_net,sum_net_per_day,win_fraction,median_net,p05_net,worst_fill,worst_day,months_positive,months,name_minutes_per_day,orders,retained_causal_pf2_fill_fraction,new_vs_causal_pf2_fills,retained_legacy_posthoc_pf2_fills,known_split_flag_fills
pf_min_0,prior_flush,legacy,pooled,1580,1046,529,1.5105162523900573,0.0009339080172616384,1.4755746672733887,0.0014106832383110831,0.5335443037974683,0.019962096487913146,-0.12967868138219257,-0.9841620985134818,-0.9841620985134818,26,50,18.054493307839387,13269,0.9992094861660079,316,1072,86
pf_min_0,prior_flush,legacy,original_dev,593,533,234,1.1125703564727956,0.002969915653259156,1.7611599823826796,0.003304240117040677,0.5531197301854974,0.021646451972675347,-0.1117434675677756,-0.9841620985134818,-0.9841620985134818,13,26,15.455909943714822,4780,0.9978401727861771,131,405,25
pf_min_0,prior_flush,legacy,later_development,987,513,295,1.9239766081871346,-0.000289346823818936,-0.2855853151092898,-0.0005566965206808702,0.5217831813576495,0.019141448105805876,-0.13629145094573353,-0.35875066454013815,-0.6634859506489802,14,25,20.75438596491228,8489,1.0,185,667,61
pf_min_0,prior_flush,legacy,2021,350,233,126,1.502145922746781,0.001442569984176884,0.5048994944619094,0.0021669506200082023,0.5428571428571428,0.017314799605282157,-0.11000000000000008,-0.40614898989898995,-0.8122222222222225,5,11,20.540772532188843,2799,0.9963369963369964,78,243,17
pf_min_0,prior_flush,legacy,2022,190,251,86,0.7569721115537849,0.0033968346343056935,0.6453985805180817,0.00257130908572941,0.5526315789473685,0.02022615872535139,-0.11000000000000008,-0.9841620985134818,-0.9841620985134818,7,12,10.892430278884461,1471,1.0,42,128,8
pf_min_0,prior_flush,legacy,2023,311,250,111,1.244,-0.005612078923714704,-1.745356545275273,-0.006981426181101089,0.5144694533762058,0.007759562841529908,-0.1599006458022852,-0.31048890560361053,-0.6634859506489802,5,12,12.304,2654,1.0,65,200,4
pf_min_0,prior_flush,legacy,2025,507,210,136,2.414285714285714,0.004698678889488047,2.38223019697044,0.011343953318906863,0.5463510848126233,0.04092592592592582,-0.12874392686457664,-0.35875066454013815,-0.4435344582347487,6,10,27.70952380952381,4417,1.0,88,360,44
pf_min_0,prior_flush,legacy,2026,222,102,70,2.176470588235294,-0.0014035903576656225,-0.3115970594017682,-0.003054873131389883,0.5,-0.0008538537452629138,-0.1230278444079979,-0.268317440135622,-0.36583604947783327,3,5,24.215686274509803,1928,1.0,43,141,13
pf_min_0,prior_flush,optimistic,pooled,1580,1046,529,1.5105162523900573,0.0026708981719733124,4.220019111717834,0.004034435097244587,0.5417721518987342,0.02638011356329229,-0.12967868138219257,-0.9841620985134818,-0.9841620985134818,28,50,18.054493307839387,13269,0.9992094861660079,316,1072,86
pf_min_0,prior_flush,optimistic,original_dev,593,533,234,1.1125703564727956,0.004749941885224681,2.8167155379382356,0.005284644536469487,0.5615514333895447,0.02762029746281703,-0.1117434675677756,-0.9841620985134818,-0.9841620985134818,14,26,15.455909943714822,4780,0.9978401727861771,131,405,25
pf_min_0,prior_flush,optimistic,later_development,987,513,295,1.9239766081871346,0.0014217868022083067,1.4033035737795987,0.002735484549277978,0.5298885511651469,0.022520325203251985,-0.13629145094573353,-0.35875066454013815,-0.6634859506489802,15,25,20.75438596491228,8489,1.0,185,667,61
pf_min_0,prior_flush,optimistic,2021,350,233,126,1.502145922746781,0.004458443000049902,1.5604550500174659,0.0066972319743238895,0.5571428571428572,0.027522660058108446,-0.11000000000000008,-0.40614898989898995,-0.6011111111111114,6,11,20.540772532188843,2799,0.9963369963369964,78,243,17
pf_min_0,prior_flush,optimistic,2022,190,251,86,0.7569721115537849,0.0033968346343056935,0.6453985805180817,0.00257130908572941,0.5526315789473685,0.02022615872535139,-0.11000000000000008,-0.9841620985134818,-0.9841620985134818,7,12,10.892430278884461,1471,1.0,42,128,8
pf_min_0,prior_flush,optimistic,2023,311,250,111,1.244,-0.0022180096132466813,-0.6898009897197178,-0.0027592039588788704,0.5305466237942122,0.016856240126382323,-0.1599006458022852,-0.31048890560361053,-0.6634859506489802,5,12,12.304,2654,1.0,65,200,4
pf_min_0,prior_flush,optimistic,2025,507,210,136,2.414285714285714,0.005531464337658111,2.8044524191926623,0.013354535329488873,0.5502958579881657,0.04606758832565273,-0.12874392686457664,-0.35875066454013815,-0.4435344582347487,7,10,27.70952380952381,4417,1.0,88,360,44
pf_min_0,prior_flush,optimistic,2026,222,102,70,2.176470588235294,-0.0004526394067146719,-0.10048594829065716,-0.0009851563557907537,0.5045045045045045,0.0029035749324913904,-0.1230278444079979,-0.268317440135622,-0.36583604947783327,3,5,24.215686274509803,1928,1.0,43,141,13
pf_min_0,prior_flush,pessimistic,pooled,1578,1046,529,1.508604206500956,-0.024562819113459342,-38.76012856103884,-0.03705557223808684,0.4138149556400507,-0.04273690122763373,-0.14227796108463336,-0.9841620985134818,-1.0909425040374063,7,50,21.148183556405353,13259,0.9976284584980237,316,1070,86
pf_min_0,prior_flush,pessimistic,original_dev,593,533,234,1.1125703564727956,-0.023862847518939183,-14.150668578730935,-0.02654909677060213,0.42495784148397975,-0.03149502726981079,-0.12990551826013194,-0.9841620985134818,-1.0233333333333337,5,26,17.975609756097562,4780,0.9978401727861771,131,405,25
pf_min_0,prior_flush,pessimistic,later_development,985,513,295,1.9200779727095516,-0.024984223332292287,-24.609459982307904,-0.04797165688559044,0.4071065989847716,-0.057739754964089667,-0.14471380842095208,-0.5970843247397813,-1.0909425040374063,3,25,24.444444444444443,8479,0.9975062344139651,185,665,61
pf_min_0,prior_flush,pessimistic,2021,350,233,126,1.502145922746781,-0.02397451729442999,-8.391081053050497,-0.036013223403650194,0.4228571428571429,-0.0364460895261458,-0.11642601800899509,-0.40614898989898995,-1.0233333333333337,1,11,23.36051502145923,2799,0.9963369963369964,78,243,17
pf_min_0,prior_flush,pessimistic,2022,190,251,86,0.7569721115537849,-0.020022649368171677,-3.8043033799526187,-0.015156587171125974,0.4368421052631579,-0.024951733544698478,-0.12338891172316965,-0.9841620985134818,-0.9841620985134818,4,12,12.904382470119522,1471,1.0,42,128,8
pf_min_0,prior_flush,pessimistic,2023,310,250,111,1.24,-0.036043831862943854,-11.173587877512595,-0.044694351510050384,0.3709677419354839,-0.10999999999999986,-0.15990754539934873,-0.31048890560361053,-1.0909425040374063,1,12,15.0,2651,0.9959349593495935,65,199,4
pf_min_0,prior_flush,pessimistic,2025,506,210,136,2.4095238095238094,-0.01565114645912076,-7.919480108315105,-0.03771181003959573,0.44861660079051385,-0.026905417394141255,-0.1348570652527004,-0.35875066454013815,-0.6546455693458598,1,10,31.571428571428573,4410,0.9976133651551312,88,359,44
pf_min_0,prior_flush,pessimistic,2026,222,102,70,2.176470588235294,-0.03365619883877486,-7.471676142208018,-0.07325172688439233,0.36036036036036034,-0.07579287868550043,-0.14254214729370013,-0.5970843247397813,-0.866515532608989,0,5,29.99019607843137,1928,1.0,43,141,13
pf_min_1,prior_flush,legacy,pooled,1451,1046,495,1.387189292543021,0.004034645458700334,5.854270560574184,0.005596816979516432,0.5465196416264645,0.03217356042173548,-0.12336349948365431,-0.48572345320256693,-0.6634859506489802,30,50,16.17590822179732,7461,1.0,186,1072,74
pf_min_1,prior_flush,legacy,original_dev,534,533,212,1.00187617260788,0.006350352103047925,3.391088023027592,0.006362266459714059,0.5692883895131086,0.03340122002546909,-0.11248056076399386,-0.48572345320256693,-0.5922222222222226,16,26,13.615384615384615,2946,1.0,71,405,21
pf_min_1,prior_flush,legacy,later_development,917,513,283,1.7875243664717348,0.002686131447706206,2.463182537546591,0.0048015254143208485,0.5332606324972737,0.030970968247293403,-0.13278546819990256,-0.307979797979798,-0.6634859506489802,14,25,18.83625730994152,4515,1.0,115,667,53
pf_min_1,prior_flush,legacy,2021,320,233,117,1.3733905579399142,0.003157409041454024,1.0103708932652877,0.004336355765087074,0.55625,0.027522660058108446,-0.11010662177328852,-0.40614898989898995,-0.5922222222222226,5,11,18.78969957081545,1895,1.0,47,243,17
pf_min_1,prior_flush,legacy,2022,164,251,76,0.6533864541832669,0.011071710578467099,1.8157605348686043,0.00723410571660799,0.5792682926829268,0.030115810421900042,-0.11000000000000008,-0.48572345320256693,-0.3846123420914558,10,12,9.258964143426295,823,1.0,16,128,4
pf_min_1,prior_flush,legacy,2023,292,250,102,1.168,-0.001228145281665016,-0.3586184222461846,-0.001434473688984733,0.5308219178082192,0.0179988441160941,-0.15980733819818593,-0.31048890560361053,-0.6634859506489802,6,12,11.06,1254,1.0,46,200,3
pf_min_1,prior_flush,legacy,2025,472,210,132,2.2476190476190476,0.005515347131253336,2.6032438459515745,0.012396399266436072,0.548728813559322,0.05682737641632186,-0.1310751237067028,-0.2751024811218986,-0.4287145521767033,6,10,25.271428571428572,2500,1.0,53,360,38
pf_min_1,prior_flush,legacy,2026,203,102,68,1.9901960784313726,0.0038596734420438556,0.7835137087349027,0.007681506948381403,0.5221674876847291,0.020740740740740733,-0.117606943816363,-0.17216216216216218,-0.36583604947783327,3,5,21.03921568627451,989,1.0,24,141,12
pf_min_1,prior_flush,optimistic,pooled,1451,1046,495,1.387189292543021,0.005635074281734256,8.176492782796405,0.007816914706306318,0.5541006202618883,0.04092592592592582,-0.12336349948365431,-0.48572345320256693,-0.6634859506489802,31,50,16.17590822179732,7461,1.0,186,1072,74
pf_min_1,prior_flush,optimistic,original_dev,534,533,212,1.00187617260788,0.007931708740584338,4.235532467472036,0.007946589995257105,0.5767790262172284,0.038133344471487536,-0.11248056076399386,-0.48572345320256693,-0.5922222222222226,17,26,13.615384615384615,2946,1.0,71,405,21
pf_min_1,prior_flush,optimistic,later_development,917,513,283,1.7875243664717348,0.004297666647027664,3.9409603153243684,0.007682183850534839,0.5408942202835333,0.04606758832565273,-0.13278546819990256,-0.307979797979798,-0.6634859506489802,14,25,18.83625730994152,4515,1.0,115,667,53
pf_min_1,prior_flush,optimistic,2021,320,233,117,1.3733905579399142,0.005796297930342914,1.8548153377097325,0.007960580848539626,0.56875,0.03988936245634734,-0.11010662177328852,-0.40614898989898995,-0.5922222222222226,6,11,18.78969957081545,1895,1.0,47,243,17
pf_min_1,prior_flush,optimistic,2022,164,251,76,0.6533864541832669,0.011071710578467099,1.8157605348686043,0.00723410571660799,0.5792682926829268,0.030115810421900042,-0.11000000000000008,-0.48572345320256693,-0.3846123420914558,10,12,9.258964143426295,823,1.0,16,128,4
pf_min_1,prior_flush,optimistic,2023,292,250,102,1.168,0.0016637877472543137,0.4858260221982596,0.0019433040887930418,0.5445205479452054,0.04799563964886545,-0.15980733819818593,-0.31048890560361053,-0.6634859506489802,6,12,11.06,1254,1.0,46,200,3
pf_min_1,prior_flush,optimistic,2025,472,210,132,2.2476190476190476,0.006409885737656349,3.0254660681737966,0.014406981277018083,0.5529661016949152,0.06518054316467749,-0.1310751237067028,-0.2751024811218986,-0.4287145521767033,6,10,25.271428571428572,2500,1.0,53,360,38
pf_min_1,prior_flush,optimistic,2026,203,102,68,1.9901960784313726,0.004899629654413862,0.9946248198460139,0.009751223723980533,0.5270935960591133,0.022905415375534817,-0.117606943816363,-0.17216216216216218,-0.36583604947783327,3,5,21.03921568627451,989,1.0,24,141,12
pf_min_1,prior_flush,pessimistic,pooled,1449,1046,495,1.3852772466539196,-0.02212685495470546,-32.06181282936821,-0.03065182870876501,0.42374051069703245,-0.03785201021438333,-0.14055048476735227,-0.5970843247397813,-0.8709425040374065,9,50,19.08604206500956,7455,0.9984189723320158,186,1070,74
pf_min_1,prior_flush,pessimistic,original_dev,534,533,212,1.00187617260788,-0.021100725405211327,-11.267787366382848,-0.021140314008222978,0.43820224719101125,-0.028455924053062125,-0.12968649905664517,-0.48572345320256693,-0.8033333333333337,5,26,15.878048780487806,2946,1.0,71,405,21
pf_min_1,prior_flush,pessimistic,later_development,915,513,283,1.7836257309941521,-0.022725710888508586,-20.794025462985356,-0.04053416269587788,0.41530054644808745,-0.05234654234654234,-0.14273079577427408,-0.5970843247397813,-0.8709425040374065,4,25,22.419103313840157,4509,0.9975062344139651,115,665,53
pf_min_1,prior_flush,pessimistic,2021,320,233,117,1.3733905579399142,-0.022540980821879147,-7.213113863001327,-0.030957570227473506,0.434375,-0.03358440118473121,-0.11609165035553497,-0.40614898989898995,-0.8033333333333337,1,11,21.3519313304721,1895,1.0,47,243,17
pf_min_1,prior_flush,pessimistic,2022,164,251,76,0.6533864541832669,-0.015095769922969137,-2.4757062673669386,-0.009863371583135211,0.45121951219512196,-0.024951733544698478,-0.12500645224403578,-0.48572345320256693,-0.3846123420914558,4,12,11.06772908366534,823,1.0,16,128,4
pf_min_1,prior_flush,pessimistic,2023,291,250,102,1.164,-0.03145538289055043,-9.153516421150176,-0.036614065684600704,0.38831615120274915,-0.10125188536953243,-0.15980954834668265,-0.31048890560361053,-0.8709425040374065,1,12,13.62,1251,0.9959349593495935,46,199,3
pf_min_1,prior_flush,pessimistic,2025,471,210,132,2.242857142857143,-0.014976692175986258,-7.054022014889528,-0.033590581023283446,0.45010615711252655,-0.029984012789768137,-0.13600888454679427,-0.2751024811218986,-0.6398256632878144,3,10,29.00952380952381,2497,0.9976133651551312,53,359,38
pf_min_1,prior_flush,pessimistic,2026,203,102,68,1.9901960784313726,-0.030371695876651405,-6.165454262960235,-0.06044563002902192,0.37438423645320196,-0.06482041587901709,-0.13467326420739864,-0.5970843247397813,-0.7824414585349148,0,5,26.607843137254903,989,1.0,24,141,12
pf_min_2,prior_flush,legacy,pooled,1265,1046,459,1.2093690248565965,0.0065596689846290565,8.297981265555757,0.007933060483322906,0.5557312252964427,0.04199460038169712,-0.12230515915998291,-0.48572345320256693,-0.6634859506489802,31,50,14.31453154875717,6779,1.0,0,1072,62
pf_min_2,prior_flush,legacy,original_dev,463,533,200,0.8686679174484052,0.004916311282168907,2.2762521236442037,0.004270641883009768,0.5615550755939525,0.02762029746281703,-0.11566563577774694,-0.48572345320256693,-0.5922222222222226,16,26,12.157598499061914,2663,1.0,0,405,13
pf_min_2,prior_flush,legacy,later_development,802,513,259,1.5633528265107213,0.007508390451261287,6.021729141911552,0.011738263434525446,0.5523690773067331,0.06833826679180789,-0.12346400952283346,-0.307979797979798,-0.6634859506489802,15,25,16.555555555555557,4116,1.0,0,667,49
pf_min_2,prior_flush,legacy,2021,273,233,108,1.1716738197424892,0.0031417854381917683,0.8577074246263527,0.0036811477451774823,0.5531135531135531,0.025989591005057162,-0.11000000000000008,-0.40555555555555556,-0.5922222222222226,6,11,16.390557939914164,1698,1.0,0,243,10
pf_min_2,prior_flush,legacy,2022,148,251,73,0.5896414342629482,0.00773009915264002,1.144054674590723,0.004557986751357464,0.5675675675675675,0.027699274177910967,-0.11000000000000008,-0.48572345320256693,-0.3846123420914558,9,12,8.56175298804781,762,1.0,0,128,3
pf_min_2,prior_flush,legacy,2023,246,250,90,0.984,0.005320987733209639,1.3089629823695712,0.00523585192947829,0.556910569105691,0.0849317738791422,-0.15617003367003363,-0.31048890560361053,-0.6634859506489802,6,12,9.36,1101,1.0,0,200,1
pf_min_2,prior_flush,legacy,2025,419,210,124,1.9952380952380953,0.00866061081546813,3.6287959316811467,0.01727998062705308,0.5608591885441527,0.10111111111111094,-0.13006506754893865,-0.2334928702527178,-0.44,7,10,22.71904761904762,2296,1.0,0,360,36
pf_min_2,prior_flush,legacy,2026,179,102,64,1.7549019607843137,0.007589163420603145,1.358460252287963,0.01331823776752905,0.5363128491620112,0.030970968247293403,-0.11024450634478497,-0.15529914529914535,-0.36583604947783327,3,5,18.568627450980394,922,1.0,0,141,12
pf_min_2,prior_flush,optimistic,pooled,1265,1046,459,1.2093690248565965,0.00822853152305681,10.409092376666866,0.009951331144040986,0.5636363636363636,0.05365686120287339,-0.12230515915998291,-0.48572345320256693,-0.6634859506489802,34,50,14.31453154875717,6779,1.0,0,1072,62
pf_min_2,prior_flush,optimistic,original_dev,463,533,200,0.8686679174484052,0.0067401653738415725,3.1206965680886483,0.005854965418552815,0.5701943844492441,0.034349070100142994,-0.11566563577774694,-0.48572345320256693,-0.5922222222222226,17,26,12.157598499061914,2663,1.0,0,405,13
pf_min_2,prior_flush,optimistic,later_development,802,513,259,1.5633528265107213,0.009087775322416732,7.288395808578219,0.014207399236994583,0.559850374064838,0.10111111111111094,-0.12346400952283346,-0.307979797979798,-0.6634859506489802,17,25,16.555555555555557,4116,1.0,0,667,49
pf_min_2,prior_flush,optimistic,2021,273,233,108,1.1716738197424892,0.00623498853139486,1.7021518690707969,0.007305372828630031,0.5677655677655677,0.03609929078014163,-0.11000000000000008,-0.40555555555555556,-0.5922222222222226,7,11,16.390557939914164,1698,1.0,0,243,10
pf_min_2,prior_flush,optimistic,2022,148,251,73,0.5896414342629482,0.00773009915264002,1.144054674590723,0.004557986751357464,0.5675675675675675,0.027699274177910967,-0.11000000000000008,-0.48572345320256693,-0.3846123420914558,9,12,8.56175298804781,762,1.0,0,128,3
pf_min_2,prior_flush,optimistic,2023,246,250,90,0.984,0.007895513478467092,1.9422963157029047,0.007769185262811624,0.5691056910569106,0.10111111111111094,-0.15617003367003363,-0.31048890560361053,-0.6634859506489802,7,12,9.36,1101,1.0,0,200,1
pf_min_2,prior_flush,optimistic,2025,419,210,124,1.9952380952380953,0.009668301083301597,4.051018153903369,0.01929056263763509,0.5656324582338902,0.10111111111111094,-0.13006506754893865,-0.2334928702527178,-0.44,7,10,22.71904761904762,2296,1.0,0,360,36
pf_min_2,prior_flush,optimistic,2026,179,102,64,1.7549019607843137,0.008768555102788124,1.5695713633990742,0.01538795454312818,0.5418994413407822,0.062327044025157326,-0.11024450634478497,-0.15529914529914535,-0.36583604947783327,4,5,18.568627450980394,922,1.0,0,141,12
pf_min_2,prior_flush,pessimistic,pooled,1263,1046,459,1.2074569789674952,-0.018601465606239095,-23.493651060679976,-0.02246046946527722,0.43626286619160726,-0.030826518373132543,-0.13522113486633133,-0.5970843247397813,-0.8033333333333337,10,50,16.806883365200765,6773,0.9984189723320158,0,1070,62
pf_min_2,prior_flush,pessimistic,original_dev,463,533,200,0.8686679174484052,-0.019665683008898975,-9.105211233120226,-0.017082947904540763,0.4427645788336933,-0.028057203110583788,-0.13209571029499947,-0.48572345320256693,-0.8033333333333337,5,26,13.934333958724203,2663,1.0,0,405,13
pf_min_2,prior_flush,pessimistic,later_development,800,513,259,1.5594541910331383,-0.017985549784449686,-14.388439827559749,-0.028047640989395217,0.4325,-0.03549846052670918,-0.1353110871880274,-0.5970843247397813,-0.6634859506489802,5,25,19.79142300194932,4110,0.9975062344139651,0,665,49
pf_min_2,prior_flush,pessimistic,2021,273,233,108,1.1716738197424892,-0.020370842883510504,-5.561240107198367,-0.02386798329269685,0.43956043956043955,-0.028653690186536955,-0.11370274671553685,-0.40555555555555556,-0.8033333333333337,1,11,18.40343347639485,1698,1.0,0,243,10
pf_min_2,prior_flush,pessimistic,2022,148,251,73,0.5896414342629482,-0.012740867773998755,-1.8856484305518157,-0.0075125435480152,0.46621621621621623,-0.020982587143662627,-0.12733501488751875,-0.48572345320256693,-0.3846123420914558,4,12,9.900398406374501,762,1.0,0,128,3
pf_min_2,prior_flush,pessimistic,2023,245,250,90,0.98,-0.02704417211964162,-6.6258221693121975,-0.02650328867724879,0.40408163265306124,-0.06272874120226156,-0.1582114112594279,-0.31048890560361053,-0.6634859506489802,1,12,11.748,1098,0.9959349593495935,0,199,1
pf_min_2,prior_flush,pessimistic,2025,418,210,124,1.9904761904761905,-0.012367969803876075,-5.169811378020199,-0.024618149419143805,0.45933014354066987,-0.022749845122927985,-0.13717755994591305,-0.2334928702527178,-0.531507345603303,4,10,26.061904761904763,2293,0.9976133651551312,0,359,36
pf_min_2,prior_flush,pessimistic,2026,179,102,64,1.7549019607843137,-0.023749323886018962,-4.251128975597394,-0.041677735054876416,0.39664804469273746,-0.04589329565714672,-0.1192202310841117,-0.5970843247397813,-0.5970843247397813,0,5,23.5,922,1.0,0,141,12
pf_min_3,prior_flush,legacy,pooled,1066,1046,413,1.0191204588910134,0.0065255636595834415,6.956250861115949,0.006650335431277201,0.5525328330206379,0.03645086010961352,-0.12127066970342466,-0.48572345320256693,-0.48572345320256693,31,50,12.179732313575526,5861,0.841897233201581,1,916,50
pf_min_3,prior_flush,legacy,original_dev,372,533,174,0.6979362101313321,0.006411702116220165,2.385153187233901,0.004474959075485745,0.5645161290322581,0.026423309070774732,-0.110959595959596,-0.48572345320256693,-0.48572345320256693,17,26,10.018761726078798,2218,0.8012958963282938,1,329,9
pf_min_3,prior_flush,legacy,later_development,694,513,239,1.3528265107212476,0.00658659607187615,4.571097673882048,0.008910521781446492,0.5461095100864554,0.05084563336921822,-0.12332999613726127,-0.307979797979798,-0.40211874850045315,14,25,14.42495126705653,3643,0.8653366583541147,0,587,41
pf_min_3,prior_flush,legacy,2021,221,233,95,0.9484978540772532,0.005996179876316742,1.325155752666,0.005687363745347641,0.5565610859728507,0.025989591005057162,-0.11000000000000008,-0.40555555555555556,-0.22888888888888886,7,11,13.313304721030043,1421,0.8058608058608059,1,198,8
pf_min_3,prior_flush,legacy,2022,117,251,63,0.46613545816733065,0.008153177001946293,0.9539217092277162,0.003800484897321581,0.5726495726495726,0.02762029746281703,-0.11316304450089383,-0.48572345320256693,-0.48572345320256693,9,12,7.131474103585657,622,0.7905405405405406,0,101,1
pf_min_3,prior_flush,legacy,2023,207,250,84,0.828,0.004573981501563812,0.9468141708237091,0.00378725668329484,0.5507246376811594,0.05219426974143949,-0.15543771043771037,-0.31048890560361053,-0.3566666666666666,4,12,7.836,971,0.8414634146341463,0,177,1
pf_min_3,prior_flush,legacy,2025,361,210,111,1.7190476190476192,0.007841432880246744,2.8307572697690744,0.013479796522709883,0.556786703601108,0.059997891629770324,-0.1296581196581198,-0.2334928702527178,-0.32758840315478965,8,10,19.947619047619046,2015,0.8615751789976134,0,312,29
pf_min_3,prior_flush,legacy,2026,160,102,60,1.5686274509803921,0.005622512241434056,0.899601958629449,0.008819627045386757,0.525,0.01466774070609423,-0.11000000000000008,-0.15529914529914535,-0.40211874850045315,3,5,16.666666666666668,832,0.8938547486033519,0,128,11
pf_min_3,prior_flush,optimistic,pooled,1066,1046,413,1.0191204588910134,0.008505968079012249,9.067361972227058,0.008668606091995278,0.5619136960600375,0.046280935313193335,-0.12127066970342466,-0.48572345320256693,-0.48572345320256693,32,50,12.179732313575526,5861,0.841897233201581,1,916,50
pf_min_3,prior_flush,optimistic,original_dev,372,533,174,0.6979362101313321,0.008681714063651466,3.2295976316783452,0.006059282611028792,0.5752688172043011,0.034726790275594006,-0.110959595959596,-0.48572345320256693,-0.48572345320256693,17,26,10.018761726078798,2218,0.8012958963282938,1,329,9
pf_min_3,prior_flush,optimistic,later_development,694,513,239,1.3528265107212476,0.008411764179465006,5.8377643405487145,0.011379657583915626,0.5547550432276657,0.06766820443195933,-0.12332999613726127,-0.307979797979798,-0.40211874850045315,15,25,14.42495126705653,3643,0.8653366583541147,0,587,41
pf_min_3,prior_flush,optimistic,2021,221,233,95,0.9484978540772532,0.009817195462038214,2.1696001971104453,0.009311588828800193,0.5746606334841629,0.03946425950388966,-0.11000000000000008,-0.40555555555555556,-0.22888888888888886,7,11,13.313304721030043,1421,0.8058608058608059,1,198,8
pf_min_3,prior_flush,optimistic,2022,117,251,63,0.46613545816733065,0.008153177001946293,0.9539217092277162,0.003800484897321581,0.5726495726495726,0.02762029746281703,-0.11316304450089383,-0.48572345320256693,-0.48572345320256693,9,12,7.131474103585657,622,0.7905405405405406,0,101,1
pf_min_3,prior_flush,optimistic,2023,207,250,84,0.828,0.0076335628220146985,1.5801475041570425,0.006320590016628173,0.5652173913043478,0.10111111111111094,-0.15543771043771037,-0.31048890560361053,-0.3566666666666666,4,12,7.836,971,0.8414634146341463,0,177,1
pf_min_3,prior_flush,optimistic,2025,361,210,111,1.7190476190476192,0.009011023523521598,3.2529794919912964,0.015490378533291894,0.5623268698060941,0.08855042943952209,-0.1296581196581198,-0.2334928702527178,-0.32758840315478965,8,10,19.947619047619046,2015,0.8615751789976134,0,312,29
pf_min_3,prior_flush,optimistic,2026,160,102,60,1.5686274509803921,0.0069419566858785016,1.1107130697405603,0.010889343820985888,0.53125,0.023755688431134077,-0.11000000000000008,-0.15529914529914535,-0.40211874850045315,4,5,16.666666666666668,832,0.8938547486033519,0,128,11
pf_min_3,prior_flush,pessimistic,pooled,1065,1046,413,1.0181644359464628,-0.01721292295478673,-18.331762946847867,-0.017525585991250352,0.4394366197183099,-0.028057203110583788,-0.13273081443152518,-0.5970843247397813,-0.6132298596115643,10,50,14.243785850860421,5858,0.841106719367589,1,915,50
pf_min_3,prior_flush,pessimistic,original_dev,372,533,174,0.6979362101313321,-0.01677925947049713,-6.2418845230249325,-0.011710852763649028,0.45161290322580644,-0.017025744094248056,-0.12200267580231043,-0.48572345320256693,-0.48572345320256693,6,26,11.461538461538462,2218,0.8012958963282938,1,329,9
pf_min_3,prior_flush,pessimistic,later_development,693,513,239,1.3508771929824561,-0.017445712011288507,-12.089878423822935,-0.023567014471389737,0.4329004329004329,-0.0320626591794777,-0.135159038457166,-0.5970843247397813,-0.6132298596115643,4,25,17.13450292397661,3640,0.8640897755610972,0,586,41
pf_min_3,prior_flush,pessimistic,2021,221,233,95,0.9484978540772532,-0.018218440508286783,-4.026275352331379,-0.017280151726744113,0.43891402714932126,-0.01874985017379848,-0.11000000000000008,-0.40555555555555556,-0.4399999999999998,0,11,15.017167381974248,1421,0.8058608058608059,1,198,8
pf_min_3,prior_flush,pessimistic,2022,117,251,63,0.46613545816733065,-0.008736799227093148,-1.0222055095698983,-0.004072531910637044,0.48717948717948717,-0.0039939939939939075,-0.13300761718004503,-0.48572345320256693,-0.48572345320256693,6,12,8.203187250996017,622,0.7905405405405406,0,101,1
pf_min_3,prior_flush,pessimistic,2023,206,250,84,0.824,-0.026662790271685364,-5.492534795967185,-0.02197013918386874,0.4029126213592233,-0.05826601274774528,-0.15780635161637244,-0.31048890560361053,-0.36920219522282915,0,12,9.804,970,0.8373983739837398,0,176,1
pf_min_3,prior_flush,pessimistic,2025,361,210,111,1.7190476190476192,-0.01035820620249194,-3.73931243909959,-0.017806249709998036,0.46814404432132967,-0.017123775601068696,-0.13678421494542414,-0.2334928702527178,-0.46782993614887036,4,10,22.63809523809524,2013,0.8615751789976134,0,312,29
pf_min_3,prior_flush,pessimistic,2026,160,102,60,1.5686274509803921,-0.025321467811748856,-4.051434849879817,-0.03971994950862565,0.3875,-0.04590652965099606,-0.11268389928809686,-0.5970843247397813,-0.6132298596115643,0,5,20.941176470588236,832,0.8938547486033519,0,128,11
gain_1.0,gain,legacy,pooled,1265,1046,459,1.2093690248565965,0.0065596689846290565,8.297981265555757,0.007933060483322906,0.5557312252964427,0.04199460038169712,-0.12230515915998291,-0.48572345320256693,-0.6634859506489802,31,50,14.31453154875717,6779,1.0,0,1072,62
gain_1.0,gain,legacy,original_dev,463,533,200,0.8686679174484052,0.004916311282168907,2.2762521236442037,0.004270641883009768,0.5615550755939525,0.02762029746281703,-0.11566563577774694,-0.48572345320256693,-0.5922222222222226,16,26,12.157598499061914,2663,1.0,0,405,13
gain_1.0,gain,legacy,later_development,802,513,259,1.5633528265107213,0.007508390451261287,6.021729141911552,0.011738263434525446,0.5523690773067331,0.06833826679180789,-0.12346400952283346,-0.307979797979798,-0.6634859506489802,15,25,16.555555555555557,4116,1.0,0,667,49
gain_1.0,gain,legacy,2021,273,233,108,1.1716738197424892,0.0031417854381917683,0.8577074246263527,0.0036811477451774823,0.5531135531135531,0.025989591005057162,-0.11000000000000008,-0.40555555555555556,-0.5922222222222226,6,11,16.390557939914164,1698,1.0,0,243,10
gain_1.0,gain,legacy,2022,148,251,73,0.5896414342629482,0.00773009915264002,1.144054674590723,0.004557986751357464,0.5675675675675675,0.027699274177910967,-0.11000000000000008,-0.48572345320256693,-0.3846123420914558,9,12,8.56175298804781,762,1.0,0,128,3
gain_1.0,gain,legacy,2023,246,250,90,0.984,0.005320987733209639,1.3089629823695712,0.00523585192947829,0.556910569105691,0.0849317738791422,-0.15617003367003363,-0.31048890560361053,-0.6634859506489802,6,12,9.36,1101,1.0,0,200,1
gain_1.0,gain,legacy,2025,419,210,124,1.9952380952380953,0.00866061081546813,3.6287959316811467,0.01727998062705308,0.5608591885441527,0.10111111111111094,-0.13006506754893865,-0.2334928702527178,-0.44,7,10,22.71904761904762,2296,1.0,0,360,36
gain_1.0,gain,legacy,2026,179,102,64,1.7549019607843137,0.007589163420603145,1.358460252287963,0.01331823776752905,0.5363128491620112,0.030970968247293403,-0.11024450634478497,-0.15529914529914535,-0.36583604947783327,3,5,18.568627450980394,922,1.0,0,141,12
gain_1.25,gain,legacy,pooled,964,1046,357,0.9216061185468452,0.01004478335796425,9.683171157077537,0.00925733380217738,0.5736514522821576,0.10111111111111094,-0.13358547091094908,-0.48572345320256693,-0.6634859506489802,36,50,9.916826003824092,4842,0.7620553359683795,0,800,62
gain_1.25,gain,legacy,original_dev,347,533,148,0.651031894934334,0.007544337729377848,2.6178851920941133,0.004911604487981454,0.5763688760806917,0.04900742477530296,-0.13256831380818565,-0.48572345320256693,-0.5922222222222226,17,26,8.46904315196998,1851,0.7494600431965442,0,296,13
gain_1.25,gain,legacy,later_development,617,513,209,1.202729044834308,0.011451030737412356,7.065285964983423,0.013772487261176265,0.5721231766612642,0.10111111111111094,-0.13296958440439227,-0.307979797979798,-0.6634859506489802,19,25,11.421052631578947,2991,0.7693266832917706,0,504,49
gain_1.25,gain,legacy,2021,215,233,85,0.9227467811158798,0.0036737567109096773,0.7898576928455806,0.0033899471795947704,0.5627906976744186,0.04031446540880502,-0.11690574533602288,-0.40555555555555556,-0.5922222222222226,6,11,12.008583690987125,1251,0.7875457875457875,0,188,10
gain_1.25,gain,legacy,2022,102,251,51,0.4063745019920319,0.015874744121545277,1.619223900397618,0.006451091236643897,0.5980392156862745,0.10111111111111094,-0.12502446137924542,-0.48572345320256693,-0.3846123420914558,10,12,5.569721115537849,452,0.6891891891891891,0,86,3
gain_1.25,gain,legacy,2023,191,250,69,0.764,0.00977523815741915,1.8670704880670574,0.007468281952268233,0.5759162303664922,0.10111111111111094,-0.1599006458022852,-0.31048890560361053,-0.6634859506489802,8,12,6.304,798,0.7764227642276422,0,151,1
gain_1.25,gain,legacy,2025,330,210,104,1.5714285714285714,0.010433329345070025,3.442998683873108,0.01639523182796718,0.5696969696969697,0.10111111111111094,-0.13455587413632916,-0.2334928702527178,-0.4215073456033031,8,10,16.776190476190475,1742,0.7875894988066826,0,281,36
gain_1.25,gain,legacy,2026,126,102,48,1.2352941176470589,0.015587463427731535,1.9640203918941734,0.01925510188131542,0.5793650793650794,0.10111111111111094,-0.11183379758588675,-0.15529914529914535,-0.30100763738934216,4,5,10.568627450980392,599,0.7039106145251397,0,94,12
gain_1.5,gain,legacy,pooled,779,1046,295,0.7447418738049714,0.010678009663532296,8.318169527891659,0.007952360925326637,0.5776636713735558,0.10111111111111094,-0.13525644831289724,-0.48572345320256693,-0.5534859506489802,35,50,7.648183556405353,3703,0.6150197628458498,1,640,62
gain_1.5,gain,legacy,original_dev,271,533,119,0.5084427767354597,0.003985981144085381,1.0802008900471383,0.002026643320913957,0.5608856088560885,0.05967106967106962,-0.1518935373863078,-0.48572345320256693,-0.48222222222222266,15,26,6.3958724202626644,1310,0.5831533477321814,1,229,13
gain_1.5,gain,legacy,later_development,508,513,176,0.9902534113060428,0.014247969759536459,7.237968637844522,0.01410910065856632,0.5866141732283464,0.10111111111111094,-0.13339596737047005,-0.307979797979798,-0.5534859506489802,20,25,8.949317738791423,2393,0.6334164588528678,0,411,49
gain_1.5,gain,legacy,2021,175,233,73,0.7510729613733905,0.0035496644726583466,0.6211912827152106,0.0026660570073614204,0.56,0.04546723193781999,-0.11690574533602288,-0.40555555555555556,-0.48222222222222266,7,11,9.399141630901287,935,0.6373626373626373,1,150,10
gain_1.5,gain,legacy,2022,70,251,36,0.2788844621513944,0.005760418061356658,0.4032292642949661,0.0016064910928086306,0.5571428571428572,0.06678224053095307,-0.15642264860774496,-0.48572345320256693,-0.3846123420914558,7,12,3.760956175298805,265,0.47297297297297297,0,60,3
gain_1.5,gain,legacy,2023,154,250,57,0.616,0.01331492223922325,2.0504980248403806,0.008201992099361524,0.5974025974025974,0.10111111111111094,-0.16714802544920437,-0.31048890560361053,-0.5534859506489802,7,12,4.732,608,0.6260162601626016,0,121,1
gain_1.5,gain,legacy,2025,274,210,89,1.3047619047619048,0.010737315465524977,2.942024437553844,0.014009640178827835,0.5693430656934306,0.10111111111111094,-0.13577628542720532,-0.2334928702527178,-0.4126184567144142,9,10,13.823809523809524,1423,0.6539379474940334,0,232,36
gain_1.5,gain,legacy,2026,106,102,40,1.0392156862745099,0.021709684136672257,2.301226518487259,0.022561044298894696,0.6132075471698113,0.10111111111111094,-0.11000000000000008,-0.1504497787476511,-0.30100763738934216,5,5,7.647058823529412,472,0.5921787709497207,0,77,12
gain_2.0,gain,legacy,pooled,497,1046,201,0.4751434034416826,0.005091411724071469,2.5304316268635203,0.0024191506948982064,0.5573440643863179,0.10111111111111094,-0.15063231247838926,-0.40555555555555556,-0.6844444444444447,25,50,4.483747609942639,2200,0.39288537549407115,0,410,57
gain_2.0,gain,legacy,original_dev,149,533,70,0.2795497185741088,-0.011192822255153731,-1.667730516017906,-0.0031289503114782457,0.5100671140939598,0.007943409247756836,-0.20478114638103878,-0.40555555555555556,-0.6844444444444447,10,26,3.279549718574109,620,0.32181425485961124,0,125,8
gain_2.0,gain,legacy,later_development,348,513,131,0.6783625730994152,0.012063684318624791,4.1981621428814275,0.00818355193544138,0.5775862068965517,0.10111111111111094,-0.13624148366638322,-0.307979797979798,-0.5445970617600913,15,25,5.734892787524366,1580,0.4339152119700748,0,285,49
gain_2.0,gain,legacy,2021,99,233,46,0.4248927038626609,-0.014388051419115536,-1.424417090492438,-0.006113378070782994,0.494949494949495,-0.013651538862806558,-0.16056173846171143,-0.40555555555555556,-0.6844444444444447,5,11,4.965665236051502,441,0.3626373626373626,0,84,8
gain_2.0,gain,legacy,2022,32,251,16,0.12749003984063745,0.002736653065757404,0.08757289810423693,0.0003488960083834141,0.5625,0.10111111111111094,-0.16153099951773525,-0.2944364937388194,-0.2021104335577794,4,12,1.4900398406374502,107,0.21621621621621623,0,27,0
gain_2.0,gain,legacy,2023,104,250,40,0.416,0.005357722203962931,0.5572031092121449,0.002228812436848582,0.5865384615384616,0.10111111111111094,-0.2094151067258116,-0.31048890560361053,-0.5445970617600913,6,12,2.964,388,0.42276422764227645,0,81,1
gain_2.0,gain,legacy,2025,188,210,70,0.8952380952380953,0.007675493491912891,1.4429927764796235,0.006871394173712497,0.5425531914893617,0.10111111111111094,-0.13624148366638322,-0.18979797979797974,-0.3299999999999999,7,10,8.785714285714286,946,0.4486873508353222,0,158,36
gain_2.0,gain,legacy,2026,74,102,29,0.7254901960784313,0.025230809912972343,1.8670799335599535,0.018304705230979934,0.6351351351351351,0.10111111111111094,-0.11956231954347146,-0.1504497787476511,-0.40211874850045315,3,5,5.617647058823529,318,0.4134078212290503,0,60,12
gain_3.0,gain,legacy,pooled,242,1046,93,0.23135755258126195,0.013029714750211452,3.1531909695511713,0.003014522915440891,0.5991735537190083,0.10111111111111094,-0.15385972927727454,-0.40555555555555556,-0.7855555555555559,19,50,1.8260038240917782,955,0.19130434782608696,0,194,35
gain_3.0,gain,legacy,original_dev,52,533,20,0.0975609756097561,-0.01825972239464467,-0.9495055645215229,-0.001781436331184846,0.5384615384615384,0.10111111111111094,-0.3372688980819858,-0.40555555555555556,-0.7855555555555559,6,26,0.726078799249531,172,0.11231101511879049,0,40,2
gain_3.0,gain,legacy,later_development,190,513,73,0.37037037037037035,0.02159313965301418,4.102696534072694,0.007997459130745994,0.6157894736842106,0.10111111111111094,-0.13540873757482202,-0.3068192839823136,-0.43459706176009133,14,25,2.9688109161793372,783,0.23690773067331672,0,154,33
gain_3.0,gain,legacy,2021,35,233,13,0.15021459227467812,-0.023173901313028305,-0.8110865459559906,-0.003481058137150173,0.5142857142857142,0.10111111111111094,-0.38066666666666665,-0.40555555555555556,-0.7855555555555559,3,11,1.2145922746781115,122,0.1282051282051282,0,28,2
gain_3.0,gain,legacy,2022,10,251,3,0.0398406374501992,-0.01098882113355572,-0.10988821133555719,-0.00043780163878708034,0.6,0.10111111111111094,-0.23380226215780944,-0.2944364937388194,-0.2021104335577794,1,12,0.2868525896414343,25,0.06756756756756757,0,7,0
gain_3.0,gain,legacy,2023,49,250,19,0.196,0.018955003397744894,0.9287951664894998,0.0037151806659579995,0.6326530612244898,0.10111111111111094,-0.19067138230625963,-0.31048890560361053,-0.43459706176009133,6,12,1.148,180,0.1991869918699187,0,37,1
gain_3.0,gain,legacy,2025,103,210,41,0.49047619047619045,0.019105186375535398,1.9678341966801458,0.009370639031810214,0.5922330097087378,0.10111111111111094,-0.13647855330751257,-0.17902738432483478,-0.21999999999999995,6,10,4.7,456,0.2458233890214797,0,85,25
gain_3.0,gain,legacy,2026,45,102,17,0.4411764705882353,0.02616747474829054,1.1775363636730742,0.011544474153657591,0.6444444444444445,0.10111111111111094,-0.11000000000000006,-0.1455311355311356,-0.14166896975280205,3,5,2.7549019607843137,172,0.25139664804469275,0,37,7
thrust_0.0,thrust,legacy,pooled,1275,1046,459,1.2189292543021033,0.006433187068526844,8.202313512371726,0.007841599916225362,0.5568627450980392,0.041612010516120186,-0.12244344403418331,-0.48572345320256693,-0.7734859506489802,32,50,14.38718929254302,7193,0.9968379446640316,14,1068,62
thrust_0.0,thrust,legacy,original_dev,464,533,200,0.8705440900562852,0.00488829217189882,2.2681675677610524,0.004255473860714926,0.5668103448275862,0.027238662299654666,-0.11546934687152592,-0.48572345320256693,-0.5922222222222226,17,26,12.21388367729831,2823,0.9913606911447084,5,401,13
thrust_0.0,thrust,legacy,later_development,811,513,259,1.5808966861598441,0.00731707268139417,5.934145944610672,0.011567535954406771,0.5511713933415536,0.06792409693644232,-0.12504299382563688,-0.307979797979798,-0.7734859506489802,15,25,16.64522417153996,4370,1.0,9,667,49
thrust_0.0,thrust,legacy,2021,273,233,108,1.1716738197424892,0.0035185797535126754,0.9605722727089604,0.004122627779866785,0.5604395604395604,0.025989591005057162,-0.11000000000000008,-0.40555555555555556,-0.5922222222222226,7,11,16.386266094420602,1794,0.9853479853479854,4,239,10
thrust_0.0,thrust,legacy,2022,149,251,73,0.5936254980079682,0.006933592420301773,1.0331052706249642,0.004115957253485917,0.5704697986577181,0.02762029746281703,-0.11000000000000008,-0.48572345320256693,-0.3846123420914558,9,12,8.685258964143426,823,1.0,1,128,3
thrust_0.0,thrust,legacy,2023,250,250,90,1.0,0.004994027426627499,1.2485068566568747,0.004994027426627502,0.556,0.0849317738791422,-0.15661266397812085,-0.31048890560361053,-0.7734859506489802,6,12,9.408,1128,1.0,4,200,1
thrust_0.0,thrust,legacy,2025,422,210,124,2.0095238095238095,0.00834054255327703,3.519708957482907,0.016760518845156704,0.5592417061611374,0.09483077027531651,-0.12950575419252927,-0.2334928702527178,-0.44,7,10,22.84285714285714,2443,1.0,3,360,36
thrust_0.0,thrust,legacy,2026,181,102,64,1.7745098039215685,0.007958122402751492,1.44042015489802,0.014121766224490392,0.5359116022099447,0.030970968247293403,-0.11000000000000008,-0.15529914529914535,-0.36238784697648824,3,5,18.647058823529413,1005,1.0,2,141,12
thrust_0.03,thrust,legacy,pooled,1265,1046,459,1.2093690248565965,0.0065596689846290565,8.297981265555757,0.007933060483322906,0.5557312252964427,0.04199460038169712,-0.12230515915998291,-0.48572345320256693,-0.6634859506489802,31,50,14.31453154875717,6779,1.0,0,1072,62
thrust_0.03,thrust,legacy,original_dev,463,533,200,0.8686679174484052,0.004916311282168907,2.2762521236442037,0.004270641883009768,0.5615550755939525,0.02762029746281703,-0.11566563577774694,-0.48572345320256693,-0.5922222222222226,16,26,12.157598499061914,2663,1.0,0,405,13
thrust_0.03,thrust,legacy,later_development,802,513,259,1.5633528265107213,0.007508390451261287,6.021729141911552,0.011738263434525446,0.5523690773067331,0.06833826679180789,-0.12346400952283346,-0.307979797979798,-0.6634859506489802,15,25,16.555555555555557,4116,1.0,0,667,49
thrust_0.03,thrust,legacy,2021,273,233,108,1.1716738197424892,0.0031417854381917683,0.8577074246263527,0.0036811477451774823,0.5531135531135531,0.025989591005057162,-0.11000000000000008,-0.40555555555555556,-0.5922222222222226,6,11,16.390557939914164,1698,1.0,0,243,10
thrust_0.03,thrust,legacy,2022,148,251,73,0.5896414342629482,0.00773009915264002,1.144054674590723,0.004557986751357464,0.5675675675675675,0.027699274177910967,-0.11000000000000008,-0.48572345320256693,-0.3846123420914558,9,12,8.56175298804781,762,1.0,0,128,3
thrust_0.03,thrust,legacy,2023,246,250,90,0.984,0.005320987733209639,1.3089629823695712,0.00523585192947829,0.556910569105691,0.0849317738791422,-0.15617003367003363,-0.31048890560361053,-0.6634859506489802,6,12,9.36,1101,1.0,0,200,1
thrust_0.03,thrust,legacy,2025,419,210,124,1.9952380952380953,0.00866061081546813,3.6287959316811467,0.01727998062705308,0.5608591885441527,0.10111111111111094,-0.13006506754893865,-0.2334928702527178,-0.44,7,10,22.71904761904762,2296,1.0,0,360,36
thrust_0.03,thrust,legacy,2026,179,102,64,1.7549019607843137,0.007589163420603145,1.358460252287963,0.01331823776752905,0.5363128491620112,0.030970968247293403,-0.11024450634478497,-0.15529914529914535,-0.36583604947783327,3,5,18.568627450980394,922,1.0,0,141,12
thrust_0.05,thrust,legacy,pooled,1249,1046,457,1.194072657743786,0.006760578425093772,8.443962452942122,0.008072621847937021,0.55484387510008,0.04649428230073394,-0.12294471857355631,-0.48572345320256693,-0.6634859506489802,32,50,13.992351816443595,6349,0.9857707509881423,2,1055,61
thrust_0.05,thrust,legacy,original_dev,457,533,198,0.8574108818011257,0.004870066488417612,2.225620385206849,0.004175648002264261,0.5579868708971554,0.027778250893004904,-0.11644000351431504,-0.48572345320256693,-0.5922222222222226,17,26,11.806754221388367,2520,0.9848812095032398,1,398,12
thrust_0.05,thrust,legacy,later_development,792,513,259,1.543859649122807,0.007851442004716252,6.218342067735271,0.012121524498509305,0.553030303030303,0.08443908362463716,-0.12488621217356963,-0.307979797979798,-0.6634859506489802,15,25,16.263157894736842,3829,0.986284289276808,1,657,49
thrust_0.05,thrust,legacy,2021,268,233,106,1.150214592274678,0.003283482774741847,0.879973383630815,0.003776709800990628,0.5485074626865671,0.03098076879376866,-0.11000000000000008,-0.40555555555555556,-0.5922222222222226,7,11,15.746781115879829,1603,0.9816849816849816,0,238,9
thrust_0.05,thrust,legacy,2022,147,251,73,0.5856573705179283,0.007286782157475545,1.0711569771489051,0.004267557677884086,0.564625850340136,0.02762029746281703,-0.11000000000000008,-0.48572345320256693,-0.3846123420914558,9,12,8.414342629482071,719,0.9864864864864865,1,126,3
thrust_0.05,thrust,legacy,2023,243,250,90,0.972,0.00532585849307126,1.2941836138163163,0.00517673445526527,0.5555555555555556,0.10111111111111094,-0.1583670033670033,-0.31048890560361053,-0.6634859506489802,6,12,9.14,1055,0.9878048780487805,0,197,1
thrust_0.05,thrust,legacy,2025,413,210,124,1.9666666666666666,0.009337037121644567,3.8561963312392065,0.018362839672567653,0.5641646489104116,0.10111111111111094,-0.1312859112213952,-0.2334928702527178,-0.44,7,10,22.409523809523808,2139,0.9832935560859188,1,354,36
thrust_0.05,thrust,legacy,2026,178,102,64,1.7450980392156863,0.007541865994982462,1.3424521471068782,0.01316129555987136,0.5337078651685393,0.046649006136225364,-0.11036675951717742,-0.15529914529914535,-0.36583604947783327,3,5,18.274509803921568,833,0.994413407821229,0,140,12
thrust_0.1,thrust,legacy,pooled,1174,1046,446,1.1223709369024857,0.005637317842638127,6.618211147257161,0.006327161708658856,0.555366269165247,0.05152784648120668,-0.12840363937138136,-0.48572345320256693,-0.6634859506489802,34,50,12.768642447418738,5150,0.9011857707509882,34,954,55
thrust_0.1,thrust,legacy,original_dev,427,533,191,0.801125703564728,0.004917668845079154,2.099844596848799,0.003939670913412383,0.5667447306791569,0.03918612880396322,-0.11968654350101968,-0.48572345320256693,-0.5922222222222226,18,26,10.72983114446529,1977,0.8812095032397408,19,350,11
thrust_0.1,thrust,legacy,later_development,747,513,255,1.456140350877193,0.00604868346774881,4.518366550408361,0.008807732067072836,0.5488621151271754,0.08855042943952209,-0.1334433432555898,-0.32129476584022043,-0.6634859506489802,16,25,14.886939571150098,3173,0.912718204488778,15,604,44
thrust_0.1,thrust,legacy,2021,253,233,104,1.0858369098712446,0.0059064167033410254,1.4943234259452793,0.006413405261567725,0.5731225296442688,0.0431533592618012,-0.11000000000000008,-0.40555555555555556,-0.5922222222222226,7,11,14.399141630901287,1235,0.8827838827838828,12,211,8
thrust_0.1,thrust,legacy,2022,135,251,68,0.5378486055776892,0.0034504148592558364,0.4658060059995379,0.0018558008207152923,0.5481481481481482,0.020396702730551393,-0.11312702623047458,-0.48572345320256693,-0.3846123420914558,10,12,7.673306772908367,579,0.8783783783783784,5,110,3
thrust_0.1,thrust,legacy,2023,230,250,87,0.92,0.005007196917126911,1.1516552909391895,0.004606621163756762,0.5608695652173913,0.10111111111111094,-0.15990754539934873,-0.31048890560361053,-0.6634859506489802,6,12,8.288,916,0.9186991869918699,4,181,1
thrust_0.1,thrust,legacy,2025,386,210,123,1.838095238095238,0.00598100430602113,2.308667662124156,0.010993655533924559,0.5544041450777202,0.07546191162074369,-0.1363965497461092,-0.32129476584022043,-0.4399999999999999,7,10,20.295238095238094,1762,0.9021479713603818,8,324,32
thrust_0.1,thrust,legacy,2026,170,102,64,1.6666666666666667,0.007045639777935279,1.1977587622489974,0.011742732963225469,0.5294117647058824,0.07412591737309727,-0.11000000000000008,-0.15529914529914535,-0.36583604947783327,4,5,17.068627450980394,658,0.9217877094972067,5,128,11
thrust_0.2,thrust,legacy,pooled,850,1046,378,0.8126195028680688,0.01085182170541715,9.224048449604577,0.008818401959469003,0.5905882352941176,0.10111111111111094,-0.1418073809091773,-0.40555555555555556,-0.6751972542807576,30,50,7.4311663479923515,2860,0.6276679841897234,56,630,25
thrust_0.2,thrust,legacy,original_dev,295,533,156,0.5534709193245778,0.008623544054230456,2.5439454959979844,0.004772880855530928,0.6,0.10111111111111094,-0.14238694772802782,-0.40555555555555556,-0.6751972542807576,15,26,5.9080675422138835,1013,0.593952483801296,20,223,3
thrust_0.2,thrust,legacy,later_development,555,513,222,1.0818713450292399,0.012036221538029893,6.680102953606591,0.013021643184418312,0.5855855855855856,0.10111111111111094,-0.1415827220018837,-0.307979797979798,-0.6634859506489802,16,25,9.01364522417154,1847,0.6471321695760599,36,407,22
thrust_0.2,thrust,legacy,2021,168,233,84,0.721030042918455,0.008479525202958513,1.42456023409703,0.006113992421017297,0.6011904761904762,0.10111111111111094,-0.13746307178550307,-0.40555555555555556,-0.6751972542807576,5,11,7.4034334763948495,594,0.5714285714285714,12,128,3
thrust_0.2,thrust,legacy,2022,93,251,54,0.3705179282868526,0.010265007663426542,0.9546457126986685,0.003803369373301469,0.6021505376344086,0.10111111111111094,-0.1141693683072994,-0.2944364937388194,-0.22888888888888864,8,12,4.179282868525896,307,0.5945945945945946,5,72,0
thrust_0.2,thrust,legacy,2023,186,250,78,0.744,0.005970223599669687,1.1104615895385619,0.00444184635815425,0.5698924731182796,0.10111111111111094,-0.18581534412218514,-0.31048890560361053,-0.6634859506489802,7,12,5.288,627,0.7276422764227642,7,137,0
thrust_0.2,thrust,legacy,2025,284,210,113,1.3523809523809525,0.013575272178757465,3.8553772987671198,0.01835893951793867,0.602112676056338,0.10111111111111094,-0.13901316994819468,-0.2209144542772863,-0.3299999999999999,6,10,12.885714285714286,957,0.6181384248210023,25,211,19
thrust_0.2,thrust,legacy,2026,119,102,49,1.1666666666666667,0.015789946340363,1.8790036145031972,0.018421604063756834,0.5714285714285714,0.10111111111111094,-0.11227800808639139,-0.15529914529914535,-0.30100763738934216,4,5,9.519607843137255,375,0.6256983240223464,7,82,3
freshness_-0.03,freshness,legacy,pooled,1355,1046,471,1.2954110898661568,0.009755403296111933,13.21857146623167,0.012637257615900257,0.5734317343173432,0.05070022788481455,-0.11247210793658882,-0.47063776781265576,-0.8923748395378692,36,50,15.359464627151052,10395,0.8260869565217391,310,855,72
freshness_-0.03,freshness,legacy,original_dev,496,533,204,0.9305816135084428,0.0070846135563258795,3.513968323937636,0.006592811114329527,0.5786290322580645,0.02859023031955355,-0.11033945305029648,-0.47063776781265576,-0.49111111111111144,16,26,13.305816135084427,4346,0.7883369330453563,131,307,13
freshness_-0.03,freshness,legacy,later_development,859,513,267,1.6744639376218324,0.011297558954940662,9.70460314229403,0.018917355053204743,0.570430733410943,0.10111111111111094,-0.12101947557403574,-0.307979797979798,-0.8923748395378692,20,25,17.49317738791423,6049,0.8478802992518704,179,548,59
freshness_-0.03,freshness,legacy,2021,289,233,110,1.240343347639485,0.00769295486755535,2.223263956723496,0.009541905393663078,0.5882352941176471,0.030421566737356194,-0.11000000000000008,-0.40555555555555556,-0.49111111111111144,6,11,17.369098712446352,2787,0.7619047619047619,81,178,10
freshness_-0.03,freshness,legacy,2022,164,251,74,0.6533864541832669,0.005838794731190457,0.9575623359152349,0.003814989386116476,0.5609756097560976,0.020420736987614936,-0.11000000000000008,-0.47063776781265576,-0.3695266567015446,9,12,10.183266932270916,1277,0.8040540540540541,45,99,3
freshness_-0.03,freshness,legacy,2023,266,250,95,1.064,0.005206171956379285,1.3848417403968898,0.005539366961587563,0.556390977443609,0.06638154556863997,-0.14266622922134733,-0.31048890560361053,-0.8923748395378692,7,12,10.22,1583,0.8983739837398373,45,175,2
freshness_-0.03,freshness,legacy,2025,444,210,127,2.1142857142857143,0.014910984228982068,6.620476997668038,0.03152608094127638,0.5900900900900901,0.10111111111111094,-0.12124506316474536,-0.2334928702527178,-0.44,9,10,23.36190476190476,3377,0.8281622911694511,97,289,44
freshness_-0.03,freshness,legacy,2026,192,102,65,1.8823529411764706,0.010585554351708373,2.0324264355280075,0.019925749367921648,0.546875,0.050080426423464226,-0.11000000000000008,-0.15529914529914535,-0.39198603980843855,5,5,19.627450980392158,1371,0.8379888268156425,42,114,13
freshness_-0.02,freshness,legacy,pooled,1306,1046,466,1.248565965583174,0.007390258076253525,9.651677047587103,0.009227224710886335,0.5650842266462481,0.044648501773419065,-0.12080361368808516,-0.48572345320256693,-0.6723748395378693,31,50,15.006692160611856,8542,0.9043478260869565,162,951,64
freshness_-0.02,freshness,legacy,original_dev,474,533,200,0.8893058161350844,0.00555320769902451,2.632220449337618,0.004938499904948628,0.5738396624472574,0.027983271936364747,-0.11162893034378975,-0.48572345320256693,-0.5922222222222224,16,26,12.76360225140713,3490,0.8812095032397408,66,350,14
freshness_-0.02,freshness,legacy,later_development,832,513,266,1.6218323586744638,0.008436846872896015,7.019456598249485,0.013683151263644227,0.5600961538461539,0.08245922108948857,-0.12282955491526087,-0.307979797979798,-0.6723748395378693,15,25,17.337231968810915,5052,0.9177057356608479,96,601,50
freshness_-0.02,freshness,legacy,2021,281,233,109,1.206008583690987,0.0029438191874546268,0.8272131916747502,0.003550271208904508,0.5658362989323843,0.02475783475783478,-0.11000000000000008,-0.40555555555555556,-0.5922222222222224,5,11,17.253218884120173,2256,0.8571428571428571,47,204,11
freshness_-0.02,freshness,legacy,2022,151,251,72,0.601593625498008,0.008549710136585368,1.2910062306243906,0.005143451118025463,0.5761589403973509,0.02978978978978964,-0.11000000000000008,-0.48572345320256693,-0.3846123420914558,10,12,9.0,1001,0.8986486486486487,18,113,3
freshness_-0.02,freshness,legacy,2023,253,250,92,1.012,0.005770393315832897,1.4599095089057228,0.0058396380356228956,0.5691699604743083,0.06882953243777991,-0.151043771043771,-0.31048890560361053,-0.6723748395378693,6,12,9.848,1333,0.9471544715447154,20,187,1
freshness_-0.02,freshness,legacy,2025,431,210,128,2.052380952380952,0.010931748770003186,4.711583719871373,0.02243611295176845,0.5754060324825986,0.10111111111111094,-0.12527178623368246,-0.2334928702527178,-0.44,7,10,23.547619047619047,2818,0.9021479713603818,53,319,37
freshness_-0.02,freshness,legacy,2026,190,102,65,1.8627450980392157,0.007168233665846674,1.361964396510868,0.013352592122655568,0.5263157894736842,0.02887080218441041,-0.11000000000000008,-0.15529914529914535,-0.30100763738934216,3,5,19.715686274509803,1134,0.9273743016759777,24,128,12
freshness_-0.01,freshness,legacy,pooled,1265,1046,459,1.2093690248565965,0.0065596689846290565,8.297981265555757,0.007933060483322906,0.5557312252964427,0.04199460038169712,-0.12230515915998291,-0.48572345320256693,-0.6634859506489802,31,50,14.31453154875717,6779,1.0,0,1072,62
freshness_-0.01,freshness,legacy,original_dev,463,533,200,0.8686679174484052,0.004916311282168907,2.2762521236442037,0.004270641883009768,0.5615550755939525,0.02762029746281703,-0.11566563577774694,-0.48572345320256693,-0.5922222222222226,16,26,12.157598499061914,2663,1.0,0,405,13
freshness_-0.01,freshness,legacy,later_development,802,513,259,1.5633528265107213,0.007508390451261287,6.021729141911552,0.011738263434525446,0.5523690773067331,0.06833826679180789,-0.12346400952283346,-0.307979797979798,-0.6634859506489802,15,25,16.555555555555557,4116,1.0,0,667,49
freshness_-0.01,freshness,legacy,2021,273,233,108,1.1716738197424892,0.0031417854381917683,0.8577074246263527,0.0036811477451774823,0.5531135531135531,0.025989591005057162,-0.11000000000000008,-0.40555555555555556,-0.5922222222222226,6,11,16.390557939914164,1698,1.0,0,243,10
freshness_-0.01,freshness,legacy,2022,148,251,73,0.5896414342629482,0.00773009915264002,1.144054674590723,0.004557986751357464,0.5675675675675675,0.027699274177910967,-0.11000000000000008,-0.48572345320256693,-0.3846123420914558,9,12,8.56175298804781,762,1.0,0,128,3
freshness_-0.01,freshness,legacy,2023,246,250,90,0.984,0.005320987733209639,1.3089629823695712,0.00523585192947829,0.556910569105691,0.0849317738791422,-0.15617003367003363,-0.31048890560361053,-0.6634859506489802,6,12,9.36,1101,1.0,0,200,1
freshness_-0.01,freshness,legacy,2025,419,210,124,1.9952380952380953,0.00866061081546813,3.6287959316811467,0.01727998062705308,0.5608591885441527,0.10111111111111094,-0.13006506754893865,-0.2334928702527178,-0.44,7,10,22.71904761904762,2296,1.0,0,360,36
freshness_-0.01,freshness,legacy,2026,179,102,64,1.7549019607843137,0.007589163420603145,1.358460252287963,0.01331823776752905,0.5363128491620112,0.030970968247293403,-0.11024450634478497,-0.15529914529914535,-0.36583604947783327,3,5,18.568627450980394,922,1.0,0,141,12
freshness_-0.005,freshness,legacy,pooled,1243,1046,456,1.188336520076482,0.005922668762025266,7.361877271197405,0.0070381235862307925,0.5518905872888173,0.04092592592592582,-0.12317504589014719,-0.48572345320256693,-0.6634859506489802,30,50,14.106118546845124,5970,0.958102766798419,31,1022,61
freshness_-0.005,freshness,legacy,original_dev,458,533,197,0.8592870544090057,0.00421227017604648,1.929219740629288,0.003619549231949888,0.5567685589519651,0.02572529195642926,-0.11634455603328352,-0.48572345320256693,-0.5922222222222226,16,26,12.127579737335834,2292,0.9568034557235421,15,386,13
freshness_-0.005,freshness,legacy,later_development,785,513,259,1.530214424951267,0.0069205828414880466,5.432657530568116,0.010589975693115244,0.5490445859872611,0.06792409693644232,-0.1259836837380403,-0.307979797979798,-0.6634859506489802,14,25,16.16179337231969,3678,0.9588528678304239,16,636,48
freshness_-0.005,freshness,legacy,2021,270,233,105,1.1587982832618027,0.0021865863785750284,0.5903783222152577,0.002533812541696388,0.5444444444444444,0.019963800622218704,-0.11000000000000008,-0.40555555555555556,-0.5922222222222226,6,11,16.15021459227468,1438,0.9487179487179487,11,230,10
freshness_-0.005,freshness,legacy,2022,147,251,73,0.5856573705179283,0.005328760502431714,0.783327793857462,0.0031208278639739545,0.5578231292517006,0.020396702730551393,-0.11000000000000008,-0.48572345320256693,-0.3846123420914558,9,12,8.824701195219124,668,0.9797297297297297,2,125,3
freshness_-0.005,freshness,legacy,2023,241,250,90,0.964,0.007031481721082351,1.6945870947808466,0.006778348379123391,0.5684647302904564,0.10111111111111094,-0.15983164983164977,-0.31048890560361053,-0.6634859506489802,6,12,9.032,1007,0.9634146341463414,4,191,1
freshness_-0.005,freshness,legacy,2025,411,210,124,1.957142857142857,0.007259774806270033,2.9837674453769836,0.01420841640655707,0.5547445255474452,0.06741231192747633,-0.13169285911221407,-0.2334928702527178,-0.4399999999999999,6,10,22.257142857142856,2051,0.9594272076372315,9,343,36
freshness_-0.005,freshness,legacy,2026,174,102,64,1.7058823529411764,0.007527681695211816,1.309816614966856,0.012841339362420162,0.5287356321839081,0.04003483474302128,-0.1108557722067472,-0.15529914529914535,-0.36583604947783327,3,5,18.08823529411765,806,0.9441340782122905,5,133,11
freshness_0.0,freshness,legacy,pooled,1213,1046,453,1.1596558317399617,0.005659954504516911,6.865524813979013,0.006563599248545907,0.549876339653751,0.04199460038169712,-0.12613224304331738,-0.48572345320256693,-0.6634859506489802,30,50,13.663479923518164,5288,0.9312252964426877,35,990,60
freshness_0.0,freshness,legacy,original_dev,444,533,196,0.8330206378986866,0.003575517628131888,1.5875298268905582,0.002978479975404428,0.5518018018018018,0.023219600333506014,-0.11768082076772478,-0.48572345320256693,-0.5922222222222226,16,26,11.589118198874296,2015,0.9244060475161987,16,371,13
freshness_0.0,freshness,legacy,later_development,769,513,257,1.4990253411306043,0.006863452518970684,5.277994987088456,0.01028848925358374,0.5487646293888166,0.06875243664717347,-0.12843919593339556,-0.307979797979798,-0.6634859506489802,14,25,15.818713450292398,3273,0.9351620947630923,19,619,47
freshness_0.0,freshness,legacy,2021,263,233,105,1.128755364806867,0.0005776111694412509,0.151911737563049,0.0006519817062791821,0.532319391634981,0.011684737281067567,-0.11000000000000008,-0.40555555555555556,-0.5922222222222226,5,11,15.605150214592275,1258,0.9230769230769231,11,223,10
freshness_0.0,freshness,legacy,2022,143,251,73,0.5697211155378487,0.006049149830533009,0.8650284257662203,0.003446328389506855,0.5594405594405595,0.020320110852767755,-0.11000000000000008,-0.48572345320256693,-0.3846123420914558,10,12,8.51792828685259,583,0.9459459459459459,3,120,3
freshness_0.0,freshness,legacy,2023,234,250,88,0.936,0.007739596989918373,1.8110656956408993,0.007244262782563601,0.5726495726495726,0.10111111111111094,-0.15987994701109456,-0.31048890560361053,-0.6634859506489802,6,12,8.544,926,0.9308943089430894,5,183,1
freshness_0.0,freshness,legacy,2025,405,210,123,1.9285714285714286,0.007714658107903827,3.12443653370105,0.014878269208100243,0.5580246913580247,0.08855042943952209,-0.13291370278467063,-0.2334928702527178,-0.4399999999999999,6,10,21.771428571428572,1828,0.9403341288782816,11,337,36
freshness_0.0,freshness,legacy,2026,168,102,64,1.6470588235294117,0.005435014412546403,0.9130824213077956,0.008951788444194078,0.5178571428571429,0.024808601081175226,-0.11158929124110187,-0.15529914529914535,-0.36583604947783327,3,5,17.745098039215687,693,0.9106145251396648,5,127,10
rank_1,rank,legacy,pooled,1019,1046,433,0.9741873804971319,0.009334956859799425,9.512321040135614,0.009093997170301737,0.5682041216879293,0.059997891629770324,-0.12327415722660619,-0.48572345320256693,-0.6844444444444447,31,50,11.61567877629063,5354,0.8039525691699605,2,862,55
rank_1,rank,legacy,original_dev,388,533,189,0.7279549718574109,0.004158870520214927,1.6136417618433918,0.003027470472501676,0.5567010309278351,0.027699274177910967,-0.11856266474004974,-0.48572345320256693,-0.6844444444444447,14,26,10.142589118198874,2245,0.8358531317494601,1,337,11
rank_1,rank,legacy,later_development,631,513,244,1.230019493177388,0.012517716764329993,7.898679278292225,0.015397035630199268,0.5752773375594294,0.10111111111111094,-0.12504299382563688,-0.307979797979798,-0.4215073456033031,17,25,13.146198830409357,3109,0.7855361596009975,1,525,44
rank_1,rank,legacy,2021,219,233,101,0.9399141630901288,0.0012673484855515646,0.27754931833579266,0.0011911987911407448,0.54337899543379,0.011684737281067567,-0.11000000000000008,-0.40555555555555556,-0.6844444444444447,5,11,13.111587982832617,1405,0.7985347985347986,1,193,8
rank_1,rank,legacy,2022,134,251,71,0.5338645418326693,0.0070941991052878425,0.9506226801085709,0.003787341355014229,0.5671641791044776,0.027699274177910967,-0.11364819726888699,-0.48572345320256693,-0.3846123420914558,8,12,7.876494023904383,668,0.9054054054054054,0,117,3
rank_1,rank,legacy,2023,195,250,86,0.78,0.013785655209828732,2.6882027659166026,0.010752811063666413,0.5897435897435898,0.10111111111111094,-0.14957912457912456,-0.31048890560361053,-0.31048890560361053,8,12,7.816,885,0.7926829268292683,0,160,1
rank_1,rank,legacy,2025,319,210,115,1.519047619047619,0.013603780508244383,4.339605982129958,0.02066479039109504,0.5830721003134797,0.10111111111111094,-0.13387819412449395,-0.2334928702527178,-0.4215073456033031,8,10,17.21904761904762,1625,0.7589498806682577,1,272,31
rank_1,rank,legacy,2026,152,102,60,1.4901960784313726,0.008265396668715076,1.2563402936446915,0.012317061702398938,0.5460526315789473,0.04944753259186786,-0.11110027855153208,-0.15529914529914535,-0.36583604947783327,2,5,15.176470588235293,771,0.8491620111731844,0,120,12
rank_2,rank,legacy,pooled,1224,1046,459,1.1701720841300192,0.006446126752935422,7.890059145592957,0.00754307757704872,0.5547385620915033,0.04180330544890865,-0.1231366580040487,-0.48572345320256693,-0.5534859506489802,30,50,14.003824091778203,6573,0.9660079051383399,2,1040,62
rank_2,rank,legacy,original_dev,459,533,200,0.8611632270168855,0.004997886495472728,2.294029901421982,0.004303996062705411,0.5620915032679739,0.02762029746281703,-0.116249108552252,-0.48572345320256693,-0.48222222222222266,16,26,12.091932457786116,2619,0.9892008639308856,1,401,13
rank_2,rank,legacy,later_development,765,513,259,1.4912280701754386,0.007315070907413038,5.596029244170974,0.010908439072458042,0.550326797385621,0.06875243664717347,-0.1290486577957577,-0.307979797979798,-0.5534859506489802,14,25,15.990253411306043,3954,0.9526184538653366,1,639,49
rank_2,rank,legacy,2021,270,233,108,1.1587982832618027,0.0028351303792745574,0.7654852024041305,0.003285344216326743,0.5518518518518518,0.023818021488866255,-0.11000000000000008,-0.40555555555555556,-0.48222222222222266,6,11,16.248927038626608,1663,0.9853479853479854,1,239,10
rank_2,rank,legacy,2022,147,251,73,0.5856573705179283,0.00853098418088927,1.2540546745907228,0.004996233763309654,0.5714285714285714,0.027778250893004904,-0.11000000000000008,-0.48572345320256693,-0.3846123420914558,9,12,8.55378486055777,756,0.9932432432432432,0,128,3
rank_2,rank,legacy,2023,234,250,90,0.936,0.0073001305021527735,1.708230537503749,0.0068329221500149995,0.5683760683760684,0.10111111111111094,-0.15987994701109456,-0.31048890560361053,-0.5534859506489802,6,12,9.204,1063,0.9512195121951219,0,190,1
rank_2,rank,legacy,2025,397,210,124,1.8904761904761904,0.007826604060805353,3.107161812139725,0.014796008629236792,0.5541561712846348,0.10111111111111094,-0.13402878968267956,-0.2334928702527178,-0.44,7,10,21.542857142857144,2179,0.9451073985680191,1,342,36
rank_2,rank,legacy,2026,176,102,64,1.7254901960784315,0.0059950393122422145,1.0551269189546297,0.010344381558378725,0.5284090909090909,0.023755688431134077,-0.11061126586196231,-0.15529914529914535,-0.36583604947783327,2,5,18.529411764705884,912,0.9832402234636871,0,141,12
rank_3,rank,legacy,pooled,1265,1046,459,1.2093690248565965,0.0065596689846290565,8.297981265555757,0.007933060483322906,0.5557312252964427,0.04199460038169712,-0.12230515915998291,-0.48572345320256693,-0.6634859506489802,31,50,14.31453154875717,6779,1.0,0,1072,62
rank_3,rank,legacy,original_dev,463,533,200,0.8686679174484052,0.004916311282168907,2.2762521236442037,0.004270641883009768,0.5615550755939525,0.02762029746281703,-0.11566563577774694,-0.48572345320256693,-0.5922222222222226,16,26,12.157598499061914,2663,1.0,0,405,13
rank_3,rank,legacy,later_development,802,513,259,1.5633528265107213,0.007508390451261287,6.021729141911552,0.011738263434525446,0.5523690773067331,0.06833826679180789,-0.12346400952283346,-0.307979797979798,-0.6634859506489802,15,25,16.555555555555557,4116,1.0,0,667,49
rank_3,rank,legacy,2021,273,233,108,1.1716738197424892,0.0031417854381917683,0.8577074246263527,0.0036811477451774823,0.5531135531135531,0.025989591005057162,-0.11000000000000008,-0.40555555555555556,-0.5922222222222226,6,11,16.390557939914164,1698,1.0,0,243,10
rank_3,rank,legacy,2022,148,251,73,0.5896414342629482,0.00773009915264002,1.144054674590723,0.004557986751357464,0.5675675675675675,0.027699274177910967,-0.11000000000000008,-0.48572345320256693,-0.3846123420914558,9,12,8.56175298804781,762,1.0,0,128,3
rank_3,rank,legacy,2023,246,250,90,0.984,0.005320987733209639,1.3089629823695712,0.00523585192947829,0.556910569105691,0.0849317738791422,-0.15617003367003363,-0.31048890560361053,-0.6634859506489802,6,12,9.36,1101,1.0,0,200,1
rank_3,rank,legacy,2025,419,210,124,1.9952380952380953,0.00866061081546813,3.6287959316811467,0.01727998062705308,0.5608591885441527,0.10111111111111094,-0.13006506754893865,-0.2334928702527178,-0.44,7,10,22.71904761904762,2296,1.0,0,360,36
rank_3,rank,legacy,2026,179,102,64,1.7549019607843137,0.007589163420603145,1.358460252287963,0.01331823776752905,0.5363128491620112,0.030970968247293403,-0.11024450634478497,-0.15529914529914535,-0.36583604947783327,3,5,18.568627450980394,922,1.0,0,141,12
t_le_630,t,legacy,pooled,229,1046,148,0.21892925430210325,0.011627207050675102,2.6626304146045983,0.0025455357692204567,0.5764192139737991,0.10111111111111094,-0.11000000000000008,-0.40555555555555556,-0.33,22,50,2.109942638623327,774,0.16521739130434782,20,178,26
t_le_630,t,legacy,original_dev,92,533,61,0.1726078799249531,-0.010461946440815974,-0.9624990725550696,-0.001805814395037653,0.4782608695652174,-0.00361363696758398,-0.11000000000000008,-0.40555555555555556,-0.2039290729288039,8,26,1.9024390243902438,316,0.183585313174946,7,70,6
t_le_630,t,legacy,later_development,137,513,87,0.26705653021442494,0.026460799176347933,3.6251294871596667,0.0070665292147361934,0.6423357664233577,0.10111111111111094,-0.11000000000000008,-0.18750859877374015,-0.33,14,25,2.3255360623781676,458,0.1546134663341646,13,108,20
t_le_630,t,legacy,2021,63,233,38,0.2703862660944206,-0.01628368926469104,-1.0258724236755354,-0.004402885938521612,0.4603174603174603,-0.017061536244415636,-0.11545239223117007,-0.40555555555555556,-0.2039290729288039,3,11,2.742489270386266,218,0.21978021978021978,3,49,5
t_le_630,t,legacy,2022,23,251,18,0.09163346613545817,0.007841889364821957,0.180363455390905,0.0007185795035494224,0.5217391304347826,0.01348405187521907,-0.10999999999999997,-0.11000000000000008,-0.10999999999999997,4,12,1.1713147410358566,64,0.14189189189189189,2,18,1
t_le_630,t,legacy,2023,31,250,22,0.124,0.02444787955246918,0.7578842661265446,0.0030315370645061794,0.6451612903225806,0.10111111111111094,-0.11000000000000003,-0.18750859877374015,-0.18750859877374015,6,12,1.172,111,0.10569105691056911,5,21,0
t_le_630,t,legacy,2025,89,210,53,0.4238095238095238,0.03109781074978325,2.767705156730709,0.013179548365384331,0.6629213483146067,0.10111111111111094,-0.11000000000000008,-0.1464421416234889,-0.33,8,10,3.8,320,0.18854415274463007,10,72,17
t_le_630,t,legacy,2026,23,102,17,0.22549019607843138,-0.0007586973899141585,-0.017450039968025646,-0.00017107882321593785,0.5217391304347826,0.08032773780975223,-0.10999999999999997,-0.11000000000000008,-0.22000000000000006,1,5,1.7941176470588236,61,0.12849162011173185,0,18,3
t_le_690,t,legacy,pooled,499,1046,265,0.4770554493307839,0.0034737676390135747,1.7334100518677737,0.0016571797819003586,0.5490981963927856,0.08032773780975223,-0.12409347154028,-0.40555555555555556,-0.7944444444444447,24,50,5.009560229445507,2030,0.38735177865612647,9,407,41
t_le_690,t,legacy,original_dev,175,533,101,0.32833020637898686,-0.011713417078824803,-2.0498479887943404,-0.003845868646893695,0.49142857142857144,-0.0042074776197999954,-0.14703836385003222,-0.40555555555555556,-0.7944444444444447,11,26,4.01500938086304,721,0.37365010799136067,2,138,8
t_le_690,t,legacy,later_development,324,513,164,0.631578947368421,0.011676722347722573,3.7832580406621137,0.007374772009087944,0.5802469135802469,0.10111111111111094,-0.1113571025206633,-0.307979797979798,-0.33,13,25,6.042884990253412,1309,0.39526184538653364,7,269,33
t_le_690,t,legacy,2021,108,233,57,0.463519313304721,-0.015485903208146837,-1.6724775464798585,-0.007178015220943599,0.48148148148148145,-0.011250429746014914,-0.13746307178550307,-0.40555555555555556,-0.7944444444444447,4,11,5.446351931330472,477,0.3882783882783883,2,85,7
t_le_690,t,legacy,2022,50,251,34,0.199203187250996,-0.006894622703273103,-0.34473113516365517,-0.0013734308173850801,0.48,-0.01484705668629182,-0.11573288142253665,-0.2944364937388194,-0.27377651828236316,6,12,2.8207171314741037,168,0.33783783783783783,0,41,1
t_le_690,t,legacy,2023,94,250,55,0.376,0.008637886729258342,0.8119613525502841,0.0032478454102011383,0.574468085106383,0.10111111111111094,-0.1599983799411794,-0.31048890560361053,-0.31048890560361053,7,12,3.12,358,0.37398373983739835,2,74,0
t_le_690,t,legacy,2025,184,210,81,0.8761904761904762,0.015129503852504588,2.7838287088608444,0.013256327185051644,0.592391304347826,0.10111111111111094,-0.1113571025206633,-0.17902738432483478,-0.33,5,10,9.3,792,0.4295942720763723,4,160,29
t_le_690,t,legacy,2026,63,102,38,0.6176470588235294,0.00245759796984379,0.15482867210015877,0.0015179281578446976,0.5555555555555556,0.08032773780975223,-0.11000000000000007,-0.15040114613180522,-0.22000000000000006,2,5,5.196078431372549,235,0.3463687150837989,1,47,4
t_le_750,t,legacy,pooled,727,1046,334,0.6950286806883366,0.004788591292096745,3.4813058693543337,0.0033282082881016593,0.5515818431911967,0.06580477673935616,-0.12302149434575327,-0.48572345320256693,-0.6660426179604264,29,50,7.7007648183556405,3228,0.5573122529644269,22,585,49
t_le_750,t,legacy,original_dev,257,533,143,0.4821763602251407,0.00032075076065686455,0.08243294548881419,0.00015465843431297402,0.5486381322957199,0.027290715372907177,-0.13607805763857292,-0.48572345320256693,-0.6660426179604264,14,26,6.448405253283302,1207,0.531317494600432,11,202,11
t_le_750,t,legacy,later_development,470,513,191,0.9161793372319688,0.007231644518862807,3.398872923865519,0.006625483282388929,0.5531914893617021,0.10111111111111094,-0.1219890852900562,-0.307979797979798,-0.4488888888888889,15,25,9.001949317738791,2021,0.5723192019950125,11,383,38
t_le_750,t,legacy,2021,161,233,85,0.6909871244635193,-0.0006224521326532883,-0.10021479335717942,-0.00043010640925827937,0.5527950310559007,0.025989591005057162,-0.11605821359018896,-0.40555555555555556,-0.6660426179604264,7,11,9.11587982832618,844,0.5567765567765568,9,126,8
t_le_750,t,legacy,2022,69,251,44,0.2749003984063745,-0.003187086540412648,-0.2199089712884727,-0.0008761313597150296,0.5072463768115942,0.002782694198623323,-0.11625405246094907,-0.48572345320256693,-0.3846123420914558,6,12,4.143426294820717,247,0.46621621621621623,0,57,3
t_le_750,t,legacy,2023,147,250,67,0.588,0.004277519299860935,0.6287953370795575,0.002515181348318232,0.54421768707483,0.10111111111111094,-0.1472930132348415,-0.31048890560361053,-0.4488888888888889,7,12,4.864,550,0.5813008130081301,4,114,0
t_le_750,t,legacy,2025,257,210,95,1.223809523809524,0.010788964921962888,2.7727639849444623,0.013203638023545064,0.5680933852140078,0.10111111111111094,-0.11019718470393808,-0.17902738432483478,-0.44,7,10,13.3,1214,0.5990453460620525,6,219,33
t_le_750,t,legacy,2026,93,102,43,0.9117647058823529,0.004299680773935115,0.3998703119759657,0.0039202971762349595,0.5483870967741935,0.08032773780975223,-0.131257367308247,-0.15529914529914535,-0.24600753295668573,2,5,8.647058823529411,373,0.5027932960893855,3,69,5
t_le_810,t,legacy,pooled,905,1046,380,0.8652007648183556,0.0047197259721756864,4.271352004818996,0.004083510520859465,0.554696132596685,0.04606758832565273,-0.12842153118748872,-0.48572345320256693,-0.7557081728712025,29,50,10.202676864244742,4400,0.7043478260869566,14,739,55
t_le_810,t,legacy,original_dev,328,533,163,0.6153846153846154,0.0007749592988138533,0.25418665001094387,0.0004768980300392962,0.551829268292683,0.018951166745083355,-0.13019881953595727,-0.48572345320256693,-0.5922222222222226,15,26,8.50656660412758,1702,0.6954643628509719,6,271,12
t_le_810,t,legacy,later_development,577,513,217,1.124756335282651,0.006962158327223663,4.0171653548080535,0.007830731685785682,0.5563258232235702,0.10111111111111094,-0.12471176577559553,-0.307979797979798,-0.7557081728712025,15,25,11.964912280701755,2698,0.7094763092269327,8,468,43
t_le_810,t,legacy,2021,200,233,93,0.8583690987124464,0.0019980834946929683,0.39961669893859364,0.0017150931284918187,0.555,0.023818021488866255,-0.11232872437198978,-0.40555555555555556,-0.5922222222222226,8,11,11.609442060085836,1188,0.717948717948718,4,168,9
t_le_810,t,legacy,2022,95,251,55,0.3784860557768924,-0.00227723565860621,-0.21633738756758997,-0.0008619019425003569,0.5263157894736842,0.012222222222222143,-0.11312702623047458,-0.48572345320256693,-0.3846123420914558,6,12,5.864541832669323,377,0.6283783783783784,2,78,3
t_le_810,t,legacy,2023,177,250,75,0.708,0.0036554835336537247,0.6470205854567093,0.0025880823418268375,0.5536723163841808,0.10111111111111094,-0.1654774331730845,-0.31048890560361053,-0.7557081728712025,6,12,6.688,711,0.7195121951219512,0,138,0
t_le_810,t,legacy,2025,315,210,107,1.5,0.009962103115342492,3.1380624813328852,0.014943154673013737,0.5714285714285714,0.10111111111111094,-0.11486283302265861,-0.2059839357429719,-0.44,7,10,17.00952380952381,1570,0.7422434367541766,4,268,35
t_le_810,t,legacy,2026,118,102,50,1.1568627450980393,0.00256770870049492,0.30298962665840057,0.002970486535866674,0.5338983050847458,0.020686129588568643,-0.1246810605425795,-0.15529914529914535,-0.36583604947783327,2,5,12.264705882352942,554,0.6368715083798883,4,87,8
t_le_959,t,legacy,pooled,1265,1046,459,1.2093690248565965,0.0065596689846290565,8.297981265555757,0.007933060483322906,0.5557312252964427,0.04199460038169712,-0.12230515915998291,-0.48572345320256693,-0.6634859506489802,31,50,14.31453154875717,6779,1.0,0,1072,62
t_le_959,t,legacy,original_dev,463,533,200,0.8686679174484052,0.004916311282168907,2.2762521236442037,0.004270641883009768,0.5615550755939525,0.02762029746281703,-0.11566563577774694,-0.48572345320256693,-0.5922222222222226,16,26,12.157598499061914,2663,1.0,0,405,13
t_le_959,t,legacy,later_development,802,513,259,1.5633528265107213,0.007508390451261287,6.021729141911552,0.011738263434525446,0.5523690773067331,0.06833826679180789,-0.12346400952283346,-0.307979797979798,-0.6634859506489802,15,25,16.555555555555557,4116,1.0,0,667,49
t_le_959,t,legacy,2021,273,233,108,1.1716738197424892,0.0031417854381917683,0.8577074246263527,0.0036811477451774823,0.5531135531135531,0.025989591005057162,-0.11000000000000008,-0.40555555555555556,-0.5922222222222226,6,11,16.390557939914164,1698,1.0,0,243,10
t_le_959,t,legacy,2022,148,251,73,0.5896414342629482,0.00773009915264002,1.144054674590723,0.004557986751357464,0.5675675675675675,0.027699274177910967,-0.11000000000000008,-0.48572345320256693,-0.3846123420914558,9,12,8.56175298804781,762,1.0,0,128,3
t_le_959,t,legacy,2023,246,250,90,0.984,0.005320987733209639,1.3089629823695712,0.00523585192947829,0.556910569105691,0.0849317738791422,-0.15617003367003363,-0.31048890560361053,-0.6634859506489802,6,12,9.36,1101,1.0,0,200,1
t_le_959,t,legacy,2025,419,210,124,1.9952380952380953,0.00866061081546813,3.6287959316811467,0.01727998062705308,0.5608591885441527,0.10111111111111094,-0.13006506754893865,-0.2334928702527178,-0.44,7,10,22.71904761904762,2296,1.0,0,360,36
t_le_959,t,legacy,2026,179,102,64,1.7549019607843137,0.007589163420603145,1.358460252287963,0.01331823776752905,0.5363128491620112,0.030970968247293403,-0.11024450634478497,-0.15529914529914535,-0.36583604947783327,3,5,18.568627450980394,922,1.0,0,141,12
range5_ge_0.01,range5,legacy,pooled,1263,1046,458,1.2074569789674952,0.0064064320166177914,8.091323636988271,0.00773549104874596,0.555027711797308,0.041612010516120186,-0.12236559733147069,-0.48572345320256693,-0.6634859506489802,31,50,14.311663479923519,6647,0.9984189723320158,0,1071,61
range5_ge_0.01,range5,legacy,original_dev,462,533,199,0.8667917448405253,0.004708097429725309,2.1751410125330928,0.004080939985990798,0.5606060606060606,0.027238662299654666,-0.11586192468396794,-0.48572345320256693,-0.5922222222222226,16,26,12.155722326454034,2621,0.9978401727861771,0,405,13
range5_ge_0.01,range5,legacy,later_development,801,513,259,1.5614035087719298,0.007385995785836677,5.916182624455178,0.011532519735780077,0.5518102372034956,0.06792409693644232,-0.12347517730496448,-0.307979797979798,-0.6634859506489802,15,25,16.551656920077974,4026,0.9987531172069826,0,666,48
range5_ge_0.01,range5,legacy,2021,272,233,107,1.167381974248927,0.002781604093806034,0.7565963135152413,0.00324719447860619,0.5514705882352942,0.023818021488866255,-0.11000000000000008,-0.40555555555555556,-0.5922222222222226,6,11,16.386266094420602,1667,0.9963369963369964,0,243,10
range5_ge_0.01,range5,legacy,2022,148,251,73,0.5896414342629482,0.00773009915264002,1.144054674590723,0.004557986751357464,0.5675675675675675,0.027699274177910967,-0.11000000000000008,-0.48572345320256693,-0.3846123420914558,9,12,8.56175298804781,753,1.0,0,128,3
range5_ge_0.01,range5,legacy,2023,246,250,90,0.984,0.005320987733209639,1.3089629823695712,0.00523585192947829,0.556910569105691,0.0849317738791422,-0.15617003367003363,-0.31048890560361053,-0.6634859506489802,6,12,9.36,1091,1.0,0,200,1
range5_ge_0.01,range5,legacy,2025,418,210,124,1.9904761904761905,0.008434848691447902,3.525766753025223,0.0167893654905963,0.5598086124401914,0.09483077027531651,-0.13026854149434808,-0.2334928702527178,-0.4399999999999999,7,10,22.70952380952381,2247,0.9976133651551312,0,359,35
range5_ge_0.01,range5,legacy,2026,179,102,64,1.7549019607843137,0.007575100075349234,1.355942913487513,0.013293557975367775,0.5363128491620112,0.028453629446843605,-0.11024450634478497,-0.15529914529914535,-0.36583604947783327,3,5,18.568627450980394,889,1.0,0,141,12
range5_ge_0.02,range5,legacy,pooled,1257,1046,455,1.2017208413001912,0.006182435766910661,7.7713217590067005,0.007429561911096276,0.5544948289578361,0.041612010516120186,-0.1224376411904417,-0.48572345320256693,-0.6552669552669553,31,50,14.18642447418738,6363,0.9841897233201581,12,1054,61
range5_ge_0.02,range5,legacy,original_dev,459,533,196,0.8611632270168855,0.004380874983929619,2.0108216176236953,0.0037726484383183816,0.5599128540305011,0.026857027136492302,-0.116249108552252,-0.48572345320256693,-0.5922222222222226,16,26,12.022514071294559,2509,0.978401727861771,6,396,13
range5_ge_0.02,range5,legacy,later_development,798,513,259,1.5555555555555556,0.007218671856369681,5.760500141383005,0.011229045109908397,0.5513784461152882,0.06766820443195933,-0.12394552226116619,-0.307979797979798,-0.6552669552669553,15,25,16.43469785575049,3854,0.9875311720698254,6,658,48
range5_ge_0.02,range5,legacy,2021,271,233,106,1.1630901287553648,0.0016922670619706672,0.45860437379405083,0.0019682591149959303,0.5461254612546126,0.021646451972675347,-0.11000000000000008,-0.40555555555555556,-0.5922222222222226,6,11,16.248927038626608,1587,0.978021978021978,4,238,10
range5_ge_0.02,range5,legacy,2022,147,251,72,0.5856573705179283,0.008530984180889267,1.2540546745907224,0.004996233763309653,0.5714285714285714,0.027778250893004904,-0.11000000000000008,-0.48572345320256693,-0.3846123420914558,9,12,8.49800796812749,725,0.9797297297297297,2,125,3
range5_ge_0.02,range5,legacy,2023,244,250,89,0.976,0.005554836062606317,1.3553799992759414,0.00542151999710377,0.5614754098360656,0.10111111111111094,-0.15763468013468007,-0.31048890560361053,-0.6552669552669553,6,12,9.148,1065,0.9878048780487805,1,197,1
range5_ge_0.02,range5,legacy,2025,417,210,124,1.9857142857142858,0.007747627436930006,3.2307606411998124,0.015384574481903874,0.5563549160671463,0.06741231192747633,-0.1304720154397575,-0.2334928702527178,-0.4399999999999999,6,10,22.728571428571428,2165,0.9904534606205251,2,356,35
range5_ge_0.02,range5,legacy,2026,178,102,64,1.7450980392156863,0.008272595899697602,1.472522070146173,0.014436490883786016,0.5393258426966292,0.045390336736000465,-0.11036675951717742,-0.15529914529914535,-0.36583604947783327,4,5,18.235294117647058,821,0.9776536312849162,3,138,12
range5_ge_0.02,range5,optimistic,pooled,1257,1046,455,1.2017208413001912,0.007861919546633104,9.88243287011781,0.009447832571814358,0.5624502784407319,0.05285812761190823,-0.1224376411904417,-0.48572345320256693,-0.6552669552669553,33,50,14.18642447418738,6363,0.9841897233201581,12,1054,61
range5_ge_0.02,range5,optimistic,original_dev,459,533,196,0.8611632270168855,0.006220623228906623,2.85526606206814,0.005356971973861429,0.5686274509803921,0.034349070100142994,-0.116249108552252,-0.48572345320256693,-0.5922222222222226,17,26,12.022514071294559,2509,0.978401727861771,6,396,13
range5_ge_0.02,range5,optimistic,later_development,798,513,259,1.5555555555555556,0.008805973443671266,7.027166808049671,0.013698180912377532,0.5588972431077694,0.10111111111111094,-0.12394552226116619,-0.307979797979798,-0.6552669552669553,16,25,16.43469785575049,3854,0.9875311720698254,6,658,48
range5_ge_0.02,range5,optimistic,2021,271,233,106,1.1630901287553648,0.004808298222282272,1.3030488182384958,0.005592484198448481,0.5608856088560885,0.03510451045104502,-0.11000000000000008,-0.40555555555555556,-0.5922222222222226,7,11,16.248927038626608,1587,0.978021978021978,4,238,10
range5_ge_0.02,range5,optimistic,2022,147,251,72,0.5856573705179283,0.008530984180889267,1.2540546745907224,0.004996233763309653,0.5714285714285714,0.027778250893004904,-0.11000000000000008,-0.48572345320256693,-0.3846123420914558,9,12,8.49800796812749,725,0.9797297297297297,2,125,3
range5_ge_0.02,range5,optimistic,2023,244,250,89,0.976,0.008150464477906865,1.988713332609275,0.007954853330437104,0.5737704918032787,0.10111111111111094,-0.15763468013468007,-0.31048890560361053,-0.6552669552669553,7,12,9.148,1065,0.9878048780487805,1,197,1
range5_ge_0.02,range5,optimistic,2025,417,210,124,1.9857142857142858,0.008760150751611595,3.652982863422035,0.017395156492485887,0.5611510791366906,0.10111111111111094,-0.1304720154397575,-0.2334928702527178,-0.4399999999999999,6,10,22.728571428571428,2165,0.9904534606205251,2,356,35
range5_ge_0.02,range5,optimistic,2026,178,102,64,1.7450980392156863,0.009458613377849912,1.6836331812572842,0.016506207659385142,0.5449438202247191,0.06512557048079982,-0.11036675951717742,-0.15529914529914535,-0.36583604947783327,4,5,18.235294117647058,821,0.9776536312849162,3,138,12
range5_ge_0.02,range5,pessimistic,pooled,1255,1046,455,1.1998087954110899,-0.018771232350578725,-23.5578965999763,-0.022521889674929536,0.4358565737051793,-0.03200000000000002,-0.13530223664236293,-0.5970843247397813,-0.8033333333333337,10,50,16.667304015296367,6358,0.9826086956521739,12,1052,61
range5_ge_0.02,range5,pessimistic,original_dev,459,533,196,0.8611632270168855,-0.019751151995924317,-9.065778766129261,-0.017008965790111182,0.4422657952069717,-0.02818181818181819,-0.13282662341132498,-0.48572345320256693,-0.8033333333333337,5,26,13.74296435272045,2509,0.978401727861771,6,396,13
range5_ge_0.02,range5,pessimistic,later_development,796,513,259,1.5516569200779726,-0.018206178183224925,-14.49211783384704,-0.02824974236617356,0.4321608040201005,-0.03627944548676259,-0.13562121934747934,-0.5970843247397813,-0.6552669552669553,5,25,19.705653021442494,3849,0.9850374064837906,6,656,48
range5_ge_0.02,range5,pessimistic,2021,271,233,106,1.1630901287553648,-0.02085962262384012,-5.652957731060672,-0.02426162116335052,0.4354243542435424,-0.029125683060109313,-0.11409532452797887,-0.40555555555555556,-0.8033333333333337,1,11,18.13304721030043,1587,0.978021978021978,4,238,10
range5_ge_0.02,range5,pessimistic,2022,147,251,72,0.5856573705179283,-0.012096400574900265,-1.778170884510339,-0.007084346153427645,0.46938775510204084,-0.020327999092043962,-0.1274519219939072,-0.48572345320256693,-0.3846123420914558,4,12,9.836653386454183,725,0.9797297297297297,2,125,3
range5_ge_0.02,range5,pessimistic,2023,243,250,89,0.972,-0.027837820319304582,-6.764590337591013,-0.027058361350364053,0.40329218106995884,-0.07746031746031755,-0.15902153054553883,-0.31048890560361053,-0.6552669552669553,1,12,11.644,1063,0.983739837398374,1,196,1
range5_ge_0.02,range5,pessimistic,2025,416,210,124,1.980952380952381,-0.012592549689130393,-5.238500670678244,-0.02494524128894401,0.45913461538461536,-0.023618530318384894,-0.137439789946239,-0.2334928702527178,-0.531507345603303,4,10,26.033333333333335,2162,0.9880668257756563,2,355,35
range5_ge_0.02,range5,pessimistic,2026,178,102,64,1.7450980392156863,-0.02316672458503389,-4.123676976136032,-0.04042820564839247,0.398876404494382,-0.04549701127889926,-0.11944420833845795,-0.5970843247397813,-0.5970843247397813,0,5,23.15686274509804,821,0.9776536312849162,3,138,12
range5_ge_0.03,range5,legacy,pooled,1252,1046,455,1.1969407265774379,0.006132112521807037,7.67740487730241,0.007339775217306322,0.5543130990415336,0.041268968221023,-0.12245214829979573,-0.48572345320256693,-0.6552669552669553,32,50,14.195028680688337,5989,0.9762845849802372,17,1047,61
range5_ge_0.03,range5,legacy,original_dev,459,533,196,0.8611632270168855,0.004827511268709349,2.215827672337591,0.004157275182622126,0.5620915032679739,0.02762029746281703,-0.116249108552252,-0.48572345320256693,-0.5922222222222226,17,26,12.061913696060037,2348,0.9740820734341252,8,394,13
range5_ge_0.03,range5,legacy,later_development,793,513,259,1.5458089668615984,0.0068872348108005264,5.461577204964818,0.010646349327416801,0.5498108448928121,0.059997891629770324,-0.12472943052150239,-0.307979797979798,-0.6552669552669553,15,25,16.41130604288499,3641,0.9775561097256857,9,653,48
range5_ge_0.03,range5,legacy,2021,271,233,106,1.1630901287553648,0.0027648903293565376,0.7492852792556217,0.003215816649165762,0.5498154981549815,0.022412965186074503,-0.11000000000000008,-0.40555555555555556,-0.5922222222222226,7,11,16.206008583690988,1483,0.9706959706959707,6,236,10
range5_ge_0.03,range5,legacy,2022,147,251,72,0.5856573705179283,0.007948162066959504,1.168379823843047,0.004654899696585847,0.5714285714285714,0.027778250893004904,-0.11000000000000008,-0.48572345320256693,-0.3846123420914558,9,12,8.621513944223107,676,0.9797297297297297,2,125,3
range5_ge_0.03,range5,legacy,2023,243,250,89,0.972,0.005161600362818232,1.2542688881648303,0.0050170755526593265,0.5596707818930041,0.10111111111111094,-0.1583670033670033,-0.31048890560361053,-0.6552669552669553,6,12,9.172,1032,0.9796747967479674,2,197,1
range5_ge_0.03,range5,legacy,2025,413,210,124,1.9666666666666666,0.007381516030016437,3.048566120396788,0.014516981525698998,0.5544794188861986,0.059997891629770324,-0.1312859112213952,-0.2334928702527178,-0.4399999999999999,6,10,22.642857142857142,2026,0.9761336515513126,4,351,35
range5_ge_0.03,range5,legacy,2026,178,102,64,1.7450980392156863,0.0081848582339445,1.4569047656421212,0.014283380055314923,0.5393258426966292,0.04003483474302128,-0.11036675951717742,-0.15529914529914535,-0.36583604947783327,4,5,18.235294117647058,772,0.9776536312849162,3,138,12
range5_ge_0.03,range5,optimistic,pooled,1252,1046,455,1.1969407265774379,0.00781830350512262,9.78851598841352,0.009358045878024404,0.5623003194888179,0.05252619867667386,-0.12245214829979573,-0.48572345320256693,-0.6552669552669553,33,50,14.195028680688337,5989,0.9762845849802372,17,1047,61
range5_ge_0.03,range5,optimistic,original_dev,459,533,196,0.8611632270168855,0.00666725951368635,3.060272116782035,0.005741598718165173,0.5708061002178649,0.03510451045104502,-0.116249108552252,-0.48572345320256693,-0.5922222222222226,17,26,12.061913696060037,2348,0.9740820734341252,8,394,13
range5_ge_0.03,range5,optimistic,later_development,793,513,259,1.5458089668615984,0.008484544604831633,6.728243871631485,0.013115485129885938,0.5573770491803278,0.10111111111111094,-0.12472943052150239,-0.307979797979798,-0.6552669552669553,16,25,16.41130604288499,3641,0.9775561097256857,9,653,48
range5_ge_0.03,range5,optimistic,2021,271,233,106,1.1630901287553648,0.005880921489668143,1.5937297237000667,0.006840041732618312,0.5645756457564576,0.03609929078014163,-0.11000000000000008,-0.40555555555555556,-0.5922222222222226,7,11,16.206008583690988,1483,0.9706959706959707,6,236,10
range5_ge_0.03,range5,optimistic,2022,147,251,72,0.5856573705179283,0.007948162066959504,1.168379823843047,0.004654899696585847,0.5714285714285714,0.027778250893004904,-0.11000000000000008,-0.48572345320256693,-0.3846123420914558,9,12,8.621513944223107,676,0.9797297297297297,2,125,3
range5_ge_0.03,range5,optimistic,2023,243,250,89,0.972,0.0077679103765356545,1.887602221498164,0.007550408885992661,0.5720164609053497,0.10111111111111094,-0.1583670033670033,-0.31048890560361053,-0.6552669552669553,7,12,9.172,1032,0.9796747967479674,2,197,1
range5_ge_0.03,range5,optimistic,2025,413,210,124,1.9666666666666666,0.008403845865905596,3.4707883426190107,0.01652756353628101,0.559322033898305,0.08855042943952209,-0.1312859112213952,-0.2334928702527178,-0.4399999999999999,6,10,22.642857142857142,2026,0.9761336515513126,4,351,35
range5_ge_0.03,range5,optimistic,2026,178,102,64,1.7450980392156863,0.009370875712096811,1.6680158767532323,0.01635309683091405,0.5449438202247191,0.06061156515047873,-0.11036675951717742,-0.15529914529914535,-0.36583604947783327,4,5,18.235294117647058,772,0.9776536312849162,3,138,12
range5_ge_0.03,range5,pessimistic,pooled,1251,1046,455,1.1959847036328872,-0.01865048534416651,-23.331757165552304,-0.022305695186952485,0.4364508393285372,-0.03200000000000002,-0.13534802497182863,-0.5970843247397813,-0.8122661682868019,9,50,16.635755258126196,5985,0.9754940711462451,17,1046,61
range5_ge_0.03,range5,pessimistic,original_dev,459,533,196,0.8611632270168855,-0.019322993455598608,-8.869253996119761,-0.016640251399849454,0.4444444444444444,-0.028057203110583788,-0.13282662341132498,-0.48572345320256693,-0.8033333333333337,5,26,13.74484052532833,2348,0.9740820734341252,8,394,13
range5_ge_0.03,range5,pessimistic,later_development,792,513,259,1.543859649122807,-0.018260736325041087,-14.462503169432543,-0.028192013975502028,0.4318181818181818,-0.03589954117362958,-0.13593135150693128,-0.5970843247397813,-0.8122661682868019,4,25,19.639376218323587,3637,0.9763092269326683,9,652,48
range5_ge_0.03,range5,pessimistic,2021,271,233,106,1.1630901287553648,-0.019818295609976003,-5.3707581103034965,-0.023050463992718862,0.43911439114391143,-0.029125683060109313,-0.11409532452797887,-0.40555555555555556,-0.8033333333333337,1,11,18.090128755364805,1483,0.9706959706959707,6,236,10
range5_ge_0.03,range5,pessimistic,2022,147,251,72,0.5856573705179283,-0.01267922268883003,-1.8638457352580144,-0.007425680220151451,0.46938775510204084,-0.020327999092043962,-0.1274519219939072,-0.48572345320256693,-0.3846123420914558,4,12,9.880478087649402,676,0.9797297297297297,2,125,3
range5_ge_0.03,range5,pessimistic,2023,242,250,89,0.968,-0.028370667143397206,-6.865701448702124,-0.027462805794808497,0.40082644628099173,-0.0807671957671958,-0.15942659018859429,-0.31048890560361053,-0.8122661682868019,1,12,11.668,1030,0.975609756097561,2,196,1
range5_ge_0.03,range5,pessimistic,2025,413,210,124,1.9666666666666666,-0.012329679396243546,-5.0921575906485845,-0.024248369479278973,0.4600484261501211,-0.022956322218100393,-0.13783313494672791,-0.2334928702527178,-0.531507345603303,3,10,25.84285714285714,2024,0.9761336515513126,4,351,35
range5_ge_0.03,range5,pessimistic,2026,178,102,64,1.7450980392156863,-0.02325446225078699,-4.139294280640084,-0.04058131647686356,0.398876404494382,-0.044831963884241925,-0.11944420833845795,-0.5970843247397813,-0.5970843247397813,0,5,23.15686274509804,772,0.9776536312849162,3,138,12
range5_ge_0.05,range5,legacy,pooled,1215,1046,445,1.161567877629063,0.006324135563208437,7.683824709298251,0.007345912723994505,0.5555555555555556,0.04546723193781999,-0.12262657864599609,-0.48572345320256693,-0.6552669552669553,33,50,13.594646271510516,5062,0.9114624505928853,62,966,60
range5_ge_0.05,range5,legacy,original_dev,446,533,191,0.8367729831144465,0.005012436258670276,2.235546571366943,0.0041942712408385464,0.5627802690582959,0.028306189409224698,-0.11748992580566174,-0.48572345320256693,-0.5922222222222226,17,26,11.602251407129456,1941,0.9114470842332614,24,365,12
range5_ge_0.05,range5,legacy,later_development,769,513,254,1.4990253411306043,0.007084887045424325,5.448278137931306,0.010620425220139,0.5513654096228868,0.06875243664717347,-0.12535655712977134,-0.307979797979798,-0.6552669552669553,16,25,15.664717348927875,3121,0.9114713216957606,38,601,48
range5_ge_0.05,range5,legacy,2021,264,233,104,1.1330472103004292,0.003423614489258521,0.9038342251642495,0.0038791168461985003,0.5568181818181818,0.025259834461037974,-0.11000000000000008,-0.40555555555555556,-0.5922222222222226,7,11,15.532188841201716,1220,0.9120879120879121,15,220,9
range5_ge_0.05,range5,legacy,2022,141,251,69,0.5617529880478087,0.008791894644874166,1.2396571449272573,0.004938873087359592,0.5673758865248227,0.029755351681957094,-0.11000000000000008,-0.48572345320256693,-0.3846123420914558,9,12,8.254980079681275,552,0.9054054054054054,7,114,3
range5_ge_0.05,range5,legacy,2023,235,250,88,0.94,0.004813903813524564,1.1312673961782727,0.004525069584713096,0.5659574468085107,0.06875243664717347,-0.15987304741403102,-0.31048890560361053,-0.6552669552669553,6,12,8.828,918,0.9186991869918699,9,182,1
range5_ge_0.05,range5,legacy,2025,402,210,122,1.9142857142857144,0.007034272861588686,2.827777690358652,0.013465608049326918,0.554726368159204,0.09483077027531651,-0.12950575419252927,-0.2334928702527178,-0.4399999999999999,7,10,21.571428571428573,1715,0.918854415274463,17,328,35
range5_ge_0.05,range5,legacy,2026,173,102,62,1.696078431372549,0.009140394524102997,1.5812882526698184,0.015502826006566845,0.5317919075144508,0.05329903336451514,-0.11000000000000008,-0.15529914529914535,-0.3551897138535232,4,5,17.568627450980394,657,0.888268156424581,14,122,12
range5_ge_0.05,range5,optimistic,pooled,1215,1046,445,1.161567877629063,0.008061675572353382,9.79493582040936,0.009364183384712585,0.5637860082304527,0.059379238393322716,-0.12262657864599609,-0.48572345320256693,-0.6552669552669553,35,50,13.594646271510516,5062,0.9114624505928853,62,966,60
range5_ge_0.05,range5,optimistic,original_dev,446,533,191,0.8367729831144465,0.0069058094524919005,3.0799910158113875,0.005778594776381593,0.5717488789237668,0.03810042062693953,-0.11748992580566174,-0.48572345320256693,-0.5922222222222226,18,26,11.602251407129456,1941,0.9114470842332614,24,365,12
range5_ge_0.05,range5,optimistic,later_development,769,513,254,1.4990253411306043,0.008732047860335464,6.714944804597972,0.013089561022608139,0.5591677503250976,0.10111111111111094,-0.12535655712977134,-0.307979797979798,-0.6552669552669553,17,25,15.664717348927875,3121,0.9114713216957606,38,601,48
range5_ge_0.05,range5,optimistic,2021,264,233,104,1.1330472103004292,0.00662226768791172,1.748278669608694,0.007503341929651048,0.571969696969697,0.0400170300368451,-0.11000000000000008,-0.40555555555555556,-0.5922222222222226,8,11,15.532188841201716,1220,0.9120879120879121,15,220,9
range5_ge_0.05,range5,optimistic,2022,141,251,69,0.5617529880478087,0.008791894644874166,1.2396571449272573,0.004938873087359592,0.5673758865248227,0.029755351681957094,-0.11000000000000008,-0.48572345320256693,-0.3846123420914558,9,12,8.254980079681275,552,0.9054054054054054,7,114,3
range5_ge_0.05,range5,optimistic,2023,235,250,88,0.94,0.007508939274517474,1.7646007295116064,0.007058402918046429,0.5787234042553191,0.10111111111111094,-0.15987304741403102,-0.31048890560361053,-0.6552669552669553,7,12,8.828,918,0.9186991869918699,9,182,1
range5_ge_0.05,range5,optimistic,2025,402,210,122,1.9142857142857144,0.008084576896967349,3.2499999125808743,0.015476190059908928,0.5597014925373134,0.10111111111111094,-0.12950575419252927,-0.2334928702527178,-0.4399999999999999,7,10,21.571428571428573,1715,0.918854415274463,17,328,35
range5_ge_0.05,range5,optimistic,2026,173,102,62,1.696078431372549,0.010360689964051616,1.7923993637809295,0.017572542782165974,0.5375722543352601,0.06792409693644232,-0.11000000000000008,-0.15529914529914535,-0.3551897138535232,4,5,17.568627450980394,657,0.888268156424581,14,122,12
range5_ge_0.05,range5,pessimistic,pooled,1214,1046,445,1.1606118546845123,-0.0181308170599167,-22.010811910738873,-0.02104284121485551,0.43986820428336076,-0.031055002218724308,-0.1373988464683383,-0.5970843247397813,-0.8033333333333337,10,50,15.869980879541108,5058,0.9106719367588932,62,965,60
range5_ge_0.05,range5,pessimistic,original_dev,446,533,191,0.8367729831144465,-0.01893761676829448,-8.446177078659339,-0.015846486076283937,0.4461883408071749,-0.02811951064620099,-0.1347303090221129,-0.48572345320256693,-0.8033333333333337,6,26,13.27016885553471,1941,0.9114470842332614,24,365,12
range5_ge_0.05,range5,pessimistic,later_development,768,513,254,1.4970760233918128,-0.017662284937603558,-13.564634832079532,-0.026441783298400644,0.4361979166666667,-0.03536521247213075,-0.13848870994754278,-0.5970843247397813,-0.7022661682868019,4,25,18.571150097465885,3117,0.9102244389027432,38,600,48
range5_ge_0.05,range5,pessimistic,2021,264,233,104,1.1330472103004292,-0.019529760384421894,-5.15585674148738,-0.02212814052140506,0.4431818181818182,-0.028553386121929696,-0.11514948155166063,-0.40555555555555556,-0.8033333333333337,2,11,17.536480686695278,1220,0.9120879120879121,15,220,9
range5_ge_0.05,range5,pessimistic,2022,141,251,69,0.5617529880478087,-0.011777829289087475,-1.660673929761334,-0.0066162307958618875,0.46808510638297873,-0.0213378684807256,-0.12815336463223792,-0.48572345320256693,-0.3846123420914558,4,12,9.398406374501992,552,0.9054054054054054,7,114,3
range5_ge_0.05,range5,pessimistic,2023,234,250,88,0.936,-0.028061883412249827,-6.56648071846646,-0.026265922873865834,0.41025641025641024,-0.07384972311977116,-0.15987994701109456,-0.31048890560361053,-0.7022661682868019,1,12,11.236,916,0.9146341463414634,9,181,1
range5_ge_0.05,range5,pessimistic,2025,402,210,122,1.9142857142857144,-0.012700465307606823,-5.105587053657943,-0.024312319303133056,0.4601990049751244,-0.024628743005519142,-0.13927539994852065,-0.2334928702527178,-0.531507345603303,3,10,24.561904761904763,1713,0.918854415274463,17,328,35
range5_ge_0.05,range5,pessimistic,2026,173,102,62,1.696078431372549,-0.020359615418299153,-3.5222134673657535,-0.03453150458201719,0.4046242774566474,-0.0357150715071508,-0.11435575016983203,-0.5970843247397813,-0.5970843247397813,0,5,21.45098039215686,657,0.888268156424581,14,122,12
range5_ge_0.1,range5,legacy,pooled,934,1046,391,0.892925430210325,0.005967268051615943,5.573428360209291,0.0053283253921694975,0.563169164882227,0.10111111111111094,-0.1359250974979688,-0.40555555555555556,-0.6933333333333338,27,50,9.165391969407265,2888,0.6260869565217392,142,611,41
range5_ge_0.1,range5,legacy,original_dev,333,533,165,0.624765478424015,0.001776106730324214,0.5914435411979633,0.0011096501711031234,0.5465465465465466,0.030404040404040218,-0.13669361948165298,-0.40555555555555556,-0.6933333333333338,14,26,7.652908067542214,1014,0.591792656587473,59,218,8
range5_ge_0.1,range5,legacy,later_development,601,513,226,1.1715399610136452,0.008289492211333325,4.981984819011329,0.009711471382088364,0.5723793677204659,0.10111111111111094,-0.13510936132983375,-0.307979797979798,-0.6552669552669552,14,25,10.736842105263158,1874,0.6458852867830424,83,393,33
range5_ge_0.1,range5,legacy,2021,194,233,90,0.8326180257510729,-0.0022058593499224475,-0.4279367138849548,-0.0018366382570169696,0.5257731958762887,0.018904899584217934,-0.13043517101946192,-0.40555555555555556,-0.6933333333333338,5,11,10.141630901287554,604,0.5787545787545788,36,129,6
range5_ge_0.1,range5,legacy,2022,105,251,59,0.41832669322709165,0.010218676784645327,1.0729610623877595,0.004274745268477132,0.580952380952381,0.058270895998541634,-0.11833873661459873,-0.2944364937388194,-0.22888888888888853,8,12,5.378486055776892,292,0.6081081081081081,15,71,2
range5_ge_0.1,range5,legacy,2023,194,250,75,0.776,0.0021976999340725324,0.42635378721007133,0.0017054151488402876,0.5670103092783505,0.10111111111111094,-0.18310613667969713,-0.31048890560361053,-0.6552669552669552,5,12,6.428,637,0.7073170731707317,20,131,1
range5_ge_0.1,range5,legacy,2025,309,210,113,1.4714285714285715,0.0070236238178471525,2.17029975971477,0.01033476076054653,0.5631067961165048,0.10111111111111094,-0.1339337768305024,-0.2209144542772863,-0.3299999999999999,5,10,14.776190476190477,972,0.6157517899761337,51,204,26
range5_ge_0.1,range5,legacy,2026,132,102,54,1.2941176470588236,0.017664776248345795,2.331750464781645,0.02286029867432986,0.5984848484848485,0.10111111111111094,-0.1122765744617826,-0.15529914529914535,-0.30100763738934216,4,5,11.411764705882353,383,0.6256983240223464,20,76,6
range5_le_0.01,range5,legacy,pooled,50,1046,47,0.04780114722753346,0.014582136844520015,0.7291068422260008,0.0006970428701969416,0.58,0.03936370207749485,-0.11000000000000003,-0.25033001178613523,-0.25033001178613523,16,50,0.7447418738049714,132,0.016600790513833993,29,20,7
range5_le_0.01,range5,legacy,original_dev,21,533,20,0.039399624765478425,0.024399518265998725,0.5123898835859733,0.0009613318641387866,0.6666666666666666,0.06407407407407419,-0.10999999999999997,-0.25033001178613523,-0.25033001178613523,9,26,0.6979362101313321,42,0.012958963282937365,15,5,2
range5_le_0.01,range5,legacy,later_development,29,513,27,0.056530214424951264,0.0074729985737940555,0.2167169586400276,0.0004224502117739331,0.5172413793103449,0.030970968247293403,-0.11000000000000004,-0.13967798085291572,-0.13967798085291572,7,25,0.7933723196881092,90,0.018703241895261846,14,15,5
range5_le_0.01,range5,legacy,2021,15,233,15,0.06437768240343347,0.0409365363786567,0.6140480456798505,0.0026353993376817624,0.7333333333333333,0.06407407407407419,-0.06955152710979572,-0.10999999999999997,-0.10999999999999997,7,11,1.2145922746781115,31,0.02197802197802198,9,5,2
range5_le_0.01,range5,legacy,2022,4,251,3,0.01593625498007968,-0.02319231830124712,-0.09276927320498848,-0.00036959869802784257,0.5,0.028224813735017795,-0.21947973256437628,-0.25033001178613523,-0.25033001178613523,1,12,0.26294820717131473,9,0.0,4,0,0
range5_le_0.01,range5,legacy,2023,3,250,3,0.012,-0.039629629629629556,-0.11888888888888867,-0.0004755555555555547,0.3333333333333333,-0.10999999999999986,-0.10999999999999996,-0.10999999999999997,-0.10999999999999997,1,12,0.096,10,0.0040650406504065045,2,1,0
range5_le_0.01,range5,legacy,2025,20,210,18,0.09523809523809523,0.0012323147288349414,0.024646294576698827,0.00011736330750808972,0.45,-0.027848203424484512,-0.10999999999999997,-0.11000000000000008,-0.11000000000000008,4,10,1.338095238095238,49,0.02386634844868735,10,10,5
range5_le_0.01,range5,legacy,2026,8,102,8,0.0784313725490196,0.03775883300791609,0.3020706640633287,0.002961477098660085,0.75,0.10111111111111105,-0.12396294516470682,-0.13967798085291572,-0.13967798085291572,3,5,1.2254901960784315,33,0.0223463687150838,4,4,0
range5_le_0.02,range5,legacy,pooled,121,1046,107,0.11567877629063097,0.005306102801978428,0.6420384390393898,0.0006138034790051533,0.5454545454545454,0.01721349175929477,-0.11000000000000008,-0.3068192839823136,-0.3068192839823136,22,50,1.910133843212237,417,0.05612648221343874,50,63,11
range5_le_0.02,range5,legacy,original_dev,53,533,48,0.09943714821763602,0.019574374431935035,1.0374418448925569,0.0019464199716558285,0.6226415094339622,0.02835076549946925,-0.10999999999999997,-0.25033001178613523,-0.25033001178613523,13,26,2.00750469043152,154,0.06695464362850972,22,29,3
range5_le_0.02,range5,legacy,later_development,68,513,59,0.13255360623781676,-0.005814755968428918,-0.3954034058531664,-0.0007707668730081213,0.4852941176470588,-0.013065579553528432,-0.13317957644328413,-0.3068192839823136,-0.3068192839823136,9,25,1.8089668615984404,263,0.04987531172069826,28,34,8
range5_le_0.02,range5,legacy,2021,36,233,33,0.15450643776824036,0.021354072478575088,0.7687466092287032,0.0032993416705094556,0.6111111111111112,0.02748668869192828,-0.10999999999999989,-0.10999999999999997,-0.10999999999999997,7,11,3.2532188841201717,111,0.08058608058608059,14,20,3
range5_le_0.02,range5,legacy,2022,13,251,11,0.05179282868525897,0.022432047910048294,0.29161662283062784,0.0011618192144646528,0.6923076923076923,0.05358227806029193,-0.16613200471445405,-0.25033001178613523,-0.25033001178613523,5,12,1.0,37,0.0472972972972973,6,7,0
range5_le_0.02,range5,legacy,2023,18,250,17,0.072,-0.018745658236491533,-0.3374218482568476,-0.001349687393027391,0.5,-0.005439025018182878,-0.18321642129087565,-0.3068192839823136,-0.3068192839823136,3,12,0.892,36,0.044715447154471545,7,8,0
range5_le_0.02,range5,legacy,2025,38,210,32,0.18095238095238095,-0.0028074320543540394,-0.1066824180654535,-0.0005080115145973977,0.47368421052631576,-0.013065579553528432,-0.11166666666666675,-0.16644171779141093,-0.16644171779141093,4,10,2.414285714285714,132,0.0477326968973747,18,19,8
range5_le_0.02,range5,legacy,2026,16,102,14,0.1568627450980392,0.0016112170813975379,0.025779473302360606,0.0002527399343368687,0.5,0.0021840792705177872,-0.1174194952132289,-0.13967798085291572,-0.13967798085291572,3,5,2.5392156862745097,101,0.061452513966480445,5,9,0
range5_le_0.03,range5,legacy,pooled,195,1046,162,0.1864244741873805,-0.0024142560905236594,-0.47077993765211357,-0.00045007642222955323,0.49743589743589745,-0.000360223236935733,-0.11000000000000008,-0.3068192839823136,-0.3068192839823136,19,50,2.953154875717017,792,0.10118577075098814,67,115,18
range5_le_0.03,range5,legacy,original_dev,82,533,72,0.15384615384615385,0.004128088322595441,0.33850324245282615,0.00063509051116853,0.5365853658536586,0.007532538981819501,-0.10999999999999997,-0.25033001178613523,-0.25033001178613523,12,26,2.9343339587242028,315,0.12095032397408208,26,54,6
range5_le_0.03,range5,legacy,later_development,113,513,90,0.2202729044834308,-0.007161798054026015,-0.8092831801049397,-0.001577550058684092,0.4690265486725664,-0.018637612877895664,-0.1144444444444445,-0.3068192839823136,-0.3068192839823136,8,25,2.97270955165692,477,0.08977556109725686,41,61,12
range5_le_0.03,range5,legacy,2021,55,233,48,0.23605150214592274,-0.0030526681573196093,-0.1678967486525785,-0.0007205869040883185,0.4909090909090909,-0.0037031723258409335,-0.10999999999999997,-0.11000000000000008,-0.15709981167608286,4,11,4.733905579399142,215,0.14652014652014653,15,38,5
range5_le_0.03,range5,legacy,2022,22,251,19,0.08764940239043825,0.019464103052775815,0.4282102671610679,0.0017060170006417048,0.6363636363636364,0.07734669458570144,-0.10999999999999997,-0.25033001178613523,-0.25033001178613523,6,12,1.5139442231075697,86,0.08783783783783784,9,13,1
range5_le_0.03,range5,legacy,2023,26,250,25,0.104,-0.016340720460829274,-0.4248587319815611,-0.0016994349279262448,0.5,-0.005809966802089609,-0.14855311355311349,-0.3068192839823136,-0.3068192839823136,3,12,1.236,69,0.06504065040650407,10,11,0
range5_le_0.03,range5,legacy,2025,63,210,47,0.3,-0.003234600181433038,-0.2037798114302814,-0.0009703800544299106,0.47619047619047616,-0.015186232909005217,-0.11000000000000008,-0.16644171779141093,-0.24457912457912456,3,10,3.742857142857143,272,0.09069212410501193,25,34,11
range5_le_0.03,range5,legacy,2026,29,102,23,0.28431372549019607,-0.0035329280258193066,-0.1024549127487599,-0.0010044599289094126,0.4482758620689655,-0.020752688172043114,-0.11000000000000004,-0.13967798085291572,-0.15591976364484536,3,5,5.009803921568627,150,0.11731843575418995,8,19,1
range5_le_0.05,range5,legacy,pooled,387,1046,270,0.369980879541109,0.0012819993872694789,0.49613376287328836,0.000474315260873126,0.5271317829457365,0.008594740671447729,-0.11000000000000008,-0.30933717296562546,-0.35457912457912455,25,50,6.248565965583174,1720,0.20790513833992094,124,249,25
range5_le_0.05,range5,legacy,original_dev,158,533,115,0.2964352720450281,0.006902842028285299,1.0906490404690772,0.002046245854538607,0.5569620253164557,0.022977232261241716,-0.10999999999999997,-0.25033001178613523,-0.25033001178613523,13,26,5.658536585365853,722,0.23326133909287258,50,106,7
range5_le_0.05,range5,legacy,later_development,229,513,155,0.44639376218323584,-0.002596136583387721,-0.5945152775957881,-0.0011588991765999759,0.5065502183406113,0.004234875444839812,-0.12096453193194277,-0.30933717296562546,-0.35457912457912455,13,25,6.861598440545809,998,0.19326683291770574,74,143,18
range5_le_0.05,range5,legacy,2021,107,233,70,0.4592274678111588,0.006189255900038477,0.6622503813041171,0.0028422763146099465,0.5420560747663551,0.01633969118982726,-0.10999999999999997,-0.11888331940963535,-0.22213243546576875,6,11,8.759656652360515,478,0.27472527472527475,32,73,6
range5_le_0.05,range5,legacy,2022,41,251,36,0.16334661354581673,0.011229844157380656,0.46042361045260694,0.0018343570137554065,0.6097560975609756,0.027778250893004904,-0.10999999999999997,-0.25033001178613523,-0.25033001178613523,5,12,3.2270916334661353,210,0.1891891891891892,13,28,1
range5_le_0.05,range5,legacy,2023,60,250,50,0.24,-0.000726930585545168,-0.04361583513271008,-0.00017446334053084042,0.5,0.003257633190403628,-0.110621301775148,-0.3068192839823136,-0.20570817287120247,7,12,3.416,184,0.15040650406504066,23,32,0
range5_le_0.05,range5,legacy,2025,121,210,74,0.5761904761904761,-0.005105252844909732,-0.6177355942340775,-0.00294159806778132,0.49586776859504134,-0.003781094527363296,-0.12488383402966584,-0.30933717296562546,-0.35457912457912455,4,10,8.842857142857143,583,0.1766109785202864,47,69,14
range5_le_0.05,range5,legacy,2026,58,102,40,0.5686274509803921,0.0006001931117819363,0.0348112004833523,0.00034128627924855077,0.5344827586206896,0.004723475640324057,-0.11131584148631295,-0.15040114613180522,-0.15591976364484536,3,5,9.549019607843137,265,0.2737430167597765,9,47,4
range5_le_0.1,range5,legacy,pooled,766,1046,394,0.7323135755258127,0.005060830931163164,3.8765964932709833,0.0037061151943317263,0.5313315926892951,0.00864756438585513,-0.11000000000000008,-0.48572345320256693,-0.48572345320256693,27,50,11.08508604206501,3901,0.5051383399209486,127,613,42
range5_le_0.1,range5,legacy,original_dev,298,533,171,0.5590994371482176,0.008792308468109522,2.620107923496638,0.004915774715753543,0.5570469798657718,0.012910410817334692,-0.10999999999999997,-0.48572345320256693,-0.48572345320256693,14,26,9.816135084427767,1653,0.5421166306695464,47,247,9
range5_le_0.1,range5,legacy,later_development,468,513,223,0.9122807017543859,0.0026848046362699714,1.2564885697743466,0.0024492954576498006,0.5149572649572649,0.005114217263875185,-0.11000000000000008,-0.3068192839823136,-0.3915059788743743,13,25,12.403508771929825,2248,0.4837905236907731,80,366,33
range5_le_0.1,range5,legacy,2021,187,233,98,0.8025751072961373,0.00988495822868893,1.84848718876483,0.007933421411007857,0.5614973262032086,0.01633969118982726,-0.10999999999999997,-0.17775355567977147,-0.22213243546576864,7,11,13.746781115879829,1097,0.5714285714285714,31,153,7
range5_le_0.1,range5,legacy,2022,89,251,59,0.3545816733067729,0.005696324812944516,0.506972908352062,0.002019812383872759,0.550561797752809,0.015567089580930346,-0.10999999999999997,-0.48572345320256693,-0.48572345320256693,6,12,6.609561752988048,470,0.5202702702702703,12,76,2
range5_le_0.1,range5,legacy,2023,120,250,70,0.48,0.003213323532552863,0.3855988239063436,0.0015423952956253749,0.5083333333333333,0.00187747264071759,-0.11042458897542046,-0.3068192839823136,-0.31570817287120256,6,12,6.96,466,0.3902439024390244,24,88,0
range5_le_0.1,range5,legacy,2025,266,210,110,1.2666666666666666,0.0043129534121018175,1.1472456076190836,0.00546307432199564,0.5300751879699248,0.019998726606068058,-0.11000000000000008,-0.2334928702527178,-0.3915059788743743,6,10,16.67142857142857,1329,0.5202863961813843,48,209,24
range5_le_0.1,range5,legacy,2026,104,102,57,1.0196078431372548,-0.0001125772631859201,-0.01170803537133569,-0.000114784660503287,0.49038461538461536,-0.007575121318074354,-0.11000000000000008,-0.15040114613180522,-0.22000000000000006,2,5,14.627450980392156,539,0.5139664804469274,12,87,9
dollar5_ge_10000.0,dollar5,legacy,pooled,1265,1046,459,1.2093690248565965,0.0065596689846290565,8.297981265555757,0.007933060483322906,0.5557312252964427,0.04199460038169712,-0.12230515915998291,-0.48572345320256693,-0.6634859506489802,31,50,14.31453154875717,6779,1.0,0,1072,62
dollar5_ge_10000.0,dollar5,legacy,original_dev,463,533,200,0.8686679174484052,0.004916311282168907,2.2762521236442037,0.004270641883009768,0.5615550755939525,0.02762029746281703,-0.11566563577774694,-0.48572345320256693,-0.5922222222222226,16,26,12.157598499061914,2663,1.0,0,405,13
dollar5_ge_10000.0,dollar5,legacy,later_development,802,513,259,1.5633528265107213,0.007508390451261287,6.021729141911552,0.011738263434525446,0.5523690773067331,0.06833826679180789,-0.12346400952283346,-0.307979797979798,-0.6634859506489802,15,25,16.555555555555557,4116,1.0,0,667,49
dollar5_ge_10000.0,dollar5,legacy,2021,273,233,108,1.1716738197424892,0.0031417854381917683,0.8577074246263527,0.0036811477451774823,0.5531135531135531,0.025989591005057162,-0.11000000000000008,-0.40555555555555556,-0.5922222222222226,6,11,16.390557939914164,1698,1.0,0,243,10
dollar5_ge_10000.0,dollar5,legacy,2022,148,251,73,0.5896414342629482,0.00773009915264002,1.144054674590723,0.004557986751357464,0.5675675675675675,0.027699274177910967,-0.11000000000000008,-0.48572345320256693,-0.3846123420914558,9,12,8.56175298804781,762,1.0,0,128,3
dollar5_ge_10000.0,dollar5,legacy,2023,246,250,90,0.984,0.005320987733209639,1.3089629823695712,0.00523585192947829,0.556910569105691,0.0849317738791422,-0.15617003367003363,-0.31048890560361053,-0.6634859506489802,6,12,9.36,1101,1.0,0,200,1
dollar5_ge_10000.0,dollar5,legacy,2025,419,210,124,1.9952380952380953,0.00866061081546813,3.6287959316811467,0.01727998062705308,0.5608591885441527,0.10111111111111094,-0.13006506754893865,-0.2334928702527178,-0.44,7,10,22.71904761904762,2296,1.0,0,360,36
dollar5_ge_10000.0,dollar5,legacy,2026,179,102,64,1.7549019607843137,0.007589163420603145,1.358460252287963,0.01331823776752905,0.5363128491620112,0.030970968247293403,-0.11024450634478497,-0.15529914529914535,-0.36583604947783327,3,5,18.568627450980394,922,1.0,0,141,12
dollar5_ge_100000.0,dollar5,legacy,pooled,1264,1046,459,1.2084130019120458,0.0065816987576197954,8.319267229631421,0.007953410353376121,0.5561708860759493,0.04257397982174916,-0.1223353782457268,-0.48572345320256693,-0.6634859506489802,31,50,14.31357552581262,6772,0.9992094861660079,0,1072,62
dollar5_ge_100000.0,dollar5,legacy,original_dev,463,533,200,0.8686679174484052,0.004916311282168907,2.2762521236442037,0.004270641883009768,0.5615550755939525,0.02762029746281703,-0.11566563577774694,-0.48572345320256693,-0.5922222222222226,16,26,12.157598499061914,2663,1.0,0,405,13
dollar5_ge_100000.0,dollar5,legacy,later_development,801,513,259,1.5614035087719298,0.007544338459409758,6.043015105987216,0.011779756541885414,0.5530586766541823,0.06875243664717347,-0.12347517730496448,-0.307979797979798,-0.6634859506489802,15,25,16.553606237816766,4109,0.9987531172069826,0,667,49
dollar5_ge_100000.0,dollar5,legacy,2021,273,233,108,1.1716738197424892,0.0031417854381917683,0.8577074246263527,0.0036811477451774823,0.5531135531135531,0.025989591005057162,-0.11000000000000008,-0.40555555555555556,-0.5922222222222226,6,11,16.390557939914164,1698,1.0,0,243,10
dollar5_ge_100000.0,dollar5,legacy,2022,148,251,73,0.5896414342629482,0.00773009915264002,1.144054674590723,0.004557986751357464,0.5675675675675675,0.027699274177910967,-0.11000000000000008,-0.48572345320256693,-0.3846123420914558,9,12,8.56175298804781,762,1.0,0,128,3
dollar5_ge_100000.0,dollar5,legacy,2023,245,250,90,0.98,0.005429587536511163,1.330248946445235,0.005320995785780945,0.5591836734693878,0.10111111111111094,-0.15690235690235685,-0.31048890560361053,-0.6634859506489802,6,12,9.356,1095,0.9959349593495935,0,200,1
dollar5_ge_100000.0,dollar5,legacy,2025,419,210,124,1.9952380952380953,0.00866061081546813,3.6287959316811467,0.01727998062705308,0.5608591885441527,0.10111111111111094,-0.13006506754893865,-0.2334928702527178,-0.44,7,10,22.71904761904762,2296,1.0,0,360,36
dollar5_ge_100000.0,dollar5,legacy,2026,179,102,64,1.7549019607843137,0.007589163420603145,1.358460252287963,0.01331823776752905,0.5363128491620112,0.030970968247293403,-0.11024450634478497,-0.15529914529914535,-0.36583604947783327,3,5,18.568627450980394,921,1.0,0,141,12
dollar5_ge_1000000.0,dollar5,legacy,pooled,1228,1046,450,1.1739961759082218,0.008718332886916385,10.70611278513332,0.010235289469534723,0.5610749185667753,0.04775085353801845,-0.11068022036653873,-0.48572345320256693,-0.5534859506489801,33,50,13.995219885277246,6619,0.9652173913043478,7,1044,62
dollar5_ge_1000000.0,dollar5,legacy,original_dev,452,533,197,0.8480300187617261,0.007828898088615081,3.538661936054017,0.006639140592971891,0.5663716814159292,0.027983271936364747,-0.11000000000000008,-0.48572345320256693,-0.3846123420914558,17,26,12.061913696060037,2625,0.9719222462203023,2,395,13
dollar5_ge_1000000.0,dollar5,legacy,later_development,776,513,253,1.5126705653021442,0.009236405733349615,7.167450849079302,0.013971639082025932,0.5579896907216495,0.09483077027531651,-0.1118087092625475,-0.3068192839823136,-0.5534859506489801,16,25,16.003898635477583,3994,0.9613466334164589,5,649,49
dollar5_ge_1000000.0,dollar5,legacy,2021,266,233,106,1.1416309012875536,0.008697182595374053,2.3134505703694983,0.009928972405019307,0.5639097744360902,0.031646401715384805,-0.11000000000000008,-0.30590017825311944,-0.2655857128443144,7,11,16.30472103004292,1685,0.9743589743589743,0,239,10
dollar5_ge_1000000.0,dollar5,legacy,2022,145,251,72,0.5776892430278885,0.008709955610204215,1.2629435634796113,0.0050316476632653855,0.5724137931034483,0.027778250893004904,-0.11000000000000008,-0.48572345320256693,-0.3846123420914558,9,12,8.418326693227092,750,0.972972972972973,1,124,3
dollar5_ge_1000000.0,dollar5,legacy,2023,228,250,87,0.912,0.006738676940134163,1.5364183423505893,0.006145673369402362,0.5570175438596491,0.0849317738791422,-0.12166851394669144,-0.31048890560361053,-0.5534859506489801,6,12,8.508,1033,0.9105691056910569,4,185,1
dollar5_ge_1000000.0,dollar5,legacy,2025,414,210,123,1.9714285714285715,0.010242497138437197,4.240393815312999,0.02019235150149048,0.5676328502415459,0.10111111111111094,-0.1154072066596383,-0.2209144542772863,-0.44,7,10,22.65714285714286,2255,0.9832935560859188,2,356,36
dollar5_ge_1000000.0,dollar5,legacy,2026,175,102,62,1.7156862745098038,0.007730894249260685,1.3529064936206199,0.013263789153143335,0.5371428571428571,0.030970968247293403,-0.11000000000000008,-0.15529914529914535,-0.36583604947783327,4,5,18.058823529411764,896,0.9776536312849162,0,140,12
dollar5_ge_5000000.0,dollar5,legacy,pooled,1046,1046,416,1.0,0.00950772713876613,9.945082587149372,0.009507727138766133,0.5564053537284895,0.034726790275594006,-0.11000000000000008,-0.30590017825311944,-0.3849572952335971,37,50,12.85755258126195,5830,0.8150197628458498,15,919,59
dollar5_ge_5000000.0,dollar5,legacy,original_dev,407,533,181,0.7636022514071295,0.008498987662909767,3.459087978804275,0.006489846114079318,0.5577395577395577,0.020396702730551393,-0.11000000000000008,-0.30590017825311944,-0.29848062967572087,18,26,11.52532833020638,2462,0.8660907127429806,6,361,13
dollar5_ge_5000000.0,dollar5,legacy,later_development,639,513,235,1.2456140350877194,0.010150226304139432,6.485994608345097,0.012643264343752628,0.5555555555555556,0.05365686120287339,-0.11000000000000008,-0.19081620494489138,-0.3849572952335971,19,25,14.241715399610136,3368,0.7855361596009975,9,558,46
dollar5_ge_5000000.0,dollar5,legacy,2021,258,233,105,1.1072961373390557,0.00812079489728947,2.0951650835006834,0.008992124821891347,0.5581395348837209,0.026423309070774732,-0.11000000000000008,-0.30590017825311944,-0.2655857128443144,7,11,16.36051502145923,1652,0.9413919413919414,1,234,10
dollar5_ge_5000000.0,dollar5,legacy,2022,122,251,61,0.4860557768924303,0.007618206112186307,0.9294211456867294,0.0037028730903853778,0.5491803278688525,0.017542281333990058,-0.11000000000000008,-0.2944364937388194,-0.29848062967572087,9,12,7.5458167330677295,663,0.8108108108108109,2,104,3
dollar5_ge_5000000.0,dollar5,legacy,2023,157,250,74,0.628,0.011275445200643303,1.7702448965009985,0.0070809795860039965,0.554140127388535,0.04649428230073394,-0.11,-0.19081620494489138,-0.3849572952335971,8,12,7.248,772,0.6016260162601627,9,133,0
dollar5_ge_5000000.0,dollar5,legacy,2025,366,210,116,1.7428571428571429,0.011674662984020283,4.2729266521514235,0.02034726977214964,0.5655737704918032,0.10111111111111094,-0.11000000000000008,-0.17902738432483478,-0.3299999999999999,9,10,20.79047619047619,2012,0.8711217183770883,1,328,35
dollar5_ge_5000000.0,dollar5,legacy,2026,143,102,60,1.4019607843137254,0.00613513852664012,0.8773248093095372,0.008601223620681735,0.5384615384615384,0.020740740740740733,-0.11000000000000008,-0.1504497787476511,-0.2627220424307803,4,5,15.343137254901961,731,0.7877094972067039,2,120,11
volx_ge_0.5,volx,legacy,pooled,1253,1046,458,1.1978967495219885,0.0067730254802950635,8.486600926809714,0.008113385207275066,0.5554668794892259,0.041612010516120186,-0.12155912834569917,-0.5218650621042966,-0.6634859506489802,32,50,14.204588910133843,6468,0.9857707509881423,6,1067,62
volx_ge_0.5,volx,legacy,original_dev,458,533,199,0.8592870544090057,0.007373941997050892,3.3772654346493085,0.0063363328980287235,0.5655021834061136,0.027983271936364747,-0.11000000000000008,-0.48572345320256693,-0.3846123420914558,18,26,12.086303939962477,2554,0.9827213822894169,3,402,13
volx_ge_0.5,volx,legacy,later_development,795,513,259,1.5497076023391814,0.006426837097057116,5.109335492160407,0.009959718308304893,0.549685534591195,0.062327044025157326,-0.12406530777164607,-0.5218650621042966,-0.6634859506489802,14,25,16.405458089668617,3914,0.9875311720698254,3,665,49
volx_ge_0.5,volx,legacy,2021,269,233,107,1.1545064377682404,0.006146743312531109,1.6534739510708683,0.007096454725626047,0.5576208178438662,0.026857027136492302,-0.11000000000000008,-0.37,-0.2657431457431456,7,11,16.38197424892704,1635,0.9816849816849816,1,241,10
volx_ge_0.5,volx,legacy,2022,147,251,73,0.5856573705179283,0.008495323493521771,1.2488125535477004,0.004975348818915143,0.5714285714285714,0.027778250893004904,-0.11000000000000008,-0.48572345320256693,-0.3846123420914558,10,12,8.51792828685259,735,0.9864864864864865,1,127,3
volx_ge_0.5,volx,legacy,2023,245,250,90,0.98,0.0057328889952452215,1.4045578038350792,0.0056182312153403215,0.5551020408163265,0.06875243664717347,-0.1431700204141149,-0.307979797979798,-0.6634859506489802,6,12,9.284,1030,0.991869918699187,1,200,1
volx_ge_0.5,volx,legacy,2025,415,210,124,1.9761904761904763,0.00792077086677237,3.2871199097105332,0.015652951951002542,0.5566265060240964,0.06741231192747633,-0.12752500313985243,-0.2334928702527178,-0.44,7,10,22.542857142857144,2190,0.9856801909307876,2,360,36
volx_ge_0.5,volx,legacy,2026,177,102,64,1.7352941176470589,0.005043145246584943,0.8926367086455349,0.008751340280838581,0.536723163841808,0.030970968247293403,-0.11371050607336301,-0.5218650621042966,-0.5218650621042966,2,5,18.11764705882353,878,0.9832402234636871,1,139,12
volx_ge_1.0,volx,legacy,pooled,1208,1046,451,1.1548757170172084,0.0072395142181114515,8.745333175478633,0.008360739173497741,0.5496688741721855,0.03645086010961352,-0.11233564365412091,-0.48572345320256693,-0.6634859506489801,32,50,13.954110898661568,5360,0.9059288537549407,62,984,60
volx_ge_1.0,volx,legacy,original_dev,449,533,198,0.8424015009380863,0.006240954499237476,2.8021885701576266,0.005257389437443955,0.5478841870824054,0.021646451972675347,-0.11000000000000008,-0.48572345320256693,-0.3846123420914558,17,26,12.142589118198874,2108,0.9157667386609071,25,377,13
volx_ge_1.0,volx,legacy,later_development,759,513,253,1.4795321637426901,0.00783023004653624,5.943144605321007,0.011585077203354792,0.5507246376811594,0.06237339380196528,-0.12256083971257153,-0.3068192839823136,-0.6634859506489801,16,25,15.836257309941521,3252,0.9002493765586035,37,607,47
volx_ge_1.0,volx,legacy,2021,265,233,107,1.1373390557939915,0.005847946531091121,1.5497058307391471,0.006651097986004925,0.539622641509434,0.021646451972675347,-0.11000000000000008,-0.30590017825311944,-0.27442839777292005,6,11,16.476394849785407,1329,0.9304029304029304,11,228,10
volx_ge_1.0,volx,legacy,2022,142,251,73,0.5657370517928287,0.005416854538238563,0.7691933444298759,0.0030645153164536917,0.5492957746478874,0.01987690952209465,-0.11000000000000008,-0.48572345320256693,-0.3846123420914558,9,12,8.577689243027889,618,0.8918918918918919,10,118,3
volx_ge_1.0,volx,legacy,2023,231,250,85,0.924,0.006447307367696954,1.4893280019379964,0.005957312007751988,0.5584415584415584,0.06875243664717347,-0.15250841750841748,-0.3068192839823136,-0.6634859506489801,7,12,8.532,870,0.8821138211382114,14,178,1
volx_ge_1.0,volx,legacy,2025,403,210,123,1.9190476190476191,0.009945200606407623,4.007915844382272,0.01908531354467749,0.56575682382134,0.10111111111111094,-0.12337606596850548,-0.2334928702527178,-0.44,7,10,22.133333333333333,1815,0.9140811455847255,20,334,35
volx_ge_1.0,volx,legacy,2026,167,102,63,1.6372549019607843,0.005564012898139771,0.9291901539893418,0.009109707392052377,0.5149700598802395,0.020740740740740733,-0.11000000000000008,-0.15529914529914535,-0.30100763738934216,3,5,17.872549019607842,728,0.8938547486033519,7,126,11
volx_ge_2.0,volx,legacy,pooled,774,1046,382,0.739961759082218,0.00442844048873047,3.4276129382773837,0.0032768766140319184,0.537467700258398,0.01670630423985276,-0.11000000000000008,-0.3068192839823136,-0.4864155817168322,31,50,9.812619502868069,2114,0.4735177865612648,175,516,34
volx_ge_2.0,volx,legacy,original_dev,284,533,162,0.5328330206378987,0.009578049898758042,2.7201661712472838,0.005103501259375767,0.5528169014084507,0.014854883459517916,-0.10999999999999997,-0.30590017825311944,-0.2606079191693913,17,26,8.613508442776736,786,0.4773218142548596,63,206,11
volx_ge_2.0,volx,legacy,later_development,490,513,220,0.9551656920077972,0.001443768912306328,0.7074467670301007,0.0013790385322224226,0.5285714285714286,0.017661520883765276,-0.12263501514059691,-0.3068192839823136,-0.4864155817168322,15,25,11.058479532163743,1328,0.4713216957605985,112,310,23
volx_ge_2.0,volx,legacy,2021,161,233,86,0.6909871244635193,0.004909988562545081,0.7905081585697581,0.003392738877981796,0.5341614906832298,0.007943409247756836,-0.10999999999999997,-0.30590017825311944,-0.2606079191693913,7,11,11.356223175965665,458,0.4249084249084249,45,111,8
volx_ge_2.0,volx,legacy,2022,96,251,61,0.38247011952191234,0.014623998320272563,1.403903838746166,0.005593242385442893,0.5729166666666666,0.03138978945835525,-0.10999999999999997,-0.1204234207682484,-0.1718816303740926,7,12,6.254980079681275,260,0.5608108108108109,13,75,3
volx_ge_2.0,volx,legacy,2023,147,250,67,0.588,-0.0019065788248225943,-0.28026708724892135,-0.0011210683489956837,0.5238095238095238,0.019579623650653806,-0.14357036122599984,-0.3068192839823136,-0.4434859506489801,7,12,5.652,372,0.4878048780487805,27,98,1
volx_ge_2.0,volx,legacy,2025,250,210,110,1.1904761904761905,0.0050865931645109564,1.2716482911277391,0.006055468052989236,0.552,0.029039230477728502,-0.11054715509547701,-0.2655011274395459,-0.4864155817168322,7,10,14.81904761904762,680,0.43914081145584727,66,159,14
volx_ge_2.0,volx,legacy,2026,120,102,58,1.1764705882352942,0.002015164475688683,0.24181973708264198,0.002370781736104333,0.5,0.0015678436051770415,-0.11029126600424025,-0.15529914529914535,-0.33097611630321905,3,5,14.931372549019608,344,0.5363128491620112,24,73,8
volx_ge_4.0,volx,legacy,pooled,169,1046,134,0.1615678776290631,-0.0010195507482505305,-0.17230407645433965,-0.00016472665052996127,0.5325443786982249,0.019379279876297957,-0.1547535915621023,-0.3068192839823136,-0.42570817287120255,23,50,1.7160611854684513,340,0.091699604743083,53,88,8
volx_ge_4.0,volx,legacy,original_dev,52,533,44,0.0975609756097561,0.00577577393078058,0.30034024440059015,0.0005634901395883497,0.5576923076923077,0.015488659743639228,-0.11000000000000008,-0.1385403050108932,-0.1385403050108932,12,26,1.399624765478424,104,0.07775377969762419,16,32,1
volx_ge_4.0,volx,legacy,later_development,117,513,90,0.22807017543859648,-0.004039695050042139,-0.47264432085493024,-0.0009213339587815395,0.5213675213675214,0.035614035087719216,-0.17067689312274273,-0.3068192839823136,-0.42570817287120255,11,25,2.0448343079922027,236,0.09975062344139651,37,56,7
volx_ge_4.0,volx,legacy,2021,28,233,23,0.12017167381974249,-0.0013831838342148912,-0.038729147358016955,-0.0001662195165580125,0.5,-0.0005772178173610778,-0.11000000000000008,-0.11000000000000008,-0.11000000000000008,4,11,1.6909871244635193,47,0.06593406593406594,10,17,1
volx_ge_4.0,volx,legacy,2022,19,251,17,0.07569721115537849,0.020493788511815825,0.38938198172450067,0.0015513226363525923,0.631578947368421,0.10111111111111094,-0.10999999999999997,-0.10999999999999997,-0.10999999999999997,7,12,0.9920318725099602,46,0.10135135135135136,4,13,0
volx_ge_4.0,volx,legacy,2023,36,250,22,0.144,-0.0027373177183444303,-0.0985434378603995,-0.0003941737514415984,0.5555555555555556,0.026326672167808714,-0.14908912380004993,-0.3068192839823136,-0.42570817287120255,4,12,1.024,71,0.11788617886178862,7,22,1
volx_ge_4.0,volx,legacy,2025,51,210,44,0.24285714285714285,-0.011012513277272849,-0.5616381771409152,-0.002674467510194833,0.5098039215686274,0.004234875444839812,-0.17859340691299858,-0.2209144542772863,-0.2209144542772863,5,10,2.461904761904762,99,0.07398568019093078,20,21,4
volx_ge_4.0,volx,legacy,2026,35,102,28,0.3431372549019608,0.003920705833728325,0.13722470418049137,0.0013453402370636413,0.5142857142857142,0.023816425120772873,-0.13576097042116464,-0.1724561403508772,-0.22000000000000006,3,5,3.715686274509804,77,0.12849162011173185,12,15,2
nprint20_ge_0.25,nprint20,legacy,pooled,1206,1046,443,1.152963671128107,0.008313665173884363,10.026280199704543,0.009585353919411612,0.5597014925373134,0.0443102955998106,-0.11144392428050777,-0.48572345320256693,-0.5922222222222226,37,50,14.024856596558317,6593,0.9462450592885375,9,1036,62
nprint20_ge_0.25,nprint20,legacy,original_dev,446,533,193,0.8367729831144465,0.0058252486897764745,2.598060915640308,0.0048744107235277855,0.5627802690582959,0.026423309070774732,-0.11000000000000008,-0.48572345320256693,-0.5922222222222226,18,26,12.095684803001877,2616,0.9611231101511879,1,394,13
nprint20_ge_0.25,nprint20,legacy,later_development,760,513,250,1.4814814814814814,0.009773972742189782,7.428219284064235,0.014479959618058938,0.5578947368421052,0.09483077027531651,-0.11163901481313378,-0.307979797979798,-0.44,19,25,16.029239766081872,3977,0.9376558603491272,8,642,49
nprint20_ge_0.25,nprint20,legacy,2021,267,233,106,1.145922746781116,0.0042172936902220405,1.1260174152892848,0.004832692769481913,0.5543071161048689,0.025989591005057162,-0.11000000000000008,-0.40555555555555556,-0.5922222222222226,8,11,16.36480686695279,1683,0.978021978021978,0,239,10
nprint20_ge_0.25,nprint20,legacy,2022,140,251,68,0.5577689243027888,0.008425787358187704,1.1796102301462785,0.004699642351180393,0.5714285714285714,0.027699274177910967,-0.1105211710384125,-0.48572345320256693,-0.48572345320256693,8,12,8.450199203187251,745,0.9459459459459459,0,123,3
nprint20_ge_0.25,nprint20,legacy,2023,222,250,87,0.888,0.011297786777114408,2.5081086645193986,0.010032434658077597,0.5765765765765766,0.10111111111111094,-0.12179977666788216,-0.307979797979798,-0.30085986124353253,9,12,8.608,1029,0.8902439024390244,3,183,1
nprint20_ge_0.25,nprint20,legacy,2025,408,210,120,1.9428571428571428,0.010778611228067064,4.397673381051362,0.020941301814530296,0.5661764705882353,0.10111111111111094,-0.11064085028779855,-0.2209144542772863,-0.44,9,10,22.385714285714286,2239,0.9618138424821002,5,353,36
nprint20_ge_0.25,nprint20,legacy,2026,169,102,62,1.6568627450980393,0.004821718986379996,0.8148705086982193,0.007988926555864894,0.5207100591715976,0.008594740671447729,-0.11000000000000008,-0.1504497787476511,-0.36583604947783327,3,5,18.46078431372549,897,0.9385474860335196,1,138,12
nprint20_ge_0.5,nprint20,legacy,pooled,1073,1046,421,1.025812619502868,0.009044594476034703,9.704849872785235,0.009278059151802331,0.5554520037278659,0.03223125564588992,-0.11000000000000008,-0.40555555555555556,-0.44,37,50,13.448374760994264,6115,0.8347826086956521,17,951,60
nprint20_ge_0.5,nprint20,legacy,original_dev,409,533,182,0.7673545966228893,0.00874720003914339,3.5776048160096465,0.0067122041576166,0.5647921760391198,0.025989591005057162,-0.11000000000000008,-0.40555555555555556,-0.22888888888888853,20,26,11.692307692307692,2492,0.8704103671706264,6,367,13
nprint20_ge_0.5,nprint20,legacy,later_development,664,513,239,1.2943469785575048,0.009227778699963234,6.127245056775587,0.011943947479094717,0.5496987951807228,0.05084563336921822,-0.11000000000000008,-0.307979797979798,-0.44,17,25,15.2729044834308,3623,0.814214463840399,11,584,47
nprint20_ge_0.5,nprint20,legacy,2021,250,233,104,1.0729613733905579,0.006977373089989968,1.744343272497492,0.007486451813293961,0.564,0.026460616966203283,-0.11000000000000003,-0.40555555555555556,-0.22605821359018893,8,11,15.918454935622318,1623,0.9047619047619048,3,226,10
nprint20_ge_0.5,nprint20,legacy,2022,129,251,64,0.5139442231075697,0.010867339279242366,1.4018867670222652,0.005585206243116595,0.5581395348837209,0.019357116313637908,-0.11000000000000004,-0.16377651828236317,-0.22888888888888853,9,12,8.274900398406375,708,0.8581081081081081,2,114,3
nprint20_ge_0.5,nprint20,legacy,2023,179,250,78,0.716,0.0128824946515428,2.305966542626161,0.009223866170504646,0.5698324022346368,0.06273855877207836,-0.11000000000000008,-0.307979797979798,-0.307979797979798,9,12,7.928,878,0.7032520325203252,6,157,1
nprint20_ge_0.5,nprint20,legacy,2025,368,210,117,1.7523809523809524,0.009187565888258335,3.381024246879067,0.016100115461328893,0.5543478260869565,0.05325749440739081,-0.11000000000000008,-0.2209144542772863,-0.44,8,10,21.60952380952381,2091,0.8663484486873508,5,328,34
nprint20_ge_0.5,nprint20,legacy,2026,147,102,58,1.4411764705882353,0.005929449277280604,0.8716290437602487,0.008545382781963227,0.5238095238095238,0.008594740671447729,-0.11000000000000008,-0.1504497787476511,-0.36583604947783327,3,5,17.264705882352942,815,0.8156424581005587,1,126,12
nprint20_ge_0.75,nprint20,legacy,pooled,853,1046,382,0.8154875717017208,0.0067006828548953935,5.715682475225771,0.0054643235900820025,0.536928487690504,0.01348405187521907,-0.11000000000000008,-0.34569223297602947,-0.4215073456033031,34,50,11.723709369024856,5300,0.649802371541502,31,762,51
nprint20_ge_0.75,nprint20,legacy,original_dev,348,533,168,0.6529080675422139,0.01215549658579744,4.230112811857509,0.007936421785848987,0.5689655172413793,0.023193146867804278,-0.10999999999999997,-0.1596937568921306,-0.21999999999999983,19,26,10.600375234521575,2295,0.7365010799136069,7,320,13
nprint20_ge_0.75,nprint20,legacy,later_development,505,513,214,0.9844054580896686,0.002941722105679726,1.4855696633682618,0.0028958472970141576,0.5148514851485149,0.008291018291018313,-0.11000000000000008,-0.34569223297602947,-0.4215073456033031,15,25,12.89083820662768,3005,0.5997506234413965,24,442,38
nprint20_ge_0.75,nprint20,legacy,2021,220,233,99,0.944206008583691,0.011352251478218917,2.4974953252081615,0.01071886405668739,0.5681818181818182,0.026460616966203283,-0.10999999999999997,-0.11888331940963535,-0.21999999999999983,9,11,15.025751072961373,1518,0.7912087912087912,4,202,10
nprint20_ge_0.75,nprint20,legacy,2022,109,251,60,0.4342629482071713,0.011623875632593691,1.2670024439527123,0.005047818501803636,0.5596330275229358,0.019357116313637908,-0.10999999999999997,-0.1596937568921306,-0.18842210253341327,8,12,7.306772908366534,649,0.7162162162162162,3,100,3
nprint20_ge_0.75,nprint20,legacy,2023,123,250,64,0.492,0.015337798863941064,1.886549260264751,0.007546197041059005,0.5772357723577236,0.04649428230073394,-0.10999999999999997,-0.21013262049815562,-0.30085986124353253,9,12,6.212,701,0.483739837398374,4,111,0
nprint20_ge_0.75,nprint20,legacy,2025,289,210,105,1.3761904761904762,0.00328333961553217,0.9488851488887972,0.004518500708994275,0.5190311418685121,0.012006210341568799,-0.11000000000000008,-0.34569223297602947,-0.4215073456033031,6,10,18.39047619047619,1768,0.6539379474940334,15,255,28
nprint20_ge_0.75,nprint20,legacy,2026,112,102,54,1.0980392156862746,-0.007895086634720093,-0.8842497030886505,-0.008669114736163235,0.45535714285714285,-0.01991769873120857,-0.11110027855153208,-0.1504497787476511,-0.36583604947783327,2,5,14.833333333333334,664,0.5977653631284916,5,94,10
nprint20_ge_1.0,nprint20,legacy,pooled,622,1046,332,0.5946462715105163,0.0010068338706014852,0.6262506675141237,0.000598710007183676,0.5016077170418006,0.00028160026968116793,-0.10999999999999997,-0.17488888888888887,-0.33877227657541914,26,50,9.467495219885278,4033,0.45296442687747035,49,546,35
nprint20_ge_1.0,nprint20,legacy,original_dev,261,533,146,0.4896810506566604,0.006354709664246628,1.65857922236837,0.0031117809050063244,0.5363984674329502,0.007305515122109094,-0.10999999999999997,-0.1596937568921306,-0.21999999999999983,13,26,8.716697936210132,1766,0.5399568034557235,11,239,11
nprint20_ge_1.0,nprint20,legacy,later_development,361,513,186,0.7037037037037037,-0.002859635886022844,-1.0323285548542467,-0.0020123363642382966,0.47645429362880887,-0.01174291938997817,-0.11000000000000008,-0.17488888888888887,-0.33877227657541914,13,25,10.24756335282651,2267,0.4027431421446384,38,307,24
nprint20_ge_1.0,nprint20,legacy,2021,167,233,89,0.7167381974248928,0.004752021947036822,0.7935876651551492,0.003405955644442702,0.5329341317365269,0.007305515122109094,-0.10999999999999997,-0.11213243546576877,-0.21999999999999983,5,11,12.42489270386266,1167,0.5824175824175825,8,152,8
nprint20_ge_1.0,nprint20,legacy,2022,83,251,52,0.33067729083665337,0.007989638662081033,0.6631400089527257,0.002641992067540741,0.5301204819277109,0.0063243812532911645,-0.10999999999999997,-0.1596937568921306,-0.18842210253341327,7,12,6.135458167330677,513,0.5405405405405406,3,76,3
nprint20_ge_1.0,nprint20,legacy,2023,83,250,50,0.332,0.014046974637950453,1.1658988949498876,0.004663595579799552,0.5542168674698795,0.01652569096642554,-0.10999999999999997,-0.11000000000000008,-0.22888888888888875,7,12,5.128,525,0.3130081300813008,6,75,0
nprint20_ge_1.0,nprint20,legacy,2025,210,210,93,1.0,-0.003471575178601616,-0.7290307875063393,-0.003471575178601612,0.48095238095238096,-0.011827482639539802,-0.10999999999999997,-0.17488888888888887,-0.3299999999999998,5,10,14.933333333333334,1333,0.43914081145584727,26,177,16
nprint20_ge_1.0,nprint20,legacy,2026,79,102,48,0.7745098039215687,-0.016042343215662024,-1.2673451140372998,-0.012424952098404898,0.4050632911392405,-0.02890584762263692,-0.11000000000000008,-0.12325182166234415,-0.33877227657541914,2,5,10.294117647058824,495,0.40782122905027934,6,66,8
fresh_age_le_0,fresh_age,legacy,pooled,1265,1046,459,1.2093690248565965,0.0065596689846290565,8.297981265555757,0.007933060483322906,0.5557312252964427,0.04199460038169712,-0.12230515915998291,-0.48572345320256693,-0.6634859506489802,31,50,14.31453154875717,6779,1.0,0,1072,62
fresh_age_le_0,fresh_age,legacy,original_dev,463,533,200,0.8686679174484052,0.004916311282168907,2.2762521236442037,0.004270641883009768,0.5615550755939525,0.02762029746281703,-0.11566563577774694,-0.48572345320256693,-0.5922222222222226,16,26,12.157598499061914,2663,1.0,0,405,13
fresh_age_le_0,fresh_age,legacy,later_development,802,513,259,1.5633528265107213,0.007508390451261287,6.021729141911552,0.011738263434525446,0.5523690773067331,0.06833826679180789,-0.12346400952283346,-0.307979797979798,-0.6634859506489802,15,25,16.555555555555557,4116,1.0,0,667,49
fresh_age_le_0,fresh_age,legacy,2021,273,233,108,1.1716738197424892,0.0031417854381917683,0.8577074246263527,0.0036811477451774823,0.5531135531135531,0.025989591005057162,-0.11000000000000008,-0.40555555555555556,-0.5922222222222226,6,11,16.390557939914164,1698,1.0,0,243,10
fresh_age_le_0,fresh_age,legacy,2022,148,251,73,0.5896414342629482,0.00773009915264002,1.144054674590723,0.004557986751357464,0.5675675675675675,0.027699274177910967,-0.11000000000000008,-0.48572345320256693,-0.3846123420914558,9,12,8.56175298804781,762,1.0,0,128,3
fresh_age_le_0,fresh_age,legacy,2023,246,250,90,0.984,0.005320987733209639,1.3089629823695712,0.00523585192947829,0.556910569105691,0.0849317738791422,-0.15617003367003363,-0.31048890560361053,-0.6634859506489802,6,12,9.36,1101,1.0,0,200,1
fresh_age_le_0,fresh_age,legacy,2025,419,210,124,1.9952380952380953,0.00866061081546813,3.6287959316811467,0.01727998062705308,0.5608591885441527,0.10111111111111094,-0.13006506754893865,-0.2334928702527178,-0.44,7,10,22.71904761904762,2296,1.0,0,360,36
fresh_age_le_0,fresh_age,legacy,2026,179,102,64,1.7549019607843137,0.007589163420603145,1.358460252287963,0.01331823776752905,0.5363128491620112,0.030970968247293403,-0.11024450634478497,-0.15529914529914535,-0.36583604947783327,3,5,18.568627450980394,922,1.0,0,141,12
fresh_age_le_1,fresh_age,legacy,pooled,1265,1046,459,1.2093690248565965,0.0065596689846290565,8.297981265555757,0.007933060483322906,0.5557312252964427,0.04199460038169712,-0.12230515915998291,-0.48572345320256693,-0.6634859506489802,31,50,14.31453154875717,6779,1.0,0,1072,62
fresh_age_le_1,fresh_age,legacy,original_dev,463,533,200,0.8686679174484052,0.004916311282168907,2.2762521236442037,0.004270641883009768,0.5615550755939525,0.02762029746281703,-0.11566563577774694,-0.48572345320256693,-0.5922222222222226,16,26,12.157598499061914,2663,1.0,0,405,13
fresh_age_le_1,fresh_age,legacy,later_development,802,513,259,1.5633528265107213,0.007508390451261287,6.021729141911552,0.011738263434525446,0.5523690773067331,0.06833826679180789,-0.12346400952283346,-0.307979797979798,-0.6634859506489802,15,25,16.555555555555557,4116,1.0,0,667,49
fresh_age_le_1,fresh_age,legacy,2021,273,233,108,1.1716738197424892,0.0031417854381917683,0.8577074246263527,0.0036811477451774823,0.5531135531135531,0.025989591005057162,-0.11000000000000008,-0.40555555555555556,-0.5922222222222226,6,11,16.390557939914164,1698,1.0,0,243,10
fresh_age_le_1,fresh_age,legacy,2022,148,251,73,0.5896414342629482,0.00773009915264002,1.144054674590723,0.004557986751357464,0.5675675675675675,0.027699274177910967,-0.11000000000000008,-0.48572345320256693,-0.3846123420914558,9,12,8.56175298804781,762,1.0,0,128,3
fresh_age_le_1,fresh_age,legacy,2023,246,250,90,0.984,0.005320987733209639,1.3089629823695712,0.00523585192947829,0.556910569105691,0.0849317738791422,-0.15617003367003363,-0.31048890560361053,-0.6634859506489802,6,12,9.36,1101,1.0,0,200,1
fresh_age_le_1,fresh_age,legacy,2025,419,210,124,1.9952380952380953,0.00866061081546813,3.6287959316811467,0.01727998062705308,0.5608591885441527,0.10111111111111094,-0.13006506754893865,-0.2334928702527178,-0.44,7,10,22.71904761904762,2296,1.0,0,360,36
fresh_age_le_1,fresh_age,legacy,2026,179,102,64,1.7549019607843137,0.007589163420603145,1.358460252287963,0.01331823776752905,0.5363128491620112,0.030970968247293403,-0.11024450634478497,-0.15529914529914535,-0.36583604947783327,3,5,18.568627450980394,922,1.0,0,141,12
fresh_age_le_3,fresh_age,legacy,pooled,1265,1046,459,1.2093690248565965,0.0065596689846290565,8.297981265555757,0.007933060483322906,0.5557312252964427,0.04199460038169712,-0.12230515915998291,-0.48572345320256693,-0.6634859506489802,31,50,14.31453154875717,6779,1.0,0,1072,62
fresh_age_le_3,fresh_age,legacy,original_dev,463,533,200,0.8686679174484052,0.004916311282168907,2.2762521236442037,0.004270641883009768,0.5615550755939525,0.02762029746281703,-0.11566563577774694,-0.48572345320256693,-0.5922222222222226,16,26,12.157598499061914,2663,1.0,0,405,13
fresh_age_le_3,fresh_age,legacy,later_development,802,513,259,1.5633528265107213,0.007508390451261287,6.021729141911552,0.011738263434525446,0.5523690773067331,0.06833826679180789,-0.12346400952283346,-0.307979797979798,-0.6634859506489802,15,25,16.555555555555557,4116,1.0,0,667,49
fresh_age_le_3,fresh_age,legacy,2021,273,233,108,1.1716738197424892,0.0031417854381917683,0.8577074246263527,0.0036811477451774823,0.5531135531135531,0.025989591005057162,-0.11000000000000008,-0.40555555555555556,-0.5922222222222226,6,11,16.390557939914164,1698,1.0,0,243,10
fresh_age_le_3,fresh_age,legacy,2022,148,251,73,0.5896414342629482,0.00773009915264002,1.144054674590723,0.004557986751357464,0.5675675675675675,0.027699274177910967,-0.11000000000000008,-0.48572345320256693,-0.3846123420914558,9,12,8.56175298804781,762,1.0,0,128,3
fresh_age_le_3,fresh_age,legacy,2023,246,250,90,0.984,0.005320987733209639,1.3089629823695712,0.00523585192947829,0.556910569105691,0.0849317738791422,-0.15617003367003363,-0.31048890560361053,-0.6634859506489802,6,12,9.36,1101,1.0,0,200,1
fresh_age_le_3,fresh_age,legacy,2025,419,210,124,1.9952380952380953,0.00866061081546813,3.6287959316811467,0.01727998062705308,0.5608591885441527,0.10111111111111094,-0.13006506754893865,-0.2334928702527178,-0.44,7,10,22.71904761904762,2296,1.0,0,360,36
fresh_age_le_3,fresh_age,legacy,2026,179,102,64,1.7549019607843137,0.007589163420603145,1.358460252287963,0.01331823776752905,0.5363128491620112,0.030970968247293403,-0.11024450634478497,-0.15529914529914535,-0.36583604947783327,3,5,18.568627450980394,922,1.0,0,141,12
fresh_age_le_5,fresh_age,legacy,pooled,1265,1046,459,1.2093690248565965,0.0065596689846290565,8.297981265555757,0.007933060483322906,0.5557312252964427,0.04199460038169712,-0.12230515915998291,-0.48572345320256693,-0.6634859506489802,31,50,14.31453154875717,6779,1.0,0,1072,62
fresh_age_le_5,fresh_age,legacy,original_dev,463,533,200,0.8686679174484052,0.004916311282168907,2.2762521236442037,0.004270641883009768,0.5615550755939525,0.02762029746281703,-0.11566563577774694,-0.48572345320256693,-0.5922222222222226,16,26,12.157598499061914,2663,1.0,0,405,13
fresh_age_le_5,fresh_age,legacy,later_development,802,513,259,1.5633528265107213,0.007508390451261287,6.021729141911552,0.011738263434525446,0.5523690773067331,0.06833826679180789,-0.12346400952283346,-0.307979797979798,-0.6634859506489802,15,25,16.555555555555557,4116,1.0,0,667,49
fresh_age_le_5,fresh_age,legacy,2021,273,233,108,1.1716738197424892,0.0031417854381917683,0.8577074246263527,0.0036811477451774823,0.5531135531135531,0.025989591005057162,-0.11000000000000008,-0.40555555555555556,-0.5922222222222226,6,11,16.390557939914164,1698,1.0,0,243,10
fresh_age_le_5,fresh_age,legacy,2022,148,251,73,0.5896414342629482,0.00773009915264002,1.144054674590723,0.004557986751357464,0.5675675675675675,0.027699274177910967,-0.11000000000000008,-0.48572345320256693,-0.3846123420914558,9,12,8.56175298804781,762,1.0,0,128,3
fresh_age_le_5,fresh_age,legacy,2023,246,250,90,0.984,0.005320987733209639,1.3089629823695712,0.00523585192947829,0.556910569105691,0.0849317738791422,-0.15617003367003363,-0.31048890560361053,-0.6634859506489802,6,12,9.36,1101,1.0,0,200,1
fresh_age_le_5,fresh_age,legacy,2025,419,210,124,1.9952380952380953,0.00866061081546813,3.6287959316811467,0.01727998062705308,0.5608591885441527,0.10111111111111094,-0.13006506754893865,-0.2334928702527178,-0.44,7,10,22.71904761904762,2296,1.0,0,360,36
fresh_age_le_5,fresh_age,legacy,2026,179,102,64,1.7549019607843137,0.007589163420603145,1.358460252287963,0.01331823776752905,0.5363128491620112,0.030970968247293403,-0.11024450634478497,-0.15529914529914535,-0.36583604947783327,3,5,18.568627450980394,922,1.0,0,141,12
top3_age_le_15,top3_age,legacy,pooled,51,1046,37,0.04875717017208413,0.01747009623835752,0.8909749081562335,0.0008517924552162845,0.6078431372549019,0.10111111111111094,-0.10999999999999997,-0.16495729523359715,-0.21999999999999983,11,50,0.29636711281070743,118,0.0308300395256917,12,34,3
top3_age_le_15,top3_age,legacy,original_dev,12,533,8,0.0225140712945591,0.048333333333333346,0.5800000000000002,0.0010881801125703571,0.75,0.10111111111111117,-0.10999999999999997,-0.10999999999999997,-0.10999999999999997,4,26,0.16322701688555347,28,0.019438444924406047,3,8,0
top3_age_le_15,top3_age,legacy,later_development,39,513,29,0.07602339181286549,0.00797371559374957,0.3109749081562332,0.0006061889047879791,0.5641025641025641,0.10111111111111094,-0.10999999999999999,-0.16495729523359715,-0.21999999999999983,7,25,0.4346978557504873,90,0.03740648379052369,9,26,3
top3_age_le_15,top3_age,legacy,2021,6,233,4,0.02575107296137339,0.06592592592592596,0.3955555555555557,0.001697663328564617,0.8333333333333334,0.10111111111111117,-0.05722222222222216,-0.10999999999999986,-0.008888888888888696,2,11,0.15021459227467812,16,0.018315018315018316,1,5,0
top3_age_le_15,top3_age,legacy,2022,6,251,4,0.02390438247011952,0.030740740740740746,0.18444444444444447,0.0007348384240814522,0.6666666666666666,0.10111111111111105,-0.10999999999999997,-0.10999999999999997,-0.10999999999999997,2,12,0.20717131474103587,10,0.02702702702702703,2,3,0
top3_age_le_15,top3_age,legacy,2023,10,250,6,0.04,0.012319713037845539,0.12319713037845538,0.0004927885215138216,0.6,0.10111111111111094,-0.1402265123784784,-0.16495729523359715,-0.10740112994350288,2,12,0.188,25,0.028455284552845527,3,6,0
top3_age_le_15,top3_age,legacy,2025,22,210,17,0.10476190476190476,0.005151515151515151,0.11333333333333333,0.0005396825396825397,0.5454545454545454,0.10111111111111094,-0.10999999999999997,-0.10999999999999997,-0.21999999999999983,4,10,0.6761904761904762,58,0.0405727923627685,5,15,3
top3_age_le_15,top3_age,legacy,2026,7,102,6,0.06862745098039216,0.010634920634920646,0.07444444444444452,0.0007298474945533777,0.5714285714285714,0.10111111111111094,-0.11000000000000006,-0.11000000000000008,-0.11000000000000008,1,5,0.3333333333333333,9,0.0335195530726257,1,5,0
top3_age_le_30,top3_age,legacy,pooled,176,1046,126,0.1682600382409178,0.015026352864318542,2.6446381041200633,0.002528334707571763,0.6079545454545454,0.10111111111111094,-0.11000000000000008,-0.40555555555555556,-0.3424260355029584,20,50,1.060229445506692,493,0.1233201581027668,20,128,8
top3_age_le_30,top3_age,legacy,original_dev,62,533,43,0.11632270168855535,0.008237677305831723,0.5107359929615668,0.000958228879852846,0.5806451612903226,0.10111111111111094,-0.11000000000000008,-0.40555555555555556,-0.3133333333333334,8,26,0.7504690431519699,171,0.12526997840172785,4,46,1
top3_age_le_30,top3_age,legacy,later_development,114,513,83,0.2222222222222222,0.01871843957156576,2.1339021111584966,0.004159653238125725,0.6228070175438597,0.10111111111111094,-0.11000000000000008,-0.19081620494489138,-0.3424260355029584,12,25,1.3820662768031189,322,0.12219451371571072,16,82,7
top3_age_le_30,top3_age,legacy,2021,39,233,26,0.16738197424892703,-0.0029617244342782455,-0.11550725293685157,-0.0004957392829907793,0.5384615384615384,0.10111111111111094,-0.11000000000000008,-0.40555555555555556,-0.3133333333333334,3,11,1.2789699570815452,108,0.13553113553113552,2,32,1
top3_age_le_30,top3_age,legacy,2022,18,251,12,0.07171314741035857,0.006704871685714599,0.12068769034286278,0.00048082745156519054,0.5555555555555556,0.10111111111111094,-0.11156351311523734,-0.1204234207682484,-0.1204234207682484,2,12,0.36254980079681276,44,0.10810810810810811,2,11,0
top3_age_le_30,top3_age,legacy,2023,40,250,29,0.16,0.02517836018466062,1.0071344073864248,0.004028537629545699,0.65,0.10111111111111094,-0.110621301775148,-0.19081620494489138,-0.3424260355029584,7,12,0.672,108,0.14227642276422764,5,27,0
top3_age_le_30,top3_age,legacy,2025,60,210,44,0.2857142857142857,0.021360589509345086,1.281635370560705,0.006103025574098596,0.6333333333333333,0.10111111111111094,-0.11000000000000008,-0.16644171779141093,-0.22232266164469558,5,10,2.104761904761905,191,0.12649164677804295,7,48,6
top3_age_le_30,top3_age,legacy,2026,19,102,15,0.18627450980392157,0.018457257303522254,0.3506878887669228,0.0034381165565384596,0.631578947368421,0.10111111111111094,-0.11000000000000008,-0.11000000000000008,-0.11000000000000008,3,5,1.0784313725490196,42,0.08379888268156424,4,10,1
top3_age_le_60,top3_age,legacy,pooled,426,1046,238,0.4072657743785851,0.004556703198624893,1.9411555626142043,0.0018557892568013433,0.568075117370892,0.10111111111111094,-0.14446668247033997,-0.48572345320256693,-0.4524260355029584,26,50,3.3432122370936903,1458,0.31462450592885377,28,312,26
top3_age_le_60,top3_age,legacy,original_dev,148,533,89,0.2776735459662289,-0.010390297770892948,-1.5377640700921562,-0.002885110825688847,0.527027027027027,0.026994551190134837,-0.18706399841382348,-0.48572345320256693,-0.42444444444444474,10,26,2.6397748592870545,523,0.2958963282937365,11,107,6
top3_age_le_60,top3_age,legacy,later_development,278,513,149,0.5419103313840156,0.012514099398224314,3.478919632706359,0.00678151975186425,0.5899280575539568,0.10111111111111094,-0.1224347397685709,-0.3068192839823136,-0.4524260355029584,16,25,4.074074074074074,935,0.3254364089775561,17,205,20
top3_age_le_60,top3_age,legacy,2021,89,233,50,0.38197424892703863,-0.019665332463529174,-1.7502145892540963,-0.0075116505976570635,0.47191011235955055,-0.017061536244415636,-0.15399086640642418,-0.40555555555555556,-0.42444444444444474,2,11,3.3175965665236054,324,0.3076923076923077,5,67,5
top3_age_le_60,top3_age,legacy,2022,42,251,27,0.16733067729083664,0.004741594685387231,0.19914697678626372,0.0007934142501444771,0.5952380952380952,0.10111111111111094,-0.12012582446650552,-0.48572345320256693,-0.3846123420914558,6,12,1.8167330677290836,128,0.25675675675675674,4,31,1
top3_age_le_60,top3_age,legacy,2023,90,250,51,0.36,0.004141467149185348,0.3727320434266813,0.001490928173706727,0.5888888888888889,0.10111111111111094,-0.19122652092945047,-0.3068192839823136,-0.4524260355029584,8,12,2.48,282,0.34552845528455284,5,60,0
top3_age_le_60,top3_age,legacy,2025,156,210,81,0.7428571428571429,0.017526074837719192,2.734067674684194,0.013019369879448543,0.6089743589743589,0.10111111111111094,-0.11039914780019515,-0.2334928702527178,-0.2994175800558779,8,10,6.20952380952381,593,0.33890214797136037,14,119,17
top3_age_le_60,top3_age,legacy,2026,49,102,29,0.4803921568627451,0.007865784836146153,0.3854234569711615,0.0037786613428545265,0.5510204081632653,0.10111111111111094,-0.11000000000000008,-0.15529914529914535,-0.22000000000000006,2,5,3.372549019607843,131,0.2737430167597765,0,35,3
top3_age_le_120,top3_age,legacy,pooled,708,1046,332,0.6768642447418738,0.0008207403858193187,0.5810841931600776,0.0005555298213767492,0.5409604519774012,0.07921074063536372,-0.1419149759871551,-0.48572345320256693,-0.7944444444444447,24,50,6.624282982791587,2875,0.5438735177865612,20,559,41
top3_age_le_120,top3_age,legacy,original_dev,238,533,127,0.44652908067542213,-0.004381957327440151,-1.042905843930756,-0.0019566713769807787,0.5378151260504201,0.027049910961735264,-0.1520195521526125,-0.48572345320256693,-0.7944444444444447,13,26,4.9643527204502815,1040,0.5075593952483801,3,191,8
top3_age_le_120,top3_age,legacy,later_development,470,513,205,0.9161793372319688,0.0034552979512570917,1.6239900370908331,0.003165672586921706,0.5425531914893617,0.10111111111111094,-0.13603053081840846,-0.307979797979798,-0.7557081728712025,11,25,8.348927875243664,1835,0.5648379052369077,17,368,33
top3_age_le_120,top3_age,legacy,2021,141,233,69,0.6051502145922747,-0.007802217609553266,-1.1001126829470105,-0.004721513660716783,0.5177304964539007,0.0008224219786834384,-0.1385403050108932,-0.40555555555555556,-0.7944444444444447,5,11,6.459227467811159,643,0.5091575091575091,2,115,7
top3_age_le_120,top3_age,legacy,2022,71,251,43,0.28286852589641437,0.00012649841117432653,0.008981387193377183,3.57824190971208e-05,0.5492957746478874,0.03245336995079518,-0.11521171038412424,-0.48572345320256693,-0.3846123420914558,7,12,3.6215139442231075,282,0.47297297297297297,1,58,1
top3_age_le_120,top3_age,legacy,2023,154,250,71,0.616,-0.0015239408461241216,-0.23468689030311474,-0.0009387475612124571,0.538961038961039,0.10111111111111094,-0.18866626093364308,-0.31048890560361053,-0.7557081728712025,4,12,4.436,566,0.6097560975609756,4,114,0
top3_age_le_120,top3_age,legacy,2025,250,210,102,1.1904761904761905,0.006262050242839019,1.5655125607097546,0.0074548217176655,0.556,0.10111111111111094,-0.1268757955991999,-0.2334928702527178,-0.33,5,10,12.32857142857143,1056,0.5704057279236276,11,205,29
top3_age_le_120,top3_age,legacy,2026,92,102,47,0.9019607843137255,0.003710758896815996,0.3413898185070716,0.0033469590049712917,0.532608695652174,0.05354918696563983,-0.11000000000000008,-0.15529914529914535,-0.255573192239859,3,5,8.009803921568627,328,0.5027932960893855,2,67,4
pf_age_le_5,pf_age,legacy,pooled,439,1046,250,0.4196940726577438,9.252877810839166e-05,0.04062013358958394,3.883377972235792e-05,0.5330296127562643,0.05382978723404231,-0.13743236202859185,-0.48572345320256693,-0.48572345320256693,20,50,4.103250478011472,1086,0.25612648221343876,115,250,20
pf_age_le_5,pf_age,legacy,original_dev,157,533,100,0.2945590994371482,-0.015841468607472892,-2.487110571373244,-0.004666248726779069,0.47770700636942676,-0.01897600293093992,-0.16894753653277986,-0.48572345320256693,-0.48572345320256693,8,26,3.358348968105066,376,0.23326133909287258,49,82,4
pf_age_le_5,pf_age,legacy,later_development,282,513,150,0.5497076023391813,0.008963584060151875,2.5277307049628286,0.004927350302071793,0.5638297872340425,0.10111111111111094,-0.12147543960885121,-0.21013262049815562,-0.43096185585212166,12,25,4.87719298245614,710,0.26932668329177056,66,168,16
pf_age_le_5,pf_age,legacy,2021,90,233,53,0.38626609442060084,-0.014422012633672293,-1.2979811370305063,-0.005570734493693159,0.45555555555555555,-0.023666224727448275,-0.14420746917870986,-0.40555555555555556,-0.22000000000000006,3,11,4.334763948497854,229,0.23076923076923078,27,48,4
pf_age_le_5,pf_age,legacy,2022,50,251,33,0.199203187250996,-0.009870479111857733,-0.49352395559288664,-0.001966230898776441,0.54,0.04383955743059743,-0.20792581327543969,-0.48572345320256693,-0.48572345320256693,4,12,2.3426294820717133,112,0.25,13,29,0
pf_age_le_5,pf_age,legacy,2023,89,250,53,0.356,-0.005115901288350849,-0.45531521466322555,-0.0018212608586529008,0.5168539325842697,0.035614035087719216,-0.15938273210246212,-0.25457901336514066,-0.28384618412248613,6,12,2.896,242,0.26422764227642276,24,48,1
pf_age_le_5,pf_age,legacy,2025,154,210,76,0.7333333333333333,0.007088064836122474,1.091561984762861,0.0051979142131564834,0.5584415584415584,0.10111111111111094,-0.11055880692027317,-0.17506101477199754,-0.43096185585212166,4,10,7.0476190476190474,373,0.2720763723150358,40,93,11
pf_age_le_5,pf_age,legacy,2026,56,102,35,0.5490196078431373,0.0213549724305954,1.1958784561133424,0.011724298589346495,0.6071428571428571,0.10111111111111094,-0.11000000000000008,-0.1504497787476511,-0.22000000000000006,3,5,4.803921568627451,130,0.25139664804469275,11,32,4
pf_age_le_15,pf_age,legacy,pooled,792,1046,349,0.7571701720841301,0.005368808539276453,4.252096363106951,0.0040651016855707,0.5517676767676768,0.10111111111111094,-0.12209362555977565,-0.48572345320256693,-0.44159659120078015,29,50,7.730401529636711,2858,0.5565217391304348,88,584,38
pf_age_le_15,pf_age,legacy,original_dev,280,533,147,0.525328330206379,-0.0029636762273902717,-0.8298293436692761,-0.001556903083807271,0.5214285714285715,0.034544019233184516,-0.14549404829599302,-0.48572345320256693,-0.399591740786832,13,26,6.075046904315197,1025,0.5356371490280778,32,209,7
pf_age_le_15,pf_age,legacy,later_development,512,513,202,0.9980506822612085,0.009925636146047316,5.081925706776226,0.009906287927439038,0.568359375,0.10111111111111094,-0.11126072397618068,-0.32129476584022043,-0.44159659120078015,16,25,9.450292397660819,1833,0.5685785536159601,56,375,31
pf_age_le_15,pf_age,legacy,2021,165,233,81,0.7081545064377682,-0.004396818272700693,-0.7254750149956144,-0.003113626673800919,0.509090909090909,0.004884042921426088,-0.11831829824574608,-0.40555555555555556,-0.2657431457431456,5,11,7.965665236051502,648,0.5274725274725275,21,124,6
pf_age_le_15,pf_age,legacy,2022,87,251,49,0.3466135458167331,0.007330862687532426,0.637785053815321,0.0025409763100212,0.5747126436781609,0.10111111111111094,-0.14444180591123218,-0.48572345320256693,-0.399591740786832,7,12,3.9641434262948207,281,0.5472972972972973,6,68,1
pf_age_le_15,pf_age,legacy,2023,157,250,68,0.628,-0.006095611403897703,-0.9570109904119395,-0.003828043961647756,0.5159235668789809,0.02100430203233939,-0.1881701200079704,-0.31048890560361053,-0.34777777777777774,6,12,5.492,535,0.5772357723577236,15,109,1
pf_age_le_15,pf_age,legacy,2025,284,210,102,1.3523809523809525,0.0126617476000616,3.5959363184174946,0.017123506278178546,0.5774647887323944,0.10111111111111094,-0.11000000000000008,-0.32129476584022043,-0.44159659120078015,8,10,14.166666666666666,1039,0.5966587112171837,34,216,25
pf_age_le_15,pf_age,legacy,2026,99,102,49,0.9705882352941176,0.017180414103855436,1.7008609962816883,0.016675107806683218,0.5858585858585859,0.10111111111111094,-0.11000000000000008,-0.1504497787476511,-0.22000000000000006,3,5,8.696078431372548,355,0.4860335195530726,12,67,5
pf_age_le_30,pf_age,legacy,pooled,976,1046,391,0.9330783938814532,0.005849315783949043,5.708932205134266,0.00545787017699261,0.5512295081967213,0.07036332235357147,-0.12197274921680008,-0.48572345320256693,-0.40277056277056283,29,50,9.982791586998088,4116,0.7328063241106719,49,770,47
pf_age_le_30,pf_age,legacy,original_dev,341,533,167,0.6397748592870544,-0.0002029906647084372,-0.06921981666557708,-0.0001298683239504246,0.5366568914956011,0.0185452171765288,-0.13546249579549285,-0.48572345320256693,-0.399591740786832,14,26,7.962476547842401,1533,0.7019438444924406,16,278,12
pf_age_le_30,pf_age,legacy,later_development,635,513,224,1.2378167641325537,0.0090994520028344,5.778152021799844,0.011263454233527965,0.5590551181102362,0.10111111111111094,-0.12106647467818832,-0.307979797979798,-0.40277056277056283,15,25,12.08187134502924,2583,0.7506234413965087,33,492,35
pf_age_le_30,pf_age,legacy,2021,199,233,92,0.8540772532188842,-0.006697183847626966,-1.3327395856777662,-0.005719912384883116,0.5025125628140703,1.5516998166162713e-05,-0.1163407241721336,-0.40555555555555556,-0.30590017825311944,4,11,10.527896995708154,1001,0.6886446886446886,11,164,10
pf_age_le_30,pf_age,legacy,2022,107,251,58,0.4262948207171315,0.010992803819844948,1.1762300087234094,0.004686175333559402,0.5887850467289719,0.10111111111111094,-0.12419768198360272,-0.48572345320256693,-0.399591740786832,9,12,5.45816733067729,391,0.6891891891891891,5,87,2
pf_age_le_30,pf_age,legacy,2023,202,250,76,0.808,0.004683307399352822,0.9460280946692701,0.003784112378677086,0.5544554455445545,0.10111111111111094,-0.15909932659932652,-0.31048890560361053,-0.34777777777777774,5,12,6.712,742,0.8008130081300813,5,155,1
pf_age_le_30,pf_age,legacy,2025,334,210,111,1.5904761904761904,0.010514158148109682,3.5117288214686337,0.016722518197469685,0.5688622754491018,0.10111111111111094,-0.1154072066596383,-0.2334928702527178,-0.40277056277056283,8,10,17.50952380952381,1466,0.747016706443914,21,267,27
pf_age_le_30,pf_age,legacy,2026,134,102,54,1.3137254901960784,0.010505110939930748,1.4076848659507202,0.013800832019124711,0.5447761194029851,0.10111111111111094,-0.11000000000000008,-0.1504497787476511,-0.255573192239859,3,5,12.392156862745098,516,0.7094972067039106,7,97,7
pf_age_le_60,pf_age,legacy,pooled,1124,1046,424,1.0745697896749522,0.005945485078462785,6.6827252281921705,0.006388838650279324,0.5516014234875445,0.059525154032196166,-0.12175602242748525,-0.48572345320256693,-0.6933333333333338,32,50,12.058317399617591,5283,0.8782608695652174,13,935,58
pf_age_le_60,pf_age,legacy,original_dev,407,533,187,0.7636022514071295,0.00244417451383874,0.9947790271323672,0.0018663771615991922,0.547911547911548,0.021646451972675347,-0.11996139036066449,-0.48572345320256693,-0.6933333333333338,17,26,10.26078799249531,2056,0.8660907127429806,6,348,12
pf_age_le_60,pf_age,legacy,later_development,717,513,237,1.3976608187134503,0.007932979359916041,5.687946201059802,0.01108761442701716,0.5536959553695955,0.10111111111111094,-0.12194253013105619,-0.307979797979798,-0.44,15,25,13.925925925925926,3227,0.885286783042394,7,587,46
pf_age_le_60,pf_age,legacy,2021,240,233,100,1.0300429184549356,-0.00032119941168142206,-0.0770878588035413,-0.000330849179414337,0.5375,0.018434367339993936,-0.11232872437198978,-0.40555555555555556,-0.6933333333333338,7,11,13.605150214592275,1329,0.8681318681318682,3,209,10
pf_age_le_60,pf_age,legacy,2022,129,251,69,0.5139442231075697,0.006956268578081646,0.8973586465725323,0.003575134050089772,0.5581395348837209,0.020396702730551393,-0.11625405246094907,-0.48572345320256693,-0.399591740786832,9,12,7.274900398406374,543,0.8513513513513513,3,109,2
pf_age_le_60,pf_age,legacy,2023,222,250,82,0.888,0.006300771561522816,1.3987712866580653,0.005595085146632267,0.5585585585585585,0.10111111111111094,-0.1446813939924176,-0.31048890560361053,-0.34777777777777774,6,12,7.612,919,0.8983739837398373,1,178,1
pf_age_le_60,pf_age,legacy,2025,381,210,118,1.8142857142857143,0.007871089964848229,2.998885276607175,0.014280406079081785,0.5564304461942258,0.10111111111111094,-0.12661081034630928,-0.2334928702527178,-0.44,7,10,19.976190476190474,1864,0.9045346062052506,2,324,34
pf_age_le_60,pf_age,legacy,2026,152,102,55,1.4901960784313726,0.009636828139196968,1.464797877157939,0.014360763501548426,0.5460526315789473,0.07412591737309727,-0.11000000000000008,-0.15529914529914535,-0.3300000000000001,3,5,14.892156862745098,628,0.8268156424581006,4,115,11
history_range_pf1_r0.02,history_range,legacy,pooled,1442,1046,492,1.378585086042065,0.0038090240276278577,5.492612647839371,0.005251063716863645,0.5457697642163661,0.03031359493428954,-0.12321343377624568,-0.48572345320256693,-0.6552669552669553,31,50,16.03059273422562,7016,0.9841897233201581,197,1054,73
history_range_pf1_r0.02,history_range,legacy,original_dev,530,533,209,0.9943714821763602,0.005897467013220913,3.1256575170070837,0.005864273015022671,0.5679245283018868,0.03340122002546909,-0.11267948950583677,-0.48572345320256693,-0.5922222222222226,16,26,13.46904315196998,2775,0.978401727861771,77,396,21
history_range_pf1_r0.02,history_range,legacy,later_development,912,513,283,1.7777777777777777,0.002595345538193296,2.3669551308322863,0.004613947623454756,0.5328947368421053,0.028312640154980147,-0.13128918116552737,-0.307979797979798,-0.6552669552669553,15,25,18.692007797270954,4241,0.9875311720698254,120,658,52
history_range_pf1_r0.02,history_range,legacy,2021,318,233,115,1.3648068669527897,0.0019222259196005865,0.6112678424329865,0.002623467134905521,0.550314465408805,0.024201278095565833,-0.11031986531986539,-0.40614898989898995,-0.5922222222222226,5,11,18.622317596566525,1769,0.978021978021978,51,238,17
history_range_pf1_r0.02,history_range,legacy,2022,163,251,75,0.649402390438247,0.01181448180900984,1.925760534868604,0.007672352728560179,0.5828220858895705,0.03245336995079518,-0.11000000000000008,-0.48572345320256693,-0.3846123420914558,10,12,9.195219123505977,784,0.9797297297297297,18,125,4
history_range_pf1_r0.02,history_range,legacy,2023,289,250,102,1.156,-0.0005619946681773517,-0.16241645910325464,-0.0006496658364130159,0.5363321799307958,0.02100430203233939,-0.15981396864367609,-0.31048890560361053,-0.6552669552669553,6,12,10.8,1212,0.9878048780487805,46,197,3
history_range_pf1_r0.02,history_range,legacy,2025,470,210,132,2.238095238095238,0.004691933096745192,2.2052085554702403,0.010500993121286863,0.5446808510638298,0.04946285796878048,-0.1313900134952768,-0.2751024811218986,-0.4287145521767033,6,10,25.28095238095238,2365,0.9904534606205251,55,356,37
history_range_pf1_r0.02,history_range,legacy,2026,202,102,68,1.9803921568627452,0.0045187731394593835,0.9127921741707954,0.00894894288402741,0.5247524752475248,0.021823078058137775,-0.11789371494794712,-0.1569455145844798,-0.36583604947783327,4,5,20.705882352941178,886,0.9776536312849162,27,138,12
history_range_pf2_r0.02,history_range,legacy,pooled,1257,1046,455,1.2017208413001912,0.006182435766910661,7.7713217590067005,0.007429561911096276,0.5544948289578361,0.041612010516120186,-0.1224376411904417,-0.48572345320256693,-0.6552669552669553,31,50,14.18642447418738,6363,0.9841897233201581,12,1054,61
history_range_pf2_r0.02,history_range,legacy,original_dev,459,533,196,0.8611632270168855,0.004380874983929619,2.0108216176236953,0.0037726484383183816,0.5599128540305011,0.026857027136492302,-0.116249108552252,-0.48572345320256693,-0.5922222222222226,16,26,12.022514071294559,2509,0.978401727861771,6,396,13
history_range_pf2_r0.02,history_range,legacy,later_development,798,513,259,1.5555555555555556,0.007218671856369681,5.760500141383005,0.011229045109908397,0.5513784461152882,0.06766820443195933,-0.12394552226116619,-0.307979797979798,-0.6552669552669553,15,25,16.43469785575049,3854,0.9875311720698254,6,658,48
history_range_pf2_r0.02,history_range,legacy,2021,271,233,106,1.1630901287553648,0.0016922670619706672,0.45860437379405083,0.0019682591149959303,0.5461254612546126,0.021646451972675347,-0.11000000000000008,-0.40555555555555556,-0.5922222222222226,6,11,16.248927038626608,1587,0.978021978021978,4,238,10
history_range_pf2_r0.02,history_range,legacy,2022,147,251,72,0.5856573705179283,0.008530984180889267,1.2540546745907224,0.004996233763309653,0.5714285714285714,0.027778250893004904,-0.11000000000000008,-0.48572345320256693,-0.3846123420914558,9,12,8.49800796812749,725,0.9797297297297297,2,125,3
history_range_pf2_r0.02,history_range,legacy,2023,244,250,89,0.976,0.005554836062606317,1.3553799992759414,0.00542151999710377,0.5614754098360656,0.10111111111111094,-0.15763468013468007,-0.31048890560361053,-0.6552669552669553,6,12,9.148,1065,0.9878048780487805,1,197,1
history_range_pf2_r0.02,history_range,legacy,2025,417,210,124,1.9857142857142858,0.007747627436930006,3.2307606411998124,0.015384574481903874,0.5563549160671463,0.06741231192747633,-0.1304720154397575,-0.2334928702527178,-0.4399999999999999,6,10,22.728571428571428,2165,0.9904534606205251,2,356,35
history_range_pf2_r0.02,history_range,legacy,2026,178,102,64,1.7450980392156863,0.008272595899697602,1.472522070146173,0.014436490883786016,0.5393258426966292,0.045390336736000465,-0.11036675951717742,-0.15529914529914535,-0.36583604947783327,4,5,18.235294117647058,821,0.9776536312849162,3,138,12
history_range_pf3_r0.02,history_range,legacy,pooled,1063,1046,413,1.0162523900573615,0.006131806674865035,6.518110495381531,0.006231463188701277,0.5512699905926622,0.03510451045104502,-0.12133873471183677,-0.48572345320256693,-0.48572345320256693,31,50,12.109942638623327,5509,0.8308300395256917,12,903,50
history_range_pf3_r0.02,history_range,legacy,original_dev,372,533,174,0.6979362101313321,0.005714593255836295,2.125828691171102,0.003988421559420456,0.5618279569892473,0.024201278095565833,-0.110959595959596,-0.48572345320256693,-0.48572345320256693,17,26,9.99624765478424,2097,0.7904967602591793,6,324,9
history_range_pf3_r0.02,history_range,legacy,later_development,691,513,239,1.3469785575048734,0.006356413609566471,4.392281804210431,0.008561952834718192,0.5455861070911722,0.04949699699699695,-0.12336349948365431,-0.307979797979798,-0.40211874850045315,14,25,14.306042884990253,3412,0.8541147132169576,6,579,41
history_range_pf3_r0.02,history_range,legacy,2021,221,233,95,0.9484978540772532,0.004814256890999199,1.063950772910823,0.004566312330089371,0.5520361990950227,0.022412965186074503,-0.11000000000000008,-0.40555555555555556,-0.22888888888888886,7,11,13.304721030042918,1334,0.7948717948717948,4,195,8
history_range_pf3_r0.02,history_range,legacy,2022,117,251,63,0.46613545816733065,0.00815317700194629,0.9539217092277158,0.0038004848973215793,0.5726495726495726,0.02762029746281703,-0.11316304450089383,-0.48572345320256693,-0.48572345320256693,9,12,7.091633466135458,593,0.777027027027027,2,99,1
history_range_pf3_r0.02,history_range,legacy,2023,206,250,84,0.824,0.004675825879750676,0.9632201312286393,0.00385288052491456,0.5533980582524272,0.056497651666585276,-0.15617003367003363,-0.31048890560361053,-0.3566666666666666,4,12,7.716,938,0.8333333333333334,1,175,1
history_range_pf3_r0.02,history_range,legacy,2025,360,210,111,1.7142857142857142,0.007009316959796376,2.5233541055266953,0.012015971931079505,0.5527777777777778,0.05325749440739081,-0.12986159360352922,-0.2334928702527178,-0.32758840315478965,7,10,19.961904761904762,1903,0.8544152744630071,2,309,29
history_range_pf3_r0.02,history_range,legacy,2026,159,102,60,1.5588235294117647,0.006375243877280876,1.0136637764876593,0.00993788016164372,0.5283018867924528,0.020740740740740733,-0.11000000000000008,-0.15529914529914535,-0.40211874850045315,4,5,16.333333333333332,741,0.8715083798882681,3,125,11
history_range_pf1_r0.03,history_range,legacy,pooled,1436,1046,492,1.372848948374761,0.0036666778206026996,5.265349350385477,0.00503379479004348,0.5452646239554317,0.028091673384774703,-0.12330766057299923,-0.48572345320256693,-0.6552669552669553,31,50,16.010516252390058,6617,0.9770750988142293,200,1047,73
history_range_pf1_r0.03,history_range,legacy,original_dev,530,533,209,0.9943714821763602,0.0061653515740284605,3.267636334235084,0.006130649782805037,0.569811320754717,0.0337789402009201,-0.11267948950583677,-0.48572345320256693,-0.5922222222222226,16,26,13.527204502814259,2604,0.9740820734341252,79,394,21
history_range_pf1_r0.03,history_range,legacy,later_development,906,513,283,1.7660818713450293,0.002204981254029131,1.9977130161503927,0.0038941774193964824,0.5309050772626932,0.025360626702738982,-0.13210239918282876,-0.307979797979798,-0.6552669552669553,15,25,18.5906432748538,4013,0.9788029925187033,121,653,52
history_range_pf1_r0.03,history_range,legacy,2021,318,233,115,1.3648068669527897,0.002836316817278484,0.9019487478945578,0.0038710246690753535,0.5534591194968553,0.026423309070774732,-0.11031986531986539,-0.40614898989898995,-0.5922222222222226,5,11,18.5793991416309,1658,0.9706959706959707,53,236,17
history_range_pf1_r0.03,history_range,legacy,2022,163,251,75,0.649402390438247,0.010902199059110634,1.7770584466350334,0.007079914130020056,0.5828220858895705,0.029755351681957094,-0.11000000000000008,-0.48572345320256693,-0.3846123420914558,10,12,9.358565737051793,732,0.9797297297297297,18,125,4
history_range_pf1_r0.03,history_range,legacy,2023,289,250,102,1.156,-0.0012924829419182205,-0.3735275702143657,-0.0014941102808574604,0.532871972318339,0.019141448105805876,-0.15981396864367609,-0.31048890560361053,-0.6552669552669553,6,12,10.828,1173,0.983739837398374,47,197,3
history_range_pf1_r0.03,history_range,legacy,2025,464,210,132,2.2095238095238097,0.00446327200401509,2.0709582098630017,0.009861705761252396,0.5431034482758621,0.04403109435367492,-0.1323346828609988,-0.2742095315242339,-0.42705211205272475,6,10,25.0,2219,0.9761336515513126,55,351,37
history_range_pf1_r0.03,history_range,legacy,2026,202,102,68,1.9803921568627452,0.004400552060431931,0.8889115162072501,0.008714818786345594,0.5247524752475248,0.021823078058137775,-0.11789371494794712,-0.1569455145844798,-0.36583604947783327,4,5,20.705882352941178,835,0.9776536312849162,27,138,12
history_range_pf2_r0.03,history_range,legacy,pooled,1252,1046,455,1.1969407265774379,0.006132112521807037,7.67740487730241,0.007339775217306322,0.5543130990415336,0.041268968221023,-0.12245214829979573,-0.48572345320256693,-0.6552669552669553,32,50,14.195028680688337,5989,0.9762845849802372,17,1047,61
history_range_pf2_r0.03,history_range,legacy,original_dev,459,533,196,0.8611632270168855,0.004827511268709349,2.215827672337591,0.004157275182622126,0.5620915032679739,0.02762029746281703,-0.116249108552252,-0.48572345320256693,-0.5922222222222226,17,26,12.061913696060037,2348,0.9740820734341252,8,394,13
history_range_pf2_r0.03,history_range,legacy,later_development,793,513,259,1.5458089668615984,0.0068872348108005264,5.461577204964818,0.010646349327416801,0.5498108448928121,0.059997891629770324,-0.12472943052150239,-0.307979797979798,-0.6552669552669553,15,25,16.41130604288499,3641,0.9775561097256857,9,653,48
history_range_pf2_r0.03,history_range,legacy,2021,271,233,106,1.1630901287553648,0.0027648903293565376,0.7492852792556217,0.003215816649165762,0.5498154981549815,0.022412965186074503,-0.11000000000000008,-0.40555555555555556,-0.5922222222222226,7,11,16.206008583690988,1483,0.9706959706959707,6,236,10
history_range_pf2_r0.03,history_range,legacy,2022,147,251,72,0.5856573705179283,0.007948162066959504,1.168379823843047,0.004654899696585847,0.5714285714285714,0.027778250893004904,-0.11000000000000008,-0.48572345320256693,-0.3846123420914558,9,12,8.621513944223107,676,0.9797297297297297,2,125,3
history_range_pf2_r0.03,history_range,legacy,2023,243,250,89,0.972,0.005161600362818232,1.2542688881648303,0.0050170755526593265,0.5596707818930041,0.10111111111111094,-0.1583670033670033,-0.31048890560361053,-0.6552669552669553,6,12,9.172,1032,0.9796747967479674,2,197,1
history_range_pf2_r0.03,history_range,legacy,2025,413,210,124,1.9666666666666666,0.007381516030016437,3.048566120396788,0.014516981525698998,0.5544794188861986,0.059997891629770324,-0.1312859112213952,-0.2334928702527178,-0.4399999999999999,6,10,22.642857142857142,2026,0.9761336515513126,4,351,35
history_range_pf2_r0.03,history_range,legacy,2026,178,102,64,1.7450980392156863,0.0081848582339445,1.4569047656421212,0.014283380055314923,0.5393258426966292,0.04003483474302128,-0.11036675951717742,-0.15529914529914535,-0.36583604947783327,4,5,18.235294117647058,772,0.9776536312849162,3,138,12
history_range_pf2_r0.03,history_range,optimistic,pooled,1252,1046,455,1.1969407265774379,0.00781830350512262,9.78851598841352,0.009358045878024404,0.5623003194888179,0.05252619867667386,-0.12245214829979573,-0.48572345320256693,-0.6552669552669553,33,50,14.195028680688337,5989,0.9762845849802372,17,1047,61
history_range_pf2_r0.03,history_range,optimistic,original_dev,459,533,196,0.8611632270168855,0.00666725951368635,3.060272116782035,0.005741598718165173,0.5708061002178649,0.03510451045104502,-0.116249108552252,-0.48572345320256693,-0.5922222222222226,17,26,12.061913696060037,2348,0.9740820734341252,8,394,13
history_range_pf2_r0.03,history_range,optimistic,later_development,793,513,259,1.5458089668615984,0.008484544604831633,6.728243871631485,0.013115485129885938,0.5573770491803278,0.10111111111111094,-0.12472943052150239,-0.307979797979798,-0.6552669552669553,16,25,16.41130604288499,3641,0.9775561097256857,9,653,48
history_range_pf2_r0.03,history_range,optimistic,2021,271,233,106,1.1630901287553648,0.005880921489668143,1.5937297237000667,0.006840041732618312,0.5645756457564576,0.03609929078014163,-0.11000000000000008,-0.40555555555555556,-0.5922222222222226,7,11,16.206008583690988,1483,0.9706959706959707,6,236,10
history_range_pf2_r0.03,history_range,optimistic,2022,147,251,72,0.5856573705179283,0.007948162066959504,1.168379823843047,0.004654899696585847,0.5714285714285714,0.027778250893004904,-0.11000000000000008,-0.48572345320256693,-0.3846123420914558,9,12,8.621513944223107,676,0.9797297297297297,2,125,3
history_range_pf2_r0.03,history_range,optimistic,2023,243,250,89,0.972,0.0077679103765356545,1.887602221498164,0.007550408885992661,0.5720164609053497,0.10111111111111094,-0.1583670033670033,-0.31048890560361053,-0.6552669552669553,7,12,9.172,1032,0.9796747967479674,2,197,1
history_range_pf2_r0.03,history_range,optimistic,2025,413,210,124,1.9666666666666666,0.008403845865905596,3.4707883426190107,0.01652756353628101,0.559322033898305,0.08855042943952209,-0.1312859112213952,-0.2334928702527178,-0.4399999999999999,6,10,22.642857142857142,2026,0.9761336515513126,4,351,35
history_range_pf2_r0.03,history_range,optimistic,2026,178,102,64,1.7450980392156863,0.009370875712096811,1.6680158767532323,0.01635309683091405,0.5449438202247191,0.06061156515047873,-0.11036675951717742,-0.15529914529914535,-0.36583604947783327,4,5,18.235294117647058,772,0.9776536312849162,3,138,12
history_range_pf2_r0.03,history_range,pessimistic,pooled,1251,1046,455,1.1959847036328872,-0.01865048534416651,-23.331757165552304,-0.022305695186952485,0.4364508393285372,-0.03200000000000002,-0.13534802497182863,-0.5970843247397813,-0.8122661682868019,9,50,16.635755258126196,5985,0.9754940711462451,17,1046,61
history_range_pf2_r0.03,history_range,pessimistic,original_dev,459,533,196,0.8611632270168855,-0.019322993455598608,-8.869253996119761,-0.016640251399849454,0.4444444444444444,-0.028057203110583788,-0.13282662341132498,-0.48572345320256693,-0.8033333333333337,5,26,13.74484052532833,2348,0.9740820734341252,8,394,13
history_range_pf2_r0.03,history_range,pessimistic,later_development,792,513,259,1.543859649122807,-0.018260736325041087,-14.462503169432543,-0.028192013975502028,0.4318181818181818,-0.03589954117362958,-0.13593135150693128,-0.5970843247397813,-0.8122661682868019,4,25,19.639376218323587,3637,0.9763092269326683,9,652,48
history_range_pf2_r0.03,history_range,pessimistic,2021,271,233,106,1.1630901287553648,-0.019818295609976003,-5.3707581103034965,-0.023050463992718862,0.43911439114391143,-0.029125683060109313,-0.11409532452797887,-0.40555555555555556,-0.8033333333333337,1,11,18.090128755364805,1483,0.9706959706959707,6,236,10
history_range_pf2_r0.03,history_range,pessimistic,2022,147,251,72,0.5856573705179283,-0.01267922268883003,-1.8638457352580144,-0.007425680220151451,0.46938775510204084,-0.020327999092043962,-0.1274519219939072,-0.48572345320256693,-0.3846123420914558,4,12,9.880478087649402,676,0.9797297297297297,2,125,3
history_range_pf2_r0.03,history_range,pessimistic,2023,242,250,89,0.968,-0.028370667143397206,-6.865701448702124,-0.027462805794808497,0.40082644628099173,-0.0807671957671958,-0.15942659018859429,-0.31048890560361053,-0.8122661682868019,1,12,11.668,1030,0.975609756097561,2,196,1
history_range_pf2_r0.03,history_range,pessimistic,2025,413,210,124,1.9666666666666666,-0.012329679396243546,-5.0921575906485845,-0.024248369479278973,0.4600484261501211,-0.022956322218100393,-0.13783313494672791,-0.2334928702527178,-0.531507345603303,3,10,25.84285714285714,2024,0.9761336515513126,4,351,35
history_range_pf2_r0.03,history_range,pessimistic,2026,178,102,64,1.7450980392156863,-0.02325446225078699,-4.139294280640084,-0.04058131647686356,0.398876404494382,-0.044831963884241925,-0.11944420833845795,-0.5970843247397813,-0.5970843247397813,0,5,23.15686274509804,772,0.9776536312849162,3,138,12
history_range_pf3_r0.03,history_range,legacy,pooled,1060,1046,413,1.0133843212237095,0.005854489636586651,6.20575901478185,0.005932848006483607,0.55,0.030993303663923506,-0.12140598850430998,-0.48572345320256693,-0.48572345320256693,31,50,12.121414913957935,5186,0.8268774703557312,14,900,50
history_range_pf3_r0.03,history_range,legacy,original_dev,373,533,174,0.699812382739212,0.0059581773377737415,2.2224001469896058,0.004169606279530219,0.5630026809651475,0.025989591005057162,-0.11085297418630756,-0.48572345320256693,-0.48572345320256693,17,26,10.046904315196999,1962,0.7904967602591793,7,324,9
history_range_pf3_r0.03,history_range,legacy,later_development,687,513,239,1.3391812865497077,0.00579819340289992,3.983358867792245,0.007764832100959544,0.5429403202328966,0.04606758832565273,-0.12340817061217838,-0.307979797979798,-0.40211874850045315,14,25,14.276803118908383,3224,0.8478802992518704,7,576,41
history_range_pf3_r0.03,history_range,legacy,2021,222,233,95,0.9527896995708155,0.005613500358004517,1.2461970794770028,0.00534848531964379,0.5540540540540541,0.024201278095565833,-0.11000000000000008,-0.40555555555555556,-0.22888888888888886,7,11,13.28755364806867,1248,0.7948717948717948,5,195,8
history_range_pf3_r0.03,history_range,legacy,2022,117,251,63,0.46613545816733065,0.007420913320342225,0.8682468584800404,0.0034591508305977727,0.5726495726495726,0.02762029746281703,-0.11316304450089383,-0.48572345320256693,-0.48572345320256693,9,12,7.2151394422310755,552,0.777027027027027,2,99,1
history_range_pf3_r0.03,history_range,legacy,2023,206,250,84,0.824,0.0036510146607647,0.7521090201175282,0.0030084360804701164,0.5485436893203883,0.05084563336921822,-0.15617003367003363,-0.31048890560361053,-0.3566666666666666,4,12,7.744,906,0.8292682926829268,2,175,1
history_range_pf3_r0.03,history_range,legacy,2025,356,210,111,1.6952380952380952,0.00657629096832492,2.3411595847236715,0.011148378974874631,0.550561797752809,0.04946285796878048,-0.13067548938516693,-0.2334928702527178,-0.32758840315478965,7,10,19.857142857142858,1780,0.8448687350835322,2,306,29
history_range_pf3_r0.03,history_range,legacy,2026,159,102,60,1.5588235294117647,0.00627702183637489,0.9980464719836075,0.009784769333172627,0.5283018867924528,0.020740740740740733,-0.11000000000000008,-0.15529914529914535,-0.40211874850045315,4,5,16.333333333333332,700,0.8715083798882681,3,125,11
history_range_pf1_r0.05,history_range,legacy,pooled,1394,1046,483,1.3326959847036328,0.004043165115063188,5.636172170398084,0.005388309914338516,0.5473457675753228,0.035144280257529144,-0.123139735480161,-0.48572345320256693,-0.6552669552669553,31,50,15.295411089866157,5630,0.9138339920948617,238,968,72
history_range_pf1_r0.05,history_range,legacy,original_dev,514,533,204,0.9643527204502814,0.006264081421166988,3.2197378504798317,0.006040783959624451,0.5700389105058365,0.037264198526349664,-0.11415297622030528,-0.48572345320256693,-0.5922222222222226,15,26,12.953095684803001,2174,0.9114470842332614,92,365,20
history_range_pf1_r0.05,history_range,legacy,later_development,880,513,279,1.7153996101364521,0.0027459480908161972,2.4164343199182534,0.004710398284441046,0.5340909090909091,0.029510184898609577,-0.13278142769791057,-0.307979797979798,-0.6552669552669553,16,25,17.72904483430799,3456,0.9152119700748129,146,603,52
history_range_pf1_r0.05,history_range,legacy,2021,311,233,113,1.3347639484978542,0.003429921921642189,1.0667057176307209,0.004578136127170474,0.5594855305466238,0.03692625873627154,-0.11000000000000008,-0.40614898989898995,-0.5922222222222226,5,11,17.90557939914163,1381,0.9120879120879121,62,220,16
history_range_pf1_r0.05,history_range,legacy,2022,156,251,72,0.6215139442231076,0.012029054404674559,1.876532487129231,0.0074762250483236285,0.5833333333333334,0.03782650207586447,-0.11000000000000008,-0.48572345320256693,-0.3846123420914558,9,12,8.872509960159363,603,0.9054054054054054,22,114,4
history_range_pf1_r0.05,history_range,legacy,2023,280,250,101,1.12,-0.0019430230684445453,-0.5440464591644727,-0.00217618583665789,0.5357142857142857,0.0179988441160941,-0.1598385494287133,-0.31048890560361053,-0.6552669552669553,6,12,10.232,1045,0.9308943089430894,51,184,3
history_range_pf1_r0.05,history_range,legacy,2025,451,210,130,2.1476190476190475,0.004122081305352004,1.8590586687137538,0.008852660327208356,0.5432372505543237,0.05285812761190823,-0.1312325686009898,-0.2742095315242339,-0.4411880398726072,7,10,23.771428571428572,1888,0.918854415274463,66,328,37
history_range_pf1_r0.05,history_range,legacy,2026,196,102,67,1.9215686274509804,0.007030213041269665,1.3779217560888544,0.013509036824400536,0.5255102040816326,0.03170592533371531,-0.11000000000000008,-0.1569455145844798,-0.3551897138535232,4,5,20.098039215686274,713,0.888268156424581,37,122,12
history_range_pf2_r0.05,history_range,legacy,pooled,1215,1046,445,1.161567877629063,0.006324135563208437,7.683824709298251,0.007345912723994505,0.5555555555555556,0.04546723193781999,-0.12262657864599609,-0.48572345320256693,-0.6552669552669553,33,50,13.594646271510516,5062,0.9114624505928853,62,966,60
history_range_pf2_r0.05,history_range,legacy,original_dev,446,533,191,0.8367729831144465,0.005012436258670276,2.235546571366943,0.0041942712408385464,0.5627802690582959,0.028306189409224698,-0.11748992580566174,-0.48572345320256693,-0.5922222222222226,17,26,11.602251407129456,1941,0.9114470842332614,24,365,12
history_range_pf2_r0.05,history_range,legacy,later_development,769,513,254,1.4990253411306043,0.007084887045424325,5.448278137931306,0.010620425220139,0.5513654096228868,0.06875243664717347,-0.12535655712977134,-0.307979797979798,-0.6552669552669553,16,25,15.664717348927875,3121,0.9114713216957606,38,601,48
history_range_pf2_r0.05,history_range,legacy,2021,264,233,104,1.1330472103004292,0.003423614489258521,0.9038342251642495,0.0038791168461985003,0.5568181818181818,0.025259834461037974,-0.11000000000000008,-0.40555555555555556,-0.5922222222222226,7,11,15.532188841201716,1220,0.9120879120879121,15,220,9
history_range_pf2_r0.05,history_range,legacy,2022,141,251,69,0.5617529880478087,0.008791894644874166,1.2396571449272573,0.004938873087359592,0.5673758865248227,0.029755351681957094,-0.11000000000000008,-0.48572345320256693,-0.3846123420914558,9,12,8.254980079681275,552,0.9054054054054054,7,114,3
history_range_pf2_r0.05,history_range,legacy,2023,235,250,88,0.94,0.004813903813524564,1.1312673961782727,0.004525069584713096,0.5659574468085107,0.06875243664717347,-0.15987304741403102,-0.31048890560361053,-0.6552669552669553,6,12,8.828,918,0.9186991869918699,9,182,1
history_range_pf2_r0.05,history_range,legacy,2025,402,210,122,1.9142857142857144,0.007034272861588686,2.827777690358652,0.013465608049326918,0.554726368159204,0.09483077027531651,-0.12950575419252927,-0.2334928702527178,-0.4399999999999999,7,10,21.571428571428573,1715,0.918854415274463,17,328,35
history_range_pf2_r0.05,history_range,legacy,2026,173,102,62,1.696078431372549,0.009140394524102997,1.5812882526698184,0.015502826006566845,0.5317919075144508,0.05329903336451514,-0.11000000000000008,-0.15529914529914535,-0.3551897138535232,4,5,17.568627450980394,657,0.888268156424581,14,122,12
history_range_pf3_r0.05,history_range,legacy,pooled,1031,1046,403,0.98565965583174,0.006483541266358299,6.684531045615406,0.006390565053169606,0.553831231813773,0.03832300111270049,-0.12160288258609607,-0.48572345320256693,-0.48572345320256693,31,50,11.592734225621415,4374,0.7723320158102767,54,832,49
history_range_pf3_r0.05,history_range,legacy,original_dev,361,533,168,0.6772983114446529,0.006559118115868659,2.367841639828586,0.004442479624443878,0.5650969529085873,0.026857027136492302,-0.11000000000000008,-0.48572345320256693,-0.48572345320256693,17,26,9.606003752345217,1616,0.7321814254859611,22,297,8
history_range_pf3_r0.05,history_range,legacy,later_development,670,513,235,1.3060428849902534,0.006442820008637047,4.316689405786821,0.008414599231553258,0.5477611940298508,0.05279610500445598,-0.12302917629089902,-0.307979797979798,-0.40211874850045315,14,25,13.656920077972709,2758,0.7955112219451371,32,535,41
history_range_pf3_r0.05,history_range,legacy,2021,215,233,93,0.9227467811158798,0.006515097792491307,1.400746025385631,0.006011785516676527,0.5627906976744186,0.026857027136492302,-0.11000000000000008,-0.40555555555555556,-0.22888888888888886,7,11,12.6137339055794,1026,0.7362637362637363,14,179,7
history_range_pf3_r0.05,history_range,legacy,2022,112,251,59,0.44621513944223107,0.009511131905123914,1.0652467733738784,0.004244011049298323,0.5714285714285714,0.03327889056052125,-0.11711685012701102,-0.48572345320256693,-0.48572345320256693,9,12,6.888446215139442,448,0.7162162162162162,6,90,1
history_range_pf3_r0.05,history_range,legacy,2023,203,250,83,0.812,0.004488305108731312,0.9111259370724564,0.0036445037482898276,0.5615763546798029,0.05219426974143949,-0.1583670033670033,-0.31048890560361053,-0.3566666666666666,4,12,7.516,803,0.7926829268292683,8,166,1
history_range_pf3_r0.05,history_range,legacy,2025,346,210,110,1.6476190476190475,0.006116262706030929,2.1162268962867015,0.010077270934698583,0.5520231213872833,0.05325749440739081,-0.12889629233016717,-0.2334928702527178,-0.32758840315478965,7,10,18.938095238095237,1500,0.7947494033412887,13,286,29
history_range_pf3_r0.05,history_range,legacy,2026,155,102,58,1.5196078431372548,0.007685067183849932,1.1911854134967395,0.011678288367615102,0.5225806451612903,0.029094650205761415,-0.11000000000000008,-0.15529914529914535,-0.40211874850045315,4,5,15.705882352941176,597,0.7932960893854749,13,111,11
clock_thrust_t690_v0.03,clock_thrust,legacy,pooled,499,1046,265,0.4770554493307839,0.0034737676390135747,1.7334100518677737,0.0016571797819003586,0.5490981963927856,0.08032773780975223,-0.12409347154028,-0.40555555555555556,-0.7944444444444447,24,50,5.009560229445507,2030,0.38735177865612647,9,407,41
clock_thrust_t690_v0.03,clock_thrust,legacy,original_dev,175,533,101,0.32833020637898686,-0.011713417078824803,-2.0498479887943404,-0.003845868646893695,0.49142857142857144,-0.0042074776197999954,-0.14703836385003222,-0.40555555555555556,-0.7944444444444447,11,26,4.01500938086304,721,0.37365010799136067,2,138,8
clock_thrust_t690_v0.03,clock_thrust,legacy,later_development,324,513,164,0.631578947368421,0.011676722347722573,3.7832580406621137,0.007374772009087944,0.5802469135802469,0.10111111111111094,-0.1113571025206633,-0.307979797979798,-0.33,13,25,6.042884990253412,1309,0.39526184538653364,7,269,33
clock_thrust_t690_v0.03,clock_thrust,legacy,2021,108,233,57,0.463519313304721,-0.015485903208146837,-1.6724775464798585,-0.007178015220943599,0.48148148148148145,-0.011250429746014914,-0.13746307178550307,-0.40555555555555556,-0.7944444444444447,4,11,5.446351931330472,477,0.3882783882783883,2,85,7
clock_thrust_t690_v0.03,clock_thrust,legacy,2022,50,251,34,0.199203187250996,-0.006894622703273103,-0.34473113516365517,-0.0013734308173850801,0.48,-0.01484705668629182,-0.11573288142253665,-0.2944364937388194,-0.27377651828236316,6,12,2.8207171314741037,168,0.33783783783783783,0,41,1
clock_thrust_t690_v0.03,clock_thrust,legacy,2023,94,250,55,0.376,0.008637886729258342,0.8119613525502841,0.0032478454102011383,0.574468085106383,0.10111111111111094,-0.1599983799411794,-0.31048890560361053,-0.31048890560361053,7,12,3.12,358,0.37398373983739835,2,74,0
clock_thrust_t690_v0.03,clock_thrust,legacy,2025,184,210,81,0.8761904761904762,0.015129503852504588,2.7838287088608444,0.013256327185051644,0.592391304347826,0.10111111111111094,-0.1113571025206633,-0.17902738432483478,-0.33,5,10,9.3,792,0.4295942720763723,4,160,29
clock_thrust_t690_v0.03,clock_thrust,legacy,2026,63,102,38,0.6176470588235294,0.00245759796984379,0.15482867210015877,0.0015179281578446976,0.5555555555555556,0.08032773780975223,-0.11000000000000007,-0.15040114613180522,-0.22000000000000006,2,5,5.196078431372549,235,0.3463687150837989,1,47,4
clock_thrust_t690_v0.05,clock_thrust,legacy,pooled,491,1046,262,0.4694072657743786,0.0034201881395202974,1.679312376504466,0.001605461163006183,0.5458248472505092,0.10111111111111094,-0.12656664848154214,-0.40555555555555556,-0.7944444444444447,24,50,4.872848948374761,1977,0.38102766798418974,9,400,41
clock_thrust_t690_v0.05,clock_thrust,legacy,original_dev,173,533,100,0.324577861163227,-0.011913658800304013,-2.061062972452594,-0.0038669098920311325,0.4913294797687861,-0.0042074776197999954,-0.1476560900716479,-0.40555555555555556,-0.7944444444444447,11,26,3.902439024390244,707,0.3693304535637149,2,136,8
clock_thrust_t690_v0.05,clock_thrust,legacy,later_development,318,513,162,0.6198830409356725,0.01176218663194044,3.74037534895706,0.007291180017460159,0.5754716981132075,0.10111111111111094,-0.11306471922828001,-0.307979797979798,-0.33,13,25,5.881091617933723,1270,0.3877805486284289,7,264,33
clock_thrust_t690_v0.05,clock_thrust,legacy,2021,106,233,56,0.45493562231759654,-0.015883891793755777,-1.6836925301381125,-0.007226148198017651,0.4811320754716981,-0.011250429746014914,-0.13777085270704312,-0.40555555555555556,-0.7944444444444447,4,11,5.1888412017167385,464,0.38095238095238093,2,83,7
clock_thrust_t690_v0.05,clock_thrust,legacy,2022,50,251,34,0.199203187250996,-0.006894622703273103,-0.34473113516365517,-0.0013734308173850801,0.48,-0.01484705668629182,-0.11573288142253665,-0.2944364937388194,-0.27377651828236316,6,12,2.8207171314741037,167,0.33783783783783783,0,41,1
clock_thrust_t690_v0.05,clock_thrust,legacy,2023,91,250,55,0.364,0.008664206334091358,0.7884427764023135,0.003153771105609254,0.5604395604395604,0.10111111111111094,-0.16634689197946267,-0.31048890560361053,-0.31048890560361053,7,12,2.9,339,0.3617886178861789,2,71,0
clock_thrust_t690_v0.05,clock_thrust,legacy,2025,182,210,80,0.8666666666666667,0.015336457304534555,2.791235229425289,0.013291596330596615,0.5934065934065934,0.10111111111111094,-0.11151676164074133,-0.17902738432483478,-0.33,5,10,9.30952380952381,778,0.42482100238663484,4,159,29
clock_thrust_t690_v0.05,clock_thrust,legacy,2026,62,102,37,0.6078431372549019,0.0020654521932037314,0.12805803597863136,0.0012554709409669778,0.5483870967741935,0.09071942446043159,-0.11000000000000008,-0.15040114613180522,-0.22000000000000006,2,5,4.901960784313726,229,0.3407821229050279,1,46,4
clock_thrust_t690_v0.1,clock_thrust,legacy,pooled,467,1046,257,0.4464627151051625,0.0016654368741365266,0.7777590202217579,0.0007435554686632506,0.5460385438972163,0.10111111111111094,-0.13372118295428093,-0.40555555555555556,-0.7944444444444447,25,50,4.507648183556405,1753,0.3557312252964427,17,369,39
clock_thrust_t690_v0.1,clock_thrust,legacy,original_dev,163,533,97,0.3058161350844278,-0.012602771408524326,-2.054251739589465,-0.0038541308435074383,0.5030674846625767,1.5516998166162713e-05,-0.1507447211797263,-0.40555555555555556,-0.7944444444444447,12,26,3.5103189493433398,609,0.3326133909287257,9,119,8
clock_thrust_t690_v0.1,clock_thrust,legacy,later_development,304,513,160,0.5925925925925926,0.009315824867800077,2.8320107598112236,0.005520488810548194,0.569078947368421,0.10111111111111094,-0.11991598335661184,-0.307979797979798,-0.3299999999999999,13,25,5.543859649122807,1144,0.3690773067331671,8,250,31
clock_thrust_t690_v0.1,clock_thrust,legacy,2021,100,233,55,0.4291845493562232,-0.01216483193594568,-1.216483193594568,-0.005220957912423037,0.51,5.826354958805326e-05,-0.13918141213041565,-0.40555555555555556,-0.7944444444444447,6,11,4.660944206008583,388,0.34798534798534797,5,74,7
clock_thrust_t690_v0.1,clock_thrust,legacy,2022,47,251,32,0.18725099601593626,-0.012713094507254486,-0.5975154418409608,-0.0023805396089281302,0.46808510638297873,-0.0213378684807256,-0.11729639453777391,-0.2944364937388194,-0.27377651828236316,5,12,2.5737051792828685,148,0.2972972972972973,3,35,1
clock_thrust_t690_v0.1,clock_thrust,legacy,2023,87,250,53,0.348,0.0043589457469809766,0.379228279987345,0.0015169131199493817,0.5517241379310345,0.10111111111111094,-0.17481157469717368,-0.31048890560361053,-0.31048890560361053,7,12,2.676,320,0.34552845528455284,2,67,0
clock_thrust_t690_v0.1,clock_thrust,legacy,2025,173,210,80,0.8238095238095238,0.013163874158693654,2.2773502294540022,0.010844524902161916,0.5895953757225434,0.10111111111111094,-0.11595158029661803,-0.17902738432483478,-0.3299999999999999,5,10,8.647619047619047,693,0.39856801909307876,6,148,27
clock_thrust_t690_v0.1,clock_thrust,legacy,2026,60,102,37,0.5882352941176471,-0.001080347563067663,-0.06482085378405977,-0.0006354985665103864,0.5333333333333333,0.05053423927524649,-0.11166328428885514,-0.15040114613180522,-0.22000000000000006,2,5,4.882352941176471,204,0.329608938547486,1,45,4
clock_thrust_t750_v0.03,clock_thrust,legacy,pooled,727,1046,334,0.6950286806883366,0.004788591292096745,3.4813058693543337,0.0033282082881016593,0.5515818431911967,0.06580477673935616,-0.12302149434575327,-0.48572345320256693,-0.6660426179604264,29,50,7.7007648183556405,3228,0.5573122529644269,22,585,49
clock_thrust_t750_v0.03,clock_thrust,legacy,original_dev,257,533,143,0.4821763602251407,0.00032075076065686455,0.08243294548881419,0.00015465843431297402,0.5486381322957199,0.027290715372907177,-0.13607805763857292,-0.48572345320256693,-0.6660426179604264,14,26,6.448405253283302,1207,0.531317494600432,11,202,11
clock_thrust_t750_v0.03,clock_thrust,legacy,later_development,470,513,191,0.9161793372319688,0.007231644518862807,3.398872923865519,0.006625483282388929,0.5531914893617021,0.10111111111111094,-0.1219890852900562,-0.307979797979798,-0.4488888888888889,15,25,9.001949317738791,2021,0.5723192019950125,11,383,38
clock_thrust_t750_v0.03,clock_thrust,legacy,2021,161,233,85,0.6909871244635193,-0.0006224521326532883,-0.10021479335717942,-0.00043010640925827937,0.5527950310559007,0.025989591005057162,-0.11605821359018896,-0.40555555555555556,-0.6660426179604264,7,11,9.11587982832618,844,0.5567765567765568,9,126,8
clock_thrust_t750_v0.03,clock_thrust,legacy,2022,69,251,44,0.2749003984063745,-0.003187086540412648,-0.2199089712884727,-0.0008761313597150296,0.5072463768115942,0.002782694198623323,-0.11625405246094907,-0.48572345320256693,-0.3846123420914558,6,12,4.143426294820717,247,0.46621621621621623,0,57,3
clock_thrust_t750_v0.03,clock_thrust,legacy,2023,147,250,67,0.588,0.004277519299860935,0.6287953370795575,0.002515181348318232,0.54421768707483,0.10111111111111094,-0.1472930132348415,-0.31048890560361053,-0.4488888888888889,7,12,4.864,550,0.5813008130081301,4,114,0
clock_thrust_t750_v0.03,clock_thrust,legacy,2025,257,210,95,1.223809523809524,0.010788964921962888,2.7727639849444623,0.013203638023545064,0.5680933852140078,0.10111111111111094,-0.11019718470393808,-0.17902738432483478,-0.44,7,10,13.3,1214,0.5990453460620525,6,219,33
clock_thrust_t750_v0.03,clock_thrust,legacy,2026,93,102,43,0.9117647058823529,0.004299680773935115,0.3998703119759657,0.0039202971762349595,0.5483870967741935,0.08032773780975223,-0.131257367308247,-0.15529914529914535,-0.24600753295668573,2,5,8.647058823529411,373,0.5027932960893855,3,69,5
clock_thrust_t750_v0.05,clock_thrust,legacy,pooled,717,1046,332,0.6854684512428298,0.004915196810705257,3.5241961132756696,0.0033692123453878307,0.5495118549511855,0.08413761587674641,-0.12329649279086821,-0.48572345320256693,-0.6660426179604264,30,50,7.503824091778203,3098,0.5486166007905139,23,575,49
clock_thrust_t750_v0.05,clock_thrust,legacy,original_dev,254,533,142,0.47654784240150094,0.00019475068315152823,0.04946667352048817,9.280801786208071e-05,0.5433070866141733,0.027455506417862104,-0.136539729020883,-0.48572345320256693,-0.6660426179604264,14,26,6.279549718574109,1174,0.5248380129589633,11,199,11
clock_thrust_t750_v0.05,clock_thrust,legacy,later_development,463,513,190,0.9025341130604289,0.007504815204654818,3.4747294397551807,0.006773351734415561,0.5529157667386609,0.10111111111111094,-0.12237406868474826,-0.307979797979798,-0.4488888888888889,16,25,8.775828460038987,1924,0.5623441396508728,12,376,38
clock_thrust_t750_v0.05,clock_thrust,legacy,2021,158,233,84,0.6781115879828327,-0.0008429181349715541,-0.13318106532550555,-0.0005715925550450863,0.5443037974683544,0.024468583672791262,-0.11896885592098454,-0.40555555555555556,-0.6660426179604264,7,11,8.729613733905579,815,0.5457875457875457,9,123,8
clock_thrust_t750_v0.05,clock_thrust,legacy,2022,69,251,44,0.2749003984063745,-0.003187086540412648,-0.2199089712884727,-0.0008761313597150296,0.5072463768115942,0.002782694198623323,-0.11625405246094907,-0.48572345320256693,-0.3846123420914558,6,12,4.143426294820717,243,0.46621621621621623,0,57,3
clock_thrust_t750_v0.05,clock_thrust,legacy,2023,144,250,67,0.576,0.004263999781432656,0.6140159685263024,0.0024560638741052106,0.5416666666666666,0.10111111111111094,-0.14774469067405357,-0.31048890560361053,-0.4488888888888889,7,12,4.644,529,0.5691056910569106,4,111,0
clock_thrust_t750_v0.05,clock_thrust,legacy,2025,254,210,95,1.2095238095238094,0.011378624037436643,2.890170505508907,0.01376271669289956,0.5708661417322834,0.10111111111111094,-0.11034507323189156,-0.17902738432483478,-0.44,8,10,13.152380952380952,1154,0.5894988066825776,7,216,33
clock_thrust_t750_v0.05,clock_thrust,legacy,2026,92,102,42,0.9019607843137255,0.004055431259287373,0.37309967585443826,0.00365783995935724,0.5434782608695652,0.09071942446043159,-0.13225806051398487,-0.15529914529914535,-0.24600753295668573,2,5,8.352941176470589,357,0.4972067039106145,3,68,5
clock_thrust_t750_v0.05,clock_thrust,optimistic,pooled,717,1046,332,0.6854684512428298,0.007565127075698282,5.424196113275668,0.005185655940034103,0.5620641562064156,0.10111111111111094,-0.12329649279086821,-0.48572345320256693,-0.6660426179604264,31,50,7.503824091778203,3098,0.5486166007905139,23,575,49
clock_thrust_t750_v0.05,clock_thrust,optimistic,original_dev,254,533,142,0.47654784240150094,0.00351933511009816,0.8939111179649326,0.0016771315534051278,0.5590551181102362,0.05553732986853999,-0.136539729020883,-0.48572345320256693,-0.6660426179604264,14,26,6.279549718574109,1174,0.5248380129589633,11,199,11
clock_thrust_t750_v0.05,clock_thrust,optimistic,later_development,463,513,190,0.9025341130604289,0.009784632819245652,4.530284995310737,0.008830964903139839,0.5637149028077754,0.10111111111111094,-0.12237406868474826,-0.307979797979798,-0.4488888888888889,17,25,8.775828460038987,1924,0.5623441396508728,12,376,38
clock_thrust_t750_v0.05,clock_thrust,optimistic,2021,158,233,84,0.6781115879828327,0.0045016669564489796,0.7112633791189388,0.003052632528407463,0.569620253164557,0.05786856786856776,-0.11896885592098454,-0.40555555555555556,-0.6660426179604264,7,11,8.729613733905579,815,0.5457875457875457,9,123,8
clock_thrust_t750_v0.05,clock_thrust,optimistic,2022,69,251,44,0.2749003984063745,-0.003187086540412648,-0.2199089712884727,-0.0008761313597150296,0.5072463768115942,0.002782694198623323,-0.11625405246094907,-0.48572345320256693,-0.3846123420914558,6,12,4.143426294820717,243,0.46621621621621623,0,57,3
clock_thrust_t750_v0.05,clock_thrust,optimistic,2023,144,250,67,0.576,0.0071960985468647555,1.0362381907485247,0.0041449527629941,0.5555555555555556,0.10111111111111094,-0.14774469067405357,-0.31048890560361053,-0.4488888888888889,7,12,4.644,529,0.5691056910569106,4,111,0
clock_thrust_t750_v0.05,clock_thrust,optimistic,2025,254,210,95,1.2095238095238094,0.013040916250909957,3.312392727731129,0.01577329870348157,0.5787401574803149,0.10111111111111094,-0.11034507323189156,-0.17902738432483478,-0.44,8,10,13.152380952380952,1154,0.5894988066825776,7,216,33
clock_thrust_t750_v0.05,clock_thrust,optimistic,2026,92,102,42,0.9019607843137255,0.006350117249625536,0.5842107869655493,0.005727556734956367,0.5543478260869565,0.10111111111111094,-0.13225806051398487,-0.15529914529914535,-0.24600753295668573,3,5,8.352941176470589,357,0.4972067039106145,3,68,5
clock_thrust_t750_v0.05,clock_thrust,pessimistic,pooled,716,1046,332,0.6845124282982792,-0.020413499483246486,-14.616065630004485,-0.013973294101342716,0.4301675977653631,-0.04697514276068276,-0.13579292558297568,-0.48572345320256693,-0.6660426179604264,11,50,8.748565965583174,3093,0.5478260869565217,23,574,49
clock_thrust_t750_v0.05,clock_thrust,pessimistic,original_dev,254,533,142,0.47654784240150094,-0.023291145324896567,-5.915950912523728,-0.011099345051639264,0.4330708661417323,-0.031694925134803036,-0.1408660130718954,-0.48572345320256693,-0.6660426179604264,6,26,7.093808630393997,1174,0.5248380129589633,11,199,11
clock_thrust_t750_v0.05,clock_thrust,pessimistic,later_development,462,513,190,0.9005847953216374,-0.01883141713740423,-8.700114717480755,-0.016959287948305566,0.42857142857142855,-0.0634370437358887,-0.13462234299952483,-0.307979797979798,-0.4488888888888889,5,25,10.467836257309942,1919,0.5610972568578554,12,375,38
clock_thrust_t750_v0.05,clock_thrust,pessimistic,2021,158,233,84,0.6781115879828327,-0.024054372448686186,-3.800590846892417,-0.016311548699109082,0.43670886075949367,-0.03388219771785005,-0.1359241671778029,-0.40555555555555556,-0.6660426179604264,2,11,9.69098712446352,815,0.5457875457875457,9,123,8
clock_thrust_t750_v0.05,clock_thrust,pessimistic,2022,69,251,44,0.2749003984063745,-0.018134059552161037,-1.2512501090991115,-0.004985060195613989,0.43478260869565216,-0.028057203110583788,-0.11625405246094907,-0.48572345320256693,-0.3846123420914558,3,12,4.637450199203188,243,0.46621621621621623,0,57,3
clock_thrust_t750_v0.05,clock_thrust,pessimistic,2023,144,250,67,0.576,-0.030607784775574694,-4.407521007682756,-0.017630084030731023,0.375,-0.10999999999999986,-0.14774469067405357,-0.31048890560361053,-0.4488888888888889,3,12,5.964,527,0.5691056910569106,4,111,0
clock_thrust_t750_v0.05,clock_thrust,pessimistic,2025,253,210,95,1.2047619047619047,-0.011715530207730196,-2.9640291425557397,-0.014114424488360661,0.4624505928853755,-0.03279202279202286,-0.12288050928621053,-0.17902738432483478,-0.44,3,10,15.18095238095238,1151,0.5871121718377088,7,215,33
clock_thrust_t750_v0.05,clock_thrust,pessimistic,2026,92,102,42,0.9019607843137255,-0.023833418736678904,-2.192674523774459,-0.021496809056612345,0.41304347826086957,-0.10999999999999986,-0.13865554845142228,-0.15529914529914535,-0.24600753295668573,0,5,10.294117647058824,357,0.4972067039106145,3,68,5
clock_thrust_t750_v0.1,clock_thrust,legacy,pooled,683,1046,329,0.652963671128107,0.004911127520361884,3.354300096407167,0.003206787855073775,0.5607613469985359,0.10111111111111094,-0.12903982542280426,-0.48572345320256693,-0.6660426179604264,29,50,6.941682600382409,2671,0.5122529644268775,35,532,46
clock_thrust_t750_v0.1,clock_thrust,legacy,original_dev,241,533,140,0.4521575984990619,0.0023434204113079293,0.564764319125211,0.001059595345450679,0.5767634854771784,0.05606606606606591,-0.1385403050108932,-0.48572345320256693,-0.6660426179604264,14,26,5.75797373358349,976,0.4773218142548596,20,177,11
clock_thrust_t750_v0.1,clock_thrust,legacy,later_development,442,513,189,0.8615984405458089,0.006311166916927501,2.7895357772819556,0.005437691573649039,0.5520361990950227,0.10111111111111094,-0.12242906631256142,-0.307979797979798,-0.4488888888888889,15,25,8.171539961013645,1695,0.5324189526184538,15,355,35
clock_thrust_t750_v0.1,clock_thrust,legacy,2021,152,233,84,0.6523605150214592,0.0041205611080028315,0.6263252884164304,0.0026880913665941228,0.5921052631578947,0.05786856786856776,-0.1247901405825757,-0.40555555555555556,-0.6660426179604264,7,11,8.24892703862661,662,0.5054945054945055,14,112,8
clock_thrust_t750_v0.1,clock_thrust,legacy,2022,64,251,42,0.2549800796812749,-0.004988009744138077,-0.31923262362483695,-0.0012718431220113012,0.515625,0.008564638023379487,-0.11885990765301115,-0.48572345320256693,-0.3846123420914558,6,12,3.697211155378486,212,0.41216216216216217,3,49,3
clock_thrust_t750_v0.1,clock_thrust,legacy,2023,138,250,66,0.552,0.002987916082005732,0.412332419316791,0.0016493296772671648,0.5434782608695652,0.10111111111111094,-0.15409320271233679,-0.31048890560361053,-0.4488888888888889,7,12,4.196,488,0.540650406504065,5,104,0
clock_thrust_t750_v0.1,clock_thrust,legacy,2025,242,210,95,1.1523809523809523,0.010187680413376957,2.4654186600372237,0.011740088857320115,0.5743801652892562,0.10111111111111094,-0.11093662734370555,-0.17902738432483478,-0.4399999999999999,7,10,12.2,992,0.5536992840095465,10,203,30
clock_thrust_t750_v0.1,clock_thrust,legacy,2026,87,102,42,0.8529411764705882,0.0019477741639259709,0.16945635226155947,0.001661336786878036,0.5287356321839081,0.08032773780975223,-0.13328598004397094,-0.15529914529914535,-0.24600753295668573,2,5,7.8431372549019605,317,0.4692737430167598,3,64,5
clock_thrust_t810_v0.03,clock_thrust,legacy,pooled,905,1046,380,0.8652007648183556,0.0047197259721756864,4.271352004818996,0.004083510520859465,0.554696132596685,0.04606758832565273,-0.12842153118748872,-0.48572345320256693,-0.7557081728712025,29,50,10.202676864244742,4400,0.7043478260869566,14,739,55
clock_thrust_t810_v0.03,clock_thrust,legacy,original_dev,328,533,163,0.6153846153846154,0.0007749592988138533,0.25418665001094387,0.0004768980300392962,0.551829268292683,0.018951166745083355,-0.13019881953595727,-0.48572345320256693,-0.5922222222222226,15,26,8.50656660412758,1702,0.6954643628509719,6,271,12
clock_thrust_t810_v0.03,clock_thrust,legacy,later_development,577,513,217,1.124756335282651,0.006962158327223663,4.0171653548080535,0.007830731685785682,0.5563258232235702,0.10111111111111094,-0.12471176577559553,-0.307979797979798,-0.7557081728712025,15,25,11.964912280701755,2698,0.7094763092269327,8,468,43
clock_thrust_t810_v0.03,clock_thrust,legacy,2021,200,233,93,0.8583690987124464,0.0019980834946929683,0.39961669893859364,0.0017150931284918187,0.555,0.023818021488866255,-0.11232872437198978,-0.40555555555555556,-0.5922222222222226,8,11,11.609442060085836,1188,0.717948717948718,4,168,9
clock_thrust_t810_v0.03,clock_thrust,legacy,2022,95,251,55,0.3784860557768924,-0.00227723565860621,-0.21633738756758997,-0.0008619019425003569,0.5263157894736842,0.012222222222222143,-0.11312702623047458,-0.48572345320256693,-0.3846123420914558,6,12,5.864541832669323,377,0.6283783783783784,2,78,3
clock_thrust_t810_v0.03,clock_thrust,legacy,2023,177,250,75,0.708,0.0036554835336537247,0.6470205854567093,0.0025880823418268375,0.5536723163841808,0.10111111111111094,-0.1654774331730845,-0.31048890560361053,-0.7557081728712025,6,12,6.688,711,0.7195121951219512,0,138,0
clock_thrust_t810_v0.03,clock_thrust,legacy,2025,315,210,107,1.5,0.009962103115342492,3.1380624813328852,0.014943154673013737,0.5714285714285714,0.10111111111111094,-0.11486283302265861,-0.2059839357429719,-0.44,7,10,17.00952380952381,1570,0.7422434367541766,4,268,35
clock_thrust_t810_v0.03,clock_thrust,legacy,2026,118,102,50,1.1568627450980393,0.00256770870049492,0.30298962665840057,0.002970486535866674,0.5338983050847458,0.020686129588568643,-0.1246810605425795,-0.15529914529914535,-0.36583604947783327,2,5,12.264705882352942,554,0.6368715083798883,4,87,8
clock_thrust_t810_v0.05,clock_thrust,legacy,pooled,895,1046,379,0.8556405353728489,0.004875049558242248,4.3631693546268115,0.00417129001398357,0.553072625698324,0.05219426974143949,-0.1305947080198578,-0.48572345320256693,-0.7557081728712025,29,50,10.005736137667304,4199,0.6956521739130435,15,729,55
clock_thrust_t810_v0.05,clock_thrust,legacy,original_dev,325,533,162,0.6097560975609756,0.0008218519056808155,0.267101869346265,0.0005011292107809866,0.5476923076923077,0.019357116313637908,-0.13245468079004397,-0.48572345320256693,-0.5922222222222226,15,26,8.337711069418386,1649,0.6889848812095032,6,268,12
clock_thrust_t810_v0.05,clock_thrust,legacy,later_development,570,513,217,1.1111111111111112,0.0071860833075097314,4.096067485280547,0.00798453700834415,0.5561403508771929,0.10111111111111094,-0.1268757955991999,-0.307979797979798,-0.7557081728712025,15,25,11.738791423001949,2550,0.699501246882793,9,461,43
clock_thrust_t810_v0.05,clock_thrust,legacy,2021,197,233,92,0.8454935622317596,0.002094070651136622,0.41253191827391456,0.001770523254394485,0.5482233502538071,0.03510451045104502,-0.1129175910906528,-0.40555555555555556,-0.5922222222222226,8,11,11.223175965665236,1145,0.706959706959707,4,165,9
clock_thrust_t810_v0.05,clock_thrust,legacy,2022,95,251,55,0.3784860557768924,-0.00227723565860621,-0.21633738756758997,-0.0008619019425003569,0.5263157894736842,0.012222222222222143,-0.11312702623047458,-0.48572345320256693,-0.3846123420914558,6,12,5.864541832669323,367,0.6283783783783784,2,78,3
clock_thrust_t810_v0.05,clock_thrust,legacy,2023,174,250,75,0.696,0.0036335702120888157,0.6322412169034539,0.002528964867613817,0.5517241379310345,0.10111111111111094,-0.16960827672320744,-0.31048890560361053,-0.7557081728712025,6,12,6.468,688,0.7073170731707317,0,135,0
clock_thrust_t810_v0.05,clock_thrust,legacy,2025,312,210,107,1.4857142857142858,0.010443957104103077,3.25851461648016,0.015516736268953148,0.5737179487179487,0.10111111111111094,-0.11649595393359774,-0.2059839357429719,-0.44,7,10,16.86190476190476,1496,0.7326968973747017,5,265,35
clock_thrust_t810_v0.05,clock_thrust,legacy,2026,117,102,50,1.1470588235294117,0.002360846072964728,0.27621899053687315,0.002708029318988954,0.5299145299145299,0.020631518436396552,-0.12515747350265796,-0.15529914529914535,-0.36583604947783327,2,5,11.970588235294118,503,0.6312849162011173,4,86,8
clock_thrust_t810_v0.1,clock_thrust,legacy,pooled,846,1046,369,0.8087954110898662,0.003433755394528527,2.904957063771134,0.0027772056058997484,0.5531914893617021,0.0484645057733133,-0.13537421217907808,-0.48572345320256693,-0.7557081728712025,27,50,9.188336520076481,3539,0.6426877470355731,33,667,51
clock_thrust_t810_v0.1,clock_thrust,legacy,original_dev,308,533,157,0.5778611632270169,0.001498071322261203,0.46140596725645056,0.0008656772368788964,0.564935064935065,0.02676171782930615,-0.13746307178550307,-0.48572345320256693,-0.5922222222222226,14,26,7.701688555347092,1344,0.6241900647948164,19,238,11
clock_thrust_t810_v0.1,clock_thrust,legacy,later_development,538,513,212,1.0487329434697856,0.004541916536272648,2.4435510965146845,0.00476325749807931,0.5464684014869888,0.10111111111111094,-0.1331294729338013,-0.307979797979798,-0.7557081728712025,13,25,10.732943469785575,2195,0.6533665835411472,14,429,40
clock_thrust_t810_v0.1,clock_thrust,legacy,2021,189,233,90,0.8111587982832618,0.005005439460004772,0.9460280579409018,0.0040602062572570935,0.5767195767195767,0.04031446540880502,-0.11363492815411341,-0.40555555555555556,-0.5922222222222226,7,11,10.6137339055794,905,0.6446886446886447,13,148,8
clock_thrust_t810_v0.1,clock_thrust,legacy,2022,89,251,52,0.3545816733067729,-0.004590641335253403,-0.40856707883755283,-0.0016277572862053889,0.5280898876404494,0.012222222222222143,-0.11625405246094907,-0.48572345320256693,-0.3846123420914558,6,12,5.414342629482071,318,0.5675675675675675,5,69,3
clock_thrust_t810_v0.1,clock_thrust,legacy,2023,165,250,74,0.66,0.0018818971016391402,0.31051302177045814,0.0012420520870818352,0.5454545454545454,0.10111111111111094,-0.1820008073735762,-0.31048890560361053,-0.7557081728712025,6,12,5.716,619,0.6666666666666666,1,125,0
clock_thrust_t810_v0.1,clock_thrust,legacy,2025,292,210,105,1.3904761904761904,0.007417552913613289,2.1659254507750805,0.010313930717976571,0.565068493150685,0.10111111111111094,-0.12293006495444003,-0.2059839357429719,-0.4399999999999999,6,10,15.290476190476191,1283,0.6801909307875895,7,247,32
clock_thrust_t810_v0.1,clock_thrust,legacy,2026,111,102,48,1.088235294117647,-0.000981462953853629,-0.10894238787775282,-0.0010680626262524768,0.5135135135135135,0.011563975978286187,-0.12577617871966623,-0.15529914529914535,-0.36583604947783327,2,5,11.166666666666666,414,0.5810055865921788,7,78,8
activity_liquidity_n0.5_d100000.0,activity_liquidity,legacy,pooled,1073,1046,421,1.025812619502868,0.009044594476034703,9.704849872785235,0.009278059151802331,0.5554520037278659,0.03223125564588992,-0.11000000000000008,-0.40555555555555556,-0.44,37,50,13.448374760994264,6113,0.8347826086956521,17,951,60
activity_liquidity_n0.5_d100000.0,activity_liquidity,legacy,original_dev,409,533,182,0.7673545966228893,0.00874720003914339,3.5776048160096465,0.0067122041576166,0.5647921760391198,0.025989591005057162,-0.11000000000000008,-0.40555555555555556,-0.22888888888888853,20,26,11.692307692307692,2492,0.8704103671706264,6,367,13
activity_liquidity_n0.5_d100000.0,activity_liquidity,legacy,later_development,664,513,239,1.2943469785575048,0.009227778699963234,6.127245056775587,0.011943947479094717,0.5496987951807228,0.05084563336921822,-0.11000000000000008,-0.307979797979798,-0.44,17,25,15.2729044834308,3621,0.814214463840399,11,584,47
activity_liquidity_n0.5_d100000.0,activity_liquidity,legacy,2021,250,233,104,1.0729613733905579,0.006977373089989968,1.744343272497492,0.007486451813293961,0.564,0.026460616966203283,-0.11000000000000003,-0.40555555555555556,-0.22605821359018893,8,11,15.918454935622318,1623,0.9047619047619048,3,226,10
activity_liquidity_n0.5_d100000.0,activity_liquidity,legacy,2022,129,251,64,0.5139442231075697,0.010867339279242366,1.4018867670222652,0.005585206243116595,0.5581395348837209,0.019357116313637908,-0.11000000000000004,-0.16377651828236317,-0.22888888888888853,9,12,8.274900398406375,708,0.8581081081081081,2,114,3
activity_liquidity_n0.5_d100000.0,activity_liquidity,legacy,2023,179,250,78,0.716,0.0128824946515428,2.305966542626161,0.009223866170504646,0.5698324022346368,0.06273855877207836,-0.11000000000000008,-0.307979797979798,-0.307979797979798,9,12,7.928,876,0.7032520325203252,6,157,1
activity_liquidity_n0.5_d100000.0,activity_liquidity,legacy,2025,368,210,117,1.7523809523809524,0.009187565888258335,3.381024246879067,0.016100115461328893,0.5543478260869565,0.05325749440739081,-0.11000000000000008,-0.2209144542772863,-0.44,8,10,21.60952380952381,2091,0.8663484486873508,5,328,34
activity_liquidity_n0.5_d100000.0,activity_liquidity,legacy,2026,147,102,58,1.4411764705882353,0.005929449277280604,0.8716290437602487,0.008545382781963227,0.5238095238095238,0.008594740671447729,-0.11000000000000008,-0.1504497787476511,-0.36583604947783327,3,5,17.264705882352942,815,0.8156424581005587,1,126,12
activity_liquidity_n0.5_d1000000.0,activity_liquidity,legacy,pooled,1059,1046,420,1.0124282982791586,0.01012301567038364,10.720273594936275,0.010248827528619768,0.5580736543909348,0.03245336995079518,-0.11000000000000008,-0.23487104419350346,-0.44,37,50,13.320267686424474,6049,0.8205533596837945,21,936,60
activity_liquidity_n0.5_d1000000.0,activity_liquidity,legacy,original_dev,404,533,182,0.7579737335834896,0.011157437663390214,4.507604816009646,0.008457044682944928,0.5693069306930693,0.026460616966203283,-0.10999999999999997,-0.20534919534919538,-0.22888888888888853,21,26,11.617260787992496,2482,0.857451403887689,7,362,13
activity_liquidity_n0.5_d1000000.0,activity_liquidity,legacy,later_development,655,513,238,1.2768031189083822,0.00948499050217806,6.212668778926629,0.012110465455997333,0.5511450381679389,0.04949699699699695,-0.11000000000000008,-0.23487104419350346,-0.44,16,25,15.089668615984406,3567,0.7992518703241895,14,574,47
activity_liquidity_n0.5_d1000000.0,activity_liquidity,legacy,2021,247,233,104,1.0600858369098713,0.010791313293961956,2.665454383608603,0.011439718384586283,0.5708502024291497,0.02818829297972459,-0.10999999999999997,-0.16674603174603198,-0.22605821359018893,9,11,15.875536480686696,1617,0.8937728937728938,3,224,10
activity_liquidity_n0.5_d1000000.0,activity_liquidity,legacy,2022,127,251,64,0.5059760956175299,0.011108469731583888,1.4107756559111537,0.005620620143072326,0.5590551181102362,0.019357116313637908,-0.11000000000000006,-0.16377651828236317,-0.22888888888888853,9,12,8.155378486055778,704,0.8378378378378378,3,111,3
activity_liquidity_n0.5_d1000000.0,activity_liquidity,legacy,2023,173,250,78,0.692,0.012974569327982265,2.244600493740932,0.00897840197496373,0.5664739884393064,0.060801033591731064,-0.11000000000000008,-0.23487104419350346,-0.26124756335282645,7,12,7.76,856,0.6747967479674797,7,150,1
activity_liquidity_n0.5_d1000000.0,activity_liquidity,legacy,2025,366,210,117,1.7428571428571429,0.009492926885621747,3.4744112401375595,0.016544815429226475,0.5573770491803278,0.05325749440739081,-0.11000000000000008,-0.2209144542772863,-0.44,9,10,21.571428571428573,2071,0.8568019093078759,7,326,34
activity_liquidity_n0.5_d1000000.0,activity_liquidity,legacy,2026,146,102,57,1.4313725490196079,0.006335834394096073,0.9250318215380267,0.009068939426843402,0.5273972602739726,0.01466774070609423,-0.11000000000000008,-0.1504497787476511,-0.36583604947783327,3,5,16.833333333333332,801,0.8100558659217877,1,125,12
activity_liquidity_n0.75_d100000.0,activity_liquidity,legacy,pooled,853,1046,382,0.8154875717017208,0.0067006828548953935,5.715682475225771,0.0054643235900820025,0.536928487690504,0.01348405187521907,-0.11000000000000008,-0.34569223297602947,-0.4215073456033031,34,50,11.723709369024856,5300,0.649802371541502,31,762,51
activity_liquidity_n0.75_d100000.0,activity_liquidity,legacy,original_dev,348,533,168,0.6529080675422139,0.01215549658579744,4.230112811857509,0.007936421785848987,0.5689655172413793,0.023193146867804278,-0.10999999999999997,-0.1596937568921306,-0.21999999999999983,19,26,10.600375234521575,2295,0.7365010799136069,7,320,13
activity_liquidity_n0.75_d100000.0,activity_liquidity,legacy,later_development,505,513,214,0.9844054580896686,0.002941722105679726,1.4855696633682618,0.0028958472970141576,0.5148514851485149,0.008291018291018313,-0.11000000000000008,-0.34569223297602947,-0.4215073456033031,15,25,12.89083820662768,3005,0.5997506234413965,24,442,38
activity_liquidity_n0.75_d100000.0,activity_liquidity,legacy,2021,220,233,99,0.944206008583691,0.011352251478218917,2.4974953252081615,0.01071886405668739,0.5681818181818182,0.026460616966203283,-0.10999999999999997,-0.11888331940963535,-0.21999999999999983,9,11,15.025751072961373,1518,0.7912087912087912,4,202,10
activity_liquidity_n0.75_d100000.0,activity_liquidity,legacy,2022,109,251,60,0.4342629482071713,0.011623875632593691,1.2670024439527123,0.005047818501803636,0.5596330275229358,0.019357116313637908,-0.10999999999999997,-0.1596937568921306,-0.18842210253341327,8,12,7.306772908366534,649,0.7162162162162162,3,100,3
activity_liquidity_n0.75_d100000.0,activity_liquidity,legacy,2023,123,250,64,0.492,0.015337798863941064,1.886549260264751,0.007546197041059005,0.5772357723577236,0.04649428230073394,-0.10999999999999997,-0.21013262049815562,-0.30085986124353253,9,12,6.212,701,0.483739837398374,4,111,0
activity_liquidity_n0.75_d100000.0,activity_liquidity,legacy,2025,289,210,105,1.3761904761904762,0.00328333961553217,0.9488851488887972,0.004518500708994275,0.5190311418685121,0.012006210341568799,-0.11000000000000008,-0.34569223297602947,-0.4215073456033031,6,10,18.39047619047619,1768,0.6539379474940334,15,255,28
activity_liquidity_n0.75_d100000.0,activity_liquidity,legacy,2026,112,102,54,1.0980392156862746,-0.007895086634720093,-0.8842497030886505,-0.008669114736163235,0.45535714285714285,-0.01991769873120857,-0.11110027855153208,-0.1504497787476511,-0.36583604947783327,2,5,14.833333333333334,664,0.5977653631284916,5,94,10
activity_liquidity_n0.75_d100000.0,activity_liquidity,optimistic,pooled,853,1046,382,0.8154875717017208,0.00818563791546593,6.982349141892438,0.006675285986512849,0.5439624853458382,0.01721349175929477,-0.11000000000000008,-0.34569223297602947,-0.4215073456033031,34,50,11.723709369024856,5300,0.649802371541502,31,762,51
activity_liquidity_n0.75_d100000.0,activity_liquidity,optimistic,original_dev,348,533,168,0.6529080675422139,0.01397541995744495,4.863446145190843,0.009124664437506272,0.5775862068965517,0.027238662299654666,-0.10999999999999997,-0.1596937568921306,-0.21999999999999983,19,26,10.600375234521575,2295,0.7365010799136069,7,320,13
activity_liquidity_n0.75_d100000.0,activity_liquidity,optimistic,later_development,505,513,214,0.9844054580896686,0.004195847518220979,2.1189029967015944,0.004130415198248726,0.5207920792079208,0.012006210341568799,-0.11000000000000008,-0.34569223297602947,-0.4215073456033031,15,25,12.89083820662768,3005,0.5997506234413965,24,442,38
activity_liquidity_n0.75_d100000.0,activity_liquidity,optimistic,2021,220,233,99,0.944206008583691,0.014231039357006797,3.1308286585414953,0.013437032869276803,0.5818181818181818,0.035601900615593325,-0.10999999999999997,-0.11888331940963535,-0.21999999999999983,9,11,15.025751072961373,1518,0.7912087912087912,4,202,10
activity_liquidity_n0.75_d100000.0,activity_liquidity,optimistic,2022,109,251,60,0.4342629482071713,0.011623875632593691,1.2670024439527123,0.005047818501803636,0.5596330275229358,0.019357116313637908,-0.10999999999999997,-0.1596937568921306,-0.18842210253341327,8,12,7.306772908366534,649,0.7162162162162162,3,100,3
activity_liquidity_n0.75_d100000.0,activity_liquidity,optimistic,2023,123,250,64,0.492,0.020486850354455972,2.5198825935980844,0.010079530374392338,0.6016260162601627,0.060801033591731064,-0.10999999999999997,-0.21013262049815562,-0.30085986124353253,9,12,6.212,701,0.483739837398374,4,111,0
activity_liquidity_n0.75_d100000.0,activity_liquidity,optimistic,2025,289,210,105,1.3761904761904762,0.00328333961553217,0.9488851488887972,0.004518500708994275,0.5190311418685121,0.012006210341568799,-0.11000000000000008,-0.34569223297602947,-0.4215073456033031,6,10,18.39047619047619,1768,0.6539379474940334,15,255,28
activity_liquidity_n0.75_d100000.0,activity_liquidity,optimistic,2026,112,102,54,1.0980392156862746,-0.007895086634720093,-0.8842497030886505,-0.008669114736163235,0.45535714285714285,-0.01991769873120857,-0.11110027855153208,-0.1504497787476511,-0.36583604947783327,2,5,14.833333333333334,664,0.5977653631284916,5,94,10
activity_liquidity_n0.75_d100000.0,activity_liquidity,pessimistic,pooled,853,1046,382,0.8154875717017208,-0.01061191103086036,-9.051960109323886,-0.00865388155767102,0.4501758499413834,-0.01874985017379848,-0.11000000000000008,-0.34569223297602947,-0.4825876880725235,13,50,13.307839388145316,5298,0.649802371541502,31,762,51
activity_liquidity_n0.75_d100000.0,activity_liquidity,pessimistic,original_dev,348,533,168,0.6529080675422139,-0.00411494974698307,-1.4320025119501083,-0.0026866838873360363,0.48563218390804597,-0.004363330239894983,-0.10999999999999997,-0.1596937568921306,-0.21999999999999995,10,26,11.879924953095685,2295,0.7365010799136069,7,320,13
activity_liquidity_n0.75_d100000.0,activity_liquidity,pessimistic,later_development,505,513,214,0.9844054580896686,-0.015089024945294611,-7.619957597373778,-0.014853718513399174,0.42574257425742573,-0.027063772902414122,-0.11000000000000008,-0.34569223297602947,-0.4825876880725235,3,25,14.791423001949317,3003,0.5997506234413965,24,442,38
activity_liquidity_n0.75_d100000.0,activity_liquidity,pessimistic,2021,220,233,99,0.944206008583691,-0.005950357410031101,-1.3090786302068422,-0.005618363219771853,0.4818181818181818,-0.012983176838810775,-0.10999999999999997,-0.11888331940963535,-0.21999999999999983,4,11,16.699570815450645,1518,0.7912087912087912,4,202,10
activity_liquidity_n0.75_d100000.0,activity_liquidity,pessimistic,2022,109,251,60,0.4342629482071713,-0.001735310479207257,-0.18914884223359102,-0.0007535810447553407,0.48623853211009177,-0.0039939939939939075,-0.11000000000000004,-0.1596937568921306,-0.21999999999999995,5,12,8.247011952191235,649,0.7162162162162162,3,100,3
activity_liquidity_n0.75_d100000.0,activity_liquidity,pessimistic,2023,123,250,64,0.492,-0.009540958165672542,-1.1735378543777226,-0.004694151417510889,0.45528455284552843,-0.010620732464307827,-0.10999999999999997,-0.21013262049815562,-0.30085986124353253,3,12,7.504,701,0.483739837398374,4,111,0
activity_liquidity_n0.75_d100000.0,activity_liquidity,pessimistic,2025,289,210,105,1.3761904761904762,-0.013092245053096354,-3.7836588203448462,-0.018017422954023074,0.43944636678200694,-0.02515151515151514,-0.11000000000000008,-0.34569223297602947,-0.4825876880725235,1,10,20.48095238095238,1766,0.6539379474940334,15,255,28
activity_liquidity_n0.75_d100000.0,activity_liquidity,pessimistic,2026,112,102,54,1.0980392156862746,-0.023183356805007892,-2.596535962160884,-0.02545623492314592,0.375,-0.03914761733531962,-0.11110027855153208,-0.1504497787476511,-0.36583604947783327,0,5,17.470588235294116,664,0.5977653631284916,5,94,10
activity_liquidity_n0.75_d1000000.0,activity_liquidity,legacy,pooled,847,1046,381,0.8097514340344169,0.007111585269702106,6.023512723437684,0.005758616370399318,0.5395513577331759,0.015727446354342207,-0.11000000000000008,-0.34569223297602947,-0.4215073456033031,33,50,11.67112810707457,5278,0.6442687747035574,32,755,51
activity_liquidity_n0.75_d1000000.0,activity_liquidity,legacy,original_dev,347,533,168,0.651031894934334,0.012507529717168616,4.34011281185751,0.008142800772715779,0.5706051873198847,0.025989591005057162,-0.10999999999999997,-0.1596937568921306,-0.21999999999999983,19,26,10.560975609756097,2292,0.734341252699784,7,319,13
activity_liquidity_n0.75_d1000000.0,activity_liquidity,legacy,later_development,500,513,213,0.9746588693957114,0.00336679982316035,1.683399911580175,0.0032814813091231495,0.518,0.00844287948123302,-0.11000000000000008,-0.34569223297602947,-0.4215073456033031,14,25,12.824561403508772,2986,0.5922693266832918,25,436,38
activity_liquidity_n0.75_d1000000.0,activity_liquidity,legacy,2021,220,233,99,0.944206008583691,0.011352251478218917,2.4974953252081615,0.01071886405668739,0.5681818181818182,0.026460616966203283,-0.10999999999999997,-0.11888331940963535,-0.21999999999999983,9,11,15.025751072961373,1516,0.7912087912087912,4,202,10
activity_liquidity_n0.75_d1000000.0,activity_liquidity,legacy,2022,108,251,60,0.4302788844621514,0.012750022629191778,1.377002443952712,0.005486065513755827,0.5648148148148148,0.01987690952209465,-0.10999999999999997,-0.1596937568921306,-0.18842210253341327,8,12,7.223107569721115,648,0.7094594594594594,3,99,3
activity_liquidity_n0.75_d1000000.0,activity_liquidity,legacy,2023,118,250,63,0.472,0.017494039659452957,2.064296679815449,0.008257186719261799,0.5847457627118644,0.04799563964886545,-0.10999999999999997,-0.21013262049815562,-0.22888888888888875,8,12,6.076,693,0.4634146341463415,4,106,0
activity_liquidity_n0.75_d1000000.0,activity_liquidity,legacy,2025,289,210,105,1.3761904761904762,0.003352830372145367,0.968967977550011,0.004614133226428627,0.5224913494809689,0.012006210341568799,-0.11000000000000008,-0.34569223297602947,-0.4215073456033031,6,10,18.39047619047619,1758,0.6515513126491647,16,254,28
activity_liquidity_n0.75_d1000000.0,activity_liquidity,legacy,2026,112,102,54,1.0980392156862746,-0.007895086634720093,-0.8842497030886505,-0.008669114736163235,0.45535714285714285,-0.01991769873120857,-0.11110027855153208,-0.1504497787476511,-0.36583604947783327,2,5,14.833333333333334,663,0.5977653631284916,5,94,10
activity_liquidity_n1.0_d100000.0,activity_liquidity,legacy,pooled,622,1046,332,0.5946462715105163,0.0010068338706014852,0.6262506675141237,0.000598710007183676,0.5016077170418006,0.00028160026968116793,-0.10999999999999997,-0.17488888888888887,-0.33877227657541914,26,50,9.467495219885278,4033,0.45296442687747035,49,546,35
activity_liquidity_n1.0_d100000.0,activity_liquidity,legacy,original_dev,261,533,146,0.4896810506566604,0.006354709664246628,1.65857922236837,0.0031117809050063244,0.5363984674329502,0.007305515122109094,-0.10999999999999997,-0.1596937568921306,-0.21999999999999983,13,26,8.716697936210132,1766,0.5399568034557235,11,239,11
activity_liquidity_n1.0_d100000.0,activity_liquidity,legacy,later_development,361,513,186,0.7037037037037037,-0.002859635886022844,-1.0323285548542467,-0.0020123363642382966,0.47645429362880887,-0.01174291938997817,-0.11000000000000008,-0.17488888888888887,-0.33877227657541914,13,25,10.24756335282651,2267,0.4027431421446384,38,307,24
activity_liquidity_n1.0_d100000.0,activity_liquidity,legacy,2021,167,233,89,0.7167381974248928,0.004752021947036822,0.7935876651551492,0.003405955644442702,0.5329341317365269,0.007305515122109094,-0.10999999999999997,-0.11213243546576877,-0.21999999999999983,5,11,12.42489270386266,1167,0.5824175824175825,8,152,8
activity_liquidity_n1.0_d100000.0,activity_liquidity,legacy,2022,83,251,52,0.33067729083665337,0.007989638662081033,0.6631400089527257,0.002641992067540741,0.5301204819277109,0.0063243812532911645,-0.10999999999999997,-0.1596937568921306,-0.18842210253341327,7,12,6.135458167330677,513,0.5405405405405406,3,76,3
activity_liquidity_n1.0_d100000.0,activity_liquidity,legacy,2023,83,250,50,0.332,0.014046974637950453,1.1658988949498876,0.004663595579799552,0.5542168674698795,0.01652569096642554,-0.10999999999999997,-0.11000000000000008,-0.22888888888888875,7,12,5.128,525,0.3130081300813008,6,75,0
activity_liquidity_n1.0_d100000.0,activity_liquidity,legacy,2025,210,210,93,1.0,-0.003471575178601616,-0.7290307875063393,-0.003471575178601612,0.48095238095238096,-0.011827482639539802,-0.10999999999999997,-0.17488888888888887,-0.3299999999999998,5,10,14.933333333333334,1333,0.43914081145584727,26,177,16
activity_liquidity_n1.0_d100000.0,activity_liquidity,legacy,2026,79,102,48,0.7745098039215687,-0.016042343215662024,-1.2673451140372998,-0.012424952098404898,0.4050632911392405,-0.02890584762263692,-0.11000000000000008,-0.12325182166234415,-0.33877227657541914,2,5,10.294117647058824,495,0.40782122905027934,6,66,8
activity_liquidity_n1.0_d1000000.0,activity_liquidity,legacy,pooled,620,1046,331,0.5927342256214149,0.001397312090605384,0.8663334961753382,0.0008282346999764236,0.5048387096774194,0.0007659633320458246,-0.10999999999999997,-0.17488888888888887,-0.33877227657541914,26,50,9.447418738049713,4027,0.4505928853754941,50,543,35
activity_liquidity_n1.0_d1000000.0,activity_liquidity,legacy,original_dev,261,533,146,0.4896810506566604,0.006354709664246628,1.65857922236837,0.0031117809050063244,0.5363984674329502,0.007305515122109094,-0.10999999999999997,-0.1596937568921306,-0.21999999999999983,13,26,8.716697936210132,1766,0.5399568034557235,11,239,11
activity_liquidity_n1.0_d1000000.0,activity_liquidity,legacy,later_development,359,513,185,0.6998050682261209,-0.0022068126077800353,-0.7922457261930327,-0.0015443386475497704,0.4818941504178273,-0.010464900046490025,-0.11000000000000008,-0.17488888888888887,-0.33877227657541914,13,25,10.206627680311891,2261,0.39900249376558605,39,304,24
activity_liquidity_n1.0_d1000000.0,activity_liquidity,legacy,2021,167,233,89,0.7167381974248928,0.004752021947036822,0.7935876651551492,0.003405955644442702,0.5329341317365269,0.007305515122109094,-0.10999999999999997,-0.11213243546576877,-0.21999999999999983,5,11,12.42489270386266,1167,0.5824175824175825,8,152,8
activity_liquidity_n1.0_d1000000.0,activity_liquidity,legacy,2022,83,251,52,0.33067729083665337,0.007989638662081033,0.6631400089527257,0.002641992067540741,0.5301204819277109,0.0063243812532911645,-0.10999999999999997,-0.1596937568921306,-0.18842210253341327,7,12,6.135458167330677,513,0.5405405405405406,3,76,3
activity_liquidity_n1.0_d1000000.0,activity_liquidity,legacy,2023,81,250,49,0.324,0.017109862900615894,1.3858988949498874,0.0055435955797995505,0.5679012345679012,0.016856240126382323,-0.10999999999999997,-0.11000000000000008,-0.22888888888888875,7,12,5.044,522,0.3048780487804878,6,73,0
activity_liquidity_n1.0_d1000000.0,activity_liquidity,legacy,2025,210,210,93,1.0,-0.0033759426611672627,-0.7089479588451252,-0.0033759426611672592,0.4857142857142857,-0.011103909718234098,-0.10999999999999997,-0.17488888888888887,-0.3299999999999998,5,10,14.933333333333334,1330,0.43675417661097854,27,176,16
activity_liquidity_n1.0_d1000000.0,activity_liquidity,legacy,2026,79,102,48,0.7745098039215687,-0.016042343215662024,-1.2673451140372998,-0.012424952098404898,0.4050632911392405,-0.02890584762263692,-0.11000000000000008,-0.12325182166234415,-0.33877227657541914,2,5,10.294117647058824,495,0.40782122905027934,6,66,8
carry_pf_0,counter_activity,legacy,pooled,1580,1046,529,1.5105162523900573,0.0009339080172616384,1.4755746672733887,0.0014106832383110831,0.5335443037974683,0.019962096487913146,-0.12967868138219257,-0.9841620985134818,-0.9841620985134818,26,50,18.054493307839387,13269,0.9992094861660079,316,1072,86
carry_pf_0,counter_activity,legacy,original_dev,593,533,234,1.1125703564727956,0.002969915653259156,1.7611599823826796,0.003304240117040677,0.5531197301854974,0.021646451972675347,-0.1117434675677756,-0.9841620985134818,-0.9841620985134818,13,26,15.455909943714822,4780,0.9978401727861771,131,405,25
carry_pf_0,counter_activity,legacy,later_development,987,513,295,1.9239766081871346,-0.000289346823818936,-0.2855853151092898,-0.0005566965206808702,0.5217831813576495,0.019141448105805876,-0.13629145094573353,-0.35875066454013815,-0.6634859506489802,14,25,20.75438596491228,8489,1.0,185,667,61
carry_pf_0,counter_activity,legacy,2021,350,233,126,1.502145922746781,0.001442569984176884,0.5048994944619094,0.0021669506200082023,0.5428571428571428,0.017314799605282157,-0.11000000000000008,-0.40614898989898995,-0.8122222222222225,5,11,20.540772532188843,2799,0.9963369963369964,78,243,17
carry_pf_0,counter_activity,legacy,2022,190,251,86,0.7569721115537849,0.0033968346343056935,0.6453985805180817,0.00257130908572941,0.5526315789473685,0.02022615872535139,-0.11000000000000008,-0.9841620985134818,-0.9841620985134818,7,12,10.892430278884461,1471,1.0,42,128,8
carry_pf_0,counter_activity,legacy,2023,311,250,111,1.244,-0.005612078923714704,-1.745356545275273,-0.006981426181101089,0.5144694533762058,0.007759562841529908,-0.1599006458022852,-0.31048890560361053,-0.6634859506489802,5,12,12.304,2654,1.0,65,200,4
carry_pf_0,counter_activity,legacy,2025,507,210,136,2.414285714285714,0.004698678889488047,2.38223019697044,0.011343953318906863,0.5463510848126233,0.04092592592592582,-0.12874392686457664,-0.35875066454013815,-0.4435344582347487,6,10,27.70952380952381,4417,1.0,88,360,44
carry_pf_0,counter_activity,legacy,2026,222,102,70,2.176470588235294,-0.0014035903576656225,-0.3115970594017682,-0.003054873131389883,0.5,-0.0008538537452629138,-0.1230278444079979,-0.268317440135622,-0.36583604947783327,3,5,24.215686274509803,1928,1.0,43,141,13
fresh_pf_0,counter_activity,legacy,pooled,1566,1046,528,1.497131931166348,0.0015469312988298034,2.4224944139674722,0.0023159602427987353,0.5363984674329502,0.020872521386540062,-0.12889629233016717,-0.9841620985134818,-0.9841620985134818,25,50,17.950286806883366,8225,1.0,301,1072,82
fresh_pf_0,counter_activity,legacy,original_dev,589,533,233,1.1050656660412759,0.004091419058720356,2.4098458255862893,0.00452128672717878,0.5585738539898133,0.026857027136492302,-0.11187312353377332,-0.9841620985134818,-0.9841620985134818,13,26,15.362101313320826,3327,1.0,126,405,25
fresh_pf_0,counter_activity,legacy,later_development,977,513,295,1.9044834307992202,1.2946354535499933e-05,0.012648588381183434,2.4656117702121262e-05,0.5230296827021494,0.019272898961284264,-0.1355358103760413,-0.35875066454013815,-0.6634859506489802,13,25,20.639376218323587,4898,1.0,175,667,57
fresh_pf_0,counter_activity,legacy,2021,348,233,126,1.4935622317596566,0.002689685648198336,0.9360106055730208,0.00401721289945503,0.5488505747126436,0.022003858446040032,-0.11000000000000008,-0.40614898989898995,-0.7022222222222226,5,11,20.459227467811157,2082,1.0,75,243,17
fresh_pf_0,counter_activity,legacy,2022,188,251,85,0.749003984063745,0.004590283577715852,0.8629733126105803,0.0034381406876915557,0.5585106382978723,0.023749762456651287,-0.11000000000000008,-0.9841620985134818,-0.9841620985134818,7,12,10.768924302788845,974,1.0,40,128,8
fresh_pf_0,counter_activity,legacy,2023,308,250,111,1.232,-0.00445674739396219,-1.3726781973403543,-0.005490712789361414,0.5194805194805194,0.010075503397940508,-0.15992134459347582,-0.31048890560361053,-0.6634859506489802,5,12,12.272,1360,1.0,62,200,3
fresh_pf_0,counter_activity,legacy,2025,501,210,136,2.3857142857142857,0.0048081773725291545,2.408896863637106,0.01147093744589099,0.5469061876247505,0.04092592592592582,-0.1296581196581198,-0.35875066454013815,-0.4435344582347487,6,10,27.47142857142857,2716,1.0,82,360,41
fresh_pf_0,counter_activity,legacy,2026,221,102,70,2.1666666666666665,-0.0018674577851261508,-0.41270817051287934,-0.0040461585344399925,0.497737556561086,-0.0024172121759340384,-0.12325182166234415,-0.268317440135622,-0.36583604947783327,2,5,24.205882352941178,1093,1.0,42,141,13
carry_pf_1,counter_activity,legacy,pooled,1461,1046,496,1.3967495219885278,0.0036584021533008883,5.344925545972598,0.0051098714588648205,0.5448323066392882,0.02818829297972459,-0.12347517730496448,-0.48572345320256693,-0.7022222222222225,31,50,16.217973231357554,11978,0.9992094861660079,197,1072,77
carry_pf_1,counter_activity,legacy,original_dev,536,533,212,1.0056285178236397,0.005522344984918807,2.9599769119164807,0.005553427602094713,0.5652985074626866,0.027983271936364747,-0.11238109639307241,-0.48572345320256693,-0.7022222222222225,16,26,13.632270168855534,4212,0.9978401727861771,74,405,21
carry_pf_1,counter_activity,legacy,later_development,925,513,284,1.8031189083820662,0.002578322847628235,2.3849486340561175,0.0046490226784719705,0.532972972972973,0.030970968247293403,-0.1328016302078705,-0.307979797979798,-0.6634859506489802,15,25,18.90448343079922,7766,1.0,123,667,56
carry_pf_1,counter_activity,legacy,2021,321,233,117,1.3776824034334765,0.0021472267356827945,0.689259782154177,0.002958196489932091,0.5514018691588785,0.025989591005057162,-0.11000000000000008,-0.40614898989898995,-0.7022222222222225,5,11,18.824034334763947,2518,0.9963369963369964,49,243,17
carry_pf_1,counter_activity,legacy,2022,165,251,76,0.6573705179282868,0.010337942635567298,1.7057605348686042,0.006795858704655798,0.5757575757575758,0.027778250893004904,-0.11000000000000008,-0.48572345320256693,-0.3846123420914558,10,12,9.262948207171315,1240,1.0,17,128,4
carry_pf_1,counter_activity,legacy,2023,294,250,102,1.176,-0.002113254320343889,-0.6212967701811034,-0.002485187080724409,0.5272108843537415,0.01669096554640393,-0.15980291790119253,-0.31048890560361053,-0.6634859506489802,6,12,11.072,2434,1.0,48,200,3
carry_pf_1,counter_activity,legacy,2025,477,210,132,2.2714285714285714,0.005632237273133977,2.686577179284907,0.012793224663261469,0.549266247379455,0.059997891629770324,-0.1302878992352678,-0.2751024811218986,-0.4287145521767033,7,10,25.419047619047618,4066,1.0,58,360,41
carry_pf_1,counter_activity,legacy,2026,204,102,69,2.0,0.004336396175715754,0.8846248198460137,0.008672792351431513,0.5245098039215687,0.021823078058137775,-0.11732017268477889,-0.17216216216216218,-0.36583604947783327,3,5,21.04901960784314,1720,1.0,25,141,12
fresh_pf_1,counter_activity,legacy,pooled,1451,1046,495,1.387189292543021,0.004034645458700334,5.854270560574184,0.005596816979516432,0.5465196416264645,0.03217356042173548,-0.12336349948365431,-0.48572345320256693,-0.6634859506489802,30,50,16.17590822179732,7461,1.0,186,1072,74
fresh_pf_1,counter_activity,legacy,original_dev,534,533,212,1.00187617260788,0.006350352103047925,3.391088023027592,0.006362266459714059,0.5692883895131086,0.03340122002546909,-0.11248056076399386,-0.48572345320256693,-0.5922222222222226,16,26,13.615384615384615,2946,1.0,71,405,21
fresh_pf_1,counter_activity,legacy,later_development,917,513,283,1.7875243664717348,0.002686131447706206,2.463182537546591,0.0048015254143208485,0.5332606324972737,0.030970968247293403,-0.13278546819990256,-0.307979797979798,-0.6634859506489802,14,25,18.83625730994152,4515,1.0,115,667,53
fresh_pf_1,counter_activity,legacy,2021,320,233,117,1.3733905579399142,0.003157409041454024,1.0103708932652877,0.004336355765087074,0.55625,0.027522660058108446,-0.11010662177328852,-0.40614898989898995,-0.5922222222222226,5,11,18.78969957081545,1895,1.0,47,243,17
fresh_pf_1,counter_activity,legacy,2022,164,251,76,0.6533864541832669,0.011071710578467099,1.8157605348686043,0.00723410571660799,0.5792682926829268,0.030115810421900042,-0.11000000000000008,-0.48572345320256693,-0.3846123420914558,10,12,9.258964143426295,823,1.0,16,128,4
fresh_pf_1,counter_activity,legacy,2023,292,250,102,1.168,-0.001228145281665016,-0.3586184222461846,-0.001434473688984733,0.5308219178082192,0.0179988441160941,-0.15980733819818593,-0.31048890560361053,-0.6634859506489802,6,12,11.06,1254,1.0,46,200,3
fresh_pf_1,counter_activity,legacy,2025,472,210,132,2.2476190476190476,0.005515347131253336,2.6032438459515745,0.012396399266436072,0.548728813559322,0.05682737641632186,-0.1310751237067028,-0.2751024811218986,-0.4287145521767033,6,10,25.271428571428572,2500,1.0,53,360,38
fresh_pf_1,counter_activity,legacy,2026,203,102,68,1.9901960784313726,0.0038596734420438556,0.7835137087349027,0.007681506948381403,0.5221674876847291,0.020740740740740733,-0.117606943816363,-0.17216216216216218,-0.36583604947783327,3,5,21.03921568627451,989,1.0,24,141,12
carry_pf_2,counter_activity,legacy,pooled,1268,1046,459,1.2122370936902485,0.006250238894022743,7.925302917620838,0.007576771431759885,0.554416403785489,0.041268968221023,-0.12246375398727895,-0.48572345320256693,-0.6634859506489802,31,50,14.319311663479924,10311,1.0,3,1072,62
carry_pf_2,counter_activity,legacy,original_dev,463,533,200,0.8686679174484052,0.004916311282168907,2.2762521236442037,0.004270641883009768,0.5615550755939525,0.02762029746281703,-0.11566563577774694,-0.48572345320256693,-0.5922222222222226,16,26,12.157598499061914,3583,1.0,0,405,13
carry_pf_2,counter_activity,legacy,later_development,805,513,259,1.5692007797270955,0.007017454402455446,5.649050793976634,0.011011794920032425,0.5503105590062112,0.06741231192747633,-0.1259836837380403,-0.307979797979798,-0.6634859506489802,15,25,16.56530214424951,6728,1.0,3,667,49
carry_pf_2,counter_activity,legacy,2021,273,233,108,1.1716738197424892,0.0031417854381917683,0.8577074246263527,0.0036811477451774823,0.5531135531135531,0.025989591005057162,-0.11000000000000008,-0.40555555555555556,-0.5922222222222226,6,11,16.390557939914164,2154,1.0,0,243,10
carry_pf_2,counter_activity,legacy,2022,148,251,73,0.5896414342629482,0.00773009915264002,1.144054674590723,0.004557986751357464,0.5675675675675675,0.027699274177910967,-0.11000000000000008,-0.48572345320256693,-0.3846123420914558,9,12,8.56175298804781,1049,1.0,0,128,3
carry_pf_2,counter_activity,legacy,2023,248,250,90,0.992,0.004218889654978439,1.0462846344346528,0.0041851385377386155,0.5524193548387096,0.06477673511945227,-0.15732799416779394,-0.31048890560361053,-0.6634859506489802,6,12,9.372,2026,1.0,2,200,1
carry_pf_2,counter_activity,legacy,2025,420,210,124,2.0,0.008378085551621776,3.5187959316811463,0.01675617110324356,0.5595238095238095,0.09483077027531651,-0.12986159360352922,-0.2334928702527178,-0.44,7,10,22.728571428571428,3606,1.0,1,360,36
carry_pf_2,counter_activity,legacy,2026,179,102,64,1.7549019607843137,0.007589163420603145,1.358460252287963,0.01331823776752905,0.5363128491620112,0.030970968247293403,-0.11024450634478497,-0.15529914529914535,-0.36583604947783327,3,5,18.568627450980394,1476,1.0,0,141,12
carry_pf_2,counter_activity,optimistic,pooled,1268,1046,459,1.2122370936902485,0.008081644432052885,10.24752513984306,0.009796869158549774,0.5630914826498423,0.05325749440739081,-0.12246375398727895,-0.48572345320256693,-0.6634859506489802,34,50,14.319311663479924,10311,1.0,3,1072,62
carry_pf_2,counter_activity,optimistic,original_dev,463,533,200,0.8686679174484052,0.0067401653738415725,3.1206965680886483,0.005854965418552815,0.5701943844492441,0.034349070100142994,-0.11566563577774694,-0.48572345320256693,-0.5922222222222226,17,26,12.157598499061914,3583,1.0,0,405,13
carry_pf_2,counter_activity,optimistic,later_development,805,513,259,1.5692007797270955,0.008853203194725977,7.1268285717544115,0.013892453356246419,0.5590062111801242,0.10111111111111094,-0.1259836837380403,-0.307979797979798,-0.6634859506489802,17,25,16.56530214424951,6728,1.0,3,667,49
carry_pf_2,counter_activity,optimistic,2021,273,233,108,1.1716738197424892,0.00623498853139486,1.7021518690707969,0.007305372828630031,0.5677655677655677,0.03609929078014163,-0.11000000000000008,-0.40555555555555556,-0.5922222222222226,7,11,16.390557939914164,2154,1.0,0,243,10
carry_pf_2,counter_activity,optimistic,2022,148,251,73,0.5896414342629482,0.00773009915264002,1.144054674590723,0.004557986751357464,0.5675675675675675,0.027699274177910967,-0.11000000000000008,-0.48572345320256693,-0.3846123420914558,9,12,8.56175298804781,1049,1.0,0,128,3
carry_pf_2,counter_activity,optimistic,2023,248,250,90,0.992,0.007623907576125391,1.8907290788790971,0.007562916315516393,0.5685483870967742,0.10111111111111094,-0.15732799416779394,-0.31048890560361053,-0.6634859506489802,7,12,9.372,2026,1.0,2,200,1
carry_pf_2,counter_activity,optimistic,2025,420,210,124,2.0,0.009383376556912784,3.941018153903369,0.01876675311382557,0.5642857142857143,0.10111111111111094,-0.12986159360352922,-0.2334928702527178,-0.44,7,10,22.728571428571428,3606,1.0,1,360,36
carry_pf_2,counter_activity,optimistic,2026,179,102,64,1.7549019607843137,0.008768555102788124,1.5695713633990742,0.01538795454312818,0.5418994413407822,0.062327044025157326,-0.11024450634478497,-0.15529914529914535,-0.36583604947783327,4,5,18.568627450980394,1476,1.0,0,141,12
carry_pf_2,counter_activity,pessimistic,pooled,1266,1046,459,1.2103250478011471,-0.01885176098626769,-23.866329408614895,-0.022816758516840237,0.4352290679304897,-0.03141085840473539,-0.13540526038366074,-0.5970843247397813,-0.8033333333333337,9,50,16.811663479923517,10302,0.9984189723320158,3,1070,62
carry_pf_2,counter_activity,pessimistic,original_dev,463,533,200,0.8686679174484052,-0.019665683008898975,-9.105211233120226,-0.017082947904540763,0.4427645788336933,-0.028057203110583788,-0.13209571029499947,-0.48572345320256693,-0.8033333333333337,5,26,13.934333958724203,3583,1.0,0,405,13
carry_pf_2,counter_activity,pessimistic,later_development,803,513,259,1.5653021442495128,-0.018382463481313407,-14.761118175494667,-0.028774109503888232,0.43088418430884184,-0.0357150715071508,-0.13662914886569816,-0.5970843247397813,-0.6634859506489802,4,25,19.801169590643276,6719,0.9975062344139651,3,665,49
carry_pf_2,counter_activity,pessimistic,2021,273,233,108,1.1716738197424892,-0.020370842883510504,-5.561240107198367,-0.02386798329269685,0.43956043956043955,-0.028653690186536955,-0.11370274671553685,-0.40555555555555556,-0.8033333333333337,1,11,18.40343347639485,2154,1.0,0,243,10
carry_pf_2,counter_activity,pessimistic,2022,148,251,73,0.5896414342629482,-0.012740867773998755,-1.8856484305518157,-0.0075125435480152,0.46621621621621623,-0.020982587143662627,-0.12733501488751875,-0.48572345320256693,-0.3846123420914558,4,12,9.900398406374501,1049,1.0,0,128,3
carry_pf_2,counter_activity,pessimistic,2023,247,250,90,0.988,-0.027888666061729215,-6.888500517247116,-0.02755400206898847,0.4008097165991903,-0.07023912877922477,-0.15768565926263048,-0.31048890560361053,-0.6634859506489802,1,12,11.76,2023,0.9959349593495935,2,199,1
carry_pf_2,counter_activity,pessimistic,2025,419,210,124,1.9952380952380953,-0.012600981809117423,-5.2798113780202005,-0.02514195894295333,0.45823389021479716,-0.022956322218100393,-0.13704644494575008,-0.2334928702527178,-0.531507345603303,3,10,26.071428571428573,3600,0.9976133651551312,1,359,36
carry_pf_2,counter_activity,pessimistic,2026,179,102,64,1.7549019607843137,-0.023749323886018962,-4.251128975597394,-0.041677735054876416,0.39664804469273746,-0.04589329565714672,-0.1192202310841117,-0.5970843247397813,-0.5970843247397813,0,5,23.5,1476,1.0,0,141,12
fresh_pf_2,counter_activity,legacy,pooled,1265,1046,459,1.2093690248565965,0.0065596689846290565,8.297981265555757,0.007933060483322906,0.5557312252964427,0.04199460038169712,-0.12230515915998291,-0.48572345320256693,-0.6634859506489802,31,50,14.31453154875717,6779,1.0,0,1072,62
fresh_pf_2,counter_activity,legacy,original_dev,463,533,200,0.8686679174484052,0.004916311282168907,2.2762521236442037,0.004270641883009768,0.5615550755939525,0.02762029746281703,-0.11566563577774694,-0.48572345320256693,-0.5922222222222226,16,26,12.157598499061914,2663,1.0,0,405,13
fresh_pf_2,counter_activity,legacy,later_development,802,513,259,1.5633528265107213,0.007508390451261287,6.021729141911552,0.011738263434525446,0.5523690773067331,0.06833826679180789,-0.12346400952283346,-0.307979797979798,-0.6634859506489802,15,25,16.555555555555557,4116,1.0,0,667,49
fresh_pf_2,counter_activity,legacy,2021,273,233,108,1.1716738197424892,0.0031417854381917683,0.8577074246263527,0.0036811477451774823,0.5531135531135531,0.025989591005057162,-0.11000000000000008,-0.40555555555555556,-0.5922222222222226,6,11,16.390557939914164,1698,1.0,0,243,10
fresh_pf_2,counter_activity,legacy,2022,148,251,73,0.5896414342629482,0.00773009915264002,1.144054674590723,0.004557986751357464,0.5675675675675675,0.027699274177910967,-0.11000000000000008,-0.48572345320256693,-0.3846123420914558,9,12,8.56175298804781,762,1.0,0,128,3
fresh_pf_2,counter_activity,legacy,2023,246,250,90,0.984,0.005320987733209639,1.3089629823695712,0.00523585192947829,0.556910569105691,0.0849317738791422,-0.15617003367003363,-0.31048890560361053,-0.6634859506489802,6,12,9.36,1101,1.0,0,200,1
fresh_pf_2,counter_activity,legacy,2025,419,210,124,1.9952380952380953,0.00866061081546813,3.6287959316811467,0.01727998062705308,0.5608591885441527,0.10111111111111094,-0.13006506754893865,-0.2334928702527178,-0.44,7,10,22.71904761904762,2296,1.0,0,360,36
fresh_pf_2,counter_activity,legacy,2026,179,102,64,1.7549019607843137,0.007589163420603145,1.358460252287963,0.01331823776752905,0.5363128491620112,0.030970968247293403,-0.11024450634478497,-0.15529914529914535,-0.36583604947783327,3,5,18.568627450980394,922,1.0,0,141,12
fresh_pf_2,counter_activity,optimistic,pooled,1265,1046,459,1.2093690248565965,0.00822853152305681,10.409092376666866,0.009951331144040986,0.5636363636363636,0.05365686120287339,-0.12230515915998291,-0.48572345320256693,-0.6634859506489802,34,50,14.31453154875717,6779,1.0,0,1072,62
fresh_pf_2,counter_activity,optimistic,original_dev,463,533,200,0.8686679174484052,0.0067401653738415725,3.1206965680886483,0.005854965418552815,0.5701943844492441,0.034349070100142994,-0.11566563577774694,-0.48572345320256693,-0.5922222222222226,17,26,12.157598499061914,2663,1.0,0,405,13
fresh_pf_2,counter_activity,optimistic,later_development,802,513,259,1.5633528265107213,0.009087775322416732,7.288395808578219,0.014207399236994583,0.559850374064838,0.10111111111111094,-0.12346400952283346,-0.307979797979798,-0.6634859506489802,17,25,16.555555555555557,4116,1.0,0,667,49
fresh_pf_2,counter_activity,optimistic,2021,273,233,108,1.1716738197424892,0.00623498853139486,1.7021518690707969,0.007305372828630031,0.5677655677655677,0.03609929078014163,-0.11000000000000008,-0.40555555555555556,-0.5922222222222226,7,11,16.390557939914164,1698,1.0,0,243,10
fresh_pf_2,counter_activity,optimistic,2022,148,251,73,0.5896414342629482,0.00773009915264002,1.144054674590723,0.004557986751357464,0.5675675675675675,0.027699274177910967,-0.11000000000000008,-0.48572345320256693,-0.3846123420914558,9,12,8.56175298804781,762,1.0,0,128,3
fresh_pf_2,counter_activity,optimistic,2023,246,250,90,0.984,0.007895513478467092,1.9422963157029047,0.007769185262811624,0.5691056910569106,0.10111111111111094,-0.15617003367003363,-0.31048890560361053,-0.6634859506489802,7,12,9.36,1101,1.0,0,200,1
fresh_pf_2,counter_activity,optimistic,2025,419,210,124,1.9952380952380953,0.009668301083301597,4.051018153903369,0.01929056263763509,0.5656324582338902,0.10111111111111094,-0.13006506754893865,-0.2334928702527178,-0.44,7,10,22.71904761904762,2296,1.0,0,360,36
fresh_pf_2,counter_activity,optimistic,2026,179,102,64,1.7549019607843137,0.008768555102788124,1.5695713633990742,0.01538795454312818,0.5418994413407822,0.062327044025157326,-0.11024450634478497,-0.15529914529914535,-0.36583604947783327,4,5,18.568627450980394,922,1.0,0,141,12
fresh_pf_2,counter_activity,pessimistic,pooled,1263,1046,459,1.2074569789674952,-0.018601465606239095,-23.493651060679976,-0.02246046946527722,0.43626286619160726,-0.030826518373132543,-0.13522113486633133,-0.5970843247397813,-0.8033333333333337,10,50,16.806883365200765,6773,0.9984189723320158,0,1070,62
fresh_pf_2,counter_activity,pessimistic,original_dev,463,533,200,0.8686679174484052,-0.019665683008898975,-9.105211233120226,-0.017082947904540763,0.4427645788336933,-0.028057203110583788,-0.13209571029499947,-0.48572345320256693,-0.8033333333333337,5,26,13.934333958724203,2663,1.0,0,405,13
fresh_pf_2,counter_activity,pessimistic,later_development,800,513,259,1.5594541910331383,-0.017985549784449686,-14.388439827559749,-0.028047640989395217,0.4325,-0.03549846052670918,-0.1353110871880274,-0.5970843247397813,-0.6634859506489802,5,25,19.79142300194932,4110,0.9975062344139651,0,665,49
fresh_pf_2,counter_activity,pessimistic,2021,273,233,108,1.1716738197424892,-0.020370842883510504,-5.561240107198367,-0.02386798329269685,0.43956043956043955,-0.028653690186536955,-0.11370274671553685,-0.40555555555555556,-0.8033333333333337,1,11,18.40343347639485,1698,1.0,0,243,10
fresh_pf_2,counter_activity,pessimistic,2022,148,251,73,0.5896414342629482,-0.012740867773998755,-1.8856484305518157,-0.0075125435480152,0.46621621621621623,-0.020982587143662627,-0.12733501488751875,-0.48572345320256693,-0.3846123420914558,4,12,9.900398406374501,762,1.0,0,128,3
fresh_pf_2,counter_activity,pessimistic,2023,245,250,90,0.98,-0.02704417211964162,-6.6258221693121975,-0.02650328867724879,0.40408163265306124,-0.06272874120226156,-0.1582114112594279,-0.31048890560361053,-0.6634859506489802,1,12,11.748,1098,0.9959349593495935,0,199,1
fresh_pf_2,counter_activity,pessimistic,2025,418,210,124,1.9904761904761905,-0.012367969803876075,-5.169811378020199,-0.024618149419143805,0.45933014354066987,-0.022749845122927985,-0.13717755994591305,-0.2334928702527178,-0.531507345603303,4,10,26.061904761904763,2293,0.9976133651551312,0,359,36
fresh_pf_2,counter_activity,pessimistic,2026,179,102,64,1.7549019607843137,-0.023749323886018962,-4.251128975597394,-0.041677735054876416,0.39664804469273746,-0.04589329565714672,-0.1192202310841117,-0.5970843247397813,-0.5970843247397813,0,5,23.5,922,1.0,0,141,12
carry_pf_3,counter_activity,legacy,pooled,1067,1046,413,1.020076481835564,0.00637635661966357,6.803572513181029,0.006504371427515328,0.5520149953139644,0.03609929078014163,-0.12169039106688989,-0.48572345320256693,-0.48572345320256693,31,50,12.181644359464627,8633,0.841897233201581,2,916,50
carry_pf_3,counter_activity,legacy,original_dev,372,533,174,0.6979362101313321,0.006411702116220165,2.385153187233901,0.004474959075485745,0.5645161290322581,0.026423309070774732,-0.110959595959596,-0.48572345320256693,-0.48572345320256693,17,26,10.018761726078798,2878,0.8012958963282938,1,329,9
carry_pf_3,counter_activity,legacy,later_development,695,513,239,1.354775828460039,0.006357437879060618,4.41841932594713,0.008612903169487585,0.5453237410071943,0.04949699699699695,-0.1244158672173679,-0.307979797979798,-0.40211874850045315,14,25,14.428849902534113,5755,0.8653366583541147,1,587,41
carry_pf_3,counter_activity,legacy,2021,221,233,95,0.9484978540772532,0.005996179876316742,1.325155752666,0.005687363745347641,0.5565610859728507,0.025989591005057162,-0.11000000000000008,-0.40555555555555556,-0.22888888888888886,7,11,13.313304721030043,1745,0.8058608058608059,1,198,8
carry_pf_3,counter_activity,legacy,2022,117,251,63,0.46613545816733065,0.008153177001946293,0.9539217092277162,0.003800484897321581,0.5726495726495726,0.02762029746281703,-0.11316304450089383,-0.48572345320256693,-0.48572345320256693,9,12,7.131474103585657,847,0.7905405405405406,0,101,1
carry_pf_3,counter_activity,legacy,2023,208,250,84,0.832,0.00381796068696534,0.7941358228887907,0.0031765432915551645,0.5480769230769231,0.05084563336921822,-0.15732799416779394,-0.31048890560361053,-0.3566666666666666,4,12,7.844,1673,0.8414634146341463,1,177,1
carry_pf_3,counter_activity,legacy,2025,361,210,111,1.7190476190476192,0.007841432880246744,2.8307572697690744,0.013479796522709883,0.556786703601108,0.059997891629770324,-0.1296581196581198,-0.2334928702527178,-0.32758840315478965,8,10,19.947619047619046,3087,0.8615751789976134,0,312,29
carry_pf_3,counter_activity,legacy,2026,160,102,60,1.5686274509803921,0.005622512241434056,0.899601958629449,0.008819627045386757,0.525,0.01466774070609423,-0.11000000000000008,-0.15529914529914535,-0.40211874850045315,3,5,16.666666666666668,1281,0.8938547486033519,0,128,11
fresh_pf_3,counter_activity,legacy,pooled,1066,1046,413,1.0191204588910134,0.0065255636595834415,6.956250861115949,0.006650335431277201,0.5525328330206379,0.03645086010961352,-0.12127066970342466,-0.48572345320256693,-0.48572345320256693,31,50,12.179732313575526,5861,0.841897233201581,1,916,50
fresh_pf_3,counter_activity,legacy,original_dev,372,533,174,0.6979362101313321,0.006411702116220165,2.385153187233901,0.004474959075485745,0.5645161290322581,0.026423309070774732,-0.110959595959596,-0.48572345320256693,-0.48572345320256693,17,26,10.018761726078798,2218,0.8012958963282938,1,329,9
fresh_pf_3,counter_activity,legacy,later_development,694,513,239,1.3528265107212476,0.00658659607187615,4.571097673882048,0.008910521781446492,0.5461095100864554,0.05084563336921822,-0.12332999613726127,-0.307979797979798,-0.40211874850045315,14,25,14.42495126705653,3643,0.8653366583541147,0,587,41
fresh_pf_3,counter_activity,legacy,2021,221,233,95,0.9484978540772532,0.005996179876316742,1.325155752666,0.005687363745347641,0.5565610859728507,0.025989591005057162,-0.11000000000000008,-0.40555555555555556,-0.22888888888888886,7,11,13.313304721030043,1421,0.8058608058608059,1,198,8
fresh_pf_3,counter_activity,legacy,2022,117,251,63,0.46613545816733065,0.008153177001946293,0.9539217092277162,0.003800484897321581,0.5726495726495726,0.02762029746281703,-0.11316304450089383,-0.48572345320256693,-0.48572345320256693,9,12,7.131474103585657,622,0.7905405405405406,0,101,1
fresh_pf_3,counter_activity,legacy,2023,207,250,84,0.828,0.004573981501563812,0.9468141708237091,0.00378725668329484,0.5507246376811594,0.05219426974143949,-0.15543771043771037,-0.31048890560361053,-0.3566666666666666,4,12,7.836,971,0.8414634146341463,0,177,1
fresh_pf_3,counter_activity,legacy,2025,361,210,111,1.7190476190476192,0.007841432880246744,2.8307572697690744,0.013479796522709883,0.556786703601108,0.059997891629770324,-0.1296581196581198,-0.2334928702527178,-0.32758840315478965,8,10,19.947619047619046,2015,0.8615751789976134,0,312,29
fresh_pf_3,counter_activity,legacy,2026,160,102,60,1.5686274509803921,0.005622512241434056,0.899601958629449,0.008819627045386757,0.525,0.01466774070609423,-0.11000000000000008,-0.15529914529914535,-0.40211874850045315,3,5,16.666666666666668,832,0.8938547486033519,0,128,11
carry_fresh_pf2,counter_activity,legacy,pooled,1265,1046,459,1.2093690248565965,0.0065596689846290565,8.297981265555757,0.007933060483322906,0.5557312252964427,0.04199460038169712,-0.12230515915998291,-0.48572345320256693,-0.6634859506489802,31,50,14.31453154875717,6779,1.0,0,1072,62
carry_fresh_pf2,counter_activity,legacy,original_dev,463,533,200,0.8686679174484052,0.004916311282168907,2.2762521236442037,0.004270641883009768,0.5615550755939525,0.02762029746281703,-0.11566563577774694,-0.48572345320256693,-0.5922222222222226,16,26,12.157598499061914,2663,1.0,0,405,13
carry_fresh_pf2,counter_activity,legacy,later_development,802,513,259,1.5633528265107213,0.007508390451261287,6.021729141911552,0.011738263434525446,0.5523690773067331,0.06833826679180789,-0.12346400952283346,-0.307979797979798,-0.6634859506489802,15,25,16.555555555555557,4116,1.0,0,667,49
carry_fresh_pf2,counter_activity,legacy,2021,273,233,108,1.1716738197424892,0.0031417854381917683,0.8577074246263527,0.0036811477451774823,0.5531135531135531,0.025989591005057162,-0.11000000000000008,-0.40555555555555556,-0.5922222222222226,6,11,16.390557939914164,1698,1.0,0,243,10
carry_fresh_pf2,counter_activity,legacy,2022,148,251,73,0.5896414342629482,0.00773009915264002,1.144054674590723,0.004557986751357464,0.5675675675675675,0.027699274177910967,-0.11000000000000008,-0.48572345320256693,-0.3846123420914558,9,12,8.56175298804781,762,1.0,0,128,3
carry_fresh_pf2,counter_activity,legacy,2023,246,250,90,0.984,0.005320987733209639,1.3089629823695712,0.00523585192947829,0.556910569105691,0.0849317738791422,-0.15617003367003363,-0.31048890560361053,-0.6634859506489802,6,12,9.36,1101,1.0,0,200,1
carry_fresh_pf2,counter_activity,legacy,2025,419,210,124,1.9952380952380953,0.00866061081546813,3.6287959316811467,0.01727998062705308,0.5608591885441527,0.10111111111111094,-0.13006506754893865,-0.2334928702527178,-0.44,7,10,22.71904761904762,2296,1.0,0,360,36
carry_fresh_pf2,counter_activity,legacy,2026,179,102,64,1.7549019607843137,0.007589163420603145,1.358460252287963,0.01331823776752905,0.5363128491620112,0.030970968247293403,-0.11024450634478497,-0.15529914529914535,-0.36583604947783327,3,5,18.568627450980394,922,1.0,0,141,12
carry_fresh_pf2,counter_activity,optimistic,pooled,1265,1046,459,1.2093690248565965,0.00822853152305681,10.409092376666866,0.009951331144040986,0.5636363636363636,0.05365686120287339,-0.12230515915998291,-0.48572345320256693,-0.6634859506489802,34,50,14.31453154875717,6779,1.0,0,1072,62
carry_fresh_pf2,counter_activity,optimistic,original_dev,463,533,200,0.8686679174484052,0.0067401653738415725,3.1206965680886483,0.005854965418552815,0.5701943844492441,0.034349070100142994,-0.11566563577774694,-0.48572345320256693,-0.5922222222222226,17,26,12.157598499061914,2663,1.0,0,405,13
carry_fresh_pf2,counter_activity,optimistic,later_development,802,513,259,1.5633528265107213,0.009087775322416732,7.288395808578219,0.014207399236994583,0.559850374064838,0.10111111111111094,-0.12346400952283346,-0.307979797979798,-0.6634859506489802,17,25,16.555555555555557,4116,1.0,0,667,49
carry_fresh_pf2,counter_activity,optimistic,2021,273,233,108,1.1716738197424892,0.00623498853139486,1.7021518690707969,0.007305372828630031,0.5677655677655677,0.03609929078014163,-0.11000000000000008,-0.40555555555555556,-0.5922222222222226,7,11,16.390557939914164,1698,1.0,0,243,10
carry_fresh_pf2,counter_activity,optimistic,2022,148,251,73,0.5896414342629482,0.00773009915264002,1.144054674590723,0.004557986751357464,0.5675675675675675,0.027699274177910967,-0.11000000000000008,-0.48572345320256693,-0.3846123420914558,9,12,8.56175298804781,762,1.0,0,128,3
carry_fresh_pf2,counter_activity,optimistic,2023,246,250,90,0.984,0.007895513478467092,1.9422963157029047,0.007769185262811624,0.5691056910569106,0.10111111111111094,-0.15617003367003363,-0.31048890560361053,-0.6634859506489802,7,12,9.36,1101,1.0,0,200,1
carry_fresh_pf2,counter_activity,optimistic,2025,419,210,124,1.9952380952380953,0.009668301083301597,4.051018153903369,0.01929056263763509,0.5656324582338902,0.10111111111111094,-0.13006506754893865,-0.2334928702527178,-0.44,7,10,22.71904761904762,2296,1.0,0,360,36
carry_fresh_pf2,counter_activity,optimistic,2026,179,102,64,1.7549019607843137,0.008768555102788124,1.5695713633990742,0.01538795454312818,0.5418994413407822,0.062327044025157326,-0.11024450634478497,-0.15529914529914535,-0.36583604947783327,4,5,18.568627450980394,922,1.0,0,141,12
carry_fresh_pf2,counter_activity,pessimistic,pooled,1263,1046,459,1.2074569789674952,-0.018601465606239095,-23.493651060679976,-0.02246046946527722,0.43626286619160726,-0.030826518373132543,-0.13522113486633133,-0.5970843247397813,-0.8033333333333337,10,50,16.806883365200765,6773,0.9984189723320158,0,1070,62
carry_fresh_pf2,counter_activity,pessimistic,original_dev,463,533,200,0.8686679174484052,-0.019665683008898975,-9.105211233120226,-0.017082947904540763,0.4427645788336933,-0.028057203110583788,-0.13209571029499947,-0.48572345320256693,-0.8033333333333337,5,26,13.934333958724203,2663,1.0,0,405,13
carry_fresh_pf2,counter_activity,pessimistic,later_development,800,513,259,1.5594541910331383,-0.017985549784449686,-14.388439827559749,-0.028047640989395217,0.4325,-0.03549846052670918,-0.1353110871880274,-0.5970843247397813,-0.6634859506489802,5,25,19.79142300194932,4110,0.9975062344139651,0,665,49
carry_fresh_pf2,counter_activity,pessimistic,2021,273,233,108,1.1716738197424892,-0.020370842883510504,-5.561240107198367,-0.02386798329269685,0.43956043956043955,-0.028653690186536955,-0.11370274671553685,-0.40555555555555556,-0.8033333333333337,1,11,18.40343347639485,1698,1.0,0,243,10
carry_fresh_pf2,counter_activity,pessimistic,2022,148,251,73,0.5896414342629482,-0.012740867773998755,-1.8856484305518157,-0.0075125435480152,0.46621621621621623,-0.020982587143662627,-0.12733501488751875,-0.48572345320256693,-0.3846123420914558,4,12,9.900398406374501,762,1.0,0,128,3
carry_fresh_pf2,counter_activity,pessimistic,2023,245,250,90,0.98,-0.02704417211964162,-6.6258221693121975,-0.02650328867724879,0.40408163265306124,-0.06272874120226156,-0.1582114112594279,-0.31048890560361053,-0.6634859506489802,1,12,11.748,1098,0.9959349593495935,0,199,1
carry_fresh_pf2,counter_activity,pessimistic,2025,418,210,124,1.9904761904761905,-0.012367969803876075,-5.169811378020199,-0.024618149419143805,0.45933014354066987,-0.022749845122927985,-0.13717755994591305,-0.2334928702527178,-0.531507345603303,4,10,26.061904761904763,2293,0.9976133651551312,0,359,36
carry_fresh_pf2,counter_activity,pessimistic,2026,179,102,64,1.7549019607843137,-0.023749323886018962,-4.251128975597394,-0.041677735054876416,0.39664804469273746,-0.04589329565714672,-0.1192202310841117,-0.5970843247397813,-0.5970843247397813,0,5,23.5,922,1.0,0,141,12
carry_activity_0.25,counter_activity,legacy,pooled,1208,1046,443,1.1548757170172084,0.008117781622271971,9.806280199704542,0.009375028871610465,0.5587748344370861,0.04257397982174916,-0.11138285751239874,-0.48572345320256693,-0.5922222222222226,37,50,14.02772466539197,9280,0.9462450592885375,11,1036,62
carry_activity_0.25,counter_activity,legacy,original_dev,446,533,193,0.8367729831144465,0.0058252486897764745,2.598060915640308,0.0048744107235277855,0.5627802690582959,0.026423309070774732,-0.11000000000000008,-0.48572345320256693,-0.5922222222222226,18,26,12.095684803001877,3357,0.9611231101511879,1,394,13
carry_activity_0.25,counter_activity,legacy,later_development,762,513,250,1.4853801169590644,0.00945960535966435,7.208219284064234,0.014051109715524826,0.5564304461942258,0.08443908362463716,-0.11156605781672582,-0.307979797979798,-0.44,19,25,16.035087719298247,5923,0.9376558603491272,10,642,49
carry_activity_0.25,counter_activity,legacy,2021,267,233,106,1.145922746781116,0.0042172936902220405,1.1260174152892848,0.004832692769481913,0.5543071161048689,0.025989591005057162,-0.11000000000000008,-0.40555555555555556,-0.5922222222222226,8,11,16.36480686695279,2093,0.978021978021978,0,239,10
carry_activity_0.25,counter_activity,legacy,2022,140,251,68,0.5577689243027888,0.008425787358187704,1.1796102301462785,0.004699642351180393,0.5714285714285714,0.027699274177910967,-0.1105211710384125,-0.48572345320256693,-0.48572345320256693,8,12,8.450199203187251,966,0.9459459459459459,0,123,3
carry_activity_0.25,counter_activity,legacy,2023,223,250,87,0.892,0.010753850513539902,2.3981086645193983,0.009592434658077598,0.5739910313901345,0.10111111111111094,-0.12177789954768371,-0.307979797979798,-0.30085986124353253,9,12,8.612,1659,0.8902439024390244,4,183,1
carry_activity_0.25,counter_activity,legacy,2025,409,210,120,1.9476190476190476,0.010483309000125582,4.287673381051363,0.020417492290720776,0.5647921760391198,0.10111111111111094,-0.11059155411181405,-0.2209144542772863,-0.44,9,10,22.395238095238096,3233,0.9618138424821002,6,353,36
carry_activity_0.25,counter_activity,legacy,2026,169,102,62,1.6568627450980393,0.004821718986379996,0.8148705086982193,0.007988926555864894,0.5207100591715976,0.008594740671447729,-0.11000000000000008,-0.1504497787476511,-0.36583604947783327,3,5,18.46078431372549,1329,0.9385474860335196,1,138,12
carry_activity_0.5,counter_activity,legacy,pooled,1075,1046,421,1.0277246653919694,0.00882311616073045,9.484849872785235,0.009067734104001182,0.5544186046511628,0.03217356042173548,-0.11000000000000008,-0.40555555555555556,-0.44,36,50,13.451242829827915,7803,0.8347826086956521,19,951,60
carry_activity_0.5,counter_activity,legacy,original_dev,409,533,182,0.7673545966228893,0.00874720003914339,3.5776048160096465,0.0067122041576166,0.5647921760391198,0.025989591005057162,-0.11000000000000008,-0.40555555555555556,-0.22888888888888853,20,26,11.692307692307692,2984,0.8704103671706264,6,367,13
carry_activity_0.5,counter_activity,legacy,later_development,666,513,239,1.2982456140350878,0.008869737322485869,5.907245056775588,0.011515097576560605,0.5480480480480481,0.04799563964886545,-0.11000000000000008,-0.307979797979798,-0.44,16,25,15.278752436647174,4819,0.814214463840399,13,584,47
carry_activity_0.5,counter_activity,legacy,2021,250,233,104,1.0729613733905579,0.006977373089989968,1.744343272497492,0.007486451813293961,0.564,0.026460616966203283,-0.11000000000000003,-0.40555555555555556,-0.22605821359018893,8,11,15.918454935622318,1917,0.9047619047619048,3,226,10
carry_activity_0.5,counter_activity,legacy,2022,129,251,64,0.5139442231075697,0.010867339279242366,1.4018867670222652,0.005585206243116595,0.5581395348837209,0.019357116313637908,-0.11000000000000004,-0.16377651828236317,-0.22888888888888853,9,12,8.274900398406375,854,0.8581081081081081,2,114,3
carry_activity_0.5,counter_activity,legacy,2023,180,250,78,0.72,0.012199814125700896,2.195966542626161,0.008783866170504646,0.5666666666666667,0.061769796181904715,-0.11000000000000008,-0.307979797979798,-0.307979797979798,9,12,7.932,1177,0.7032520325203252,7,157,1
carry_activity_0.5,counter_activity,legacy,2025,369,210,117,1.7571428571428571,0.008864564354685819,3.271024246879067,0.015576305937519372,0.5528455284552846,0.05285812761190823,-0.11000000000000008,-0.2209144542772863,-0.44,7,10,21.61904761904762,2754,0.8663484486873508,6,328,34
carry_activity_0.5,counter_activity,legacy,2026,147,102,58,1.4411764705882353,0.005929449277280604,0.8716290437602487,0.008545382781963227,0.5238095238095238,0.008594740671447729,-0.11000000000000008,-0.1504497787476511,-0.36583604947783327,3,5,17.264705882352942,1101,0.8156424581005587,1,126,12
carry_activity_0.75,counter_activity,legacy,pooled,853,1046,382,0.8154875717017208,0.0067006828548953935,5.715682475225771,0.0054643235900820025,0.536928487690504,0.01348405187521907,-0.11000000000000008,-0.34569223297602947,-0.4215073456033031,34,50,11.723709369024856,6173,0.649802371541502,31,762,51
carry_activity_0.75,counter_activity,legacy,original_dev,348,533,168,0.6529080675422139,0.01215549658579744,4.230112811857509,0.007936421785848987,0.5689655172413793,0.023193146867804278,-0.10999999999999997,-0.1596937568921306,-0.21999999999999983,19,26,10.600375234521575,2569,0.7365010799136069,7,320,13
carry_activity_0.75,counter_activity,legacy,later_development,505,513,214,0.9844054580896686,0.002941722105679726,1.4855696633682618,0.0028958472970141576,0.5148514851485149,0.008291018291018313,-0.11000000000000008,-0.34569223297602947,-0.4215073456033031,15,25,12.89083820662768,3604,0.5997506234413965,24,442,38
carry_activity_0.75,counter_activity,legacy,2021,220,233,99,0.944206008583691,0.011352251478218917,2.4974953252081615,0.01071886405668739,0.5681818181818182,0.026460616966203283,-0.10999999999999997,-0.11888331940963535,-0.21999999999999983,9,11,15.025751072961373,1703,0.7912087912087912,4,202,10
carry_activity_0.75,counter_activity,legacy,2022,109,251,60,0.4342629482071713,0.011623875632593691,1.2670024439527123,0.005047818501803636,0.5596330275229358,0.019357116313637908,-0.10999999999999997,-0.1596937568921306,-0.18842210253341327,8,12,7.306772908366534,717,0.7162162162162162,3,100,3
carry_activity_0.75,counter_activity,legacy,2023,123,250,64,0.492,0.015337798863941064,1.886549260264751,0.007546197041059005,0.5772357723577236,0.04649428230073394,-0.10999999999999997,-0.21013262049815562,-0.30085986124353253,9,12,6.212,819,0.483739837398374,4,111,0
carry_activity_0.75,counter_activity,legacy,2025,289,210,105,1.3761904761904762,0.00328333961553217,0.9488851488887972,0.004518500708994275,0.5190311418685121,0.012006210341568799,-0.11000000000000008,-0.34569223297602947,-0.4215073456033031,6,10,18.39047619047619,2111,0.6539379474940334,15,255,28
carry_activity_0.75,counter_activity,legacy,2026,112,102,54,1.0980392156862746,-0.007895086634720093,-0.8842497030886505,-0.008669114736163235,0.45535714285714285,-0.01991769873120857,-0.11110027855153208,-0.1504497787476511,-0.36583604947783327,2,5,14.833333333333334,823,0.5977653631284916,5,94,10
carry_activity_1.0,counter_activity,legacy,pooled,622,1046,332,0.5946462715105163,0.0010068338706014852,0.6262506675141237,0.000598710007183676,0.5016077170418006,0.00028160026968116793,-0.10999999999999997,-0.17488888888888887,-0.33877227657541914,26,50,9.467495219885278,4033,0.45296442687747035,49,546,35
carry_activity_1.0,counter_activity,legacy,original_dev,261,533,146,0.4896810506566604,0.006354709664246628,1.65857922236837,0.0031117809050063244,0.5363984674329502,0.007305515122109094,-0.10999999999999997,-0.1596937568921306,-0.21999999999999983,13,26,8.716697936210132,1766,0.5399568034557235,11,239,11
carry_activity_1.0,counter_activity,legacy,later_development,361,513,186,0.7037037037037037,-0.002859635886022844,-1.0323285548542467,-0.0020123363642382966,0.47645429362880887,-0.01174291938997817,-0.11000000000000008,-0.17488888888888887,-0.33877227657541914,13,25,10.24756335282651,2267,0.4027431421446384,38,307,24
carry_activity_1.0,counter_activity,legacy,2021,167,233,89,0.7167381974248928,0.004752021947036822,0.7935876651551492,0.003405955644442702,0.5329341317365269,0.007305515122109094,-0.10999999999999997,-0.11213243546576877,-0.21999999999999983,5,11,12.42489270386266,1167,0.5824175824175825,8,152,8
carry_activity_1.0,counter_activity,legacy,2022,83,251,52,0.33067729083665337,0.007989638662081033,0.6631400089527257,0.002641992067540741,0.5301204819277109,0.0063243812532911645,-0.10999999999999997,-0.1596937568921306,-0.18842210253341327,7,12,6.135458167330677,513,0.5405405405405406,3,76,3
carry_activity_1.0,counter_activity,legacy,2023,83,250,50,0.332,0.014046974637950453,1.1658988949498876,0.004663595579799552,0.5542168674698795,0.01652569096642554,-0.10999999999999997,-0.11000000000000008,-0.22888888888888875,7,12,5.128,525,0.3130081300813008,6,75,0
carry_activity_1.0,counter_activity,legacy,2025,210,210,93,1.0,-0.003471575178601616,-0.7290307875063393,-0.003471575178601612,0.48095238095238096,-0.011827482639539802,-0.10999999999999997,-0.17488888888888887,-0.3299999999999998,5,10,14.933333333333334,1333,0.43914081145584727,26,177,16
carry_activity_1.0,counter_activity,legacy,2026,79,102,48,0.7745098039215687,-0.016042343215662024,-1.2673451140372998,-0.012424952098404898,0.4050632911392405,-0.02890584762263692,-0.11000000000000008,-0.12325182166234415,-0.33877227657541914,2,5,10.294117647058824,495,0.40782122905027934,6,66,8
