pct_bin,label,h,n_pairs,n_member_states,mean_occ,mean_member,pos_sum,neg_sum,n_pos,n_neg
0,q1_0..25,0,294010,1331,0.0,0.0,0.0,0.0,0,0
0,q1_0..25,1,280149,1319,-0.000015099128002672827,0.002632166042349632,1144.011177784839,-1148.24118339566,129859,130964
0,q1_0..25,2,278201,1320,-0.00008520093218630548,0.004935330668660568,1542.5616534461915,-1566.2646379813527,130542,133890
0,q1_0..25,3,276577,1313,-0.00019957148332637968,0.006411531560028876,1827.8819755863442,-1883.0788577303028,130272,135191
0,q1_0..25,4,275217,1314,-0.00034075453725982064,0.007363909826838658,2055.3923658901995,-2149.173807371241,129658,136233
0,q1_0..25,5,274339,1312,-0.0005206185333237894,0.00807798146953493,2254.4551153141374,-2397.281083127649,128921,137091
0,q1_0..25,6,273370,1316,-0.0006750062645962548,0.009134286835959265,2436.203516746044,-2620.729979298723,128545,137336
0,q1_0..25,7,272442,1314,-0.0007899456482918725,0.010262449072845495,2603.062865841804,-2818.2772381537357,128134,137444
0,q1_0..25,8,271477,1312,-0.0009185515968942085,0.011575649428517293,2749.0576178318943,-2998.423249701943,127695,137474
0,q1_0..25,9,270416,1310,-0.0010740444292525503,0.012053957487005315,2872.2424625380822,-3162.681260918835,126963,137494
0,q1_0..25,10,269589,1314,-0.0012459807450164034,0.013123945510832407,2992.955749974699,-3328.8584530429252,126220,137685
0,q1_0..25,11,268669,1303,-0.0014321739915233234,0.013612856275156222,3103.2060929686972,-3487.986847097288,125588,137817
0,q1_0..25,12,267760,1302,-0.0015922318931976208,0.014576316238717555,3206.3591791844888,-3632.695190907086,124931,137831
0,q1_0..25,13,266836,1305,-0.0017370113519039232,0.015739296138753918,3299.5937276939308,-3763.0908887905684,124382,137505
0,q1_0..25,14,265963,1313,-0.0018809349284980156,0.01605827971157617,3389.1495469390484,-3889.4086433271714,123788,137532
0,q1_0..25,15,265035,1298,-0.0020482418113550484,0.0168519202988675,3465.624533403367,-4008.4803018758525,122881,137601
0,q1_0..25,16,264114,1302,-0.0022457498728480816,0.01700346300840003,3540.3496100243383,-4133.48359194174,122378,137343
0,q1_0..25,17,263221,1299,-0.00240594550684112,0.0172364772872225,3608.328838597213,-4241.624220853438,121700,137201
0,q1_0..25,18,262427,1292,-0.002574437091989489,0.018544711330077464,3678.04281619662,-4353.644618936153,121159,137131
0,q1_0..25,19,261656,1302,-0.002748639789320792,0.01930825776117526,3742.1407243352937,-4461.338817049807,120940,136799
0,q1_0..25,20,260732,1305,-0.0028991328588900966,0.020179198232939573,3806.630468278039,-4562.5271768421835,120297,136537
0,q1_0..25,21,259974,1300,-0.003068721135119171,0.02012806045960662,3866.6778554599296,-4664.4655638414215,119759,136490
0,q1_0..25,22,259112,1300,-0.0032197145449975786,0.020983070051048956,3923.6623907434328,-4757.929065926861,119141,136267
0,q1_0..25,23,258171,1297,-0.003400044781933232,0.021670606403064296,3974.2015194785336,-4851.994480875012,118663,135989
0,q1_0..25,24,257357,1295,-0.0035685360189245344,0.023269063080190402,4023.2620097861063,-4941.649734008471,118104,135824
0,q1_0..25,25,256491,1291,-0.0037734615957491363,0.023111138956503057,4063.185127759475,-5031.044065914771,117574,135636
0,q1_0..25,26,255577,1287,-0.003955039761426998,0.022856658102379763,4103.172943281047,-5113.990140387284,117126,135228
0,q1_0..25,27,254884,1290,-0.00414922242421813,0.023572890041543695,4142.459370445365,-5200.029778819759,116609,135044
0,q1_0..25,28,254044,1289,-0.004324792230563814,0.02397879505563229,4183.431716373674,-5282.119233795035,116178,134817
0,q1_0..25,29,253097,1287,-0.004468825003923306,0.02462007877978045,4221.810236256694,-5352.856438274672,115785,134273
0,q1_0..25,30,252393,1290,-0.004599102681177438,0.025557581204709273,4266.690916988,-5427.472239998423,115324,134126
0,q1_0..25,31,251418,1291,-0.004723592805121161,0.025676218877641106,4306.464268146267,-5494.060524024212,114682,133796
0,q1_0..25,32,250725,1285,-0.004853158840014695,0.026242710711393762,4343.046157620479,-5559.854407783174,114133,133726
0,q1_0..25,33,249753,1284,-0.004995876214909163,0.025750767113170148,4376.337473959297,-5624.072546261488,113647,133288
0,q1_0..25,34,248938,1284,-0.0051343228480771694,0.026227146632676383,4413.848496300829,-5691.976557455452,113144,132975
0,q1_0..25,35,248140,1280,-0.005233284404878978,0.027110596593736845,4454.896921781603,-5753.484114008279,112762,132582
0,q1_0..25,36,247474,1281,-0.005349744807853265,0.028332302630676917,4494.325342868385,-5818.248089447071,112315,132394
0,q1_0..25,37,246414,1278,-0.005473217237169681,0.027239256646389137,4522.969316497007,-5871.646668776936,111892,131846
0,q1_0..25,38,245730,1280,-0.005589613694868946,0.027942541418330292,4554.886233414531,-5928.422006654669,111280,131820
0,q1_0..25,39,244953,1275,-0.005737581963675978,0.02847217800983158,4575.096504579527,-5980.5344193278615,110771,131636
0,q1_0..25,40,244192,1273,-0.00585419896562523,0.02808241800451737,4605.749971937652,-6035.298525751616,110341,131299
0,q1_0..25,41,243341,1275,-0.005973232254540502,0.028373256508881128,4631.477433675918,-6085.00974372807,109867,130926
0,q1_0..25,42,242567,1276,-0.006097128407337064,0.02916096942819871,4660.47376930013,-6139.435915682655,109390,130772
0,q1_0..25,43,241864,1273,-0.006224871215039733,0.028293681291085584,4685.222765945522,-6190.795017499898,109041,130397
0,q1_0..25,44,241176,1277,-0.006320300387921713,0.029340108107109894,4718.906755251941,-6243.2115216093225,108534,130184
0,q1_0..25,45,240248,1277,-0.006439854382342448,0.03006366077827423,4742.283037283376,-6289.4451729323655,108136,129813
0,q1_0..25,46,239355,1265,-0.006603454418240765,0.02964338414701979,4759.6064277779615,-6340.176260055989,107440,129578
0,q1_0..25,47,238680,1266,-0.006767355324842737,0.030282931627460152,4775.621075794755,-6390.853444728233,107090,129324
0,q1_0..25,48,237849,1273,-0.006884869657595291,0.030760626693719068,4796.342620679128,-6433.901983868523,106530,129005
0,q1_0..25,49,237062,1269,-0.007003497546691136,0.030776739756509595,4816.852061357446,-6477.1151967711285,106177,128658
0,q1_0..25,50,236206,1267,-0.007122741850693358,0.03126900893973864,4837.717335035774,-6520.151696620651,105576,128427
0,q1_0..25,51,235430,1267,-0.007229598833083058,0.031418017387039573,4865.122284645874,-6567.1867379186115,105147,128124
0,q1_0..25,52,234721,1269,-0.007309342978892557,0.031208367168413187,4889.926394325341,-6605.582687673974,104590,127905
0,q1_0..25,53,233857,1265,-0.00742157212729127,0.032978825219494905,4908.842113950155,-6644.428706922117,104063,127614
0,q1_0..25,54,233103,1268,-0.0075594988313728234,0.03382742525066276,4923.450616165743,-6685.592472255237,103605,127330
0,q1_0..25,55,232329,1265,-0.0077214260485708435,0.03279157584262236,4934.329871368158,-6728.241063806586,103075,127103
0,q1_0..25,56,231343,1261,-0.007836813822390916,0.03262075269963255,4946.529719821893,-6759.521739935268,102519,126773
0,q1_0..25,57,230707,1266,-0.007952564816404491,0.03221979576330053,4965.1687660991265,-6799.881137197359,102104,126576
0,q1_0..25,58,229892,1257,-0.008013120687810158,0.032781580510161376,4987.485279573966,-6829.637620736016,101631,126209
0,q1_0..25,59,229192,1265,-0.008111223029240245,0.0348162949172118,5007.842034933839,-6866.869463451476,101081,126078
0,q1_0..25,60,228410,1262,-0.00823995531757272,0.03394517868416128,5017.5821023774015,-6899.670296464204,100591,125853
0,q1_0..25,61,227645,1261,-0.008385870696898423,0.03461573556179029,5025.013035797971,-6934.014570593403,100252,125387
0,q1_0..25,62,226836,1268,-0.008528664500954634,0.03524430937004246,5037.261404231279,-6971.869544969824,99848,125083
0,q1_0..25,63,226106,1264,-0.008660648319980105,0.03533945496880132,5045.421573122429,-7003.646122159851,99446,124732
0,q1_0..25,64,225414,1260,-0.008798223117225478,0.03507207440177681,5058.145198830896,-7041.387864577173,99071,124478
0,q1_0..25,65,224636,1266,-0.008913374690388054,0.035654925419227136,5074.8062451979495,-7077.07108214797,98538,124279
0,q1_0..25,66,223838,1269,-0.009064705065327298,0.035824065692894924,5080.402564529839,-7109.428016942575,98174,123929
0,q1_0..25,67,223169,1265,-0.00918326827900625,0.035072686352951014,5091.877296555257,-7141.298095112776,97769,123551
0,q1_0..25,68,222346,1257,-0.009317736519963569,0.03469215003535278,5103.621526388072,-7175.382970655892,97241,123268
0,q1_0..25,69,221558,1258,-0.009470237693499221,0.03478274604434763,5106.344445859011,-7204.5513687553,96818,122958
0,q1_0..25,70,220709,1261,-0.009605260139855631,0.0352207318278974,5113.478199617832,-7233.445559825233,96365,122620
0,q1_0..25,71,220112,1253,-0.009720152487021662,0.034875512880322715,5126.331731240679,-7265.853935463977,95971,122346
0,q1_0..25,72,219344,1254,-0.009826582544126035,0.03468140309898976,5140.84303846757,-7296.244960026347,95563,122051
0,q1_0..25,73,218486,1262,-0.009955862665855743,0.03536321171842352,5146.16438764218,-7321.380998054343,95071,121671
0,q1_0..25,74,217852,1257,-0.010030140893718049,0.03472895592796652,5162.342446486537,-7347.428700464789,94744,121336
0,q1_0..25,75,216966,1250,-0.010149342462335148,0.03477082503884763,5165.681378117437,-7367.743614800457,94193,121041
0,q1_0..25,76,216380,1258,-0.010283786744843634,0.03654772231032529,5174.4442653928145,-7399.650041242089,93775,120888
0,q1_0..25,77,215615,1251,-0.010375524927791742,0.03491643637059888,5184.596463677778,-7421.715270983585,93312,120651
0,q1_0..25,78,214841,1254,-0.010451968168953225,0.03589446952722562,5194.498957266738,-7440.010250652833,92808,120373
0,q1_0..25,79,214033,1256,-0.01055888002808249,0.03601775435971359,5202.88667758374,-7462.835446634294,92312,120093
0,q1_0..25,80,213393,1249,-0.010690550122377723,0.03545677201473687,5209.890723943391,-7491.179286207935,91811,119892
0,q1_0..25,81,212625,1250,-0.010784308440921118,0.03544809615775406,5219.710304384605,-7512.723886635464,91436,119591
0,q1_0..25,82,211808,1249,-0.010876279069114734,0.03569396137261851,5224.116851697707,-7527.799768768788,91030,119138
0,q1_0..25,83,211023,1243,-0.010937032071063344,0.035904124808059525,5238.132039825457,-7546.097358557454,90457,118939
0,q1_0..25,84,210366,1249,-0.010998445550340715,0.03691659911283174,5249.92076882667,-7563.619765469656,90078,118741
0,q1_0..25,85,209560,1247,-0.011082428843581677,0.03638249597088399,5265.966821687273,-7588.400610148237,89680,118301
0,q1_0..25,86,208886,1250,-0.011133824380410247,0.036708336904128364,5283.491616336154,-7609.191655862542,89316,118040
0,q1_0..25,87,208028,1247,-0.01124242928510434,0.036830032545066366,5285.561891372903,-7624.301970694597,88713,117733
0,q1_0..25,88,207305,1250,-0.011355025113705662,0.03638350158995325,5284.535144327005,-7638.488625523748,88296,117431
0,q1_0..25,89,206503,1245,-0.011464424452246028,0.03589778882324727,5284.440745490899,-7651.878788153043,87951,116924
0,q1_0..25,90,205802,1245,-0.011517253367681949,0.035815639545134066,5296.319095557567,-7666.592873133252,87572,116685
0,q1_0..25,91,205021,1243,-0.011601361027568704,0.035159067299023246,5305.068023369561,-7683.590662602702,87213,116264
0,q1_0..25,92,204269,1241,-0.011697798086849573,0.03680163816558158,5312.053663410906,-7701.551180813593,86844,115935
0,q1_0..25,93,203474,1244,-0.011758840965584218,0.037516723596727856,5320.980936627609,-7713.599343258891,86490,115428
0,q1_0..25,94,202657,1241,-0.011867516040379297,0.03573610960102657,5321.432706070545,-7726.467904265669,86103,115057
0,q1_0..25,95,201913,1237,-0.011938477742382986,0.036009091620073,5326.093396489334,-7736.627252887096,85791,114723
0,q1_0..25,96,201233,1236,-0.012032547872090833,0.037463753632085255,5331.797492519137,-7753.143198463583,85395,114423
0,q1_0..25,97,200527,1233,-0.01206891881447224,0.03857166867943816,5347.022116008563,-7767.166199118243,85097,113980
0,q1_0..25,98,199732,1238,-0.012142896356940493,0.03791004709862169,5348.888777544359,-7774.2137527088025,84643,113661
0,q1_0..25,99,199035,1235,-0.012298779568836873,0.036907999637401,5340.407292025433,-7788.294883508894,84323,113313
0,q1_0..25,100,198264,1236,-0.012408157597041851,0.03688312465666291,5340.217856706102,-7800.308814526006,83919,112923
0,q1_0..25,101,197508,1228,-0.012476036598806283,0.03744721937550865,5346.694392923566,-7810.811429480577,83459,112638
0,q1_0..25,102,196882,1228,-0.012530894120480378,0.036880886878959324,5352.598895666748,-7819.706391895186,83255,112254
0,q1_0..25,103,196152,1226,-0.012559528751432378,0.0383031100419916,5360.965081273513,-7824.541764924466,82795,111996
0,q1_0..25,104,195360,1224,-0.012698053493181793,0.03826800645538635,5356.650757127803,-7837.342487555792,82383,111611
0,q1_0..25,105,194733,1232,-0.012766896523721793,0.038124559093414154,5359.008716332926,-7845.144777086834,82065,111309
0,q1_0..25,106,194009,1229,-0.012855945431836654,0.03764225703546651,5355.582645028252,-7849.751762313453,81691,110935
0,q1_0..25,107,193235,1229,-0.012915428158279996,0.037898822750485624,5361.895282169167,-7857.608042334401,81271,110626
0,q1_0..25,108,192501,1227,-0.013063195495282228,0.03830453494267289,5357.697243707369,-7872.375439744677,80823,110382
0,q1_0..25,109,191818,1230,-0.013124231821738223,0.038178251382780665,5359.286760778719,-7876.750660360893,80387,110139
0,q1_0..25,110,191041,1227,-0.01320109390958442,0.039237037645973395,5360.729625851033,-7882.679807431957,79959,109782
0,q1_0..25,111,190224,1229,-0.013282187523515444,0.038553449062692854,5358.285861400834,-7884.8767008740615,79493,109403
0,q1_0..25,112,189557,1225,-0.01335091852978517,0.03750867882606161,5360.350400145288,-7891.11046389578,79187,109112
0,q1_0..25,113,188990,1229,-0.013360792249966863,0.03826575259462977,5372.764007811718,-7897.82013513296,78847,108830
0,q1_0..25,114,188152,1220,-0.013382694812119305,0.038904661884641215,5381.699211520606,-7899.6800058104845,78436,108454
0,q1_0..25,115,187415,1221,-0.013527022732016277,0.03905673119503427,5373.866090847553,-7909.033056168389,77995,108113
0,q1_0..25,116,186620,1231,-0.013578397092532321,0.03889161445474849,5375.125545157436,-7909.126010565801,77588,107780
0,q1_0..25,117,185898,1229,-0.013665112940501217,0.0379840915815101,5372.658227704734,-7912.975393118022,77236,107430
0,q1_0..25,118,185274,1220,-0.013711663274871241,0.038880928808016454,5376.389612490239,-7916.8043140787395,77029,107039
0,q1_0..25,119,184550,1225,-0.013794306479441657,0.03856075281992848,5375.03728664047,-7920.77654742141,76658,106682
0,q1_0..25,120,183751,1220,-0.013898162619829034,0.038374206551471696,5372.802493090811,-7926.60377264701,76117,106415
0,q1_0..25,121,183020,1215,-0.013966740900306494,0.03899676179666405,5373.713936546466,-7929.90685612055,75654,106195
0,q1_0..25,122,182320,1226,-0.014046514624390225,0.038153312295760244,5374.312253466374,-7935.272799785188,75311,105820
0,q1_0..25,123,181603,1215,-0.014110418743220674,0.03987629215472594,5376.722701073923,-7939.217076099045,74953,105441
0,q1_0..25,124,180903,1217,-0.014203613069624412,0.0396611749791854,5375.936654535839,-7945.412869670103,74701,105019
0,q1_0..25,125,180272,1217,-0.014306317791400418,0.03926928830691444,5373.858682290021,-7952.887203181357,74315,104802
0,q1_0..25,126,179568,1220,-0.014423068615293485,0.038858368204799744,5369.447886290122,-7959.369471401147,73962,104462
0,q1_0..25,127,178818,1219,-0.014484373684209144,0.03810852395368559,5365.635854996115,-7955.702588459038,73503,104156
0,q1_0..25,128,178173,1222,-0.014531610822549359,0.03766268571520282,5369.325373055233,-7958.466068141316,73190,103821
0,q1_0..25,129,177473,1215,-0.014586863881730533,0.0379286948474411,5367.894625646752,-7956.6691193291335,72790,103529
0,q1_0..25,130,176658,1212,-0.014692990211571302,0.039031588559159454,5358.499224897153,-7954.133489692923,72295,103197
0,q1_0..25,131,175936,1212,-0.014799069500761253,0.03854142231267448,5353.006816108604,-7956.695907794556,71966,102859
0,q1_0..25,132,175163,1215,-0.0149304986297673,0.03865483136963136,5345.197704419841,-7960.468635905771,71542,102521
0,q1_0..25,133,174530,1219,-0.014992483426835616,0.03978764100480591,5346.983406048872,-7963.621538534487,71229,102251
0,q1_0..25,134,173785,1206,-0.015055820500833542,0.03960079711126153,5346.268199958332,-7962.743965695694,70813,101913
0,q1_0..25,135,173137,1208,-0.015160667989241768,0.04037998134281866,5339.661771102263,-7964.534344755604,70519,101577
0,q1_0..25,136,172332,1216,-0.01528811032831326,0.039731741192060945,5325.342427185751,-7959.973056284625,69992,101328
0,q1_0..25,137,171601,1210,-0.015401373702708814,0.03761845815643143,5314.108518606249,-7956.999647364771,69666,100870
0,q1_0..25,138,170884,1212,-0.015483963024341487,0.039064523308491965,5306.533236937175,-7952.494774388768,69374,100468
0,q1_0..25,139,170126,1202,-0.015579056496534904,0.03931754267585402,5299.275298311324,-7949.677863840809,68978,100129
0,q1_0..25,140,169526,1211,-0.015623165860212269,0.04084493180523717,5302.153065794057,-7950.685881412398,68701,99854
0,q1_0..25,141,168889,1207,-0.015723975776117866,0.0395874696484064,5293.074776734199,-7948.681321586958,68543,99327
0,q1_0..25,142,168213,1213,-0.01584303756132909,0.04002568854271721,5282.360514385548,-7947.365391689391,68102,99036
0,q1_0..25,143,167568,1204,-0.01584804731402156,0.03919417956021313,5283.910022644661,-7939.535614960625,67881,98681
0,q1_0..25,144,166868,1211,-0.01594597614044452,0.040069620907187506,5279.520424903584,-7940.393571507278,67595,98261
0,q1_0..25,145,166145,1205,-0.01601575063718272,0.040256598784146724,5276.298707045408,-7937.235596660124,67215,97923
0,q1_0..25,146,165449,1206,-0.01604431254686834,0.040064376134316564,5275.94041198535,-7930.455878552166,66912,97555
0,q1_0..25,147,164656,1206,-0.016209516117646094,0.04094387701524948,5258.1214925688355,-7927.115578435984,66573,97101
0,q1_0..25,148,164072,1205,-0.016285237257280635,0.03956640301738113,5249.118034062612,-7921.069481339147,66409,96734
0,q1_0..25,149,163318,1200,-0.016335908960137768,0.03964720557721277,5244.685184161265,-7912.633163713045,66056,96323
0,q1_0..25,150,162627,1195,-0.016425052107752167,0.03993038321946685,5238.251170546725,-7909.408119674148,65714,95993
0,q1_0..25,151,161903,1201,-0.01651482011154042,0.039188206293581926,5230.379618995164,-7904.178539513901,65395,95598
0,q1_0..25,152,161184,1204,-0.016560693290161726,0.03848867263323805,5227.749519247262,-7897.068306528689,65107,95221
0,q1_0..25,153,160480,1202,-0.016536094988552144,0.03840259884059421,5223.753828709471,-7877.466352472333,64768,94843
0,q1_0..25,154,159841,1198,-0.016655140176660997,0.03914035652619978,5213.5425096609615,-7875.716770638644,64467,94483
0,q1_0..25,155,159104,1199,-0.016733519821001686,0.038506378986575676,5203.632399310031,-7866.002336910674,64147,94026
0,q1_0..25,156,158373,1195,-0.016795985048408114,0.03904280472409495,5198.116372666104,-7858.146912737653,63747,93777
0,q1_0..25,157,157699,1199,-0.016912801480289383,0.03872659263879211,5185.165570500894,-7852.297451141039,63429,93426
0,q1_0..25,158,157023,1200,-0.01704660145565599,0.03868689083760137,5171.046787844268,-7847.755288215737,63073,93124
0,q1_0..25,159,156394,1194,-0.01711488002282122,0.03923522183798727,5161.988809631171,-7838.653355920271,62848,92708
0,q1_0..25,160,155775,1195,-0.017213250213438704,0.038765782983660596,5148.12357447232,-7829.517626470752,62628,92322
0,q1_0..25,161,154995,1193,-0.017254482569339723,0.039280812750876686,5141.531445384382,-7815.889971219193,62275,91936
0,q1_0..25,162,154247,1194,-0.017302156087027447,0.038890319819544425,5136.6202462628935,-7805.425916218624,61948,91478
0,q1_0..25,163,153551,1190,-0.017353707345898216,0.0403521538253824,5131.283120970461,-7795.962237640485,61626,91137
0,q1_0..25,164,152909,1196,-0.01743396736487114,0.03787298836320148,5121.713868950547,-7787.524384745611,61335,90744
0,q1_0..25,165,152173,1191,-0.017525662542359762,0.03799402763239371,5114.903246110704,-7781.835892169211,61057,90340
0,q1_0..25,166,151513,1193,-0.017634568587171363,0.03781629084486093,5104.048792809666,-7775.915183157756,60713,90027
0,q1_0..25,167,150726,1198,-0.01765347483050144,0.03864068347890434,5097.622019188276,-7758.459666490421,60386,89556
0,q1_0..25,168,150137,1198,-0.017742934169206033,0.03844636085536103,5091.84427319484,-7755.715180556919,60067,89329
0,q1_0..25,169,149426,1194,-0.017840429348547193,0.040228189890232226,5079.731038269511,-7745.555034105511,59700,88980
0,q1_0..25,170,148771,1196,-0.017911414246779438,0.03742599823530449,5070.706779891788,-7735.405788799395,59387,88605
0,q1_0..25,171,148030,1195,-0.017952091352923586,0.037143456690026444,5061.05774162732,-7718.505824600616,58961,88306
0,q1_0..25,172,147370,1193,-0.01794887062282994,0.03969946069643655,5059.688498826118,-7704.813562512561,58665,87880
0,q1_0..25,173,146637,1193,-0.017983486408984086,0.04023553283318217,5055.146923943504,-7692.191420497686,58306,87571
0,q1_0..25,174,145987,1193,-0.01808955177111295,0.039187199761654905,5047.4590806273445,-7688.298475036814,58000,87251
0,q1_0..25,175,145218,1188,-0.01810467691980075,0.03986201401599781,5041.886697442174,-7671.011670381803,57616,86890
0,q1_0..25,176,144531,1187,-0.01823143315549563,0.04087362259816276,5028.2810757570405,-7663.288341153975,57219,86556
0,q1_0..25,177,143949,1191,-0.01827419830892979,0.04023558078566192,5020.855829694709,-7651.408402066847,56976,86250
0,q1_0..25,178,143218,1182,-0.018304830309080942,0.03991197881134258,5014.022717735782,-7635.603904941738,56505,86005
0,q1_0..25,179,142560,1180,-0.01834195242098386,0.038482730125902864,5006.419359701794,-7621.2480968372365,56285,85541
0,q1_0..25,180,141904,1181,-0.01840435249564858,0.03831642919864188,4998.324474833443,-7609.97571137597,56038,85163
0,q1_0..25,181,141167,1180,-0.018528869833866667,0.03861703515351905,4983.604133441695,-7599.269101279139,55680,84774
0,q1_0..25,182,140520,1175,-0.018663231815542487,0.03808326775644298,4966.514223865768,-7589.071558585791,55367,84416
0,q1_0..25,183,139720,1173,-0.018698656647380782,0.03867445239680875,4955.3954019783905,-7567.971708750421,55031,83988
0,q1_0..25,184,139040,1172,-0.018706403142629776,0.0397946332154936,4952.026567335577,-7552.964860286821,54662,83685
0,q1_0..25,185,138401,1166,-0.01873060543470686,0.03753201734349045,4947.551698917718,-7539.886221686587,54315,83400
0,q1_0..25,186,137713,1174,-0.018807011968200716,0.03769687218400432,4934.107463238081,-7524.077502414906,54019,82970
0,q1_0..25,187,137003,1171,-0.01886286680598951,0.0381693560437028,4922.937264831868,-7507.206605852848,53816,82520
0,q1_0..25,188,136303,1174,-0.018912150220705096,0.04094393839541474,4913.137050575065,-7490.919862107823,53452,82175
0,q1_0..25,189,135691,1172,-0.018947697408748975,0.04072904243171553,4907.644424179268,-7478.676433269838,53232,81760
0,q1_0..25,190,135031,1177,-0.019085055033346055,0.03861951414894191,4892.733895020178,-7469.807961227928,52927,81454
0,q1_0..25,191,134274,1172,-0.01910274366071637,0.038444269290157866,4885.379663400548,-7450.381465699588,52585,81031
0,q1_0..25,192,133640,1170,-0.019273647570415678,0.03672502836759063,4869.419787819763,-7445.150049130134,52293,80703
0,q1_0..25,193,132940,1173,-0.019288214952606516,0.03694120558667481,4862.203498884473,-7426.378794683985,51843,80399
0,q1_0..25,194,132304,1171,-0.01929956521576802,0.03791293853621081,4857.833368395996,-7411.243044702959,51561,80068
0,q1_0..25,195,131616,1168,-0.01925828693592186,0.036546354292376945,4854.205310236714,-7388.904003595011,51344,79626
0,q1_0..25,196,130824,1167,-0.019324421824711915,0.03583480300358915,4840.957593616917,-7369.055754413031,50964,79261
0,q1_0..25,197,130221,1165,-0.019480870417016103,0.0350685929829182,4822.7118705358835,-7359.530297110149,50630,78946
0,q1_0..25,198,129510,1165,-0.019489595552532726,0.03502847968135991,4816.677876788841,-7340.775396797368,50382,78510
0,q1_0..25,199,128876,1169,-0.0195239442107551,0.036002690809645584,4813.278117350718,-7329.445951455994,49954,78318
0,q1_0..25,200,128141,1160,-0.019493795534582466,0.034943981850923796,4812.044759438874,-7309.999213035804,49709,77806
0,q1_0..25,201,127436,1167,-0.019486217830276605,0.03552886987962438,4810.0350434290385,-7293.280698848187,49355,77468
0,q1_0..25,202,126844,1168,-0.01956491197624111,0.033699426526080344,4797.797175126068,-7279.4888698403975,49079,77144
0,q1_0..25,203,126123,1164,-0.019551752584685795,0.034576985257846145,4791.288334621037,-7257.214025859364,48742,76798
0,q1_0..25,204,125483,1159,-0.019629866738055907,0.035743925551895483,4781.411962592052,-7244.626530483514,48450,76440
0,q1_0..25,205,124742,1165,-0.019587084290555345,0.03602838808927196,4778.557221951902,-7221.8892905243465,48203,75927
0,q1_0..25,206,124084,1162,-0.019575908819231387,0.036476338858582945,4771.407409431325,-7200.464479356824,47971,75509
0,q1_0..25,207,123434,1156,-0.019692396601610252,0.034430306436868736,4754.986563979186,-7185.697846102348,47577,75215
0,q1_0..25,208,122756,1155,-0.01971346327861836,0.03332265225158064,4744.958084132235,-7164.903982362329,47372,74819
0,q1_0..25,209,122081,1159,-0.01975749856024298,0.03289093722327843,4736.01905043528,-7148.034232168312,47056,74467
0,q1_0..25,210,121341,1153,-0.019853207321838696,0.033995354963440305,4722.986308583803,-7131.994338223042,46792,74014
0,q1_0..25,211,120644,1155,-0.019744852006250924,0.03431624611680738,4722.297297285456,-7104.395222727592,46540,73530
0,q1_0..25,212,119980,1152,-0.019816801826579637,0.03383013264817965,4712.565025502716,-7090.184908655749,46236,73178
0,q1_0..25,213,119243,1149,-0.0198198908737618,0.033261865507656155,4703.902647742932,-7067.2858952029155,45885,72784
0,q1_0..25,214,118638,1148,-0.019877119037192647,0.0333562865061133,4694.809645985327,-7052.991294319796,45660,72426
0,q1_0..25,215,117938,1148,-0.019868272295265787,0.03386607290031564,4683.556892484736,-7026.781190443804,45425,71972
0,q1_0..25,216,117231,1142,-0.01996113258648951,0.03266986187231723,4668.678267205386,-7008.741801452151,45040,71637
0,q1_0..25,217,116628,1141,-0.020048588500721793,0.034177623707326014,4652.257296443786,-6990.4840761059595,44768,71276
0,q1_0..25,218,115896,1152,-0.020109745039911007,0.032652006237371085,4633.90886953625,-6964.547880681781,44461,70892
0,q1_0..25,219,115243,1150,-0.020133096626674243,0.033695658295867965,4623.682005187835,-6943.880459735673,44228,70484
0,q1_0..25,220,114552,1148,-0.02023247751941038,0.033081201875115894,4603.783500021294,-6921.454264824793,43890,70160
0,q1_0..25,221,113856,1143,-0.020220554593378133,0.03336923174173522,4592.760993708482,-6894.992457492133,43682,69660
0,q1_0..25,222,113165,1150,-0.02029636377130633,0.03345008305146064,4582.073106123241,-6878.911112303123,43335,69311
0,q1_0..25,223,112504,1144,-0.020381957814995934,0.033340371312837395,4564.188228296014,-6857.24001031433,43083,68921
0,q1_0..25,224,111792,1139,-0.020431054422355245,0.03410044792625849,4547.698516017213,-6831.726952001156,42793,68502
0,q1_0..25,225,111089,1146,-0.0205250645315861,0.0323138534586035,4528.947181742801,-6809.056075492176,42431,68174
0,q1_0..25,226,110430,1146,-0.020607806730483933,0.031094396073349028,4509.766579474624,-6785.486676721979,42262,67680
0,q1_0..25,227,109722,1138,-0.020637392095286287,0.03111815737122022,4493.8328403990545,-6758.208775878059,41959,67276
0,q1_0..25,228,109050,1137,-0.02067202378049033,0.03333703429743024,4484.146618574505,-6738.4308118369745,41701,66883
0,q1_0..25,229,108353,1135,-0.02066996144680474,0.03250004296437984,4467.265722307806,-6706.918054953444,41358,66487
0,q1_0..25,230,107676,1136,-0.020809910436588176,0.03215674021669228,4444.82213614343,-6685.550052313497,41030,66165
0,q1_0..25,231,106961,1132,-0.020895693245758587,0.032091410132307874,4427.87868824014,-6662.902933499724,40691,65825
0,q1_0..25,232,106287,1131,-0.02111085841330989,0.03286237761248854,4402.9294673042305,-6646.739275479703,40389,65467
0,q1_0..25,233,105635,1134,-0.021173057605215463,0.032979027703305436,4387.100128833799,-6623.716068960732,40065,65111
0,q1_0..25,234,104978,1132,-0.02124148578903924,0.031092484470794986,4369.87528019525,-6599.763975357011,39787,64710
0,q1_0..25,235,104280,1130,-0.021351600055552103,0.03159336162289568,4348.9208081406905,-6575.465661933668,39377,64420
0,q1_0..25,236,103546,1130,-0.021463580391598222,0.030653773993321802,4326.1192480733025,-6548.587143301742,39160,63938
0,q1_0..25,237,102943,1131,-0.02150511574629242,0.030749415803695033,4311.026064118701,-6524.827194389287,38976,63544
0,q1_0..25,238,102236,1128,-0.021475142215451912,0.0314950563988938,4299.439119518714,-6494.971759057659,38650,63189
0,q1_0..25,239,101549,1129,-0.021548821700363843,0.03150502611798567,4281.649370516671,-6469.910665366913,38444,62694
0,q1_0..25,240,100844,1126,-0.021609727312980283,0.03155613638974457,4265.590293888834,-6444.801635039022,38110,62341
0,q1_0..25,241,100153,1123,-0.021727296036103218,0.030920280046517097,4243.475964338694,-6419.5298442425365,37764,61996
0,q1_0..25,242,99472,1122,-0.02171436825782143,0.03130228549820327,4230.889446976261,-6390.86108631826,37549,61520
0,q1_0..25,243,98776,1122,-0.02181390856114329,0.03045768818476304,4211.594129391585,-6366.284761427072,37303,61080
0,q1_0..25,244,98113,1121,-0.021883214527391642,0.029985682936216063,4191.506005816573,-6338.533832742552,36980,60753
0,q1_0..25,245,97430,1116,-0.021945991594535346,0.03161710508934549,4173.997392102794,-6312.195353158345,36683,60333
0,q1_0..25,246,96763,1112,-0.022096400767506956,0.02964425665320871,4154.637424770147,-6292.751452236419,36399,59973
0,q1_0..25,247,96131,1117,-0.022205242009802804,0.029631822687633612,4134.988155154685,-6269.600274799044,36130,59639
0,q1_0..25,248,95443,1111,-0.022244825758213606,0.030515282377265113,4120.954343425125,-6244.067248266328,35796,59242
0,q1_0..25,249,94684,1118,-0.02226652851279555,0.030967467554685723,4103.081075576171,-6211.365061281703,35505,58816
0,q1_0..25,250,93978,1116,-0.022335836222263594,0.02932699179552876,4080.064963404721,-6179.142179900604,35297,58334
0,q1_0..25,251,93290,1114,-0.022331778505587107,0.029116920534627798,4062.6800509195727,-6146.0116677057895,35067,57879
0,q1_0..25,252,92569,1112,-0.022387329577037613,0.02953789334622888,4049.8329036056166,-6122.205615222407,34736,57456
0,q1_0..25,253,91898,1111,-0.022725813848577373,0.029179742735330014,4016.5621104279276,-6105.018951484504,34429,57108
0,q1_0..25,254,91193,1110,-0.022773832548281428,0.02846964246399724,3996.1393256606743,-6072.95343723611,34160,56672
0,q1_0..25,255,90535,1112,-0.022855865452458594,0.02940983681051202,3975.4039103776186,-6044.659689115955,33967,56201
0,q1_0..25,256,89723,1109,-0.0229236744181521,0.029278432448175847,3950.879825219247,-6007.660665039117,33640,55711
0,q1_0..25,257,88996,1111,-0.023059339013903425,0.027659569419878443,3929.1412552987968,-5981.33019018014,33232,55405
0,q1_0..25,258,88324,1115,-0.02303069749018745,0.027900113196370674,3914.6628393028054,-5948.826164426133,33036,54962
0,q1_0..25,259,87633,1108,-0.022998516446095234,0.029373102841144225,3902.7870783622875,-5918.216070082947,32801,54513
0,q1_0..25,260,86978,1103,-0.022920898740013854,0.028380400869376807,3889.002263575293,-5882.616194184225,32546,54112
0,q1_0..25,261,86297,1102,-0.022970544365997034,0.030139284843752168,3871.0778051405096,-5853.366872292964,32286,53677
0,q1_0..25,262,85620,1105,-0.023019425103283947,0.027520267001173444,3848.6734269929602,-5819.5966043361295,31975,53302
0,q1_0..25,263,84925,1101,-0.02302734155363253,0.027034950917200873,3828.8740146770333,-5784.470996119276,31712,52864
0,q1_0..25,264,84238,1104,-0.023191921544717598,0.027787054078707938,3803.909543716568,-5757.550630800493,31340,52588
0,q1_0..25,265,83500,1097,-0.02325822854437437,0.027724024644200578,3781.8391826931797,-5723.901266148441,31098,52093
0,q1_0..25,266,82805,1097,-0.0232590160820972,0.026636242041200967,3762.358724598367,-5688.321551276425,30770,51719
0,q1_0..25,267,82146,1099,-0.023404805648954558,0.02616732874914868,3735.461037979782,-5658.072202818808,30475,51379
0,q1_0..25,268,81457,1102,-0.023422970735763302,0.02456627044331769,3718.6915390240856,-5626.656466247147,30153,50986
0,q1_0..25,269,80783,1100,-0.023364676177947012,0.024634922397228004,3708.6725227200295,-5596.141158403117,29912,50605
0,q1_0..25,270,80092,1101,-0.023294243439915884,0.024301772920121537,3693.2163197601244,-5558.898865349878,29652,50138
0,q1_0..25,271,79389,1094,-0.02323432860740077,0.024905757483496528,3684.6101815672505,-5529.160295380191,29396,49684
0,q1_0..25,272,78711,1096,-0.023324959970300724,0.02446109239860143,3664.1067284403653,-5500.037652662708,29055,49324
0,q1_0..25,273,78000,1096,-0.02331729173745159,0.024297924517772566,3646.2181878121637,-5464.966943333392,28773,48960
0,q1_0..25,274,77385,1095,-0.02320257753228901,0.0249763984870446,3635.1743705387275,-5430.70583287491,28497,48599
0,q1_0..25,275,76653,1097,-0.023174742510944292,0.02578339078596053,3615.467349995239,-5391.880887686651,28263,48099
0,q1_0..25,276,76023,1092,-0.023151553671228668,0.025101305735659486,3597.857273807734,-5357.907838555557,27989,47754
0,q1_0..25,277,75320,1093,-0.023151825231081603,0.0243045622351022,3574.4634961918473,-5318.258972596917,27739,47313
0,q1_0..25,278,74575,1089,-0.023170933257979177,0.024666691924263136,3552.9436211449856,-5280.915968858781,27441,46887
0,q1_0..25,279,73847,1084,-0.023354507348903677,0.024857400379538673,3523.574790108877,-5248.235094303363,27113,46442
0,q1_0..25,280,73207,1088,-0.0233981513137904,0.024707113817233808,3503.750580662008,-5216.659043890677,26892,46039
0,q1_0..25,281,72546,1086,-0.023469269011469545,0.02454560318612025,3479.3190715676315,-5181.920661273707,26667,45632
0,q1_0..25,282,71919,1084,-0.02350374076827438,0.025646557188973487,3460.968391819632,-5151.333924133153,26350,45299
0,q1_0..25,283,71251,1086,-0.023653020667812507,0.025130935574668126,3437.1703097547497,-5122.471685357049,26042,44935
0,q1_0..25,284,70549,1084,-0.023727675873729582,0.024296804997592087,3409.2265486094566,-5083.190353825207,25766,44517
0,q1_0..25,285,69805,1078,-0.023586838634394137,0.023445187032210067,3395.8860996577605,-5042.36537053166,25463,44087
0,q1_0..25,286,69102,1078,-0.023646072628515452,0.02444481094765163,3369.4247449931167,-5003.415655768796,25195,43644
0,q1_0..25,287,68533,1076,-0.023641108118150525,0.02485931411001272,3352.2455429479737,-4972.441605609174,24954,43328
0,q1_0..25,288,67848,1077,-0.023751224459593552,0.02366898908371742,3327.2846516653103,-4938.757728799816,24715,42883
0,q1_0..25,289,67162,1081,-0.023738176448919086,0.02469344992199364,3307.703913551344,-4902.007320213637,24456,42463
0,q1_0..25,290,66491,1079,-0.023842095339198247,0.023094107419492527,3283.9002634855487,-4869.185024684174,24184,42080
0,q1_0..25,291,65810,1076,-0.02376435430898576,0.022031327217603584,3262.93816952808,-4826.870326602442,23923,41671
0,q1_0..25,292,65138,1075,-0.023690112191142303,0.025289822837951413,3244.9928352509414,-4788.119363157564,23690,41206
0,q1_0..25,293,64461,1076,-0.02384859928150323,0.025021254592300875,3211.7032116775044,-4749.007769962478,23372,40884
0,q1_0..25,294,63763,1080,-0.02393842894880267,0.02251672858739325,3186.3526997896906,-4712.738744852199,23052,40502
0,q1_0..25,295,63042,1067,-0.023936450859186765,0.024751129204456233,3162.7228514355866,-4671.724586500431,22788,40041
0,q1_0..25,296,62400,1071,-0.023955075488128065,0.023689931297342193,3142.354366481101,-4637.15107694029,22549,39637
0,q1_0..25,297,61724,1070,-0.02388168633960609,0.023418469030840598,3123.023133578917,-4597.096341204762,22272,39245
0,q1_0..25,298,61049,1070,-0.0239337776236108,0.022869431579702334,3095.1772737104025,-4556.310463854211,22048,38803
0,q1_0..25,299,60331,1063,-0.024145818394245618,0.022755120096412722,3065.8755620367006,-4522.616931579925,21699,38436
0,q1_0..25,300,59692,1067,-0.02423764996798296,0.021423022298070665,3041.364769995114,-4488.158571883956,21450,38037
0,q1_0..25,301,58966,1064,-0.024124746341814128,0.021608424571450065,3022.13834195533,-4444.678134746744,21161,37597
0,q1_0..25,302,58380,1059,-0.024163350717206815,0.020724765128798627,3000.2787579442984,-4410.935172814832,20931,37262
0,q1_0..25,303,57720,1060,-0.02433049184342688,0.022183220908227618,2970.734242444439,-4375.090231647039,20656,36873
0,q1_0..25,304,56946,1056,-0.024622910159108263,0.022178351955078255,2932.5421906516813,-4334.718432572256,20355,36420
0,q1_0..25,305,56328,1052,-0.024819013524506085,0.021946208818987845,2904.1469197009646,-4302.152313509351,20052,36086
0,q1_0..25,306,55631,1051,-0.02491431119031828,0.021158072613104928,2878.92692782748,-4264.934973656073,19744,35701
0,q1_0..25,307,54918,1054,-0.02476080186319784,0.022738103123163423,2864.389102924925,-4224.202819648024,19536,35204
0,q1_0..25,308,54275,1052,-0.024746300487826594,0.022808094078059876,2841.504030439498,-4184.609489416279,19255,34850
0,q1_0..25,309,53589,1053,-0.025024950638114985,0.02281743785981452,2804.386519661093,-4145.448599407043,18968,34448
0,q1_0..25,310,52927,1049,-0.025054705339660196,0.02228022440650444,2776.787203919322,-4102.857593431526,18663,34093
0,q1_0..25,311,52216,1046,-0.0252162638238389,0.022440423748225014,2744.4173810598936,-4061.1098128854755,18380,33673
0,q1_0..25,312,51527,1044,-0.025373063614114472,0.02272111690587926,2712.253897774657,-4019.651746619127,18079,33258
0,q1_0..25,313,50882,1040,-0.025367813470973263,0.021529797599637576,2691.6242080640054,-3982.3892930940756,17848,32847
0,q1_0..25,314,50111,1043,-0.025583822712241765,0.021430467782231656,2658.021224629284,-3940.0521645624253,17553,32376
0,q1_0..25,315,49453,1043,-0.02570398042230737,0.021071350403040333,2630.971715207161,-3902.11065903153,17318,31962
0,q1_0..25,316,48789,1040,-0.025708279477841347,0.02092337131406443,2609.6336996801047,-3863.914947124509,17006,31605
0,q1_0..25,317,48097,1039,-0.025701772723072967,0.02012532958204496,2585.9169475047083,-3822.095110166354,16729,31198
0,q1_0..25,318,47437,1043,-0.0254698361603871,0.0226486735462509,2571.177464717069,-3779.390082657355,16507,30780
0,q1_0..25,319,46712,1038,-0.025485546270486548,0.020291380683865306,2545.8432212410353,-3736.3240586280026,16248,30299
0,q1_0..25,320,46008,1039,-0.02566506486726605,0.018449760895771283,2513.132620025862,-3693.9309244390342,15985,29875
0,q1_0..25,321,45335,1034,-0.025844066421117164,0.01846159009697343,2479.2997796570667,-3650.9405308584173,15724,29468
0,q1_0..25,322,44616,1036,-0.025990896746502994,0.018497689138603675,2451.489004064221,-3611.0988533061995,15435,29020
0,q1_0..25,323,43937,1031,-0.02580389843262473,0.021250265828921654,2434.5142183435064,-3568.260103777747,15209,28574
0,q1_0..25,324,43286,1034,-0.025933056395820837,0.01910519471011561,2408.1121735404545,-3530.650452689957,14958,28183
0,q1_0..25,325,42608,1026,-0.026002183849833906,0.01801121354910075,2383.1597699430254,-3491.0608194167417,14656,27829
0,q1_0..25,326,41886,1025,-0.02610325799296491,0.015512391420327839,2350.5258839286034,-3443.8869482219366,14437,27310
0,q1_0..25,327,41195,1025,-0.0264688783418905,0.016956400024263754,2316.0978927665906,-3406.4833360607754,14194,26885
0,q1_0..25,328,40517,1023,-0.026321328615153038,0.018042424713596808,2298.9494346886945,-3365.410706188848,13881,26473
0,q1_0..25,329,39801,1021,-0.0262243516066449,0.01512576419125545,2273.2573969615983,-3317.012815257678,13639,26048
0,q1_0..25,330,39155,1021,-0.02619040774529109,0.01577810265392669,2250.0758708094004,-3275.5612860762735,13425,25616
0,q1_0..25,331,38426,1027,-0.026252874910786254,0.015846525875115546,2221.212431755161,-3230.0054030770293,13098,25199
0,q1_0..25,332,37761,1018,-0.026393969538140907,0.016614909956704234,2189.3014254311447,-3185.964109160884,12889,24735
0,q1_0..25,333,37077,1016,-0.026535413798368376,0.015181767583921715,2152.8949687257073,-3136.7485061278076,12650,24321
0,q1_0..25,334,36395,1020,-0.026559506724945087,0.016516893154480006,2123.0822797242768,-3089.7155269786563,12390,23882
0,q1_0..25,335,35726,1018,-0.026520502795149604,0.012480116550294308,2094.13353452511,-3041.6050173846274,12132,23485
0,q1_0..25,336,35005,1017,-0.02672980814866091,0.014376603276653369,2058.4685147329383,-2994.145448976807,11845,23046
0,q1_0..25,337,34340,1012,-0.026839596447802597,0.013747250772845953,2026.4515707368705,-2948.1233127544115,11638,22600
0,q1_0..25,338,33668,1012,-0.027241303857433785,0.01474469946015769,1985.2687328690517,-2902.4289511411307,11370,22181
0,q1_0..25,339,32991,1005,-0.027227850647211456,0.016368300662703773,1952.9320137047566,-2851.20603440691,11178,21728
0,q1_0..25,340,32305,1007,-0.02722495541156238,0.015213642960566834,1921.1685070791118,-2800.6706916496346,10916,21281
0,q1_0..25,341,31640,1001,-0.02743530288037165,0.017427344960889386,1889.2430499442705,-2757.296033079228,10680,20859
0,q1_0..25,342,30915,999,-0.027777598031389045,0.014239842829179646,1852.472378058963,-2711.2168211993544,10383,20440
0,q1_0..25,343,30259,1001,-0.028010268328356683,0.012986326167408871,1820.2288354020056,-2667.7915447497535,10199,19961
0,q1_0..25,344,29545,998,-0.027980092481481256,0.010999793764831036,1787.2562107054403,-2613.928043070807,9920,19542
0,q1_0..25,345,28862,999,-0.02802943123636437,0.011134092561394951,1753.6549628507776,-2562.640407194724,9679,19100
0,q1_0..25,346,28209,996,-0.02776943635092131,0.012753756865905273,1725.6267341141,-2508.9747641372364,9440,18678
0,q1_0..25,347,27545,994,-0.027774163674377943,0.011281105178385294,1689.8486941666088,-2454.88803257735,9209,18241
0,q1_0..25,348,26894,997,-0.02808244747170766,0.01269736135157074,1650.0437318805375,-2405.2930741846435,8963,17844
0,q1_0..25,349,26199,991,-0.028332529750286793,0.012030000799061063,1612.6396022910787,-2354.9235492188445,8730,17387
0,q1_0..25,350,25569,997,-0.02851944263264416,0.009899096358043027,1577.9315773820213,-2307.1452060560996,8495,17000
0,q1_0..25,351,24891,991,-0.028428221009043058,0.008790343231567282,1548.027429157123,-2255.634278293215,8252,16568
0,q1_0..25,352,24169,989,-0.02834936212801167,0.008646066951613938,1515.2295650662998,-2200.4052983382153,8003,16108
0,q1_0..25,353,23504,986,-0.028202294163740968,0.007428849894720616,1485.0011337334656,-2147.8678557580347,7768,15678
0,q1_0..25,354,22873,987,-0.02809699751375336,0.009511987644416294,1454.5262586785464,-2097.1888828106257,7577,15225
0,q1_0..25,355,22155,983,-0.028027765424258638,0.01071615937140645,1419.443727930365,-2040.398870904816,7319,14775
0,q1_0..25,356,21477,983,-0.028397965941364237,0.01123424900123076,1374.0223014826947,-1983.9254160053745,7086,14321
0,q1_0..25,357,20752,976,-0.028617442238837415,0.012762150227317906,1330.6781618935474,-1924.5473232339034,6818,13882
0,q1_0..25,358,20057,975,-0.02894001924505225,0.013171490995227873,1288.4184644261798,-1868.8684304241954,6587,13412
0,q1_0..25,359,19333,970,-0.029256654153430765,0.011306572392144328,1246.448620035638,-1812.067514783914,6316,12965
0,q1_0..25,360,18624,969,-0.029639033112106063,0.01055391048192452,1203.4917512542042,-1755.4891039340682,6068,12501
0,q1_0..25,361,17978,965,-0.030314558411652325,0.00771296629213816,1159.5067055852367,-1704.5018367099199,5828,12105
0,q1_0..25,362,17330,972,-0.030314915519219294,0.010252502481024202,1122.723115215763,-1648.0806011638329,5635,11640
0,q1_0..25,363,16610,968,-0.03073495237300467,0.006476799095736605,1075.6354554880934,-1586.1430144037035,5373,11181
0,q1_0..25,364,15932,967,-0.031100392475748005,-0.0015411194871865807,1030.0015196475936,-1525.4929725712116,5144,10742
0,q1_0..25,365,15273,966,-0.0309330792397994,-0.0009812594398631177,994.2464205679261,-1466.687339797382,4934,10285
0,q1_0..25,366,14586,966,-0.03100319303009388,-0.002981724565866385,953.8196726276145,-1406.0322461645642,4689,9848
0,q1_0..25,367,13914,958,-0.0311564529940489,-0.0042345404954838555,912.9013063487384,-1346.4121933079343,4466,9407
0,q1_0..25,368,13251,954,-0.030715083773027133,-0.004234727846737994,876.0504658720918,-1283.0560409484717,4252,8963
0,q1_0..25,369,12588,952,-0.03033231036769556,-0.0033202164876569014,839.9390760555765,-1221.7621989641282,4025,8538
0,q1_0..25,370,11918,953,-0.03030187099675958,-0.006429923612736775,803.6807871898055,-1164.8184857291862,3799,8090
0,q1_0..25,371,11234,949,-0.03036646339890032,-0.008453026062798658,761.6109062244767,-1102.747756047724,3560,7642
0,q1_0..25,372,10586,942,-0.02989735388037892,-0.004847065363386618,724.5186757135984,-1041.0120638912886,3356,7210
0,q1_0..25,373,9938,944,-0.029132783982770385,-0.009471705859807255,687.5413667503296,-977.062973971102,3158,6756
0,q1_0..25,374,9312,940,-0.028978624939944273,-0.010308839805017568,647.9425350945268,-917.7914905352867,2976,6310
0,q1_0..25,375,8656,936,-0.029309441056865986,-0.011925213937699066,601.3571940014516,-855.0597157896825,2763,5863
0,q1_0..25,376,8067,935,-0.028204004550885012,-0.010902420507258733,564.1765411406519,-791.6982458526398,2592,5459
0,q1_0..25,377,7391,929,-0.02836862879354379,-0.014086016163061113,517.7013731530819,-727.373908566164,2364,5015
0,q1_0..25,378,6785,924,-0.028279297667885124,-0.01723126860511801,470.94278135681793,-662.8178160334185,2189,4573
0,q1_0..25,379,6116,924,-0.028868757314954356,-0.0187788483417354,424.33541702652735,-600.8967367647886,1967,4130
0,q1_0..25,380,5477,905,-0.02892051894872494,-0.020437498018919205,382.4260454644225,-540.8237277465898,1752,3706
0,q1_0..25,381,4835,896,-0.02785888112605139,-0.019159681107269795,341.38251401142145,-476.0802042558809,1548,3275
0,q1_0..25,382,4215,885,-0.027769889632182177,-0.01944439780191125,299.1150550060238,-416.16513980567174,1362,2842
0,q1_0..25,383,3589,873,-0.02797447055441657,-0.02367958447838884,257.4773772832616,-357.877752103063,1139,2441
0,q1_0..25,384,2978,841,-0.02896341039561491,-0.0244270068063306,212.13538577628916,-298.3884219344309,949,2024
0,q1_0..25,385,2385,813,-0.028695732457933748,-0.02959527464052626,172.2403504270224,-240.6796723391942,756,1620
0,q1_0..25,386,1803,776,-0.026864653957897777,-0.027844195818424892,131.61123529052142,-180.04820637661092,594,1207
0,q1_0..25,387,1202,691,-0.02615488293479388,-0.02488524489000933,89.93678367432916,-121.37495296195152,396,803
0,q1_0..25,388,610,540,-0.027426397803642526,-0.027025311717873177,45.519533508045285,-62.24963616826722,214,393
1,q2_25..50,0,259046,1568,0.0,0.0,0.0,0.0,0,0
1,q2_25..50,1,240920,1551,-0.00008841935484360713,0.00016203766623925194,848.9094271646256,-870.211418133548,109160,111956
1,q2_25..50,2,239007,1545,-0.0001802130127107569,0.00046798959367868584,1143.4670888827554,-1186.5392604117146,109794,114677
1,q2_25..50,3,237856,1543,-0.0003187295503161445,0.001039017276857443,1353.5422606273337,-1429.3539965473299,109669,116059
1,q2_25..50,4,236616,1543,-0.0004386900646295072,0.0007601461089402836,1522.173683913574,-1625.9747722459474,109130,117193
1,q2_25..50,5,235788,1541,-0.0005526844709559643,0.0008815785375131581,1671.0319414484866,-1801.34830748625,108602,117786
1,q2_25..50,6,235045,1540,-0.0006426017279947184,0.0015882277337970652,1815.641036795233,-1966.681359951756,108611,117920
1,q2_25..50,7,234142,1536,-0.0007186006370938478,0.0019075020090793878,1945.1774299352342,-2113.4320203056677,108157,118073
1,q2_25..50,8,233543,1537,-0.0007988002778897735,0.002537854158913815,2059.880467666149,-2246.4346809653616,108153,118149
1,q2_25..50,9,232726,1544,-0.0008944221808179656,0.002897144377916717,2160.2423713497446,-2368.397667802797,107461,118493
1,q2_25..50,10,231859,1535,-0.0009895783206226548,0.002414578793340383,2252.1194121986305,-2481.562052039869,107041,118429
1,q2_25..50,11,231084,1532,-0.001077210578282477,0.0029276164471839132,2341.9409478159264,-2590.8670770877525,106553,118279
1,q2_25..50,12,230355,1532,-0.0011258541456504925,0.003491875651947106,2430.895586600579,-2690.241718321906,106275,118159
1,q2_25..50,13,229686,1535,-0.0012314076943647646,0.003808562135030386,2509.5355012923324,-2792.3726089801958,105939,118144
1,q2_25..50,14,228888,1534,-0.0012737033560982108,0.004536346481000384,2588.494993427764,-2880.0304071983796,105643,117759
1,q2_25..50,15,228166,1536,-0.0013604320493049635,0.003965288244149163,2659.238142046961,-2969.64248100867,105243,117592
1,q2_25..50,16,227370,1532,-0.0014360860260854743,0.0043894192820543585,2721.573788563221,-3048.096668314275,104943,117359
1,q2_25..50,17,226708,1536,-0.0015453030276767338,0.004010118232238266,2786.098804224806,-3136.431363023336,104493,117278
1,q2_25..50,18,225927,1532,-0.0016219267423803775,0.0037514165564888247,2843.628746168505,-3210.0657892942745,104196,116948
1,q2_25..50,19,225260,1530,-0.0016610366469193465,0.0035529954090931307,2909.665783503555,-3283.83089858861,103752,116802
1,q2_25..50,20,224532,1530,-0.0017336632403608355,0.0046821062527609494,2964.7676065052283,-3354.0304811899214,103520,116473
1,q2_25..50,21,223858,1531,-0.001806768670857302,0.004445458127147296,3023.240164123652,-3427.699785244427,103151,116226
1,q2_25..50,22,223131,1531,-0.0018634153416549634,0.004915068102404875,3079.770822722033,-3495.5565513208408,102763,116009
1,q2_25..50,23,222545,1533,-0.0019056974845246698,0.004755916982068793,3131.3664745146434,-3555.469921208185,102362,116061
1,q2_25..50,24,221794,1530,-0.001967414949560969,0.004545933297251025,3184.07736095068,-3620.4381922736025,101962,115709
1,q2_25..50,25,221037,1527,-0.002012381552887777,0.004909386347161546,3233.0848069306735,-3677.895588236335,101665,115320
1,q2_25..50,26,220158,1526,-0.0020801059660819497,0.0048382258367973725,3276.034904308888,-3733.9868735895575,101171,115067
1,q2_25..50,27,219443,1525,-0.002136726215996274,0.0056984867316881615,3324.5912989329245,-3793.4809099498025,100847,114798
1,q2_25..50,28,218790,1526,-0.0021859746101645207,0.0051346493509317435,3369.2185353030777,-3847.487920260978,100600,114434
1,q2_25..50,29,218198,1525,-0.0022044415905836745,0.006067915824686972,3417.315010099874,-3898.319756282042,100454,113981
1,q2_25..50,30,217473,1528,-0.0022230184872311133,0.006224046472873173,3457.3733609043275,-3940.8198603779383,100089,113797
1,q2_25..50,31,216733,1518,-0.0023301995113708994,0.005536311850037712,3486.091530007636,-3991.122660705584,99656,113525
1,q2_25..50,32,215993,1519,-0.00234354372211882,0.0064682536559991805,3528.920413917638,-4035.10945308925,99299,113281
1,q2_25..50,33,215297,1517,-0.0024054407893548007,0.006255694074756101,3565.4271216573165,-4083.311307283037,98910,112921
1,q2_25..50,34,214537,1518,-0.002459737990431427,0.006496842301816492,3594.7113082322617,-4122.416117485462,98530,112656
1,q2_25..50,35,213919,1517,-0.0025030898189170553,0.006690278327818804,3631.6936218737997,-4167.152092846714,98221,112414
1,q2_25..50,36,213299,1521,-0.002581725373671342,0.006209819313052284,3655.595124249064,-4206.274564727785,97852,112123
1,q2_25..50,37,212512,1509,-0.0026473527361356875,0.007020707980265418,3686.407465835461,-4249.001690497129,97519,111737
1,q2_25..50,38,211777,1515,-0.0027196272531403247,0.007297595785875951,3709.5218536759394,-4285.476354464243,97160,111400
1,q2_25..50,39,210966,1507,-0.0027381646986302196,0.008014109544068075,3743.384674972001,-4321.0443287832195,96712,110978
1,q2_25..50,40,210198,1516,-0.002818284140914461,0.007429130291715728,3761.426259839474,-4353.82394969142,96229,110817
1,q2_25..50,41,209484,1508,-0.0028535826907925056,0.007612724354398508,3785.757904010385,-4383.537820408379,95642,110723
1,q2_25..50,42,208715,1508,-0.0028729290807186143,0.008009388108649262,3814.442455598589,-4414.065848680799,95245,110443
1,q2_25..50,43,208093,1510,-0.0028955742037444186,0.00871926828637508,3845.409099708609,-4447.957822488393,94938,110212
1,q2_25..50,44,207446,1508,-0.0029363225560758753,0.008710420792424624,3872.6735591891575,-4481.801928156868,94568,110018
1,q2_25..50,45,206841,1508,-0.0029734699932657334,0.00898129304367559,3894.2838084043706,-4509.319315281451,94238,109687
1,q2_25..50,46,206268,1507,-0.0029695361330770173,0.008417544554392576,3920.0513547798614,-4532.571633877386,94013,109394
1,q2_25..50,47,205426,1510,-0.0029741377897759564,0.00829916628002798,3945.7368577273955,-4556.702087329919,93453,109200
1,q2_25..50,48,204845,1508,-0.002996807634211212,0.00828546145156487,3972.553791188551,-4586.43485101853,93151,108943
1,q2_25..50,49,204064,1501,-0.0030061010579728337,0.00829843399350744,3996.627542900048,-4610.064549194236,92775,108524
1,q2_25..50,50,203399,1503,-0.0029879589029629104,0.009845046151726327,4020.7870176450597,-4628.534870548815,92602,108076
1,q2_25..50,51,202763,1508,-0.0029889960213975424,0.008832848799484209,4044.1968274641954,-4650.254627750842,92160,107969
1,q2_25..50,52,201925,1498,-0.003071705779071315,0.009614015713921328,4057.978580106389,-4678.232769545358,91788,107428
1,q2_25..50,53,201326,1503,-0.0030482273249383134,0.009684071699399317,4085.7011120863995,-4699.388526506937,91591,107096
1,q2_25..50,54,200635,1504,-0.003056136608992973,0.009897602049464367,4112.94216585682,-4726.110134402127,91316,106689
1,q2_25..50,55,200027,1499,-0.002993519579640255,0.01052691532617277,4139.907164094727,-4738.691905051438,91128,106415
1,q2_25..50,56,199312,1493,-0.002987403019618093,0.010593642890414423,4162.031631522405,-4757.45690216853,90702,106018
1,q2_25..50,57,198609,1495,-0.002976899020036866,0.010388305961349025,4180.790799152141,-4772.029736622644,90479,105533
1,q2_25..50,58,197930,1501,-0.0030035979769776288,0.009883043255219196,4198.309057441465,-4792.811205024666,90077,105374
1,q2_25..50,59,197177,1496,-0.003042042859653299,0.010512728832271638,4209.2674250776845,-4809.08831001554,89734,104914
1,q2_25..50,60,196631,1499,-0.003112738865253812,0.010384202778826573,4217.545017220742,-4829.605973034455,89403,104748
1,q2_25..50,61,195771,1495,-0.003127556116595916,0.010897986141575713,4235.004621473702,-4847.289409975801,89114,104249
1,q2_25..50,62,195046,1488,-0.003174215987849913,0.011837721261227889,4247.286701729017,-4866.404833295181,88657,103886
1,q2_25..50,63,194449,1494,-0.003159311114664849,0.011149257249650064,4267.924906742032,-4882.2497936774935,88299,103765
1,q2_25..50,64,193598,1490,-0.00321240602301522,0.01076641416357691,4279.592158604051,-4901.507539847767,88003,103226
1,q2_25..50,65,192885,1490,-0.0032550358014990194,0.01129313667514302,4292.117167652931,-4919.964748225081,87580,102919
1,q2_25..50,66,192295,1488,-0.0033105940846387192,0.011301004996816136,4301.755279021386,-4938.365968526992,87417,102597
1,q2_25..50,67,191463,1485,-0.003357120811179461,0.010679280871762224,4315.526332685594,-4958.290754556449,86827,102353
1,q2_25..50,68,190823,1488,-0.0034014376245137174,0.010624312615697658,4323.990535332202,-4973.0630671547615,86527,102034
1,q2_25..50,69,190062,1491,-0.0034054204238512234,0.011272971135762982,4340.547604269999,-4987.788620868012,86238,101576
1,q2_25..50,70,189515,1483,-0.003451173871457607,0.011458329011097316,4353.895771717693,-5007.944987966988,85935,101382
1,q2_25..50,71,188536,1487,-0.0035208157471871386,0.010805857047149469,4356.318255691101,-5020.118773402765,85475,100871
1,q2_25..50,72,188111,1480,-0.0035247453790871867,0.01108976684933348,4369.353218996862,-5032.396597002329,85414,100575
1,q2_25..50,73,187519,1480,-0.003552699789834992,0.010590768807401788,4387.172939000119,-5053.371650890169,85017,100410
1,q2_25..50,74,186761,1482,-0.0036355261878903986,0.01079770249579859,4394.9590362781555,-5073.933542654745,84749,99964
1,q2_25..50,75,186026,1482,-0.0036745521983659467,0.01114740633470991,4403.53894303787,-5087.101190291094,84311,99715
1,q2_25..50,76,185380,1477,-0.0037121545588198004,0.01139596450021993,4415.377933098638,-5103.537145212654,83809,99522
1,q2_25..50,77,184572,1476,-0.003741726529225495,0.010990809861126206,4422.684591080996,-5113.302540033199,83421,99078
1,q2_25..50,78,183966,1474,-0.0037963159065555977,0.011793611250876414,4437.047515652705,-5135.4405677181185,83019,98909
1,q2_25..50,79,183418,1478,-0.003787911562049173,0.011203826705825438,4460.75278471634,-5155.5239476042725,82837,98448
1,q2_25..50,80,182641,1469,-0.003839792070791604,0.01214034019100721,4466.160549070867,-5167.464012672318,82412,98176
1,q2_25..50,81,181908,1467,-0.003949749073430311,0.012162998166144117,4464.7149652422995,-5183.205919691869,81906,98009
1,q2_25..50,82,181291,1471,-0.003963514898965655,0.01181175754051709,4477.1511371265715,-5195.700716674957,81670,97640
1,q2_25..50,83,180741,1461,-0.004113204982261007,0.011381536354659508,4465.556315701899,-5208.98109740075,81402,97412
1,q2_25..50,84,180005,1474,-0.004083122313270378,0.012155833797071362,4485.302857631136,-5220.285289631376,80967,97139
1,q2_25..50,85,179354,1466,-0.004144577341996982,0.011757654125848999,4487.413454864454,-5230.759979460987,80577,96847
1,q2_25..50,86,178692,1470,-0.004164857878067308,0.011402606738376437,4496.05604993757,-5240.282833885177,80352,96435
1,q2_25..50,87,178010,1464,-0.004190813804944876,0.011422452212006,4505.4732986879935,-5251.480064106229,79907,96135
1,q2_25..50,88,177371,1461,-0.004273104828989977,0.010858974808098141,4507.9882477105975,-5265.913124333378,79740,95757
1,q2_25..50,89,176720,1462,-0.00424254261174217,0.011856526545767795,4519.858142558759,-5269.600272905835,79393,95509
1,q2_25..50,90,175825,1461,-0.004391691577963485,0.011655949643426004,4505.8938981477195,-5278.06306984315,78918,95128
1,q2_25..50,91,175228,1466,-0.004443237174506113,0.010449933560711232,4512.022217019314,-5290.601780633659,78628,94852
1,q2_25..50,92,174644,1455,-0.004529955265757748,0.011268987210721086,4513.106031294308,-5304.235538727303,78380,94504
1,q2_25..50,93,173962,1453,-0.0045434640638307685,0.01117733431443959,4521.7686767086,-5312.158772180741,78052,94171
1,q2_25..50,94,173310,1457,-0.0045540109307210695,0.011501676443060424,4531.689883002616,-5320.9455174058985,77704,93836
1,q2_25..50,95,172703,1454,-0.004538722680271407,0.011943002283906984,4543.552423324814,-5327.403446375722,77452,93531
1,q2_25..50,96,171903,1453,-0.004499302472754555,0.011727646723332107,4560.090962850554,-5333.534555824465,77096,93111
1,q2_25..50,97,171314,1450,-0.004565091022354322,0.011790980148390143,4556.830044730195,-5338.894048133798,76776,92850
1,q2_25..50,98,170612,1451,-0.004596764019726512,0.012583409491485965,4560.486595463695,-5344.749698397264,76347,92550
1,q2_25..50,99,169877,1448,-0.004606352693190724,0.012325320511974823,4568.802002319794,-5351.31537878095,76112,92104
1,q2_25..50,100,169284,1447,-0.004593743331238514,0.012336047853416018,4578.353659287053,-5356.000905372425,75858,91828
1,q2_25..50,101,168725,1449,-0.004597287051327224,0.013530462241186019,4586.805535501321,-5362.482793236514,75433,91672
1,q2_25..50,102,167905,1443,-0.004620344480148051,0.012998125586052798,4585.875071290711,-5361.654011229959,74960,91280
1,q2_25..50,103,167252,1442,-0.004590663263379434,0.013334370263570752,4595.279202868074,-5363.076814994832,74773,90907
1,q2_25..50,104,166603,1447,-0.004619091807133509,0.01234582644503427,4595.168233810059,-5364.722786153921,74482,90533
1,q2_25..50,105,166117,1441,-0.004621308232665673,0.012159070011506413,4608.6789261957865,-5376.356785881504,74214,90301
1,q2_25..50,106,165286,1434,-0.004636350614508564,0.01237455978151399,4611.580033113666,-5377.90388078332,73891,89829
1,q2_25..50,107,164652,1430,-0.0047040942090498215,0.012728767829014583,4607.540244732054,-5382.078764440524,73449,89688
1,q2_25..50,108,164053,1441,-0.0047046964034136276,0.013532874025698862,4610.94379191342,-5382.763350982629,73249,89192
1,q2_25..50,109,163401,1436,-0.004760504580759853,0.012450926647776741,4607.322156086876,-5385.193365087611,72920,88942
1,q2_25..50,110,162710,1431,-0.00477685667284745,0.012784795412857878,4609.767439004386,-5387.0097882433865,72532,88641
1,q2_25..50,111,162073,1429,-0.004811925522448744,0.012159113941312851,4608.53041358675,-5388.413618786595,72233,88291
1,q2_25..50,112,161549,1431,-0.004859328649812832,0.012843982640558528,4617.151284829444,-5402.170968878053,71921,88127
1,q2_25..50,113,160864,1425,-0.004832377105869014,0.01293613570944378,4619.687253793238,-5397.0427645517475,71595,87801
1,q2_25..50,114,160156,1431,-0.004888219995240913,0.01250817546851275,4611.766079084587,-5394.643840642386,71179,87497
1,q2_25..50,115,159512,1432,-0.0048716411288100775,0.012323765617911776,4615.811846699217,-5392.897066437972,70917,87121
1,q2_25..50,116,158809,1428,-0.004940738700761367,0.013276000190328855,4617.233101714757,-5401.86687404397,70589,86813
1,q2_25..50,117,158142,1429,-0.004904268145381746,0.012885273907999047,4625.067120619053,-5400.637893666028,70280,86436
1,q2_25..50,118,157564,1428,-0.004915859922672175,0.01328857167775914,4628.3868207083115,-5402.949373564215,69997,86132
1,q2_25..50,119,156926,1422,-0.0049375853900568275,0.013773226319916424,4628.984311034176,-5403.8198359542475,69737,85804
1,q2_25..50,120,156321,1424,-0.004985198122496414,0.012747632517181594,4623.156426611313,-5402.447582318059,69456,85452
1,q2_25..50,121,155586,1423,-0.0049897607038614875,0.013143473134344328,4626.97332078164,-5403.310229652635,69021,85174
1,q2_25..50,122,154955,1418,-0.005014768896106483,0.013608161787290513,4630.124283323116,-5407.187797619294,68759,84803
1,q2_25..50,123,154175,1425,-0.00511543647803215,0.0133251952739275,4618.675195513171,-5407.347614513788,68375,84434
1,q2_25..50,124,153619,1418,-0.005009827407527451,0.012973782688706238,4630.406970891573,-5400.011647408516,68148,84048
1,q2_25..50,125,152885,1419,-0.0051580229067358764,0.013164838549296088,4610.534122099025,-5399.118454195341,67651,83919
1,q2_25..50,126,152346,1414,-0.005228738159762192,0.012847188100557964,4603.833673012189,-5400.411016699324,67341,83708
1,q2_25..50,127,151627,1411,-0.005254173942338826,0.01388881023067328,4603.129444924892,-5399.804077279909,67061,83312
1,q2_25..50,128,150980,1412,-0.0053126370178492735,0.013208746426442375,4596.574528636679,-5398.676465591556,66722,83007
1,q2_25..50,129,150253,1415,-0.005408729245129344,0.013248874435117278,4588.74946968607,-5401.427264954509,66313,82680
1,q2_25..50,130,149632,1414,-0.005452019869710217,0.013317014948690708,4588.343795622755,-5404.140432767238,65909,82429
1,q2_25..50,131,149020,1415,-0.005551962627302904,0.01281334840359699,4574.6976041599255,-5402.051074880605,65685,82134
1,q2_25..50,132,148337,1415,-0.005537420472976848,0.012624192686122044,4577.354227064519,-5398.758567764484,65341,81759
1,q2_25..50,133,147843,1412,-0.005571528696586632,0.012411837977212634,4575.6511829919045,-5399.362700081349,64992,81603
1,q2_25..50,134,147209,1412,-0.005621087601164745,0.013231025820070618,4568.868359728318,-5396.343044408178,64662,81332
1,q2_25..50,135,146543,1413,-0.005629064438180018,0.013556407894404203,4564.492710951371,-5389.392700915595,64376,81002
1,q2_25..50,136,145826,1408,-0.005720215544662219,0.013614432891969985,4556.337713756594,-5390.493865772502,64016,80646
1,q2_25..50,137,145349,1402,-0.005720730647303687,0.013776847565359154,4560.065995787776,-5391.568474642728,63820,80369
1,q2_25..50,138,144546,1412,-0.005663549797528491,0.013782313804771707,4562.301594972835,-5380.945064006389,63307,80124
1,q2_25..50,139,144003,1406,-0.005714286106465266,0.014453974765784715,4556.068790079493,-5378.943132268811,63063,79805
1,q2_25..50,140,143512,1407,-0.005772808282126677,0.013898849380111702,4548.018544738583,-5376.485806923149,62745,79586
1,q2_25..50,141,142678,1404,-0.005832076639446182,0.013543960606398332,4533.403558510398,-5365.512589273306,62467,79092
1,q2_25..50,142,142182,1405,-0.005876123073966939,0.013939688748150457,4527.788485993474,-5363.26741689623,62140,78926
1,q2_25..50,143,141464,1405,-0.005932228840603155,0.014697896439550913,4521.212778533057,-5360.4095992401535,61758,78609
1,q2_25..50,144,140794,1404,-0.005925503954664946,0.014619857193650745,4518.084819680085,-5352.360223473171,61284,78393
1,q2_25..50,145,140145,1397,-0.005916541678238121,0.01416468033422502,4517.0061523049635,-5346.179885801642,60898,78124
1,q2_25..50,146,139502,1399,-0.0059619516851655285,0.014128345239638074,4511.443612746245,-5343.147796730205,60645,77787
1,q2_25..50,147,138833,1393,-0.005922266033599819,0.013685710662733363,4511.518304024942,-5333.7242642676965,60270,77477
1,q2_25..50,148,138254,1396,-0.00606586315430983,0.013902581961200944,4495.301329186052,-5333.931173722005,59922,77252
1,q2_25..50,149,137675,1393,-0.0059959965380729455,0.014344202177433134,4501.323845237655,-5326.822668616848,59634,76964
1,q2_25..50,150,136980,1398,-0.005997083599404439,0.013500872956564283,4492.906870281758,-5314.387381728158,59235,76717
1,q2_25..50,151,136394,1396,-0.006030465203212603,0.014080107395004336,4486.06201224396,-5308.58128317094,58933,76390
1,q2_25..50,152,135607,1392,-0.006086838317298423,0.015515609995640068,4474.193989604582,-5299.61187329848,58607,75983
1,q2_25..50,153,135046,1385,-0.00619757149754739,0.014674783811349052,4462.158842455971,-5299.116082913771,58292,75751
1,q2_25..50,154,134331,1387,-0.006116980931712841,0.014397036787498305,4466.082437911025,-5287.78260344894,58040,75280
1,q2_25..50,155,133806,1386,-0.00619913393751188,0.013369859842460263,4457.841196641612,-5287.322512284331,57780,75095
1,q2_25..50,156,133146,1384,-0.006174362913257159,0.015047745931822785,4454.575600568636,-5276.667325017176,57456,74709
1,q2_25..50,157,132509,1380,-0.006107604948939363,0.015015021827982611,4459.312979431956,-5268.6256036109535,57241,74274
1,q2_25..50,158,131949,1380,-0.0061080054484758005,0.014240711040400311,4457.609505816581,-5263.554716737514,56871,74067
1,q2_25..50,159,131311,1378,-0.006159553454368376,0.01349553085277597,4450.750728447415,-5259.56785209398,56604,73779
1,q2_25..50,160,130647,1381,-0.006215602802155759,0.013225521958918771,4444.707961414186,-5256.757820707447,56340,73330
1,q2_25..50,161,130027,1376,-0.006178555899382125,0.01338727433706793,4448.0852500387,-5251.4643379676445,55931,73096
1,q2_25..50,162,129443,1380,-0.0062414308864150465,0.013531528536201529,4438.346694297718,-5246.25623252794,55626,72854
1,q2_25..50,163,128832,1379,-0.006304556071990448,0.013505831740411034,4432.808088849191,-5245.0366567158635,55307,72597
1,q2_25..50,164,128195,1380,-0.00626588555912045,0.013835143970386609,4434.207632023704,-5237.46283127514,54976,72262
1,q2_25..50,165,127604,1377,-0.006364163877811374,0.013946864236770643,4420.787448959401,-5232.88021642364,54735,71970
1,q2_25..50,166,127039,1374,-0.006377168106634329,0.013444511692874429,4413.824777640254,-5223.97383673899,54438,71674
1,q2_25..50,167,126410,1378,-0.006411636043885838,0.013108367981584372,4408.071444296855,-5218.566356604474,54100,71421
1,q2_25..50,168,125730,1377,-0.0064495764445891635,0.014671490736119126,4401.193433088582,-5212.098679466774,53784,71011
1,q2_25..50,169,124997,1370,-0.006401605553532978,0.014996398887721939,4399.173203413326,-5199.354692788282,53523,70591
1,q2_25..50,170,124377,1373,-0.006402638686759788,0.014801129073892133,4395.054452950308,-5191.39544489343,53151,70293
1,q2_25..50,171,123851,1366,-0.006427774498877278,0.014708051067394637,4392.1673007998625,-5188.253600260317,52898,70054
1,q2_25..50,172,123125,1368,-0.0065052803415511385,0.015102464730448429,4374.483494255918,-5175.446136309413,52557,69703
1,q2_25..50,173,122588,1367,-0.00667076341722673,0.01481952575023119,4356.22974365456,-5173.985289445557,52276,69467
1,q2_25..50,174,121861,1373,-0.006695291268884557,0.01295882133767894,4344.639367025087,-5160.534256342633,51800,69173
1,q2_25..50,175,121379,1366,-0.006667438259202297,0.014333049789126308,4342.62064942661,-5151.907637890334,51605,68893
1,q2_25..50,176,120815,1371,-0.0065749454770563,0.013892531005194813,4346.563661164737,-5140.915698975298,51375,68577
1,q2_25..50,177,120157,1364,-0.006527245947828281,0.013737845834688999,4341.536878039103,-5125.831169392309,51127,68218
1,q2_25..50,178,119472,1368,-0.006405731961983333,0.014100748115422503,4340.789618062652,-5106.095227024725,50807,67821
1,q2_25..50,179,118962,1360,-0.006424813940619319,0.013540491638009763,4335.889424735616,-5100.198140739577,50596,67498
1,q2_25..50,180,118388,1363,-0.006496366173348028,0.014003875378791015,4321.951803865752,-5091.043602396088,50271,67233
1,q2_25..50,181,117765,1368,-0.006515277435217799,0.013804757959429887,4311.780257298509,-5079.051904456934,49909,67013
1,q2_25..50,182,117066,1355,-0.006478033185005038,0.013661043858384733,4306.554397866891,-5064.9118307026965,49582,66657
1,q2_25..50,183,116657,1358,-0.0065116295940766365,0.014050981504175693,4302.249107627956,-5061.876281184155,49503,66376
1,q2_25..50,184,115990,1356,-0.006509924207902738,0.014818482492286827,4295.2559249704755,-5050.342033845124,49317,65943
1,q2_25..50,185,115283,1359,-0.006487353768071036,0.0138772115313769,4284.874760124344,-5032.7563645688715,48936,65543
1,q2_25..50,186,114702,1363,-0.006538309736801685,0.013798452412643498,4273.058446699846,-5023.015650130469,48634,65311
1,q2_25..50,187,114090,1354,-0.0065536198783523215,0.013573815396182645,4265.4472329186665,-5013.1497248398855,48355,64991
1,q2_25..50,188,113459,1358,-0.006616499817705889,0.013729233774727501,4247.78525106778,-4998.486703884876,47999,64684
1,q2_25..50,189,112816,1357,-0.006688709738040875,0.013937767729998378,4233.690588631959,-4988.284066438795,47699,64334
1,q2_25..50,190,112193,1352,-0.00674256435506567,0.014340575063776177,4222.1439016753875,-4978.612424363272,47359,64103
1,q2_25..50,191,111542,1356,-0.006778449400251952,0.014507555730735177,4209.223493380697,-4965.305296383607,47000,63778
1,q2_25..50,192,111011,1348,-0.006715051316964515,0.014129075887398512,4199.924533660293,-4945.369095407841,46831,63412
1,q2_25..50,193,110306,1344,-0.006845999678827659,0.01394666389380289,4180.07968930041,-4935.234529873188,46414,63148
1,q2_25..50,194,109683,1347,-0.006931842704342021,0.014106986876623928,4163.257841646656,-4923.563144987003,46218,62747
1,q2_25..50,195,109104,1340,-0.00716924455834386,0.012758052168341829,4140.250267730453,-4922.443526024014,45863,62545
1,q2_25..50,196,108526,1339,-0.007229467902813436,0.012689608554653793,4120.32548104056,-4904.910714661297,45587,62223
1,q2_25..50,197,107887,1334,-0.007099741080146603,0.012684656839667819,4117.719085491203,-4883.688851404975,45333,61850
1,q2_25..50,198,107324,1337,-0.007148746557384602,0.012702535062647295,4107.6785422780795,-4874.910617802841,45053,61572
1,q2_25..50,199,106725,1337,-0.007175792922897825,0.011701441635031536,4097.814527756814,-4863.651027453076,44799,61250
1,q2_25..50,200,106114,1339,-0.007197950214269218,0.011759593380055004,4086.5679531900087,-4850.371242226979,44535,60895
1,q2_25..50,201,105530,1336,-0.007228529751385754,0.011441352177103431,4072.2490993839847,-4835.075844047714,44267,60602
1,q2_25..50,202,104917,1342,-0.007203774841293721,0.011367435305436688,4069.8396694637327,-4825.638114487748,44086,60167
1,q2_25..50,203,104285,1333,-0.007303158015552337,0.011821553356657305,4052.75117147184,-4814.361005123707,43726,59909
1,q2_25..50,204,103600,1327,-0.007254183791691063,0.011865944767768966,4040.2795309334197,-4791.81297175262,43429,59509
1,q2_25..50,205,103125,1325,-0.007256858000067926,0.011255907130740367,4032.2914789931783,-4780.654960250201,43197,59246
1,q2_25..50,206,102318,1327,-0.007375976143382567,0.011711944472666793,4007.3340170959164,-4762.029144134538,42699,58924
1,q2_25..50,207,101847,1324,-0.007448996039830346,0.01186067833091143,3996.3396469516597,-4754.997546620264,42558,58615
1,q2_25..50,208,101114,1322,-0.0074322984134237826,0.011590698201103696,3983.7691350782666,-4735.278556853198,42191,58273
1,q2_25..50,209,100509,1315,-0.007536946690762983,0.011768080575340888,3964.511798588237,-4722.042773530131,41808,58043
1,q2_25..50,210,99905,1318,-0.007434211189620759,0.0115500360546657,3957.6525665457884,-4700.367435444846,41611,57647
1,q2_25..50,211,99412,1310,-0.007501188523059664,0.011527452450673877,3949.9226200563744,-4695.630773510784,41344,57426
1,q2_25..50,212,98854,1313,-0.007638903799290383,0.012049146468094565,3932.049494840937,-4687.1856910159895,41091,57126
1,q2_25..50,213,98286,1314,-0.007735758421524891,0.011928109416517035,3912.5229470928775,-4672.839699310881,40829,56833
1,q2_25..50,214,97667,1308,-0.007841856180121702,0.010170920992497955,3893.1126688616346,-4659.003236405591,40437,56562
1,q2_25..50,215,96999,1307,-0.007885720451510567,0.010072051693277614,3876.1778587356075,-4641.0848568116935,40154,56197
1,q2_25..50,216,96426,1309,-0.007973997501503157,0.009273363220990769,3852.8990419697025,-4621.799725049649,39913,55896
1,q2_25..50,217,95867,1309,-0.007976446130981866,0.009488677984462922,3841.127876561744,-4605.8058378005735,39612,55620
1,q2_25..50,218,95240,1302,-0.008065651579365037,0.010316181499406938,3820.3208626438945,-4588.493519062631,39333,55279
1,q2_25..50,219,94612,1303,-0.008111925415912102,0.009844937083859289,3803.349677229969,-4570.835164680251,39135,54881
1,q2_25..50,220,94186,1313,-0.008094909732486055,0.011122514729826775,3796.078241738938,-4558.505409802876,38901,54657
1,q2_25..50,221,93503,1307,-0.00812239652408356,0.010028942393333707,3777.2191958103904,-4536.687638001782,38588,54328
1,q2_25..50,222,92921,1303,-0.00825696809696445,0.009829076501719929,3752.75251849364,-4519.998251031682,38396,53917
1,q2_25..50,223,92310,1304,-0.008432257753295199,0.008719527446694363,3728.3589263862104,-4506.740639592887,38022,53698
1,q2_25..50,224,91767,1300,-0.00850500610407624,0.008966747112685856,3712.2700031660943,-4492.748898318854,37726,53421
1,q2_25..50,225,91207,1305,-0.008547799292405605,0.009375335117537374,3699.105198233489,-4478.724328295922,37508,53135
1,q2_25..50,226,90592,1299,-0.00856776373846974,0.008644842270461089,3685.1408604564513,-4461.311713051908,37209,52787
1,q2_25..50,227,89969,1296,-0.008586809045115332,0.008975566470685132,3668.4117695261934,-4440.958392506171,36852,52537
1,q2_25..50,228,89375,1294,-0.008750722164528262,0.008379609573875374,3639.9052275669997,-4422.001021021705,36577,52226
1,q2_25..50,229,88795,1294,-0.008753473849885889,0.007907697525269238,3627.3355070234375,-4404.600217524062,36332,51933
1,q2_25..50,230,88197,1285,-0.00875026040625373,0.007673785911727357,3618.224432142954,-4389.971149193324,36059,51552
1,q2_25..50,231,87570,1288,-0.008678167687280525,0.008622059510519703,3606.020579624561,-4365.9677239997245,35862,51208
1,q2_25..50,232,86934,1288,-0.008601759292164328,0.009596817224109535,3591.9885727901724,-4339.773915095178,35586,50805
1,q2_25..50,233,86350,1282,-0.008676966185135105,0.00783848638895068,3572.6129664502055,-4321.868996536617,35388,50439
1,q2_25..50,234,85690,1286,-0.008689598705240815,0.007544043504113385,3557.8424341652335,-4302.454147217326,35149,50031
1,q2_25..50,235,85170,1279,-0.0087378157693939,0.007442635985999852,3544.6677144314135,-4288.867483510692,34850,49799
1,q2_25..50,236,84608,1272,-0.008642716708067875,0.007777461093963807,3538.739010680952,-4269.981985917148,34674,49385
1,q2_25..50,237,84004,1275,-0.008825244773418797,0.008720941835786266,3515.8836589556668,-4257.239520901942,34313,49192
1,q2_25..50,238,83397,1272,-0.008963790509072226,0.00832779451651241,3494.1919749487374,-4241.7452120338285,34035,48876
1,q2_25..50,239,83001,1271,-0.009052715162490722,0.007553072305648026,3479.2627704638494,-4230.647181665742,33939,48575
1,q2_25..50,240,82327,1267,-0.009144666628984634,0.007565579521230478,3458.6904338504414,-4211.543403414856,33579,48295
1,q2_25..50,241,81809,1266,-0.008921945259450817,0.007660852129802149,3457.9276794425346,-4187.823099172933,33460,47861
1,q2_25..50,242,81160,1267,-0.00911031913162957,0.006979821554777063,3437.129069708664,-4176.5225704317145,33134,47552
1,q2_25..50,243,80539,1264,-0.009083990806488276,0.008003276293148221,3424.1959252235047,-4155.81146078726,32827,47237
1,q2_25..50,244,79955,1256,-0.009113118873368487,0.00780033406485197,3406.7860340258085,-4135.425453545992,32604,46878
1,q2_25..50,245,79379,1254,-0.009306043628708629,0.007960022824942303,3384.4219562365556,-4123.126393439819,32312,46583
1,q2_25..50,246,78867,1263,-0.009387524392033974,0.007447849125088135,3369.2320064884675,-4109.597892715006,32071,46316
1,q2_25..50,247,78260,1257,-0.009349080325537235,0.005439507020008983,3358.75514205749,-4090.4141683340226,31807,45947
1,q2_25..50,248,77634,1263,-0.009469551405568554,0.004573045202322565,3334.2377250355557,-4069.396878855462,31555,45612
1,q2_25..50,249,77113,1252,-0.009505972565670266,0.005088238678071878,3318.5237380536346,-4051.5578005101734,31257,45379
1,q2_25..50,250,76552,1254,-0.009503633733624653,0.00579241978892763,3304.2636689250785,-4031.785838501514,31044,45047
1,q2_25..50,251,75961,1252,-0.009705666509496608,0.006166336847883448,3279.0321647711953,-4016.2842984990693,30753,44729
1,q2_25..50,252,75310,1249,-0.009628419138168339,0.0056516223283019276,3262.23589090646,-3987.3521362019164,30437,44400
1,q2_25..50,253,74725,1245,-0.009543557436588893,0.005809097314166283,3250.751906815802,-3963.8942362649036,30221,44068
1,q2_25..50,254,74098,1251,-0.009663613479394722,0.005657634673444301,3231.100305596925,-3947.1547371931124,29964,43713
1,q2_25..50,255,73546,1249,-0.009729065280984127,0.006719619173137519,3218.7802241297836,-3934.314059285028,29700,43442
1,q2_25..50,256,73028,1254,-0.00966438631270451,0.006430870436106723,3204.3702040990242,-3910.141007743211,29422,43166
1,q2_25..50,257,72476,1247,-0.009610227273547895,0.005767630957232816,3191.91108232417,-3888.4219142018246,29284,42787
1,q2_25..50,258,71857,1247,-0.009893741402333183,0.0057401250388080935,3165.217359405772,-3876.1519353532285,28897,42562
1,q2_25..50,259,71209,1245,-0.009785088870312837,0.0066895381035067545,3149.287837019875,-3846.074230385982,28619,42188
1,q2_25..50,260,70647,1243,-0.009860821558249067,0.005441372564050574,3135.8577961209135,-3832.4952567465302,28415,41815
1,q2_25..50,261,70043,1246,-0.009858418849344438,0.006426110278148658,3118.6722609244357,-3809.1854923890737,28192,41482
1,q2_25..50,262,69513,1242,-0.009897075707438748,0.006533398960712174,3106.2004890959697,-3794.1759127471605,28004,41161
1,q2_25..50,263,68933,1240,-0.009980678138262943,0.006374247215284722,3086.6510629564364,-3774.649149061325,27753,40800
1,q2_25..50,264,68295,1230,-0.009904569064735507,0.006099520359046803,3070.311066436286,-3746.743610712394,27477,40424
1,q2_25..50,265,67766,1232,-0.009833833853331834,0.006662892006123409,3058.284546530352,-3724.684131435235,27260,40133
1,q2_25..50,266,67180,1235,-0.009811462352785518,0.005684160003120889,3045.226021763412,-3704.36006262354,27016,39793
1,q2_25..50,267,66581,1226,-0.009704838811315982,0.006152343738015732,3033.09666997855,-3679.254542874782,26736,39517
1,q2_25..50,268,66041,1226,-0.009590385776541633,0.006468544115211008,3026.9681681446136,-3660.326835213208,26549,39103
1,q2_25..50,269,65488,1226,-0.009658146373802393,0.006319184460816157,3010.6345821561754,-3643.12727188376,26218,38895
1,q2_25..50,270,64934,1225,-0.009660235949900417,0.005942600696262138,2994.531077807724,-3621.8088389785626,26009,38570
1,q2_25..50,271,64417,1226,-0.009734252382815993,0.006896890648943222,2973.7623933783607,-3600.813729122211,25719,38352
1,q2_25..50,272,63728,1219,-0.009607186375971539,0.005870174679104383,2954.9978973475836,-3567.2446707154963,25474,37885
1,q2_25..50,273,63082,1216,-0.009744471153850527,0.0050310174408958255,2928.53468655719,-3543.235415884378,25181,37548
1,q2_25..50,274,62399,1213,-0.009655773541176863,0.0049585119956465935,2910.7904831891988,-3513.3010963850957,24933,37132
1,q2_25..50,275,61937,1213,-0.009755790019084743,0.004886578035425413,2892.9015410138104,-3497.1459074258632,24741,36877
1,q2_25..50,276,61298,1210,-0.009690888504813028,0.005092682530470688,2874.20516481078,-3468.2372483788145,24481,36497
1,q2_25..50,277,60730,1205,-0.009729840335089106,0.004873049316749496,2856.9703369519407,-3447.863540501907,24254,36164
1,q2_25..50,278,60166,1207,-0.009646850170371991,0.005728176678322029,2846.8334477754993,-3427.2458351260943,23958,35901
1,q2_25..50,279,59626,1210,-0.00972968368362488,0.005403409454917242,2830.372986218141,-3410.5151055379556,23761,35561
1,q2_25..50,280,59036,1200,-0.009659216422136007,0.005444109916206199,2810.477466257997,-3380.7189669552217,23568,35174
1,q2_25..50,281,58363,1197,-0.009610140840087244,0.0055463112773949325,2789.117748563373,-3349.9943984133884,23284,34802
1,q2_25..50,282,57870,1200,-0.00970288528493113,0.005098547518664637,2767.064539766005,-3328.570511204965,23121,34491
1,q2_25..50,283,57180,1196,-0.00969268534491401,0.005821328324279815,2740.481303647037,-3294.709051669225,22840,34047
1,q2_25..50,284,56705,1193,-0.009572662306338476,0.006311931540174809,2732.750815897603,-3275.5686319785336,22634,33783
1,q2_25..50,285,56080,1190,-0.009652038583317878,0.005898453132892555,2709.8451643493295,-3251.131488101787,22356,33420
1,q2_25..50,286,55540,1193,-0.00953861819606832,0.005664025789876199,2699.5435059938045,-3229.3183606034304,22107,33123
1,q2_25..50,287,54891,1186,-0.009591071942998755,0.007351521154381755,2675.740076159836,-3202.203606182975,21849,32748
1,q2_25..50,288,54251,1185,-0.009678277076696646,0.0056605975518226655,2654.813350646127,-3179.869560333987,21589,32369
1,q2_25..50,289,53670,1185,-0.009618711505000065,0.0058263272550980625,2635.1283944282977,-3151.364640901648,21355,32018
1,q2_25..50,290,53055,1181,-0.009625565212521545,0.006406328258250829,2613.093147068672,-3123.7775094189997,21103,31672
1,q2_25..50,291,52531,1180,-0.009485341289874816,0.006872835619489615,2600.1048155635017,-3098.3792788619157,20897,31332
1,q2_25..50,292,51943,1184,-0.009588338515279963,0.006356994825788408,2575.6142367358048,-3073.661304234986,20698,30977
1,q2_25..50,293,51360,1188,-0.009584472793577098,0.006636637738476534,2559.1846779038347,-3051.4432005819576,20487,30635
1,q2_25..50,294,50797,1183,-0.009498544363375005,0.006460551076545372,2540.635641337714,-3023.1331993640824,20231,30327
1,q2_25..50,295,50238,1178,-0.009457539326256448,0.006589769835796925,2523.0686786012443,-2998.1965392737093,19975,30016
1,q2_25..50,296,49628,1179,-0.009623016125500209,0.0080377109147824,2496.7367178542754,-2974.3077621305933,19685,29731
1,q2_25..50,297,49045,1172,-0.0094570133701639,0.008586909327860411,2481.6238342000124,-2945.4430549396884,19434,29359
1,q2_25..50,298,48475,1166,-0.009753911198714698,0.00844056358654711,2449.48889368328,-2922.309739040979,19216,29019
1,q2_25..50,299,47936,1166,-0.009707450883142892,0.0066754419066726274,2429.4815789180907,-2894.8179444524285,18987,28718
1,q2_25..50,300,47391,1168,-0.009906559315839211,0.006571930728546351,2398.670796268534,-2868.1525488054685,18841,28314
1,q2_25..50,301,46782,1164,-0.009759657866563276,0.007799229091523023,2377.8884685620496,-2834.4647828756138,18560,27995
1,q2_25..50,302,46200,1160,-0.00977363265634282,0.007072312214321275,2348.346036701246,-2799.8878654242862,18308,27650
1,q2_25..50,303,45594,1157,-0.00950806835248217,0.007565848397878955,2333.5400277899307,-2767.050896253,18097,27267
1,q2_25..50,304,45177,1156,-0.009308290991807524,0.006740071798882899,2326.3705014890775,-2746.8911636259627,17969,26994
1,q2_25..50,305,44518,1152,-0.009254755535666546,0.006144096133197322,2300.644939507343,-2712.6481464441454,17677,26613
1,q2_25..50,306,43972,1152,-0.008900509688833392,0.006998974609741086,2289.755454568155,-2681.128666605537,17496,26267
1,q2_25..50,307,43445,1152,-0.008898043921335764,0.006659739359925507,2263.9871262681177,-2650.5626444305544,17285,25945
1,q2_25..50,308,42828,1145,-0.008847730516817936,0.007977312661584936,2242.3835444310876,-2621.3141470053624,17003,25595
1,q2_25..50,309,42282,1143,-0.0084865725466599,0.008387251646643883,2232.1810040149962,-2591.010264432867,16825,25248
1,q2_25..50,310,41658,1143,-0.008536084514136942,0.008391278230339437,2211.0791868063698,-2566.6753954962883,16531,24918
1,q2_25..50,311,41096,1139,-0.0087428401212289,0.00695454359851634,2180.6574591968074,-2539.9532168188307,16274,24635
1,q2_25..50,312,40542,1142,-0.008764704741609083,0.008178310601320701,2159.9508229331373,-2515.289482567452,16056,24301
1,q2_25..50,313,39970,1135,-0.009043105126215235,0.005588689639079944,2122.9104575586434,-2484.3633694534687,15854,23941
1,q2_25..50,314,39471,1130,-0.00908649424481928,0.0067333261463863895,2100.9276618587373,-2459.5806761959952,15636,23650
1,q2_25..50,315,38930,1139,-0.009006236280126414,0.007766907571049558,2081.4511174345007,-2432.0638958198256,15432,23307
1,q2_25..50,316,38428,1135,-0.008956913096409749,0.008220081495661774,2061.091102791427,-2405.2873592602646,15251,23002
1,q2_25..50,317,37886,1130,-0.008961894368236169,0.007048721138738007,2041.5534934905281,-2381.083823525515,15007,22715
1,q2_25..50,318,37374,1127,-0.009225565224557124,0.008784817893076379,2014.1296636981808,-2358.9259384007783,14821,22365
1,q2_25..50,319,36803,1123,-0.009667824099952267,0.008399891897127358,1979.0383134571855,-2334.843243807734,14529,22104
1,q2_25..50,320,36295,1117,-0.009454900940913417,0.006963176840302924,1965.267665730939,-2308.433295381388,14366,21761
1,q2_25..50,321,35794,1117,-0.00948213676058957,0.007659223131157015,1944.722343632378,-2284.1259468409116,14153,21468
1,q2_25..50,322,35246,1112,-0.009694872041883181,0.008067184919806595,1917.4327872901517,-2259.1382472783666,13899,21174
1,q2_25..50,323,34727,1111,-0.009987053137177637,0.007155701361745426,1887.3581269913486,-2234.1785212861178,13671,20903
1,q2_25..50,324,34193,1114,-0.009982923680824922,0.00793771393535943,1862.7068784653272,-2204.0529878837715,13449,20599
1,q2_25..50,325,33582,1111,-0.010199535528348824,0.006922986633874196,1828.2344700618737,-2170.755272174886,13223,20201
1,q2_25..50,326,33071,1112,-0.010187106533500743,0.006390706277378972,1804.8688854237068,-2141.7666855931084,12982,19926
1,q2_25..50,327,32528,1102,-0.010269566489648692,0.00614742235778314,1781.3589382546745,-2115.4073970299673,12792,19592
1,q2_25..50,328,31982,1105,-0.010475702186228902,0.00548899154598751,1752.0413162752359,-2087.0752235952073,12565,19254
1,q2_25..50,329,31516,1107,-0.010597361199278846,0.007676666508193361,1725.1369260468414,-2059.1233616033105,12359,19006
1,q2_25..50,330,30997,1104,-0.010983191631717577,0.006074001969361101,1695.9001282420356,-2036.3461192503837,12149,18719
1,q2_25..50,331,30393,1093,-0.01101568650219186,0.00457693667072536,1669.620162773466,-2004.4199226345881,11844,18394
1,q2_25..50,332,29882,1090,-0.011300035703158521,0.00019822185285921088,1643.090732801825,-1980.758399683607,11621,18115
1,q2_25..50,333,29319,1089,-0.01168822609849723,-0.002046858562897991,1610.776228521164,-1953.463329503003,11417,17753
1,q2_25..50,334,28779,1081,-0.01176510819029594,-0.0008397211643670152,1586.5544119923386,-1925.1424606008668,11174,17471
1,q2_25..50,335,28201,1085,-0.012116181800913397,-0.001730559921209146,1553.3418710518515,-1895.0303140194071,10919,17140
1,q2_25..50,336,27631,1078,-0.012188259199773756,-0.0011051847105499404,1526.5371739837412,-1863.3109639326951,10680,16793
1,q2_25..50,337,27113,1080,-0.012014172493910387,-0.0014939283495796906,1510.100600268136,-1835.8408590955248,10459,16521
1,q2_25..50,338,26651,1083,-0.011432310204486394,-0.00023166123197161507,1497.3543750005977,-1802.0368742603657,10307,16242
1,q2_25..50,339,26073,1072,-0.012142872423547252,-0.0011463680508803065,1458.2617696621598,-1774.862882361305,10029,15938
1,q2_25..50,340,25545,1069,-0.01214004869622245,-0.0027194480913708395,1434.1371431597333,-1744.2546871047343,9825,15609
1,q2_25..50,341,24999,1069,-0.012603587486234937,-0.001266263610757923,1397.2030176473606,-1712.2801012157483,9632,15265
1,q2_25..50,342,24508,1067,-0.012326907245738847,-0.0016403340273228198,1374.7737425695525,-1676.881585348119,9400,14990
1,q2_25..50,343,24009,1064,-0.011759086588430346,-0.0010659804393610556,1362.8188877492491,-1645.142797650874,9214,14674
1,q2_25..50,344,23458,1061,-0.012050290463706433,-0.0017749655535870335,1329.4725911576793,-1612.1483048553089,8991,14357
1,q2_25..50,345,22922,1063,-0.011971518435745723,-0.001007029248510018,1308.9094633363004,-1583.3206089204625,8744,14052
1,q2_25..50,346,22399,1056,-0.011803859722758074,-0.000460159235170227,1288.2405489397381,-1552.635202869796,8539,13752
1,q2_25..50,347,21904,1057,-0.012840906392534516,-0.0025164945496267944,1249.1081770731262,-1530.3753906952038,8340,13459
1,q2_25..50,348,21326,1057,-0.012960351032579384,-0.004527051106237043,1222.6770467500576,-1499.0694928708463,8112,13119
1,q2_25..50,349,20810,1048,-0.012734907062948232,-0.0034693069931839298,1200.1362078061675,-1465.1496237861197,7922,12790
1,q2_25..50,350,20311,1048,-0.012915318845891838,-0.005205782428585338,1166.9910493149252,-1429.314090393835,7729,12488
1,q2_25..50,351,19810,1052,-0.012451506053420573,-0.0043427643515262454,1154.6079208097542,-1401.2722557280135,7538,12169
1,q2_25..50,352,19331,1049,-0.012243755666120829,-0.0037923553613103665,1133.954882169453,-1370.6389229512313,7342,11884
1,q2_25..50,353,18798,1046,-0.011702696465231123,-0.002924765523600108,1116.3100817364902,-1336.2973698899027,7165,11550
1,q2_25..50,354,18247,1044,-0.010909244103169811,-0.004655491018097205,1102.9828863947619,-1302.043863545302,6943,11213
1,q2_25..50,355,17815,1044,-0.010767427993989769,-0.003897513816140096,1083.6819954565117,-1275.50372516944,6769,10956
1,q2_25..50,356,17270,1041,-0.010295639778254375,-0.002331603765539215,1058.804675381892,-1236.6103743523465,6600,10599
1,q2_25..50,357,16780,1041,-0.010307438878187624,-0.0040427768692283365,1031.5139805718484,-1204.4728049478392,6376,10327
1,q2_25..50,358,16257,1035,-0.010245093235109286,-0.004136491479018728,1004.634214613415,-1171.1886953365888,6207,9977
1,q2_25..50,359,15746,1036,-0.010309139975032215,-0.0046311042919356385,977.6525344488042,-1139.9802524956608,5998,9673
1,q2_25..50,360,15263,1036,-0.010022941442414827,-0.00481648199166459,955.3519354073102,-1108.3320906428896,5792,9412
1,q2_25..50,361,14732,1035,-0.009330571175480433,-0.004845719681226533,931.3553687009241,-1068.8133432581017,5584,9083
1,q2_25..50,362,14210,1037,-0.010032533120377937,-0.004860635053794277,899.5408968499519,-1042.1031924905196,5375,8775
1,q2_25..50,363,13740,1033,-0.009930765669553018,-0.004729737769284211,876.1313547164818,-1012.5800750161416,5204,8479
1,q2_25..50,364,13258,1035,-0.010024143108985407,-0.004983079226511095,847.9670761458584,-980.8671654847881,5000,8203
1,q2_25..50,365,12713,1033,-0.010448388680304883,-0.00421333384739464,814.011974905645,-946.8423401983607,4818,7847
1,q2_25..50,366,12217,1038,-0.010557494717681996,-0.005972458896386789,786.4478847769949,-915.4287977429159,4629,7533
1,q2_25..50,367,11687,1037,-0.010582516758638872,-0.005231059028997238,758.7395683333841,-882.4174416915954,4406,7235
1,q2_25..50,368,11185,1031,-0.01025291970860158,-0.0057315533203425185,734.0081055693078,-848.6870125100162,4218,6924
1,q2_25..50,369,10653,1024,-0.010345715009400283,-0.0065081505686983765,704.6328783578696,-814.8457803530092,4022,6594
1,q2_25..50,370,10165,1027,-0.009741173465278273,-0.005469921704600271,679.7286474578386,-778.7476757323913,3812,6312
1,q2_25..50,371,9682,1027,-0.009088434613369164,-0.005743935073709459,656.8196300185901,-744.8138539452289,3642,5990
1,q2_25..50,372,9162,1028,-0.00897293514677201,-0.006962339988292944,628.5139195263251,-710.7239513410502,3454,5673
1,q2_25..50,373,8630,1028,-0.009080491202454955,-0.007856585813797,597.7116109974162,-676.0762500746032,3259,5332
1,q2_25..50,374,8071,1021,-0.010425317669590059,-0.005125255246133912,552.3915726828574,-636.5343115941204,3029,5007
1,q2_25..50,375,7535,1016,-0.009939966072008836,-0.005639683404425808,523.517509415427,-598.4151537680145,2849,4657
1,q2_25..50,376,7004,1014,-0.010708037162730739,-0.006636198109474688,486.87446485903627,-561.8735571468036,2623,4356
1,q2_25..50,377,6493,1012,-0.011896526509412617,-0.010247477197668399,448.86395683577473,-526.1081034613904,2425,4045
1,q2_25..50,378,5955,1002,-0.013033184467234582,-0.013195763080534285,409.9191101686209,-487.5317236710018,2209,3725
1,q2_25..50,379,5431,993,-0.0117380956697087,-0.01440005824536194,385.1930664012033,-448.94266398339096,2015,3397
1,q2_25..50,380,4920,988,-0.013284115689363107,-0.01525692766226444,346.4662462827828,-411.8240954744498,1812,3085
1,q2_25..50,381,4408,975,-0.0147296455569742,-0.015244765022265976,310.6596500574163,-375.58792767255864,1620,2774
1,q2_25..50,382,3873,967,-0.015799792885341016,-0.017997054222189404,274.36634310193085,-335.55894094685664,1400,2460
1,q2_25..50,383,3315,944,-0.01686898893260612,-0.02072726163050497,234.4442631806865,-290.36496149227537,1207,2099
1,q2_25..50,384,2770,919,-0.016164148464882563,-0.018489402990503924,198.96567345287764,-243.74036470060236,1008,1750
1,q2_25..50,385,2231,893,-0.014297758003609917,-0.016954568043227754,162.67328599677467,-194.57158410282827,828,1397
1,q2_25..50,386,1655,823,-0.01675846240589837,-0.022252268694636534,119.25329117347125,-146.98854645523295,608,1034
1,q2_25..50,387,1106,718,-0.014962891634212723,-0.013366346039977902,80.36546571657813,-96.91442386401728,413,689
1,q2_25..50,388,533,475,-0.022863846384730734,-0.01882644347201333,35.75674923571284,-47.94317935877426,186,343
2,q3_50..75,0,292250,1920,0.0,0.0,0.0,0.0,0,0
2,q3_50..75,1,266481,1899,-0.00004967679269677818,-0.0006358230191104459,841.4654783451529,-854.7033997397857,117937,120516
2,q3_50..75,2,264262,1894,-0.00013287386504226976,-0.0009337568003918231,1125.171513469781,-1160.2850267935823,119494,123399
2,q3_50..75,3,262606,1893,-0.00020966949354027357,-0.0012463944305265314,1329.1953258168212,-1384.2557928374558,119600,125059
2,q3_50..75,4,261304,1887,-0.00029785352195457624,-0.0017554276540534324,1496.3118281759334,-1574.1421448767594,119529,126025
2,q3_50..75,5,260146,1887,-0.0003653060885338931,-0.0016939118947456625,1648.308134886715,-1743.3410525944523,119623,126258
2,q3_50..75,6,259176,1889,-0.00043595012917622435,-0.002259335254223953,1785.414634644391,-1898.4024453237676,119488,126668
2,q3_50..75,7,258274,1887,-0.0005061144174315273,-0.002077340839623629,1907.0232173761,-2037.7394124238058,119365,126710
2,q3_50..75,8,257191,1884,-0.0005999346530515495,-0.002792677049500925,2008.3573623877135,-2162.6551557406933,118849,126889
2,q3_50..75,9,256226,1883,-0.000695063282699308,-0.0035014675078596214,2104.6517759399826,-2282.7450606128955,118649,126767
2,q3_50..75,10,255378,1878,-0.0008144839323055625,-0.003732809182604339,2191.9386091436136,-2399.939886807948,118177,126702
2,q3_50..75,11,254600,1884,-0.0008551858391024406,-0.0035595397239259713,2282.063755419497,-2499.7940700549652,117830,126745
2,q3_50..75,12,253595,1884,-0.0009054616241652929,-0.003504930983773736,2365.3190213796715,-2594.9395619598654,117281,126568
2,q3_50..75,13,252811,1884,-0.0009652070049691795,-0.0033525961354246244,2444.560184172767,-2688.575132306033,117180,126320
2,q3_50..75,14,251812,1884,-0.0010802074493684447,-0.00438262789621797,2506.383131356195,-2778.392329596562,116704,126120
2,q3_50..75,15,251145,1879,-0.001180154852722512,-0.004402597612131996,2566.6480644089143,-2863.038054895913,116278,126093
2,q3_50..75,16,250065,1881,-0.0012759631620152504,-0.00505626466159311,2625.6367431004496,-2944.710471209794,115854,125857
2,q3_50..75,17,249334,1886,-0.0012867510364720565,-0.004282082871481682,2697.0952318005748,-3017.926014728294,115829,125411
2,q3_50..75,18,248398,1881,-0.001358766156795768,-0.004123398508755534,2755.887137679746,-3093.401933495496,115330,125341
2,q3_50..75,19,247742,1878,-0.0014262226635237394,-0.004080399988864009,2809.3707662447287,-3162.706021351418,115044,125050
2,q3_50..75,20,246644,1871,-0.001484366113663056,-0.004181947967109514,2864.643491500028,-3230.7534872383385,114422,124746
2,q3_50..75,21,245812,1875,-0.0015525217668793043,-0.004527654210589317,2911.576542462387,-3293.205023022507,114130,124517
2,q3_50..75,22,245074,1879,-0.0016123099114954825,-0.0049481812166310285,2964.197821965943,-3359.3330612157793,113865,124230
2,q3_50..75,23,244165,1876,-0.0016754137400569558,-0.004737026930284494,3012.941225290321,-3422.0186211313367,113078,124020
2,q3_50..75,24,243335,1875,-0.0017403125667995697,-0.0044887593867417724,3054.932315232261,-3478.4112736744414,112727,123806
2,q3_50..75,25,242588,1879,-0.0017874230419549326,-0.004520278385959744,3100.970902181623,-3534.5782830833914,112206,123657
2,q3_50..75,26,241780,1877,-0.0018564067005209643,-0.004003102645077131,3144.4099219117174,-3593.2519339636738,111910,123425
2,q3_50..75,27,240999,1874,-0.0019019808408981876,-0.004486702425455632,3190.3916544696126,-3648.767135145231,111446,123216
2,q3_50..75,28,240231,1878,-0.0019552237839791857,-0.004334585502087081,3229.676660546481,-3699.382025395581,111150,122877
2,q3_50..75,29,239362,1869,-0.0020101309773635123,-0.004554220891973574,3270.2363025629575,-3751.385273566646,110706,122531
2,q3_50..75,30,238318,1870,-0.002072854329809751,-0.004712641859534627,3303.623027674859,-3797.621525846453,110082,122323
2,q3_50..75,31,237672,1865,-0.0021113488950089045,-0.004807164324866973,3345.670359137663,-3847.478873712224,109709,122183
2,q3_50..75,32,236723,1867,-0.002205348188405095,-0.005005786156387351,3373.5910097094775,-3895.647648913302,109170,121767
2,q3_50..75,33,235996,1864,-0.002225109114405697,-0.00476807580080587,3413.934625315287,-3939.0514758785753,108628,121656
2,q3_50..75,34,235186,1865,-0.0023193441411616857,-0.004759327466222537,3443.1087821943433,-3988.586053377596,108350,121315
2,q3_50..75,35,234252,1865,-0.0023374967284531616,-0.004607241861966707,3481.284049608969,-4028.8473332425783,107967,120845
2,q3_50..75,36,233298,1863,-0.002384122901469641,-0.00394252480822709,3513.664082066893,-4069.8751867339743,107357,120607
2,q3_50..75,37,232564,1858,-0.002410011037191831,-0.004075643171512094,3546.163453641621,-4106.645260495103,107018,120332
2,q3_50..75,38,231915,1863,-0.0024952631557844983,-0.004649615430092896,3575.3039796952976,-4153.99293446905,106539,120077
2,q3_50..75,39,231051,1865,-0.0025098925564321535,-0.004379731280957155,3607.217004010094,-4187.130189066312,106151,119687
2,q3_50..75,40,230239,1863,-0.002528746238321677,-0.0049112544682077255,3633.954267242683,-4216.170272407621,105731,119237
2,q3_50..75,41,229323,1859,-0.0025639324985730497,-0.0051978847216532,3662.914995424067,-4250.883687794344,105135,119205
2,q3_50..75,42,228572,1861,-0.0025796216133545905,-0.004684643713599,3691.191682283355,-4280.820953691036,104804,118771
2,q3_50..75,43,227594,1857,-0.0026369057666602034,-0.004644082139324931,3714.546153576572,-4314.690084633839,104488,118234
2,q3_50..75,44,226921,1855,-0.00268019262656521,-0.0041936125567042515,3739.7692896353874,-4347.961280648189,104354,117797
2,q3_50..75,45,226045,1858,-0.002680620009509905,-0.004122408108652885,3768.002877351956,-4373.943627401617,103963,117347
2,q3_50..75,46,225177,1855,-0.0027586997987904703,-0.003883077729371972,3789.1097094636702,-4410.305454055921,103618,116960
2,q3_50..75,47,224318,1857,-0.002778341746658431,-0.003977713482572931,3811.572416966665,-4434.8044808936,103223,116491
2,q3_50..75,48,223557,1857,-0.0027565064171906507,-0.004454902779821806,3844.5742657789096,-4460.810570886793,102749,116272
2,q3_50..75,49,222928,1861,-0.0027784575135088355,-0.004227207588164711,3869.8784587032724,-4489.274435274771,102273,116141
2,q3_50..75,50,222068,1861,-0.0027843528638408777,-0.003526327648196131,3904.119409961705,-4522.43508172912,101713,115956
2,q3_50..75,51,221264,1858,-0.0028188597281593184,-0.003732567249401544,3926.1163295541082,-4549.828508445554,101403,115481
2,q3_50..75,52,220524,1858,-0.002808846510024639,-0.003440213333793356,3951.253654545298,-4570.6717223219675,101207,114985
2,q3_50..75,53,219711,1859,-0.002859426590375286,-0.003779624284922475,3968.4370335402396,-4596.684509138191,100649,114902
2,q3_50..75,54,218852,1858,-0.002939589805425588,-0.004289731952696493,3974.5421811807905,-4617.877289277787,100225,114456
2,q3_50..75,55,218022,1858,-0.0029374559622800086,-0.003494360472610287,3992.997234691245,-4633.427258499444,99953,113820
2,q3_50..75,56,217438,1861,-0.002906020837082023,-0.0031434145416611493,4023.0475615977616,-4654.926920371204,99736,113584
2,q3_50..75,57,216569,1859,-0.0029474487578878,-0.003466112043814054,4036.1971015510608,-4674.523131598084,99290,113127
2,q3_50..75,58,215842,1855,-0.0030226641484652613,-0.0038262539217124767,4042.3688747827578,-4694.786749915789,98926,112712
2,q3_50..75,59,215111,1856,-0.0030172224189750777,-0.003548736511026542,4063.579619669153,-4712.617351437288,98631,112444
2,q3_50..75,60,214236,1847,-0.003004523986578246,-0.003752235269197177,4077.647991111016,-4721.325191899599,98153,112058
2,q3_50..75,61,213340,1854,-0.002996806011067719,-0.0027891774011806845,4095.981304548938,-4735.319898950119,97787,111620
2,q3_50..75,62,212557,1855,-0.002968606849407569,-0.003224587620229106,4113.356193500885,-4744.354359590408,97353,111318
2,q3_50..75,63,211880,1851,-0.0030635379026224723,-0.003121057262902065,4119.374350312126,-4768.4767611197785,97013,110902
2,q3_50..75,64,211237,1858,-0.0030503742679308687,-0.0036464186933050534,4139.444265563156,-4783.796174798067,96697,110722
2,q3_50..75,65,210555,1852,-0.0030766333357415427,-0.003839258801734783,4153.099098213012,-4800.8996302200885,96460,110254
2,q3_50..75,66,209720,1852,-0.003057835083796083,-0.0023306255009690785,4178.50135240279,-4819.790526176527,95954,110027
2,q3_50..75,67,208912,1848,-0.0030761555896897095,-0.003090192168683288,4188.694275366165,-4831.340091919418,95650,109659
2,q3_50..75,68,208163,1848,-0.003048476940625575,-0.003412243953124196,4212.6301555734135,-4847.210260964864,95354,109177
2,q3_50..75,69,207384,1850,-0.0029757368456096484,-0.0035880084922959433,4236.341826105219,-4853.462036095135,95091,108703
2,q3_50..75,70,206562,1849,-0.0030133366120935505,-0.003867901741738759,4241.017262979246,-4863.45810024652,94652,108400
2,q3_50..75,71,205729,1847,-0.00303440422212589,-0.003162393497191727,4247.728595606029,-4871.993541819759,94197,108010
2,q3_50..75,72,204905,1848,-0.0030925906956734903,-0.0029688092037258498,4255.435083863832,-4889.122380360805,93733,107722
2,q3_50..75,73,204127,1843,-0.0031042339505117345,-0.0029718996971049016,4267.882701374698,-4901.540664990815,93284,107446
2,q3_50..75,74,203367,1846,-0.0030955607967971498,-0.0031194629251445273,4283.218250143599,-4912.753162705842,92891,107065
2,q3_50..75,75,202693,1841,-0.003113101422870661,-0.0029408723071589703,4298.860639701223,-4929.864506407138,92502,106788
2,q3_50..75,76,202038,1841,-0.003110028429511816,-0.003157953558469945,4316.31783950628,-4944.661763347998,92246,106438
2,q3_50..75,77,201136,1843,-0.003150579557709724,-0.0025636146504469637,4314.67484940245,-4948.369819321964,91902,105913
2,q3_50..75,78,200422,1846,-0.003236172076905074,-0.002704634238492454,4319.4943842140165,-4968.094464211484,91449,105754
2,q3_50..75,79,199552,1845,-0.0032836604801823864,-0.002491122128088089,4319.982452018753,-4975.243468160101,90951,105356
2,q3_50..75,80,198886,1847,-0.003278149008849136,-0.0023495270273396697,4331.85752760802,-4983.835471381989,90650,105018
2,q3_50..75,81,198064,1841,-0.003238538637611793,-0.0028135661017197468,4347.121280197389,-4988.559196917353,90434,104526
2,q3_50..75,82,197248,1848,-0.003305030107481906,-0.0028753703076537184,4352.33298874064,-5004.243567381222,89941,104188
2,q3_50..75,83,196548,1846,-0.003264554414043722,-0.0025780671553165186,4373.593008803398,-5015.234649774868,89570,103870
2,q3_50..75,84,195853,1840,-0.0033367623133438236,-0.0022812957546397544,4373.534106761186,-5027.049016116535,89242,103509
2,q3_50..75,85,195165,1842,-0.003321817097056672,-0.0026422639492908813,4388.811449528069,-5037.113883275132,88985,103190
2,q3_50..75,86,194355,1836,-0.0033208915456794078,-0.00250965416766983,4396.000284677685,-5041.432161038209,88655,102666
2,q3_50..75,87,193621,1836,-0.0033875767172812043,-0.0025173688761737606,4401.587475276108,-5057.493466852834,88340,102323
2,q3_50..75,88,192822,1836,-0.0033196399037900013,-0.0018016429026008537,4418.2137886733035,-5058.313394201895,87872,101998
2,q3_50..75,89,192125,1836,-0.003376089399088801,-0.0014193923362909844,4426.942339792373,-5075.5735155923285,87438,101811
2,q3_50..75,90,191378,1832,-0.003367379155186115,-0.0012228729293094034,4440.1564397875445,-5084.598727748759,87143,101373
2,q3_50..75,91,190630,1829,-0.0033726777761130347,-0.0016399975873333343,4446.011465709003,-5088.94503016943,86662,101093
2,q3_50..75,92,189947,1828,-0.003409912176880243,-0.0025672484307963034,4452.930137558513,-5100.6327258203855,86284,100836
2,q3_50..75,93,189168,1837,-0.003338629423663088,-0.002515805855066715,4470.222942195251,-5101.784793010746,86099,100282
2,q3_50..75,94,188361,1831,-0.0033241264413358665,-0.001872177496741821,4482.066844235082,-5108.202624851567,85525,100088
2,q3_50..75,95,187636,1831,-0.0033350467218077606,-0.0024175908531300426,4491.6681507055055,-5117.442977398638,85113,99812
2,q3_50..75,96,186731,1832,-0.003411141584253785,-0.0026225067375130503,4485.360669663808,-5122.326548833085,84659,99322
2,q3_50..75,97,186157,1829,-0.003450979017688027,-0.002671896786376243,4488.917528560991,-5131.341429556732,84446,99075
2,q3_50..75,98,185141,1829,-0.0034969769765199115,-0.003428998491706674,4487.212314655985,-5134.646129065877,83873,98575
2,q3_50..75,99,184402,1829,-0.003515727008539988,-0.0028669071532798,4488.937311681082,-5137.244403509872,83534,98279
2,q3_50..75,100,183875,1825,-0.003576884497936754,-0.002440024257418824,4490.534567985338,-5148.234205043456,83196,98068
2,q3_50..75,101,183067,1819,-0.0035268341085422715,-0.002341628395771018,4499.115072145557,-5144.762011894059,82967,97571
2,q3_50..75,102,182437,1817,-0.0035635804707547605,-0.002265622155978861,4508.63865902414,-5158.767589367229,82529,97326
2,q3_50..75,103,181750,1830,-0.003636701812329274,-0.0014324223043539414,4505.247764642369,-5166.218319033213,82175,97050
2,q3_50..75,104,180865,1827,-0.003673218893627261,-0.0014073348606652501,4503.475842053643,-5167.832577249549,81698,96632
2,q3_50..75,105,180052,1822,-0.0036934024672863495,-0.002272097103003074,4495.749798505358,-5160.754299545216,81407,96184
2,q3_50..75,106,179331,1819,-0.0037416231529711678,-0.003568641888780072,4490.472155162289,-5161.461176807766,80987,95824
2,q3_50..75,107,178568,1824,-0.0037022319475283625,-0.0029632022569104147,4500.16194503786,-5161.262099444112,80674,95449
2,q3_50..75,108,177787,1820,-0.003699382921803095,-0.0029648674295786135,4505.094529784042,-5162.796721302661,80442,94900
2,q3_50..75,109,177117,1818,-0.0036797550331990193,-0.0022654440170450474,4507.159333673115,-5158.906505888236,80137,94576
2,q3_50..75,110,176123,1815,-0.003718546757981653,-0.002453023778172987,4498.729797039649,-5153.651407695633,79589,94109
2,q3_50..75,111,175546,1817,-0.003773804748737607,-0.001923229446527763,4497.654225784652,-5160.130554206555,79277,93874
2,q3_50..75,112,174518,1813,-0.003799139186726426,-0.0033551793090595573,4486.879932450923,-5149.8981050400525,78795,93373
2,q3_50..75,113,173879,1813,-0.003828913458881812,-0.003249009777579544,4485.646271480022,-5151.413914796936,78422,93078
2,q3_50..75,114,173231,1813,-0.0038126887739421108,-0.003974718003895007,4487.658610276374,-5148.134499275155,78170,92758
2,q3_50..75,115,172474,1826,-0.0039047718267375083,-0.004735344887172339,4474.425185263244,-5147.896801307975,77824,92347
2,q3_50..75,116,171796,1815,-0.003868942074614091,-0.0038436976409842206,4477.311545153178,-5141.980317803574,77465,92080
2,q3_50..75,117,170842,1816,-0.003912727719533434,-0.0031510790043089002,4469.562000769035,-5138.020229829584,76914,91595
2,q3_50..75,118,170198,1812,-0.003899025987215044,-0.003513924368227462,4470.173059721011,-5133.779484693055,76672,91283
2,q3_50..75,119,169293,1807,-0.0039401412710414205,-0.0024467165571879943,4457.994688135499,-5125.033024333917,76192,90858
2,q3_50..75,120,168659,1805,-0.003986309142096403,-0.0020097659497684676,4459.517963755852,-5131.844877352698,75789,90716
2,q3_50..75,121,167904,1808,-0.0040532332325130555,-0.0027574174677154574,4446.765750842793,-5127.319823514683,75260,90431
2,q3_50..75,122,167242,1810,-0.004068017219361584,-0.0025588058755315365,4442.728544546195,-5123.071880346672,75044,90016
2,q3_50..75,123,166595,1807,-0.004091415012608679,-0.002715937338848278,4443.591607194429,-5125.200891219974,74861,89622
2,q3_50..75,124,165778,1811,-0.004124936070670612,-0.003615854053065298,4432.318574140836,-5116.142226064466,74411,89181
2,q3_50..75,125,165124,1807,-0.004133776146505865,-0.0029768374560915417,4438.57122880119,-5121.1568812168225,74204,88868
2,q3_50..75,126,164287,1810,-0.004184703793535015,-0.003353168200556086,4427.100853013423,-5114.593285141916,73664,88574
2,q3_50..75,127,163636,1807,-0.004237205729886777,-0.003035077801163041,4421.194257457641,-5114.553654273399,73294,88329
2,q3_50..75,128,162995,1805,-0.004217200103026744,-0.0028183450201071914,4423.855896108381,-5111.238426901209,73028,87992
2,q3_50..75,129,162207,1798,-0.004285753317521719,-0.003235554615769797,4408.718952132568,-5103.898140507805,72681,87606
2,q3_50..75,130,161456,1802,-0.004261321413089602,-0.0032583587781698097,4402.263545110313,-5090.2794551821125,72368,87178
2,q3_50..75,131,160892,1806,-0.004302253650353694,-0.0032396847048753877,4401.630050186705,-5093.828244499421,72083,86857
2,q3_50..75,132,159938,1793,-0.004342453459250528,-0.003177493988686017,4381.435794924448,-5075.959116290037,71524,86479
2,q3_50..75,133,159280,1800,-0.004337571464230461,-0.0031329619042977275,4388.560870003235,-5079.449252825867,71299,86133
2,q3_50..75,134,158523,1796,-0.004412284429391945,-0.0030930014706502524,4371.793899068305,-5071.242463668817,70941,85693
2,q3_50..75,135,157809,1805,-0.004460541221930524,-0.0033002890135205606,4360.700914706205,-5064.614464397818,70469,85480
2,q3_50..75,136,157226,1791,-0.004480492036428711,-0.0030520514249747486,4355.899564197377,-5060.349405116914,70217,85140
2,q3_50..75,137,156516,1791,-0.004546191571550649,-0.0034841801823301817,4348.307563641619,-5059.859283654418,69900,84754
2,q3_50..75,138,155732,1789,-0.004608269487858965,-0.003733076444209325,4331.217776360704,-5048.872800243956,69406,84418
2,q3_50..75,139,155147,1787,-0.004636216488739034,-0.004279890076025381,4331.1595071250285,-5050.45458670341,69105,84290
2,q3_50..75,140,154346,1786,-0.004591442603274604,-0.004552884707229913,4330.931054983456,-5039.601855028503,68872,83729
2,q3_50..75,141,153551,1787,-0.004591210037289971,-0.003988230960994507,4328.222337598079,-5033.207230033982,68416,83349
2,q3_50..75,142,152968,1782,-0.004547644592510762,-0.002996953407698625,4332.106790182676,-5027.750888209876,68319,82906
2,q3_50..75,143,152160,1783,-0.0045240092912082214,-0.003198222347446046,4327.499896617936,-5015.873150368176,67844,82575
2,q3_50..75,144,151428,1789,-0.004494446980799718,-0.002483845192280497,4324.397783905528,-5004.982901314081,67515,82181
2,q3_50..75,145,150691,1781,-0.004506201617812532,-0.0032821076241675803,4325.231572973985,-5004.275600963783,67141,81807
2,q3_50..75,146,150008,1770,-0.00451968989967251,-0.0024164408782888155,4317.728105682745,-4995.717748152813,66802,81546
2,q3_50..75,147,149234,1771,-0.004542517727726884,-0.003650569851021814,4310.131066106247,-4988.0291566858605,66368,81152
2,q3_50..75,148,148574,1772,-0.004458779158621532,-0.002516516277487329,4319.87155266828,-4982.330207381322,66080,80803
2,q3_50..75,149,147963,1775,-0.004519979780741482,-0.0027341908997566495,4310.3054114113,-4979.095179709162,65753,80523
2,q3_50..75,150,147308,1784,-0.004463583475244028,-0.0024720811725502407,4308.39005548493,-4965.911610056156,65326,80276
2,q3_50..75,151,146799,1764,-0.004414787351118173,-0.0018575365305951083,4312.645538900777,-4960.731907257588,65110,80033
2,q3_50..75,152,146002,1767,-0.004434115665153797,-0.003313304805438842,4307.409434181273,-4954.799189525056,64761,79590
2,q3_50..75,153,145205,1772,-0.004556445731199677,-0.004088568142624557,4284.479883498152,-4946.098585897008,64398,79195
2,q3_50..75,154,144549,1765,-0.0046056112123321735,-0.00367826459826848,4274.730920737447,-4940.467415868841,64066,78836
2,q3_50..75,155,143788,1756,-0.004596660225791869,-0.00397541984984318,4267.081848726058,-4928.026429272209,63734,78455
2,q3_50..75,156,143005,1760,-0.0045141977098626775,-0.004167293729440618,4266.015635123809,-4911.568478622738,63419,77983
2,q3_50..75,157,142377,1769,-0.004509931960781174,-0.004081420064153239,4266.101889395741,-4908.212472175907,63136,77608
2,q3_50..75,158,141553,1765,-0.0045439349176129434,-0.0035483186689792097,4255.01453099278,-4898.222150385662,62744,77282
2,q3_50..75,159,141001,1760,-0.004514206862374875,-0.0041779211482552,4254.235926492568,-4890.743608294289,62398,77017
2,q3_50..75,160,140377,1756,-0.004521547736624068,-0.003889203108538694,4244.77762674009,-4879.498933364168,62093,76690
2,q3_50..75,161,139582,1767,-0.004634428271484928,-0.004049350665047872,4226.032442573726,-4872.915209564123,61647,76310
2,q3_50..75,162,138857,1760,-0.0046336789071879,-0.003973190247581615,4213.955606872272,-4857.374358887643,61395,75887
2,q3_50..75,163,138262,1756,-0.004646448731639457,-0.0038411419574875707,4206.800284469381,-4849.2275790033045,61134,75599
2,q3_50..75,164,137477,1760,-0.004574015168862374,-0.0045263765482919174,4197.910507197896,-4826.732390567582,60713,75150
2,q3_50..75,165,136802,1754,-0.004537155893582709,-0.005046832738586121,4196.053218620692,-4816.745219174608,60521,74678
2,q3_50..75,166,136101,1756,-0.004441182606009298,-0.004494114860043125,4202.153576116642,-4806.602969977105,60224,74333
2,q3_50..75,167,135265,1751,-0.004329064011261209,-0.005495059311739089,4206.154531672417,-4791.725375155668,59823,73848
2,q3_50..75,168,134683,1752,-0.004302998860886713,-0.004894454986445393,4205.282834741398,-4784.823630322194,59531,73635
2,q3_50..75,169,134088,1747,-0.004312761278846607,-0.004552562002759846,4196.522575713536,-4774.81211007152,59360,73209
2,q3_50..75,170,133406,1746,-0.00429987319972356,-0.004701859929328473,4186.52244653783,-4760.151330620152,59099,72817
2,q3_50..75,171,132611,1741,-0.004377820356601102,-0.004548166203504066,4172.542499449879,-4753.089634759112,58630,72442
2,q3_50..75,172,131990,1741,-0.004233447107614549,-0.004678943076341217,4176.969585676924,-4735.74226941096,58354,72104
2,q3_50..75,173,131283,1741,-0.004211119352815381,-0.004389542895796872,4170.680297014069,-4723.528679009731,58061,71728
2,q3_50..75,174,130749,1743,-0.004159538969389662,-0.0037639724760852177,4170.504482780661,-4714.36004348939,57788,71452
2,q3_50..75,175,130020,1731,-0.0040735167809951515,-0.003301649218491635,4173.428247278917,-4703.066899143908,57579,71025
2,q3_50..75,176,129261,1735,-0.00414284910160791,-0.003918911320886214,4155.657916392306,-4691.166734115235,57178,70655
2,q3_50..75,177,128613,1738,-0.004075211424447156,-0.004484438367909232,4154.649498889761,-4678.7746658221795,56821,70373
2,q3_50..75,178,127871,1730,-0.004194452454346293,-0.0037692784337832906,4138.717852000673,-4675.066681790383,56351,70076
2,q3_50..75,179,127144,1730,-0.004179359570015859,-0.004023878820184866,4124.165107160556,-4655.545600330635,55946,69807
2,q3_50..75,180,126449,1733,-0.004100108300469348,-0.003470931919739873,4119.828033041673,-4638.282627527712,55738,69324
2,q3_50..75,181,125850,1726,-0.004106952204855937,-0.003128225034316185,4116.0324365271035,-4632.892371508233,55391,69029
2,q3_50..75,182,125218,1726,-0.004119945843008181,-0.0040536109550389455,4106.132266096487,-4622.0236446662775,55173,68635
2,q3_50..75,183,124483,1726,-0.00417348891397905,-0.003986627665932746,4095.0013129696795,-4614.529733448529,54758,68307
2,q3_50..75,184,123774,1724,-0.0040648434926756774,-0.0036281878338584425,4092.7560382682627,-4595.877976730706,54516,67935
2,q3_50..75,185,122982,1722,-0.004013625609730409,-0.0040937989323922355,4079.1026696239364,-4572.70637435981,54053,67626
2,q3_50..75,186,122386,1728,-0.00403062485418278,-0.0036616027889575103,4069.68185429891,-4562.973907702906,53795,67316
2,q3_50..75,187,121708,1725,-0.004023795334585357,-0.003374625328461721,4059.9559626003,-4549.68404518203,53474,66931
2,q3_50..75,188,121204,1718,-0.0039753121097521995,-0.003365471885997429,4062.72611793409,-4544.549846884497,53236,66690
2,q3_50..75,189,120448,1715,-0.004025073331288963,-0.0038512428547151996,4048.3036946414886,-4533.115727248586,52865,66298
2,q3_50..75,190,119689,1718,-0.003945106742529543,-0.003826330742379554,4043.238841175612,-4515.4247220822235,52531,65867
2,q3_50..75,191,118975,1709,-0.003931997061638531,-0.003814707310487976,4035.0175488493965,-4502.826899257836,52223,65514
2,q3_50..75,192,118408,1709,-0.0039578479968479414,-0.004182541205087532,4029.083274934344,-4497.7241405450995,51971,65215
2,q3_50..75,193,117657,1716,-0.0041043463623432865,-0.004242076363029566,3999.408685264329,-4482.313765218541,51581,64825
2,q3_50..75,194,117130,1716,-0.004075405207435498,-0.0039361523728410385,3998.325498905138,-4475.677710852059,51255,64604
2,q3_50..75,195,116356,1712,-0.004016899602106272,-0.004689578073000445,3987.082269365788,-4454.472639468465,50980,64166
2,q3_50..75,196,115728,1713,-0.0039543634963329225,-0.003356363226018142,3981.7462809682324,-4439.3768596718455,50683,63823
2,q3_50..75,197,115012,1713,-0.004130005234710687,-0.00473141643940157,3962.5107933387985,-4437.510955393357,50241,63497
2,q3_50..75,198,114412,1706,-0.00407521412862312,-0.003875512400354065,3955.2216329689513,-4421.47503185299,49950,63233
2,q3_50..75,199,113725,1708,-0.004143199898160192,-0.004368175020572495,3934.7601050050216,-4405.945513423277,49605,62881
2,q3_50..75,200,113011,1709,-0.0042150993954238975,-0.005136129474412155,3916.4560917601943,-4392.808689536446,49271,62527
2,q3_50..75,201,112405,1703,-0.0041452732643951,-0.00472319158661195,3911.114726942926,-4377.064168227249,48955,62216
2,q3_50..75,202,111685,1693,-0.004156976564787153,-0.004031387676999574,3892.5596850722172,-4356.831612710471,48630,61873
2,q3_50..75,203,110991,1691,-0.004240736979044605,-0.005976653457622964,3877.025167695452,-4347.708805736596,48365,61487
2,q3_50..75,204,110465,1705,-0.004270221907604971,-0.005414151365900841,3867.5743804099343,-4339.284443433513,48092,61192
2,q3_50..75,205,109741,1704,-0.004329617776745337,-0.005125350795863792,3852.204460409341,-4327.341044847147,47809,60775
2,q3_50..75,206,109043,1691,-0.0043310157879818565,-0.005237019418671346,3840.136542488238,-4312.403497057144,47463,60414
2,q3_50..75,207,108291,1682,-0.004233607027673327,-0.004596478191140598,3831.047296151747,-4289.508834785519,47139,60041
2,q3_50..75,208,107729,1684,-0.004212898017739532,-0.00504362536301895,3819.3972014666956,-4273.248492019749,46932,59666
2,q3_50..75,209,107039,1685,-0.004210854819226044,-0.005574861613734304,3805.755768393144,-4256.481457388291,46608,59263
2,q3_50..75,210,106445,1686,-0.004332971536192918,-0.006089957532724282,3787.2915215657113,-4248.514676735768,46271,59053
2,q3_50..75,211,105727,1689,-0.004365348959260272,-0.0051634647114756895,3775.830397262429,-4237.365646678144,45919,58740
2,q3_50..75,212,105030,1678,-0.004324196831925689,-0.005547312213987717,3768.4613520681487,-4222.631745325324,45676,58315
2,q3_50..75,213,104498,1685,-0.004368434355245601,-0.005701725691211736,3757.4687897809636,-4213.961443035414,45494,57971
2,q3_50..75,214,103774,1663,-0.004449812760023084,-0.0071129248505994985,3742.031493524787,-4203.806362883428,45132,57625
2,q3_50..75,215,103168,1678,-0.00440901440802837,-0.007095511620359767,3730.768010549388,-4185.637208996862,45056,57069
2,q3_50..75,216,102399,1674,-0.004290516582825505,-0.006011096378550501,3728.0085478820033,-4167.353155446748,44689,56712
2,q3_50..75,217,101781,1667,-0.004320323498726134,-0.006555320230209753,3717.50291152652,-4157.229757550364,44349,56411
2,q3_50..75,218,101213,1663,-0.004327871718497299,-0.006499365536982798,3709.646248072225,-4147.683128316484,44038,56133
2,q3_50..75,219,100600,1664,-0.004163827402358118,-0.006271422647529599,3707.648555602312,-4126.529592279538,43847,55773
2,q3_50..75,220,99843,1668,-0.004107473656079582,-0.006852669835145423,3696.465712479115,-4106.568204723065,43534,55402
2,q3_50..75,221,99156,1670,-0.0040831293792515004,-0.006393869422007044,3687.1089939832113,-4091.9757707122762,43180,55020
2,q3_50..75,222,98551,1671,-0.00402819813049077,-0.005798626835014342,3681.4266141702433,-4078.4095681282506,42887,54720
2,q3_50..75,223,97839,1660,-0.003976407957360104,-0.005821926122943579,3670.8190042848382,-4059.866782424991,42631,54264
2,q3_50..75,224,97320,1664,-0.003952384074308674,-0.0066397850004535275,3659.931743784042,-4044.5777618957513,42412,53984
2,q3_50..75,225,96590,1668,-0.0038938814558270762,-0.006569574993710182,3647.74465275394,-4023.854662572268,42074,53585
2,q3_50..75,226,95853,1658,-0.003851291715193093,-0.006121276150077167,3638.802460028176,-4007.960324804572,41729,53198
2,q3_50..75,227,95288,1649,-0.0037714916065956197,-0.005137717769705446,3635.7379529620516,-3995.1158451713336,41502,52888
2,q3_50..75,228,94574,1651,-0.0036616894266679415,-0.004599758374782405,3627.826209339082,-3974.12682517677,41154,52480
2,q3_50..75,229,94023,1652,-0.0036532334399972223,-0.004014492787948488,3621.1138997526873,-3964.6018674815346,40856,52238
2,q3_50..75,230,93270,1654,-0.00362512787525441,-0.004157998568018214,3602.933456705253,-3941.0491336302293,40548,51820
2,q3_50..75,231,92649,1648,-0.003692184419266175,-0.0056297387236255644,3586.2887300170773,-3928.36592427767,40294,51450
2,q3_50..75,232,92007,1652,-0.0035478274153011463,-0.005226172092984938,3581.7700173596077,-3908.1949743592245,40042,51079
2,q3_50..75,233,91441,1651,-0.003468899280349695,-0.005224738411207491,3575.2687790359046,-3892.468398130362,39747,50821
2,q3_50..75,234,90788,1653,-0.0034420247294040017,-0.004535362566724645,3563.3980081683267,-3875.8925493014526,39423,50493
2,q3_50..75,235,90127,1648,-0.003400216053370763,-0.004327201486806567,3549.1344744292896,-3855.585746671445,39166,50137
2,q3_50..75,236,89488,1644,-0.003483383078390409,-0.0035501546881148197,3528.8066338980134,-3840.5276188170114,38850,49799
2,q3_50..75,237,88797,1645,-0.003331752611127681,-0.004702464093381462,3523.3589735270075,-3819.208610137321,38602,49403
2,q3_50..75,238,88210,1645,-0.0031749909607168393,-0.004852976015985331,3521.447676001217,-3801.5136286460547,38335,49034
2,q3_50..75,239,87454,1639,-0.0032427135003915697,-0.0043165037994256075,3500.833270688107,-3784.421537151354,37995,48685
2,q3_50..75,240,86828,1638,-0.0031748286362257468,-0.0046724548857071625,3487.3443636889215,-3763.008384515121,37645,48384
2,q3_50..75,241,86251,1643,-0.003258088081691407,-0.0050117296266288195,3464.470479267443,-3745.483834401415,37427,48054
2,q3_50..75,242,85527,1637,-0.0032568492595079473,-0.004615351818950007,3450.7342419123347,-3729.282788530264,37100,47657
2,q3_50..75,243,84761,1634,-0.003260908620319013,-0.0050255995685159855,3431.1547593855917,-3707.552634952459,36707,47282
2,q3_50..75,244,84134,1626,-0.00325478877118806,-0.006852847176507824,3414.4485817353407,-3688.2869802104747,36459,46912
2,q3_50..75,245,83487,1633,-0.0031864691009402812,-0.007088127956545324,3406.0253077877815,-3672.0540536179824,36164,46598
2,q3_50..75,246,82766,1624,-0.0032895619065027625,-0.00760115188624478,3378.745473295333,-3651.0093540489324,35754,46299
2,q3_50..75,247,82222,1617,-0.00336558224328091,-0.006999500656068857,3358.1206761199437,-3634.845579326994,35512,45948
2,q3_50..75,248,81559,1617,-0.003353429819287375,-0.008148364415940187,3345.284271081357,-3618.7866537126106,35176,45697
2,q3_50..75,249,80826,1611,-0.003315293810017804,-0.007522626899869575,3337.138453487628,-3605.1003909761125,34833,45313
2,q3_50..75,250,80243,1617,-0.003212019707936137,-0.007430579843159073,3324.8254363809297,-3582.5675338048572,34630,44894
2,q3_50..75,251,79558,1614,-0.003160513806644199,-0.007563453656770681,3311.7977131316043,-3563.2418705606024,34318,44543
2,q3_50..75,252,79015,1614,-0.003213339161059286,-0.006665172062534411,3296.888118545213,-3550.790112356307,34080,44237
2,q3_50..75,253,78445,1609,-0.0031528490959877773,-0.007139307248983124,3284.2381136831964,-3531.563361017957,33804,43964
2,q3_50..75,254,77776,1613,-0.0031265299741652913,-0.007506642071620947,3264.0470795763817,-3507.2160748470646,33446,43641
2,q3_50..75,255,77205,1610,-0.003187669591008539,-0.008549966871132212,3242.4869592498985,-3488.5909900237084,33131,43358
2,q3_50..75,256,76549,1602,-0.0032555589830997214,-0.008428813966383281,3224.2445833361508,-3473.454367933453,32834,43041
2,q3_50..75,257,75936,1598,-0.003357739552529863,-0.008491250685133915,3200.663776168511,-3455.6370868294084,32576,42687
2,q3_50..75,258,75266,1605,-0.003184431192282305,-0.007425700532589796,3191.386620058908,-3431.0660181772296,32320,42249
2,q3_50..75,259,74622,1600,-0.00307321669605107,-0.008679188621640091,3176.8880122667842,-3406.217588559511,32047,41916
2,q3_50..75,260,73959,1596,-0.0031269485206804376,-0.00792262320672648,3154.939336004775,-3386.2053216457834,31756,41556
2,q3_50..75,261,73298,1578,-0.0031245741719748074,-0.007551000560871855,3140.781924550029,-3369.806962207441,31408,41233
2,q3_50..75,262,72726,1592,-0.0031343836271977166,-0.008223029645113697,3119.1729888295126,-3347.124172501085,31235,40851
2,q3_50..75,263,72104,1587,-0.00322230411247663,-0.00656296228322877,3101.8254502169293,-3334.166465942951,30891,40554
2,q3_50..75,264,71448,1591,-0.0031345948799256147,-0.0065160547669819635,3087.206181484692,-3311.1667164656133,30634,40173
2,q3_50..75,265,70765,1588,-0.0031497981153895743,-0.006560252102502119,3067.3635272997058,-3290.258990935253,30297,39849
2,q3_50..75,266,70132,1578,-0.003352525161155943,-0.006142146782068752,3040.2411854760253,-3275.360480078219,29976,39541
2,q3_50..75,267,69583,1580,-0.003255371180618794,-0.006434018888961151,3027.8176214051114,-3254.3361142661265,29791,39192
2,q3_50..75,268,68956,1574,-0.0034748220132699605,-0.00734322533650814,2998.3022034871938,-3237.9120302342444,29509,38838
2,q3_50..75,269,68194,1571,-0.0034571818597609397,-0.007535388695116888,2979.1495072294797,-3214.9085669740152,29219,38385
2,q3_50..75,270,67669,1567,-0.003643486339591578,-0.00881432128132802,2956.609151048465,-3203.1602281622886,28944,38126
2,q3_50..75,271,66979,1568,-0.00392097832029607,-0.0085092005634122,2924.6879513469303,-3187.311158262045,28623,37768
2,q3_50..75,272,66438,1560,-0.004093804354808795,-0.008204471944288673,2900.55324570808,-3172.537419432872,28368,37436
2,q3_50..75,273,65702,1554,-0.004272479987187892,-0.009927234365068878,2869.440130800018,-3150.150610918237,28066,37090
2,q3_50..75,274,65145,1555,-0.0043411942788525925,-0.010348170163939036,2854.774485436864,-3137.5815867327187,27780,36804
2,q3_50..75,275,64504,1555,-0.004173366163958492,-0.008780933375601497,2841.7954843514954,-3110.994295391474,27498,36451
2,q3_50..75,276,63862,1564,-0.00411524758615662,-0.008930815217930108,2828.758964298068,-3091.566905645194,27202,36127
2,q3_50..75,277,63199,1555,-0.0041088606263206305,-0.008233920652925768,2812.222757919892,-3071.898640642735,26876,35795
2,q3_50..75,278,62725,1544,-0.004286754063353362,-0.008743356060395713,2787.997127955105,-3056.8837765789503,26621,35570
2,q3_50..75,279,62042,1546,-0.004252245387015022,-0.008879758471025552,2764.193464676621,-3028.0112729778134,26411,35142
2,q3_50..75,280,61410,1541,-0.004491056503608964,-0.0089288884836461,2731.366907294876,-3007.162687181501,26024,34877
2,q3_50..75,281,60795,1535,-0.004564329578819099,-0.008267839325521931,2707.8883015449137,-2985.37671828921,25797,34514
2,q3_50..75,282,60150,1527,-0.0045321712651361975,-0.008183676989371568,2685.985579652096,-2958.595681250038,25498,34166
2,q3_50..75,283,59477,1521,-0.004498407669127289,-0.008226227006033735,2669.9407633117085,-2937.492556248388,25226,33760
2,q3_50..75,284,58876,1521,-0.004364381291459566,-0.008104493814008691,2658.874462953213,-2915.831775869187,24944,33439
2,q3_50..75,285,58275,1514,-0.004116571628176034,-0.008090891907145402,2648.3946787811656,-2888.2878904131176,24741,33063
2,q3_50..75,286,57624,1514,-0.0042012745740270425,-0.008183691446407234,2624.8446892271318,-2866.938935280863,24420,32748
2,q3_50..75,287,57085,1514,-0.004131680680091535,-0.008528819152461575,2609.4805130377295,-2845.3375046607607,24220,32386
2,q3_50..75,288,56444,1502,-0.0038483834522449094,-0.006972710202300648,2597.6358332357204,-2814.8539888142336,23979,32015
2,q3_50..75,289,55804,1499,-0.0036378086811054517,-0.007621224518111096,2581.7498542094845,-2784.7541298499004,23691,31675
2,q3_50..75,290,55237,1492,-0.0037963825794186216,-0.009417976396123807,2556.0653748029126,-2765.766159342254,23403,31409
2,q3_50..75,291,54573,1494,-0.003938195392093126,-0.010015684276277047,2530.268439532366,-2745.1875766650646,23104,31025
2,q3_50..75,292,53948,1494,-0.003775668447472169,-0.010182606919909425,2515.4575283219588,-2719.1472897261856,22827,30697
2,q3_50..75,293,53355,1487,-0.003615513581052942,-0.007605011429854299,2497.34217552108,-2690.2479026381616,22588,30348
2,q3_50..75,294,52638,1479,-0.0035240683485067716,-0.008184165349399811,2475.126992518081,-2660.626902246782,22257,29941
2,q3_50..75,295,52174,1476,-0.0037955209103497202,-0.008444331838100668,2446.5838094863952,-2644.6113174629836,22033,29711
2,q3_50..75,296,51550,1471,-0.0037617227413649823,-0.008007667684593734,2421.0385128448443,-2614.9553201622025,21783,29336
2,q3_50..75,297,50920,1472,-0.0037149607434029956,-0.00731777994647133,2398.095228904774,-2587.261029958855,21541,28955
2,q3_50..75,298,50300,1469,-0.003561670220816406,-0.008015968597121939,2381.6664198208523,-2560.818431927916,21297,28607
2,q3_50..75,299,49788,1469,-0.003701878432492301,-0.008148761671346611,2353.274297209278,-2537.5834206062027,21086,28332
2,q3_50..75,300,49077,1472,-0.003267186149967066,-0.008926053616222781,2345.366525997458,-2505.710220679393,20795,27902
2,q3_50..75,301,48509,1466,-0.0032774689722682385,-0.008206018626184907,2320.785910465085,-2479.772652840847,20549,27596
2,q3_50..75,302,47889,1452,-0.002577997113153598,-0.008416658081793933,2331.1684988027923,-2454.6262025546057,20284,27248
2,q3_50..75,303,47378,1457,-0.00272454556904763,-0.008641764378929738,2313.653934340835,-2442.7374543111755,20029,26971
2,q3_50..75,304,46763,1445,-0.0027187413614284672,-0.008883083736582753,2285.6629032654537,-2412.79940554994,19816,26567
2,q3_50..75,305,46103,1446,-0.002383278191481964,-0.009679614213606457,2277.929198885561,-2387.805473347457,19511,26208
2,q3_50..75,306,45564,1443,-0.0023022070426978827,-0.008687192324244933,2258.190261201338,-2363.088022894825,19333,25892
2,q3_50..75,307,44917,1440,-0.0021729205032443542,-0.009550124711214745,2239.413114131261,-2337.014184375488,19035,25556
2,q3_50..75,308,44314,1432,-0.0019669804473440027,-0.009321491159759079,2225.1118688273637,-2312.2766403709707,18757,25191
2,q3_50..75,309,43725,1429,-0.0024289842470463317,-0.009709073865149237,2189.0518920377385,-2295.25922823984,18453,24938
2,q3_50..75,310,43167,1426,-0.00246501495252455,-0.01140407163788376,2160.875293006471,-2267.2825934620964,18224,24607
2,q3_50..75,311,42637,1418,-0.0024554155240199384,-0.009896421207663292,2140.996844452713,-2245.688396150348,17969,24325
2,q3_50..75,312,42059,1421,-0.0022654934078812933,-0.009191979562658542,2126.539024630948,-2221.8234118730297,17769,23976
2,q3_50..75,313,41426,1409,-0.0020481014103503207,-0.009694670162721075,2107.509380420233,-2192.354029445404,17476,23623
2,q3_50..75,314,40896,1397,-0.00209794196244568,-0.00924663205764063,2079.9915913964965,-2165.7890258926755,17293,23296
2,q3_50..75,315,40194,1391,-0.0022172824203814234,-0.00977549933709472,2049.0335639406326,-2138.1550135454377,16983,22915
2,q3_50..75,316,39625,1394,-0.0023025267533585848,-0.009632821962072973,2022.054671298223,-2113.2922939000578,16741,22586
2,q3_50..75,317,38999,1385,-0.002212511266587326,-0.008470102075481356,2000.1245300123223,-2086.4102568979633,16465,22233
2,q3_50..75,318,38419,1382,-0.0024327477315092666,-0.008861361592453598,1970.2453141255976,-2063.7090492224497,16211,21916
2,q3_50..75,319,37783,1378,-0.002616652481447611,-0.009873531205166566,1933.2638115116088,-2032.128792218144,15907,21590
2,q3_50..75,320,37259,1378,-0.002694395148169266,-0.009978851177249493,1909.0445465365772,-2009.4350153622165,15683,21292
2,q3_50..75,321,36620,1372,-0.0028472699233826424,-0.009549450941261934,1878.535447733556,-1982.8024723278284,15415,20933
2,q3_50..75,322,36090,1366,-0.002796969334121111,-0.011160446999831836,1860.0795220071052,-1961.0221452755354,15145,20688
2,q3_50..75,323,35556,1363,-0.0024057104125074324,-0.010635716445470718,1848.5600800837915,-1934.0975195109024,14957,20330
2,q3_50..75,324,35013,1359,-0.0021745163044576583,-0.010356886256964341,1829.8309454402338,-1905.9672848082052,14790,19988
2,q3_50..75,325,34411,1350,-0.0020062683427882807,-0.01013276849736808,1809.5486846260342,-1878.586384569719,14568,19607
2,q3_50..75,326,33792,1339,-0.0016173944082796099,-0.009373492533527662,1793.9931300308356,-1848.6481218754175,14326,19233
2,q3_50..75,327,33239,1336,-0.001424987228962564,-0.009459455866274117,1778.05501333055,-1825.4201638340373,14055,19000
2,q3_50..75,328,32687,1337,-0.0008625213241358576,-0.008913611122390341,1766.1850309837735,-1794.3782655058008,13810,18654
2,q3_50..75,329,32062,1318,-0.0008377684730559851,-0.008571245744523238,1739.918408006313,-1766.7789407894377,13544,18285
2,q3_50..75,330,31446,1313,-0.0006665598248650497,-0.008082336993477829,1713.8621541464418,-1734.822794399147,13287,17962
2,q3_50..75,331,30919,1319,-0.0009867336910444665,-0.010105390758061163,1685.9303090955113,-1716.4391280889158,13038,17680
2,q3_50..75,332,30319,1309,-0.0013680603788320668,-0.01114338550349461,1650.7781542533312,-1692.2563768791376,12705,17401
2,q3_50..75,333,29812,1302,-0.001061548428200528,-0.010484556522715191,1637.1032524364184,-1668.7501341779307,12513,17088
2,q3_50..75,334,29231,1298,-0.0005251061120226707,-0.010609237548724833,1623.8559719795096,-1639.2053487400465,12300,16741
2,q3_50..75,335,28696,1289,-0.0007918471150597452,-0.012868910825985088,1590.8423572505553,-1613.5652020643158,12056,16467
2,q3_50..75,336,28089,1279,-0.0006213035819862705,-0.012965088170941098,1566.9489179838763,-1584.4007142982896,11781,16122
2,q3_50..75,337,27521,1266,-0.0010884661841249958,-0.012905829412180273,1526.5516359203007,-1556.5073137736028,11557,15777
2,q3_50..75,338,26960,1250,-0.0018048576037381578,-0.01402150706166395,1488.4954045404656,-1537.1543655372516,11310,15496
2,q3_50..75,339,26431,1239,-0.0012487870404601787,-0.01254123833584641,1479.204820257108,-1512.2115105235127,11035,15217
2,q3_50..75,340,25909,1236,-0.0013643994155548725,-0.012863070279130424,1454.78900680952,-1490.1392312671283,10837,14916
2,q3_50..75,341,25371,1238,-0.001300467378929167,-0.013754244130873653,1435.7791069355487,-1468.7732648063607,10606,14620
2,q3_50..75,342,24829,1223,-0.001432099409825647,-0.013428215612180352,1408.764048370231,-1444.3216446167944,10367,14309
2,q3_50..75,343,24294,1214,-0.0014428662768774692,-0.015775233992625412,1380.0045442066985,-1415.0575375371614,10151,13959
2,q3_50..75,344,23798,1204,-0.0011635589194326685,-0.01561598609395366,1367.5879346949575,-1395.2783098596167,9896,13751
2,q3_50..75,345,23212,1197,-0.0010584150822616886,-0.016301991468204463,1341.2173626788128,-1365.7852935682715,9640,13424
2,q3_50..75,346,22692,1189,-0.0008194563148423636,-0.015732086683706476,1318.569193073564,-1337.1642957699676,9388,13155
2,q3_50..75,347,22131,1178,-0.000387145319345853,-0.018027515600591352,1296.8455182286393,-1305.4134312910842,9186,12803
2,q3_50..75,348,21602,1162,-0.0006690866167315957,-0.018552266862164345,1262.6730544069212,-1277.1266635015577,8931,12520
2,q3_50..75,349,21059,1153,-0.0011566901653565686,-0.018060571265413147,1227.808298608338,-1252.1670368005823,8677,12238
2,q3_50..75,350,20458,1141,-0.0007143400514177357,-0.018581040695357088,1211.3144922011693,-1225.9284609730732,8450,11865
2,q3_50..75,351,19936,1136,-0.0008494618571806204,-0.018157680149327168,1179.0048080605068,-1195.9396796452627,8231,11563
2,q3_50..75,352,19428,1127,-0.0010977542705921585,-0.01878693350771051,1152.279017968115,-1173.6061879371796,8010,11283
2,q3_50..75,353,18903,1116,-0.0007986899604501385,-0.018754679529748745,1128.1990207558306,-1143.2966570782205,7797,10973
2,q3_50..75,354,18321,1101,-0.0013702447411842495,-0.018894393844214846,1092.610766973674,-1117.7150208769099,7519,10664
2,q3_50..75,355,17821,1084,-0.0008365677584497708,-0.01873258875920575,1073.8772774900738,-1088.7857515134074,7317,10380
2,q3_50..75,356,17301,1073,-0.0005010221032817175,-0.01856118360326586,1054.237053280957,-1062.905236689835,7079,10103
2,q3_50..75,357,16799,1068,-0.0009152958299192476,-0.018623315702150416,1025.6166457274405,-1040.992700374254,6850,9840
2,q3_50..75,358,16347,1056,-0.0012811102602610274,-0.019270536834084556,993.4598809772616,-1014.4021904017485,6643,9584
2,q3_50..75,359,15832,1043,-0.0005961558816004423,-0.01895851701186519,975.4068284020035,-984.8451683195015,6428,9295
2,q3_50..75,360,15342,1041,-0.0006738512319608233,-0.019586685344520325,946.584984078839,-956.9232096795835,6243,8993
2,q3_50..75,361,14811,1046,-0.0003922307482670953,-0.018994247263865022,920.6095557392887,-926.4188853518741,6035,8662
2,q3_50..75,362,14358,1038,-0.0005217806704829902,-0.018355597657792464,893.1603900028967,-900.6521168696919,5860,8384
2,q3_50..75,363,13857,1045,-0.0006421980945051369,-0.01719658580855512,862.0819723320969,-870.980911327654,5684,8066
2,q3_50..75,364,13343,1042,-0.0011577523231363234,-0.019982345526996032,829.6914809503941,-845.1393701980023,5450,7799
2,q3_50..75,365,12864,1036,-0.0009375955181515622,-0.018728745469118995,804.0971891599307,-816.1584179054325,5268,7500
2,q3_50..75,366,12362,1041,-0.0009324543341029592,-0.017686208117023074,775.0949705603308,-786.621971038512,5083,7182
2,q3_50..75,367,11829,1039,-0.0009590115597383338,-0.01693844596208322,743.1509566744274,-754.4951044145719,4878,6855
2,q3_50..75,368,11324,1029,-0.0013785442161982884,-0.016387783625151878,709.4356963475959,-725.0463310518248,4651,6587
2,q3_50..75,369,10833,1031,-0.0016548734933866229,-0.019207795955634148,680.3520995139165,-698.2793440677744,4438,6294
2,q3_50..75,370,10271,1033,-0.0015504508945416303,-0.018996402000309182,647.3491262838083,-663.2738074216466,4201,5978
2,q3_50..75,371,9769,1029,-0.002504226039515469,-0.017416543059543526,607.3588737014982,-631.8226578815242,3999,5685
2,q3_50..75,372,9310,1029,-0.0031607496562244142,-0.017581519846892348,578.9567341995945,-608.3833134990432,3795,5437
2,q3_50..75,373,8830,1030,-0.0039687362533023015,-0.01557927153321683,545.330117392233,-580.3740585088929,3549,5199
2,q3_50..75,374,8304,1024,-0.0036811015182540065,-0.01488041064907877,520.7515326867606,-551.3193996943414,3341,4888
2,q3_50..75,375,7819,1029,-0.0054280395072367135,-0.016848894009628964,484.98286671922875,-527.4247076263134,3137,4597
2,q3_50..75,376,7314,1033,-0.005745397653474652,-0.018247474444976326,457.1925068325556,-499.21434527006863,2930,4317
2,q3_50..75,377,6786,1025,-0.005344197096652632,-0.015347668364611452,429.57894758083546,-465.8446690787199,2724,3987
2,q3_50..75,378,6300,1025,-0.005580970348161995,-0.01418534040262626,401.79949998529247,-436.959613178713,2519,3723
2,q3_50..75,379,5805,1022,-0.0084806911852973,-0.01767932834298925,355.62088384612736,-404.85129617677904,2309,3438
2,q3_50..75,380,5278,1017,-0.008830683600416722,-0.018227456002660337,326.83636259216166,-373.44471063516136,2098,3127
2,q3_50..75,381,4737,1006,-0.009370172371599195,-0.018281612130026624,293.1192760896112,-337.50578261387693,1861,2827
2,q3_50..75,382,4237,1005,-0.01144440903833489,-0.021741398560078524,256.1404196947194,-304.630380790145,1644,2548
2,q3_50..75,383,3718,986,-0.012766385744959616,-0.01909731297356273,223.563409114029,-271.028831313789,1449,2236
2,q3_50..75,384,3192,971,-0.015850234158422627,-0.017445312569551917,184.43581936051868,-235.02976679420408,1242,1921
2,q3_50..75,385,2591,946,-0.021997476983044977,-0.023459612545189006,141.66837736465092,-198.66384022772036,972,1607
2,q3_50..75,386,2004,906,-0.02654260421594415,-0.028276103842295345,106.70046828961563,-159.8918471383676,719,1270
2,q3_50..75,387,1399,827,-0.03273021056265176,-0.03576628214646168,69.08506996308519,-114.87463454023519,496,895
2,q3_50..75,388,740,613,-0.029862597764779546,-0.02990039149822306,37.13775485947894,-59.23607720541576,252,482
3,q4_75..100,0,1040467,2128,0.0,0.0,0.0,0.0,0,0
3,q4_75..100,1,970602,2128,-0.00007086656278858469,-0.003249290446982776,4393.250404747576,-4462.033632323321,442694,459417
3,q4_75..100,2,961930,2125,-0.0001758056209281981,-0.005122015309921898,5918.59967751334,-6087.712378452806,443911,469372
3,q4_75..100,3,955192,2124,-0.0003041536307098099,-0.006432062701035538,7009.282214846626,-7299.80732967158,442784,473230
3,q4_75..100,4,950064,2122,-0.00042480884270541103,-0.007667882475904652,7908.711189493311,-8312.306777829377,440450,475614
3,q4_75..100,5,947197,2124,-0.0005487691542868326,-0.0088421617732172,8746.561646426808,-9266.35414305987,438982,478228
3,q4_75..100,6,944331,2126,-0.0006364424731704163,-0.010606829888783741,9538.837815587432,-10139.850172718934,438443,479087
3,q4_75..100,7,940911,2126,-0.0007238584567513385,-0.011930288128001025,10217.625436145197,-10898.711820545535,436550,479519
3,q4_75..100,8,937600,2126,-0.0008251102473930232,-0.013069835212994301,10820.60359504197,-11594.226962997616,434640,479899
3,q4_75..100,9,934094,2125,-0.00091547934237323,-0.013849287717710169,11378.363167962045,-12233.506928796813,432625,479765
3,q4_75..100,10,931437,2127,-0.0010050634725293978,-0.01540195768601696,11930.447369533835,-12866.600675196156,431155,479614
3,q4_75..100,11,928907,2125,-0.0010745672521472141,-0.016474538689690368,12470.746414314552,-13468.919456804835,429903,479691
3,q4_75..100,12,925963,2126,-0.0011429048869735284,-0.01725695411596493,12940.492054087219,-13998.77969194388,428007,479439
3,q4_75..100,13,922865,2126,-0.0012228527247281312,-0.017827436040119826,13373.977558234676,-14502.50553804091,426331,478761
3,q4_75..100,14,919990,2126,-0.001303336302333879,-0.01860644727508118,13775.645370594599,-14974.701735378678,424820,478066
3,q4_75..100,15,917257,2127,-0.0013936643330600214,-0.019604181397903694,14166.672617242415,-15445.020982391967,423095,477736
3,q4_75..100,16,914342,2127,-0.0014722165132344427,-0.020233394950315745,14561.023145581665,-15907.132536725487,421026,477519
3,q4_75..100,17,911573,2126,-0.0015530351302734488,-0.020945314706888304,14918.198920606928,-16333.903813415727,418964,477066
3,q4_75..100,18,908982,2126,-0.0016277512027478424,-0.02149520713909234,15259.574872365794,-16739.17141614204,417734,476427
3,q4_75..100,19,905813,2126,-0.0017091788075049292,-0.022034362366328667,15582.863382785567,-17131.059765948015,415660,475871
3,q4_75..100,20,903166,2125,-0.0018028035663790118,-0.022842936987713027,15895.077455903282,-17523.3083417356,413908,475174
3,q4_75..100,21,900781,2125,-0.0018710274644732617,-0.023685234251502717,16222.143061520335,-17907.529051995953,412540,474506
3,q4_75..100,22,897823,2126,-0.0019498204514510789,-0.024154533490855785,16507.890985375005,-18258.484632558102,410500,473992
3,q4_75..100,23,895100,2126,-0.002026692203802344,-0.024490644196221198,16762.285690317578,-18576.377881941116,409270,473022
3,q4_75..100,24,892213,2123,-0.002093005004180573,-0.02476632894876541,17020.93832954268,-18888.344603337613,407140,472281
3,q4_75..100,25,889482,2124,-0.0021593402623626733,-0.025559985381091718,17281.42842113369,-19202.122716380676,405656,471640
3,q4_75..100,26,886727,2125,-0.0022290186264204617,-0.026238518996177903,17541.63933711278,-19518.17033666268,404032,470690
3,q4_75..100,27,884265,2124,-0.002304241517556299,-0.026740610828650344,17787.141071339473,-19824.70119686132,402542,469956
3,q4_75..100,28,881547,2124,-0.0023641553121259086,-0.027161667463079332,18023.01479265746,-20107.128815596185,400688,469249
3,q4_75..100,29,878745,2123,-0.002443634232448377,-0.027385485826533145,18230.86916849487,-20378.200532087692,399216,468031
3,q4_75..100,30,876068,2124,-0.002522343208949542,-0.02787699504046486,18432.997134796053,-20642.74130517398,397705,467253
3,q4_75..100,31,873421,2125,-0.0025829383447628505,-0.02821985491581955,18650.78380083514,-20906.776392856198,395769,466685
3,q4_75..100,32,870572,2125,-0.0026416746576268606,-0.0291876452209762,18870.93012024118,-21170.698110280762,394209,465522
3,q4_75..100,33,867898,2124,-0.0026887622224285607,-0.02945915099581565,19083.775514506084,-21417.34686982738,392837,464452
3,q4_75..100,34,865228,2123,-0.0027400476345004698,-0.029980263634814753,19281.423342851784,-21652.18927755531,391107,463445
3,q4_75..100,35,862614,2125,-0.0027981181954683716,-0.030644015624866357,19469.79527928004,-21883.491208345797,389959,462402
3,q4_75..100,36,860069,2122,-0.0028563686566850884,-0.030808831595448814,19656.503569781726,-22113.17770396823,388678,461352
3,q4_75..100,37,857618,2124,-0.0029316886378716015,-0.0313827767263657,19834.49071987237,-22348.759666106453,387355,460444
3,q4_75..100,38,854935,2124,-0.0029897789698121627,-0.0313953382317394,20011.68334425349,-22567.75002780991,385438,459724
3,q4_75..100,39,852264,2124,-0.0030670716469222716,-0.03187876223704644,20175.69595476358,-22789.650704856092,383822,458929
3,q4_75..100,40,849732,2126,-0.0031288539408074827,-0.03201966571013633,20344.785227683402,-23003.472544513636,382627,457612
3,q4_75..100,41,846928,2125,-0.003194754928083498,-0.03223604622645429,20496.993754353956,-23202.721156085816,380942,456576
3,q4_75..100,42,844487,2126,-0.0032399200092466263,-0.032316148557262635,20657.899763133184,-23393.970091981744,379675,455585
3,q4_75..100,43,841790,2125,-0.0033033990485781773,-0.03269750019255514,20804.740396629986,-23585.5086817327,378300,454595
3,q4_75..100,44,839041,2124,-0.0033506073041053666,-0.03300234839381883,20951.705581002174,-23763.002484046054,376717,453422
3,q4_75..100,45,836704,2123,-0.0034118130024407265,-0.03327269671336176,21093.64662662756,-23948.32421302169,375300,452508
3,q4_75..100,46,833906,2124,-0.003479020994750486,-0.03351363552510946,21222.753214868804,-24123.9296965172,373553,451558
3,q4_75..100,47,831324,2125,-0.0035230836422316275,-0.033978119348139435,21359.45646468692,-24288.280450481543,372468,450164
3,q4_75..100,48,828616,2124,-0.0035921710510919353,-0.034287110529308495,21481.18501041671,-24457.715418088377,370835,449361
3,q4_75..100,49,826065,2124,-0.003663950523204585,-0.03466870896120635,21592.919052009864,-24619.5803409609,369014,448748
3,q4_75..100,50,823362,2126,-0.0037281343385663817,-0.034708179991023685,21706.469163875052,-24776.073309145624,367430,447748
3,q4_75..100,51,820794,2123,-0.0037998911383612683,-0.03521573123001913,21813.034163125925,-24931.962010146097,366270,446565
3,q4_75..100,52,818210,2124,-0.003833288288524745,-0.035330124048266735,21935.927929721624,-25072.362740275476,364811,445447
3,q4_75..100,53,815762,2123,-0.0038659425587319997,-0.03556759688225421,22059.234737657516,-25212.92377125374,363696,444170
3,q4_75..100,54,813030,2125,-0.0038855083552852324,-0.035901547940980494,22188.10937083676,-25347.14422893436,361930,443193
3,q4_75..100,55,810558,2124,-0.003915301568432575,-0.03596489733050389,22302.456945158796,-25476.035953864368,360836,441915
3,q4_75..100,56,807833,2124,-0.003987048095797732,-0.03604435295873951,22387.90274682086,-25608.7717711935,359402,440761
3,q4_75..100,57,805272,2123,-0.004044594150674514,-0.036088587843062715,22474.68298507011,-25731.68140597215,358093,439585
3,q4_75..100,58,802758,2123,-0.0040905664001526605,-0.03662321399549856,22569.9788191543,-25853.713721408036,356726,438559
3,q4_75..100,59,800119,2123,-0.00414453805045097,-0.0367142451972744,22661.339034416826,-25977.462674805545,355402,437302
3,q4_75..100,60,797626,2122,-0.004186772367709654,-0.03727300320101337,22763.635705758585,-26103.11420232528,354266,435992
3,q4_75..100,61,794931,2121,-0.004230225513809968,-0.03737008639320099,22858.957289505783,-26221.69468742415,352923,434704
3,q4_75..100,62,792272,2123,-0.004285213506327059,-0.03757330896579611,22942.144265450857,-26337.198940535734,351401,433715
3,q4_75..100,63,789884,2123,-0.004314166420786056,-0.03776061603049141,23045.241430667764,-26452.93245978389,350087,432672
3,q4_75..100,64,787177,2121,-0.004353014087485349,-0.03795605967989279,23144.46636342498,-26571.05893376938,348462,431510
3,q4_75..100,65,784796,2119,-0.00438567974487455,-0.038051897892064555,23248.876053182972,-26690.739974241606,347223,430409
3,q4_75..100,66,782155,2120,-0.00442875309333262,-0.03811739168150077,23341.96493593415,-26805.936311649748,346209,428980
3,q4_75..100,67,779469,2119,-0.004486025702676071,-0.03833594977286496,23422.815645229097,-26919.533613668336,344447,428001
3,q4_75..100,68,776939,2122,-0.0045303137469283605,-0.03851640259424646,23495.836540065022,-27015.613972289782,343454,426802
3,q4_75..100,69,774314,2121,-0.004606499011584012,-0.03867409145490707,23542.77606933643,-27109.65274499194,342068,425597
3,q4_75..100,70,771809,2121,-0.004635543812137455,-0.03890397541892984,23619.86996553633,-27197.624399638324,340781,424396
3,q4_75..100,71,769372,2121,-0.004676789907136969,-0.03878116833784681,23702.444229791447,-27300.635434225234,339557,423238
3,q4_75..100,72,766824,2120,-0.0047407148692060076,-0.039066339532572464,23773.965927214747,-27409.259866078773,338416,421910
3,q4_75..100,73,764283,2120,-0.004770378695427572,-0.03893924147196668,23849.313660033873,-27495.23300051132,337164,420648
3,q4_75..100,74,761858,2123,-0.0048125808657184166,-0.03911014877046723,23921.58601862821,-27588.089251822697,336107,419532
3,q4_75..100,75,759327,2123,-0.004827903713671891,-0.039065433020574185,24000.93800881412,-27666.89565200551,334571,418506
3,q4_75..100,76,756742,2122,-0.004871859201120125,-0.039516923279954506,24066.152100400024,-27752.89257597404,333268,417260
3,q4_75..100,77,754311,2121,-0.004932664014072975,-0.039779484431304774,24115.537599601073,-27836.30032472051,332190,415953
3,q4_75..100,78,751655,2121,-0.004935210729888401,-0.03987489647513606,24204.390430578398,-27913.966251752572,330974,414572
3,q4_75..100,79,749199,2121,-0.004965874789405478,-0.03987732891368567,24280.241987523408,-28000.67041387121,329714,413585
3,q4_75..100,80,746625,2120,-0.0050143485943061564,-0.03985591890234565,24321.480401315977,-28065.318420539792,328632,412156
3,q4_75..100,81,744310,2123,-0.005034101613055877,-0.040114558030115356,24388.66432597794,-28135.596497591545,327412,411127
3,q4_75..100,82,741654,2121,-0.005075896960542538,-0.04009957239282657,24444.875797123288,-28209.435081497537,325975,409859
3,q4_75..100,83,739107,2123,-0.005125893526699631,-0.04025966073635262,24488.656000594812,-28277.239787433224,325001,408358
3,q4_75..100,84,736703,2118,-0.005169553392727689,-0.040939389424814426,24552.683708577144,-28361.109201659834,323933,407150
3,q4_75..100,85,734289,2121,-0.005156392197755261,-0.04078870352042596,24627.254204646124,-28413.53627514368,322690,405957
3,q4_75..100,86,731470,2121,-0.005192932101980446,-0.04106726764232682,24664.27461600159,-28462.74866063721,321173,404804
3,q4_75..100,87,729164,2121,-0.005238008899714478,-0.04137891128377461,24692.212104342325,-28511.579625693797,320118,403577
3,q4_75..100,88,726571,2119,-0.005275500351716787,-0.041452126245810676,24725.022423096765,-28558.04798914399,318641,402457
3,q4_75..100,89,724071,2121,-0.005305118002930841,-0.041435932686776505,24759.95161042347,-28601.23370792351,317495,401206
3,q4_75..100,90,721662,2123,-0.0053324765703596936,-0.04138465903338092,24809.546607489214,-28657.79231420829,316350,400034
3,q4_75..100,91,719047,2122,-0.005374393372771803,-0.04133748773030102,24843.216274815415,-28707.657706326885,315022,398707
3,q4_75..100,92,716726,2118,-0.005417595656792091,-0.041785325548662725,24876.664551846796,-28759.59621655678,313907,397505
3,q4_75..100,93,714211,2120,-0.005494038151621948,-0.04167795505579358,24888.334421634187,-28812.236903942285,312544,396529
3,q4_75..100,94,711661,2119,-0.0055953966262845,-0.041784527675566445,24893.32404749691,-28875.349605955194,311179,395334
3,q4_75..100,95,709123,2119,-0.005647008906008103,-0.04218018578482476,24911.076666319183,-28915.500562774265,309773,394286
3,q4_75..100,96,706539,2124,-0.005664078967306533,-0.04222340554685863,24949.084085474802,-28950.976774956573,308356,392936
3,q4_75..100,97,703993,2122,-0.0056596605971854196,-0.042006191013152526,25003.57357162369,-28987.935014418,307258,391662
3,q4_75..100,98,701671,2120,-0.005660542972823679,-0.04244866937591011,25057.575733632322,-29029.41458191642,305929,390642
3,q4_75..100,99,699034,2121,-0.005717947552435788,-0.042090653594246526,25074.509089482683,-29071.548838852086,304670,389405
3,q4_75..100,100,696669,2119,-0.005763388800586489,-0.04257429360768088,25111.68277310218,-29126.857085417945,303333,388363
3,q4_75..100,101,694153,2121,-0.005820707066224308,-0.0424944314540237,25126.899803152475,-29167.3610752933,302009,387253
3,q4_75..100,102,691586,2117,-0.005858296087288612,-0.04266901602145385,25135.514249845997,-29187.02980766957,300584,386043
3,q4_75..100,103,689022,2120,-0.005934694593393523,-0.04259943563020114,25139.140797196593,-29228.27593532572,299257,384746
3,q4_75..100,104,686759,2120,-0.005950307548123827,-0.042505392195592524,25171.283186355504,-29257.710447797534,298162,383812
3,q4_75..100,105,684210,2122,-0.006013014250181017,-0.043003138447229305,25179.863974705422,-29294.02845482181,296726,382669
3,q4_75..100,106,681721,2123,-0.00603159673086465,-0.042969975488306146,25207.359492448257,-29319.225647410076,295542,381376
3,q4_75..100,107,679129,2124,-0.006067994155362979,-0.04335747075311745,25224.6104260037,-29345.561228741142,294453,380081
3,q4_75..100,108,676918,2124,-0.006095636263763738,-0.04353714042033707,25240.960151174044,-29367.206059568467,293296,378982
3,q4_75..100,109,674246,2122,-0.006121781341160493,-0.04354403774591781,25257.378722789144,-29384.965304941234,292037,377623
3,q4_75..100,110,671961,2122,-0.006155838960119365,-0.04336141270361612,25265.87640825025,-29402.360111731014,290707,376653
3,q4_75..100,111,669378,2122,-0.006220381549600814,-0.04328544736709651,25265.618704763907,-29429.405265672714,289208,375727
3,q4_75..100,112,666947,2121,-0.006251470736927304,-0.04332679628604267,25284.700525367083,-29454.100178948614,287824,374647
3,q4_75..100,113,664501,2118,-0.006278210819032297,-0.043751025345909,25301.162457108276,-29473.039824566105,286602,373498
3,q4_75..100,114,662081,2121,-0.0062835478855076555,-0.043904494225333,25327.902722911593,-29488.120390496406,285142,372577
3,q4_75..100,115,659449,2120,-0.006323095452109813,-0.043942408937159456,25329.085907043886,-29498.844879842218,284016,371096
3,q4_75..100,116,657158,2121,-0.006342550302384072,-0.04356097049482027,25347.52190331474,-29515.57957492879,282630,370293
3,q4_75..100,117,654623,2119,-0.0063831197205244114,-0.04387007715962122,25351.70379150038,-29530.24077230926,281251,369045
3,q4_75..100,118,652061,2121,-0.00644008341039471,-0.043869134559054855,25343.402232217082,-29542.72946088254,279915,368001
3,q4_75..100,119,649710,2121,-0.006509413267525756,-0.04393487989298852,25328.707105427242,-29557.937999471273,278635,366832
3,q4_75..100,120,647078,2118,-0.0064781329314934155,-0.04361749194183375,25349.42191721605,-29541.279218260977,277388,365504
3,q4_75..100,121,644543,2122,-0.00652017372865932,-0.04368245407577355,25336.959984617813,-29539.49232020903,276171,364181
3,q4_75..100,122,642224,2120,-0.006534393419151334,-0.04397318044764864,25352.02561903787,-29548.56989825884,275010,362973
3,q4_75..100,123,639539,2121,-0.006534717936739466,-0.04398329625757342,25358.028123662018,-29537.23509820638,273800,361540
3,q4_75..100,124,637098,2120,-0.006598107819225267,-0.04375881688981111,25344.524595082767,-29548.165890495617,272792,360168
3,q4_75..100,125,634686,2120,-0.006621774385223485,-0.04475595211786307,25352.805238793386,-29555.55273625333,271636,359051
3,q4_75..100,126,632345,2120,-0.006638496090087641,-0.04425245275884089,25357.906189223842,-29555.725999310314,270500,357870
3,q4_75..100,127,629810,2118,-0.006612830842235567,-0.043830556639461546,25375.11343567973,-29539.940428428203,269450,356359
3,q4_75..100,128,627182,2120,-0.006603683341423504,-0.04422191565717621,25388.87527501227,-29530.586600453098,268091,355044
3,q4_75..100,129,624838,2122,-0.0066239570192910486,-0.04429652892942522,25383.54817206155,-29522.44822808129,266895,353982
3,q4_75..100,130,622324,2118,-0.006647941015462261,-0.04398830473686356,25384.254055320158,-29521.4272998266,265639,352827
3,q4_75..100,131,619705,2120,-0.006721181999261671,-0.04446153719571289,25356.901245116405,-29522.051335968823,264187,351673
3,q4_75..100,132,617336,2120,-0.006714293667136325,-0.043925234804396765,25369.976850205087,-29514.952045500337,263237,350326
3,q4_75..100,133,614739,2121,-0.006707045240543213,-0.043586509152145514,25375.670190494006,-29498.75247462027,261792,349117
3,q4_75..100,134,612497,2119,-0.006693936135579425,-0.04379912924648661,25397.235085650453,-29497.250886884514,260873,347911
3,q4_75..100,135,609988,2121,-0.006655686686347558,-0.04370347324691561,25423.93903161455,-29483.828042046323,259915,346367
3,q4_75..100,136,607467,2122,-0.006656214189145181,-0.043544031531661906,25417.745460828646,-29461.175925666055,258805,344983
3,q4_75..100,137,604905,2120,-0.006718680001117401,-0.044176600766737815,25390.02933820729,-29454.19246428314,257558,343644
3,q4_75..100,138,602505,2121,-0.006744172636369353,-0.04392024113798619,25384.392727410202,-29447.790461686054,256432,342410
3,q4_75..100,139,600004,2122,-0.006758924066729402,-0.04410920663663888,25380.857375123556,-29436.23885085752,255241,341040
3,q4_75..100,140,597550,2120,-0.006806103510847565,-0.04408480250735733,25363.475431841183,-29430.46258474823,254080,339776
3,q4_75..100,141,595208,2118,-0.006836417299966402,-0.04418287961852794,25351.07165728521,-29420.16192556367,253157,338425
3,q4_75..100,142,592507,2122,-0.0068877136850826115,-0.0445871388177015,25315.617956754257,-29396.636529161515,251903,336979
3,q4_75..100,143,590043,2119,-0.006932124481927645,-0.044339531027239885,25280.64756428574,-29370.899089975817,250785,335693
3,q4_75..100,144,587477,2117,-0.006966240559052403,-0.044256061863552396,25266.81431793099,-29359.320422841443,249432,334507
3,q4_75..100,145,585125,2122,-0.006976162931259782,-0.04492378811359056,25248.558985682892,-29330.486320836237,248404,333249
3,q4_75..100,146,582576,2119,-0.006983875402111191,-0.04424032520906568,25227.375114803897,-29296.013311064286,247195,331907
3,q4_75..100,147,580255,2118,-0.00699311069524913,-0.045072980865312605,25221.907673243615,-29279.695119715463,246030,330861
3,q4_75..100,148,577479,2115,-0.007029618844140367,-0.04435386315425454,25178.975626845015,-29238.43288734023,244832,329253
3,q4_75..100,149,575086,2121,-0.00707742913911332,-0.0439704950252867,25149.359969981902,-29219.490383878037,243522,328199
3,q4_75..100,150,572593,2119,-0.007117599076320354,-0.04432696824367384,25119.626338032904,-29195.113745940358,242173,327014
3,q4_75..100,151,570125,2121,-0.0071444568654114755,-0.04451936889391847,25096.981639353584,-29170.215109746314,240966,325880
3,q4_75..100,152,567619,2116,-0.007100251592636734,-0.044181983601581105,25099.50389776435,-29129.741606525233,239721,324636
3,q4_75..100,153,565085,2116,-0.007090414388858313,-0.0445567115136283,25080.812766893272,-29087.499581821354,238592,323201
3,q4_75..100,154,562616,2117,-0.00709714405677458,-0.04415081351955878,25060.154379657874,-29053.121180304206,237402,321924
3,q4_75..100,155,560126,2122,-0.007147526771858873,-0.04422205829968106,25007.63538372215,-29011.150964336353,236368,320603
3,q4_75..100,156,557752,2119,-0.007224672632235792,-0.044488284645694404,24955.796123580763,-28985.371733555436,235279,319210
3,q4_75..100,157,555369,2120,-0.007245253107742499,-0.044894687383007684,24928.25944999347,-28952.048423187327,234187,318104
3,q4_75..100,158,552644,2119,-0.007274180559423341,-0.044253062283292045,24892.415032803263,-28912.447273885282,232848,316800
3,q4_75..100,159,550009,2119,-0.007314186067212872,-0.04406720028034003,24849.258643453097,-28872.126808094814,231600,315404
3,q4_75..100,160,547473,2115,-0.007319172379487392,-0.04393412483027984,24830.687538964612,-28837.736799079725,230445,314009
3,q4_75..100,161,545101,2117,-0.007287130073118759,-0.04415777284321019,24816.442671721186,-28788.664561708185,229467,312557
3,q4_75..100,162,542590,2119,-0.007281156506472925,-0.04390783039919209,24805.691129367242,-28756.373838214527,228262,311395
3,q4_75..100,163,540048,2120,-0.0073085731476089525,-0.04486543008184341,24761.273431936006,-28708.253743155856,227223,309881
3,q4_75..100,164,537738,2120,-0.007350221328039268,-0.04450134342098301,24737.720123109088,-28690.213439606352,226269,308523
3,q4_75..100,165,535122,2117,-0.007376807483936974,-0.0437407707571521,24688.09432700418,-28635.58630142366,225076,307184
3,q4_75..100,166,532627,2121,-0.007424405993493038,-0.04425380184896144,24634.109648977235,-28588.54874007334,223960,305772
3,q4_75..100,167,530243,2118,-0.007481727230456212,-0.04394749638405261,24586.462013419678,-28553.59550527859,222547,304778
3,q4_75..100,168,527769,2119,-0.0075117992260989785,-0.044056997636544346,24542.2347343762,-28506.72950013521,221515,303473
3,q4_75..100,169,525209,2118,-0.00756015713570472,-0.04409808209592125,24490.733806891887,-28461.396375978227,220526,301874
3,q4_75..100,170,522994,2119,-0.007593124030728095,-0.043952835084174316,24461.992104642006,-28433.150413968615,219472,300674
3,q4_75..100,171,520427,2121,-0.007615165087964189,-0.04410180213944795,24424.92963662704,-28388.067157861005,218273,299360
3,q4_75..100,172,518095,2121,-0.0076249363619508605,-0.04421264533642129,24402.120597119047,-28352.56200156399,217332,298076
3,q4_75..100,173,515580,2119,-0.007643794205806924,-0.04428059256074173,24357.358068248835,-28298.345484878846,216181,296627
3,q4_75..100,174,513058,2116,-0.007717066631532694,-0.04438855391883604,24288.60868893167,-28247.91146077266,214998,295362
3,q4_75..100,175,510357,2117,-0.007789492233052812,-0.04399665867282863,24216.027080815977,-28191.44896840018,213595,294081
3,q4_75..100,176,507886,2118,-0.0078147737462435,-0.04383351457476612,24178.009394213143,-28147.02357309762,212711,292481
3,q4_75..100,177,505381,2120,-0.007905689981086796,-0.04425064768795497,24105.4994575973,-28100.884965928897,211621,291191
3,q4_75..100,178,503169,2119,-0.007925650220424414,-0.04410849890387439,24062.993809159438,-28050.935304920236,210456,289969
3,q4_75..100,179,500608,2113,-0.007964522122426215,-0.0440050809234707,24004.55162884136,-27991.655119504856,209565,288410
3,q4_75..100,180,497886,2111,-0.008044524457514211,-0.043539435444686435,23926.284673804614,-27931.540777858616,208239,287014
3,q4_75..100,181,495318,2112,-0.008071935127745176,-0.0434138534387421,23876.91608571162,-27875.090849316188,206827,285882
3,q4_75..100,182,492788,2110,-0.008064469054280933,-0.04351493783310899,23833.345506902227,-27807.419083223278,205976,284240
3,q4_75..100,183,490415,2111,-0.008086414555678566,-0.04380896539683611,23793.117289443555,-27758.81628376668,205043,282863
3,q4_75..100,184,487985,2112,-0.00811837394726898,-0.043816234423747664,23734.024344371657,-27695.669055029877,203835,281624
3,q4_75..100,185,485454,2107,-0.008186725750497224,-0.0432692551140613,23653.767696439867,-27628.046458921828,202785,280127
3,q4_75..100,186,482819,2112,-0.008296928099889682,-0.044051472350630325,23565.719844078714,-27571.63437233929,201410,278882
3,q4_75..100,187,480390,2112,-0.00832460412361135,-0.04317952127872313,23514.652789191103,-27513.709364132726,200275,277709
3,q4_75..100,188,477794,2110,-0.00831639161788101,-0.04312716713003027,23471.779178940793,-27445.301195614586,199208,276194
3,q4_75..100,189,475391,2113,-0.00837530207062711,-0.043646225720158215,23404.560006713058,-27386.10323337056,198241,274793
3,q4_75..100,190,472836,2112,-0.008408758104343071,-0.04339156731747901,23342.236559970963,-27318.200106996126,197177,273270
3,q4_75..100,191,470404,2112,-0.008435868404492898,-0.0433962778895644,23284.00816691321,-27252.27440786035,196011,272027
3,q4_75..100,192,467917,2111,-0.008503027613024272,-0.04338388873329092,23206.25799916893,-27184.96917077247,194998,270624
3,q4_75..100,193,465550,2109,-0.008501286186640982,-0.043414058380904084,23156.74959664907,-27114.52338083996,193898,269291
3,q4_75..100,194,462949,2113,-0.00849706275293966,-0.04301416381912107,23104.27783054162,-27037.98453495237,192763,267912
3,q4_75..100,195,460622,2111,-0.00855546986656171,-0.04374347913312855,23037.56163986983,-26978.39928074523,191662,266723
3,q4_75..100,196,457961,2107,-0.008642950129126272,-0.043251664024102444,22945.290601426852,-26903.424685511647,190400,265292
3,q4_75..100,197,455635,2110,-0.00868252227198217,-0.04282850911620148,22878.02980739716,-26834.09084279171,189358,264133
3,q4_75..100,198,453096,2112,-0.008738147297074852,-0.043383458785259774,22804.78945571989,-26764.00904343542,188055,262802
3,q4_75..100,199,450579,2111,-0.0087623865561303,-0.04288869402570448,22737.076260281927,-26685.223632356614,186966,261396
3,q4_75..100,200,447883,2107,-0.008786710854678501,-0.04275433954613899,22675.84523368979,-26611.263651415735,185741,259970
3,q4_75..100,201,445491,2110,-0.00891813112717933,-0.04351148381146847,22577.62796564672,-26550.57511962491,184788,258563
3,q4_75..100,202,442901,2110,-0.008916629187053514,-0.04300595871534588,22515.597863532228,-26464.781847107515,183522,257239
3,q4_75..100,203,440240,2111,-0.009020249931439702,-0.04235844807644808,22416.242965625806,-26387.31779544297,182439,255684
3,q4_75..100,204,437824,2108,-0.009074250759460634,-0.042708808900220024,22343.64159588887,-26316.566360398967,181280,254397
3,q4_75..100,205,435156,2108,-0.00906040116482319,-0.043091445736219265,22286.458988376136,-26229.146917655817,180038,253009
3,q4_75..100,206,432851,2108,-0.00906001051374308,-0.04306563585180942,22233.89123342745,-26155.525844311676,179056,251796
3,q4_75..100,207,430246,2110,-0.009081352488618341,-0.042872283147785184,22164.542651897656,-26071.758234715708,177907,250292
3,q4_75..100,208,427696,2108,-0.009098372283779375,-0.04311198184953077,22092.608014271387,-25983.94544655472,176823,248909
3,q4_75..100,209,425145,2103,-0.009176484921139707,-0.04367100834640237,22003.63988829553,-25904.976570093448,175655,247453
3,q4_75..100,210,422731,2105,-0.00918503739502101,-0.04247090970244911,21930.94013835916,-25813.74018139382,174594,246144
3,q4_75..100,211,420214,2101,-0.009186751784539064,-0.04232381313034321,21860.269300897708,-25720.671015286105,173635,244557
3,q4_75..100,212,417750,2105,-0.009244966029508356,-0.04270266726164363,21778.942966382063,-25641.027525209225,172296,243464
3,q4_75..100,213,415139,2103,-0.00934680283321173,-0.0426140592798368,21679.826881593177,-25560.049262969773,171119,242023
3,q4_75..100,214,412568,2104,-0.009329580530195029,-0.042651622498187665,21625.515499995767,-25474.60188017721,170033,240603
3,q4_75..100,215,410158,2102,-0.00941381487881242,-0.04172815884607536,21543.256632848632,-25404.408115912578,168852,239422
3,q4_75..100,216,407632,2103,-0.009450818064402252,-0.04193256140053982,21459.150032015783,-25311.60590124415,167734,238074
3,q4_75..100,217,405236,2105,-0.00948010246656345,-0.04202970363476678,21397.457357214204,-25239.136160354625,166616,236804
3,q4_75..100,218,402614,2104,-0.009543434962913445,-0.0419039318056667,21302.66506424487,-25144.985588403237,165413,235440
3,q4_75..100,219,399996,2102,-0.009635492984028599,-0.04263449140184392,21197.706253781278,-25051.864905420764,164438,233728
3,q4_75..100,220,397567,2105,-0.009738646772475514,-0.04233544669326817,21103.656698212788,-24975.421279605453,163173,232617
3,q4_75..100,221,395211,2104,-0.009788960034957021,-0.04163654667867611,21019.58522231596,-24888.289906691414,162254,231222
3,q4_75..100,222,392647,2103,-0.00982765508622833,-0.04223884150987955,20940.338316086887,-24799.137602729214,161234,229719
3,q4_75..100,223,390305,2102,-0.0099284101471389,-0.04185415247226048,20852.318584973855,-24727.426707452883,160088,228547
3,q4_75..100,224,387687,2102,-0.009988766118433098,-0.04179481625240077,20762.94282159858,-24635.457591755683,158881,227124
3,q4_75..100,225,385211,2104,-0.010059349820043646,-0.04214699745826812,20671.562670281874,-24546.5348738107,157851,225663
3,q4_75..100,226,382777,2105,-0.010076865250029446,-0.042479627607723745,20592.697726157774,-24449.889975968275,156814,224295
3,q4_75..100,227,380164,2100,-0.010140122029710083,-0.041476759318134736,20512.78966414348,-24367.699015446196,155680,222782
3,q4_75..100,228,377710,2103,-0.010198596053759468,-0.041727886182021286,20431.117176606764,-24283.228892072297,154464,221618
3,q4_75..100,229,375295,2100,-0.01021504293661606,-0.041086670105931734,20354.934590050518,-24188.58912894778,153401,220226
3,q4_75..100,230,372873,2105,-0.01036369706169513,-0.04148959387012559,20234.69043620252,-24099.033250687982,152198,219012
3,q4_75..100,231,370489,2102,-0.0103873570669728,-0.041423689734404474,20145.31335724306,-23993.714889628685,151236,217626
3,q4_75..100,232,367949,2103,-0.01050752052446106,-0.04175651683673347,20032.7592462074,-23898.990915662343,150077,216233
3,q4_75..100,233,365294,2103,-0.010628380218233454,-0.04185941147007164,19909.513691126253,-23791.997214565672,148940,214756
3,q4_75..100,234,362943,2102,-0.010773822722831658,-0.04150387143505254,19791.21666568672,-23701.50020617942,147959,213382
3,q4_75..100,235,360440,2104,-0.010780624647886875,-0.041508120140879054,19710.652128611586,-23596.420476696,146926,211962
3,q4_75..100,236,357782,2105,-0.010880408060320286,-0.04157689341943013,19588.499202926774,-23481.313359564127,145803,210395
3,q4_75..100,237,355068,2104,-0.010881247264289856,-0.04097275378855893,19496.86995578553,-23360.452659422368,144736,208809
3,q4_75..100,238,352556,2103,-0.011009493786081329,-0.04125755043446897,19381.80731868804,-23263.270409933848,143606,207443
3,q4_75..100,239,349961,2100,-0.010950602653799543,-0.04066888239904877,19321.435990165217,-23153.7198454916,142398,206048
3,q4_75..100,240,347482,2104,-0.01106541663262238,-0.04149828580528317,19205.473271676037,-23050.50637401288,141384,204614
3,q4_75..100,241,344832,2103,-0.011069616762085456,-0.041622454729737905,19122.884770670324,-22940.042857973793,140255,203080
3,q4_75..100,242,342554,2102,-0.011077874403676595,-0.04176685925717905,19033.29099978666,-22828.061188263677,139264,201809
3,q4_75..100,243,340074,2104,-0.011096396818185401,-0.04124598496557769,18937.70551491087,-22711.301566458384,138223,200398
3,q4_75..100,244,337480,2101,-0.011243963668473496,-0.04095903380441379,18810.44038008428,-22605.053238920766,137070,198975
3,q4_75..100,245,334960,2104,-0.011374326169461038,-0.041204773545911434,18686.184138472643,-22496.128432195263,136018,197522
3,q4_75..100,246,332426,2100,-0.011415510169066681,-0.041246850834471355,18592.22424693907,-22387.0366304013,134927,196090
3,q4_75..100,247,329947,2104,-0.011513737504963296,-0.041323414230518635,18485.810613154354,-22284.733761704436,133849,194686
3,q4_75..100,248,327409,2103,-0.011500218268267054,-0.041162258668236536,18399.922643233436,-22165.197606228452,132712,193302
3,q4_75..100,249,325001,2103,-0.01150171392054288,-0.041561372542263816,18306.297053854727,-22044.365579745085,131833,191813
3,q4_75..100,250,322298,2102,-0.011611978117955531,-0.04187002668208802,18190.022839161473,-21932.54016262239,130589,190390
3,q4_75..100,251,319810,2105,-0.011718422024136076,-0.041890021820963574,18056.512127706636,-21804.180675245683,129476,188965
3,q4_75..100,252,317132,2102,-0.011786125158534631,-0.04084276185887868,17941.25809306712,-21679.015536843566,128246,187517
3,q4_75..100,253,314800,2101,-0.01184770580442619,-0.04071882494767337,17841.020797588895,-21570.678584822315,127388,186046
3,q4_75..100,254,312274,2102,-0.011882673720818068,-0.041033762630653704,17746.98174238864,-21457.631795883437,126291,184684
3,q4_75..100,255,309785,2102,-0.011907227795593334,-0.04116591452690046,17660.957382852066,-21349.637945509854,125173,183359
3,q4_75..100,256,307212,2105,-0.011910646204335499,-0.0412244047201932,17566.178760378665,-21225.272202104952,124113,181826
3,q4_75..100,257,304508,2102,-0.012023909708084589,-0.04110160622311422,17435.885313370825,-21097.262010760256,122922,180326
3,q4_75..100,258,302155,2107,-0.0121824809889791,-0.04068076843904821,17304.54778986802,-20985.545333092967,121693,179144
3,q4_75..100,259,299628,2103,-0.012320633314962227,-0.040109355044448014,17176.359722091827,-20867.96644098739,120677,177683
3,q4_75..100,260,296985,2100,-0.012386367572161404,-0.03989016529272807,17063.40184404128,-20741.96721745967,119445,176266
3,q4_75..100,261,294554,2104,-0.01244306056163379,-0.04045011712300213,16948.06659330595,-20613.219853977454,118533,174832
3,q4_75..100,262,291933,2099,-0.012464983278870592,-0.04012655352078951,16854.37491480737,-20493.314878357876,117288,173436
3,q4_75..100,263,289347,2103,-0.01254275372741892,-0.04071111480869563,16724.32139157896,-20353.52955434649,116228,171960
3,q4_75..100,264,286872,2107,-0.01265407615361326,-0.04107673639461697,16599.770549445606,-20229.87068378493,115226,170465
3,q4_75..100,265,284325,2104,-0.012654100095703526,-0.0403371503664747,16496.053419240332,-20093.930428951215,114152,169008
3,q4_75..100,266,281799,2105,-0.01276879684600163,-0.04051691554561592,16373.189887135357,-19971.424069541794,113067,167592
3,q4_75..100,267,279136,2101,-0.012919192987059245,-0.04013038904022472,16238.42162538157,-19844.633479017302,111799,166156
3,q4_75..100,268,276476,2103,-0.013009010750932196,-0.04026001691890859,16109.833362148927,-19706.512618523717,110645,164726
3,q4_75..100,269,274023,2105,-0.013082912314769981,-0.040717204984267875,15991.17650943864,-19576.195390668792,109596,163359
3,q4_75..100,270,271529,2102,-0.013187834229271753,-0.04055162049831398,15860.571686120122,-19441.45112655999,108559,161885
3,q4_75..100,271,268878,2099,-0.013200991615826614,-0.04014916262951638,15741.466975713989,-19290.923199394238,107319,160467
3,q4_75..100,272,266181,2101,-0.01329109380613947,-0.04083375583824158,15617.035797602342,-19154.872438014332,106023,159061
3,q4_75..100,273,263747,2102,-0.01335447778385399,-0.04145172435104631,15500.55638947872,-19022.759841536867,105132,157543
3,q4_75..100,274,261152,2098,-0.01342308298871355,-0.039705224605198534,15376.84288775415,-18882.307856422613,104015,156099
3,q4_75..100,275,258469,2099,-0.013499078209679981,-0.04106333133099926,15260.108666009277,-18749.201911787055,102711,154766
3,q4_75..100,276,255978,2101,-0.013615778107750701,-0.03983330493968493,15132.204950241885,-18617.544598707653,101523,153380
3,q4_75..100,277,253245,2101,-0.013625788981297052,-0.04013498357777977,15020.14036821931,-18470.80329878792,100475,151787
3,q4_75..100,278,250691,2098,-0.013671792941864661,-0.040956699604606274,14903.030198252014,-18330.425642640992,99280,150402
3,q4_75..100,279,248111,2100,-0.01375583930302172,-0.0405886412387826,14774.182993904256,-18187.158039216283,98151,148949
3,q4_75..100,280,245553,2105,-0.013798280450212927,-0.03991658316494188,14653.313790938844,-18041.52295032995,97031,147489
3,q4_75..100,281,242953,2101,-0.01373419868484001,-0.03983991986791481,14550.765647677475,-17887.530420755415,96014,145959
3,q4_75..100,282,240293,2100,-0.01376193382916771,-0.03966189496766657,14437.707140865083,-17744.60350647724,95031,144322
3,q4_75..100,283,237741,2102,-0.013963582301190247,-0.03962301339466354,14293.048231892908,-17612.764251760203,93818,143004
3,q4_75..100,284,235239,2098,-0.014049709721318936,-0.03980021672505959,14161.498217107277,-17466.537882240602,92764,141601
3,q4_75..100,285,232658,2097,-0.014207972325933748,-0.03868339802131121,14032.75802793798,-17338.356453345114,91515,140231
3,q4_75..100,286,229864,2097,-0.014292602106727557,-0.03908297848166899,13890.736282532573,-17176.090973193364,90329,138618
3,q4_75..100,287,227217,2101,-0.014411081137200374,-0.03984752182315419,13757.30787615036,-17031.75049890159,89194,137104
3,q4_75..100,288,224671,2099,-0.014553745509865426,-0.039561334351808405,13615.9867350184,-16885.79129246536,88198,135617
3,q4_75..100,289,222110,2100,-0.014703470827699917,-0.040342865628963435,13478.517312343853,-16744.30521788426,87074,134180
3,q4_75..100,290,219558,2099,-0.014801134094230797,-0.039402748400990215,13345.054772525898,-16594.76217198709,86053,132616
3,q4_75..100,291,216922,2099,-0.014788724456871384,-0.039260207776564665,13236.953311968338,-16444.952998601835,85006,131074
3,q4_75..100,292,214373,2098,-0.014780799537419358,-0.0401111644872516,13119.96328952039,-16288.567628755629,83932,129646
3,q4_75..100,293,211693,2101,-0.014947967229264478,-0.0400343965380607,12968.744890898179,-16133.124917562869,82817,128068
3,q4_75..100,294,209122,2096,-0.015051323551216939,-0.039851803269641356,12832.838978551354,-15980.40186222896,81765,126530
3,q4_75..100,295,206392,2101,-0.01507084178260647,-0.040373515841609954,12702.235309397518,-15812.736486593227,80543,124984
3,q4_75..100,296,203790,2099,-0.01521042351472067,-0.03909272458310649,12552.71251184753,-15652.444719912517,79473,123519
3,q4_75..100,297,201110,2100,-0.015372187705976398,-0.04066414993272605,12400.392101452715,-15491.892771001629,78416,121941
3,q4_75..100,298,198455,2101,-0.015501280104984633,-0.03988685676727181,12247.197574200394,-15323.50411743513,77239,120450
3,q4_75..100,299,195607,2095,-0.015463328771715234,-0.03937106902187161,12121.393903407321,-15146.129254456198,76042,118793
3,q4_75..100,300,192954,2101,-0.015572504873220807,-0.03745900000066779,11972.992303743944,-14977.769409051394,75024,117187
3,q4_75..100,301,190206,2098,-0.015757925715211382,-0.0374484599312761,11815.0203352455,-14812.272353833016,73793,115613
3,q4_75..100,302,187540,2102,-0.015908541403981506,-0.038545509868066076,11665.156200910676,-14648.644055813329,72670,114160
3,q4_75..100,303,184857,2096,-0.016079377115685387,-0.03955610940552207,11503.356113215561,-14475.74152868982,71512,112611
3,q4_75..100,304,182131,2095,-0.01615942783929797,-0.03918430639406468,11353.799882158724,-14296.932633957878,70527,110889
3,q4_75..100,305,179492,2096,-0.016365814046950505,-0.0394745941532122,11203.469869709337,-14141.00256462456,69375,109440
3,q4_75..100,306,176745,2100,-0.01650313780151692,-0.039080085805543056,11050.123513849368,-13966.97060457848,68215,107827
3,q4_75..100,307,174179,2098,-0.016599347492010794,-0.03966192833415828,10899.341593582067,-13790.599340393077,67239,106225
3,q4_75..100,308,171423,2098,-0.016587884731345315,-0.039821290922928985,10764.089291334321,-13607.634255635712,66147,104556
3,q4_75..100,309,168767,2096,-0.01663328506745895,-0.03849605391222128,10623.028312927469,-13430.17793390736,65011,103135
3,q4_75..100,310,166020,2093,-0.016655917423041167,-0.03895776299318714,10477.348553700873,-13242.563964274206,63914,101465
3,q4_75..100,311,163400,2094,-0.016646042464859248,-0.03862554859211314,10339.178506598219,-13059.141845356247,62864,99925
3,q4_75..100,312,160586,2092,-0.016722563631910155,-0.038087695055893225,10182.328324049104,-12867.737927443039,61680,98276
3,q4_75..100,313,157874,2096,-0.016855415241002102,-0.03849880098831513,10025.960490484267,-12686.992316242231,60623,96634
3,q4_75..100,314,155156,2096,-0.01699090642833966,-0.038617528879794624,9867.29516034961,-12503.536238145112,59489,95096
3,q4_75..100,315,152492,2100,-0.017068970299028437,-0.0380024216810176,9717.158184367132,-12320.03960320655,58393,93525
3,q4_75..100,316,149636,2093,-0.01722810130905701,-0.037746774819815074,9547.153682244854,-12125.097849726904,57249,91810
3,q4_75..100,317,146844,2093,-0.01736221772770209,-0.03792776282347519,9378.945414804613,-11928.482914811313,56146,90120
3,q4_75..100,318,144105,2089,-0.017359233806806436,-0.03902424907679846,9239.424974736805,-11740.977362466709,55004,88536
3,q4_75..100,319,141400,2095,-0.017358984814921388,-0.03804019512412445,9099.702728693983,-11554.263181523882,53821,87011
3,q4_75..100,320,138623,2099,-0.01760860990667286,-0.03812277807204415,8919.485647838837,-11360.443978931571,52791,85330
3,q4_75..100,321,135809,2101,-0.01761958642735921,-0.038514200613648464,8770.618507920723,-11163.516921033945,51672,83655
3,q4_75..100,322,133032,2100,-0.017899119473216697,-0.03893124154059543,8583.15901603367,-10964.314677794615,50577,81938
3,q4_75..100,323,130191,2099,-0.017928178865392667,-0.037837719378595765,8423.592737096578,-10757.680271760899,49430,80236
3,q4_75..100,324,127338,2099,-0.01802579540082065,-0.03817545623153175,8259.00677046285,-10554.375505212565,48317,78517
3,q4_75..100,325,124583,2098,-0.018155678822064106,-0.03817889294625268,8094.127681105335,-10356.01661579456,47276,76854
3,q4_75..100,326,121811,2095,-0.0182990674632221,-0.03756113824180139,7927.4127046145295,-10156.440411377047,46107,75203
3,q4_75..100,327,118942,2093,-0.01843372141770783,-0.03709432804080253,7752.07822814458,-9944.621921009591,45035,73432
3,q4_75..100,328,116151,2098,-0.018703873859376486,-0.03800525196427851,7572.112557919052,-9744.5862105595,43890,71821
3,q4_75..100,329,113266,2095,-0.018650815942004788,-0.0385020486629205,7421.789630788304,-9534.29294927546,42771,70008
3,q4_75..100,330,110467,2099,-0.01883863464176655,-0.03756867048482819,7245.1120866578385,-9326.159539629838,41721,68304
3,q4_75..100,331,107578,2098,-0.01894754743959388,-0.03786953305638277,7074.245458232808,-9112.584716689402,40509,66645
3,q4_75..100,332,104714,2097,-0.018965012928343263,-0.03687102594589802,6904.746817253963,-8890.649181032531,39372,64963
3,q4_75..100,333,101787,2098,-0.01917644714810053,-0.036876014175390284,6723.020045966227,-8674.933071829944,38245,63123
3,q4_75..100,334,98923,2100,-0.019248620293558324,-0.03748494102421362,6547.9820827249205,-8452.113348024594,37125,61371
3,q4_75..100,335,95991,2097,-0.019351678545527103,-0.0359788380090187,6368.612116788547,-8226.19909205224,36015,59571
3,q4_75..100,336,93198,2095,-0.019649715713846085,-0.03703060842646928,6180.318904333072,-8011.633109432052,34971,57875
3,q4_75..100,337,90267,2098,-0.01984702297483214,-0.03753939397456343,6003.175751569361,-7794.706974438535,33767,56160
3,q4_75..100,338,87412,2097,-0.020004778742789397,-0.03765050162476945,5829.231151077311,-7577.888870542012,32677,54406
3,q4_75..100,339,84471,2096,-0.020238176027701612,-0.03809628413468124,5642.216096937544,-7351.755064173515,31509,52658
3,q4_75..100,340,81560,2097,-0.020708531417289434,-0.03805344969268756,5449.569261816638,-7138.557084210756,30328,50945
3,q4_75..100,341,78556,2094,-0.02080233520198327,-0.03742423674583043,5264.540886328984,-6898.689130455988,29116,49121
3,q4_75..100,342,75621,2093,-0.021162649720434027,-0.03688513491310027,5072.752292415375,-6673.093026924307,27995,47335
3,q4_75..100,343,72708,2093,-0.021848060605392336,-0.03708839468291727,4858.137089138358,-6446.665879635213,26781,45679
3,q4_75..100,344,69702,2094,-0.022268554439676517,-0.038059861547368616,4657.840992421135,-6210.003773975469,25603,43824
3,q4_75..100,345,66716,2095,-0.022638425119435947,-0.03749919436305997,4465.9925614632375,-5976.337731731516,24516,41979
3,q4_75..100,346,63734,2093,-0.023172210989012103,-0.038144754967578576,4270.953373531904,-5747.811068705599,23273,40222
3,q4_75..100,347,60764,2095,-0.023716253825774903,-0.03847365325781314,4076.8706653436802,-5517.965112813075,22155,38374
3,q4_75..100,348,57720,2095,-0.02424189148789797,-0.03778533920732512,3880.361984425604,-5279.6039611070855,20946,36556
3,q4_75..100,349,54717,2090,-0.024675845156812214,-0.03741278759420297,3684.477422898858,-5034.665642344155,19803,34724
3,q4_75..100,350,51635,2090,-0.02536675278299288,-0.03706946673153556,3472.676700028601,-4782.488979978445,18566,32872
3,q4_75..100,351,48561,2091,-0.026404304840958494,-0.038295962922165916,3255.3652727787917,-4537.584720160557,17417,30990
3,q4_75..100,352,45519,2092,-0.027474033276935622,-0.03813383878064538,3039.7229701475867,-4290.31349088041,16226,29119
3,q4_75..100,353,42401,2089,-0.02875477795248941,-0.038269456385298814,2821.535042573439,-4040.7663825369436,15016,27224
3,q4_75..100,354,39391,2091,-0.02982260898499388,-0.03879589332365482,2620.7018293498263,-3795.4442198777265,13866,25386
3,q4_75..100,355,36264,2086,-0.031142909025518594,-0.038143856278402805,2410.175305524449,-3539.54175842585,12657,23500
3,q4_75..100,356,33188,2082,-0.03276423772865229,-0.037852653356964756,2200.774920384572,-3288.154442123085,11466,21628
3,q4_75..100,357,30105,2074,-0.03387319871557764,-0.03675222028310998,2009.6116170615835,-3029.3642643940493,10308,19683
3,q4_75..100,358,26995,2067,-0.03596380617163897,-0.036544086872839325,1802.9226671547324,-2773.7656147581242,9148,17763
3,q4_75..100,359,23865,1031,-0.03836996443589468,-0.05707756604932918,1595.3946091647338,-2511.0938104273587,7972,15814
3,q4_75..100,360,23050,1026,-0.03860239344046468,-0.056336465566789076,1543.5210935626847,-2433.3062623653927,7686,15290
3,q4_75..100,361,22317,1026,-0.039258225282637324,-0.05533525172691793,1486.8414891982436,-2362.9673028308553,7415,14826
3,q4_75..100,362,21534,1024,-0.039303153326196334,-0.055281407321854804,1435.5451575839622,-2281.8992613102755,7130,14337
3,q4_75..100,363,20782,1021,-0.03973904088733456,-0.05606227203934795,1381.1404432174745,-2206.9971909380606,6876,13844
3,q4_75..100,364,19998,1019,-0.040252469002801834,-0.05509672730215713,1326.0329449881103,-2131.0018201061416,6589,13339
3,q4_75..100,365,19267,1016,-0.040473007247870424,-0.05543782259554045,1276.2263439972453,-2056.019774641966,6370,12830
3,q4_75..100,366,18472,1017,-0.04077553885832963,-0.05528239713290165,1223.3661091041668,-1976.57186289523,6074,12341
3,q4_75..100,367,17698,1020,-0.0411687154594266,-0.05565938107745417,1168.7005620318569,-1897.3044882327886,5828,11816
3,q4_75..100,368,16940,1018,-0.04136008510850511,-0.05570054861376527,1112.3880428480834,-1813.0278845861583,5616,11271
3,q4_75..100,369,16142,1016,-0.042147327729400705,-0.05477872582507392,1049.5570199702704,-1729.899184178253,5342,10749
3,q4_75..100,370,15420,1015,-0.04213736391763716,-0.054091177147324865,1001.0680155219658,-1650.826167131929,5115,10262
3,q4_75..100,371,14642,1017,-0.042236915996582164,-0.05277134385246312,952.4491708207863,-1570.8820948427433,4860,9735
3,q4_75..100,372,13830,1015,-0.042649853978296765,-0.0531175741730967,894.7604527427258,-1484.6079332625686,4579,9207
3,q4_75..100,373,13032,1011,-0.04284238389896108,-0.05225678141380946,842.7513519058228,-1401.073298877082,4289,8702
3,q4_75..100,374,12284,1011,-0.04377890531161265,-0.05316045328656031,783.6007120075424,-1321.380784855393,4044,8206
3,q4_75..100,375,11507,1014,-0.04380105873722878,-0.05491969323627803,731.8547724583909,-1235.8735553476827,3773,7697
3,q4_75..100,376,10732,1008,-0.04488029269788171,-0.05491507012072576,672.9583216001529,-1154.6136228338203,3521,7183
3,q4_75..100,377,9991,1007,-0.044841145409303944,-0.05241265595691339,626.4325199125572,-1074.4404036969124,3273,6682
3,q4_75..100,378,9190,1003,-0.04475383895843082,-0.05259930083333073,579.6735109720047,-990.9612909999848,3017,6141
3,q4_75..100,379,8390,1002,-0.044209316216710454,-0.05159860624037686,533.856593847974,-904.7727569061745,2765,5589
3,q4_75..100,380,7581,994,-0.043472435341971184,-0.04921501415310929,487.63356598334536,-817.198098310828,2509,5048
3,q4_75..100,381,6775,994,-0.04400621494325636,-0.05059486186100465,438.7221770991066,-736.8642833396692,2241,4503
3,q4_75..100,382,5981,983,-0.0425639388271645,-0.049762960014455106,395.28654286384597,-649.8614609891171,1986,3976
3,q4_75..100,383,5186,978,-0.04137466286234043,-0.05172692354130497,350.6715539030651,-565.2405555071638,1712,3455
3,q4_75..100,384,4373,972,-0.041955867885725355,-0.0492122886001281,298.78464394039776,-482.25765420467405,1432,2924
3,q4_75..100,385,3542,954,-0.04218620596614058,-0.05005256495851203,244.0188365249995,-393.44237805706973,1170,2364
3,q4_75..100,386,2713,924,-0.04432245460867984,-0.04869614951168002,188.25542993736536,-308.5022492907141,886,1817
3,q4_75..100,387,1862,872,-0.04750777539597964,-0.04876010494170802,130.64656551328758,-219.10604330060158,598,1259
3,q4_75..100,388,960,732,-0.04981458882646388,-0.043965971016874446,70.12508095361959,-117.94708622702491,299,659
4,UNKNOWN(missing),0,2927,22,0.0,0.0,0.0,0.0,0,0
4,UNKNOWN(missing),1,1916,22,0.0009521554201848643,0.0027175757723981353,8.753167412995563,-6.9288376279213635,861,787
4,UNKNOWN(missing),2,1830,22,0.0008076389158872264,0.006008251132345233,10.01346774355239,-8.535488527478767,822,769
4,UNKNOWN(missing),3,1774,21,0.0013935610982598638,0.002758892330828306,11.204175627077843,-8.731998238764842,819,744
4,UNKNOWN(missing),4,1754,22,0.0021000267283604384,0.004804710034615341,12.785511426446469,-9.102064544902259,833,747
4,UNKNOWN(missing),5,1755,22,0.0016930027789129815,0.0036398813184513185,12.830269803998485,-9.859049927006202,838,757
4,UNKNOWN(missing),6,1740,21,0.002514710610845185,0.003812863543017764,14.234910144495728,-9.859313681625105,850,734
4,UNKNOWN(missing),7,1715,21,0.0026576226685000384,0.004958647664747978,14.638764699348458,-10.08094182287089,856,713
4,UNKNOWN(missing),8,1705,21,0.0024830125799539496,0.00039999704935460306,14.691996526825989,-10.458460078004505,828,736
4,UNKNOWN(missing),9,1676,21,0.002855879319792011,0.006930471139879317,15.26865822973702,-10.48220448976561,839,703
4,UNKNOWN(missing),10,1687,20,0.003879481191321828,0.003445858635762543,16.62939525166757,-10.084710481907651,875,688
4,UNKNOWN(missing),11,1679,20,0.0036713166390611993,0.004229357551611451,16.58255627683868,-10.41841563985492,877,678
4,UNKNOWN(missing),12,1674,20,0.003869280817491755,0.0050849196561306865,17.41660649390598,-10.939430405424785,889,671
4,UNKNOWN(missing),13,1639,19,0.004077323659656497,0.005556931823170007,17.88076783882805,-11.19803436065105,891,644
4,UNKNOWN(missing),14,1619,20,0.003794012247539503,0.003506996586173758,17.605565035343137,-11.463059206576682,867,652
4,UNKNOWN(missing),15,1620,21,0.004258051108824416,0.0033737049815616323,18.480086196807132,-11.582043400511571,873,658
4,UNKNOWN(missing),16,1618,21,0.003962590171912746,0.0036424126405478576,18.353991775079855,-11.942520876925036,886,645
4,UNKNOWN(missing),17,1622,21,0.004783340495632518,0.0038162554706482046,19.562054315844154,-11.803476031928215,891,646
4,UNKNOWN(missing),18,1614,22,0.005426549464407628,0.0067730959157863676,19.865803119423735,-11.107352283869826,897,631
4,UNKNOWN(missing),19,1636,21,0.004982375642837302,0.003062744758623304,20.327370626309314,-12.176204074627488,887,647
4,UNKNOWN(missing),20,1608,22,0.005723567333590118,0.0036963316345237428,21.31563354421709,-12.112137271804176,882,649
4,UNKNOWN(missing),21,1572,22,0.006172056336074709,0.01084107429049596,21.464528535151143,-11.762055974841703,872,629
4,UNKNOWN(missing),22,1591,21,0.00620382758500085,0.007050761531966316,21.780319923020176,-11.910030235283823,869,640
4,UNKNOWN(missing),23,1573,21,0.006182758199340795,0.008019464071231396,21.98167600672233,-12.256197359159263,864,636
4,UNKNOWN(missing),24,1571,21,0.00679309698911487,0.009631491580914002,22.337200677360194,-11.665245307460735,875,619
4,UNKNOWN(missing),25,1560,21,0.0060500605850602315,0.005375857266673089,21.639513800922092,-12.201419288228136,856,628
4,UNKNOWN(missing),26,1559,21,0.006843660641220125,0.014258116781000559,22.83933113460717,-12.170064194944999,868,621
4,UNKNOWN(missing),27,1526,21,0.007373518761201967,0.009005256480941224,22.64292731750469,-11.39093768791049,865,589
4,UNKNOWN(missing),28,1538,21,0.007695937745073587,0.008046483280388695,23.65968054155636,-11.823328289633187,868,602
4,UNKNOWN(missing),29,1546,22,0.006977814030179695,0.0077719310533969875,22.897813761422174,-12.110113270764375,865,605
4,UNKNOWN(missing),30,1541,21,0.007298340833093728,0.007067269614074748,23.81145163536182,-12.564708411564386,873,595
4,UNKNOWN(missing),31,1523,20,0.007570719689683319,0.010406659381443644,23.553006723315708,-12.022800635928013,880,584
4,UNKNOWN(missing),32,1520,21,0.007072368424473456,0.005520300064438514,23.114378702333806,-12.364378697134157,868,587
4,UNKNOWN(missing),33,1505,21,0.007516050560484303,0.008631001659025982,23.710220853354784,-12.398564759825902,855,590
4,UNKNOWN(missing),34,1517,21,0.007654266070987623,0.004256651145696032,24.338661979125348,-12.727140349437125,855,606
4,UNKNOWN(missing),35,1480,20,0.00858249301913323,0.010311985973263858,24.11632160978442,-11.41423194146723,841,577
4,UNKNOWN(missing),36,1469,20,0.009118877605269634,0.01668328606578933,24.9530728642084,-11.557441662067301,846,563
4,UNKNOWN(missing),37,1460,20,0.009643028199780582,0.011780719179166108,25.63920718156912,-11.560386009889468,836,566
4,UNKNOWN(missing),38,1455,22,0.00917994581673147,0.01210675354940652,25.12435227192637,-11.767531108582084,822,571
4,UNKNOWN(missing),39,1447,21,0.010175237503408114,0.012540270910812985,25.849967748101694,-11.126399080670147,838,557
4,UNKNOWN(missing),40,1454,20,0.009137911626798544,0.01029559889034459,25.263135716907165,-11.976612211542076,840,556
4,UNKNOWN(missing),41,1459,21,0.009241387927661283,0.013590357952013878,25.377393389940618,-11.894208403482802,837,564
4,UNKNOWN(missing),42,1450,20,0.01022090090454086,0.013639373618494158,26.4681830531832,-11.647876741598955,831,557
4,UNKNOWN(missing),43,1469,21,0.01020154809534118,0.016390252118006866,26.994424435020438,-12.008350282964242,825,599
4,UNKNOWN(missing),44,1451,21,0.010301902471405597,0.013126989683927313,26.586525393448376,-11.638464907438854,806,597
4,UNKNOWN(missing),45,1446,22,0.01047984802798923,0.012318874019708208,26.86604706448716,-11.712186816014732,797,604
4,UNKNOWN(missing),46,1431,21,0.009523577724546112,0.00939856680945668,25.395686160940286,-11.767446437114799,778,600
4,UNKNOWN(missing),47,1410,20,0.010752347884495167,0.012251641224732223,26.52694793817379,-11.366137421035607,800,575
4,UNKNOWN(missing),48,1405,21,0.01077347931722445,0.014439629967118676,26.672308986939512,-11.535570546239171,775,587
4,UNKNOWN(missing),49,1420,20,0.010527383404621006,0.014931393514530735,27.212314507197803,-12.263430072635979,783,590
4,UNKNOWN(missing),50,1388,19,0.011569193503248925,0.014333140212947109,27.197457802179276,-11.139417219669768,785,561
4,UNKNOWN(missing),51,1410,21,0.010793465943563793,0.008843386020180052,27.57879952463766,-12.360012544212708,782,599
4,UNKNOWN(missing),52,1389,21,0.011839158921996207,0.012597439335989355,28.215961281608983,-11.771369538956248,777,560
4,UNKNOWN(missing),53,1417,22,0.011760160683261724,0.011422364185738889,28.71508104503526,-12.050933356853406,796,585
4,UNKNOWN(missing),54,1402,21,0.01181186793664665,0.01994863654659496,28.192089567164867,-11.631850719986266,788,566
4,UNKNOWN(missing),55,1390,20,0.012200702642824038,0.013015954192384268,28.433029611592453,-11.47405293806704,790,555
4,UNKNOWN(missing),56,1419,20,0.012610878628613634,0.01378897062556749,30.12029213921704,-12.225455365214296,826,555
4,UNKNOWN(missing),57,1369,20,0.012490345476759507,0.01239229201425925,28.854320908652333,-11.755037950968568,806,529
4,UNKNOWN(missing),58,1360,20,0.011691222171386222,0.01743751586699973,27.758107617336922,-11.858045464251658,791,529
4,UNKNOWN(missing),59,1353,19,0.012341515884379161,0.020827779287648764,28.089312995459103,-11.391242003894105,798,517
4,UNKNOWN(missing),60,1351,21,0.011807396550429427,0.013115987859613926,27.724091478675938,-11.772298739045775,792,528
4,UNKNOWN(missing),61,1362,20,0.011828552900266014,0.013257122431396973,27.721685049525007,-11.611195999362689,795,531
4,UNKNOWN(missing),62,1353,22,0.011300760832314193,0.013261000114352765,26.921655671511907,-11.631726265390805,797,532
4,UNKNOWN(missing),63,1321,21,0.010112637287319695,0.012875793360630619,25.029031692761663,-11.67023783621235,769,524
4,UNKNOWN(missing),64,1326,22,0.010214439442976564,0.01712348379393994,24.843426172096414,-11.29907947070949,786,515
4,UNKNOWN(missing),65,1320,21,0.010283235141482272,0.005348597658785181,25.09178433482442,-11.51791394806783,785,511
4,UNKNOWN(missing),66,1300,21,0.0108888753237227,0.005429687849195914,25.577001583352143,-11.421463662512627,784,495
4,UNKNOWN(missing),67,1315,20,0.010457762707505418,0.009339132743557766,25.44162927022236,-11.689671309852724,779,504
4,UNKNOWN(missing),68,1322,20,0.010181383417644891,0.006415996515552388,25.369973728706526,-11.91018485057998,780,516
4,UNKNOWN(missing),69,1295,21,0.011040888379605932,0.011785224847500985,25.822614382892464,-11.524663931302783,779,487
4,UNKNOWN(missing),70,1285,21,0.010380230938298308,0.011106604454562033,24.22984127810438,-10.89124452239106,788,472
4,UNKNOWN(missing),71,1291,21,0.010852502104105833,0.0061486130613892034,25.284817528422575,-11.274237312021937,785,479
4,UNKNOWN(missing),72,1297,22,0.009289122050551525,0.007553976565201115,24.14184027029084,-12.093848970725515,778,493
4,UNKNOWN(missing),73,1282,21,0.009411511145603528,0.0055896545830891,23.728332278352188,-11.66277498968848,762,500
4,UNKNOWN(missing),74,1244,18,0.010928355152413003,0.01227024692809598,24.39547812493223,-10.800604315330446,754,477
4,UNKNOWN(missing),75,1256,21,0.011038332308515086,0.010474564527611517,24.720637947482043,-10.856492567987093,757,482
4,UNKNOWN(missing),76,1252,21,0.01071486563755367,0.008139337753902437,24.164223297889016,-10.74921151967182,752,484
4,UNKNOWN(missing),77,1262,20,0.011125920162197909,0.015426621409536989,25.18643419046936,-11.1455229457756,754,490
4,UNKNOWN(missing),78,1223,21,0.011214831537225075,0.012440370532267053,24.234691852017864,-10.51895288199159,741,462
4,UNKNOWN(missing),79,1242,22,0.010947292141765914,0.0092552118522347,25.06956406576431,-11.473027225691041,747,482
4,UNKNOWN(missing),80,1234,20,0.010592845308383543,0.010488276506238282,24.281474039938086,-11.209902929392792,736,475
4,UNKNOWN(missing),81,1228,21,0.010545043806326435,0.011037245335133032,24.249123863263815,-11.299810069094953,754,461
4,UNKNOWN(missing),82,1212,19,0.011701897175340247,0.011403269710686559,24.887419300406734,-10.704719923894352,744,457
4,UNKNOWN(missing),83,1199,21,0.012041690009575527,0.014392529005221609,25.027972109805297,-10.589985788324233,749,430
4,UNKNOWN(missing),84,1212,21,0.011153407894093845,0.011529424840796651,24.56633623188021,-11.048405864238473,738,457
4,UNKNOWN(missing),85,1234,21,0.010843651624957469,0.006373840483734479,25.094968307423567,-11.71390220222605,755,468
4,UNKNOWN(missing),86,1221,22,0.010384278200427534,0.012077057512510163,24.238951630960315,-11.559747948238293,736,472
4,UNKNOWN(missing),87,1210,21,0.01048118067819429,0.008936810041976368,24.301437494864917,-11.619208874249823,730,474
4,UNKNOWN(missing),88,1185,21,0.010703933365199302,0.006330829417320815,24.095156485546433,-11.41099544778526,716,457
4,UNKNOWN(missing),89,1215,22,0.009697293296022126,0.012315256265093921,23.95552704596082,-12.173315691293936,729,472
4,UNKNOWN(missing),90,1178,22,0.011068327235314947,0.011318201838047848,24.370507218044658,-11.332017734843655,711,452
4,UNKNOWN(missing),91,1187,22,0.010316797865564654,0.011752134628771756,24.030526423861126,-11.784487357435882,719,459
4,UNKNOWN(missing),92,1181,21,0.010135925660606693,0.009160837164061658,23.46232011028331,-11.491791905106801,712,457
4,UNKNOWN(missing),93,1181,20,0.010067127704947089,0.011593394469622272,23.627617561678914,-11.738339742136406,718,451
4,UNKNOWN(missing),94,1180,22,0.00971320474934647,0.007754776141299804,23.437338907088083,-11.97575730285925,717,447
4,UNKNOWN(missing),95,1163,22,0.010490450201638888,0.011082581257433362,23.31256184324923,-11.112168258743203,704,448
4,UNKNOWN(missing),96,1182,22,0.009816493749348449,0.011311355536295422,23.536378602783206,-11.933282991053337,704,465
4,UNKNOWN(missing),97,1177,20,0.00973063038095121,0.009494737568654574,22.916588358746022,-11.46363640036644,702,463
4,UNKNOWN(missing),98,1169,21,0.00950299771484415,0.005815089947414743,22.60788321620588,-11.498878887553055,710,448
4,UNKNOWN(missing),99,1180,20,0.009951807094796568,0.010446359072689437,23.82713492459127,-12.084002552731311,711,460
4,UNKNOWN(missing),100,1145,22,0.009490217440504467,0.005450136436931836,22.39428035933175,-11.527981389954139,695,441
4,UNKNOWN(missing),101,1150,21,0.010005014549294092,0.007801540404087534,23.39556334244617,-11.889796610757951,707,435
4,UNKNOWN(missing),102,1129,21,0.01058550113126227,0.011172246944507228,22.81337942029175,-10.862348643096645,691,427
4,UNKNOWN(missing),103,1149,21,0.01027555835843419,0.015386888783674184,23.535025001683852,-11.728408447842972,703,438
4,UNKNOWN(missing),104,1145,21,0.010007147870320568,0.004769966239066682,22.817563834773427,-11.35937952325637,711,424
4,UNKNOWN(missing),105,1135,20,0.009578994111620486,0.008130020987449232,22.46890797707902,-11.596749660389778,702,425
4,UNKNOWN(missing),106,1101,21,0.0100020010751052,0.007904083360399237,22.451094325210434,-11.438891141519605,688,404
4,UNKNOWN(missing),107,1109,20,0.011170909408809661,0.017868866502659456,23.46501302486299,-11.076474490493084,707,392
4,UNKNOWN(missing),108,1106,22,0.01046979291197532,0.010327282935291114,22.4830326770648,-10.903441716420083,703,394
4,UNKNOWN(missing),109,1117,21,0.010270201121670212,0.0085374371287993,22.636264002541928,-11.164449349636294,709,401
4,UNKNOWN(missing),110,1094,22,0.010247678866542945,0.004303930355611254,22.565705236221355,-11.354744556223363,690,394
4,UNKNOWN(missing),111,1082,21,0.009822723320684927,0.011197695415381537,21.51630798741075,-10.888121354429659,684,389
4,UNKNOWN(missing),112,1087,19,0.011388766474428208,0.01320770129399419,23.17386212072836,-10.794272963024898,702,377
4,UNKNOWN(missing),113,1088,22,0.011122041972805249,0.006024722381251768,23.525539001559338,-11.424757335147232,701,380
4,UNKNOWN(missing),114,1087,21,0.009350723109315465,0.003970847046632209,21.85778383464283,-11.693547814816919,681,393
4,UNKNOWN(missing),115,1078,22,0.009849686969668743,0.006026920525412482,22.447297866366814,-11.829335313063915,683,384
4,UNKNOWN(missing),116,1058,21,0.009009924166015669,0.0037878178843036947,21.583682369127654,-12.051182601483074,660,388
4,UNKNOWN(missing),117,1080,21,0.009865307755822051,0.002528377769049683,22.302402792858313,-11.647870416570502,672,399
4,UNKNOWN(missing),118,1073,21,0.009929653714467683,0.007170982701364096,22.677630448195472,-12.023112012571637,671,393
4,UNKNOWN(missing),119,1060,21,0.009443626523558922,0.0046897081697573695,21.787158463506625,-11.776914348534183,660,393
4,UNKNOWN(missing),120,1056,22,0.009925267737554519,0.008750782576708442,22.19110451922571,-11.710021788368142,666,384
4,UNKNOWN(missing),121,1059,21,0.00943313525426441,0.004031866737111519,21.50831698710671,-11.518626752840705,674,377
4,UNKNOWN(missing),122,1048,21,0.009473139728017122,0.005944965659110856,21.778570344002464,-11.85071990904052,661,381
4,UNKNOWN(missing),123,1055,21,0.010434712731194508,0.009723175504560096,22.85330770164823,-11.844685770238025,673,374
4,UNKNOWN(missing),124,1041,21,0.009664289114952658,0.01786367575286516,22.30710492339106,-12.246579954725345,662,373
4,UNKNOWN(missing),125,1053,22,0.00955006340407086,0.005876872310865575,22.464813219375397,-12.408596454888785,671,373
4,UNKNOWN(missing),126,1032,20,0.009197539536011658,0.006214904961008726,21.315159607045636,-11.8232988058816,660,368
4,UNKNOWN(missing),127,1050,20,0.009185905192239552,0.005501058257278398,22.10864835706914,-12.463447905217608,664,377
4,UNKNOWN(missing),128,1053,20,0.009542325920141882,0.0073716719102861995,22.699661494939363,-12.651592301029961,663,384
4,UNKNOWN(missing),129,1048,21,0.009031838099544519,0.00666388011581063,22.440516766333687,-12.975150438011031,660,383
4,UNKNOWN(missing),130,1027,20,0.010073301883470751,0.008771863579849219,22.116714307730494,-11.771433273406025,653,367
4,UNKNOWN(missing),131,1005,21,0.010727790368889907,0.003917573447788057,21.9847403938995,-11.203311073165143,647,351
4,UNKNOWN(missing),132,1024,21,0.010304802530078639,0.005524395862078925,22.450427093264103,-11.898309302463577,655,364
4,UNKNOWN(missing),133,1027,21,0.010312733646694796,0.008825989149153914,22.794617492629463,-12.203440037473898,662,357
4,UNKNOWN(missing),134,1017,21,0.00967919616827279,0.011910794300823655,22.144943417010712,-12.301200913877286,653,353
4,UNKNOWN(missing),135,1006,21,0.010439630629304726,0.012104219123705927,22.007722078062066,-11.50545366498151,654,346
4,UNKNOWN(missing),136,1015,20,0.010900700922148052,0.010766352954293392,22.63984433076061,-11.575632894780334,663,343
4,UNKNOWN(missing),137,993,22,0.010172296840439014,0.006776043343477772,22.133879641812317,-12.032788879256367,650,337
4,UNKNOWN(missing),138,998,21,0.010202185479034447,0.004714774183802159,21.96627133456631,-11.784490226489934,650,343
4,UNKNOWN(missing),139,995,20,0.010746479484454272,0.013463817054355226,22.443253253040485,-11.750506166008492,659,332
4,UNKNOWN(missing),140,993,21,0.009429596525324109,0.007378593086270749,22.00016894408543,-12.636579594438587,640,350
4,UNKNOWN(missing),141,999,22,0.010774244072897437,0.010761565516996292,23.257523481960074,-12.494053653135532,651,337
4,UNKNOWN(missing),142,980,21,0.010758287238067701,0.005671133496642593,22.31670480109718,-11.773583307790831,643,327
4,UNKNOWN(missing),143,963,21,0.009774469760242831,0.004826809360299353,21.217431844325944,-11.804617465212095,626,330
4,UNKNOWN(missing),144,977,21,0.010284460454145371,0.006674770564700895,22.198184790674357,-12.150266926974334,638,332
4,UNKNOWN(missing),145,984,20,0.010499267049625338,0.015512479223741832,22.347255604515766,-12.015976827684437,642,335
4,UNKNOWN(missing),146,971,20,0.011290622943650306,0.01162127541074336,22.52681816118731,-11.563623282902869,643,322
4,UNKNOWN(missing),147,954,20,0.012830117859638385,0.008405181103690644,23.58912133279357,-11.349188894698557,636,312
4,UNKNOWN(missing),148,964,21,0.012440240229412184,0.008770265605150348,23.089993985115328,-11.097602403961988,635,319
4,UNKNOWN(missing),149,965,20,0.012451310837469483,0.01142461481220561,23.655506501480797,-11.639991543322742,646,313
4,UNKNOWN(missing),150,956,20,0.010819385273479063,0.0083990150861449,22.185808966912816,-11.842476645466828,635,312
4,UNKNOWN(missing),151,952,20,0.010685111708310538,0.005883077825033357,22.33302049730148,-12.16079415098985,626,314
4,UNKNOWN(missing),152,956,19,0.01076767806834863,0.007625590188422549,22.662786426719734,-12.368886193378446,622,326
4,UNKNOWN(missing),153,952,18,0.01217045173285681,0.007279097280948495,23.65627455373387,-12.07000450405419,616,326
4,UNKNOWN(missing),154,942,21,0.01174441233671166,0.002614620623804652,22.69736585573785,-11.63412943455547,619,316
4,UNKNOWN(missing),155,937,20,0.012412546600832698,0.008292076017500241,22.914489908226738,-11.283933743246502,623,307
4,UNKNOWN(missing),156,933,21,0.012180739646880346,0.012536052632052834,22.823708151783524,-11.459078061244163,621,305
4,UNKNOWN(missing),157,942,21,0.011468485738914609,0.010071015456102492,23.278745035414925,-12.475431469357364,616,321
4,UNKNOWN(missing),158,936,22,0.012579813371754607,0.02248791221106029,23.64681168593214,-11.872106369969826,610,321
4,UNKNOWN(missing),159,920,21,0.01187253405410624,0.015277071033878922,22.752901155567013,-11.83016982578927,596,319
4,UNKNOWN(missing),160,908,21,0.012723889197772677,0.01256409585733412,22.746069255522837,-11.192777863945237,592,309
4,UNKNOWN(missing),161,896,21,0.012145715590719707,0.008401264719382191,21.82756579731046,-10.9450046280256,589,302
4,UNKNOWN(missing),162,902,22,0.011316926775202558,0.009752789231829215,21.50265463307746,-11.294786681844755,592,301
4,UNKNOWN(missing),163,909,22,0.012034881366838062,0.010313663626312235,23.101097239327153,-12.161390076871347,594,310
4,UNKNOWN(missing),164,900,21,0.011880167976579335,0.01444191684944676,21.826155908740724,-11.134004729819313,584,308
4,UNKNOWN(missing),165,889,21,0.011670021363927847,0.0093664815979318,21.744131951613234,-11.369482959081381,578,307
4,UNKNOWN(missing),166,902,21,0.011931647949215866,0.011211147363842785,22.236118415525233,-11.473771965332524,590,305
4,UNKNOWN(missing),167,895,20,0.011866571342894741,0.010410035263619553,21.78608635124787,-11.165504999357076,591,299
4,UNKNOWN(missing),168,901,20,0.011891820008916608,0.011649231301301853,22.162856716648065,-11.448326888614204,587,307
4,UNKNOWN(missing),169,887,19,0.01203111913167143,0.01011028805881908,22.46333624841252,-11.791733578619965,574,304
4,UNKNOWN(missing),170,878,19,0.012173228342336466,0.015315005044946923,22.220524620993313,-11.53243013642189,571,300
4,UNKNOWN(missing),171,866,20,0.012591368724851412,0.007441212817103684,21.58833248242849,-10.684207166707163,570,289
4,UNKNOWN(missing),172,865,20,0.011564664983726661,0.010566294923005436,21.341910419283934,-11.338475208360377,571,290
4,UNKNOWN(missing),173,870,19,0.012997892852237855,0.008026839368987513,22.038593029614802,-10.73042624816787,573,293
4,UNKNOWN(missing),174,856,19,0.01375548527023679,0.014820459330295804,21.671711768425816,-9.897016377103123,573,278
4,UNKNOWN(missing),175,882,20,0.013405520915642873,0.010516183594306176,22.81088137759005,-10.987211929993034,573,304
4,UNKNOWN(missing),176,857,22,0.013372293430573383,0.008274593775584614,22.13810764843303,-10.678052178431647,557,290
4,UNKNOWN(missing),177,857,21,0.013755922175341235,0.016629065726233547,22.617646474628067,-10.828821170360627,569,279
4,UNKNOWN(missing),178,857,19,0.01461636821730466,0.015992541086130872,23.088663060714556,-10.562435498484463,563,286
4,UNKNOWN(missing),179,854,22,0.014929982419153838,0.02597033928063834,22.93416481771634,-10.183959831758965,565,281
4,UNKNOWN(missing),180,840,22,0.014284156093699329,0.018584014832776944,21.89278683068099,-9.894095711973558,565,272
4,UNKNOWN(missing),181,835,21,0.014057164788427085,0.021381640742583214,21.580352018539294,-9.842619420202679,564,268
4,UNKNOWN(missing),182,842,21,0.012143345536284319,0.014776176965007472,20.858467815932016,-10.633770874380609,558,278
4,UNKNOWN(missing),183,836,21,0.013046214739221393,0.013662282042175677,21.08894758096737,-10.182312058978292,548,277
4,UNKNOWN(missing),184,852,21,0.011264533511243374,0.017712815764184396,20.440057517316408,-10.84267496573705,553,292
4,UNKNOWN(missing),185,836,21,0.01340071398511403,0.018914657678681297,21.84163251119103,-10.638635619635703,549,279
4,UNKNOWN(missing),186,834,20,0.01334454747391538,0.016992908810042194,22.05624012810595,-10.926887534860523,552,279
4,UNKNOWN(missing),187,826,22,0.01464049590168232,0.013889193228571194,22.246292981185004,-10.153243366395404,552,270
4,UNKNOWN(missing),188,833,21,0.012875803496271616,0.008061902205101657,21.735415485086524,-11.009871172692263,544,283
4,UNKNOWN(missing),189,828,20,0.013177001467710623,0.009404364311540039,21.29188867276994,-10.381331457505542,539,282
4,UNKNOWN(missing),190,813,21,0.012899651320556855,0.01348934952648393,20.87487995551385,-10.38746343190113,529,278
4,UNKNOWN(missing),191,826,21,0.013635314874727912,0.019843263607771087,22.17186309410107,-10.909093007575818,542,282
4,UNKNOWN(missing),192,836,20,0.01421339996059547,0.021625318209952903,23.175965310054735,-11.293562942996926,546,286
4,UNKNOWN(missing),193,808,20,0.012641354684199363,0.011705651387988234,21.81523354537364,-11.601018960540552,523,280
4,UNKNOWN(missing),194,811,21,0.012726586289530335,0.004051784286861779,22.207517639499574,-11.88625615869047,527,277
4,UNKNOWN(missing),195,804,20,0.015094671940328562,0.007105972896899637,22.53100435873892,-10.394888118714753,530,268
4,UNKNOWN(missing),196,801,21,0.014399744126224596,0.010895888059339004,22.140234692470703,-10.606039647364788,519,278
4,UNKNOWN(missing),197,798,21,0.01372870090487322,0.01334586033740021,22.007072890894232,-11.051569568805398,509,284
4,UNKNOWN(missing),198,776,21,0.015501260414772405,0.021621231236619822,21.972121994619524,-9.943143912756135,511,259
4,UNKNOWN(missing),199,776,21,0.015600319474473372,0.01917105933684717,22.59316005959372,-10.487312147402385,513,259
4,UNKNOWN(missing),200,778,21,0.01567736818876822,0.01111134128322642,22.413869395989785,-10.216876945128114,508,266
4,UNKNOWN(missing),201,767,22,0.014781926673951456,0.01069333140056223,21.511939631882928,-10.174201872962161,503,263
4,UNKNOWN(missing),202,767,20,0.015819202345972904,0.01759595369911108,22.531157086098286,-10.397828886737079,507,259
4,UNKNOWN(missing),203,767,20,0.013828668367282432,0.01365907186147709,21.336660130492405,-10.73007149278678,494,266
4,UNKNOWN(missing),204,748,19,0.014820212477275066,0.005940933772536206,21.4166951386699,-10.331176205668156,485,257
4,UNKNOWN(missing),205,756,21,0.015370486867573665,0.015975792777887333,22.057354246518546,-10.437266174632859,478,271
4,UNKNOWN(missing),206,758,21,0.01737056888039025,0.017881654312702285,22.840266619177257,-9.67337540784145,497,259
4,UNKNOWN(missing),207,746,21,0.016884341918723726,0.017901679386828045,22.408209164830275,-9.81249009346238,490,250
4,UNKNOWN(missing),208,766,21,0.016920834204357676,0.013796447958651946,23.271548589875774,-10.310189589337792,495,262
4,UNKNOWN(missing),209,741,22,0.018422767462059283,0.017449057567961335,23.041932767516364,-9.390662078130436,493,239
4,UNKNOWN(missing),210,731,20,0.01652582379624658,0.012987891758587439,21.93094845118022,-9.850571256123969,477,246
4,UNKNOWN(missing),211,737,21,0.017535335211967,0.019915745998736547,22.797234896360752,-9.873692845141068,484,245
4,UNKNOWN(missing),212,735,21,0.018573753846421306,0.015949521994627763,22.86866699575977,-9.216957918640109,489,244
4,UNKNOWN(missing),213,733,22,0.016974242990616735,0.011389841774779278,22.34810211088015,-9.90598199875808,479,247
4,UNKNOWN(missing),214,732,21,0.019268816631313464,0.023769164657184875,23.56212777060926,-9.457353996487795,484,243
4,UNKNOWN(missing),215,726,22,0.01882994922228127,0.019680910189131498,22.937064711140014,-9.266521575763813,477,247
4,UNKNOWN(missing),216,737,21,0.02007552049808699,0.02013833366024727,24.26671544396572,-9.471056836875606,490,242
4,UNKNOWN(missing),217,722,18,0.02182050017415275,0.02313588601814593,24.92039349364066,-9.165992367902371,491,228
4,UNKNOWN(missing),218,724,19,0.021873201057634913,0.020085914654175526,24.765231003326097,-8.929033437598433,501,222
4,UNKNOWN(missing),219,724,18,0.020645274763583982,0.02025046251158631,24.227347070173646,-9.28016814133885,493,228
4,UNKNOWN(missing),220,726,20,0.02136480125218361,0.02178201074083628,24.69923230140074,-9.188386592315434,498,225
4,UNKNOWN(missing),221,720,19,0.02178118682313873,0.023792190159160537,24.964602029498327,-9.282147516838439,497,223
4,UNKNOWN(missing),222,737,20,0.022008139712092555,0.02015633688208393,25.57510026493781,-9.355101297125596,501,231
4,UNKNOWN(missing),223,707,20,0.022525924925575803,0.021725565370839195,24.604229307607962,-8.678400385225872,482,222
4,UNKNOWN(missing),224,714,20,0.021594614715456015,0.02351020830708069,24.49947806220043,-9.080923155364838,479,235
4,UNKNOWN(missing),225,691,19,0.023492168019430562,0.022994425893862972,24.690026047724086,-8.456937946297577,471,218
4,UNKNOWN(missing),226,703,18,0.023575893760195962,0.019495300836544778,25.596158507761597,-9.022305194343835,477,225
4,UNKNOWN(missing),227,690,19,0.02220899256295133,0.020299796697687975,24.714905360840525,-9.390700492404106,461,226
4,UNKNOWN(missing),228,677,20,0.0239454228908027,0.018526369244586484,24.955643298605956,-8.744592001532526,460,216
4,UNKNOWN(missing),229,696,20,0.0235408771725361,0.03004900778310059,25.509756434602128,-9.125305922516997,458,234
4,UNKNOWN(missing),230,672,18,0.025885416374961882,0.023794545749511484,26.01178837354693,-8.616788569572545,456,214
4,UNKNOWN(missing),231,662,18,0.02614583261388849,0.02676918629867147,25.516230568568066,-8.207689378173889,444,210
4,UNKNOWN(missing),232,660,20,0.025173387745658183,0.021223587666281647,25.111983572703632,-8.497547660569229,439,217
4,UNKNOWN(missing),233,664,21,0.025154572500949136,0.022285130082349974,25.167183347263308,-8.464547206633076,447,216
4,UNKNOWN(missing),234,642,20,0.02543652790556401,0.024091864582875565,24.473073565379384,-8.142822650007288,431,203
4,UNKNOWN(missing),235,640,20,0.02697790504618084,0.026843487869687505,25.27093081148495,-8.00507158192921,436,200
4,UNKNOWN(missing),236,643,19,0.025925604945556978,0.02699273224648833,24.834475790020498,-8.16431181002736,438,202
4,UNKNOWN(missing),237,637,19,0.023918432842801943,0.024123184211026303,23.78467292335847,-8.548631202493631,424,207
4,UNKNOWN(missing),238,630,19,0.024423444027411773,0.02558718129549537,23.50170797497243,-8.114938237703017,422,204
4,UNKNOWN(missing),239,629,21,0.02450741727828582,0.027707899100222904,23.547608942563574,-8.132443474521791,422,205
4,UNKNOWN(missing),240,640,21,0.026251658939623324,0.030374602121300345,24.84796849865949,-8.046906777300563,437,198
4,UNKNOWN(missing),241,630,20,0.025158575433296734,0.024359056257199065,24.13499790003741,-8.285095377060465,420,209
4,UNKNOWN(missing),242,632,19,0.02435459189778327,0.02136041485096501,23.883555203474003,-8.491453124074976,427,202
4,UNKNOWN(missing),243,618,20,0.027401394726254674,0.02533416617179397,24.597064152092784,-7.663002211267405,420,194
4,UNKNOWN(missing),244,625,21,0.02912271681081089,0.03023425920310981,26.124757458182614,-7.9230594514258135,434,190
4,UNKNOWN(missing),245,623,19,0.028106386785919767,0.025834875027162224,25.239105873458357,-7.728826905830352,423,195
4,UNKNOWN(missing),246,615,19,0.025840175136660523,0.022242468506450543,23.89793735358664,-8.006229644540417,419,193
4,UNKNOWN(missing),247,601,19,0.025981850077452663,0.02005012009645544,23.109824080662314,-7.494732184113257,410,187
4,UNKNOWN(missing),248,608,20,0.025987432126199788,0.0281308324854992,23.9324430795047,-8.132084346775228,415,191
4,UNKNOWN(missing),249,588,20,0.02451874620212925,0.03206489951779162,22.218293902269707,-7.801271135417709,405,179
4,UNKNOWN(missing),250,606,19,0.02405183377656087,0.027469108893426745,22.962406326689837,-8.386995058093946,408,196
4,UNKNOWN(missing),251,593,20,0.023168861339434434,0.025744078052762846,22.247547636465523,-8.508412862180915,399,192
4,UNKNOWN(missing),252,585,20,0.022871845272501034,0.018416693323016774,21.454424419765672,-8.074394935352558,392,191
4,UNKNOWN(missing),253,584,21,0.023049356300591208,0.025176473238550594,21.343305968946453,-7.882481889401192,399,182
4,UNKNOWN(missing),254,568,21,0.025103217982912245,0.028838200459281326,21.903851325834456,-7.645223511540293,384,181
4,UNKNOWN(missing),255,575,20,0.025364320982547702,0.02250191506732338,22.239306032450028,-7.6548214674851005,390,181
4,UNKNOWN(missing),256,574,20,0.02428856266137238,0.021352458532725157,21.86942011434793,-7.927785146720182,387,184
4,UNKNOWN(missing),257,570,19,0.02365407601225631,0.02509224932471064,21.399760135212286,-7.916936808226194,382,185
4,UNKNOWN(missing),258,567,22,0.02441221802094151,0.020925178740002163,21.929120357163765,-8.087392739289927,383,181
4,UNKNOWN(missing),259,552,21,0.02543698173329594,0.026970817828384085,21.395049730595634,-7.353835813816273,377,173
4,UNKNOWN(missing),260,549,20,0.024217665072483154,0.016141640831925617,20.54309865257419,-7.247600527780941,369,177
4,UNKNOWN(missing),261,536,20,0.02332856050237293,0.017019603144942164,20.10252989072595,-7.598421461454057,357,175
4,UNKNOWN(missing),262,539,19,0.02126538440089644,0.016239845559723916,19.451585158203407,-7.989542966120228,351,184
4,UNKNOWN(missing),263,537,19,0.020771550421852778,0.016705377959720595,19.017711041252525,-7.863388464717583,352,184
4,UNKNOWN(missing),264,526,19,0.022236883554102176,0.02427204465590488,19.496061616361697,-7.799460866903956,348,176
4,UNKNOWN(missing),265,518,19,0.023205234206140728,0.020301968496741107,19.64829416148012,-7.627982842699225,347,167
4,UNKNOWN(missing),266,522,18,0.02362584264467317,0.023214445410460208,20.065154224177572,-7.7324643636581785,356,165
4,UNKNOWN(missing),267,508,19,0.022141540617682018,0.022797886423269995,19.061274398437064,-7.813371764654597,340,165
4,UNKNOWN(missing),268,521,18,0.02348419378202957,0.027648131959108976,19.84267779909532,-7.607412838657911,349,170
4,UNKNOWN(missing),269,509,20,0.024107691410530045,0.021108919804418556,19.44760382588773,-7.176788897927936,343,164
4,UNKNOWN(missing),270,529,20,0.021345571322116806,0.018629481350846383,19.55272075162192,-8.260913522222124,347,179
4,UNKNOWN(missing),271,511,20,0.026139177930897702,0.026753511561099553,20.444614110294587,-7.087494187605864,347,160
4,UNKNOWN(missing),272,508,20,0.023960877770382895,0.01926734035605393,19.361279621173114,-7.189153713818605,341,165
4,UNKNOWN(missing),273,515,19,0.02316618639246127,0.018112588205689496,19.49447880743632,-7.563892815318768,341,173
4,UNKNOWN(missing),274,487,19,0.026787939564734173,0.021439048552586926,19.47022196054001,-6.424495392514464,338,147
4,UNKNOWN(missing),275,495,20,0.024615466043850644,0.01692258197720537,19.431672503472043,-7.247016811765974,335,155
4,UNKNOWN(missing),276,492,19,0.024515878581421898,0.015282744773066391,19.105068476310528,-7.043256214250953,333,156
4,UNKNOWN(missing),277,488,19,0.024933379716796628,0.019565390851745534,19.68442581697512,-7.516936515178362,327,159
4,UNKNOWN(missing),278,497,20,0.02690783543096475,0.023100079265388786,20.790171481827045,-7.4169772726375625,334,162
4,UNKNOWN(missing),279,485,19,0.027373659536522082,0.02596246202893443,20.12084384377463,-6.8446189685614165,328,154
4,UNKNOWN(missing),280,480,21,0.025016718069393186,0.03345736567053034,18.845045962313343,-6.837021289004612,323,154
4,UNKNOWN(missing),281,476,22,0.0255593223890936,0.02561938238161164,18.87870352732595,-6.7124660701174035,317,153
4,UNKNOWN(missing),282,472,20,0.02456393190009089,0.029270509715067693,18.732819438850026,-7.138643582007127,319,150
4,UNKNOWN(missing),283,467,20,0.02626265138193452,0.023449995161077698,19.12451611082419,-6.859857915460764,312,151
4,UNKNOWN(missing),284,469,19,0.024901132117246295,0.019188889439552097,18.976754899724245,-7.298123936735733,314,152
4,UNKNOWN(missing),285,476,20,0.024211258715519792,0.01771959363916111,19.193082078997755,-7.66852293041033,316,155
4,UNKNOWN(missing),286,453,20,0.025596196607917135,0.019169727738705393,18.450591172929663,-6.855514109543191,300,152
4,UNKNOWN(missing),287,446,20,0.023413999179667272,0.01421862420529052,17.892416311638943,-7.449772677507337,290,154
4,UNKNOWN(missing),288,453,20,0.02393398731473239,0.020602586572016184,18.05855035387658,-7.216454100302808,299,151
4,UNKNOWN(missing),289,450,20,0.022395727884038215,0.018512673496854083,17.51173517292504,-7.433657625107835,294,153
4,UNKNOWN(missing),290,443,20,0.02576551956515969,0.021488742874479955,18.47479241436128,-7.060667246995535,300,141
4,UNKNOWN(missing),291,442,20,0.02647306484778896,0.019930782424872267,18.590660523492136,-6.889565860769418,295,145
4,UNKNOWN(missing),292,440,18,0.023176355204999475,0.018711565485634952,17.365894939757272,-7.1682986495575065,292,145
4,UNKNOWN(missing),293,436,20,0.02361992099158943,0.01975487867605178,17.489029484005712,-7.190743931672723,289,145
4,UNKNOWN(missing),294,424,20,0.027434067749770502,0.029881567870185553,18.07961987297078,-6.447575147068086,287,136
4,UNKNOWN(missing),295,428,19,0.02593362023008822,0.029690323613177805,17.71146251912795,-6.611873060650189,294,133
4,UNKNOWN(missing),296,417,19,0.02515696697323977,0.026431105137331882,16.82960236624954,-6.339147138408558,282,130
4,UNKNOWN(missing),297,406,19,0.028327219422556105,0.029545124987697808,17.58423187850755,-6.0833807929497725,281,124
4,UNKNOWN(missing),298,397,18,0.026038205187901516,0.026291964145030662,16.40634108596513,-6.069173626368227,266,129
4,UNKNOWN(missing),299,400,20,0.024493783011093884,0.0286110507398031,16.394916462930738,-6.597403258493185,262,136
4,UNKNOWN(missing),300,394,20,0.02711929320671421,0.03216843237407496,16.643312117504927,-5.9583105940595305,262,130
4,UNKNOWN(missing),301,401,19,0.024641161370207682,0.03172968482729671,16.415490607822626,-6.534384898369346,260,139
4,UNKNOWN(missing),302,404,18,0.024088787867239416,0.03143035812554797,17.056722842315843,-7.3248525439511205,263,139
4,UNKNOWN(missing),303,387,18,0.025133078611561843,0.025090053366254382,16.091531386590486,-6.365029963916051,249,136
4,UNKNOWN(missing),304,387,20,0.0213437050970014,0.03564074706258012,15.661156385078534,-7.401142512538993,246,138
4,UNKNOWN(missing),305,382,19,0.024874809490923536,0.032159643321786724,15.924994170073246,-6.4228169445404575,246,133
4,UNKNOWN(missing),306,390,19,0.026570900082290478,0.03516353046238392,16.712830103714893,-6.350179071621608,253,134
4,UNKNOWN(missing),307,367,19,0.023389958126036545,0.029446514049031734,14.694402095694192,-6.110287463438777,233,128
4,UNKNOWN(missing),308,363,18,0.021383883696023,0.02259851766170424,14.502067635299968,-6.739717853643619,231,129
4,UNKNOWN(missing),309,374,18,0.02196765681535882,0.027642937564555253,15.19227733914201,-6.976373690197811,237,135
4,UNKNOWN(missing),310,374,17,0.021795473387959927,0.022580107158766145,15.310678521808846,-7.159171474711831,232,139
4,UNKNOWN(missing),311,362,18,0.021870049332430055,0.021451588126851478,14.523750880507198,-6.60679302216752,225,133
4,UNKNOWN(missing),312,360,18,0.02504796083379791,0.028589007352640503,15.465411104156635,-6.448145203989387,226,130
4,UNKNOWN(missing),313,343,17,0.019232169626710385,0.023241667547161213,13.571843340391137,-6.975209158429475,211,128
4,UNKNOWN(missing),314,346,18,0.019566445617902047,0.02440238742814467,13.707856785872174,-6.937866602078068,215,130
4,UNKNOWN(missing),315,343,17,0.022042446881074648,0.020396790078777788,13.991951402761007,-6.4313921225524044,217,123
4,UNKNOWN(missing),316,338,18,0.022127253261342694,0.02605648414805385,13.98998788578543,-6.5109762834516,214,120
4,UNKNOWN(missing),317,340,18,0.020402964558271303,0.023720335233178833,13.636967180532217,-6.6999592307199745,213,121
4,UNKNOWN(missing),318,339,19,0.019211042972524985,0.026167834694506106,13.3328362729126,-6.820292705226631,213,122
4,UNKNOWN(missing),319,330,19,0.01952747476776544,0.028527612322195712,12.608822851753803,-6.164756178391209,205,121
4,UNKNOWN(missing),320,330,18,0.02209788677216418,0.028188788968491967,13.221831061807801,-5.929528426993624,211,115
4,UNKNOWN(missing),321,328,18,0.026093541792499193,0.02941781019117227,14.418432869559007,-5.85975116161927,215,109
4,UNKNOWN(missing),322,309,18,0.024566099885252067,0.027808814924848244,12.971902447869274,-5.3809775833263895,197,110
4,UNKNOWN(missing),323,311,18,0.025289790582931296,0.029657928059660284,13.34978895195287,-5.484664080661232,200,105
4,UNKNOWN(missing),324,308,18,0.02528173395575555,0.03444741709465658,13.331844976511375,-5.545070918138668,194,110
4,UNKNOWN(missing),325,306,18,0.028166564390051625,0.033150997306118694,13.35413850696753,-4.735169803611733,195,107
4,UNKNOWN(missing),326,303,18,0.025246181613811407,0.03345746867028821,12.813582737500681,-5.163989708515827,195,106
4,UNKNOWN(missing),327,306,17,0.03425670022348207,0.03392098891202799,14.635192612490101,-4.152642344104593,201,101
4,UNKNOWN(missing),328,297,18,0.032777530033263697,0.037421669269891905,13.986179200603917,-4.2512527807246,194,100
4,UNKNOWN(missing),329,296,18,0.030630541026054347,0.035730196305730974,13.817270038830967,-4.750629895118878,192,102
4,UNKNOWN(missing),330,287,18,0.026452783729431772,0.034693872331432944,12.628458948685717,-5.036510018338795,186,100
4,UNKNOWN(missing),331,289,17,0.030648474127026544,0.04010666286467096,13.933717285465555,-5.0763082627548854,187,100
4,UNKNOWN(missing),332,271,17,0.02841571560217534,0.03589009904302762,12.241093098699212,-4.540434170509692,174,96
4,UNKNOWN(missing),333,272,18,0.03306302868686673,0.037152339404143156,13.284025674863065,-4.290881872035313,173,96
4,UNKNOWN(missing),334,272,19,0.029557106329960166,0.03612680019297674,12.41247557559903,-4.372942653849867,180,88
4,UNKNOWN(missing),335,271,18,0.027947501655101726,0.04207434149463764,12.666262122390314,-5.092489173857748,177,90
4,UNKNOWN(missing),336,264,18,0.028314410896245295,0.0407232543270943,12.667929833529035,-5.1929253569202745,171,92
4,UNKNOWN(missing),337,254,18,0.023156709894815553,0.036134567968139165,11.335691372927135,-5.453887059643984,158,94
4,UNKNOWN(missing),338,256,18,0.02592699152120321,0.040280387482451135,11.572589773563468,-4.935279944135445,165,89
4,UNKNOWN(missing),339,245,17,0.030904619812719945,0.037691476268065405,11.468340535065854,-3.8967086809494664,163,78
4,UNKNOWN(missing),340,241,17,0.03237643706298821,0.04542215059144222,11.424535968222632,-3.621814636042468,162,77
4,UNKNOWN(missing),341,237,18,0.0323687266239096,0.043954711083110526,11.609885680552644,-3.938497470686068,158,77
4,UNKNOWN(missing),342,228,19,0.02504119631549693,0.03675985998809657,10.134895369545045,-4.425502609611746,147,79
4,UNKNOWN(missing),343,221,18,0.021993450806918814,0.04404901677215583,9.577666343825511,-4.717113715496453,142,78
4,UNKNOWN(missing),344,222,16,0.027135381270766732,0.03757541638777984,10.365724043198673,-4.341669401088456,147,73
4,UNKNOWN(missing),345,232,20,0.03146203833600861,0.04023035627143756,11.168195035613293,-3.8690021416592932,158,70
4,UNKNOWN(missing),346,228,18,0.031871270777823806,0.04109832483706109,10.855880432136585,-3.5892306947927572,158,67
4,UNKNOWN(missing),347,217,19,0.03235766267911083,0.05141537224559543,10.3642539213273,-3.3426411199602466,151,66
4,UNKNOWN(missing),348,216,19,0.030470045959663457,0.046720911539775666,10.140147757109649,-3.558617829822345,151,63
4,UNKNOWN(missing),349,208,18,0.027503432424180428,0.038738347066625906,9.197472699459748,-3.47675875523022,151,56
4,UNKNOWN(missing),350,211,18,0.03382223571641457,0.04286417174084738,10.468888032287406,-3.332396296123932,157,52
4,UNKNOWN(missing),351,206,18,0.03336327149412145,0.046407331879553586,10.234960131260362,-3.362126203471342,156,48
4,UNKNOWN(missing),352,199,20,0.03761247519127597,0.048424292293479325,10.104394353591374,-2.6195117905274556,155,44
4,UNKNOWN(missing),353,187,20,0.03624049249370598,0.044736012240120006,9.150328128151099,-2.3733560318280835,138,48
4,UNKNOWN(missing),354,191,19,0.03473618914196993,0.04546962535219373,9.230198868851378,-2.5955867427351214,141,49
4,UNKNOWN(missing),355,184,19,0.029385077309924557,0.049819797198563956,8.561439203743927,-3.1545849787178044,130,54
4,UNKNOWN(missing),356,169,17,0.028579553087961302,0.04703365883661424,7.877250102133216,-3.0473056302677577,120,49
4,UNKNOWN(missing),357,174,19,0.028527186920231394,0.04258248274938794,8.060249426670493,-3.0965189025502315,124,49
4,UNKNOWN(missing),358,169,18,0.042291481635388775,0.05295917634311456,9.241802590989964,-2.0945421946092635,132,37
4,UNKNOWN(missing),359,169,19,0.044793597943431435,0.05648775705965292,9.39904536663422,-1.8289273141943085,127,42
4,UNKNOWN(missing),360,161,17,0.03787382709890851,0.05499471792522108,8.312902822908008,-2.215216659983737,119,42
4,UNKNOWN(missing),361,159,17,0.04194601494969252,0.05332227474392395,8.750075641657379,-2.0806592646562656,121,37
4,UNKNOWN(missing),362,150,17,0.042182954879860464,0.05898631298057094,8.33697288533694,-2.009529653357868,116,34
4,UNKNOWN(missing),363,148,17,0.04232642750735892,0.060150607044326274,8.232254418179881,-1.9679431470907618,111,35
4,UNKNOWN(missing),364,143,17,0.04945841862742503,0.06653124079819117,8.468158619901008,-1.395604756179229,109,32
4,UNKNOWN(missing),365,132,18,0.05150619539678869,0.06356116470372347,7.749186687381229,-0.9503688950051223,101,30
4,UNKNOWN(missing),366,129,18,0.04741942658974158,0.06517879316943893,7.513433196212076,-1.396327166135411,102,27
4,UNKNOWN(missing),367,127,18,0.048583104815978245,0.06927866674761318,7.756848078670806,-1.5867937670415695,95,32
4,UNKNOWN(missing),368,121,17,0.0492767353192038,0.07173533801645289,7.382536654866337,-1.4200516812426782,88,31
4,UNKNOWN(missing),369,118,17,0.05423004987597188,0.06584391567144891,7.525873451248841,-1.1267275658841576,89,28
4,UNKNOWN(missing),370,111,16,0.05625372569649254,0.07390194496571216,7.121035658529157,-0.8768721062184848,82,28
4,UNKNOWN(missing),371,113,18,0.05742648958144693,0.06606634453198042,7.374293041750581,-0.8850997190470786,83,29
4,UNKNOWN(missing),372,104,17,0.04914631643126082,0.04876394225685368,6.2485948911000735,-1.1373779822489463,71,31
4,UNKNOWN(missing),373,102,18,0.0513051087775585,0.06619367995815531,6.23354061939512,-1.0004195240841531,71,30
4,UNKNOWN(missing),374,93,17,0.04976150229739049,0.06756533761802798,5.41555635570064,-0.7877366420433238,65,26
4,UNKNOWN(missing),375,86,16,0.04744729954177732,0.06114999049162055,4.918825464221396,-0.8383577036285467,58,28
4,UNKNOWN(missing),376,79,16,0.05066595272759446,0.07478650960768342,4.607977111081806,-0.6053668456018433,51,27
4,UNKNOWN(missing),377,76,15,0.052089153443582316,0.07204277038078914,4.732781320538209,-0.7740056588259544,48,28
4,UNKNOWN(missing),378,74,16,0.059555108059210674,0.07286877620091506,5.067382883270222,-0.660304886888633,48,25
4,UNKNOWN(missing),379,66,16,0.060316113724090056,0.07921380842446,4.494306632094712,-0.5134431263047681,45,21
4,UNKNOWN(missing),380,57,14,0.06468202536156668,0.07021713229470693,4.0938249313618975,-0.4069494857525967,41,15
4,UNKNOWN(missing),381,52,15,0.07483227158281591,0.08061094283864723,4.22478890330434,-0.33351078099791287,37,15
4,UNKNOWN(missing),382,45,14,0.07850252197532671,0.09453314060749476,3.7400840535920508,-0.20747056470234815,30,15
4,UNKNOWN(missing),383,39,13,0.08453488606892032,0.092321776483239,3.4808784866646114,-0.18401792997671862,27,11
4,UNKNOWN(missing),384,31,12,0.06886232426268693,0.04807868254734884,2.4348887733181828,-0.30015672117488834,19,12
4,UNKNOWN(missing),385,20,9,0.08810471771190295,0.08913476723059585,1.8575043592199985,-0.0954100049819393,13,7
4,UNKNOWN(missing),386,14,9,0.11176128249449588,0.12960099484483711,1.5998599957825015,-0.03520204085955936,10,4
4,UNKNOWN(missing),387,6,6,0.12488048798692376,0.12488048798692376,0.766600437305694,-0.01731750938415144,4,2
