dist_bin,label,h,n_pairs,n_member_states,mean_occ,mean_member,pos_sum,neg_sum,n_pos,n_neg,cv_min,cv_max,cv_p01,cv_p05,cv_p10,cv_p25,cv_p50,cv_p75,cv_p90,cv_p95,cv_p99,cv_n
0,<=-20%,0,554945,1798,0.0,0.0,0.0,0.0,0,0,0.0,0.0,0.0,0.0,0.0,0.0,0.0,0.0,0.0,0.0,0.0,34892
0,<=-20%,1,532121,1792,-1.7817090568389542e-6,0.0014794363239368621,2492.455793495217,-2493.4038783002543,248384,250528,-0.272060606060606,0.38075313807531375,-0.04325166843831539,-0.021020257845520973,-0.013944536820054053,-0.00598803604952991,0.0,0.005994055885821581,0.014424599148333071,0.02162211500108242,0.04141288310289385,33483
0,<=-20%,2,528064,1792,-0.00005605000941734988,0.0024437704590603458,3391.1658567723025,-3420.76384894527,249409,255765,-0.32099338516885234,0.3924050632911391,-0.05882352963089943,-0.029154071770608424,-0.019288962334394453,-0.008329329313710332,0.0,0.00821064761839807,0.019589556939899923,0.029898405354469994,0.058216503746808014,33264
0,<=-20%,3,524751,1790,-0.00016900629070547375,0.0030852900673265004,4028.0546335408717,-4116.740853594857,248415,257767,-0.4115458111234034,0.38655462184873945,-0.06760573834180832,-0.03529662229120731,-0.02380952425301075,-0.010200397577136755,0.0,0.009708737954497337,0.02386765815317631,0.0359176456928253,0.06878312304615948,33059
0,<=-20%,4,521806,1788,-0.0002746918404679687,0.003647055611590771,4548.090742903938,-4691.426593411172,247131,259217,-0.4076136478687862,0.3984581497797357,-0.07656013578176499,-0.040670014545321466,-0.02757128104567528,-0.011827191803604364,0.0,0.011054678587242961,0.02684122007340193,0.04013412222266197,0.07692307978868484,32934
0,<=-20%,5,519737,1786,-0.00043449242977963574,0.004102743685022704,4998.859234738813,-5224.681026715197,245713,260305,-0.4775892857142858,0.44164396003633066,-0.08278150677680969,-0.04545454680919647,-0.0305732624605298,-0.013319620164111257,0.0,0.01260126056149602,0.02981029823422432,0.044534411281347275,0.08443949885666377,32388
0,<=-20%,6,517700,1781,-0.0005767793645589887,0.004579963180428112,5412.955476496573,-5711.554153528777,245084,260311,-0.4799111111111112,0.49210903873744627,-0.09238328903913498,-0.04997408166527748,-0.033373018354177476,-0.014563106931746006,-0.000031249022867996246,0.013645310420542955,0.032314315438270576,0.04826988764107227,0.09278651431202885,32355
0,<=-20%,7,515635,1780,-0.000698379806176711,0.004958177422572934,5782.734589241606,-6142.843660599526,244029,260179,-0.5041525423728814,0.6068866571018652,-0.09833906427025794,-0.05345660131424664,-0.03615537583827972,-0.01582077518105507,-0.000077519376645796,0.014518341748043895,0.034736840426921864,0.05191461741924285,0.09802095122635367,31972
0,<=-20%,8,513335,1783,-0.0008589465979236642,0.005419115058633918,6097.554892841089,-6538.482244686251,242799,260066,-0.5041525423728814,0.5654234751153799,-0.10648003697395325,-0.05663837548345327,-0.03854832239449024,-0.016971861477941275,-0.00010989130169036798,0.01550387591123581,0.03669690638780594,0.0545453555881977,0.10516681149601918,31902
0,<=-20%,9,511044,1782,-0.0010145350723316455,0.005755175231756614,6380.714027746254,-6899.186089250924,241452,259910,-0.5223673469387755,0.5737704918032787,-0.10904084950685501,-0.05978360064327716,-0.040582536160945884,-0.01773766241967678,-0.0004418985336087644,0.016260161995887756,0.03864286318421365,0.05767699293792244,0.11229815423488596,31787
0,<=-20%,10,509031,1779,-0.0011976289021260267,0.0062258854529528935,6644.8107902025395,-7254.441027880671,239974,259901,-0.5280309752359442,0.6257120286058793,-0.11432224541902541,-0.06420070454478263,-0.04296645671129227,-0.01921811420470476,-0.0003488372021820396,0.016806723549962044,0.04033350944519045,0.06014614365994924,0.1192518512904646,31779
0,<=-20%,11,507080,1778,-0.0013733468603303127,0.006399103567582313,6892.294879569864,-7588.691605506157,239122,259350,-0.5164462809917356,0.6300349243306169,-0.11941832341253758,-0.06700965091586113,-0.04545454680919647,-0.020168272778391838,-0.0005972051585558802,0.017522165086120367,0.04146462418138981,0.062466258183121674,0.1242222281545396,31664
0,<=-20%,12,504997,1778,-0.001536748208275855,0.006616982945466225,7121.116705698159,-7897.169940632849,238120,258677,-0.5124166666666667,0.6236331129682757,-0.12482252806425094,-0.06923773027956485,-0.04730798378586769,-0.020904325880110264,-0.0010025065275840461,0.018217215780168772,0.04285207651555541,0.0640761502087116,0.12962804958224264,31602
0,<=-20%,13,502896,1777,-0.0017129029734753542,0.006910417998890179,7330.027637154854,-8191.439690903735,236743,258235,-0.5083193277310925,0.6368508593605617,-0.12836211830377578,-0.07241064794361592,-0.050283832848072044,-0.021973490715026855,-0.00113766232971102,0.018997023347765207,0.04517854601144791,0.06717496551573275,0.12995315030217167,31494
0,<=-20%,14,500793,1778,-0.0018861977106651585,0.00732308420937609,7520.72111657109,-8465.315726688243,235604,257754,-0.5083193277310925,0.7288378766140604,-0.1311928354203701,-0.07525487393140792,-0.05196446701884269,-0.023046006448566914,-0.0011866329004988074,0.0193239557556808,0.0454642664641142,0.06796760894358139,0.13284190714359245,31452
0,<=-20%,15,498726,1774,-0.002075360100199876,0.007456847118905283,7693.502558809375,-8728.53860014166,234036,257309,-0.5384615384615385,0.8343041606886659,-0.13647947922348977,-0.07781477645039558,-0.05353910215198993,-0.02397480607032776,-0.0012655147584155202,0.020067847799509764,0.04732668139040469,0.07095411047339427,0.13714648172259317,31368
0,<=-20%,16,496688,1771,-0.0022893884270383095,0.007538597816109324,7853.614822924075,-8990.72658197288,233027,256669,-0.5383653846153846,0.7173601147776185,-0.13997180610895157,-0.08143880218267441,-0.05597015097737312,-0.02470281021669507,-0.0014873017789795995,0.02044226136058569,0.04872586019337177,0.07218136265873909,0.14042167812585835,31286
0,<=-20%,17,494650,1770,-0.002474787088426534,0.007774124367308207,8010.910908962268,-9235.064342252417,231588,256226,-0.5297648824412207,0.8622668579626973,-0.1450970247387886,-0.08334440365433693,-0.056886225938797,-0.025445381179451942,-0.001384685980156064,0.02090750727802515,0.04924999922513962,0.0741821900010109,0.1455453485250473,31151
0,<=-20%,18,492760,1763,-0.002671859700167803,0.008134194754576185,8152.169343519475,-9468.754929374174,230541,255611,-0.5913043478260869,0.7848502304147467,-0.14842184484004975,-0.08576111644506454,-0.05919053256511688,-0.02654462307691574,-0.001700680237263441,0.021527273580431938,0.05117916688323021,0.0762711837887764,0.14986406147479991,31109
0,<=-20%,19,490810,1764,-0.0028728607772243184,0.008585816069633205,8286.489817519305,-9696.518615588768,229747,254784,-0.5625,0.8024859118340593,-0.14990597039461134,-0.0880694605410099,-0.06045918464660645,-0.027194846887141466,-0.0018487356137484312,0.022148195654153824,0.05182781666517258,0.07742687836289397,0.1525377365946769,30944
0,<=-20%,20,488683,1765,-0.003049693010046632,0.008831154079716286,8423.657003568555,-9913.990132797138,228256,254144,-0.5596330275229358,0.9316824914546145,-0.15504097193479538,-0.09037116728723049,-0.0625,-0.028005683328956366,-0.0020000000949949026,0.022458940278738737,0.05325552076101303,0.07911855913698673,0.15279655903577805,30826
0,<=-20%,21,486811,1762,-0.003234539916144622,0.009070631215502386,8554.102401210921,-10128.712012329219,227236,253577,-0.612840780771092,0.9296987087517934,-0.15782019019126892,-0.0911931574344635,-0.06395410448312759,-0.028415268287062645,-0.002071823226287961,0.023219043388962746,0.05419549942016602,0.08069071620702742,0.1604528382420541,30279
0,<=-20%,22,484833,1762,-0.0033995320640087708,0.009598874845403357,8687.016876462452,-10335.222205651951,225858,252978,-0.6127601226004193,1.1262139802565843,-0.16358812972903253,-0.0936991423368454,-0.06583831831812859,-0.029602869879454374,-0.002327745547518134,0.02348993346095085,0.05557231418788433,0.08294766396284103,0.1629603065550327,30246
0,<=-20%,23,482856,1762,-0.0035639054176678712,0.009677164377564171,8803.860561191375,-10524.713675544846,224679,252529,-0.622077001810881,1.2072368421052633,-0.1654687410593033,-0.09611212462186812,-0.06691871285438537,-0.030383480712771416,-0.0025234490167349577,0.023728813976049423,0.05660052672028543,0.08543480783700934,0.16553331732749924,29957
0,<=-20%,24,480894,1763,-0.003759491254975989,0.009910565839894058,8911.772664725599,-10719.689452295985,223344,252041,-0.633085981609937,1.263157894736842,-0.1682625925540924,-0.09803768247365952,-0.06864272952079772,-0.03097747080028057,-0.0025252525229007006,0.023923445492982864,0.057264894247055054,0.08580866158008553,0.16960222423076637,29863
0,<=-20%,25,479014,1758,-0.003951963147623854,0.010216522329163561,9011.621960981043,-10904.667636176917,222161,251462,-0.6346086956521739,1.592236842105263,-0.16986124634742739,-0.09908423125743866,-0.06914374828338622,-0.03154871612787247,-0.0027217124588787556,0.024326100945472717,0.058334098756313325,0.08677934706211085,0.17080192148685372,29809
0,<=-20%,26,477004,1759,-0.004132677084009171,0.01038578926460469,9112.640342040775,-11083.943841821489,221054,250702,-0.6418392252578538,1.609403973509934,-0.17414312660694123,-0.10118510723114013,-0.07046223580837248,-0.03214285895228386,-0.0028571428265422583,0.02476780116558075,0.05840006694197657,0.08740740418434136,0.17511133611202243,29717
0,<=-20%,27,475115,1757,-0.004304099891573237,0.010808675377608604,9217.632769726106,-11262.575189710904,219725,250191,-0.6567826086956521,1.370860927152318,-0.1821061885356903,-0.10268492177128792,-0.07231846451759338,-0.03305733948945999,-0.002864094218239188,0.024989409372210503,0.05917177274823199,0.08823654353618622,0.1755133008956909,29675
0,<=-20%,28,473239,1755,-0.004463174039724576,0.010839821488150972,9315.514629469424,-11427.662648854617,218865,249440,-0.6869565217391305,1.5669055374592835,-0.1845627874135971,-0.10478821583092213,-0.07359392270445823,-0.03329769056290388,-0.003120652982033789,0.025343341287225485,0.05970149114727974,0.08925182446837425,0.17863283336162558,29650
0,<=-20%,29,471225,1754,-0.0046215234593004455,0.01099110668099719,9401.666896206201,-11579.444288315066,217905,248398,-0.6618376505786946,1.671322033898305,-0.18683478578925133,-0.10714422985911369,-0.07481952160596847,-0.0340809877961874,-0.0032465490512549877,0.0258620698004961,0.060364601761102726,0.09042899198830127,0.1817699463665484,29580
0,<=-20%,30,469185,1754,-0.004773239904406238,0.011366497926961462,9489.307147964893,-11728.839712513749,216650,247815,-0.6604743083003952,2.09360599078341,-0.1934853194653988,-0.10878872387111187,-0.07640972286462784,-0.03489202167838812,-0.003356462111696601,0.02575634978711605,0.06032853871583939,0.09143391847610473,0.18337154105305667,29434
0,<=-20%,31,467261,1751,-0.004940717429531925,0.011602577517983263,9572.506346043501,-11881.11091288403,215415,247154,-0.6564347826086956,1.7023529411764704,-0.19418134808540344,-0.11074931025505065,-0.07839356958866119,-0.03551912680268288,-0.0034812286030501127,0.026371682062745094,0.062104615569114716,0.0921681001782417,0.19181807100772866,29429
0,<=-20%,32,465376,1753,-0.005109690288700704,0.011513196505500041,9651.138782898994,-12029.066010693383,214090,246726,-0.6842105263157894,2.1591176470588236,-0.19882045507431031,-0.1123075608164072,-0.07943998798727989,-0.036405328661203384,-0.0035960532259196043,0.026279266458004713,0.06281841248273848,0.09297329932451237,0.19268431827425964,29358
0,<=-20%,33,463340,1751,-0.005243045715408147,0.011809274630638564,9736.314176132506,-12165.626977909697,213047,245704,-0.6634276310633963,1.6135058823529413,-0.2010856506228447,-0.11394633539021015,-0.08043162152171135,-0.03665871173143387,-0.003613436478190124,0.026723343413323164,0.06343584954738617,0.09441630654036998,0.19540423542261104,29144
0,<=-20%,34,461425,1751,-0.005411860518152393,0.012000434617764415,9804.893248234946,-12302.06098782342,211924,245049,-0.673304347826087,1.307232317863194,-0.20044080317020416,-0.1158735916018486,-0.08237564414739608,-0.037085733376443386,-0.003677428816445172,0.02700974280014634,0.06439016684889795,0.09566455408930777,0.19681668967008595,29090
0,<=-20%,35,459593,1746,-0.005562195597474339,0.012279964952168024,9876.160603648668,-12432.50676487864,211010,244145,-0.6660060192321808,1.306805074971165,-0.20720540523529052,-0.11617912836372853,-0.08304371610283852,-0.03767266217619181,-0.0037324430886656046,0.027489131316542625,0.0645361803472042,0.09700582586228845,0.2030180640518664,28978
0,<=-20%,36,457824,1747,-0.005728726636730331,0.012293441278409102,9938.4668442851,-12561.21538801952,209977,243491,-0.6652173913043478,1.6493656286043827,-0.2106487187743187,-0.11710031703114508,-0.08388205766677856,-0.03846153989434242,-0.003937007859349251,0.027451610192656517,0.06514738500118256,0.09798761010169955,0.20400114923715557,28887
0,<=-20%,37,455757,1748,-0.005925802747411569,0.01205087392649678,9986.32591586378,-12687.051998615843,209106,242556,-0.6847243632092784,2.0971741637831602,-0.2104855328798294,-0.11848395206034183,-0.08496974781155586,-0.03889647591859102,-0.004051868570968509,0.02786791417747736,0.06585843935608865,0.10027967169880865,0.20618575826287244,28300
0,<=-20%,38,453936,1748,-0.006101306802798334,0.012158072605777523,10041.117649107406,-12810.72045394249,207687,242161,-0.6794776119402985,1.634216589861751,-0.21237115919589997,-0.12152524441480636,-0.08543031513690949,-0.039475586265325546,-0.004219409078359604,0.028078466653823853,0.06673023700714119,0.10149761885404586,0.20423029899597192,28265
0,<=-20%,39,451909,1744,-0.0062656465529158595,0.01232015181826443,10088.490298154522,-12919.9923662362,206513,241295,-0.678714859437751,1.6355852842809364,-0.21423232436180115,-0.12204376868903637,-0.08710611164569854,-0.040018665604293346,-0.004081632476300001,0.028378693852573633,0.06737752556800841,0.10256410390138626,0.2080753867328172,27938
0,<=-20%,40,450038,1745,-0.006411845102387832,0.012474931195473063,10143.258055526067,-13028.83200171446,205796,240269,-0.6856169766832592,1.69,-0.21648844480514526,-0.12340988963842392,-0.08775981515645981,-0.040563398972153664,-0.004353741649538279,0.028391984291374683,0.0679657831788063,0.10314372181892395,0.2139447391033174,27931
0,<=-20%,41,448063,1742,-0.006567746761516475,0.01297124372570711,10192.79438294211,-13135.558700147445,204348,239635,-0.6955652173913043,1.6311853088480799,-0.21933451265096665,-0.12423625513911248,-0.08907685577869415,-0.04147697240114212,-0.004149377811700106,0.028773842379450798,0.06868341863155365,0.10501270368695256,0.21429391235113163,27895
0,<=-20%,42,446170,1744,-0.006722887658716169,0.012786193469801295,10245.833578583939,-13245.384365273347,203375,238961,-0.7304347826086957,1.4430529411764708,-0.2235473969578743,-0.1269671842455864,-0.09000000357627869,-0.04199110344052315,-0.004514672793447971,0.029043367132544518,0.06890939921140671,0.10581595152616498,0.21769842654466628,27855
0,<=-20%,43,444419,1744,-0.0068944772299016814,0.012761302936497396,10296.203756946537,-13360.240432982266,202437,238117,-0.7303478260869565,1.4923529411764704,-0.22484268724918366,-0.12877598404884338,-0.09108656197786331,-0.042517658323049545,-0.004524887073785067,0.029263369739055634,0.06908300817012789,0.10691227316856385,0.2169139057397845,27765
0,<=-20%,44,442644,1744,-0.0070511635289178115,0.012590653858337644,10348.400797104809,-13469.556026199076,201551,237285,-0.7391304347826086,1.569124423963134,-0.22581225782632827,-0.12922565639019012,-0.09232614189386368,-0.04264155402779579,-0.004746910650283098,0.028790056705474854,0.06977614760398865,0.10707546398043633,0.21761294305324555,27771
0,<=-20%,45,440642,1744,-0.00718302109167529,0.012700886145427246,10395.973547515963,-13561.114327393945,200396,236497,-0.7298260869565217,1.6372549019607843,-0.22856950119137764,-0.13162290975451468,-0.09366171658039094,-0.043596827425062656,-0.004913142649456859,0.029015964828431606,0.07064593285322186,0.10785153247416007,0.21950582712888736,27608
0,<=-20%,46,438759,1740,-0.007362562379947527,0.012798354527794301,10426.149430750233,-13656.539938013611,199300,235845,-0.7393913043478261,1.6235294117647059,-0.23181659996509552,-0.13286317884922028,-0.09400560706853867,-0.04444444552063942,-0.005270581226795912,0.029336078092455864,0.07005923390388491,0.10768550634384155,0.21726901292800893,27585
0,<=-20%,47,436805,1742,-0.007534021367816816,0.013117442175723934,10447.234774035596,-13738.132977604851,198136,235016,-0.7564347826086957,1.636996386025967,-0.2327680492401123,-0.13344935178756714,-0.09568289518356324,-0.044895004481077194,-0.005348026752471924,0.029541952535510063,0.07108559459447868,0.10900180637836455,0.22250052213668833,27465
0,<=-20%,48,434956,1738,-0.007707568319422587,0.013082245085618146,10482.484525982245,-13834.937611925025,197035,234328,-0.7550434782608695,1.6267999999999998,-0.23746860697865485,-0.13636364042758942,-0.09655451625585555,-0.04564471356570721,-0.005607496248558164,0.029483823105692863,0.0719966754317284,0.11048130691051483,0.22320236310362807,27450
0,<=-20%,49,433172,1735,-0.007853268031765311,0.013047178826175027,10519.622724151655,-13921.438544007497,195895,233730,-0.7652173913043478,1.8375059630028794,-0.23922737523913384,-0.13609221428632737,-0.09717407524585724,-0.04555055219680071,-0.0054054055362939835,0.029795728623867035,0.07191327214241043,0.11075505316257474,0.22824379742145534,27310
0,<=-20%,50,431255,1740,-0.008016068649716582,0.01344763912840875,10550.108989698296,-14007.078675231814,194755,233013,-0.7694782608695652,1.6987671232876713,-0.24065405517816543,-0.13847277015447618,-0.09865188300609588,-0.046110933646559715,-0.0059027778916060925,0.030164183117449284,0.07332165986299521,0.1116645403206348,0.23335492521524476,27195
0,<=-20%,51,429411,1738,-0.008169276422023326,0.013657224201665779,10586.960095665489,-14094.93725332291,193800,232208,-0.7933043478260869,1.794731355677662,-0.24484795212745666,-0.14035087823867798,-0.10037393271923065,-0.04672897234559059,-0.005988024175167084,0.030685920268297195,0.07405466139316565,0.11328011900186535,0.23737388551235084,27125
0,<=-20%,52,427504,1733,-0.008288480240920186,0.01374897009556027,10621.654762963808,-14165.013219878128,192668,231402,-0.7885217391304348,1.6895563139931737,-0.24366550147533417,-0.14164282381534576,-0.09984997659921646,-0.04694835841655731,-0.005970149300992489,0.03080354444682598,0.07417968660593033,0.11286430060863495,0.240359196066857,27061
0,<=-20%,53,425666,1730,-0.008430703844656712,0.013757989682948373,10650.298992642325,-14238.962975381917,191739,230621,-0.7799130434782608,1.5282583621683972,-0.2478599441051483,-0.14189272224903107,-0.1010990396142006,-0.0476190485060215,-0.006256901193410158,0.03089389018714428,0.07446808367967606,0.11506141126155846,0.2432596853375436,26515
0,<=-20%,54,423871,1729,-0.008567666821715668,0.014217949464757474,10685.729301438152,-14317.31480482552,190879,229692,-0.7829565217391304,1.708041237113402,-0.24842507913708686,-0.14309153854846954,-0.10182545408606528,-0.048434317111968994,-0.0061430775094777346,0.030927835032343864,0.07532909810543062,0.116364999115467,0.25200760155916213,26394
0,<=-20%,55,422121,1732,-0.008727471860775838,0.014375224384979018,10712.684051501597,-14396.733200844228,189835,229042,-0.7914912280701754,1.708041237113402,-0.2537968796491623,-0.14440784901380538,-0.10269234478473663,-0.048990728333592415,-0.005964214913547039,0.031015882268548012,0.07488463521003721,0.11589659526944146,0.24820771336555494,26083
0,<=-20%,56,420300,1729,-0.00889503883863662,0.014564249211033983,10732.494913654615,-14471.079737533575,188808,228263,-0.7866666666666666,1.6896481108570258,-0.25453749001026155,-0.1462822139263153,-0.1036670222878456,-0.04966379702091217,-0.006133093032985926,0.030705207958817482,0.07569730281829841,0.11529710069298742,0.2539266079664209,26075
0,<=-20%,57,418455,1732,-0.009066251995366677,0.014844921785069593,10749.837521964611,-14543.656000685793,187790,227503,-0.778,1.497983870967742,-0.25738554060459135,-0.14707122147083282,-0.10393814444541931,-0.05001582391560078,-0.005947323516011238,0.031054752878844738,0.07608217298984528,0.11736117228865624,0.2520880466699601,25999
0,<=-20%,58,416675,1732,-0.009203641045132884,0.015005695715323293,10774.420752921316,-14609.347885402054,186782,226691,-0.7810526315789473,1.4729262672811059,-0.2616192531585693,-0.14848305508494378,-0.10578141957521438,-0.05075910501182079,-0.006420575547963381,0.03112867148593068,0.07594852447509767,0.11764705926179886,0.2556172701716423,25922
0,<=-20%,59,414980,1731,-0.009359735115383266,0.015010198519813443,10796.799381932175,-14680.902260113944,185733,226105,-0.7894736842105263,1.6895563139931737,-0.26046591967344285,-0.15003905892372132,-0.10613979324698448,-0.05073877051472664,-0.006407152628526092,0.03125,0.07692307978868484,0.11850039847195148,0.2538139826059337,25900
0,<=-20%,60,413136,1733,-0.009493681650649404,0.015058064580940464,10816.47949389762,-14738.661156320295,184631,225366,-0.7799074074074075,1.8833551769331587,-0.2628535866737366,-0.15080526471138,-0.10642857104539871,-0.05120481923222542,-0.006615697406232357,0.03089887648820877,0.07631078362464905,0.1188584417104721,0.25837262272834804,25881
0,<=-20%,61,411277,1730,-0.009627949893494091,0.015092332491552491,10841.75467734411,-14801.509025690653,183730,224436,-0.7760526315789473,1.7818512694570572,-0.26664170771837237,-0.15292005240917206,-0.10744815692305565,-0.05150214582681656,-0.006742061814293265,0.031355490908026695,0.07716796919703484,0.12026538886129856,0.25994058102369116,25766
0,<=-20%,62,409483,1727,-0.009771988274510921,0.015103959030109365,10861.588530736444,-14863.051605348035,182621,223825,-0.769298245614035,1.9611830597713742,-0.2686355304718018,-0.15383683145046234,-0.10778256803750992,-0.05193324014544487,-0.006883963476866484,0.031496062874794006,0.07811864018440247,0.12165966928005216,0.2618959426879885,25729
0,<=-20%,63,407612,1733,-0.009939589050276018,0.0152058992867497,10867.269787295134,-14918.765559256217,181622,222980,-0.768888888888889,1.7777777777777777,-0.26931630074977875,-0.15468861535191536,-0.10970183461904526,-0.05259221885353327,-0.006925939582288265,0.0317460335791111,0.07816693931818008,0.12088005430996418,0.262088973820212,25686
0,<=-20%,64,405691,1728,-0.01011592944639523,0.015162245191948956,10878.592582667827,-14982.534115705332,180534,222193,-0.7777777777777778,1.9629648148148147,-0.27165172934532167,-0.15718989074230194,-0.1111111119389534,-0.05339619517326355,-0.00721686752513051,0.03199174255132675,0.07879734635353092,0.12100419998168946,0.2650945174694061,25585
0,<=-20%,65,403919,1725,-0.010299790789291965,0.015459995078768884,10884.842239801515,-15045.123435621561,179543,221476,-0.7638888888888888,2.2055555555555553,-0.2732605054974556,-0.1573980152606964,-0.11062492057681084,-0.054249526001513004,-0.007261061808094382,0.032300543040037155,0.07982995361089706,0.1214884277433157,0.26581176966428743,25416
0,<=-20%,66,401992,1721,-0.010461142299327623,0.01550947611460758,10898.952535801574,-15104.248050992932,178743,220432,-0.7636111111111111,1.8849999999999998,-0.27435886681079863,-0.15901793092489241,-0.11246474608778953,-0.05454262997955084,-0.006891801953315735,0.032212043181061745,0.07950305715203282,0.12486179508268809,0.27397688120603597,25408
0,<=-20%,67,400267,1723,-0.010589695840893512,0.015747109618601565,10925.48364531343,-15164.189430460308,177763,219669,-0.7565384615384615,2.1802682026184206,-0.2788511085510254,-0.16042822897434234,-0.11337290853261947,-0.05521736294031143,-0.006928406655788422,0.03286384791135788,0.07984935790300371,0.1265579998493194,0.275309755802153,25289
0,<=-20%,68,398358,1720,-0.010750796592620116,0.015659802821934854,10930.38124158384,-15213.047070626795,176754,218749,-0.7617912694430506,2.3817028569409353,-0.2780294948816299,-0.16172320246696473,-0.11483303904533386,-0.05572978034615517,-0.007605940103530884,0.03304894082248211,0.07986111640930174,0.125,0.27749165594577646,25223
0,<=-20%,69,396503,1722,-0.010915801211947886,0.015413556551397862,10932.976348646618,-15261.12427658766,175807,217845,-0.76203007518797,1.9470485344264032,-0.2787982052564621,-0.16131419390439986,-0.1156177744269371,-0.05621723085641861,-0.0071599045768380165,0.033070117235183716,0.08037041872739793,0.12613025605678557,0.27726148366927994,24675
0,<=-20%,70,394702,1722,-0.011077737967972897,0.015671001157659927,10931.40063912112,-15303.805970555957,174861,217145,-0.7624184646261917,2.371101962932207,-0.2788858532905579,-0.1646390378475189,-0.11602025181055069,-0.0564689077436924,-0.007407407276332378,0.03291139379143715,0.08198866099119197,0.12763554751873,0.2839545094966887,24605
0,<=-20%,71,392914,1724,-0.01124193343887258,0.015534420058843972,10934.585003058923,-15351.698038260089,173814,216370,-0.76265664160401,2.068075407692715,-0.28380671828985216,-0.16463556438684462,-0.1169811338186264,-0.05657315533608198,-0.007611993234604597,0.033337500877678394,0.08249462842941285,0.12728798538446423,0.28397568285465186,24300
0,<=-20%,72,391181,1723,-0.01139466017951048,0.015807693283123498,10950.902118159414,-15408.276681840474,173004,215604,-0.7691304347826087,2.1378292902701457,-0.28631778836250305,-0.1666666716337204,-0.11772291511297225,-0.05780450068414211,-0.007968127727508545,0.03310169093310833,0.08247689306735993,0.1270998239517211,0.2898422855138783,24279
0,<=-20%,73,389338,1719,-0.011599223710650516,0.016136475929566713,10943.674744243934,-15459.69330530123,171858,214830,-0.776695652173913,2.462958709517836,-0.2910609623789787,-0.16698681563138962,-0.11795107945799826,-0.05773434694856405,-0.008151077199727297,0.03294699266552925,0.08257998526096341,0.12905426025390618,0.287058585584164,24188
0,<=-20%,74,387636,1717,-0.011766710468727005,0.01603078422856357,10943.135116648193,-15504.335695903657,170950,214063,-0.7709565217391304,2.688333333333333,-0.2924028980731964,-0.16757892072200775,-0.11890556141734124,-0.0580641059204936,-0.00838363915681839,0.032890379428863525,0.08219201266765597,0.13090440109372134,0.2883246296644212,24154
0,<=-20%,75,385750,1715,-0.01196434857146325,0.015784468670487394,10930.668180769673,-15545.915642211632,169734,213393,-0.7652173913043478,2.3194999999999997,-0.29417490363121035,-0.16804898977279661,-0.1191868469119072,-0.058721475303173065,-0.008428680710494518,0.03288770094513893,0.0833333358168602,0.13127021193504318,0.28831566572189293,24085
0,<=-20%,76,383954,1713,-0.0121748814432929,0.015615973791486302,10912.935902200872,-15587.530331878936,168507,212840,-0.7738260869565217,2.4619999999999997,-0.29641003310680386,-0.1689157374203205,-0.12061461433768272,-0.058878619223833084,-0.008365743793547153,0.032894738018512726,0.08295653760433197,0.13084767758846283,0.2902130618691446,24056
0,<=-20%,77,382114,1714,-0.012338763903422626,0.015830566635266233,10907.346104249576,-15622.16053444204,167602,211979,-0.7826086956521738,1.9802,-0.2978365194797516,-0.17111051380634307,-0.12113025188446044,-0.0593869723379612,-0.008919722400605679,0.033196404576301575,0.08280017375946046,0.13152108490467063,0.2942211961746229,23945
0,<=-20%,78,380392,1715,-0.012518089147875087,0.016330515739522954,10914.174109251304,-15675.955076389817,166475,211331,-0.7800869565217391,2.9806357002773898,-0.30234955430030824,-0.17126246690750122,-0.1219498187303543,-0.06006711348891258,-0.009045226499438286,0.033538173884153366,0.0833333358168602,0.1314689517021179,0.29268529057502585,23893
0,<=-20%,79,378617,1713,-0.012676268289171197,0.016439934749763813,10915.469036072072,-15714.91970691314,165463,210642,-0.7782608695652173,3.4931182529726668,-0.3011911451816559,-0.17297063767910004,-0.12277580052614212,-0.06062199920415878,-0.009451796300709248,0.03378170728683472,0.08392857015132904,0.13131313025951385,0.29644443988800045,23821
0,<=-20%,80,376874,1717,-0.012889770868268853,0.01632724273907495,10893.91586490746,-15751.735371115428,164497,209865,-0.7751304347826087,2.946182794749024,-0.30615294754505157,-0.17466084882616997,-0.12404138147830963,-0.06179140694439411,-0.009364490862935781,0.033664495684206486,0.08431888893246652,0.13282796964049345,0.29921095639467143,23782
0,<=-20%,81,375095,1710,-0.013056005547237862,0.01644618173582381,10886.40823222427,-15783.650632965515,163500,209120,-0.7826086956521738,3.341066096574144,-0.30443634927272795,-0.17452165782451626,-0.123596715927124,-0.061659615486860275,-0.009482759051024914,0.03370644338428974,0.08439773470163346,0.1340787574648857,0.30035955667495706,23619
0,<=-20%,82,373388,1712,-0.01322336057560706,0.016249883906442348,10880.426017329104,-15817.870175933862,162417,208492,-0.7860869565217391,3.7297655435608403,-0.30901860415935517,-0.17803370505571367,-0.12552344501018525,-0.062171364203095436,-0.009523809887468815,0.0342390239238739,0.08499726653099064,0.13568122237920766,0.3071687453985215,23567
0,<=-20%,83,371619,1710,-0.01341095201905059,0.01605461075814828,10868.173169348922,-15851.937747716485,161612,207593,-0.7896521739130434,3.9470838707397657,-0.3089793711900711,-0.1780816838145256,-0.12625537812709808,-0.06270772218704224,-0.009263548068702221,0.033831922337412834,0.08592592924833298,0.13542155176401138,0.30974962115287746,23471
0,<=-20%,84,369873,1707,-0.013550175661525327,0.016114914391381855,10873.596153317556,-15885.440275772917,160636,206978,-0.7826086956521738,3.634357497482288,-0.31355234384536745,-0.18008270859718323,-0.12636063992977142,-0.06303375214338303,-0.009950248524546623,0.033742330968379974,0.08504961431026459,0.13665498793125153,0.3117161095142369,23381
0,<=-20%,85,368176,1706,-0.013710084633124462,0.016068940034154596,10869.17671863587,-15916.900838521102,159598,206241,-0.7817391304347826,3.3746179261117684,-0.3111118364334106,-0.17994778454303742,-0.12770847380161285,-0.06339468061923981,-0.009901477955281734,0.03410716354846954,0.08652266860008248,0.13726495504379269,0.3131613624095917,22885
0,<=-20%,86,366523,1710,-0.013861837386166176,0.016273936671581037,10865.211728945176,-15945.893953234925,158699,205563,-0.7842105263157895,3.23122316648704,-0.30986133962869644,-0.180029958486557,-0.12881022691726685,-0.06398297846317291,-0.010240298695862293,0.034293235279619694,0.086646918207407,0.1393781714141369,0.32146964222192764,22876
0,<=-20%,87,364802,1702,-0.014016084713195008,0.016318128971687485,10853.098639298776,-15966.194374841729,157704,204840,-0.7878070175438596,3.4444444444444446,-0.31369529604911806,-0.18004272654652595,-0.12858891040086745,-0.06401458755135536,-0.010081569198518991,0.03424147889018059,0.08804246783256532,0.13814539238810528,0.3293657094240206,22570
0,<=-20%,88,362935,1706,-0.014200033466624034,0.016153614650897246,10831.641155376023,-15985.330301585238,156452,204160,-0.7931034482758621,3.0,-0.31784504652023315,-0.18282831832766533,-0.12952855229377747,-0.06479247845709324,-0.010259352624416351,0.03448275849223137,0.08728857710957527,0.13850726187229156,0.32562990784645063,22466
0,<=-20%,89,361240,1706,-0.014404754001325702,0.016521307583388153,10807.031014327675,-16010.604349766561,155613,203347,-0.793692897141173,3.0449559238047366,-0.31722309708595275,-0.18246438801288603,-0.12982008904218673,-0.0650135837495327,-0.010639761574566364,0.03427145071327686,0.08762049749493593,0.13830638229846945,0.3264835143089296,22458
0,<=-20%,90,359398,1703,-0.014583328474979718,0.01744531348358436,10792.910442926759,-16034.129530177548,154716,202484,-0.8029556650246306,3.5657193127345197,-0.3187041169404983,-0.1841428592801094,-0.13050696551799773,-0.06553274020552635,-0.010923370253294706,0.033956064842641354,0.08776281625032428,0.13973193243145948,0.3272415280342107,22372
0,<=-20%,91,357741,1702,-0.014736934324069396,0.017039679007702733,10789.387111387088,-16061.392733414015,153732,201754,-0.8035170448963552,3.0539585505044258,-0.3188972038030624,-0.18549039959907532,-0.13080746829509735,-0.0663290023803711,-0.010869565419852734,0.03437543101608753,0.08816219121217735,0.13901743441820139,0.327536375522613,22359
0,<=-20%,92,356059,1701,-0.014891481448699414,0.017224855570425024,10785.923023294894,-16088.169016437358,153054,200896,-0.801980198019802,3.4112102551212775,-0.32084635972976683,-0.1866347908973694,-0.1311772108078003,-0.0667870044708252,-0.01092896144837141,0.033524904400110245,0.08888632506132127,0.14072595238685615,0.31868134737014786,22317
0,<=-20%,93,354220,1699,-0.015057331009491094,0.016952510165041873,10777.395116176724,-16111.002906358648,151996,200078,-0.7932602853008063,3.8061904163449976,-0.3247444614768028,-0.18838321790099144,-0.13163814693689346,-0.06662325002253056,-0.011441648006439209,0.03409726079553366,0.0890146903693676,0.14228686690330505,0.323549738526344,22196
0,<=-20%,94,352507,1695,-0.015191438917957947,0.016993942547793822,10778.03481524139,-16133.12337389403,151141,199236,-0.7910447761194029,4.027020233756441,-0.3243100464344025,-0.19011232256889343,-0.133143812417984,-0.06736196577548981,-0.011807380244135857,0.03393258526921272,0.08874001353979111,0.14132259786128998,0.3264070272445676,22141
0,<=-20%,95,350752,1695,-0.015383617621252012,0.017397949728639953,10751.227889344618,-16147.062537234027,150105,198619,-0.7921739130434783,3.7092407404082666,-0.3249070942401886,-0.19151610508561134,-0.13469110429286957,-0.06780600175261497,-0.011932455468922853,0.034568010829389095,0.08890051394701004,0.14075810089707375,0.32840191423893117,22086
0,<=-20%,96,348954,1691,-0.015510033218767769,0.017536840365393904,10747.20715654387,-16159.49528836574,149042,197800,-0.8009950248756219,3.508,-0.3262797722220421,-0.19176722094416618,-0.13602783530950546,-0.068260183557868,-0.011738807894289494,0.03478260710835457,0.08965952619910246,0.14151681810617447,0.3245744121074681,22002
0,<=-20%,97,347281,1692,-0.015668394339352763,0.017493847913927028,10728.569966215993,-16169.905620780766,148232,196958,-0.7990434782608695,3.400202,-0.3260499751567841,-0.1916492462158203,-0.13540480732917787,-0.06896551698446274,-0.01224489789456129,0.0342477411031723,0.09026547074317931,0.1428571492433548,0.32459335803985556,21893
0,<=-20%,98,345497,1692,-0.01580035179406532,0.017263627700939407,10716.646867909642,-16175.621011703859,147231,196207,-0.8029556650246306,3.8,-0.3303503316640854,-0.192331712692976,-0.1366899237036705,-0.06938645616173744,-0.01228651124984026,0.03457342740148306,0.09124502018094066,0.14391715750098233,0.33643823623657243,21822
0,<=-20%,99,343704,1688,-0.015975836636333077,0.017657371266643053,10701.117769262375,-16192.07672451659,146232,195453,-0.8129064039408866,3.2014876587925585,-0.3287192702293396,-0.1941695362329483,-0.13741853833198547,-0.06976744532585144,-0.01232098788022995,0.0347222238779068,0.09133823215961456,0.14528684020042407,0.3299161779880534,21665
0,<=-20%,100,342152,1691,-0.016173327567494962,0.0170712100456925,10684.237235414403,-16217.973609287996,145331,194807,-0.8134394341290893,3.0436756833159597,-0.3313103300333023,-0.1950684383511543,-0.1376612141728401,-0.07018282637000084,-0.01290119020268321,0.03512603882700205,0.09141921028494841,0.14605202302336687,0.33832409560680277,21614
0,<=-20%,101,340427,1692,-0.016298411224641117,0.017539850370022213,10682.338384418346,-16230.757622389237,144252,194149,-0.8133990147783251,3.0795773776921846,-0.33225412875413896,-0.1953473098576069,-0.13876850306987762,-0.07090391032397747,-0.013004202861338854,0.03500186465680599,0.09129186198115354,0.1468539521098137,0.3386776748299592,21132
0,<=-20%,102,338783,1685,-0.016447250878389934,0.018025046131721647,10665.228747116093,-16237.277741449705,143304,193430,-0.8139306415168484,3.434707326984576,-0.3299990749359131,-0.1956093907356262,-0.1396381914615631,-0.07085127010941505,-0.012921663001179695,0.034859780222177505,0.09191867113113406,0.1464635394513604,0.34878181159496296,21094
0,<=-20%,103,337050,1690,-0.016686991442255116,0.018041625704267483,10629.621185134782,-16253.971650746871,142330,192764,-0.8124752475247525,3.5548507924168273,-0.3339644891023636,-0.1973948374390602,-0.1404645502567291,-0.07114557921886444,-0.013698630034923553,0.03493289276957512,0.09263878315687181,0.14594144076108923,0.35341037154197397,20759
0,<=-20%,104,335365,1689,-0.01692135186332588,0.018426918891944765,10591.756341007536,-16266.585508651813,141361,192031,-0.8103939483249828,3.353433806250994,-0.3357864847779274,-0.19854044020175934,-0.14009021818637848,-0.07157201319932938,-0.01323980838060379,0.03429070021957159,0.09280376955866815,0.14896090552210803,0.3586330294609049,20714
0,<=-20%,105,333716,1686,-0.01710124334787116,0.01814237586466352,10565.723760257097,-16272.68228533527,140448,191315,-0.811044776119403,3.235057156486863,-0.33488205313682556,-0.20000000298023224,-0.14105427265167236,-0.07219251245260239,-0.013513513840734959,0.034296028316020966,0.0927820786833763,0.14863245487213114,0.3598349940776824,20773
0,<=-20%,106,332014,1686,-0.017296449556350197,0.017832391894688323,10539.521805197326,-16282.185208199364,139521,190529,-0.8128514056224899,3.12551458506334,-0.3395603060722351,-0.20045945644378663,-0.14309795200824732,-0.07256850600242615,-0.013903667218983173,0.034692633897066116,0.093018901348114,0.14782775342464435,0.3572538161277755,20693
0,<=-20%,107,330317,1684,-0.017429666700746898,0.017550426046683085,10529.957035303843,-16287.27225089446,138679,189772,-0.8179310344827586,3.0135370473437586,-0.3388825270533562,-0.20094554275274276,-0.14271552115678787,-0.07296515814960003,-0.013973330147564411,0.03467337880283594,0.09390357136726375,0.1496524155139917,0.35669721424579476,20598
0,<=-20%,108,328647,1686,-0.017594612136443494,0.016973598650068016,10514.376096158936,-16296.792590964687,137767,189027,-0.8207692307692308,2.8582380294080685,-0.33750891834497454,-0.20187224447727203,-0.14343545585870743,-0.07344998046755791,-0.014214273076504469,0.035087309777736664,0.09360651299357414,0.14726368710398674,0.3585194453597061,20616
0,<=-20%,109,326902,1685,-0.017803660783218184,0.01739198926910058,10480.97982687369,-16301.032144229272,136882,188215,-0.8246362267937782,3.059336792402018,-0.3372405618429184,-0.20440441742539406,-0.1432671993970871,-0.07399160228669643,-0.014166790060698986,0.0346205523237586,0.09412616863846779,0.14963486790657043,0.353591175377369,20486
0,<=-20%,110,325189,1680,-0.017978340098081455,0.017222825407900728,10451.771767628736,-16298.130205783744,135868,187434,-0.824812030075188,3.2693764699545778,-0.338510656952858,-0.20459311455488202,-0.1435327798128128,-0.07410602271556854,-0.014265106990933418,0.03426304832100868,0.09503852874040594,0.15150697082281095,0.35611515522003173,20483
0,<=-20%,111,323569,1681,-0.018222897701571202,0.01769447791550242,10416.26800084097,-16312.6327872407,134826,186912,-0.8268941294530858,3.1090145244977476,-0.34010675638914106,-0.20720712915062903,-0.14573878645896912,-0.07526836544275284,-0.0144760780967772,0.0344006372615695,0.09477633759379392,0.1508357331156731,0.372468117773531,20382
0,<=-20%,112,321787,1682,-0.018419729201279822,0.01837619624826738,10390.413780475357,-16317.643180967581,133923,186036,-0.8270676691729323,3.145496328479865,-0.3430085998773575,-0.2078721135854721,-0.1470254749059677,-0.07545880228281021,-0.01473214291036129,0.034553609788417816,0.09421483427286174,0.14927862435579278,0.36808756411075566,20335
0,<=-20%,113,320122,1675,-0.018536342470729515,0.018553921781551217,10382.236523198877,-16316.127547613742,132948,185381,-0.8248871048670346,3.50636456668881,-0.343796107172966,-0.209822216629982,-0.1468833491206169,-0.07600662298500538,-0.015252182260155678,0.034258756786584854,0.09302325546741486,0.14995673149824168,0.3638073617219925,20192
0,<=-20%,114,318527,1673,-0.018673866659957655,0.018962806320190102,10368.931037311871,-16317.061762908173,132012,184720,-0.825062656641604,3.6284493437943235,-0.34528100848197935,-0.20886189639568328,-0.14804395139217377,-0.07608695328235626,-0.015317286364734173,0.03522086143493652,0.09458581954240798,0.150302681326866,0.37217324137687646,20153
0,<=-20%,115,316772,1674,-0.01889299793708915,0.01825442401259793,10330.693384532397,-16315.466127060019,131201,183827,-0.8243056428302123,3.4237778057056687,-0.34567259550094603,-0.21033211052417755,-0.14740368723869324,-0.07725498080253601,-0.01553866546601057,0.035132817924022675,0.09513184428215027,0.1501610279083252,0.3703831970691679,20021
0,<=-20%,116,315087,1674,-0.019093562719649078,0.017793121839883814,10307.138718998078,-16323.272115644122,130160,183156,-0.8258377974336614,3.303488392969353,-0.3474582016468048,-0.21054746955633163,-0.1488826423883438,-0.07752631418406963,-0.01595335267484188,0.03584586549550295,0.09451186284422874,0.14972836151719093,0.37829668819904366,19956
0,<=-20%,117,313460,1667,-0.019269925041112718,0.01785759969947833,10290.5241708244,-16330.8748742116,129268,182400,-0.8265678019354028,3.1921758020790323,-0.3517376959323883,-0.21062064319849014,-0.1503063663840294,-0.07763038761913776,-0.015781872905790806,0.0360835175961256,0.0958574414253235,0.1538015678524971,0.37463773638010095,19424
0,<=-20%,118,311944,1669,-0.019375073846788767,0.01755213294733026,10278.216953318737,-16322.154989381406,128625,181703,-0.828080229226361,1.8312057624099625,-0.3519638350605965,-0.21302534490823744,-0.15070250183343886,-0.07816444896161556,-0.01627830695360899,0.03560716658830643,0.09565756246447565,0.15331875681877125,0.3874074149131781,19370
0,<=-20%,119,310232,1665,-0.019614568443883665,0.017406951123068445,10237.951724304268,-16323.01852178714,127630,180887,-0.8258377974336614,1.8733301042171218,-0.3514827752113342,-0.21487434580922127,-0.15073565691709517,-0.07812286540865898,-0.016689497977495193,0.035769238136708736,0.09722793549299243,0.15472833588719362,0.3919303977489482,19124
0,<=-20%,120,308595,1667,-0.019799134060358957,0.01751633370829657,10208.626314138452,-16318.540089494945,126643,180252,-0.8260869565217391,1.943236605112344,-0.3561021918058395,-0.21646956503391265,-0.15260162949562073,-0.07792558707296848,-0.016605903394520283,0.035207463428378105,0.09667346701025978,0.15605552420020102,0.38569079548120344,19080
0,<=-20%,121,306846,1664,-0.01997367567942178,0.0180768905273667,10183.412872190536,-16312.255359718407,125649,179518,-0.8245920019932726,1.9005678233438488,-0.35426470756530765,-0.21614120602607725,-0.15230909287929534,-0.07943999767303467,-0.017041638493537903,0.03529411926865578,0.09680844694376005,0.15494843423366514,0.3987110769748691,19049
0,<=-20%,122,305187,1664,-0.020141663525423473,0.01734214312629527,10154.575213652686,-16301.549079986067,124867,178598,-0.8347783251231526,1.9542429022082022,-0.3540533655881882,-0.21628304272890092,-0.15285794138908385,-0.0794241614639759,-0.017241379246115685,0.0357161071151495,0.096876498311758,0.155958456546068,0.3927994915843014,18988
0,<=-20%,123,303529,1662,-0.020294038554079123,0.017470022411325715,10133.353473355928,-16293.182701637048,123972,177882,-0.8352490421455939,1.968288431061807,-0.3568989557027817,-0.21790702641010284,-0.15334996879100798,-0.08001970499753952,-0.01763477735221386,0.03554864786565304,0.09598379582166677,0.15667069256305677,0.39438264012336727,18919
0,<=-20%,124,301924,1657,-0.020457052683468795,0.017201645963999132,10109.473276739333,-16285.948451142971,123234,177040,-0.833960396039604,2.3,-0.3561685687303543,-0.21638111621141434,-0.1535739719867706,-0.0806390829384327,-0.01802605390548706,0.035186246037483215,0.09716599434614182,0.1580842822790144,0.39455136954784253,18855
0,<=-20%,125,300304,1654,-0.020676681511547456,0.017015678056148315,10074.582277783347,-16283.8724424271,122194,176521,-0.8332842125945574,2.4798,-0.3567817211151123,-0.218753319978714,-0.1547611713409424,-0.08097165822982788,-0.018151815980672836,0.03530413657426834,0.0966270387172699,0.15833506584167478,0.39318230986595104,18753
0,<=-20%,126,298761,1649,-0.02086584447571432,0.017330257728622785,10044.568434333401,-16278.468995742296,121346,175767,-0.8326947637292464,2.0091516154833426,-0.3546018064022064,-0.21975862979888916,-0.15506328642368317,-0.08151969313621521,-0.01785908453166485,0.03512153401970863,0.09756097197532654,0.1552220731973648,0.39748911857604774,18821
0,<=-20%,127,297031,1648,-0.021023716145484313,0.01728292520052028,10026.850445244383,-16271.545875653714,120510,174970,-0.8348688873139617,1.9930619796484734,-0.3595050200819969,-0.22016914561390877,-0.156623937189579,-0.08294686488807201,-0.018286125734448433,0.03512856923043728,0.09773644432425499,0.15557467564940453,0.4057028219103813,18726
0,<=-20%,128,295442,1645,-0.021179358591450374,0.01714902679432242,10010.910774285294,-16268.18283526058,119646,174173,-0.8377813877929914,1.9683486238532106,-0.3586189007759094,-0.2225034147500992,-0.15635810792446136,-0.08304498344659805,-0.01868107169866562,0.03529411926865578,0.09786959141492844,0.15812182128429406,0.40898269534110987,18709
0,<=-20%,129,293771,1646,-0.021342251900430355,0.016980868762407456,9982.981533509708,-16252.716216551029,118798,173417,-0.8409194355939917,2.759259259259259,-0.36102685034275056,-0.2213251106441021,-0.1591419130563736,-0.08353274315595627,-0.01828270498663187,0.03522100765258074,0.0990360714495182,0.15831796452403069,0.4283584773540517,18536
0,<=-20%,130,292049,1650,-0.021545349131120363,0.016453698987023587,9948.450606732475,-16240.748275127038,117669,172833,-0.8420338983050848,2.555277777777778,-0.3638178169727325,-0.22409118711948395,-0.15952008217573166,-0.0842683669179678,-0.018731928430497646,0.035953762009739876,0.0980919636785984,0.15760209783911705,0.4271478399634405,18486
0,<=-20%,131,290410,1643,-0.02181279373735291,0.016076282090603723,9899.435294236706,-16234.088723501338,116902,172037,-0.8429676832043695,2.7753703703703705,-0.366621208190918,-0.22467058897018433,-0.15951737463474275,-0.08520746231079102,-0.018814675509929657,0.0359281450510025,0.10022691786289215,0.16079247891902881,0.42640919923782444,18333
0,<=-20%,132,288778,1647,-0.022015877397342346,0.016685462022744,9863.605025403833,-16221.306068453556,116019,171291,-0.8440677966101695,2.6144444444444446,-0.36427609354257584,-0.22460562363266945,-0.15960115641355516,-0.08486392721533775,-0.018850600346922874,0.03593188524246216,0.09974285140633594,0.15941928178071976,0.43222525209188684,18322
0,<=-20%,133,287256,1643,-0.02219267461370634,0.01634813671943022,9840.003166040367,-16214.982104875226,115190,170585,-0.8420338983050848,2.4889814814814817,-0.36688993573188783,-0.2262069284915924,-0.16004237234592436,-0.08564190939068794,-0.01965898834168911,0.03490297123789787,0.1002460554242134,0.16018275171518342,0.42023239910602805,17847
0,<=-20%,134,285626,1639,-0.022395224085273974,0.01597854232241835,9810.579789783578,-16207.238064364039,114346,169876,-0.8422598870056497,2.2735185185185185,-0.3653287529945374,-0.2275337368249893,-0.16067691743373871,-0.08521077036857605,-0.019920319318771362,0.03496503457427025,0.10105711370706558,0.16041812300682073,0.42178153276443275,17757
0,<=-20%,135,284032,1638,-0.02256386916380019,0.016357591441529814,9777.338401497607,-16186.19928783006,113595,169054,-0.8409039548022599,2.1696296296296294,-0.3641093695163727,-0.2280307874083519,-0.16203577667474747,-0.08601552434265614,-0.020730712451040745,0.03512497339397669,0.10112359374761581,0.162013879418373,0.4260592886805533,17478
0,<=-20%,136,282325,1641,-0.02277851141491236,0.016040887720163568,9735.939528973275,-16166.882764188369,112660,168238,-0.840225988700565,2.0221908074626587,-0.3666083887219429,-0.2288651719689369,-0.16335811018943786,-0.08666944690048695,-0.020464097149670124,0.03514936566352844,0.10062070414423943,0.16190476715564728,0.42867693483829383,17448
0,<=-20%,137,280733,1640,-0.02298678399072149,0.015953312773480152,9691.938493629996,-16145.087323697227,111934,167382,-0.8492610837438423,2.0060314523589264,-0.3643150806427002,-0.2301366850733757,-0.1635630190372467,-0.08668098598718643,-0.01990811713039875,0.0352424718439579,0.10179079920053483,0.16394640356302256,0.44207185387611403,17363
0,<=-20%,138,279055,1638,-0.02319030868121903,0.01639679897304301,9651.610374205262,-16122.981963242855,111089,166517,-0.8496905393457117,2.015584415584416,-0.3663853684067726,-0.23012709468603135,-0.16408029049634934,-0.0876064021140337,-0.02096868772059679,0.03536667209118605,0.10049820616841322,0.1624038495123386,0.4376696014404288,17348
0,<=-20%,139,277328,1636,-0.023367247034322983,0.016737889020184034,9616.933016643625,-16097.324902178329,110377,165537,-0.8528421052631578,2.0143970315398887,-0.3677527666091919,-0.23099372088909148,-0.16492651998996735,-0.08743169158697128,-0.021276595070958138,0.035863038152456284,0.09998766630887987,0.16618828773498504,0.4422123193740855,17365
0,<=-20%,140,275755,1634,-0.02352763554229198,0.015939653132853327,9590.727306534265,-16078.590445498969,109467,164895,-0.8622660098522168,3.0599999999999996,-0.36839854538440703,-0.231071175634861,-0.16524015367031097,-0.08876549452543259,-0.021781250834465027,0.035637566819787025,0.10013095736503598,0.16402123272419,0.44211002707481134,17287
0,<=-20%,141,274282,1637,-0.023681112899215127,0.016057960211195335,9562.690526325548,-16057.99353454809,108951,163958,-0.8626584143825523,2.8397,-0.3667948693037033,-0.23189053684473038,-0.16690851747989655,-0.08908888325095177,-0.022134775295853615,0.036287080496549606,0.10164569318294525,0.16468579322099686,0.4368012696504593,17151
0,<=-20%,142,272590,1630,-0.023932489144262364,0.015541900826644155,9508.807148884407,-16032.564364718884,108151,163021,-0.864039408866995,3.0774,-0.3696601623296738,-0.2339524522423744,-0.1664181634783745,-0.08889412693679333,-0.021948395296931267,0.03580369055271149,0.10259830877184868,0.1651331432163714,0.4368026882410051,17124
0,<=-20%,143,270965,1634,-0.024066659337634588,0.015899218137013893,9475.040085329654,-15996.262432751795,107476,162173,-0.8644267609784851,2.9036,-0.37055919736623766,-0.23429531678557394,-0.16776523441076277,-0.08962898515164852,-0.021875623613595963,0.03557675890624523,0.10304605811834334,0.16328886598348616,0.43669621348381105,17052
0,<=-20%,144,269219,1630,-0.02425546295910249,0.016261879014286232,9438.519248289174,-15968.550730675774,106481,161381,-0.8633663366336634,2.7681,-0.3738905042409897,-0.23540151864290237,-0.16865107417106628,-0.08965341746807098,-0.02254335954785347,0.034825523383915424,0.10197512060403824,0.16366037353873253,0.43558577448129654,17026
0,<=-20%,145,267687,1625,-0.024408293333289522,0.01588311307651717,9402.417298951807,-15936.200116460011,105709,160611,-0.862854897337656,2.5354,-0.37416329652071,-0.23539726287126542,-0.16970405727624893,-0.08976937457919121,-0.022000040858983994,0.03527169581502676,0.10259196758270266,0.16346861794590922,0.43109890073537804,16910
0,<=-20%,146,266048,1624,-0.024547940961532923,0.016036800547756937,9374.341660995116,-15905.272257929031,105009,159773,-0.8617821782178218,2.4232,-0.37585004717111586,-0.23589989319443702,-0.17113072723150252,-0.09043988399207592,-0.023116893135011196,0.03527281433343887,0.10301467478275299,0.16483287513256067,0.43429263770580323,16822
0,<=-20%,147,264443,1626,-0.024724626184383997,0.015414104360391834,9332.715562438756,-15870.969884515804,104212,158908,-0.8610865507417231,2.591764705882353,-0.3770787191390991,-0.2354239821434021,-0.17105519771575928,-0.09100800007581711,-0.023246439173817635,0.03520632162690163,0.10234037339687359,0.1659010887145996,0.44352255582809236,16753
0,<=-20%,148,262762,1623,-0.02497200993478653,0.01563196077226511,9279.758007725868,-15841.453282210281,103377,158107,-0.862686567164179,2.0817972350230414,-0.3776669955253601,-0.2378762409090996,-0.17192312777042387,-0.09094434976577759,-0.022889843210577965,0.03554892539978027,0.1024620115756989,0.16599723994731902,0.4369153106212616,16603
0,<=-20%,149,261287,1613,-0.025136118055682444,0.014846612559576021,9247.401224526287,-15815.142102941432,102671,157341,-0.8608955223880597,2.046658986175115,-0.3772759681940079,-0.2368285283446312,-0.1712039053440094,-0.09193924814462662,-0.023271288722753525,0.03482690639793873,0.10456335321068773,0.16989283338189123,0.44877021551132334,16148
0,<=-20%,150,259669,1622,-0.025332118713209718,0.015230276682940315,9202.2793163256,-15780.245250466052,101724,156717,-0.861094527363184,2.1470588235294117,-0.3814467763900757,-0.23878995329141617,-0.17299816608428953,-0.09210969135165215,-0.0235294122248888,0.034831730648875237,0.10418504625558854,0.1677818939089775,0.448192281126976,16095
0,<=-20%,151,258122,1618,-0.025503492802077823,0.015237646668800857,9166.761154974105,-15749.773724031995,100978,155888,-0.8599004975124378,2.355824682814302,-0.3817121386528015,-0.24025585502386093,-0.17252613604068756,-0.09297854639589787,-0.024413568899035454,0.03460538387298584,0.10443919152021408,0.16834904253482819,0.4529704481363297,15866
0,<=-20%,152,256393,1617,-0.025648863107885573,0.01448963723267155,9132.176011512278,-15708.364970332363,100327,154880,-0.8593034825870647,2.5213379469434836,-0.3798548567295075,-0.24071046411991118,-0.17413755655288693,-0.0939597338438034,-0.02383333258330822,0.03487490490078926,0.10384372323751451,0.16738744676113115,0.4541228640079509,15849
0,<=-20%,153,254932,1618,-0.025779187748330434,0.014828843349602931,9101.854868160413,-15673.794759217799,99620,154151,-0.8575498575498576,2.1347220958791957,-0.3823144203424454,-0.24211231023073193,-0.1743895649909973,-0.0940018780529499,-0.023885350674390793,0.03551912680268288,0.10343440622091295,0.16790890395641314,0.45762398004531896,15775
0,<=-20%,154,253218,1616,-0.0259342858627074,0.015147987473106377,9070.769952296772,-15637.79794987978,98853,153199,-0.8575498575498576,2.23389400921659,-0.3805551677942276,-0.24106001108884811,-0.17395983636379242,-0.09393113292753696,-0.024948595091700554,0.03482193313539028,0.1034482792019844,0.1688208281993866,0.4495462477207184,15726
0,<=-20%,155,251540,1612,-0.026101032244734555,0.014741298133751992,9028.223993511556,-15593.677644352092,97986,152375,-0.8579310344827586,2.3119239631336406,-0.38530911564826964,-0.24192712157964705,-0.1745364099740982,-0.09457653015851974,-0.024771837517619133,0.03512493520975113,0.1046042174100876,0.16921946555376044,0.45594877481460616,15699
0,<=-20%,156,249956,1609,-0.026265456333906496,0.015494441400054085,8990.767728623941,-15555.976132021879,97252,151538,-0.8611822660098523,2.42,-0.3838352477550507,-0.2429603934288025,-0.17389154732227324,-0.09477584436535835,-0.024827586486935616,0.035365333780646324,0.10349417626857758,0.16921460628509521,0.45661333620547506,15655
0,<=-20%,157,248495,1613,-0.02645948861189589,0.015811986666014077,8945.392469864948,-15520.443092478048,96650,150758,-0.8615777581294823,2.3820588235294116,-0.3840609931945801,-0.24185019209980965,-0.17525534182786942,-0.09491224400699139,-0.025157231837511063,0.03471770603209734,0.1037828490138054,0.16841913908720002,0.4578038579225531,15544
0,<=-20%,158,246821,1612,-0.026710543876880145,0.01501333345041133,8892.889586758198,-15485.612736993615,95754,149975,-0.8626600985221675,2.672811059907834,-0.38249594092369077,-0.24333371520042418,-0.1761650115251541,-0.09509536623954773,-0.024876033887267113,0.03499044105410576,0.10460608601570134,0.1688776105642318,0.45805500507354735,15493
0,<=-20%,159,245330,1607,-0.026861283722485543,0.014632634282118206,8853.59659103042,-15443.475326667785,95121,149089,-0.8630513802927596,2.611175115207373,-0.3865208065509796,-0.243015518784523,-0.1764705926179886,-0.09563318639993668,-0.025151101872324944,0.035134367644786835,0.10611380934715274,0.17104745209217065,0.46320140957832223,15529
0,<=-20%,160,243842,1606,-0.02706656617457296,0.014503525344989145,8813.150424214864,-15413.116053355083,94431,148267,-0.861980198019802,2.9539400921658987,-0.3842021656036377,-0.24285477697849273,-0.1786140978336334,-0.09602272510528564,-0.025179855525493622,0.03448275849223137,0.10519958436489109,0.17078832983970638,0.45263550758361587,15445
0,<=-20%,161,242238,1609,-0.0271584248891618,0.014691733245467468,8788.074997659667,-15366.877525960392,93660,147456,-0.8594059405940594,2.9746543778801846,-0.38779316186904905,-0.2447669893503189,-0.1794605702161789,-0.0963289812207222,-0.02545454539358616,0.03529411926865578,0.10429353117942813,0.17182090282440152,0.4579323363304147,15365
0,<=-20%,162,240618,1609,-0.027280594366050907,0.014136831108307305,8756.4435442159,-15320.64559938632,92941,146528,-0.8598009950248756,3.0376705882352937,-0.39138985276222227,-0.24616478383541107,-0.18090966641902922,-0.09751170873641968,-0.026023147627711296,0.034682080149650574,0.10511768460273743,0.17355596125125872,0.4607184398174294,15225
0,<=-20%,163,239047,1605,-0.02744101669548663,0.014014378785664127,8721.849953710942,-15281.542671716978,92336,145603,-0.8600995024875622,3.0588235294117645,-0.3891681560873985,-0.24573769122362138,-0.18095247745513915,-0.09757864661514759,-0.02671354729682207,0.03490383177995682,0.10607103928923632,0.17094542682170852,0.4665311533212662,15174
0,<=-20%,164,237552,1605,-0.027612139557155357,0.01442552896581929,8686.064185061012,-15245.383161142401,91724,144754,-0.8612935323383084,3.0182294117647057,-0.3934987682104111,-0.24788904190063477,-0.184060138463974,-0.09813990443944931,-0.026664799079298973,0.03448275849223137,0.10621925294399262,0.17178322672843907,0.4807929718494409,15095
0,<=-20%,165,235913,1602,-0.02783442821187677,0.014076441178914203,8633.263061882159,-15199.766524630633,91100,143765,-0.8587064676616916,3.0981278801843324,-0.3922411885857582,-0.2488003082573414,-0.18374055624008176,-0.0996781475841999,-0.027575645595788956,0.03467492666095495,0.10770123228430749,0.174336840957403,0.48521839261055,14534
0,<=-20%,166,234393,1599,-0.027943894012605275,0.013503799400982088,8603.2902635851,-15153.143412881715,90428,142936,-0.8569604086845466,3.440610599078341,-0.39737992703914643,-0.2509110003709793,-0.18471491634845733,-0.0994664654135704,-0.027397260069847107,0.03534785285592079,0.10812921077013023,0.17359009087085722,0.47130191683769207,14503
0,<=-20%,167,232756,1599,-0.028109006084862283,0.013342794397097539,8563.391792347693,-15105.931612635926,89682,142024,-0.8563546798029557,3.456417050691244,-0.3978203076124191,-0.2515459507703781,-0.1844385176897049,-0.09953441470861435,-0.027397260069847107,0.03512231260538101,0.10780085697770125,0.17594665437936774,0.4751286029815672,14268
0,<=-20%,168,231231,1599,-0.028228993545520994,0.013191354464103003,8533.106753030972,-15060.525159555382,89005,141229,-0.8567639257294429,3.5346470588235297,-0.39949365943670273,-0.25292255729436874,-0.18515451699495314,-0.0994760263711214,-0.026747326366603374,0.034956605173647404,0.10703590810298932,0.17457219362258813,0.47881068676710087,14264
0,<=-20%,169,229736,1599,-0.028448313536845817,0.013361614286873534,8483.5736219567,-15019.175380657507,88326,140466,-0.8556435643564356,3.5507882352941174,-0.39865096032619474,-0.25361412167549136,-0.18446631729602814,-0.0996081531047821,-0.02694050967693329,0.03513971529901028,0.1073636665940285,0.17388071566820132,0.48060160040855404,14203
0,<=-20%,170,228179,1603,-0.028676228579645857,0.012565672968883236,8433.48385555315,-14976.797016628107,87627,139563,-0.8535960591133005,3.5829411764705883,-0.3983239182829857,-0.252430884540081,-0.18708619624376296,-0.10092384181916714,-0.027615835890173912,0.03492157254368067,0.10731829926371575,0.1728694379329681,0.4717083016037939,14160
0,<=-20%,171,226674,1598,-0.028863890941839103,0.011697462109844006,8389.318748006452,-14932.01236335688,86886,138817,-0.8551243781094527,3.6082949308755765,-0.3989527755975723,-0.25209539830684663,-0.18642843961715697,-0.10085029900074005,-0.02777777798473835,0.03476172313094139,0.10841219872236253,0.17465901374816872,0.48215725362300854,14119
0,<=-20%,172,225156,1596,-0.02899635806883628,0.012062198388519383,8356.156625958525,-14884.860623305449,86119,138039,-0.8544278606965174,3.675223529411765,-0.40014074444770814,-0.25265288054943086,-0.18629037737846374,-0.10102454200387001,-0.027646129950881004,0.03522552363574505,0.10968670397996913,0.1758331388235091,0.4733661949634555,14123
0,<=-20%,173,223480,1594,-0.029212927338188553,0.01240914860437737,8313.419014066858,-14841.924015605247,85238,137320,-0.8549253731343284,3.7058823529411766,-0.3990465861558914,-0.25423866212368007,-0.18700249195098875,-0.1017095074057579,-0.028729282319545746,0.0351138599216938,0.10866945832967753,0.17512921094894404,0.4867764908075345,14007
0,<=-20%,174,222064,1597,-0.029382561222458838,0.012135869300668713,8276.373309357952,-14801.182384662068,84486,136610,-0.8507462686567164,3.5470588235294116,-0.404384446144104,-0.2550790011882782,-0.1875709742307663,-0.10229644924402237,-0.02857142873108387,0.035242289304733276,0.10849056392908096,0.1741446852684021,0.4910999059677115,13961
0,<=-20%,175,220435,1598,-0.029588945093919752,0.012355241762094505,8226.847080166393,-14749.286191944597,83737,135792,-0.8489552238805971,3.6221176470588228,-0.4087237083911896,-0.2557468727231026,-0.18808800131082534,-0.10189642570912838,-0.028802037239074707,0.035154346376657486,0.10981458649039272,0.1773769974708553,0.5036329761147471,13904
0,<=-20%,176,218902,1588,-0.029812120620172664,0.01161973444415009,8183.134251317171,-14709.067079314187,82844,135097,-0.852139303482587,3.5452941176470585,-0.4024318677186966,-0.2570477485656738,-0.18812552690505982,-0.10239554941654205,-0.029459286481142044,0.03513463959097862,0.10988589078187946,0.17634607851505268,0.49192295670509506,13883
0,<=-20%,177,217434,1594,-0.02995257649966327,0.011570099401711333,8149.682738874171,-14662.391257501997,82317,134237,-0.8517057321884428,3.583552479815456,-0.4033196723461151,-0.2576509714126587,-0.18804821074008943,-0.10272873193025589,-0.02929704636335373,0.03541143611073494,0.11006762683391573,0.1780784666538237,0.4970395207405074,13745
0,<=-20%,178,215940,1593,-0.030109958128732767,0.011553687886934916,8112.202797380291,-14614.147155698853,81543,133481,-0.854574419663177,3.61361014994233,-0.40580888628959655,-0.2584841251373291,-0.18994937241077423,-0.10307130217552185,-0.029688455164432526,0.035284996032714844,0.10975506901741032,0.17845944166183472,0.4987038469314573,13693
0,<=-20%,179,214482,1592,-0.030345180533909888,0.011568573359200422,8065.766042789073,-14574.261054063149,80771,132807,-0.8555932203389831,3.457900807381776,-0.4059754174947739,-0.2567844361066818,-0.19028094410896298,-0.1033378429710865,-0.02961275540292263,0.03485790267586708,0.11017211973667156,0.1771810695528984,0.4839165991544707,13639
0,<=-20%,180,212847,1585,-0.030556690145808012,0.011070591255525775,8012.674553174386,-14516.574380639213,80147,131823,-0.8531073446327684,3.5314878892733557,-0.40864436626434325,-0.25895833373069765,-0.19256092011928558,-0.10411006212234497,-0.030293919146060944,0.03576982766389847,0.10981369167566295,0.17771263122558578,0.5023370647430389,13537
0,<=-20%,181,211266,1587,-0.030820822771333037,0.011799979941896776,7958.550948634962,-14469.942892243418,79279,131098,-0.8526377836722665,3.4561707035755473,-0.4110612535476685,-0.259019161760807,-0.19338034391403197,-0.10526315867900848,-0.0305356802418828,0.03447119053453207,0.10954375118017207,0.18036106675863242,0.5016327601671224,13000
0,<=-20%,182,209796,1583,-0.03100597545000669,0.011575091611693289,7915.917841838458,-14420.84746734808,78674,130238,-0.8563546798029557,3.5,-0.4145002755522728,-0.2622018337249756,-0.19436635076999662,-0.10588817670941353,-0.03105892986059189,0.034353140741586685,0.1097451552748683,0.1784357771277427,0.49193305313587266,13008
0,<=-20%,183,208278,1583,-0.031113066758107412,0.011545993261054661,7886.217951568043,-14366.385269813138,78130,129296,-0.8567639257294429,3.3449999999999998,-0.41556800365448,-0.26283769607543944,-0.19471889436244966,-0.10560344904661179,-0.030927835032343864,0.03448275849223137,0.11066512167453772,0.17931089103221864,0.5025500988960264,12753
0,<=-20%,184,206726,1579,-0.03120636322419763,0.011241496990126571,7853.362991510497,-14304.52963539596,77397,128480,-0.8558797524314765,3.3688294117647057,-0.4143544742465019,-0.2628529742360115,-0.19335459619760512,-0.10584031604230404,-0.030941709876060486,0.03537441696971655,0.11194652915000922,0.18131616115570068,0.49456266403198296,12708
0,<=-20%,185,205205,1574,-0.03132531164114411,0.011042215220926774,7813.50391861407,-14241.614493935043,76699,127639,-0.8559605911330049,3.3105882352941176,-0.4157819765806198,-0.26212026476860045,-0.1943395510315895,-0.10588099248707294,-0.03066349495202303,0.035646919161081314,0.11151000335812594,0.18449421525001525,0.5142791771888747,12698
0,<=-20%,186,203778,1576,-0.0316166220832179,0.01193708639781425,7758.700610306609,-14201.472625180544,75970,126926,-0.8620689655172413,3.3604382929642442,-0.41943626761436464,-0.26319335401058197,-0.19411400854587552,-0.10620827972888947,-0.031219417229294777,0.03562748618423939,0.11139135658740995,0.1846018716692924,0.5107252049446116,12667
0,<=-20%,187,202215,1576,-0.03177261636860594,0.011379633931777334,7717.517813170717,-14142.417432148355,75386,125997,-0.8626600985221675,3.4117647058823533,-0.41784293174743653,-0.2618296086788177,-0.19355889260768888,-0.10704225301742554,-0.03099173493683338,0.03542787581682205,0.11121895611286176,0.1839783370494842,0.5098703336715683,12589
0,<=-20%,188,200632,1574,-0.031936485051195944,0.011838237980082216,7676.309379138339,-14083.790247929875,74667,125109,-0.8654736842105263,3.2598039215686274,-0.4200642704963684,-0.26325284540653227,-0.19323039054870603,-0.10685534030199051,-0.03146666660904884,0.03612551838159561,0.1118904411792755,0.18373327106237403,0.5122290563583349,12587
0,<=-20%,189,199188,1572,-0.032168127061575125,0.01141669949898958,7631.076791994691,-14038.581685135681,74048,124261,-0.8740886699507389,3.2831660899653983,-0.41834857404232023,-0.2645995706319809,-0.1959255665540695,-0.10777152329683304,-0.03184713423252106,0.03530181013047695,0.1111111119389534,0.18354786932468403,0.5188379931449898,12483
0,<=-20%,190,197690,1572,-0.03235586913452017,0.011225497526920944,7590.573218864472,-13987.004988067765,73460,123427,-0.874447391688771,3.2260668973471747,-0.4238212963938713,-0.2660904318094254,-0.1978454604744911,-0.10843797959387302,-0.03198699280619621,0.03506160341203213,0.1126421481370926,0.182045151293277,0.5220621401071537,12444
0,<=-20%,191,195992,1566,-0.032521096097933,0.010583491336694954,7545.226278119998,-13919.1009445461,72761,122432,-0.8734653465346535,3.2331509216589858,-0.42175251096487043,-0.26753015220165255,-0.19786350429058075,-0.1083577536046505,-0.03309842385351658,0.03639468923211098,0.11182369440793999,0.18382029235363004,0.5291047680377963,12358
0,<=-20%,192,194579,1567,-0.03271258942194407,0.009919162857099675,7503.888880169718,-13869.071817302196,72153,121649,-0.8712871287128713,3.2005882352941173,-0.4184281051158905,-0.2684891700744629,-0.19843701422214508,-0.10822207853198051,-0.032724540680646896,0.03523876890540123,0.1107370279729367,0.18177443295717238,0.521820317506789,12378
0,<=-20%,193,193045,1564,-0.03293802114891473,0.010376709235574696,7455.499153456817,-13814.019446149092,71300,120905,-0.8686138613861386,3.3227941176470583,-0.4182593822479248,-0.26944515109062195,-0.2002495288848877,-0.1090909093618393,-0.033210333436727524,0.03470496088266373,0.11228498071432132,0.18341802358627313,0.5233057880401606,12253
0,<=-20%,194,191636,1563,-0.03307286932210783,0.010656143427617299,7422.821643329377,-13760.774028740801,70703,120115,-0.8673267326732673,3.158235294117647,-0.4167458564043045,-0.2701476067304611,-0.20095407962799072,-0.10970393568277359,-0.032275132834911346,0.03519969433546066,0.11083785444498062,0.18494784832000732,0.5256523132324223,12231
0,<=-20%,195,190077,1560,-0.033260932640368016,0.010421194449942266,7380.404015428893,-13702.542308912121,70105,119251,-0.8728358208955224,3.0882352941176467,-0.4202394792437553,-0.26916669607162474,-0.20243252962827682,-0.10987468995153904,-0.032525843009352684,0.03567222785204649,0.11111337170004845,0.18390270322561247,0.5241707718372327,12130
0,<=-20%,196,188515,1558,-0.0334427839101171,0.010290187401989854,7337.245758284967,-13641.712167100699,69356,118401,-0.8706467661691542,3.038062283737024,-0.42228941768407824,-0.2712755426764488,-0.20196150988340378,-0.11101321503520012,-0.03304033353924751,0.03633083216845989,0.11177359148859978,0.18539262935519218,0.5327855437994007,11956
0,<=-20%,197,187138,1559,-0.03368478281826257,0.009340470499297985,7295.635655992831,-13599.33854303686,68660,117713,-0.8679601990049751,3.118223760092272,-0.4199002504348755,-0.27128681540489197,-0.2049204409122467,-0.11273160949349403,-0.034682080149650574,0.03598453290760517,0.11173024773597717,0.18979158252477646,0.5385977089405065,11491
0,<=-20%,198,185674,1562,-0.0338079722498583,0.009745952943375463,7260.122715969761,-13537.384155489955,68044,116929,-0.8666666666666667,3.238033448673587,-0.4271844708919525,-0.2763437807559967,-0.20494730472564696,-0.11220472306013107,-0.03482586890459061,0.035211268812417984,0.11150492280721666,0.18820155858993468,0.5369233727455136,11485
0,<=-20%,199,184201,1559,-0.03400458267137634,0.009987753245833736,7216.157628001993,-13479.835760652159,67296,116196,-0.8620689655172413,3.0767012687427915,-0.42555816292762755,-0.2753384292125701,-0.20521150231361387,-0.11331444978713989,-0.035108115524053574,0.03562979772686958,0.1111111119389534,0.18881917893886557,0.5332549738883976,11217
0,<=-20%,200,182764,1555,-0.03418045450570887,0.009832611677065475,7174.712574166724,-13421.669161448099,66785,115270,-0.8624619314274486,2.870743087557604,-0.4271374237537384,-0.27662819623947144,-0.20539432466030122,-0.11274595558643341,-0.03525104746222496,0.03585139289498329,0.1111111119389534,0.1896930962800981,0.5304815101623537,11249
0,<=-20%,201,181215,1554,-0.03442016932377838,0.009149828832881554,7123.571054600331,-13361.022038608837,66150,114348,-0.8624619314274486,2.9336793540945787,-0.42464551627635955,-0.27556463330984116,-0.20539209991693497,-0.11323174089193344,-0.034383952617645264,0.035243602469563484,0.11081261560320854,0.18978102505207062,0.5369146853685384,11216
0,<=-20%,202,179786,1555,-0.034689228086919995,0.008960930429750796,7070.443557088263,-13307.081117923255,65505,113612,-0.867487684729064,2.9527117647058825,-0.4309037089347839,-0.27906534522771836,-0.20738904178142548,-0.11407904513180256,-0.03499038331210613,0.035553114488720894,0.11239088252186774,0.18805465325713153,0.5446955996751783,11152
0,<=-20%,203,178227,1555,-0.034983175756422444,0.008790206180148459,7009.157131608266,-13244.103597148189,64814,112753,-0.8678652126927989,2.8017647058823525,-0.428224119246006,-0.27839228212833406,-0.2065831258893013,-0.11331123299896717,-0.03597341664135456,0.03469526581466198,0.11239023730158808,0.18751552030444144,0.5465569752454753,11128
0,<=-20%,204,176688,1545,-0.035230712600168086,0.008120112701507014,6958.568473006989,-13183.41262090548,64089,111936,-0.8668316831683168,2.822352941176471,-0.42900281310081484,-0.2765452891588211,-0.20772955417633057,-0.11437651328742504,-0.03654668293893337,0.03536763694137335,0.11404199227690695,0.1900871150195598,0.5476872479915618,11102
0,<=-20%,205,175244,1550,-0.03533853737688565,0.007974222399826992,6922.777251395333,-13115.643895470273,63490,111034,-0.8651231527093596,2.7855882352941177,-0.42601969838142395,-0.2786825969815254,-0.20899217575788498,-0.11491157487034798,-0.035941045731306076,0.03422912210226059,0.11310076713562012,0.19356154650449753,0.5544128179550136,10996
0,<=-20%,206,173775,1546,-0.035476129620411,0.00816393640346139,6888.33678396537,-13053.201208752304,62894,110198,-0.8655074172315551,2.8500576701268745,-0.42745085030794144,-0.2806516647338867,-0.2107730746269226,-0.1150814387947321,-0.03576451726257801,0.03481889050453901,0.11237949803471572,0.19054798111319524,0.5426186883449553,10978
0,<=-20%,207,172360,1543,-0.0357127027149984,0.007788927673903644,6843.076982889476,-12998.518422846595,62286,109394,-0.8647214854111406,2.8752076124567476,-0.42775302201509474,-0.28215550929307937,-0.21345213800668716,-0.1150233093649149,-0.036468902602791786,0.03557970188558102,0.11371853202581407,0.1899191670119763,0.5453744345903404,10874
0,<=-20%,208,170847,1540,-0.03588453332823954,0.008661382368045327,6797.8943609695225,-12928.659226499236,61761,108458,-0.8663054187192119,2.7272202998846593,-0.4269884353876114,-0.28091477155685424,-0.21344561725854874,-0.1161674726754427,-0.03623785264790058,0.03486432507634163,0.11223767325282098,0.190045641362667,0.5417771607637404,10888
0,<=-20%,209,169358,1537,-0.036108184754674984,0.008204465389254779,6752.518676988501,-12867.728630670776,61110,107590,-0.8666863149621771,2.747404844290658,-0.43155512779951094,-0.2840494841337204,-0.21359142214059829,-0.11728576198220253,-0.036904074251651764,0.03426142781972885,0.11252747401595126,0.19184376373887074,0.5549679023027407,10754
0,<=-20%,210,167916,1538,-0.03629772142383284,0.008373931890682087,6713.501354381455,-12808.469544985772,60664,106640,-0.8656435643564356,2.8330990783410135,-0.4314358967542648,-0.2870802581310272,-0.21355194151401521,-0.11716534569859505,-0.03610202670097351,0.03526728413999081,0.11313053220510486,0.19140322059392942,0.5423487293720237,10719
0,<=-20%,211,166493,1536,-0.03640260802934008,0.0084430952651015,6681.011374411477,-12741.790793040393,60110,105787,-0.8650162098437961,2.7597926267281103,-0.4287017688155174,-0.28576632440090177,-0.21641480624675752,-0.117145461961627,-0.03636007569730282,0.03573897201567888,0.11394659131765376,0.18958798795938503,0.5454273635148997,10654
0,<=-20%,212,165057,1534,-0.03656526229953725,0.00839831722456695,6644.288008927664,-12679.640508302386,59480,104981,-0.8658128078817734,2.9142705882352935,-0.43833537459373473,-0.2864804804325104,-0.21416884958744048,-0.11780152469873428,-0.03719602897763252,0.035087719559669495,0.11380572766065605,0.19319305717945093,0.5556077194213926,10573
0,<=-20%,213,163649,1532,-0.03683661184908206,0.0075995087440633635,6596.609776806176,-12624.88446929663,58950,104088,-0.8661951075744179,2.8394117647058823,-0.4360663259029388,-0.28786664009094237,-0.2174458235502243,-0.11924868077039719,-0.03776223957538605,0.03409801423549652,0.11496984064579029,0.19315338730812073,0.5407354736328124,10069
0,<=-20%,214,162253,1532,-0.037028800677774365,0.007564992754244931,6553.617254782252,-12561.651251153173,58328,103297,-0.8669950738916256,2.7623529411764705,-0.4385358226299286,-0.29063701927661895,-0.21790901124477385,-0.12000899203121662,-0.03815184719860554,0.03459379822015762,0.11389694288373003,0.19681188836693764,0.5439500677585599,10038
0,<=-20%,215,160802,1534,-0.03725069289900844,0.007822877348307703,6505.305953589453,-12495.291873135793,57830,102372,-0.8673740053050398,2.6644585253456223,-0.43730078160762786,-0.28973360657691954,-0.21773036122322081,-0.11946739628911018,-0.03860107436776161,0.03451564349234104,0.11441214978694915,0.19351063519716225,0.5371329748630516,9787
0,<=-20%,216,159363,1534,-0.03746791233053896,0.007643734583758884,6457.060830610777,-12428.059743342446,57159,101606,-0.8669950738916256,2.800662442396314,-0.44220524311065673,-0.29065088778734205,-0.21762546002864838,-0.12002366408705711,-0.03951671160757542,0.03352146130055189,0.11437966749072076,0.19683474153280262,0.5480624878406526,9734
0,<=-20%,217,157923,1530,-0.03766134644430437,0.00710529729705528,6409.793585141965,-12357.386399665837,56549,100776,-0.8673740053050398,2.8375201845444056,-0.44426510572433475,-0.29452161192893983,-0.21748758852481842,-0.11984232068061829,-0.03963090851902962,0.034337641671299934,0.11704495549201974,0.19819703847169887,0.564888619184499,9739
0,<=-20%,218,156505,1527,-0.03791754680640569,0.005909723343711798,6353.242245076259,-12287.527908012791,56024,99892,-0.8663915905295215,2.8811470588235295,-0.44503856062889097,-0.2931333541870117,-0.21903136670589446,-0.12113276869058609,-0.039913199841976166,0.03521186485886574,0.11573038101196288,0.19420657157897933,0.5677281427383399,9677
0,<=-20%,219,155084,1523,-0.03809871247896716,0.006320133758415946,6312.105141647449,-12220.605867735616,55507,99004,-0.8653465346534653,2.705294117647059,-0.44243356615304946,-0.2923142537474632,-0.21868992298841475,-0.12145835347473621,-0.03977876529097557,0.033360183238983154,0.11595863848924642,0.19232426732778524,0.5522359776496878,9680
0,<=-20%,220,153724,1526,-0.03825803181973274,0.0056977176932551206,6268.782425086949,-12149.960108543546,54968,98209,-0.8656716417910447,2.658529411764706,-0.4456507110595703,-0.2938272088766098,-0.21978437006473542,-0.12109729647636414,-0.039647575467824936,0.03396044671535492,0.11665839552879338,0.19791180044412604,0.5739116120338441,9623
0,<=-20%,221,152308,1524,-0.038434236649863104,0.005682194962523965,6224.896390300509,-12078.738105967854,54460,97282,-0.8650746268656716,2.6841176470588235,-0.44598409414291385,-0.29362893253564837,-0.22091254293918608,-0.12194173410534859,-0.03972938098013401,0.03427004534751177,0.11693624481558836,0.19954872056841833,0.5719976496696474,9548
0,<=-20%,222,150896,1522,-0.03867381862959749,0.005737782871808212,6177.51620850167,-12013.240744433424,53826,96510,-0.8656716417910447,2.6720588235294116,-0.44776965737342833,-0.2940824508666992,-0.22346228659152984,-0.12200000137090683,-0.03930921107530594,0.034116022288799286,0.11662985384464274,0.1977031558752059,0.5615589284896857,9473
0,<=-20%,223,149525,1515,-0.03894226324766155,0.005784378326414113,6125.151501031404,-11947.993413137981,53230,95796,-0.8646766169154229,2.8050461361014993,-0.4483920904994011,-0.2964729338884354,-0.22294223755598064,-0.12276099994778633,-0.039262680336833,0.0344195868819952,0.11686360090970994,0.19527096673846242,0.5698454755544675,9490
0,<=-20%,224,148066,1515,-0.03914105474794475,0.006251154202273187,6074.338355779668,-11869.797768088833,52586,94954,-0.8613793103448276,2.6872119815668207,-0.44708642244338986,-0.29547221362590786,-0.22338956594467163,-0.12262392789125443,-0.0390625,0.03514312207698822,0.11809726953506473,0.19539119601249635,0.5565160596370693,9435
0,<=-20%,225,146634,1505,-0.03934273282127246,0.006290233282583529,6026.964584989676,-11795.946869504149,51937,94128,-0.8633497536945813,2.8041176470588236,-0.45078042775392535,-0.29678056985139845,-0.2234789878129959,-0.1236212458461523,-0.040075307711958885,0.033680761232972145,0.11874985545873643,0.1978424809873103,0.558490970730781,9312
0,<=-20%,226,145230,1509,-0.03958506928689161,0.006570026190804678,5975.728790612482,-11724.668403147736,51418,93316,-0.8637390706356224,2.765294117647059,-0.45113871932029725,-0.2989605128765106,-0.22381673753261563,-0.1233663521707058,-0.040167732164263725,0.03472298942506313,0.11794467940926573,0.1983723729848861,0.567068493366242,9298
0,<=-20%,227,143708,1507,-0.03973134828034031,0.006509228140579148,5928.741480207301,-11638.45407887843,50785,92354,-0.8633461047254151,2.8243087557603688,-0.4507789444923401,-0.30238736271858213,-0.22577189803123474,-0.12426035851240158,-0.03994879871606827,0.033898305147886276,0.11760973632335664,0.19468050301074974,0.5657930803298903,9205
0,<=-20%,228,142295,1507,-0.039859909246319464,0.0063802941536241185,5878.401589500421,-11550.267375705469,50254,91516,-0.8626584143825523,2.77,-0.4538205513358116,-0.3020012453198433,-0.22793101221323012,-0.12465663999319077,-0.04068961180746555,0.03387863840907812,0.11803888678550724,0.19689998701214792,0.5665641629695892,9114
0,<=-20%,229,140969,1504,-0.040075856651392384,0.006144595180473767,5825.959473230769,-11475.412909520934,49711,90767,-0.8622654484723451,2.905294117647059,-0.45520531058311464,-0.30320833921432494,-0.22802980691194533,-0.1257559321820736,-0.04189212992787361,0.033218047581613064,0.11777825206518185,0.19696947410702675,0.5717661499977043,8630
0,<=-20%,230,139500,1501,-0.04026555281469474,0.00674963789253192,5774.284476174894,-11391.329093824816,49102,89859,-0.8619707240396896,2.7295271049596312,-0.46003196239471433,-0.3066871166229248,-0.22901645302772522,-0.12739965319633484,-0.042947202920913696,0.032786883413791656,0.11930585652589798,0.20229007303714752,0.5701083779335037,8581
0,<=-20%,231,138091,1504,-0.040396783161211994,0.006711567879168139,5724.988499526878,-11303.42068304181,48612,88992,-0.8619900497512438,2.783823529411765,-0.4556512176990509,-0.3040096163749695,-0.23035803139209746,-0.12574733048677444,-0.04217768460512161,0.03305370453745127,0.11958066523075103,0.2026352249085903,0.5676459920406388,8364
0,<=-20%,232,136659,1498,-0.04063725166517389,0.006755210321159279,5667.932808511392,-11221.378983822366,48044,88091,-0.8618724825621378,2.678605882352941,-0.4623803961277008,-0.3062671422958374,-0.22971074879169462,-0.12684211134910583,-0.042951542884111404,0.031981851905584335,0.11946661472320556,0.20469478666782295,0.5793811893463139,8309
0,<=-20%,233,135251,1491,-0.04084304093482361,0.005590709214384205,5614.3061030784675,-11138.368232554265,47557,87201,-0.8610865507417231,2.696078431372549,-0.46497573316097257,-0.3052308067679405,-0.2308877468109131,-0.12741266563534737,-0.04294765181839466,0.03148641437292099,0.12038966044783592,0.20436196103692048,0.571452109813689,8304
0,<=-20%,234,133857,1493,-0.04099105326643878,0.006825085676183581,5569.183406057225,-11056.122823142941,47068,86268,-0.8613812751743786,2.828719723183391,-0.4650150972604752,-0.30450366735458373,-0.23048142194747925,-0.12765957415103912,-0.04280373826622963,0.03290407732129097,0.12207012325525284,0.2063040524721145,0.5791877913475034,8239
0,<=-20%,235,132445,1491,-0.041177941022422254,0.00630036502064142,5519.426770047972,-10973.239168762695,46501,85472,-0.8614795166519305,2.748529411764706,-0.46337474972009657,-0.3034976527094841,-0.2305499866604805,-0.1271706447005272,-0.041468797251582146,0.03377859108150005,0.12184006124734881,0.20508501678705213,0.5766409039497378,8258
0,<=-20%,236,131069,1491,-0.04143566080629728,0.005525109377194203,5467.213104677342,-10898.143730897913,45995,84564,-0.8607918263090677,2.7562176470588233,-0.46308520883321763,-0.30359716415405275,-0.2301170453429222,-0.12849657610058784,-0.043237846344709396,0.033761166036129,0.12257750034332275,0.20069785341620416,0.5891773086786282,8204
0,<=-20%,237,129673,1488,-0.04154409032673795,0.005452736133739367,5422.67655034151,-10809.8233752806,45513,83715,-0.8600995024875622,2.7976470588235296,-0.466942828297615,-0.3034562528133392,-0.23134406805038452,-0.12753622978925705,-0.04236375913023949,0.03365183062851429,0.12308039516210556,0.2044668741524218,0.5871054983139049,8158
0,<=-20%,238,128266,1486,-0.04176851558645079,0.006639953940614455,5374.881608670995,-10732.362028882675,44903,82915,-0.8593034825870647,2.7258823529411766,-0.4668093088269234,-0.30633512139320374,-0.23322021812200544,-0.12928275018930435,-0.04240034893155098,0.03329076338559389,0.12212913110852262,0.20438467860221857,0.5771113884449,8090
0,<=-20%,239,126859,1487,-0.04210978605731305,0.006178304309373797,5311.763226845321,-10653.768576289978,44420,81985,-0.8621674876847291,2.7205882352941178,-0.4689125657081604,-0.3074752613902092,-0.2327902913093567,-0.12842651456594467,-0.04196174815297127,0.032532377168536186,0.12233611270785334,0.20214187055826185,0.5696805238723756,8042
0,<=-20%,240,125460,1482,-0.04234631150233095,0.004241682792998348,5253.5061477028885,-10566.274388785334,43836,81187,-0.8641379310344828,2.771735294117647,-0.4665648078918457,-0.30684205889701843,-0.23270212411880492,-0.1290062963962555,-0.042553190141916275,0.03391583263874054,0.12090004682540904,0.19838716983795165,0.5684302783012409,8037
0,<=-20%,241,124097,1480,-0.042598709752129024,0.0038798573232899304,5202.100885707888,-10488.47296981785,43282,80385,-0.8728078817733991,2.735294117647059,-0.46515832424163817,-0.3101230084896088,-0.2343225613236427,-0.12936831638216972,-0.042374491691589355,0.033997176215052605,0.12219153046607975,0.19685169979929923,0.5769692635536192,7872
0,<=-20%,242,122759,1472,-0.04283515719162211,0.003200611874723456,5152.20197923284,-10410.603040919179,42750,79587,-0.8731702524805973,2.7305882352941175,-0.46384480595588684,-0.30806511640548706,-0.2340259701013565,-0.12975391745567322,-0.04357798025012016,0.03340158611536026,0.1216554045677185,0.20199501514434814,0.5773809552192688,7901
0,<=-20%,243,121337,1469,-0.0430126590626188,0.0038694384821506573,5102.902136181389,-10321.929148862375,42218,78723,-0.8738916256157635,2.711764705882353,-0.463316924571991,-0.31077478229999544,-0.23457762300968169,-0.13018471747636795,-0.04330708831548691,0.03348446823656559,0.12124646455049516,0.1994796112179755,0.5734039676189425,7775
0,<=-20%,244,119977,1464,-0.043259712117266515,0.003226602998922631,5049.26752925649,-10239.43800994976,41672,77880,-0.8742509087336674,2.682352941176471,-0.47135070264339446,-0.3100500598549843,-0.23489472270011902,-0.13140838593244553,-0.043799275532364845,0.034423764795064926,0.12278062477707868,0.2055143147706983,0.5801599061489106,7718
0,<=-20%,245,118609,1466,-0.04352821161670799,0.003989743260232243,4995.600038585827,-10158.437690231935,41144,77040,-0.874447391688771,2.7329176470588235,-0.47399892210960387,-0.31233789026737213,-0.23880234360694885,-0.1346781924366951,-0.04552767798304558,0.03353198245167732,0.12400290369987488,0.2048271745443344,0.5722199678421025,7191
0,<=-20%,246,117213,1463,-0.043812931341176975,0.0037342952601998425,4941.809954697831,-10077.255075991201,40610,76212,-0.8734653465346535,2.6858176470588235,-0.47671285152435305,-0.3152794137597084,-0.24063371717929838,-0.1354108713567257,-0.04629441909492016,0.032750239595770836,0.12359130755066866,0.20330868661403625,0.5617010843753815,7214
0,<=-20%,247,115826,1456,-0.04397646389023599,0.004164764261986507,4897.087113866039,-9990.705020416495,40182,75260,-0.8715422885572139,2.6785649354584575,-0.4767174243927002,-0.3155321180820465,-0.2402234673500061,-0.13338235020637512,-0.045045044273138046,0.03378378227353096,0.12210200726985931,0.2074074000120163,0.5664800286293028,6981
0,<=-20%,248,114423,1449,-0.044180169543776175,0.0038332321742221413,4848.607091516153,-9903.834631223648,39593,74441,-0.874384236453202,2.638985005767013,-0.4794370409846306,-0.3165758550167084,-0.23948594331741332,-0.13439125940203667,-0.045539410784840584,0.03397073782980442,0.12273691669106492,0.20567273497581479,0.5595002645254132,6952
0,<=-20%,249,113081,1452,-0.04431585271859646,0.004078691243616008,4805.370304529058,-9816.651245800704,39123,73580,-0.8768472906403941,2.658389585342334,-0.4823905020952225,-0.3193597048521042,-0.23896113634109495,-0.1354287788271904,-0.04615384712815285,0.03245717100799084,0.12359351813793182,0.20763856321573237,0.5612494862079604,6899
0,<=-20%,250,111757,1449,-0.044534494538798,0.003923836418717882,4753.776413016289,-9730.817919188734,38641,72757,-0.877198153060222,2.6597231833910038,-0.4808666580915451,-0.31916986852884294,-0.24080694019794463,-0.13645890727639198,-0.046510862186551094,0.033195589669048786,0.1204644247889519,0.20310026332736003,0.5858008074760447,6862
0,<=-20%,251,110343,1447,-0.04470445073065711,0.003642950200170233,4702.634945620135,-9635.458152593048,38162,71816,-0.8762376237623762,2.614144597297134,-0.4787029135227203,-0.3177025839686394,-0.24212125688791275,-0.13504156842827797,-0.045163022354245186,0.032383582554757595,0.12187021598219876,0.20554337799549102,0.5679233223199848,6842
0,<=-20%,252,108939,1444,-0.04500554638546169,0.0037691497455257274,4646.2545102041395,-9549.113727889948,37539,71017,-0.8748768472906404,2.6524064171122994,-0.47434655249118807,-0.31584853678941727,-0.23973474502563474,-0.13524967804551125,-0.04462357610464096,0.03339098300784826,0.12547939568758018,0.20629195049405094,0.5703622865676883,6838
0,<=-20%,253,107618,1438,-0.04527073151880837,0.0022967580662441533,4594.842675206271,-9466.788259797371,37116,70157,-0.8767487684729064,2.6898395721925135,-0.47434883266687394,-0.31717858016490935,-0.2405950054526329,-0.1353902891278267,-0.04553955793380737,0.0314826387912035,0.12425572648644448,0.2086387649178503,0.5726505053043361,6764
0,<=-20%,254,106237,1434,-0.04543883515596805,0.0030467079383934806,4548.670164879732,-9375.955695344317,36585,69279,-0.8770999115826702,2.7096774193548385,-0.476262201666832,-0.3182718768715858,-0.24203025698661804,-0.13661183416843414,-0.04516468197107315,0.03225282113999128,0.12278051003813742,0.20807584971189497,0.578003774881363,6734
0,<=-20%,255,104921,1429,-0.04568897244029242,0.00206856393679212,4496.816037052156,-9290.54871446009,36103,68438,-0.8767069456724629,2.6543721198156685,-0.4766845107078552,-0.3172857463359833,-0.24196787178516388,-0.13620007038116455,-0.04494382068514824,0.03301028162240982,0.12228741496801376,0.20604099333286285,0.576800787448882,6661
0,<=-20%,256,103574,1424,-0.046072809834115075,-0.00015659966880246227,4432.25702386709,-9204.202229625742,35586,67641,-0.8764122212398074,2.7723529411764702,-0.47698594570159913,-0.31979154944419863,-0.24572669714689255,-0.1360061652958393,-0.04535428062081337,0.0323635945096612,0.12050640508532533,0.20579376220703124,0.5863046866655349,6652
0,<=-20%,257,102165,1425,-0.04639409943981786,0.00015960755303042823,4374.927977778541,-9114.78114704754,34994,66811,-0.8765104627173592,2.731758823529412,-0.4752487608790398,-0.3206341803073883,-0.24536250680685043,-0.1366504319012165,-0.04681912250816822,0.032752097584307194,0.1226933270692826,0.20582907050847982,0.5821606659889218,6520
0,<=-20%,258,100874,1426,-0.046616122649011896,0.0017017364238435314,4323.405501460245,-9025.760257556665,34560,65954,-0.876117496807152,2.735294117647059,-0.4758522272109985,-0.3230635285377502,-0.24652818143367766,-0.13651027530431747,-0.047023750841617584,0.033888787031173706,0.12242234200239177,0.20724469721317254,0.6016966497898092,6519
0,<=-20%,259,99534,1421,-0.0468341121443054,0.0004963920266752862,4268.589173424029,-8930.175691595336,34055,65153,-0.8755223880597015,2.7185,-0.47236725270748137,-0.32084469497203827,-0.24490339159965513,-0.13749510794878006,-0.04683619737625122,0.03245215304195881,0.12198019325733189,0.20748017132282257,0.5966158854961392,6427
0,<=-20%,260,98153,1417,-0.046945614611295046,0.0010361974840511292,4225.070349048902,-8832.923259991361,33599,64223,-0.8751243781094528,2.6535294117647057,-0.47298417925834657,-0.32166820764541626,-0.24410463869571686,-0.13756316155195236,-0.04644808918237686,0.03387342020869255,0.12362527251243624,0.21019191592931738,0.6053791272640228,6347
0,<=-20%,261,96820,1410,-0.04707468076479212,0.0016305613781367875,4178.582869112802,-8736.353460759983,33125,63388,-0.8748258706467662,2.7409493161705556,-0.4821517086029053,-0.32423108220100405,-0.24741962552070618,-0.14129921793937683,-0.04829545319080353,0.031484197825193405,0.12381910383701326,0.20556019246578225,0.6073097062110905,5845
0,<=-20%,262,95475,1409,-0.04736178613054497,0.0019960919884784065,4121.424153598593,-8643.290684412383,32619,62528,-0.8749253731343283,2.795918367346939,-0.48370405584573745,-0.3240388333797455,-0.24829743057489395,-0.14219935983419418,-0.04840407334268093,0.03065232839435339,0.1262865513563156,0.21107393130660057,0.5941736966371527,5836
0,<=-20%,263,94127,1397,-0.04750343111170615,0.0009550152957918837,4071.9951304172837,-8543.350590668848,32163,61657,-0.8745273631840795,2.978609625668449,-0.4857343852519989,-0.3251841366291046,-0.24951748549938202,-0.14178694784641266,-0.05000000074505806,0.03141361102461815,0.12294516712427139,0.21393969282507896,0.5762018769979486,5596
0,<=-20%,264,92805,1391,-0.04787493525233951,0.0006525337992522696,4009.3014184967137,-8452.33478459008,31573,60886,-0.8736318407960199,3.0,-0.4881210219860077,-0.3245572566986084,-0.2510450065135956,-0.14074073731899261,-0.04894326999783516,0.03149399533867836,0.12369554489851008,0.2160688608884813,0.5844365811347964,5605
0,<=-20%,265,91517,1387,-0.04815408016936731,-0.00012504063620275748,3955.8088702713612,-8362.725825131334,31151,60072,-0.8729064039408867,2.5818915801614764,-0.48860435783863065,-0.32887157797813416,-0.25240767002105713,-0.1438753604888916,-0.0480431467294693,0.03074523201212287,0.12542004883289337,0.2174871414899826,0.5669181972742098,5546
0,<=-20%,266,90203,1385,-0.048436145358235295,0.00030773393837679074,3901.7697372321168,-8270.855356981016,30687,59243,-0.8740886699507389,2.6554706355591313,-0.4923128116130829,-0.3299698233604431,-0.2526277542114258,-0.14367252588272095,-0.04920212924480438,0.031343162059783936,0.1234400361776352,0.21360988616943358,0.5798847532272352,5513
0,<=-20%,267,88952,1382,-0.04870018351032895,0.0009093280654828317,3848.6477883759885,-8180.626511986779,30123,58545,-0.8745812807881773,2.7091836734693877,-0.48972046554088594,-0.32725931257009505,-0.25241429507732394,-0.1428995281457901,-0.049363547936081886,0.030773774720728397,0.12650198042392735,0.21494872123002992,0.5606375062465667,5518
0,<=-20%,268,87646,1379,-0.04894680257576939,-0.0004058540240338644,3800.7803872538025,-8090.771845809698,29621,57739,-0.874975369458128,2.887700534759358,-0.47928982466459275,-0.3276481032371521,-0.25110544860363004,-0.1437903307378292,-0.04874321073293686,0.03170319925993681,0.12406305298209211,0.2182499617338181,0.5892157763242739,5470
0,<=-20%,269,86417,1375,-0.049057943917430596,-0.0004494659458276058,3758.804572223877,-7998.244911736499,29265,56884,-0.8753315649867374,2.908602150537634,-0.48184334486722946,-0.3277236223220825,-0.2506948262453079,-0.14336373656988144,-0.050051124766469,0.030260947067290545,0.12440065294504166,0.2175811380147934,0.5727429389953613,5426
0,<=-20%,270,85162,1373,-0.049240619289915306,-0.0007504953894703902,3709.814078164818,-7903.243698132585,28856,56019,-0.8743564356435644,2.8279569892473115,-0.4839158117771149,-0.32998156547546387,-0.25153374671936035,-0.1440005674958229,-0.05031656101346016,0.030771791003644466,0.1230769231915474,0.21248840540647507,0.5710574567317983,5391
0,<=-20%,271,83873,1369,-0.04951827446389972,-0.001824211251658575,3660.5115867877657,-7813.757820898423,28347,55236,-0.8730720110030454,2.700940158185346,-0.4842799201607704,-0.32872145622968674,-0.2505086660385132,-0.144926056265831,-0.0503806434571743,0.03145308420062065,0.12422869727015495,0.20772039890289307,0.567335721850398,5346
0,<=-20%,272,82622,1360,-0.0497594165683151,-0.006398320686554417,3611.0402784566645,-7722.262794163992,27871,54467,-0.8732684939581491,2.5441926345609063,-0.4929176530241966,-0.331975157558918,-0.2506109595298767,-0.1449371799826622,-0.04950403422117233,0.03118380717933178,0.12470763698220265,0.21162873134016982,0.586636212468142,5332
0,<=-20%,273,81349,1360,-0.04994595602453321,-0.006484146342102846,3569.636985119775,-7632.690561759517,27428,53672,-0.8735632183908046,2.6977491961414795,-0.48956109285354615,-0.333313125371933,-0.2541801929473877,-0.1470276564359665,-0.05037400498986244,0.03038586862385273,0.12323969900608064,0.21410555243492105,0.5831707835197455,5217
0,<=-20%,274,80114,1355,-0.04989152114409279,-0.005212610513123437,3541.956569796356,-7538.965894734216,26947,52923,-0.873731343283582,2.72,-0.4898631253838539,-0.3309543773531914,-0.25594658851623536,-0.14544978365302086,-0.04955738224089146,0.031194969546049833,0.12680423557758344,0.21989826336503013,0.6146121734380745,5192
0,<=-20%,275,78875,1353,-0.04998877906396149,-0.004813779039255216,3501.508389561439,-7444.373338231415,26500,52126,-0.8735632183908046,2.846153846153846,-0.4845601126551628,-0.3308582827448845,-0.25546471774578094,-0.14332720637321472,-0.05005347728729248,0.031184520106762648,0.1268513724207878,0.22073258459568024,0.6381885349750506,5136
0,<=-20%,276,77628,1348,-0.050304974792129226,-0.004765000581043701,3448.9756101323874,-7354.050193295811,25996,51411,-0.8736945812807881,2.7909967845659165,-0.4849281394481659,-0.33093251734972,-0.2565872222185135,-0.14530248939990997,-0.05046951398253441,0.030931932851672173,0.12887339293956757,0.2218866899609565,0.6399887955188749,5052
0,<=-20%,277,76412,1347,-0.05043541303999788,-0.005134969682278562,3401.725044274683,-7255.595825486999,25590,50594,-0.8745812807881773,2.8745980707395504,-0.49147673845291134,-0.3375842422246933,-0.2625698149204254,-0.14945866912603378,-0.05236703157424927,0.029893962666392326,0.12889032065868378,0.21505121514201164,0.6257586717605572,4586
0,<=-20%,278,75154,1333,-0.05064369837485813,-0.004283884976591258,3353.3171619322106,-7159.393669596309,25147,49774,-0.8764532019704433,2.9431438127090295,-0.4975450783967972,-0.3413087725639343,-0.2640168368816376,-0.15054216235876083,-0.052918270230293274,0.02919090911746025,0.12839937210083008,0.220454603433609,0.6124317944049835,4551
0,<=-20%,279,73884,1330,-0.050832104924287885,-0.004207810556762832,3307.8753927698185,-7063.554632995917,24703,48926,-0.8768051871500148,3.0301003344481607,-0.497323254942894,-0.3418793141841888,-0.26674880683422086,-0.15366237983107567,-0.05310259386897087,0.028865025844424963,0.12648862153291707,0.22165793329477307,0.6141461116075522,4342
0,<=-20%,280,72736,1325,-0.05087696373375769,-0.004603629364050825,3271.302897451378,-6971.889731589985,24322,48172,-0.8758415841584158,2.983922829581994,-0.5110290837287903,-0.3430961430072784,-0.26501136422157284,-0.15065276995301247,-0.05284659005701542,0.03085971251130104,0.12606745511293413,0.22632461711764332,0.6336421579122514,4328
0,<=-20%,281,71499,1327,-0.05107456163674648,-0.0042969025564814755,3220.5089148530315,-6872.288997318767,23918,47376,-0.874447391688771,3.141479099678457,-0.5080491757392883,-0.3416294664144516,-0.26624879240989685,-0.15237614139914513,-0.05268858186900616,0.03140186797827482,0.12965129613876347,0.2222222238779068,0.6166958397626895,4284
0,<=-20%,282,70340,1313,-0.05126083421660638,-0.005628506166960506,3177.362747316805,-6783.049826112891,23502,46626,-0.8737597013459082,3.1438127090301,-0.507811284661293,-0.3440084606409073,-0.26678292751312255,-0.15135499835014343,-0.05453958734869957,0.030678001698106527,0.12886178642511373,0.2239136382937431,0.6204669576883315,4272
0,<=-20%,283,69101,1314,-0.05145627004613252,-0.0063610933469056535,3132.8666121208785,-6688.546328578678,23026,45847,-0.8737597013459082,3.3076923076923075,-0.506380808353424,-0.34039559960365295,-0.26664745807647705,-0.1506902053952217,-0.054193466901779175,0.03135266341269016,0.12797516584396362,0.22615428268909454,0.5863755583763136,4271
0,<=-20%,284,67943,1314,-0.051691346827494614,-0.006772216309585667,3085.7337779808945,-6597.798955481362,22588,45123,-0.875223880597015,3.184280936454849,-0.5071801149845123,-0.34097587466239926,-0.26823001503944394,-0.1528925895690918,-0.053892213851213455,0.031018760986626148,0.1271063953638077,0.2250410005450243,0.59077954173088,4227
0,<=-20%,285,66795,1311,-0.05188404941426696,-0.005538603600436055,3046.064422636067,-6511.659503262033,22154,44433,-0.8740886699507389,2.9227974276527333,-0.5119938087463379,-0.3426575541496277,-0.2660547375679016,-0.14961665123701096,-0.053738318383693695,0.0303038926795125,0.1299687683582306,0.229928061366081,0.5876109385490443,4183
0,<=-20%,286,65618,1303,-0.05225779802777799,-0.006811745075729165,2997.0697579244343,-6426.12194891117,21671,43736,-0.8744827586206896,3.038361204013378,-0.5103896379470825,-0.3442777693271637,-0.2643566429615021,-0.15209580957889557,-0.05456852912902832,0.028099173679947853,0.12903225421905518,0.22815534472465515,0.5948540925979615,4141
0,<=-20%,287,64505,1302,-0.0523829169721415,-0.006737723682540413,2952.2869380370657,-6331.246997325036,21303,42996,-0.8753694581280788,3.0802341137123745,-0.49661145210266117,-0.33901242166757584,-0.2668420523405075,-0.1507357507944107,-0.052968284115195274,0.03036451991647482,0.13180428743362427,0.22855248302221298,0.5984652161598202,4116
0,<=-20%,288,63367,1291,-0.0526861037839253,-0.00830057319409071,2904.574883574246,-6243.135222050251,20927,42241,-0.8757245308969447,3.0620401337792638,-0.4987380063533783,-0.3436446666717529,-0.26764237880706787,-0.1520439237356186,-0.05323058366775513,0.03154205530881882,0.1317479491233825,0.2317202538251869,0.6085959649085999,4105
0,<=-20%,289,62238,1289,-0.05262621870706274,-0.007338241600033633,2868.359379489542,-6143.709979379716,20529,41502,-0.8750738916256158,2.979933110367893,-0.497225284576416,-0.3458646535873413,-0.2685846984386444,-0.15114058554172516,-0.05339805781841278,0.03207547217607498,0.13356086611747742,0.23561221361160278,0.6212913393974304,4001
0,<=-20%,290,61132,1280,-0.052680742418644406,-0.008309121855348708,2836.3674710305563,-6056.846616567122,20129,40830,-0.8754298064642893,2.933110367892976,-0.49998426377773286,-0.3441642016172409,-0.26996979415416716,-0.1505744643509388,-0.05386669747531414,0.03156961500644684,0.1328616827726364,0.2329770527780055,0.6505216342210771,3980
0,<=-20%,291,60021,1276,-0.052684039416512736,-0.008563368448820578,2801.9849210703815,-5964.133650888896,19773,40072,-0.8752333235091856,3.161473087818697,-0.49986486583948136,-0.3455452650785446,-0.27043627202510834,-0.1522393375635147,-0.05420203134417534,0.02996808709576726,0.13297151923179623,0.2290095403790474,0.6441763603687277,3920
0,<=-20%,292,58894,1277,-0.05296797789056988,-0.00840888301847444,2752.9089798811265,-5872.405069768349,19397,39306,-0.8753315649867374,2.9932107023411367,-0.5016307616233826,-0.3461106732487679,-0.27437329292297363,-0.15413498505949974,-0.056017737835645676,0.029287247452884912,0.1312190443277361,0.22618811577558445,0.625560955405236,3888
0,<=-20%,293,57760,1268,-0.05343635737483124,-0.009638461877953168,2693.628924227892,-5780.112926198137,18966,38636,-0.8758620689655172,3.0250000000000004,-0.5172977101802826,-0.35122338235378264,-0.27966012358665465,-0.15835514664649963,-0.05738576129078865,0.028780154883861542,0.13228863179683678,0.2239124596118926,0.658812619447708,3395
0,<=-20%,294,56621,1265,-0.05370566167202485,-0.009930779291928966,2642.7518029440616,-5683.620072475788,18479,37951,-0.8762157382847038,2.9358862876254177,-0.52573854804039,-0.35198993533849715,-0.28240104019641876,-0.1590297594666481,-0.057160235941410065,0.028811150696128607,0.13335930109024055,0.22344621270895001,0.6357725805044179,3394
0,<=-20%,295,55506,1265,-0.05401459596105228,-0.01122970126763469,2593.594947233945,-5591.72911064812,18095,37233,-0.8759605911330048,2.979933110367893,-0.5352059864997863,-0.3523144543170929,-0.2805933237075805,-0.15869668126106262,-0.05848623812198639,0.02835051529109478,0.13041456639766688,0.22369349300861344,0.6367459321022025,3185
0,<=-20%,296,54383,1256,-0.053968372276315235,-0.01037283895854367,2557.30783490455,-5492.269824407402,17672,36546,-0.8763139797622557,3.019830028328612,-0.5243805557489395,-0.35193561762571335,-0.2826319634914398,-0.15820224210619926,-0.058953069150447845,0.030061762779951096,0.12641098350286484,0.21982472389936447,0.6211285680532457,3186
0,<=-20%,297,53303,1257,-0.054138179280936956,-0.01076166221614867,2513.975885260025,-5399.703255471809,17302,35849,-0.8762157382847038,3.1142122186495174,-0.5129726684093475,-0.34759108871221545,-0.28008827567100525,-0.15864626690745354,-0.05853492207825184,0.031080081593245268,0.13089398741722114,0.2259415648877616,0.6262956607341772,3144
0,<=-20%,298,52192,1246,-0.05442583348178043,-0.010812177094981983,2461.1471723374675,-5301.740273418555,16922,35105,-0.8760192553296001,3.314447592067989,-0.5133742213249206,-0.34947705268859863,-0.2806999981403351,-0.15854881703853607,-0.05702987685799599,0.029772330075502396,0.1305595338344574,0.2277992218732834,0.6625162720680217,3141
0,<=-20%,299,51086,1239,-0.05474288455580306,-0.010342055479319373,2407.7153629196655,-5204.3103633374285,16466,34468,-0.876551724137931,3.324674220963173,-0.5133701515197754,-0.3498551368713379,-0.2813936114311218,-0.15895061194896698,-0.05793103575706482,0.028901733458042145,0.13314998149871832,0.22060513198375675,0.6310746693611179,3117
0,<=-20%,300,50018,1231,-0.05501730048504936,-0.01065572667552457,2356.78208824609,-5108.637423907287,16137,33720,-0.8769034286275665,3.4923547400611623,-0.5180801749229431,-0.3489583432674408,-0.28155338764190674,-0.15777020156383514,-0.058566607534885406,0.028457943350076675,0.1301158368587494,0.21465495228767395,0.6330274939537048,3101
0,<=-20%,301,48919,1223,-0.055112421980697365,-0.011549380035423586,2312.777995385613,-5008.822566259345,15756,33020,-0.8759405940594059,3.723472668810289,-0.5123712468147278,-0.348028564453125,-0.2793411374092102,-0.1576068177819252,-0.05846153944730759,0.030303803272545338,0.13021146059036257,0.21804753690958012,0.5816902673244495,3059
0,<=-20%,302,47857,1214,-0.055341868052415456,-0.011301541191801883,2262.7938539163715,-4911.289633300818,15388,32311,-0.8747421161214265,3.6340694006309144,-0.5212963938713073,-0.35024806261062624,-0.2816534757614136,-0.15949825942516327,-0.05948499217629433,0.02916550077497959,0.13306136131286622,0.22012433856725686,0.5998886942863464,3047
0,<=-20%,303,46807,1210,-0.055651624641539034,-0.011954625805250448,2212.500163037462,-4817.385757633976,15021,31662,-0.8747421161214265,3.913043478260869,-0.5272980409860611,-0.3485352694988251,-0.2786341369152069,-0.15849975124001503,-0.059359919279813766,0.02956435503438115,0.1325222536921502,0.22319249659776677,0.643336428403859,2994
0,<=-20%,304,45734,1205,-0.056250894138492796,-0.015047143977519266,2157.838905049118,-4730.417297578952,14643,30967,-0.8747783251231527,3.4985835694051,-0.5168716865777969,-0.3491090968251228,-0.2803891092538834,-0.15753619745373726,-0.05966725945472717,0.031028082128614187,0.13375209271907806,0.2210328824818135,0.6885257512331051,2998
0,<=-20%,305,44747,1192,-0.05649870966776116,-0.013299939904006037,2117.850648433208,-4645.998409936521,14312,30315,-0.8753233830845771,3.691218130311615,-0.5298880064487457,-0.3511396497488022,-0.2839459925889969,-0.15822328254580498,-0.0597414281219244,0.03053030837327242,0.13243612647056577,0.22217823639512013,0.69283612012863,2900
0,<=-20%,306,43696,1184,-0.05664314456734097,-0.015500362265285452,2079.98529480522,-4555.064139819751,13907,29665,-0.8747421161214265,3.6288951841359776,-0.5350283110141755,-0.35040910094976424,-0.28417841494083407,-0.15561074763536453,-0.05793031491339207,0.031386471819132566,0.13107585608959219,0.22863494455814368,0.6776802450418473,2878
0,<=-20%,307,42671,1177,-0.05670529099461896,-0.01427233923494205,2040.485873190703,-4460.157345222094,13596,28951,-0.8771578947368421,3.937365439093484,-0.5093542289733887,-0.350323748588562,-0.28067681193351746,-0.15547703206539154,-0.06107432022690773,0.030065203085541725,0.12786859571933779,0.2269007414579391,0.650509989261627,2829
0,<=-20%,308,41639,1173,-0.05695588352044284,-0.013762798697138165,1996.494751978896,-4368.080785886614,13233,28280,-0.8850246305418719,3.9178470254957505,-0.5145371890068055,-0.3475694969296455,-0.2843427896499634,-0.15645261108875275,-0.06184994429349899,0.028284209314733744,0.1292888134717941,0.22818838357925394,0.6687365818023683,2790
0,<=-20%,309,40662,1157,-0.05722124323781505,-0.014522906223692233,1951.1925682445171,-4277.92276078055,12883,27668,-0.8853521956970233,4.240793201133145,-0.5319110119342804,-0.3543239563703537,-0.28834194839000704,-0.1642228290438652,-0.06275608390569687,0.02806405909359455,0.1275982826948166,0.21717613786458992,0.6573959487676638,2348
0,<=-20%,310,39694,1152,-0.05772583321721263,-0.014841375346417848,1905.5356226232755,-4196.904846347307,12512,27074,-0.8844554455445545,4.215014164305949,-0.5327828824520111,-0.3562808111310005,-0.2892790585756302,-0.16621798276901245,-0.06547727063298225,0.026579951867461205,0.1303674802184105,0.21182914078235626,0.6403033107519195,2346
0,<=-20%,311,38728,1142,-0.05810903694142915,-0.014964758420038046,1861.0993591694519,-4111.546141837122,12176,26451,-0.8836453201970443,4.10571906354515,-0.5682529777288436,-0.35674224644899366,-0.2865061998367309,-0.16433289647102356,-0.06540728732943535,0.027281743474304676,0.1260566994547844,0.2159738808870316,0.6255358958244327,2178
0,<=-20%,312,37730,1136,-0.0583555081933064,-0.016101405405902866,1817.9049419203516,-4019.658266053804,11819,25788,-0.8849261083743842,4.220963172804533,-0.5689077055454255,-0.36354907155036925,-0.2876171350479126,-0.16701272875070572,-0.06640534847974777,0.02394477091729641,0.12498939633369441,0.2190451510250568,0.6576518416404821,2148
0,<=-20%,313,36766,1129,-0.0584695705776057,-0.013669637191812163,1781.4725494111337,-3931.1647812673896,11492,25153,-0.8852539542194715,4.541076487252124,-0.5565608620643615,-0.3596722409129143,-0.2864563584327698,-0.1672995388507843,-0.06613799557089806,0.026874630246311426,0.12716415077447893,0.21100655645132063,0.6300573897361754,2124
0,<=-20%,314,35788,1114,-0.05894492188483008,-0.014274288890427112,1730.4317630340831,-3839.952627448383,11210,24490,-0.8845662638766087,4.317280453257791,-0.5596392899751663,-0.3617160692811012,-0.2882779538631439,-0.16827847436070442,-0.06760425493121147,0.02496118051931262,0.12599480897188187,0.21451500058174133,0.6372381448745728,2126
0,<=-20%,315,34862,1109,-0.059376644256932745,-0.014019248128433687,1685.6243843137458,-3755.612956398931,10889,23875,-0.8836820905786423,4.348441926345609,-0.5678086525201798,-0.36582635045051576,-0.2863403677940369,-0.1689484342932701,-0.06596145778894424,0.026948656421154737,0.12901728749275207,0.21036659479141215,0.6743186396360344,2104
0,<=-20%,316,33921,1092,-0.05993107752983303,-0.013653634895797385,1635.7847214483854,-3668.7068023378524,10562,23268,-0.8827722772277228,4.386232294617564,-0.5740610051155091,-0.36090527176856996,-0.2886878252029419,-0.16833217442035675,-0.06456221640110016,0.027212388813495636,0.13103834390640262,0.20837593972682944,0.6522242712974556,2105
0,<=-20%,317,32984,1090,-0.06012513828872433,-0.01451440744337899,1599.3215551033188,-3582.489116418599,10248,22645,-0.8824875621890547,4.810198300283287,-0.5554662942886353,-0.3603665053844452,-0.2876634180545807,-0.16698718070983887,-0.06502242386341095,0.026272578164935112,0.13115916550159457,0.2148456275463102,0.61409383058548,2057
0,<=-20%,318,32075,1079,-0.06003209675024255,-0.014805981144406365,1569.982464883072,-3495.5119681471006,9975,22004,-0.8837810945273632,5.093484419263457,-0.5539023876190186,-0.36759839951992035,-0.2883794605731964,-0.16780362278223038,-0.06711409240961075,0.028468596749007702,0.13240879774093628,0.20840004831552505,0.6331813931465149,2051
0,<=-20%,319,31181,1068,-0.060324191926651914,-0.01583634511544814,1530.8541000993653,-3411.822728564304,9687,21397,-0.8830845771144279,5.1500849858356945,-0.5648015415668488,-0.3622300326824188,-0.28648543953895567,-0.1661073938012123,-0.06659021601080894,0.026409414131194353,0.13136949390172964,0.21135265827178953,0.6453841680288331,2010
0,<=-20%,320,30281,1055,-0.06069852792882401,-0.017581360915611896,1490.0919324640356,-3328.1040566767538,9375,20826,-0.8821890547263681,4.919292604501607,-0.5744371664524078,-0.37071018815040585,-0.29287462830543515,-0.16942869126796722,-0.06785980612039566,0.025994988158345222,0.1336418807506562,0.21526065170764852,0.6555117118358605,1987
0,<=-20%,321,29414,1052,-0.06107481869496869,-0.01957849182348495,1449.1515688197508,-3245.606285913552,9096,20235,-0.8805970149253731,5.187290969899665,-0.5690746033191681,-0.3707280904054642,-0.2940804839134216,-0.16829559952020645,-0.06755496561527252,0.0275805639103055,0.13770156800746916,0.2220908969640732,0.6560285830497734,1923
0,<=-20%,322,28486,1036,-0.06149042350783165,-0.020941422700234254,1406.3667048260045,-3157.982908870097,8804,19598,-0.8766169154228856,5.28328611898017,-0.5454659682512283,-0.37047443836927413,-0.29096333384513856,-0.16559775173664093,-0.06756926700472832,0.028474845457822084,0.13386694043874742,0.22283027172088612,0.6495648628473282,1900
0,<=-20%,323,27605,1030,-0.0618435871741634,-0.01857542631329305,1366.9400124067638,-3074.1322363495447,8541,18986,-0.8771144278606965,5.483002832861191,-0.5278255766630173,-0.37075985372066494,-0.287528994679451,-0.16646723076701164,-0.06837339699268341,0.024183807894587517,0.13483000695705424,0.22680575549602483,0.6326206946372972,1862
0,<=-20%,324,26728,1018,-0.06208983909820847,-0.017853703912518927,1332.3491178275667,-2991.8863372444807,8257,18388,-0.8772139303482587,5.504249291784703,-0.5287637025117874,-0.3710429146885872,-0.29099930822849274,-0.1701488271355629,-0.06889353320002556,0.025125987827777863,0.1323326975107193,0.23007932305335999,0.6270545542240137,1816
0,<=-20%,325,25877,1007,-0.06252126659699521,-0.017577695022186753,1296.0313257279836,-2913.8941414584306,7953,17861,-0.8760199004975124,5.640226628895185,-0.5526870995759964,-0.37810613214969635,-0.2980193644762039,-0.17206330969929695,-0.07011789828538895,0.02777777798473835,0.13394734263420105,0.21712149679660797,0.6692240148782725,1446
0,<=-20%,326,25034,995,-0.06316226540297204,-0.017471319251344448,1249.9071213384946,-2831.1112734364997,7674,17294,-0.8757213930348259,5.277591973244147,-0.534128098487854,-0.37743821144104006,-0.29925312399864196,-0.17862755060195923,-0.07643312215805054,0.023622047156095505,0.13386465311050416,0.22732626795768746,0.6691113591194148,1417
0,<=-20%,327,24195,978,-0.06356297924710776,-0.021082450802189397,1212.5038707886395,-2750.410153672417,7414,16723,-0.873956184301012,5.594855305466239,-0.5399559527635575,-0.3753642216324806,-0.2940128296613693,-0.17702455446124077,-0.07109281793236732,0.024926012381911278,0.13122478127479553,0.21370643004775047,0.6189708799123772,1306
0,<=-20%,328,23362,969,-0.0634700179923025,-0.017363657114459818,1183.7881420724332,-2666.574702408602,7124,16166,-0.8732684939581491,5.916398713826367,-0.5458686709403991,-0.37567999958992004,-0.3005780279636383,-0.17972972989082336,-0.07029478251934052,0.023432202637195587,0.13501609861850739,0.21990980207920074,0.6019822597503683,1281
0,<=-20%,329,22556,957,-0.06429795310236043,-0.01877050763569595,1144.7287192997053,-2595.0333494765523,6843,15664,-0.8726790450928382,5.980643086816721,-0.5470064312219619,-0.3783280998468399,-0.3016417622566223,-0.18210560083389282,-0.072059515863657,0.023442352190613747,0.12780960649251938,0.21892064437270164,0.5751655578613294,1256
0,<=-20%,330,21718,943,-0.06522751932106138,-0.019416220876997223,1098.4310249160724,-2515.042289530881,6600,15068,-0.876551724137931,6.193979933110368,-0.5432826441526413,-0.37937054932117464,-0.2998890608549118,-0.1815381497144699,-0.07394002750515938,0.023606172297149897,0.1300831362605095,0.22178223580121972,0.6084963220357918,1258
0,<=-20%,331,20916,924,-0.06615624387102852,-0.022773647068559676,1055.2520900710986,-2438.97608687753,6289,14574,-0.8772413793103448,6.260802675585285,-0.5406957840919495,-0.37346915900707245,-0.2987595200538635,-0.18039744347333908,-0.073359414935112,0.025177554693073034,0.13630422055721284,0.2273129545152187,0.6051664626598349,1244
0,<=-20%,332,20148,915,-0.06649393551077337,-0.022493033525577095,1021.158208231527,-2360.878020902589,6050,14044,-0.8775911189704293,6.131832797427653,-0.551023417711258,-0.37506916522979733,-0.3005072057247162,-0.18261493369936943,-0.07238136231899261,0.026414320338517427,0.1328157097101212,0.22274279668927197,0.6026802843809128,1212
0,<=-20%,333,19370,899,-0.06717822087114868,-0.024755927905689045,983.1668587368604,-2284.408997011014,5792,13519,-0.8766336633663366,6.358520900321544,-0.5206242424249649,-0.3759112060070038,-0.297626319527626,-0.18333567306399345,-0.07306920364499092,0.02412760304287076,0.13497762978076935,0.23041874095797535,0.5972250282764435,1190
0,<=-20%,334,18612,887,-0.06721460551945203,-0.021665509307086397,952.8344257366625,-2203.832663664703,5597,12979,-0.8748403575989783,6.418060200668895,-0.5344045382738113,-0.37643556892871854,-0.30130213499069214,-0.18228934332728386,-0.07352771982550621,0.0257111843675375,0.13055246770381926,0.23354476913809763,0.5898537480831127,1188
0,<=-20%,335,17841,872,-0.06816922246213124,-0.022123143845845565,910.3665955705715,-2126.5736935174555,5315,12472,-0.8745812807881773,6.653846153846154,-0.5419276237487793,-0.3705882430076599,-0.3013445734977722,-0.18462525308132172,-0.07765612751245499,0.025476552546024323,0.12450486421585083,0.22948718070983887,0.6039057731628419,1161
0,<=-20%,336,17105,846,-0.06915938829018795,-0.02703393839401421,867.2137761497543,-2050.1851128534176,5084,11981,-0.8753233830845771,6.678929765886287,-0.5284714388847351,-0.37552103996276853,-0.2962394952774048,-0.18262150883674622,-0.07679401338100433,0.01928677409887314,0.12914753556251538,0.2307035446166992,0.6177983808517448,1145
0,<=-20%,337,16401,824,-0.06944873313686027,-0.026307810051160903,835.2515705538767,-1974.2802427315246,4881,11484,-0.8760199004975124,6.839464882943144,-0.5275074124336243,-0.3795861303806305,-0.29956129789352415,-0.18397805094718933,-0.07729468494653702,0.025856247171759605,0.13418791890144352,0.23185170590877532,0.630100129842758,1075
0,<=-20%,338,15713,812,-0.07065402540397825,-0.024683081123488812,794.196807714585,-1904.3835088872966,4649,11023,-0.8762157382847038,4.9416875,-0.5278808176517487,-0.3822363168001175,-0.2981600910425186,-0.18462885171175003,-0.07631505653262138,0.023748907260596752,0.13624005764722824,0.24665481969714165,0.6376326829195023,1076
0,<=-20%,339,15018,795,-0.07124231305107209,-0.01896031874586898,762.3233046755109,-1832.2403620765135,4452,10541,-0.8768472906403941,5.409375,-0.5092250496149063,-0.3792452096939087,-0.2987192183732986,-0.18493053317070007,-0.08035849407315254,0.021117996890097857,0.13670697212219246,0.23824020102620122,0.6296253395080549,1038
0,<=-20%,340,14346,780,-0.07163289675296786,-0.019095366369855708,733.5345500395148,-1761.180086857593,4226,10086,-0.877198153060222,5.721875,-0.5133143830299377,-0.37995190918445587,-0.30030423402786255,-0.18757164478302002,-0.07985258102416992,0.024509557522833347,0.13292898237705233,0.2573413759469986,0.6386555027961733,1015
0,<=-20%,341,13676,761,-0.07282364415518523,-0.02007249959918928,696.958506523228,-1692.8946639895423,4025,9616,-0.8762376237623762,5.7843125,-0.5321336561441422,-0.3934130534529686,-0.32337325513362886,-0.199260625988245,-0.09039913862943649,0.019533781800419092,0.133155131340027,0.2198686800897122,0.6002040624618548,694
0,<=-20%,342,13023,739,-0.07451606139530273,-0.027563084530327128,652.9079005449967,-1623.330568096022,3816,9175,-0.8788177339901477,5.442077151335312,-0.5299088203907013,-0.3915802836418152,-0.3224304854869843,-0.19989664107561111,-0.09233604371547699,0.020594285801053047,0.1303931534290314,0.23810729235410652,0.6113203346729253,695
0,<=-20%,343,12412,721,-0.07540373939683065,-0.029756622406853495,620.6259639151253,-1556.5371773085874,3614,8758,-0.8792118226600985,5.3921568627450975,-0.5339115071296692,-0.392359071969986,-0.32168803215026853,-0.19765232503414154,-0.09132420271635056,0.020978905260562897,0.13720374107360842,0.25015231966972346,0.5851281714439367,633
0,<=-20%,344,11806,696,-0.07593272679505111,-0.025965012013348242,591.1987768947596,-1487.6605494371306,3430,8345,-0.8795559485214658,5.9312499999999995,-0.5312270843982696,-0.39044332057237624,-0.31749366521835326,-0.1930614747107029,-0.08770236372947693,0.01854907674714923,0.13035695850849152,0.24656980857253086,0.5821436798572541,614
0,<=-20%,345,11204,681,-0.07652012450943062,-0.02831482694919314,562.9480914367109,-1420.279566440372,3243,7938,-0.8786138613861386,6.1515625,-0.5337860822677613,-0.3930500984191894,-0.3202260613441467,-0.19770774245262146,-0.09448818862438202,0.014903351664543152,0.12183149456977865,0.24032598733901975,0.589195265769958,585
0,<=-20%,346,10643,668,-0.07685577686498968,-0.029203510605632407,536.7166520241213,-1354.692685198207,3053,7563,-0.8741293532338308,6.175,-0.5359263867139816,-0.39135532081127167,-0.3237931579351425,-0.19656462594866753,-0.09133920818567276,0.017254548612982035,0.12451037392020226,0.2380572110414505,0.5226572126150101,596
0,<=-20%,347,10094,649,-0.07770723868364472,-0.03810325329596609,506.2998826973888,-1290.6767499700982,2898,7173,-0.8747263681592039,6.325,-0.5364919662475586,-0.39026473462581635,-0.3203318119049072,-0.19715553522109985,-0.09371781349182129,0.01568018179386854,0.11792979389429092,0.23694872856140137,0.5516443490982061,591
0,<=-20%,348,9557,629,-0.07900278926281246,-0.03894272915689032,475.93760114002356,-1230.9672581247214,2712,6823,-0.8776119402985074,6.029411764705883,-0.5357375657558441,-0.38776080012321473,-0.3156183123588562,-0.19709671288728714,-0.09049773961305618,0.015519697219133377,0.12139820158481605,0.23061359226703643,0.5162564790248876,579
0,<=-20%,349,9014,594,-0.08074648590455483,-0.04417309407920405,442.78218593103327,-1170.6310098746887,2525,6470,-0.8780099502487562,6.094705882352941,-0.5277453756332398,-0.37760084867477417,-0.31303414702415466,-0.1990368813276291,-0.09575819224119186,0.016285713762044907,0.12058979123830807,0.23714591264724688,0.5162337493896476,545
0,<=-20%,350,8528,576,-0.08133185502056099,-0.04284925048981779,417.81707825927407,-1111.4151378746176,2369,6146,-0.8475438596491228,6.029411764705883,-0.5285877478122711,-0.38411997705698014,-0.3128519833087921,-0.19974182918667793,-0.09624920412898064,0.021474654786288738,0.12058846578001961,0.22770361378788959,0.5258674907684332,544
0,<=-20%,351,8067,563,-0.08172394548728108,-0.039497739364978864,399.77634664564584,-1059.0434148915413,2233,5821,-0.8487719298245614,6.094705882352941,-0.5208668661117554,-0.3747691184282303,-0.30585949420928954,-0.1941375583410263,-0.09519725292921066,0.023969468660652637,0.12243529111146925,0.24013977795839306,0.5119610726833344,539
0,<=-20%,352,7593,550,-0.08262448333835391,-0.037730310524517266,379.0158890828384,-1006.3835910709593,2083,5496,-0.848859649122807,6.248366013071895,-0.5345465987920761,-0.3852930530905724,-0.3149890899658203,-0.1990068405866623,-0.09125752374529839,0.022035541478544474,0.10586724206805237,0.22797038629651067,0.4784324851632108,532
0,<=-20%,353,7157,534,-0.08364658898282959,-0.038123966074149224,358.95601273882846,-957.6146500889388,1937,5207,-0.8471157024793388,6.478758169934641,-0.5285382229089737,-0.3838158279657364,-0.312129881978035,-0.20013117790222168,-0.09195226430892944,0.020509175024926662,0.11634841114282614,0.24224923998117437,0.5079431802034379,470
0,<=-20%,354,6711,516,-0.0842847261021799,-0.0426012532408775,340.29919231787994,-905.9339891896099,1809,4887,-0.8477448559670782,6.503267973856209,-0.5332193410396576,-0.38274671137332916,-0.30924816727638244,-0.19795922562479973,-0.09185472503304482,0.0189261338673532,0.12963893711566918,0.23792063370347014,0.516341949701308,474
0,<=-20%,355,6285,493,-0.08613196708721957,-0.04267620090928442,316.06400982545784,-857.4034229686324,1690,4583,-0.8467991718426501,6.660130718954249,-0.5411034607887268,-0.38289678990840914,-0.31475250124931337,-0.20837794244289398,-0.0916905477643013,0.021412953734397888,0.12617608010768908,0.23315245658159248,0.5227435779571531,463
0,<=-20%,356,5878,476,-0.08812455283032337,-0.0468877908061329,290.66997283738294,-808.666094374024,1575,4291,-0.8447857720291027,6.503267973856209,-0.5503668212890624,-0.3872391104698181,-0.31234710812568667,-0.21311475336551666,-0.09665871411561966,0.017006373032927513,0.12419364154338831,0.2387214630842206,0.548419573307036,449
0,<=-20%,357,5462,459,-0.09071135406383982,-0.04504945553853068,266.12213039057104,-761.5875462872641,1442,4007,-0.8504527081649151,6.660130718954249,-0.5546332210302353,-0.4179086908698082,-0.34368883073329926,-0.25569137930870056,-0.11441488564014435,-0.007276287418790162,0.12176908552646637,0.22713087499141693,0.4203937798738478,206
0,<=-20%,358,5075,450,-0.09377661709254141,-0.04518335186521634,240.08289973027058,-715.999231474918,1320,3744,-0.8508048906381057,5.041791044776119,-0.5453708571195602,-0.4159592777490616,-0.3444179683923721,-0.2515645660459995,-0.11479544639587402,0.003708725329488516,0.09531662464141842,0.1883740790188308,0.42652009010314934,210
0,<=-20%,359,4685,428,-0.09556739335485671,-0.044308780752035176,225.36677856737842,-673.1000164348817,1208,3469,-0.842731789147687,5.620895522388059,-0.5557101964950562,-0.42434951663017273,-0.34545454382896423,-0.24620568752288818,-0.11190401762723923,0.00013544131070375443,0.10680613666772842,0.2194375842809677,0.4085163444280625,211
0,<=-20%,360,4361,424,-0.09698894088939385,-0.04398150316664302,211.1381707781666,-634.1069419968129,1115,3239,-0.8412316923672495,6.018987341772151,-0.5711002743244171,-0.4139897540211677,-0.33276492953300474,-0.250321414321661,-0.11462540179491043,-0.001436125698091928,0.10709845125675214,0.23159349337220184,0.48604732334613804,192
0,<=-20%,361,4036,416,-0.09787206552506465,-0.04596876920583115,199.4727517070427,-594.4844081662035,1035,2994,-0.8346667526937221,6.242088607594937,-0.565699428319931,-0.4188344180583954,-0.3209026902914047,-0.2476610578596592,-0.10711228474974632,-0.0020872363238595426,0.09397438541054726,0.19680388644337654,0.37328343689441745,186
0,<=-20%,362,3717,399,-0.09964014678660016,-0.04962376230383338,185.37545622337902,-555.7378818291714,943,2766,-0.8346667526937221,6.265822784810126,-0.5646673512458801,-0.4205551087856293,-0.3300670266151428,-0.24246814101934433,-0.10994764417409897,-0.001958655659109354,0.11953289955854433,0.20247420966625215,0.3839659601449977,183
0,<=-20%,363,3424,390,-0.10269349552793278,-0.05056411389729313,167.38472540657375,-519.0072540942158,860,2551,-0.8363801652892562,6.417721518987342,-0.567443311214447,-0.419564425945282,-0.33409783244132996,-0.2484571933746338,-0.11381295323371887,-0.005157654173672199,0.09677419066429138,0.19924812018871307,0.36815175414085205,181
0,<=-20%,364,3123,373,-0.10665644675144477,-0.05223652887688459,147.4996869455184,-480.58777015028056,780,2334,-0.8370534979423868,2.686119873817035,-0.5678110092878341,-0.42047853022813797,-0.3339927434921265,-0.24378378316760063,-0.10969154164195061,0.005619021263555624,0.09777213111519824,0.20942725241184243,0.3667185467481594,178
0,<=-20%,365,2845,358,-0.10884886623637349,-0.056068193495556855,133.58508868231328,-443.26011312479574,703,2132,-0.8363553719008264,2.7036450079239307,-0.5585087966918946,-0.4140075698494911,-0.32364062070846555,-0.23557182028889656,-0.10694828629493713,0.009022956946864724,0.1259906165301799,0.21397588923573482,0.42206685453653275,160
0,<=-20%,366,2563,352,-0.11072295558679145,-0.059743189224981556,122.42038745838862,-406.20332262733507,628,1930,-0.8370288065843622,2.6741816809734935,-0.5541292417049408,-0.4138301402330399,-0.328398734331131,-0.24562059342861176,-0.1150442510843277,-0.004208672558888793,0.11607099920511249,0.1993355527520179,0.4558077478408796,159
0,<=-20%,367,2297,336,-0.11092927023107729,-0.06052656571947387,112.63017086920092,-367.4347045899855,564,1728,-0.839951495553759,2.616011068138226,-0.5546409273147583,-0.41223505437374114,-0.33708844184875486,-0.2456197552382946,-0.11601919680833817,-0.00046083742927294225,0.12122982442379006,0.18971848189830795,0.4515159967541705,158
0,<=-20%,368,2053,321,-0.1101934468887637,-0.06657849079031672,103.44734299055233,-329.6744894531844,507,1543,-0.8403284082844055,2.452916666666667,-0.555366786122322,-0.4160935640335083,-0.3352540612220764,-0.24501267820596695,-0.11632779985666275,0.005205374531215057,0.14324414879083636,0.2311257377266886,0.4414779624342927,158
0,<=-20%,369,1828,305,-0.11065185038356876,-0.06645995882728016,95.52204163214358,-297.7936241333072,449,1377,-0.8399272433306386,2.5498214285714287,-0.5470719718933106,-0.42756724953651426,-0.3363925278186798,-0.22575250267982483,-0.10049773752689362,0.037629757076501846,0.16456210911273966,0.3011096656322479,0.539759266376496,117
0,<=-20%,370,1617,288,-0.10921678041259422,-0.07256199431318078,88.47371878523785,-265.0772527124027,404,1210,-0.8403042131750436,2.416666666666667,-0.532633348107338,-0.42390347421169283,-0.3350651800632477,-0.22722997516393661,-0.09806869179010391,0.03824513591825962,0.16448616087436685,0.2575119033455847,0.5546456605195997,115
0,<=-20%,371,1410,273,-0.10804393066332695,-0.07268455290414604,81.0696233665756,-233.4115656018665,351,1056,-0.8199120370370371,2.5178571428571432,-0.5550593680143356,-0.43492838442325593,-0.3356955289840698,-0.23226728290319443,-0.09998459368944168,0.027185599319636822,0.14482907354831698,0.22828926146030426,0.5809331935644161,114
0,<=-20%,372,1208,251,-0.10805204001739803,-0.0758585420602735,72.47340904286983,-203.00027338388668,303,901,-0.8194537037037037,2.3533619456366237,-0.5524579524993897,-0.4407374501228333,-0.34053664207458495,-0.23495659232139587,-0.10471203923225403,0.02122015878558159,0.14546056091785428,0.2671578943729395,0.6092586851119983,113
0,<=-20%,373,1027,229,-0.10562922689460427,-0.07362532370314659,65.77379454935584,-174.25501057011425,267,757,-0.7442632015482444,2.3928571428571432,-0.5190111482143402,-0.5128509223461151,-0.5051506400108338,-0.4820497930049896,-0.44354838132858276,-0.06693591177463531,0.15903156995773318,0.2343540638685226,0.2946120589971542,3
0,<=-20%,374,863,212,-0.10363967107822755,-0.07965537159507559,58.404227275342016,-147.8452634158525,226,637,-0.7447319285142705,2.4880952380952386,-0.5190111482143402,-0.5128509223461151,-0.5051506400108338,-0.4820497930049896,-0.44354838132858276,-0.06094059348106384,0.16862407922744754,0.24514563679695123,0.3063628828525543,3
0,<=-20%,375,731,198,-0.09972592169852004,-0.082634844767759,51.64875504024673,-124.54840380186486,197,533,-0.744133626490477,2.505952380952381,-0.5235202169418335,-0.5199631929397583,-0.5155169129371643,-0.5021780729293823,-0.47994667291641235,-0.4577152729034424,-0.4443764328956604,-0.4399301528930664,-0.4363731288909912,2
0,<=-20%,376,597,170,-0.093517993967195,-0.06938779192776601,45.74287757376302,-101.57311997217847,172,424,-0.7474565664061852,2.3799404761904763,-0.4308616903424263,-0.40162028223276136,-0.36506852209568025,-0.2554132416844368,-0.07265444099903107,0.11010435968637466,0.21975964009761811,0.2563114002346992,0.28555280834436414,2
0,<=-20%,377,477,152,-0.10386557704514054,-0.06955806419316972,33.53027050561373,-83.07415075614577,134,342,-0.7505043050430504,2.392916666666667,-0.5204468810558319,-0.5137305676937103,-0.5053351759910584,-0.4801490008831024,-0.43817204236984253,-0.07265444099903107,0.14665611982345583,0.21975964009761806,0.27824245631694794,3
0,<=-20%,378,365,132,-0.11612257380996603,-0.05961750611957966,22.292167164561008,-64.67690660519861,96,268,-0.7478573403372961,2.184413407821229,-0.5255935764312745,-0.5186765670776368,-0.5100303053855896,-0.48409152030944824,-0.44086021184921265,-0.07444098591804504,0.14541054964065556,0.21869439482688896,0.27732147097587584,3
0,<=-20%,379,266,109,-0.13867549213440672,-0.10516104181882181,12.505418749695846,-49.39309965744802,61,204,-0.7489355819740116,1.6681084198385236,-0.5263023018836975,-0.5228500962257385,-0.5185348391532898,-0.5055890679359436,-0.48401278257369995,-0.4624364972114563,-0.4494907259941101,-0.4451754689216614,-0.44172326326370237,2
0,<=-20%,380,193,87,-0.1472690925125802,-0.11106902426739224,9.241176134129708,-37.66411098905768,43,149,-0.753267538010136,1.7687427912341405,-0.5228186047077179,-0.5192899286746979,-0.5148790836334228,-0.5016465485095978,-0.47959232330322266,-0.45753809809684753,-0.4443055629730225,-0.43989471793174745,-0.4363660418987274,2
0,<=-20%,381,131,63,-0.14587887400587674,-0.11496566454853999,7.084875769129246,-26.1950082638991,28,103,-0.7492664710589491,1.7508650519031144,-0.5265361529588699,-0.5230744987726211,-0.5187474310398101,-0.5057662278413773,-0.4841308891773224,-0.4624955505132675,-0.4495143473148346,-0.44518727958202364,-0.44172562539577487,2
0,<=-20%,382,93,47,-0.1419258808205425,-0.09635978726287386,5.4573009154440975,-18.656407831754557,20,72,-0.7511336356361696,1.7970011534025376,-0.5244556212425232,-0.5208608031272888,-0.5163672804832459,-0.5028867125511169,-0.4804190993309021,-0.45795148611068726,-0.4444709181785583,-0.43997739553451537,-0.436382577419281,2
0,<=-20%,383,67,39,-0.12111381149124602,-0.06639624128308852,5.508896333489667,-13.62352170340315,20,47,-0.7497999466524407,1.733189158016148,-0.5237346422672272,-0.5163110554218292,-0.5070315718650817,-0.4791931211948395,-0.4327957034111023,-0.074612095952034,0.140298068523407,0.2119347900152206,0.26924416720867156,3
0,<=-20%,384,37,22,-0.1730664177891309,-0.11944376237630387,1.7052489587633193,-8.108706416961162,9,28,-0.7535342758068818,0.7347056782699202,-0.519696500301361,-0.5128132224082946,-0.5042091250419617,-0.47839683294296265,-0.4353763461112976,-0.0827605128288269,0.12880898714065556,0.19933215379714958,0.25575068712234494,3
0,<=-20%,385,26,18,-0.16615117317835257,-0.1101933852185703,0.9612535816389005,-5.281184084276068,8,18,-0.7567351293678315,0.2521569842042388,-0.5079130733013153,-0.47720317244529725,-0.4388157963752747,-0.3236536681652069,-0.131716787815094,0.06022009253501892,0.1753822207450867,0.2137695968151092,0.2444794976711273,2
0,<=-20%,386,14,11,-0.20195809062242784,-0.12377874798081753,0.4594665068386057,-3.2868797755525954,3,11,-0.7577754067751401,0.2521569842042388,-0.505028851032257,-0.47443548440933225,-0.4361937761306763,-0.32146865129470825,-0.13026010990142822,0.06094843149185181,0.17567355632781984,0.2139152646064758,0.24450863122940064,2
0,<=-20%,387,5,4,-0.18487202947880568,-0.10785268034496026,0.2521569842042388,-1.1765171315982672,1,4,-0.5136220472440944,0.2521569842042388,-0.5059642553329468,-0.4753330945968628,-0.4370441436767578,-0.32217729091644287,-0.13073253631591797,0.060712218284606934,0.17557907104492188,0.21386802196502683,0.24449918270111085,2
0,<=-20%,388,2,2,-0.11402973075889955,-0.11402973075889955,0.28556258572629534,-0.5136220472440944,1,1,-0.5136220472440944,0.28556258572629534,-0.5056301993131638,-0.47366281449794767,-0.4337035834789276,-0.31382589042186737,-0.11402973532676697,0.08576641976833344,0.2056441128253937,0.24560334384441374,0.27757072865962984,2
1,-20..-10%,0,583876,2106,0.0,0.0,0.0,0.0,0,0,0.0,0.0,0.0,0.0,0.0,0.0,0.0,0.0,0.0,0.0,0.0,36336
1,-20..-10%,1,542586,2104,-0.000058322792254060155,-0.0012594598291144029,2198.4603031314505,-2230.105433689416,249409,255482,-0.23360655737704916,0.27672035139092244,-0.03927759360522032,-0.01875194953754544,-0.012061648722738027,-0.004873369820415974,0.0,0.0048416388453915715,0.012336422223597756,0.01919383704662321,0.04051304139196893,33778
1,-20..-10%,2,538232,2102,-0.00015417921774530055,-0.002207159118979191,2959.758625253858,-3042.7428139793465,250091,261239,-0.2338577515568665,0.30515742180159555,-0.05247772540897131,-0.025574504397809505,-0.016564681194722652,-0.006908636540174484,0.0,0.00636363634839654,0.016710267402231693,0.025641025975346565,0.05523544009774957,33546
1,-20..-10%,3,535093,2102,-0.0002765500739818382,-0.0026822889964192164,3507.3225678572153,-3655.302576594379,250002,263397,-0.24685159272368096,0.38048057780452793,-0.062093201763927935,-0.030918059963732956,-0.020405459590256213,-0.008484949357807636,0.0,0.007793224882334471,0.019741992838680746,0.03050108524039384,0.06458769924938686,33332
1,-20..-10%,4,532488,2101,-0.00043812096615841316,-0.0037471066999517797,3941.1856338661473,-4174.479790893896,248546,265331,-0.3266209924675424,0.40401186608278006,-0.07200558297336102,-0.03627108410000801,-0.0235294122248888,-0.009762367699295282,0.0,0.008817875292152166,0.022153767757117748,0.03450627066195011,0.0714285746216774,33226
1,-20..-10%,5,530915,2099,-0.0006029508533918353,-0.004745422349838948,4330.7895007983425,-4650.905153126875,247614,266703,-0.34138309549945123,0.48120989917506884,-0.07957883700728416,-0.040122814103960985,-0.02631578966975212,-0.010912111029028893,-0.00004444246951607056,0.009675379376858473,0.02482647858560086,0.038191016390919645,0.07767177030444142,32887
1,-20..-10%,6,529153,2102,-0.0007420540199663755,-0.005523792370721301,4690.083643189816,-5082.743754017061,247148,267289,-0.3538151288171866,0.5135135135135134,-0.08368920058012008,-0.04460171237587929,-0.029291903600096703,-0.012232416309416294,-0.00020614305685739964,0.010489510372281075,0.027210883796215057,0.04158890768885606,0.0868252366781235,32697
1,-20..-10%,7,527207,2101,-0.0008522351649256641,-0.006132933625056148,5013.560057836949,-5462.864402431905,246170,267510,-0.3532116788321168,0.5533379215416381,-0.09138439521193505,-0.04737383089959621,-0.03100343272089958,-0.01310659572482109,-0.0001351473038084805,0.011425241362303495,0.02862695157527923,0.044247787445783615,0.09284488335251792,32443
1,-20..-10%,8,525687,2100,-0.0009592327129358493,-0.007019011521669509,5305.667271384958,-5809.923438550071,245156,268126,-0.40926666666666667,0.605263157894737,-0.09500129997730256,-0.050527767091989514,-0.033409675210714335,-0.014000500086694956,-0.0003626942925620824,0.011952191591262817,0.03027719743549824,0.04687085449695585,0.10015132859349209,32427
1,-20..-10%,9,523797,2099,-0.0010894053196681393,-0.007883461974245557,5567.721998677052,-6138.349236903279,243870,268234,-0.44233333333333336,0.6232792207792206,-0.09913133978843688,-0.05325523018836975,-0.035079870373010635,-0.014814814552664757,-0.0005142049049027264,0.012631579302251339,0.0314004123210907,0.048583950847387314,0.10697346180677353,32341
1,-20..-10%,10,522191,2102,-0.0012490866465859295,-0.009033562489941749,5805.01111368889,-6457.272918756255,242725,268301,-0.47919999999999996,0.7073625349487418,-0.10393519878387451,-0.055942997336387634,-0.037189835309982294,-0.0159284844994545,-0.0006956521538086236,0.013144291937351227,0.03261598274111749,0.050850709527730895,0.1164447239041329,32317
1,-20..-10%,11,520713,2100,-0.0013682224106071315,-0.010051194901028867,6046.636665344481,-6759.0878614389585,241396,268862,-0.48,0.8738660153524074,-0.10672152817249297,-0.058519779890775676,-0.039103396236896515,-0.016700804233551025,-0.0009474182734265924,0.013878116384148598,0.03442667275667193,0.05298481285572045,0.12410650312900538,32337
1,-20..-10%,12,519085,2097,-0.0014725764807007652,-0.010163479012001528,6274.763236626685,-7039.155599111229,240017,269159,-0.48360000000000003,0.8732614232561418,-0.11279009759426116,-0.06107820644974708,-0.040814968198537825,-0.017291558906435966,-0.0009946950012817979,0.01434678677469492,0.03564563244581223,0.05500196442008016,0.1285081964731217,32217
1,-20..-10%,13,517496,2101,-0.0015752794056785827,-0.010947942357114491,6486.195537346895,-7301.39632866794,239398,268646,-0.5094000000000001,0.9392466585662211,-0.11741329431533813,-0.06395077407360077,-0.04303284361958504,-0.0182232353836298,-0.0012610340490937233,0.014760147780179977,0.03726994097232819,0.05667268782854076,0.13192985355854017,32089
1,-20..-10%,14,516069,2100,-0.0016906326138427703,-0.011237212457578057,6676.760146340167,-7549.2432287333595,238403,268460,-0.5230666666666666,0.9582822085889571,-0.12172579467296599,-0.06577717885375023,-0.0441988967359066,-0.01893844734877348,-0.0013434841530397534,0.014888337813317776,0.037882622331380844,0.05906348302960396,0.1336579829454421,32091
1,-20..-10%,15,514505,2099,-0.0018249257966706173,-0.01217579302885337,6859.652954014001,-7798.586401030007,237339,268354,-0.5033006666666666,1.0235831114492204,-0.12414541877806187,-0.06779661029577255,-0.045571306720376015,-0.01967804180458188,-0.001655933796428144,0.015502629801630974,0.03878946788609028,0.06071295775473118,0.13612167835235664,32006
1,-20..-10%,16,512822,2100,-0.0019572841959711548,-0.01285778350802134,7033.038260636316,-8036.77665658263,235916,268370,-0.5,1.0088105726872247,-0.12650136649608612,-0.06990817375481129,-0.0476190485060215,-0.020589182153344154,-0.0015438697300851345,0.01586502231657505,0.04016386531293392,0.062328357622027396,0.1401350310444833,31988
1,-20..-10%,17,511396,2100,-0.0020613511383262375,-0.013368491259881493,7213.318354453394,-8267.485081188863,234933,268160,-0.5085714285714286,0.9924844883334791,-0.13380192518234252,-0.07219366542994976,-0.049209171906113625,-0.02095331670716405,-0.0016314481035806239,0.016213078051805496,0.041406720876693726,0.06486471369862556,0.1466845132410526,31896
1,-20..-10%,18,509896,2097,-0.002135985144337974,-0.013777965979924763,7394.97980464187,-8484.110085799244,234042,267922,-0.5452941176470587,1.2233250620347396,-0.13380766287446022,-0.07390901744365692,-0.05063440687954426,-0.021978022530674934,-0.001850140339229256,0.016610327642410994,0.04250485599040986,0.06712144836783407,0.15154839530587227,31754
1,-20..-10%,19,508538,2101,-0.0022242142074988844,-0.014274888057418118,7569.467830758217,-8700.565275411276,232667,268119,-0.5689655172413792,1.0646830530401035,-0.1385608732700348,-0.07559485286474228,-0.051936800777912136,-0.022624434903264046,-0.0019607844296842813,0.01658163219690323,0.04329786673188211,0.0690708473324775,0.15491883039474513,31697
1,-20..-10%,20,506965,2101,-0.0023286403448715934,-0.01449606677076024,7726.803450116865,-8907.342602554734,232011,267482,-0.4937951807228915,1.1118393315702728,-0.14075929164886475,-0.07802591323852538,-0.05337367728352546,-0.02283105067908764,-0.0022021979093551636,0.017034068703651428,0.04397359937429429,0.0699424862861633,0.16057918190956122,31617
1,-20..-10%,21,505736,2098,-0.002418405179116753,-0.015329790907518707,7882.360970097748,-9105.435531763522,230932,267481,-0.5075528700906344,1.2398144954198762,-0.14389709442853926,-0.07985740229487419,-0.05489864833652973,-0.023730340879410505,-0.0022299836855381727,0.017477877903729677,0.04443360976874829,0.07021623738110061,0.16742722287774045,31314
1,-20..-10%,22,504239,2098,-0.0025233525446027288,-0.01606419765637579,8022.2068754208685,-9294.579639158803,230185,266936,-0.5036253776435045,1.110429447852761,-0.1476832538843155,-0.08168316632509232,-0.056603774428367615,-0.02473498322069645,-0.0025316455867141485,0.017688678577542305,0.04560365155339241,0.07195710390806198,0.17330161333084118,31181
1,-20..-10%,23,502747,2098,-0.0026189626306304396,-0.016455095755675973,8163.937257049363,-9480.612862710941,229288,266681,-0.5664819944598338,1.4173006134969328,-0.15014386117458342,-0.0835872009396553,-0.057866265624761576,-0.025081243366003036,-0.002471169689670205,0.017924528568983078,0.04570833072066315,0.07210813611745824,0.18161026000976563,30917
1,-20..-10%,24,501270,2098,-0.0026885022750826296,-0.01667820309638333,8296.201020499328,-9643.866555929982,228206,266258,-0.5793010752688172,2.05955334987593,-0.15140929013490678,-0.08583757728338241,-0.058799763768911356,-0.025641025975346565,-0.0026657921262085438,0.018365294206887484,0.047232921794056894,0.0739394951611757,0.1816787675023077,30934
1,-20..-10%,25,499656,2100,-0.0027869127829948316,-0.01681447198795053,8416.64526424163,-9809.142957741677,227440,265766,-0.5739473684210527,1.2218543046357615,-0.15266637414693832,-0.08771884404122829,-0.06034282632172107,-0.02635727310553193,-0.002450786647386849,0.018543696496635675,0.04832359030842784,0.07572783194482317,0.18914034843444746,30802
1,-20..-10%,26,498037,2097,-0.002866463184157402,-0.017312723596566517,8537.712439104369,-9965.31716395256,226425,265320,-0.5865456989247313,1.2781456953642385,-0.15497427344322204,-0.08944852203130722,-0.06106870248913765,-0.02669404447078705,-0.0026167903561145067,0.0186874158680439,0.048996778577566145,0.07826952040195456,0.19654032051563203,30789
1,-20..-10%,27,496687,2097,-0.0029237584028262665,-0.01758644496386602,8669.41926113449,-10121.612050959087,225753,264819,-0.5647432024169183,1.609403973509934,-0.15754106938838958,-0.08986591175198555,-0.061880290508270264,-0.027450980618596077,-0.00272479560226202,0.018991880118846893,0.04988613910973072,0.07999999821186066,0.2019554391503338,30756
1,-20..-10%,28,495203,2098,-0.0030019480570536356,-0.017802194270015833,8789.251956554357,-10275.825640251502,224915,264188,-0.5567076923076923,1.5564830272676682,-0.1596871054172516,-0.09196884334087371,-0.06283198446035385,-0.02828015387058258,-0.002816901309415698,0.01933126524090767,0.05056072100996983,0.08066442981362343,0.20378958284854878,30735
1,-20..-10%,29,493794,2096,-0.0030748245372391944,-0.018193327379773774,8904.115170783789,-10422.44507832526,224030,263765,-0.5660542168674698,1.9885920979410128,-0.1618516057729721,-0.09385942742228508,-0.06407624185085296,-0.028802105225622654,-0.0029411765281111,0.019733633380383253,0.05119266659021378,0.0820214960724115,0.20618159353733054,30594
1,-20..-10%,30,492350,2097,-0.00315280236621477,-0.018495209558443686,9007.205415263435,-10559.487660269262,223096,263413,-0.5714285714285714,1.5311434222778089,-0.16810763776302337,-0.09472824782133102,-0.0648873507976532,-0.029253621585667133,-0.003136714920401573,0.020131629891693592,0.052173912525177,0.08207280114293092,0.20696835041046144,30563
1,-20..-10%,31,490858,2095,-0.0032236963200584627,-0.018674149531897916,9115.972081236712,-10698.349209507987,221871,263229,-0.5675413022351797,1.958969470906176,-0.16877917990088462,-0.09669978097081185,-0.06613033935427666,-0.029535865411162376,-0.0031645570416003466,0.020306911785155535,0.05236273184418679,0.08325531929731367,0.21102161392569652,30520
1,-20..-10%,32,489295,2091,-0.0033002072045129806,-0.018953285691486996,9223.4482386222,-10838.223122754389,220966,262684,-0.5825862068965517,1.5563480741797435,-0.171873300075531,-0.09737035781145095,-0.06689100116491317,-0.030276497825980186,-0.0033477789256721735,0.02054794505238533,0.05279086083173752,0.08376469910144793,0.21506207644939376,30509
1,-20..-10%,33,487732,2093,-0.0033502824617519097,-0.019208109207006937,9336.223577970151,-10970.263543605251,219959,262159,-0.5566725307866298,1.5971014492753626,-0.17390429824590684,-0.09813784249126911,-0.06798926368355751,-0.030701754614710808,-0.00330852170009166,0.021142114885151386,0.053814491257071495,0.08447354286909103,0.21951201632618886,30396
1,-20..-10%,34,486341,2094,-0.0034070333875722268,-0.01937714101352182,9446.922563178094,-11103.90258792339,219178,261604,-0.5689655172413792,1.5820581539436906,-0.177954882979393,-0.0997768759727478,-0.0694264456629753,-0.03125,-0.003510204143822193,0.0211267601698637,0.05436904951930044,0.08661054968833902,0.2298001331090929,30333
1,-20..-10%,35,484835,2094,-0.003451736576204787,-0.01996578083719646,9549.435986655371,-11222.958689579655,218730,260714,-0.5591133004926108,1.5752941176470587,-0.17838834673166276,-0.10095447301864624,-0.07017543911933899,-0.031414695084095,-0.0035534740891307592,0.02117598708719015,0.05464406684041023,0.0878078080713749,0.23474627286195798,30211
1,-20..-10%,36,483505,2095,-0.003499561361383288,-0.02019962936684413,9650.30182987257,-11342.357245908219,217993,260179,-0.5615763546798029,1.5879802955665023,-0.1780211415886879,-0.10244828313589095,-0.0714528515934944,-0.03181899152696133,-0.0037576179020106792,0.021280822344124317,0.055333818495273586,0.08910329118371009,0.2380242669582368,30163
1,-20..-10%,37,481946,2094,-0.003555764817933002,-0.020361422832017244,9743.270762869823,-11456.957393813364,217091,259647,-0.5883387785875849,1.68188302425107,-0.18023846566677093,-0.10318774059414863,-0.07198235839605331,-0.03266316279768944,-0.0037446566857397556,0.02156450692564249,0.05629126653075224,0.09118258133530613,0.24976045161485644,29755
1,-20..-10%,38,480623,2095,-0.003612612973209219,-0.020600037156526047,9839.384586576434,-11575.689471599131,216162,259259,-0.5874692133701935,2.517831669044223,-0.18250132337212563,-0.10465874783694744,-0.0735295556485653,-0.032972676679492,-0.003792907460592687,0.021551724523305893,0.057507951557636314,0.09226470403373233,0.2503443491458903,29772
1,-20..-10%,39,479246,2094,-0.0036830780983110674,-0.021036177542549172,9931.473213865795,-11696.57366016895,215258,258921,-0.6064337773309877,2.5739130434782607,-0.18404926553368567,-0.1052645992487669,-0.07407407462596893,-0.03323192335665226,-0.0039521881844848394,0.02160955173894763,0.057734173536300754,0.09243218787014482,0.259171234965323,29380
1,-20..-10%,40,477811,2096,-0.003737496176004527,-0.021652335590533284,10022.409158327368,-11808.22594368026,214288,258474,-0.5994119125408395,2.553211723005101,-0.18480347156524657,-0.10645906180143355,-0.07469381392002106,-0.033499302342534065,-0.004123711492866278,0.02199842780828476,0.058741644024848966,0.09433962404727936,0.2641893184185025,29407
1,-20..-10%,41,476361,2093,-0.003759945448104294,-0.02184110469614772,10117.540685631042,-11908.632059235424,213453,257897,-0.6017932020047653,2.5278969957081543,-0.18912829518318175,-0.10651105083525181,-0.07536472603678701,-0.033754575066268444,-0.00410486152395606,0.02242320589721203,0.059865481033921225,0.09635267965495581,0.26621228665113306,29418
1,-20..-10%,42,475033,2089,-0.0037908848258551104,-0.021779676716664687,10205.904607938772,-12006.699999419243,212755,257442,-0.5946885417646716,2.0960644178932495,-0.1890638417005539,-0.10779449604451656,-0.07692307978868484,-0.03420493099838495,-0.004400564823299646,0.022297909948974848,0.06037342771887784,0.09732581563293932,0.26836800843477127,29350
1,-20..-10%,43,473489,2090,-0.0038338721860241487,-0.02210927436097838,10283.428915937517,-12098.725223425887,212061,256843,-0.5838926174496644,2.1045392022008254,-0.1942856177687645,-0.1088179811835289,-0.07787213921546936,-0.034924181178212166,-0.004489249549806118,0.02262077946215868,0.060584300756454455,0.09858015105128264,0.26634411454200707,29303
1,-20..-10%,44,472250,2091,-0.003842078231936567,-0.02163293186162797,10378.891821271654,-12193.313266303692,211074,256442,-0.5946895973154362,2.553211723005101,-0.1954601326584816,-0.1108311891555786,-0.07825203984975815,-0.03510624170303345,-0.0042553190141916275,0.02305728103965521,0.06192032024264335,0.09952902868390077,0.27154138684272794,29283
1,-20..-10%,45,470840,2093,-0.0038811278271806537,-0.021765827703603094,10459.52878787844,-12286.919014028195,210305,255899,-0.5964597315436242,2.572566858864776,-0.1934465655684471,-0.11155225560069083,-0.07957965284585952,-0.03552531078457832,-0.004342295695096254,0.023127879947423935,0.06264217495918273,0.10198956131935118,0.274597218036651,29223
1,-20..-10%,46,469410,2096,-0.003928104447996073,-0.022368087326712527,10541.327624984853,-12385.219133918665,209337,255430,-0.5921717171717172,2.1921363411357047,-0.1965280845761299,-0.11315638199448586,-0.07992202788591385,-0.03615651652216911,-0.0043021030724048615,0.023651594296097755,0.06257433444261551,0.10134895518422127,0.2772015929222107,29251
1,-20..-10%,47,468146,2093,-0.003942951861072385,-0.022557329572428352,10632.972893684406,-12478.85003563798,208639,255024,-0.5876974231088944,2.3122020725388603,-0.19815942123532296,-0.11470480263233185,-0.08115779608488083,-0.03693661466240883,-0.00460204784758389,0.0235294122248888,0.06293740123510361,0.10268738865852356,0.2806324064731598,29146
1,-20..-10%,48,466747,2092,-0.003971837699920429,-0.022232298105395155,10711.285415894788,-12565.128746819544,207852,254450,-0.6083743842364531,2.1833568406205925,-0.19984338581562042,-0.11511881649494171,-0.08168665319681168,-0.0373788820579648,-0.004618777660652995,0.02353348582983017,0.06328653544187546,0.1039059478789568,0.2834007665514946,29036
1,-20..-10%,49,465182,2096,-0.004023526812680431,-0.022983742382587245,10780.45498926102,-12652.127239037332,206821,253923,-0.625615763546798,2.362694300518135,-0.20323177337646484,-0.11607625931501388,-0.08212865591049194,-0.03753342851996422,-0.004557885229587555,0.023720634169876575,0.06376574039459229,0.10454552620649338,0.2804787969589232,29019
1,-20..-10%,50,463659,2096,-0.0040836863933066255,-0.023045122156422713,10850.269002710667,-12743.70695214481,205818,253481,-0.6182266009852216,2.4294023237630142,-0.20729841068387028,-0.11744634434580803,-0.0837290957570076,-0.03802605625241995,-0.004761904943734407,0.024086595978587866,0.06422954052686691,0.10645461454987526,0.28673522472381585,28916
1,-20..-10%,51,462506,2095,-0.004140186388154374,-0.02300368658974518,10922.43632662943,-12837.297372269108,205187,253068,-0.6133004926108374,2.4444916939875716,-0.20913040056824683,-0.11810215674340724,-0.0839615449309349,-0.03840488754212856,-0.004950494971126318,0.02415907708927989,0.06420710682868959,0.10860561951994879,0.29811829924583383,28832
1,-20..-10%,52,461062,2095,-0.004161524314620598,-0.023280203934957118,10999.263562586786,-12917.984286134359,204387,252348,-0.6158866995073891,2.5103362186038214,-0.20893388018012046,-0.11914933919906616,-0.08488239049911499,-0.03902153205126524,-0.004931045928969979,0.024511385709047318,0.065232552587986,0.10862674489617341,0.2955436021089556,28872
1,-20..-10%,53,459630,2093,-0.004196995726785172,-0.023554884770166477,11068.785227861437,-12997.850373763738,203636,251833,-0.6182266009852216,2.519944979367263,-0.2113599343597889,-0.11948052048683167,-0.08564000353217124,-0.039363269694149494,-0.004975124262273312,0.024645677767693996,0.06622041612863548,0.11004667729139321,0.296536197066306,28382
1,-20..-10%,54,457991,2093,-0.004209719476121418,-0.02380276946652019,11137.814495049088,-13065.828127637358,202727,251069,-0.6157635467980296,2.535817834665158,-0.20936329782009125,-0.12211401462554931,-0.08673133701086044,-0.04023437574505806,-0.0051932367496192455,0.024455811828374863,0.0665488436818123,0.11022633910179137,0.3043687903881073,28249
1,-20..-10%,55,456546,2092,-0.004204397214020511,-0.023995678749475228,11211.236826206745,-13130.737556679,201881,250562,-0.6403940886699507,2.5513754331376846,-0.2142857164144516,-0.12239038199186325,-0.08701611682772636,-0.04040323104709387,-0.005488759838044643,0.024808034300804138,0.06695357710123062,0.11106185615062714,0.30943814814090725,28046
1,-20..-10%,56,455028,2091,-0.00423197224909302,-0.024494119615224432,11272.483787100125,-13198.149655660396,201170,249836,-0.6551724137931034,2.619263135563256,-0.21011678501963615,-0.12328965589404106,-0.08821903169155121,-0.04088942985981703,-0.005426947260275483,0.024844158440828323,0.06783108040690422,0.11370402574539185,0.31785499304533005,27926
1,-20..-10%,57,453767,2095,-0.004308279340016766,-0.02414874955167274,11320.376964904146,-13275.331956185519,200352,249395,-0.6519704433497536,2.604631507775524,-0.21173293009400368,-0.12292779982089996,-0.08834102898836135,-0.04098360612988472,-0.00519533222541213,0.025262832175940275,0.06870228797197342,0.11488513424992532,0.31773253917694083,27978
1,-20..-10%,58,452242,2094,-0.0043574244576063135,-0.02433971887272676,11373.997023111322,-13344.607374668132,199507,248800,-0.6403940886699507,2.609308885754584,-0.21379655405879022,-0.12402342781424522,-0.08882781565189361,-0.04144286550581455,-0.005270476918667555,0.02535930322483182,0.06933066919445996,0.11544538624584644,0.31599934786558187,27922
1,-20..-10%,59,450732,2092,-0.004396991383079905,-0.024915264190233488,11435.55841409519,-13417.423134173563,198574,248181,-0.6354433497536945,2.691616766467066,-0.21678408682346345,-0.125,-0.08980080634355544,-0.0416666679084301,-0.00561797758564353,0.025229357182979584,0.07059586942195895,0.1172609969973563,0.3155357015132902,27889
1,-20..-10%,60,449499,2096,-0.004452830031529313,-0.02504246148774666,11488.455917302343,-13489.998563644695,197977,247587,-0.6443691786621507,2.713855421686747,-0.21543241441249847,-0.1256086677312851,-0.09025510400533676,-0.04223031550645828,-0.005790564231574535,0.0253521129488945,0.07110092043876648,0.11836327612400055,0.3179051578044891,27841
1,-20..-10%,61,447919,2096,-0.0044824163230524515,-0.024664327567357498,11551.593771519956,-13559.353208525312,197294,246817,-0.6464646464646464,2.7027027027027026,-0.21813526540994643,-0.12737704813480377,-0.09094142094254493,-0.0424153134226799,-0.005676447879523039,0.02585205202922225,0.07113181948661808,0.1189864061772823,0.3217338931560513,27850
1,-20..-10%,62,446465,2096,-0.004512396678832469,-0.02480126502312446,11611.30827624549,-13625.935459460448,196497,246179,-0.646422558922559,2.7027027027027026,-0.21836625158786774,-0.1292895272374153,-0.09121272936463355,-0.04272990673780441,-0.005692747654393315,0.025583383161574602,0.0717142254114151,0.12130137868225573,0.32969379186630343,27722
1,-20..-10%,63,445238,2096,-0.004593561788429427,-0.025338975866361278,11660.043353235362,-13705.2716167921,195629,245869,-0.6486028789161727,2.7027027027027026,-0.2193480736017227,-0.12975894510746003,-0.09238866269588471,-0.04354725684970617,-0.0060664096381515265,0.025436941999942064,0.07155326381325726,0.12215512506663798,0.3231235289573651,27714
1,-20..-10%,64,443989,2091,-0.004632106537939502,-0.02581411893696677,11719.19476132715,-13775.799111000342,194911,245305,-0.6506734006734007,2.8181649273836435,-0.2229614481329918,-0.1314184561371803,-0.0933994650840759,-0.04398460313677788,-0.005704284179955721,0.02576403971761465,0.07204870283603666,0.12182147204875933,0.323499463200569,27643
1,-20..-10%,65,442617,2091,-0.00462046338713381,-0.025625198167480847,11794.317828638003,-13839.413471661026,194231,244641,-0.6352728311589373,2.8411214953271027,-0.22316481575369834,-0.1313810497522354,-0.09386384040117263,-0.04462767485529184,-0.006076002027839422,0.026278987992554903,0.07262687459588052,0.12170969359576701,0.32270420581102316,27584
1,-20..-10%,66,441280,2094,-0.004644732098339166,-0.025212831188819944,11857.428263574995,-13907.055643930124,193471,244208,-0.6446052756880297,2.8707153729071533,-0.225864377617836,-0.13259848952293396,-0.095238097012043,-0.045011185109615326,-0.0064534335397183895,0.025950513780117035,0.07294148951768875,0.12338104844093323,0.31838613152503975,27581
1,-20..-10%,67,439888,2091,-0.0047037443453207105,-0.025767680788072532,11901.85810952195,-13970.978802096422,192477,243769,-0.6617465003333016,2.9001594994172133,-0.22778746783733367,-0.1329356238245964,-0.09574538916349411,-0.0452424231916666,-0.0067351520992815495,0.026236657984554768,0.07314449995756149,0.12362209409475287,0.3211654508113858,27459
1,-20..-10%,68,438618,2091,-0.0047147282152288006,-0.025490551618698967,11965.338318102007,-14033.302978409274,191926,243193,-0.6943148271593181,2.8804016113281246,-0.22838994666934012,-0.13396805599331854,-0.09642927199602126,-0.045914847403764725,-0.006733251037076116,0.026348336599767208,0.07455168142914773,0.1253726191818708,0.3277461019158363,27382
1,-20..-10%,69,437216,2090,-0.004762219849146157,-0.025993914547606717,12011.617851670579,-14093.736565234833,191098,242587,-0.6972840437570729,3.0745814307458144,-0.23047844544053078,-0.13513512909412384,-0.0972864031791687,-0.04628307372331619,-0.0068371170200407505,0.026540927588939667,0.07458579167723656,0.12620793655514717,0.33080749660730346,26966
1,-20..-10%,70,435854,2092,-0.004821416564479407,-0.026074130999489877,12048.474868187544,-14149.908563482126,190216,242117,-0.6965488215488216,3.26179604261796,-0.23216865062713624,-0.1366023004055023,-0.09891952127218247,-0.04683368653059006,-0.006787330377846956,0.026548536494374275,0.07565233111381534,0.1280242264270782,0.33662401318550067,26869
1,-20..-10%,71,434472,2090,-0.004885857218550846,-0.02592262750794381,12084.370078525104,-14207.13823598334,189501,241530,-0.6911679815278045,3.2942150788295192,-0.2333616906404495,-0.13754005432128907,-0.0989962950348854,-0.04692307859659195,-0.006907216273248196,0.026706231757998466,0.0757887303829193,0.12745608687400808,0.3455153203010552,26573
1,-20..-10%,72,433016,2090,-0.004954104853469651,-0.026197648674610673,12106.065767830907,-14251.272435060944,188960,240665,-0.7013953488372093,3.2724609375,-0.23451544374227523,-0.13754951804876328,-0.09960823059082032,-0.04776014946401119,-0.0071090045385062695,0.027066154405474663,0.07588717639446259,0.12975762337446195,0.35161608695983876,26519
1,-20..-10%,73,431638,2094,-0.00499240985726278,-0.026457488992753207,12143.068859909014,-14297.982665878195,188263,240005,-0.6971698113207547,3.00238037109375,-0.23395742177963258,-0.13792626559734344,-0.10000000149011612,-0.04794520512223244,-0.007099879439920187,0.02724430523812771,0.07669616490602493,0.131052628159523,0.3505880534648899,26581
1,-20..-10%,74,430439,2089,-0.0050499997404780984,-0.026690547078736887,12188.32224622108,-14362.039084512731,187597,239545,-0.7078746824724809,2.829311469300289,-0.2377588000893593,-0.13868809789419173,-0.10047605484724044,-0.04782608523964882,-0.007202305365353823,0.027641731780022383,0.07673596665263183,0.13167586997151373,0.3534632098674787,26620
1,-20..-10%,75,428965,2091,-0.005062622917833389,-0.02678073653912424,12234.956234365365,-14406.644274313754,186853,238880,-0.7327873535853728,2.8291925465838506,-0.24053103923797606,-0.13900263607501984,-0.10073710232973099,-0.048095475882291794,-0.007600926328450441,0.02758661098778248,0.07857143133878708,0.13262343406677246,0.3547797262668611,26561
1,-20..-10%,76,427691,2092,-0.005082258341071093,-0.026861130018690282,12291.411702418884,-14465.047854569957,186151,238281,-0.7428816303209218,2.8291925465838506,-0.23903733670711516,-0.14046511352062224,-0.10127773284912109,-0.04822784662246704,-0.007220216561108828,0.027961403131484985,0.07898201346397399,0.1334754407405853,0.35504186034202617,26513
1,-20..-10%,77,426406,2087,-0.005120761879898379,-0.027628250142554715,12325.319161817306,-14508.842751977172,185538,237668,-0.7714503380630416,3.02115682615983,-0.2398465193808079,-0.14200710877776146,-0.10261916741728783,-0.048929257318377495,-0.007633587811142206,0.02810724126175046,0.07920319586992264,0.13402238488197327,0.35884929150342915,26496
1,-20..-10%,78,424827,2090,-0.0051541830900585055,-0.027405347529141037,12361.026968701144,-14550.663108301484,184635,237065,-0.7736703130894003,3.0754166666666665,-0.24125474750995635,-0.14208999127149582,-0.10239165499806403,-0.04911776538938284,-0.007504690438508987,0.027866813354194164,0.08011890798807149,0.13454308062791823,0.36852275460958495,26392
1,-20..-10%,79,423477,2089,-0.005184263411780771,-0.027368037002083002,12400.830530677453,-14596.246847508166,183943,236346,-0.75754690029521,2.8911917098445596,-0.24407873675227165,-0.14233360141515733,-0.10275677070021629,-0.04933298286050558,-0.007711970247328281,0.027888447046279907,0.07980807423591614,0.13582322672009461,0.3670333722233777,26374
1,-20..-10%,80,422069,2092,-0.005200702139290565,-0.0270437388643763,12435.638761045431,-14630.693912273658,183451,235543,-0.7690975562824707,3.3921588946459407,-0.24266341030597688,-0.14295557141304016,-0.10405191928148269,-0.05000000074505806,-0.007816890254616737,0.028248587623238564,0.08010001629590989,0.13577015697956074,0.3574517512321472,26189
1,-20..-10%,81,420794,2090,-0.00521468033801876,-0.027084404065621084,12472.89511188295,-14667.201310039201,182770,234963,-0.7767441860465116,3.427437462445843,-0.2440999487042427,-0.14371632188558578,-0.10471651554107664,-0.05016694590449333,-0.007803790271282196,0.02849870454519987,0.08007847815752028,0.13729317188262935,0.3600531172752376,26243
1,-20..-10%,82,419158,2093,-0.005255724491585384,-0.02704416124715083,12498.341808057092,-14701.320774501015,182012,234068,-0.7735849056603774,3.4871794871794872,-0.2446988892555237,-0.14466350376605988,-0.10552619099617004,-0.05050955340266228,-0.0078125,0.028436018154025078,0.0804193377494812,0.13830148875713336,0.36065793633461,26133
1,-20..-10%,83,417816,2088,-0.005268231239966233,-0.027591592049227127,12536.717350960756,-14737.868654718535,181102,233643,-0.7631627906976745,3.623488773747841,-0.24269350469112397,-0.1452145278453827,-0.10589519888162613,-0.050862472504377365,-0.00800000037997961,0.028240740299224854,0.08096831291913986,0.13873983919620514,0.36224170923233134,26081
1,-20..-10%,84,416484,2090,-0.005265178399018877,-0.027895700759518145,12584.18860051445,-14777.051160851439,180519,232899,-0.7642790697674419,3.8359240069084626,-0.2463562570512295,-0.14624535739421843,-0.10639955252408981,-0.05141696333885193,-0.008175259456038475,0.02810242399573326,0.08089219555258749,0.14077706411480886,0.36572778642177534,26028
1,-20..-10%,85,415157,2092,-0.005247782915914478,-0.02798929532119863,12633.221974327762,-14811.875786350076,179884,232251,-0.7616744186046511,3.7781569965870307,-0.24893925562500954,-0.1472187153995037,-0.1071296788752079,-0.05181041453033686,-0.00824289070442319,0.02844154415652156,0.08159587234258657,0.1415488392114638,0.36993288606405267,25642
1,-20..-10%,86,413464,2089,-0.005275714649486321,-0.028069390179484878,12657.365856353661,-14838.683938188846,179122,231425,-0.7583018867924529,3.905395935529082,-0.25023319527506827,-0.14806939288973808,-0.10805857852101326,-0.05249532591551542,-0.008405439555644989,0.028594890143722296,0.08248544931411751,0.14089520201086939,0.37243898272514286,25412
1,-20..-10%,87,412151,2090,-0.005331444254800455,-0.0281302197210639,12678.930591506154,-14876.29067256643,178199,230954,-0.7483720930232558,3.810996563573883,-0.24956506505608558,-0.14825525134801865,-0.10844155848026275,-0.05242532305419445,-0.008427908178418875,0.029306264128535986,0.08199402317404746,0.14057764783501625,0.37155353695154286,25188
1,-20..-10%,88,410798,2090,-0.005370650260829875,-0.027992120966156993,12700.607454836469,-14906.859840684898,177578,230206,-0.7455813953488372,3.9036777583187394,-0.25073909759521484,-0.15000000596046448,-0.10898605734109879,-0.05263157933950424,-0.008474576286971569,0.02972741797566414,0.08313363790512085,0.1412603110074997,0.37691350281238556,25151
1,-20..-10%,89,409442,2088,-0.005356701557022319,-0.027997980207481368,12736.942817415627,-14930.201416325965,176832,229753,-0.7488372093023256,3.951370468611848,-0.24892585217952728,-0.14994660317897796,-0.1091233044862747,-0.05303030461072922,-0.008419083431363106,0.029800070449709892,0.08319234400987623,0.1425922840833663,0.3835016250610349,25143
1,-20..-10%,90,408097,2086,-0.005357098843851991,-0.02785181399870833,12776.521200232171,-14962.737167111653,176196,229071,-0.7528806780306637,3.9210003690750277,-0.24770325303077698,-0.1507432244718075,-0.10975609719753265,-0.053719417192041874,-0.008304502349346876,0.03004974965006113,0.08415130823850642,0.144616775214672,0.3822703340649593,25130
1,-20..-10%,91,406663,2089,-0.005399700672036957,-0.028075260198813148,12798.608815485457,-14994.467289878017,175532,228379,-0.7904961432244548,3.914004914004914,-0.2520618435740471,-0.15128644704818725,-0.11047064587473869,-0.053804945200681686,-0.00864242110401392,0.030100411269813776,0.08458394035696991,0.14584862887859343,0.3869816648960139,25104
1,-20..-10%,92,405457,2090,-0.005429671729503225,-0.02832665079221753,12832.949062921332,-15034.447473350541,174773,227874,-0.8000190458051615,3.890829694323145,-0.25067026615142823,-0.1519198715686798,-0.11128604412078857,-0.05415162444114685,-0.008653280325233936,0.030185440555214882,0.08510638028383255,0.14538341760635376,0.39072375297546474,25081
1,-20..-10%,93,404012,2090,-0.005454564806613978,-0.028129648771226402,12855.661868664412,-15059.371505314095,174233,227049,-0.8019615239532252,3.8950193178440937,-0.2522770577669144,-0.15233725309371948,-0.1123661145567894,-0.05444431118667126,-0.008772699162364006,0.03017859160900116,0.08526323288679141,0.14678796231746666,0.3963878625631336,25047
1,-20..-10%,94,402517,2084,-0.005514467024249901,-0.028606093274631025,12867.341173082592,-15087.00789628267,173283,226457,-0.809541948385868,3.7296819787985864,-0.2528486919403076,-0.1533047467470169,-0.11296409219503402,-0.054623860865831375,-0.008743653073906898,0.03017241321504116,0.0856836974620819,0.14838072359561882,0.40179563641548144,25073
1,-20..-10%,95,401073,2088,-0.00552799539538724,-0.028540103960875297,12895.877321189377,-15113.007018403532,172623,225865,-0.8113919275745002,3.946996466431095,-0.25648584008216857,-0.15414955094456673,-0.11282025575637816,-0.055171011947095394,-0.009279144927859306,0.029999999329447746,0.08573549464344979,0.14808794781565662,0.40181023985147074,25014
1,-20..-10%,96,399664,2085,-0.005593790965125262,-0.028841271906497167,12899.891365966505,-15135.52823825234,171753,225242,-0.8046511627906977,3.92091388400703,-0.25701552629470825,-0.15424242615699768,-0.11363636702299118,-0.05529484152793884,-0.00909090880304575,0.03041825070977211,0.08596520870923996,0.14854517579078674,0.40084255337715075,24921
1,-20..-10%,97,398270,2089,-0.00559268629639681,-0.02919739343721779,12935.866653946177,-15163.26582521215,171200,224415,-0.8075812969020588,3.933920704845815,-0.25853097438812256,-0.15505190193653107,-0.11393298208713531,-0.05574140138924122,-0.008880596607923508,0.03058763314038515,0.08668000251054764,0.1487346962094307,0.40488988161087036,24951
1,-20..-10%,98,396823,2086,-0.005620493153598229,-0.028950554117624087,12962.030878244375,-15192.371832934661,170283,223817,-0.813953488372093,3.8191941618905005,-0.2594749081134796,-0.15622186958789824,-0.11479047238826752,-0.05665803328156471,-0.00958466436713934,0.030287551693618298,0.08766956925392153,0.15042210072278964,0.4168568402528767,24799
1,-20..-10%,99,395507,2087,-0.0056390943408018744,-0.028780550736055774,12986.939091862054,-15217.240377309565,169855,223047,-0.8113207547169812,3.8468063008481908,-0.2589431083202362,-0.15720734000205994,-0.11520214676856994,-0.057012077420949936,-0.009333333000540733,0.03064730018377304,0.08808539807796485,0.15068493783473969,0.41172091484069834,24729
1,-20..-10%,100,394124,2088,-0.005638897512121137,-0.028078863370816356,13013.46002724071,-15235.884870307962,169155,222222,-0.8016037735849056,3.5954621848739494,-0.25897297978401185,-0.15748720169067382,-0.11563460528850555,-0.0569620244204998,-0.009276495315134525,0.030805686488747597,0.08848639875650406,0.15284163653850552,0.415197387933731,24669
1,-20..-10%,101,392697,2088,-0.005686027033133118,-0.028525299288225277,13020.776540393328,-15253.66229822367,168495,221554,-0.8053518712503571,3.645655339805825,-0.2608260715007782,-0.15807479918003084,-0.11608737409114837,-0.05760801583528519,-0.009453125298023224,0.03026634454727173,0.08895024806261068,0.15435122847557067,0.41836024045944253,24197
1,-20..-10%,102,391330,2085,-0.0057213512550153885,-0.028447077841208368,13030.270374707654,-15269.206761332784,167707,221001,-0.809541948385868,3.679731051344744,-0.2618519937992096,-0.15972433388233184,-0.11634752005338668,-0.057692307978868484,-0.009675925597548485,0.030136985704302788,0.08908426761627201,0.1540107816457748,0.42517718911170926,24169
1,-20..-10%,103,389975,2086,-0.005736031062378247,-0.02848573278438844,13048.995903396444,-15285.904616947357,166984,220356,-0.8191600799923817,3.645655339805825,-0.2621027946472168,-0.15981048345565796,-0.11716898158192635,-0.05795720964670181,-0.009463722817599773,0.03074697544798255,0.08910331130027771,0.15666624531149864,0.42259637415409324,23736
1,-20..-10%,104,388501,2088,-0.0057335373583982385,-0.029067367062841413,13067.54218616811,-15295.027183443133,166390,219516,-0.8209166352319879,3.665061124694377,-0.2628455510735512,-0.1608279578387737,-0.11724031642079354,-0.058264981023967266,-0.00975855765864253,0.030498152133077383,0.08839648663997654,0.15614343732595412,0.420699719190597,23714
1,-20..-10%,105,387152,2086,-0.005739437711770306,-0.02833163126785056,13094.291576108459,-15316.326365095749,165657,218991,-0.819636225121417,3.7058823529411766,-0.2642585551738739,-0.16159867867827415,-0.11774273738265037,-0.058368755504488945,-0.009647124912589788,0.030910804867744446,0.08878136351704591,0.15769313722848874,0.4228633385896688,23788
1,-20..-10%,106,385504,2083,-0.0057581575353868415,-0.028193855207231548,13100.830900094832,-15320.623662616603,164827,218096,-0.8213881554130517,3.757281553398059,-0.2635932493209839,-0.1619246244430542,-0.11810002774000168,-0.059067465364933014,-0.009644709527492523,0.030927835032343864,0.09036132991313936,0.1608223617076873,0.42401603817939854,23729
1,-20..-10%,107,384151,2083,-0.005780739210201446,-0.028864005893466174,13111.136661613513,-15331.813409951536,164142,217509,-0.8233488372093023,3.7921760391198047,-0.266165486574173,-0.16192437708377838,-0.11867381781339645,-0.05903627350926399,-0.010100499726831913,0.031123138964176178,0.09126386642456055,0.16200173497200004,0.4326121318340293,23709
1,-20..-10%,108,382808,2085,-0.00581967617379747,-0.02917609110782058,13108.263415023566,-15336.082011762634,163550,216762,-0.8208490566037736,3.757281553398059,-0.26560945391654966,-0.1624864935874939,-0.1190476194024086,-0.05949755385518074,-0.009900989942252636,0.03151365742087364,0.09083506464958209,0.16247293055057527,0.44618364214897155,23637
1,-20..-10%,109,381390,2087,-0.0058569926719331394,-0.028786882978816142,13107.506272786117,-15341.304707934722,162845,216070,-0.823813953488372,3.734299516908213,-0.26789373219013213,-0.16334864795207976,-0.11983000934123993,-0.059936318546533585,-0.009861933067440987,0.031326279044151306,0.09090909361839294,0.15953015238046633,0.42961932420730553,23643
1,-20..-10%,110,379880,2084,-0.005828133352066952,-0.028230526658774617,13125.425352615712,-15339.41665039894,162038,215395,-0.8213207547169812,4.409363745498199,-0.2687240368127823,-0.16433074176311493,-0.12120097577571869,-0.05998381786048412,-0.009828009642660618,0.031535547226667404,0.09147061854600907,0.16148881018161773,0.43167669236660083,23627
1,-20..-10%,111,378545,2083,-0.005826059463611845,-0.02823300596573303,13141.109254702289,-15346.534934355253,161403,214703,-0.8240167603085421,5.10578631452581,-0.26957206964492797,-0.16352502405643463,-0.12129570841789246,-0.06020636111497879,-0.01002506259828806,0.03144654259085655,0.09141349345445644,0.16073032021522518,0.42988142609596336,23565
1,-20..-10%,112,377088,2087,-0.005831008052983934,-0.028367333868901144,13157.39549702378,-15356.198661707373,160552,214175,-0.8257261410788381,5.172475728155339,-0.2683219492435455,-0.16550898551940918,-0.12150819599628448,-0.06060606241226196,-0.009951923042535782,0.03146067261695862,0.09225092083215714,0.1631944477558136,0.42629157900810233,23441
1,-20..-10%,113,375754,2085,-0.005884421411707729,-0.028226612581281632,13151.211989402938,-15362.306872537765,159932,213477,-0.8221425877027537,5.217750611246943,-0.27077229619026183,-0.1649455688893795,-0.12098781019449234,-0.060873194597661495,-0.01030365051701665,0.03179527632892132,0.09297231212258339,0.1621624380350113,0.4346762523055093,23436
1,-20..-10%,114,374303,2081,-0.0058648035956510025,-0.028741075086252066,13164.79711528141,-15360.010695544399,159255,212685,-0.8236514522821576,5.427370948379352,-0.2716830730438232,-0.16477347165346146,-0.12188657745718956,-0.060964932665228844,-0.010222660843282938,0.03170682396739721,0.09314574301242828,0.16387971863150597,0.4383707135915742,23396
1,-20..-10%,115,372824,2081,-0.005876162807581547,-0.02846535283918757,13170.477437072466,-15361.251959646232,158522,211927,-0.8280930232558139,5.722689075630252,-0.27001857876777646,-0.166289983689785,-0.12288323938846588,-0.06128546968102455,-0.01048894040286541,0.03207658417522907,0.09385066181421282,0.1653546482324599,0.449152594208718,23295
1,-20..-10%,116,371519,2083,-0.005859529736524925,-0.028033580270052205,13186.843572406364,-15363.770200590367,157823,211448,-0.8256603773584905,5.796116504854369,-0.26945769786834717,-0.16610518097877502,-0.12365226447582245,-0.062115512788295746,-0.010783841367810965,0.0320012541487813,0.09326010942459106,0.1649818830192089,0.4453587651252737,23316
1,-20..-10%,117,369917,2084,-0.005861340767018104,-0.02839132662678865,13194.050090555627,-15362.259683068638,157082,210544,-0.826046511627907,5.84596577017115,-0.2714995214343071,-0.16633749082684515,-0.12443001642823219,-0.06308047100901604,-0.011040085460990667,0.03234374150633812,0.09482327699661254,0.16783698648214299,0.44578818321227914,22798
1,-20..-10%,118,368399,2082,-0.005920341297315918,-0.028384588115887288,13188.748315452734,-15369.796129042606,156229,209859,-0.8235849056603773,5.796116504854369,-0.2720469158887863,-0.16855071857571602,-0.12467039003968239,-0.062382216565310955,-0.011584609281271696,0.03271532338112593,0.09526615366339684,0.16738896071910747,0.4433703327178947,22714
1,-20..-10%,119,366952,2078,-0.005909611929656268,-0.028536965194990497,13196.612045934837,-15365.155962746056,155640,209103,-0.8210377358490566,5.76328502415459,-0.27512398034334185,-0.16803577095270156,-0.12497705295681953,-0.06293392181396484,-0.01119007496163249,0.033229093067348,0.09498616456985494,0.16488430649042132,0.44251057237386704,22392
1,-20..-10%,120,365431,2080,-0.005966499294474675,-0.02849117170938798,13184.859493539472,-15365.203297218546,154849,208415,-0.8195963787250095,5.746987951807228,-0.27710283279418946,-0.16961056590080262,-0.12522685527801514,-0.062998928129673,-0.011383399367332458,0.0325310155749321,0.09587899446487423,0.16754671931266765,0.45953272819519014,22373
1,-20..-10%,121,363944,2085,-0.005970178428680585,-0.028226330659817594,13193.642894301034,-15366.453512348773,153968,207752,-0.8142081706504143,5.76328502415459,-0.27594282627105715,-0.16923467591404914,-0.12532141357660292,-0.06315547786653042,-0.011164572089910507,0.03328665439039469,0.09676113352179527,0.1695919506251811,0.46516689628362806,22320
1,-20..-10%,122,362670,2084,-0.005920479685638327,-0.02826224231974623,13218.395101687078,-15365.575469277535,153485,206940,-0.8285877535472812,5.879606879606879,-0.2771576708555222,-0.17074539065361022,-0.12587738633155823,-0.06312442198395729,-0.01097087375819683,0.033195555210113525,0.09731626808643341,0.17027273774147017,0.4620658332109435,22339
1,-20..-10%,123,361190,2083,-0.005906370878465203,-0.028325444873368102,13234.241320028888,-15367.56341762171,152898,206059,-0.8302527348170502,5.862745098039215,-0.2771239146590233,-0.17036718502640724,-0.12559638172388077,-0.06404979340732098,-0.011151797138154507,0.03368421643972397,0.09900884479284282,0.1719531036913393,0.4654108634591072,22248
1,-20..-10%,124,359772,2081,-0.005928488641698438,-0.02819226979843281,13238.168812335458,-15371.073027936518,152310,205183,-0.8302527348170502,5.905055487053022,-0.28202687799930576,-0.17067445367574693,-0.12561492323875428,-0.06396756321191788,-0.011008908972144127,0.03335722163319588,0.09833544939756403,0.1711744859814644,0.46578242480755094,22227
1,-20..-10%,125,358384,2081,-0.005987250467427011,-0.02783736454418299,13228.29389615877,-15374.028667677096,151563,204641,-0.8294039984911354,5.8965517241379315,-0.2827663731575012,-0.17189613580703736,-0.1266738533973694,-0.06410256773233414,-0.011295375414192677,0.03367633372545242,0.0999571442604066,0.17187854349613194,0.4710493516921999,22217
1,-20..-10%,126,357037,2081,-0.006045550571313497,-0.0281718195743616,13214.267467136671,-15372.752706466736,150864,204019,-0.8403009237215504,5.930693069306931,-0.2808983373641968,-0.17345752865076064,-0.1278467983007431,-0.06428343057632446,-0.011461318470537663,0.033144475892186165,0.0991293087601662,0.17363578081130945,0.4739873093366639,22179
1,-20..-10%,127,355542,2085,-0.006050912421771915,-0.02806089316165391,13205.148994293866,-15356.502498555477,150233,203167,-0.8418521312712184,5.913580246913581,-0.28301583826541904,-0.17241045087575912,-0.12739965319633484,-0.06426868960261345,-0.0117647061124444,0.033333852887153625,0.09909746199846267,0.17296865582466117,0.48093601107597367,22183
1,-20..-10%,128,354035,2079,-0.006044343922874193,-0.02761954867812322,13207.542657038337,-15347.45195777308,149477,202464,-0.8404375707280272,5.965347396701411,-0.28380772143602373,-0.17345315366983413,-0.12846961170434953,-0.06492224335670471,-0.01189062325283885,0.03356962464749813,0.09883737340569507,0.17312168553471582,0.4740588533878355,22102
1,-20..-10%,129,352724,2080,-0.005984898662750233,-0.028252983665239904,13236.007462372425,-15347.024858292385,148842,201842,-0.8399660505469634,6.035175879396985,-0.2839680063724518,-0.17331887781620026,-0.12881070971488953,-0.06526557356119156,-0.01199400331825018,0.033394161611795425,0.0985076040029526,0.17402620613574987,0.4770201933383934,22037
1,-20..-10%,130,351237,2082,-0.005973513387442811,-0.027892106594823975,13242.708182936121,-15340.827104601336,148098,201114,-0.844,6.0,-0.28426088243722913,-0.1736725077033043,-0.12855592668056487,-0.06585264578461647,-0.012185434345155954,0.033183494582772255,0.10000000149011612,0.17618465125560775,0.4818867647647849,21962
1,-20..-10%,131,349902,2079,-0.0059712851122367535,-0.02791782162720034,13253.694923592164,-15343.059526933988,147458,200369,-0.8426046511627907,5.8965517241379315,-0.2858280581235886,-0.17546656057238577,-0.1294751912355423,-0.06589147448539734,-0.012118560262024403,0.03293589409440756,0.10070987269282339,0.17652710676193203,0.47711048513650983,21888
1,-20..-10%,132,348362,2079,-0.005993873274159875,-0.02817501399866035,13253.487557593726,-15341.525239126591,146685,199699,-0.842139534883721,5.947890818858561,-0.2868542233109474,-0.17689230293035507,-0.12977251261472703,-0.06683117523789406,-0.012381771579384804,0.0331773841753602,0.10016164034605031,0.17754835933446877,0.4876851177215581,21840
1,-20..-10%,133,347081,2079,-0.00599119032060669,-0.028434186245292082,13265.172300206901,-15344.600627873424,145908,199165,-0.8415813953488371,5.913409545443323,-0.2891435921192169,-0.17807915285229683,-0.1312135189771652,-0.06726619973778725,-0.012887743301689625,0.03299798630177975,0.10024524182081224,0.1783450193703172,0.49584574282169336,21394
1,-20..-10%,134,345711,2081,-0.0059633155921722195,-0.027395415108734392,13272.127914091037,-15333.711710776533,145307,198431,-0.8396831384383252,5.913580246913581,-0.2897161787748337,-0.17711760923266412,-0.1317233994603157,-0.0674817468971014,-0.012965330854058266,0.03362868633121252,0.10175639018416405,0.18177536651492118,0.49653177380561897,21324
1,-20..-10%,135,344398,2080,-0.005886668731035898,-0.0273169761771422,13298.827276912209,-15326.184214543562,144832,197720,-0.8401860465116279,5.81265206812652,-0.29121150970458987,-0.1775311216711998,-0.13131111860275269,-0.06790116056799889,-0.012861736118793488,0.033912887796759605,0.10179640352725983,0.18428139835596083,0.4965689563751246,20995
1,-20..-10%,136,342856,2079,-0.005936695478197957,-0.02744843221163138,13281.372426773667,-15316.804091646633,144029,196956,-0.841953488372093,5.730769230769231,-0.2932560324668884,-0.17891314178705214,-0.1319955736398697,-0.0682477205991745,-0.012838801369071007,0.034121619537472725,0.1022681653499603,0.18419865369796726,0.5018272101879123,20963
1,-20..-10%,137,341583,2079,-0.006000023110004269,-0.027475584182552394,13278.089487041649,-15327.595381026205,143430,196197,-0.8418604651162791,5.76328502415459,-0.29408544063568115,-0.17911657989025115,-0.13253701925277708,-0.06832968443632126,-0.013005943968892097,0.03469514288008213,0.10388042479753497,0.183505168557167,0.5068157780170437,20919
1,-20..-10%,138,340044,2080,-0.005978666471786736,-0.027578545295718758,13282.58762980924,-15315.597291541471,142637,195532,-0.8418604651162791,5.8965517241379315,-0.29338655740022657,-0.1789867453277111,-0.1319444477558136,-0.06844583712518215,-0.013359425589442253,0.034665511921048164,0.10316392704844478,0.18554736599326116,0.5110991579294196,20864
1,-20..-10%,139,338843,2078,-0.006007655401089799,-0.027977596021431045,13292.504330927297,-15328.156309998734,141898,195035,-0.8427906976744186,5.872008835439932,-0.29499535024166107,-0.18028671741485594,-0.13333334028720856,-0.06891534477472305,-0.01310698688030243,0.0351728480309248,0.10328161865472801,0.18395951241254793,0.508773547410965,20895
1,-20..-10%,140,337594,2079,-0.005985719375471878,-0.027845879006800522,13300.448310863045,-15321.19125770606,141374,194352,-0.8417293591086563,5.854345165238678,-0.2909809517860413,-0.18079124987125397,-0.13296027779579164,-0.06915853917598724,-0.013245033100247383,0.03474903479218483,0.10404807329177859,0.18757045567035682,0.5068434429168706,20877
1,-20..-10%,141,335906,2079,-0.005992352850283851,-0.027530537833886436,13296.558537577535,-15309.425814105047,140723,193333,-0.854299590515189,5.913409545443323,-0.29304728269577024,-0.18035584986209868,-0.13319103121757508,-0.06896226108074188,-0.01285766065120697,0.034955449402332306,0.10407956242561342,0.18721474409103403,0.5192627859115606,20817
1,-20..-10%,142,334669,2079,-0.005952749741076173,-0.02708638295567312,13306.733906503267,-15298.934709599507,140126,192713,-0.8557148245944927,5.869311351537008,-0.292031329870224,-0.18021110892295839,-0.13333334028720856,-0.06900382786989212,-0.01278762985020876,0.03497859835624695,0.10460882037878035,0.18728805482387512,0.5126787233352652,20793
1,-20..-10%,143,333130,2081,-0.005971072176477288,-0.02687284374237461,13295.11889175928,-15284.262165909153,139291,191980,-0.8558091286307054,5.6825775656324575,-0.29289458841085436,-0.18214384466409683,-0.13448819518089294,-0.06924832053482533,-0.01321356138214469,0.035021270625293255,0.10363439470529556,0.18715203925967216,0.5130066901445389,20786
1,-20..-10%,144,331752,2080,-0.005992491475987148,-0.026415000760398877,13292.311505279182,-15280.332537420903,138774,191200,-0.8668698219217217,5.6746126340881995,-0.2938098204135895,-0.18330129683017732,-0.13514568507671357,-0.06961890310049057,-0.013284518383443356,0.0346938781440258,0.1053619712591172,0.1887799412012103,0.5120071959495578,20777
1,-20..-10%,145,330295,2079,-0.0060327513823244866,-0.026874306256952613,13279.501257206615,-15272.088875031484,137980,190577,-0.8681629573745756,5.7551266586248495,-0.2918787837028503,-0.18280093371868134,-0.13508561998605728,-0.06982934847474098,-0.013255582191050053,0.03494774829596281,0.10670604184269905,0.19040709361433983,0.5063027620315554,20706
1,-20..-10%,146,328858,2079,-0.006034739692071976,-0.02680938501994786,13268.55212500083,-15253.124550656301,137278,189786,-0.8685839443862489,5.7590402162892875,-0.2949237197637558,-0.18218900561332702,-0.13569971919059753,-0.0697004497051239,-0.01330871507525444,0.03502150624990463,0.10759788453578954,0.19050390720367438,0.5114191162586195,20607
1,-20..-10%,147,327434,2077,-0.00605334234763564,-0.026443310583105655,13261.747322910202,-15243.817421165937,136638,189043,-0.8698604300264051,5.7551266586248495,-0.2945706844329834,-0.18496058881282806,-0.13663250207901,-0.07034964859485626,-0.014018691144883633,0.03497136011719704,0.10821912437677383,0.19302324950695038,0.5186976432800249,20541
1,-20..-10%,148,326139,2073,-0.005967075823172468,-0.026651940268492033,13278.303193476695,-15224.399335370363,136100,188285,-0.869953488372093,5.84596577017115,-0.2979546472430229,-0.18460109308362008,-0.13699365109205244,-0.07103423587977886,-0.013872346375137568,0.0355658233165741,0.10746992826461786,0.19512194395065308,0.5191332823038101,20428
1,-20..-10%,149,324676,2074,-0.005966146819795832,-0.026090835943377414,13269.936034495664,-15207.000719359721,135379,187562,-0.8683515654470011,5.71462829736211,-0.2980019211769104,-0.18734598755836487,-0.13846154510974884,-0.07155963033437729,-0.014513889327645302,0.035587187856435776,0.1081940144300461,0.1945612609386444,0.5289599251747158,19965
1,-20..-10%,150,323290,2076,-0.0059545406269607805,-0.026860103035241636,13265.177178978693,-15190.220618268806,134674,186907,-0.8716279069767442,5.698564593301436,-0.29682872056961057,-0.18796622529625892,-0.139302995800972,-0.07132245413959026,-0.013945228885859251,0.03572284150868654,0.10990340262651445,0.1991051606833935,0.5178419452905643,19932
1,-20..-10%,151,321928,2076,-0.0059618544979349085,-0.026572996731866985,13253.657456753543,-15172.94535156471,134019,186229,-0.869953488372093,5.714467278962136,-0.2988423705101013,-0.18832490146160125,-0.1389364093542099,-0.07172995805740356,-0.014084506779909134,0.03614457696676254,0.10982437878847126,0.19822948276996616,0.5148458886146547,19577
1,-20..-10%,152,320539,2077,-0.005977332455087656,-0.026359226173826127,13244.247422187836,-15160.215590009191,133260,185665,-0.8701395348837209,5.397022332506204,-0.3016831260919571,-0.18770739138126372,-0.13852393627166745,-0.0715613104403019,-0.014084506779909134,0.03624924086034298,0.11105374544858934,0.20237589180469528,0.5274256432056423,19587
1,-20..-10%,153,319126,2076,-0.005933818298350714,-0.026475343964951464,13238.122680790144,-15131.758379069592,132651,184850,-0.8690232558139535,5.666825400604775,-0.3005329519510269,-0.18793489038944244,-0.1391417384147644,-0.07182227075099945,-0.014172468334436417,0.03621591441333294,0.11123357713222504,0.19952025264501572,0.5176102221012115,19551
1,-20..-10%,154,317818,2075,-0.005968007528207932,-0.026337914311335593,13226.328975229204,-15123.06919182916,131943,184190,-0.8684651162790697,5.750566565408168,-0.30149383246898653,-0.189211930334568,-0.14053535908460618,-0.07304310984909534,-0.014570280443876982,0.03639552555978298,0.11234993934631352,0.20154478400945644,0.5132694536447522,19450
1,-20..-10%,155,316465,2071,-0.006011013501334179,-0.026587951265405325,13206.823592822404,-15109.098980522152,131474,183456,-0.8666037735849057,5.666666666666666,-0.30477806508541105,-0.18967841416597364,-0.14055340588092805,-0.07277572341263294,-0.014345827512443066,0.03702104743570089,0.11257918700575884,0.1993924923241138,0.5118797445297238,19510
1,-20..-10%,156,314990,2070,-0.006062783096682258,-0.026118246906929033,13179.599648265526,-15089.315695889467,130714,182616,-0.8641860465116279,5.6988851141202925,-0.3036300265789032,-0.18949473947286605,-0.14055569469928741,-0.07322784513235092,-0.014257346279919147,0.0372438644990325,0.11350780948996553,0.2006459966301919,0.5159004962444306,19422
1,-20..-10%,157,313575,2075,-0.00612253661257823,-0.02676047008604273,13159.88644511876,-15079.760863407984,130124,181850,-0.8656744186046512,5.6825775656324575,-0.3038745939731598,-0.1896289825439453,-0.1414278119802475,-0.07321087270975113,-0.013806100934743881,0.037666887044906616,0.11413520425558092,0.20371940284967407,0.5199196183681477,19439
1,-20..-10%,158,312155,2071,-0.00616216085994366,-0.026332454881056025,13143.733523988114,-15067.282847223762,129326,181293,-0.8646511627906976,5.60377358490566,-0.3054095655679703,-0.19052857905626297,-0.14143939316272736,-0.0731707289814949,-0.014586466364562511,0.03700696490705013,0.11487850546836853,0.20457333326339722,0.5229879915714264,19351
1,-20..-10%,159,310764,2073,-0.0062185571034331965,-0.026592621060111555,13123.522774310592,-15056.026454001925,128741,180523,-0.8633534515277254,5.650673380679795,-0.30545569777488707,-0.19086917042732238,-0.14130084812641144,-0.0731707289814949,-0.014634146355092525,0.0375099778175354,0.11414734572172162,0.20266255736350952,0.5268856549262984,19393
1,-20..-10%,160,309461,2071,-0.006239582174697357,-0.026671318959311772,13113.048830939984,-15043.95617030399,128124,179809,-0.865822302637844,5.665873110344007,-0.30695275247097015,-0.1918022021651268,-0.14178761839866638,-0.07390248402953148,-0.014654571190476418,0.038089774549007416,0.11404826939105986,0.20427467226982104,0.5215459942817665,19323
1,-20..-10%,161,307914,2067,-0.006287772794473955,-0.026717795691949243,13089.168387546395,-15025.261659784028,127386,179015,-0.8671256129762354,5.3652749314831745,-0.30697990745306014,-0.19182516634464264,-0.14269503206014633,-0.07367810234427452,-0.015428975224494934,0.03725062124431133,0.11368356868624684,0.20381139442324633,0.5215954339504243,19208
1,-20..-10%,162,306545,2069,-0.006250600602282406,-0.02649497595238874,13088.799960893524,-15004.890322520216,126842,178250,-0.8674085250848736,5.500570651514048,-0.3080913919210434,-0.1915731281042099,-0.14285580962896346,-0.07357812859117985,-0.015190465841442347,0.03793531842529774,0.11585720106959348,0.20932188108563426,0.5386982208490422,19152
1,-20..-10%,163,305173,2067,-0.006288556301660909,-0.026615358519023486,13079.219018792497,-14998.316611039183,126201,177528,-0.8685401735194267,5.79925208227095,-0.3100616326928139,-0.19254064485430716,-0.1434054672718048,-0.07445045933127403,-0.015451869461685419,0.037443128414452076,0.11479553729295733,0.2073428325355054,0.5355748385190964,19142
1,-20..-10%,164,303797,2070,-0.006265483546277521,-0.026191585394679293,13079.069387907894,-14982.50449281635,125526,176810,-0.8689302325581395,5.830434464420754,-0.3075979647040367,-0.19323080778121948,-0.14427450001239775,-0.0751541219651699,-0.01583512593060732,0.03754774387925863,0.11627110540866853,0.2096699662506579,0.5254743677377689,19064
1,-20..-10%,165,302402,2069,-0.006188254982546511,-0.026141851862803475,13089.631494901467,-14960.972178133472,125004,175998,-0.8692093023255814,5.81265206812652,-0.3106024345755577,-0.19479172602295874,-0.14506585597991942,-0.07539212889969349,-0.0160062313079834,0.037307881750166416,0.11637372225522997,0.20907308012247053,0.530848932266235,18534
1,-20..-10%,166,301126,2063,-0.006204452186674586,-0.026142592596872443,13081.371966902696,-14949.693836067247,124373,175364,-0.8703255813953488,5.860054880439043,-0.3094142645597458,-0.19540980905294417,-0.14494965970516202,-0.07583457976579666,-0.016129031777381897,0.037792785093188286,0.11807746887207035,0.20723990350961669,0.5313435125350912,18539
1,-20..-10%,167,299494,2066,-0.006191546661550498,-0.02644348579504328,13072.822531197504,-14927.153607051901,123645,174441,-0.8684905660377359,5.83293474547318,-0.3071827900409698,-0.19621896147727966,-0.1460896462202072,-0.07648725062608719,-0.01597633585333824,0.03846153989434242,0.11830538511276248,0.21132516860961895,0.5342215919494628,18153
1,-20..-10%,168,298275,2065,-0.00623104470557615,-0.025857753231767436,13050.335184141177,-14908.90004369685,123045,173786,-0.8660377358490566,5.746987951807228,-0.3122872251272201,-0.1968964770436287,-0.14627334177494047,-0.0770801268517971,-0.01610017940402031,0.03807648830115795,0.11882507801055907,0.21288547515869144,0.5554955887794517,18147
1,-20..-10%,169,296803,2061,-0.006251661908760325,-0.026310834804235163,13036.118087412662,-14891.630096918463,122544,172860,-0.8619811320754717,5.846133157289909,-0.3125891342759132,-0.1968761757016182,-0.14675074070692062,-0.07677164301276207,-0.016505406238138676,0.03826106898486614,0.11812787503004074,0.21203458681702614,0.5504115402698518,18136
1,-20..-10%,170,295457,2063,-0.006226592285184107,-0.026379333122929345,13031.782480801789,-14871.472757605365,121967,172039,-0.8626933232742361,5.879606879606879,-0.3170725578069687,-0.1986195832490921,-0.1470021218061447,-0.07723918929696083,-0.01693689078092575,0.037679536268115044,0.11843176335096364,0.21222741454839697,0.5545796883106219,18039
1,-20..-10%,171,293947,2066,-0.006217648418206899,-0.025470714078408,13020.163629128481,-14847.822728715186,121243,171261,-0.8620331950207469,5.8790998206520415,-0.3138200497627258,-0.19772835671901703,-0.14679286628961563,-0.07688047178089619,-0.016236488707363605,0.038623384200036526,0.11854858919978142,0.2147060230374335,0.5492622393369673,18100
1,-20..-10%,172,292527,2069,-0.006258917323437632,-0.025588616950417347,13001.609899385727,-14832.512207258982,120662,170442,-0.8625047152018106,5.845798391237379,-0.31498908162117006,-0.19845645725727082,-0.14745899438858032,-0.07715274393558502,-0.016722090542316437,0.0382513664662838,0.11871132701635362,0.21591686606407165,0.5468632745742816,18045
1,-20..-10%,173,291370,2066,-0.006297181513041544,-0.025743151757446757,12976.910734025876,-14811.720511480797,120180,169741,-0.8645581395348837,5.953066154125867,-0.3171258270740509,-0.19959584772586822,-0.1481919914484024,-0.07714506983757019,-0.016129031777381897,0.03932584449648857,0.11994356960058217,0.2155232757329937,0.5500315070152275,18093
1,-20..-10%,174,289833,2067,-0.0062970247605743926,-0.025413551710240075,12950.670812985209,-14775.756390416802,119508,168894,-0.863906976744186,6.272538375626607,-0.3205450254678726,-0.19993526712059972,-0.14906479865312575,-0.07785581611096859,-0.01622551679611206,0.03847631998360157,0.11986599266529079,0.21562662646174446,0.545832599401473,17982
1,-20..-10%,175,288444,2067,-0.006350432787263869,-0.02534169072007649,12932.340705089622,-14764.084939979179,118898,168210,-0.8643720930232558,6.197943444730077,-0.32104702293872833,-0.19939886331558226,-0.14875927567481992,-0.07824273407459259,-0.016393441706895828,0.038205310702323914,0.1200202256441117,0.2158305004239082,0.5524259436130526,17999
1,-20..-10%,176,287012,2062,-0.006319559815289278,-0.025413822696920912,12913.952130167654,-14727.741631873496,118381,167274,-0.8624528301886792,6.235142118863049,-0.3200313055515289,-0.20053338408470153,-0.1496491193771362,-0.07798165082931519,-0.01616915501654148,0.038306452333927155,0.11999999731779099,0.2177678108215332,0.5582163810729968,17909
1,-20..-10%,177,285574,2065,-0.006351490522764928,-0.025236321299513816,12883.963426301263,-14697.783980849339,117659,166571,-0.8587906976744186,6.225806451612903,-0.3228010749816895,-0.20042354464530945,-0.14872866868972778,-0.0783424973487854,-0.016736401244997978,0.038314174860715866,0.12037981599569318,0.2145787209272387,0.5642899250984255,17877
1,-20..-10%,178,284116,2059,-0.006394406168805817,-0.02563658985884077,12854.125815765896,-14670.878918822313,116833,165905,-0.861767441860465,6.253886010362694,-0.32466656893491747,-0.2017253816127777,-0.1493262007832527,-0.07798184640705585,-0.016896260902285576,0.03912226762622595,0.12213279455900196,0.22063594684004767,0.5665024566650393,17824
1,-20..-10%,179,282815,2063,-0.0064685087432867485,-0.026063448360179525,12812.54775613051,-14641.939056363117,116374,165082,-0.8604651162790697,6.197943444730077,-0.3245296764373779,-0.20344846099615096,-0.15041878670454026,-0.07865236140787601,-0.016876287758350372,0.038758350536227226,0.12239989638328554,0.22230522558093066,0.5766561555862425,17800
1,-20..-10%,180,281300,2063,-0.006535149180342398,-0.025659456168105232,12778.666747390202,-14617.004211820564,115722,164286,-0.8584905660377359,6.152710366320952,-0.3262217462062836,-0.20195126235485078,-0.15100716054439545,-0.07910047471523285,-0.01718750037252903,0.03915032744407654,0.12265435606241225,0.21820045411586778,0.5747204446792619,17677
1,-20..-10%,181,279963,2064,-0.006583911654348344,-0.02652023322771926,12755.643122030568,-14598.894780516888,115078,163624,-0.8571162790697675,6.235142118863049,-0.32909721195697783,-0.20385677069425584,-0.15232581198215484,-0.0803710762411356,-0.01792854256927967,0.03893159329891205,0.12438257262110715,0.22201491445302962,0.579118684530258,17160
1,-20..-10%,182,278363,2060,-0.006560619761863716,-0.026196991610702946,12731.971543571159,-14558.205342342862,114512,162518,-0.8550943396226416,6.225806451612903,-0.3275892889499664,-0.20454469919204712,-0.1526099294424057,-0.08050456643104553,-0.017767857760190964,0.039252668619155884,0.12389668226242066,0.22048211395740497,0.5807550764083865,17113
1,-20..-10%,183,277098,2063,-0.0065395730155323115,-0.025847814265774264,12714.191891120026,-14526.294494577991,113994,161835,-0.8535377583087325,6.291666666666667,-0.3303107583522797,-0.20557839870452882,-0.15280469954013823,-0.0806918740272522,-0.0178282018750906,0.03936353139579296,0.12567707002162937,0.2207116529345512,0.5770670783519749,16715
1,-20..-10%,184,275725,2065,-0.006474248433231123,-0.025463101935623178,12704.052306227313,-14489.164455480039,113498,160997,-0.857156461289401,6.30593607305936,-0.329454003572464,-0.2057677552103996,-0.1529471218585968,-0.08073674887418747,-0.01807228848338127,0.039566950872540474,0.12523030340671548,0.22185234129428838,0.5892040264606474,16719
1,-20..-10%,185,274100,2063,-0.00641838280500478,-0.02546110177156314,12691.115344018606,-14450.394070870403,112688,160155,-0.8585439456808751,6.291666666666667,-0.3286182999610901,-0.20616894513368605,-0.15319433063268661,-0.08021733723580837,-0.017973334528505802,0.040254767052829266,0.12634287774562838,0.2239031709730623,0.5813992297649383,16680
1,-20..-10%,186,272750,2061,-0.006369836587996614,-0.025276012403922857,12679.58769841961,-14416.960627795639,112127,159413,-0.8611560803732978,6.254073939739372,-0.3268658834695816,-0.20525647848844528,-0.1535799592733383,-0.08161372318863869,-0.018159665167331696,0.039764982648193836,0.12743132412433628,0.22456412613391866,0.5839562696218483,16614
1,-20..-10%,187,271324,2063,-0.006451272500688552,-0.025466999060259635,12640.863499056872,-14391.248559033664,111346,158770,-0.8625047152018106,6.292236372633279,-0.33239200741052627,-0.20589330345392226,-0.15341587066650392,-0.0811954028904438,-0.018058691173791885,0.039947886019945145,0.12787458747625358,0.22604165002703666,0.5939528179168729,16638
1,-20..-10%,188,269849,2063,-0.006454392619158662,-0.025127755970116496,12607.205637284827,-14348.917031172217,110586,158041,-0.861655978875896,6.235703026074373,-0.3348077967762947,-0.2078211009502411,-0.15502267330884933,-0.0824592374265194,-0.018384159542620182,0.03978436812758446,0.12771785259246826,0.22814815863966942,0.6004666388034822,16586
1,-20..-10%,189,268526,2063,-0.006462071854472962,-0.025097623222408747,12581.093516246903,-14316.327823041118,110163,157124,-0.8614673708034704,6.249754026202682,-0.33326705545186996,-0.2072894901037216,-0.15490158200263976,-0.08238471485674381,-0.017785903997719288,0.039672269485890865,0.126036211848259,0.22797949388623198,0.60770564198494,16608
1,-20..-10%,190,266948,2063,-0.006437826365486259,-0.025189416587920094,12557.867968096525,-14276.432840710375,109483,156285,-0.8666793638701076,6.235142118863049,-0.33464629828929904,-0.20813285261392592,-0.15563149154186248,-0.08254195004701614,-0.017636684700846672,0.039757516235113144,0.12666580080986029,0.2291998803615567,0.6000943195819857,16583
1,-20..-10%,191,265622,2063,-0.006493346374739089,-0.0254857601727566,12530.065823519653,-14254.841474270645,108656,155752,-0.8679743493021501,6.253886010362694,-0.3370703473687172,-0.20861348509788513,-0.15491120517253876,-0.08296392485499382,-0.018169510178267956,0.039400579407811165,0.1257881000638008,0.2258126139640808,0.5871572673320767,16546
1,-20..-10%,192,264356,2061,-0.0065697175908369775,-0.025951179555544213,12491.805418487123,-14228.549681930455,108232,154943,-0.8685401735194267,6.263294422827497,-0.33717023223638537,-0.2097544826567173,-0.15559605807065963,-0.08315194398164749,-0.018071932718157768,0.03913102671504021,0.12601836472749725,0.22745891585946074,0.5880339133739472,16518
1,-20..-10%,193,262942,2059,-0.006661719875582085,-0.025866093274882086,12443.831631473431,-14195.47757899874,107498,154204,-0.8782973050185696,6.348888480617307,-0.337234745323658,-0.21000069081783296,-0.15622606873512268,-0.08316761441528797,-0.01796407252550125,0.03890727926045656,0.1254900515079499,0.2263787083327769,0.5976162087917328,16488
1,-20..-10%,194,261472,2061,-0.006710967897452443,-0.025343409042334352,12403.476666508823,-14158.206864591539,106876,153419,-0.8794794417201056,6.36842105263158,-0.33872649759054185,-0.21011559963226317,-0.1567293182015419,-0.08316528983414173,-0.018074890598654747,0.03948744386434555,0.12647508084774015,0.22726059257984127,0.5977355986833567,16402
1,-20..-10%,195,260092,2063,-0.006731940414646131,-0.025356393810090572,12366.213723470091,-14117.137569796263,106304,152648,-0.8774047529234251,6.284079084287201,-0.34005931615829466,-0.21104552149772643,-0.1572599321603775,-0.0833333358168602,-0.018204888328909874,0.03999999910593033,0.12829601466655738,0.2286839872598645,0.6043437385559087,16349
1,-20..-10%,196,258623,2059,-0.006721847687457354,-0.025391097081831817,12338.53633026968,-14076.960744742957,105673,151763,-0.8770444487204156,6.253886010362694,-0.3404602512717247,-0.21126661077141762,-0.157271808385849,-0.08365822210907936,-0.018565747886896133,0.03946010768413544,0.12823501378297808,0.23039677217602728,0.6014306795597074,16318
1,-20..-10%,197,257176,2060,-0.00671198733981696,-0.025248608646516735,12298.183800240735,-14024.345856345519,105062,150973,-0.8811162790697674,6.289958082741024,-0.33911131620407103,-0.2112903669476509,-0.15817862749099731,-0.08478359505534172,-0.019689999520778656,0.04051946476101875,0.12971466779708862,0.23158100247383118,0.602568751573559,15771
1,-20..-10%,198,255809,2055,-0.0067434096986047016,-0.02561531198829364,12271.927852897139,-13996.952744487528,104450,150233,-0.8794339622641509,6.216308858019123,-0.3407614856958389,-0.21331662833690643,-0.1593396246433258,-0.08439530432224274,-0.019581962376832962,0.04054647870361805,0.1311879634857178,0.23166560232639308,0.6029235923290258,15715
1,-20..-10%,199,254401,2060,-0.0067984871487856416,-0.025458312144374523,12237.291947854545,-13966.83387699278,103784,149509,-0.8773584905660378,6.225806451612903,-0.33916359186172484,-0.21188406646251678,-0.15945999175310133,-0.08451223745942116,-0.019098305143415928,0.04167746566236019,0.13129187077283883,0.23281388059258434,0.5997714602947238,15300
1,-20..-10%,200,252854,2057,-0.0067528328400494044,-0.02584369318425472,12214.67393635663,-13922.154731294488,103076,148665,-0.8753488372093023,6.142857142857143,-0.3411655306816101,-0.21389880776405334,-0.160980486869812,-0.08527456969022751,-0.019607843831181526,0.04177100956439972,0.1323561429977417,0.23415803313255257,0.6150375580787651,15237
1,-20..-10%,201,251470,2057,-0.006782774127760891,-0.025448684558908457,12185.870864149863,-13891.535074057887,102413,147938,-0.8735849056603774,6.052896725440806,-0.3394260674715042,-0.2124982327222824,-0.16011729091405869,-0.0852897334843874,-0.019032192416489124,0.041881113313138485,0.1325792595744133,0.23380428925156593,0.6128152787685394,15286
1,-20..-10%,202,250127,2054,-0.006748699213424724,-0.025002010902123433,12160.946089054092,-13848.977977210432,101915,147106,-0.8690232558139535,6.068565081288499,-0.34175548076629636,-0.2149785578250885,-0.16111527681350707,-0.08569034934043884,-0.019190751016139984,0.041148075833916664,0.13422237336635592,0.23405862152576445,0.6192741775512683,15263
1,-20..-10%,203,248719,2057,-0.006734278734298527,-0.025429230876334846,12149.19044748406,-13824.133520000023,101330,146307,-0.8688372093023256,6.017543859649122,-0.34190762400627134,-0.21404787451028823,-0.160612478852272,-0.08505332469940186,-0.019571295008063316,0.04196253418922424,0.13483074307441711,0.23156646043062123,0.622085391283035,15239
1,-20..-10%,204,247291,2056,-0.006745010690632884,-0.025968712202229207,12114.800337001736,-13782.780775699057,100757,145433,-0.8701395348837209,6.034468897598232,-0.34343803495168684,-0.2152834855020046,-0.16112359166145324,-0.08559986017644405,-0.019999999552965164,0.0416589230298996,0.1343993753194809,0.237071259319782,0.6211167287826538,15234
1,-20..-10%,205,245836,2055,-0.006723065816784189,-0.025480224974456272,12089.21460621904,-13741.986214354023,100230,144533,-0.8688372093023256,6.133576214618736,-0.3407622355222702,-0.21570651084184647,-0.15999597012996672,-0.086296197026968,-0.019502680748701096,0.04242285341024399,0.13590677678585047,0.2400397673249244,0.626341333389283,15107
1,-20..-10%,206,244295,2056,-0.00679066856490439,-0.025579681676809546,12047.336523669946,-13706.262900733254,99388,143871,-0.8719169602894963,6.0886075949367084,-0.3441410347819328,-0.21700475364923477,-0.161258065700531,-0.08697361312806606,-0.02007360477000475,0.041898428462445736,0.13392834365367903,0.23759240210056304,0.6223029869794842,15128
1,-20..-10%,207,242958,2051,-0.006810029863342432,-0.025380700504606994,12009.8847934369,-13664.436028974902,98692,143158,-0.8731610712938513,6.0886075949367084,-0.3407855570316315,-0.21507524996995925,-0.16114298403263091,-0.08695652335882187,-0.019669651053845882,0.042837584391236305,0.13462748080492024,0.23753286078572264,0.6288933825492846,15128
1,-20..-10%,208,241541,2048,-0.006847678856021034,-0.025252270346673333,11973.368895139238,-13627.364093701435,98047,142499,-0.8698604300264051,6.138850645046148,-0.3420417410135269,-0.2172914370894432,-0.1617271989583969,-0.08678935840725899,-0.01989150047302246,0.04213456250727177,0.13288308382034303,0.23514166176319104,0.6135740005970002,15159
1,-20..-10%,209,240149,2054,-0.006890699173790934,-0.02566761616475493,11938.148697778728,-13592.94321366543,97293,141827,-0.8705984221666346,6.141399714344011,-0.3427391368150711,-0.217987585067749,-0.16232557892799376,-0.08706146106123924,-0.01945389062166214,0.04205349460244179,0.1347010672092438,0.23486624509096135,0.6234550738334659,15075
1,-20..-10%,210,238705,2050,-0.0069179477307920855,-0.02511223454976055,11897.585422469558,-13548.934135548267,96599,141050,-0.8748837209302325,6.142857142857143,-0.34400870501995084,-0.2184879407286644,-0.16339869797229767,-0.08807554095983505,-0.019736841320991516,0.04162541404366493,0.13589932024478912,0.23746325075626373,0.6336404621601092,15011
1,-20..-10%,211,237283,2047,-0.006887580002181595,-0.025073297346211963,11873.977681948641,-13508.28332760629,96031,140221,-0.8731132075471698,6.08842814105972,-0.34533178329467773,-0.21952547281980514,-0.16366982758045195,-0.0880944486707449,-0.019999999552965164,0.04138621687889099,0.1347600266337395,0.23827507793903335,0.6332168984413136,14954
1,-20..-10%,212,235888,2050,-0.0070173561925133705,-0.024807798834303844,11826.717728428166,-13482.02784596779,95258,139551,-0.8716279069767442,6.115628970775095,-0.3481971025466919,-0.21913676261901854,-0.16311079561710357,-0.08742004632949829,-0.019870130345225334,0.041669972240924835,0.1341721296310425,0.23694722652435302,0.6245593953132627,14869
1,-20..-10%,213,234366,2048,-0.007052416749115955,-0.02504612601666042,11781.092009921573,-13433.938713744948,94641,138676,-0.8726511627906977,6.0887870579002,-0.34860402762889864,-0.22024553120136262,-0.16519209146499633,-0.08929899707436562,-0.020947420969605446,0.041319726034998894,0.1343951374292374,0.24050327092409118,0.6163767826557158,14319
1,-20..-10%,214,232798,2047,-0.007126611419902492,-0.025753769065856916,11733.112949787708,-13392.173835118154,93937,137888,-0.871906976744186,6.0886075949367084,-0.351650815308094,-0.22083333134651184,-0.16586078107357025,-0.09063951671123505,-0.02153634000569582,0.041268203407526016,0.13700343817472463,0.23790773749351452,0.6186318069696422,14244
1,-20..-10%,215,231366,2043,-0.007185937852449913,-0.025273492256868375,11686.225280047438,-13348.806977217368,93311,137076,-0.8707906976744186,6.017543859649122,-0.3503704100847244,-0.21998601779341698,-0.16562323868274687,-0.09034635499119759,-0.020610706880688667,0.04243299178779125,0.1386140152812006,0.24091940522193905,0.6300676101446152,13784
1,-20..-10%,216,229918,2047,-0.007298304071749062,-0.025452320575118953,11628.650144227682,-13306.661619796094,92550,136392,-0.8737674418604651,6.2729161796410295,-0.35019145905971527,-0.22234763205051422,-0.16618746519088745,-0.09031238034367561,-0.02072078175842762,0.042288245633244514,0.13825587928295135,0.24434666335582733,0.6324978172779083,13851
1,-20..-10%,217,228567,2042,-0.007444536646923946,-0.024803519724399085,11578.423899083133,-13279.99930686059,91874,135739,-0.872,6.387862796833773,-0.34948386549949645,-0.2210242420434952,-0.16573889851570128,-0.0902777761220932,-0.021318241953849792,0.042488619685173035,0.13837396502494817,0.2514208912849425,0.632323973178864,13833
1,-20..-10%,218,226981,2044,-0.0075463432787011495,-0.025566927263759365,11521.391821934876,-13234.26836567771,91076,134944,-0.8721860465116279,6.326774126020514,-0.3547745764255524,-0.22296983450651167,-0.16724180728197097,-0.09124257415533066,-0.020989772863686085,0.04312695097178221,0.14073563963174826,0.24808161556720726,0.6343009823560686,13804
1,-20..-10%,219,225605,2046,-0.007568319258216376,-0.02438350982989797,11478.387231345818,-13185.837897595646,90635,134047,-0.8726895511127877,6.144679765246236,-0.355410635471344,-0.2213304191827774,-0.1666371151804924,-0.09090909361839294,-0.021352365612983704,0.043475283309817314,0.14288738369941711,0.24859294295310974,0.6412623047828673,13796
1,-20..-10%,220,224111,2039,-0.007647606909717555,-0.025060474277985894,11423.670784324198,-13137.583616467899,89846,133360,-0.8733023255813954,6.035175879396985,-0.35519996404647824,-0.22241311520338058,-0.16853358447551725,-0.09076361358165741,-0.021318241953849792,0.043939732015132904,0.1428585082292557,0.2479929938912388,0.6487627828121187,13759
1,-20..-10%,221,222733,2040,-0.007767934825412278,-0.024049972324691544,11370.973769354296,-13101.149196822831,89230,132577,-0.8733023255813954,5.947546027492432,-0.35547948628664017,-0.22174989059567451,-0.16661550849676132,-0.09150776267051697,-0.02185792289674282,0.042451491579413414,0.14325841516256332,0.24743418022990227,0.6438708215951914,13736
1,-20..-10%,222,221278,2039,-0.007877924867219232,-0.025176942069025512,11323.593424131377,-13066.804882899918,88582,131778,-0.8744186046511628,6.123956849175657,-0.35664833307266236,-0.22262775897979734,-0.16909721940755842,-0.09248920530080795,-0.02170662209391594,0.04242673609405756,0.1427992314100265,0.24735836312174794,0.6410262626409531,13682
1,-20..-10%,223,219830,2039,-0.0080275806507133,-0.024874097219578596,11259.07718238658,-13023.780236832874,87917,131007,-0.8738604651162791,5.987771400049914,-0.3577258735895157,-0.2241150662302971,-0.1694886013865471,-0.09282165952026844,-0.022212907671928406,0.0421328516677022,0.14215485751628876,0.24576755985617638,0.6348243027925485,13696
1,-20..-10%,224,218490,2040,-0.00816561537762036,-0.025390332238064552,11206.38575227146,-12990.491056127777,87451,130154,-0.8744186046511628,5.982543640897756,-0.35820286124944684,-0.22319785505533218,-0.16879697889089584,-0.09243165701627731,-0.022021994926035404,0.042400348000228405,0.14064115285873413,0.24567560851573944,0.6436353921890269,13706
1,-20..-10%,225,216991,2043,-0.008251457967353791,-0.024601860057141166,11147.913356760164,-12938.40547255426,86821,129289,-0.8734883720930232,6.008760951188986,-0.363571161031723,-0.22483677864074705,-0.16883217096328734,-0.09259258955717087,-0.021503956988453865,0.04325457289814949,0.14426852464675907,0.2483085840940474,0.6480482053756722,13565
1,-20..-10%,226,215569,2041,-0.008367208638092092,-0.0246290657012134,11095.539819834954,-12899.250618739834,86208,128478,-0.8716981132075472,5.956521739130435,-0.36598732620477675,-0.22564047574996948,-0.16994148045778273,-0.0934267733246088,-0.022243662737309933,0.04266501497477293,0.1446599751710891,0.25101290196180337,0.6484812009334535,13572
1,-20..-10%,227,214206,2039,-0.008471577457440609,-0.02445321100947808,11049.931459033285,-12864.594179881795,85570,127817,-0.8693953488372093,5.982543640897756,-0.36342930793762207,-0.22677104473114013,-0.17006303369998932,-0.09393022954463959,-0.022673964500427246,0.04175824299454689,0.1438335090875626,0.25,0.6430743336677565,13525
1,-20..-10%,228,212657,2032,-0.008610009827334225,-0.024006711689146715,10998.254102367,-12829.232962218439,84893,126951,-0.8747165532879819,6.035175879396985,-0.36659197926521303,-0.22726300805807112,-0.16991748809814453,-0.09357416443526745,-0.023201096802949905,0.041705661453306675,0.14319258630275733,0.24880141392350189,0.6460930985212334,13474
1,-20..-10%,229,211157,2037,-0.00859831208013032,-0.024261737607418017,10960.447014083416,-12776.040797987513,84192,126118,-0.8686511627906977,6.142857142857143,-0.36482605934143064,-0.23024705052375793,-0.17358107268810272,-0.09611199051141739,-0.024697184562683105,0.041368745267391205,0.14104293882846838,0.2503062725067131,0.6508964753150919,12889
1,-20..-10%,230,209775,2033,-0.008854419167818858,-0.023675890625936308,10889.363354724552,-12746.799135653764,83476,125420,-0.8692003017729159,6.106598984771574,-0.36835808753967286,-0.231604066491127,-0.17335924208164213,-0.09682795405387878,-0.02500000037252903,0.042476970702409744,0.14157638549804685,0.2500818312168117,0.6557613897323569,12837
1,-20..-10%,231,208430,2031,-0.009028994669891204,-0.024567760353353785,10825.656792214782,-12707.570151260225,82876,124718,-0.8688230856280649,6.197573389542954,-0.36735145092010496,-0.23299483656883238,-0.17321836352348327,-0.09647058695554733,-0.024492233991622925,0.0428336076438427,0.1406280010938645,0.2512860238552093,0.6679120683670082,12449
1,-20..-10%,232,206924,2031,-0.009151222778393881,-0.02400819409298115,10767.168847288218,-12660.776469484625,82205,123903,-0.8691162790697674,6.088966529950883,-0.3676742005348206,-0.23243914246559141,-0.17431711852550505,-0.09638553857803345,-0.02446589432656765,0.042821429669857025,0.1415947049856186,0.25085597038268936,0.6684268736839265,12429
1,-20..-10%,233,205503,2031,-0.0092374524426442,-0.024594467490575454,10711.66214804224,-12609.986337362967,81480,123198,-0.8709767441860465,6.035352647051433,-0.36954348534345627,-0.23373077809810638,-0.17526447772979736,-0.09638553857803345,-0.024160184897482395,0.042502522468566895,0.141801118850708,0.2530217692255974,0.6635687947273254,12426
1,-20..-10%,234,204098,2032,-0.009361408829838276,-0.024493529876936513,10660.481744857985,-12571.126564210363,80882,122397,-0.8706046511627907,6.197943444730077,-0.3703311842679977,-0.23274368941783904,-0.17548903822898865,-0.09681542217731476,-0.02443181909620762,0.04254154860973358,0.14240870177745826,0.2568446457386015,0.6861345875263214,12383
1,-20..-10%,235,202614,2034,-0.009493394107804797,-0.02433419852459676,10602.683258307943,-12526.177812066719,80136,121669,-0.869953488372093,6.204054853731958,-0.3703767278790474,-0.23320360332727433,-0.17577188462018967,-0.09721476398408413,-0.02383136749267578,0.04299250803887844,0.14450927972793579,0.2578688457608218,0.6832240742444969,12372
1,-20..-10%,236,201061,2029,-0.009638522613382865,-0.02425035103435249,10533.108053712629,-12471.039048882007,79614,120675,-0.8695813953488372,6.253886010362694,-0.37203562080860136,-0.2371988758444786,-0.17737848162651063,-0.09815658628940582,-0.02380952425301075,0.04323425702750683,0.14624659717082977,0.2582289427518837,0.6833584642410276,12295
1,-20..-10%,237,199601,2032,-0.009791148937195477,-0.0241128879290872,10471.43630126165,-12425.759420274795,78894,119942,-0.8693023255813953,6.216494845360825,-0.37136141657829286,-0.2359955757856369,-0.17712177336215973,-0.09828565269708633,-0.023904383182525635,0.04346288740634918,0.14387479424476624,0.25627170503139496,0.6968964040279383,12311
1,-20..-10%,238,198215,2033,-0.00993940721915137,-0.02449996749182642,10407.452869321842,-12377.592471265896,78339,119142,-0.8692093023255814,6.106598984771574,-0.37195902347564697,-0.23628516197204588,-0.17644003927707672,-0.09787233918905258,-0.024100877344608307,0.044052861630916595,0.14504513442516326,0.25101461410522435,0.694481298923495,12257
1,-20..-10%,239,196886,2031,-0.01000794738280507,-0.024217590947888834,10359.21061806254,-12329.635346473504,77772,118398,-0.8692093023255814,5.81066355322047,-0.3704233765602112,-0.2355388879776001,-0.17620896100997924,-0.09780775755643845,-0.02428571507334709,0.04295562952756882,0.14394276142120369,0.2541668951511383,0.6970598173141478,12293
1,-20..-10%,240,195449,2025,-0.01004676806510004,-0.02407902892028162,10318.137794476466,-12281.768566032211,77137,117586,-0.8684651162790697,5.81265206812652,-0.3728064131736755,-0.23685424625873566,-0.17601280212402343,-0.09788359701633453,-0.02440577931702137,0.04312354326248169,0.1437963485717775,0.2531361341476439,0.6912376213073731,12273
1,-20..-10%,241,194032,2024,-0.01000783095252297,-0.023681963621608366,10276.29809898804,-12218.137554367946,76579,116705,-0.8687441860465116,5.396704878169818,-0.3738940006494522,-0.23719399720430373,-0.17689395248889922,-0.09800298698246479,-0.023847817443311214,0.04358932934701443,0.14466363489627843,0.2574009001255035,0.6936294209957118,12160
1,-20..-10%,242,192633,2027,-0.010102347592133321,-0.024577975957237038,10228.301763651163,-12174.34728736658,75925,115983,-0.8688372093023256,5.559128841848158,-0.37080889105796816,-0.23936547935009003,-0.1783506065607071,-0.09845726564526558,-0.02471105568110943,0.04270602762699127,0.14609939157962804,0.2594519108533858,0.6965237796306586,12155
1,-20..-10%,243,191095,2028,-0.010187273836234925,-0.024616048692326142,10168.705820494937,-12115.442914230242,75295,115080,-0.8681860465116279,5.433740953331671,-0.3708472809195518,-0.24041772186756133,-0.17807805836200713,-0.09888937138020992,-0.02527075819671154,0.043438464403152466,0.14528939723968504,0.2571052238345138,0.6903102034330365,12072
1,-20..-10%,244,189602,2029,-0.010242791644052715,-0.025184756098702535,10123.324093657553,-12065.377874953225,74569,114366,-0.868679173412056,5.428927680798005,-0.3713939374685287,-0.24105676561594008,-0.1791604846715927,-0.0996476262807846,-0.024863898754119873,0.042428082786500454,0.14493430405855187,0.257425083220005,0.6931213325262102,11998
1,-20..-10%,245,188171,2025,-0.010347893181922295,-0.0251131482076531,10073.363019414512,-12020.536427349973,73904,113553,-0.8770593276830778,5.71462829736211,-0.37488828659057616,-0.2442791372537613,-0.18251723051071167,-0.10137457400560379,-0.02676399052143097,0.042222220450639725,0.14664480388164533,0.2584901452064513,0.6942557454109222,11373
1,-20..-10%,246,186806,2024,-0.01047030500504422,-0.025283688113626097,10021.613905426379,-11977.529702198664,73278,112817,-0.8782534892493399,5.76328502415459,-0.3744715452194214,-0.24288683533668518,-0.18307200074195862,-0.10220994800329208,-0.02711157500743866,0.04163636267185211,0.14617948532104516,0.2614238381385803,0.7147736549377436,11353
1,-20..-10%,247,185434,2023,-0.010608197857527975,-0.02593577039919868,9966.38446175924,-11933.505023272057,72571,112129,-0.8781068469669555,5.727696484778586,-0.37569537937641145,-0.2459036834537983,-0.1826897844672203,-0.10173732414841652,-0.027223105542361736,0.043332116678357124,0.1465754881501199,0.2606960818171501,0.723286446928977,10920
1,-20..-10%,248,183992,2025,-0.010725728763543814,-0.02547241795570522,9913.258806252177,-11886.707092914095,71913,111371,-0.8792908336476801,5.738868832731648,-0.37877475112676623,-0.24656147435307502,-0.1830135181546211,-0.10176164656877518,-0.027180757373571396,0.043108430691063404,0.14716066718101503,0.2630367547273634,0.7315201270580272,10910
1,-20..-10%,249,182362,2021,-0.010888672643449313,-0.02531752260254156,9838.129380154674,-11823.809500759397,71145,110497,-0.879906976744186,5.81265206812652,-0.38002848863601685,-0.24658385813236236,-0.18461035788059232,-0.10233917832374573,-0.02777777798473835,0.04280766099691391,0.14666864871978758,0.2616591095924376,0.7248724603652956,10917
1,-20..-10%,250,180985,2027,-0.010980234147071754,-0.024662718142562115,9783.199054652892,-11770.45673176069,70626,109702,-0.8788837209302325,5.8965517241379315,-0.3831017172336578,-0.24833213090896605,-0.18438531160354615,-0.10214690864086151,-0.027458980679512024,0.041996974498033524,0.14614684581756593,0.26168400645256035,0.7148865604400649,10865
1,-20..-10%,251,179472,2027,-0.011085846756470327,-0.024990868964508157,9718.917904705007,-11708.516993782225,69907,108858,-0.8809302325581395,5.980454726765059,-0.38549187809228896,-0.2469179518520832,-0.18383333534002305,-0.1027385201305151,-0.02670453116297722,0.044101607985794544,0.1480563193559649,0.2634623125195503,0.7222523242235193,10874
1,-20..-10%,252,178001,2024,-0.011170592916022678,-0.02484267741768752,9661.778268093243,-11650.154977738153,69276,108023,-0.8811162790697674,6.017543859649122,-0.38808978348970413,-0.24732133001089096,-0.18353943526744843,-0.10273544676601887,-0.026827272959053516,0.04373633395880461,0.14981184154748917,0.26118314266204834,0.7051481306552887,10876
1,-20..-10%,253,176608,2022,-0.011199642174910327,-0.02458672574771387,9622.447418835829,-11600.39382406237,68651,107255,-0.8809637177411676,5.930693069306931,-0.3865925365686417,-0.2476476281881332,-0.18459105193614958,-0.10288180410861969,-0.02685338258743286,0.04405595920979977,0.1497149020433427,0.2659144073724746,0.710078284740448,10835
1,-20..-10%,254,175114,2022,-0.011245254922928084,-0.0244362530952138,9576.8381176051,-11546.03968817867,68026,106446,-0.8821199547340626,5.954448363220902,-0.38780745804309846,-0.24904855638742446,-0.18673343062400818,-0.10345765575766563,-0.027513228356838226,0.04278905875980854,0.14865934550762183,0.26465610563755015,0.7161357903480534,10815
1,-20..-10%,255,173733,2024,-0.011263441099353571,-0.024690927535471252,9535.560579248919,-11492.391991762926,67425,105661,-0.8801395699735949,5.879606879606879,-0.3875346705317497,-0.2495567426085472,-0.18547651171684265,-0.10301155596971512,-0.02774081751704216,0.04320301488041878,0.14906959235668182,0.26656192541122437,0.7200322210788724,10836
1,-20..-10%,256,172184,2024,-0.011233717220827135,-0.024134647020792856,9491.02906310692,-11425.295429057807,66695,104785,-0.8813953488372093,5.970722963553078,-0.38531489968299865,-0.24925535917282104,-0.18509714305400848,-0.10282953828573227,-0.027771346271038055,0.043706294149160385,0.14676794409751892,0.26265692710876465,0.7140616416931141,10821
1,-20..-10%,257,170777,2021,-0.011339509824601999,-0.024533024629628312,9436.934347506101,-11373.461816822144,66041,104091,-0.8837209302325582,6.032348804500703,-0.3877579206228256,-0.25032241493463514,-0.18597071170806884,-0.10326700657606125,-0.02826531231403351,0.043355586007237434,0.147155544161797,0.26262363940477373,0.7214103281497952,10744
1,-20..-10%,258,169295,2017,-0.011525904975788981,-0.02374641635676294,9364.623152704198,-11315.901235580415,65303,103360,-0.8820754716981132,5.8790998206520415,-0.3899040678143501,-0.24834393858909606,-0.18684453517198563,-0.10315394587814808,-0.027783816680312157,0.043252705596387386,0.14813575148582483,0.26530441492795936,0.7037244272232058,10708
1,-20..-10%,259,167813,2020,-0.011699607328033044,-0.024287651848423852,9304.03072410797,-11267.376928647176,64676,102512,-0.8816484345529989,5.81265206812652,-0.39231516867876054,-0.25097759515047074,-0.18756826221942902,-0.10485103167593479,-0.02811321895569563,0.04311010800302029,0.15125106722116471,0.26748249381780614,0.7081064563989671,10640
1,-20..-10%,260,166351,2022,-0.011810631330114152,-0.02348736280143812,9240.517942094411,-11205.228274490217,64049,101681,-0.881860465116279,5.731740154830024,-0.3910512053966522,-0.2512310266494751,-0.18775932192802428,-0.1056387647986412,-0.028765084221959114,0.043478261679410934,0.14819964468479155,0.26941062808036803,0.700066366195678,10577
1,-20..-10%,261,164878,2019,-0.012049465810195064,-0.024565706423748446,9159.021055630883,-11145.712879484196,63456,100849,-0.8836279069767442,5.837606837606838,-0.390030722618103,-0.25419535040855407,-0.19150595366954803,-0.10635555535554886,-0.030612245202064514,0.04162650555372238,0.14940879344940178,0.2683823645114898,0.7054621124267592,10017
1,-20..-10%,262,163422,2020,-0.012231152122013927,-0.02416664708306641,9091.47783873153,-11090.317180815295,62872,100004,-0.8832558139534884,5.9473736446418375,-0.3956908082962036,-0.25507977455854414,-0.19154081791639327,-0.10679281689226627,-0.029619643464684486,0.04299251735210419,0.1521037504076959,0.27432591468095774,0.7119012212753307,9908
1,-20..-10%,263,161941,2019,-0.012441452696661618,-0.02425327377744665,9014.291445171197,-11029.072736321285,62182,99197,-0.8829767441860465,5.75317157879504,-0.40119276106357576,-0.2577198505401611,-0.19346488565206527,-0.10789418406784534,-0.03050328977406025,0.042881328612565994,0.14993825256824506,0.2753688946366311,0.7145921236276629,9434
1,-20..-10%,264,160427,2018,-0.012598061466569152,-0.024608457213695867,8946.572312937995,-10967.641519835266,61562,98307,-0.8830697674418605,5.690561529271207,-0.39929832220077516,-0.26023939847946165,-0.19377750158309937,-0.10798121988773346,-0.0313105434179306,0.04300384968519211,0.14925301671028143,0.27347548007965083,0.7274110102653499,9493
1,-20..-10%,265,158944,2016,-0.012569803388554578,-0.0247728260247667,8896.924102547264,-10894.818932337648,61014,97402,-0.8826976744186047,5.658739595719382,-0.40296955704689025,-0.2586360931396484,-0.19398882687091826,-0.10768678784370422,-0.030621618032455444,0.043437499552965164,0.1541011303663255,0.2752770483493803,0.7323357820510854,9485
1,-20..-10%,266,157457,2016,-0.012677285187163899,-0.02411371797918662,8833.947152735625,-10830.074446450864,60271,96607,-0.881860465116279,5.698564593301436,-0.3977325069904327,-0.2606772780418396,-0.19289916455745698,-0.10812083631753922,-0.030909091234207153,0.043602705001831055,0.15509025752544395,0.2799295127391815,0.7388538527488687,9437
1,-20..-10%,267,155910,2011,-0.01289187776142397,-0.023531144999317792,8758.957619053044,-10768.930280836625,59506,95831,-0.8804651162790698,5.619541833140263,-0.4018209457397461,-0.2611394673585892,-0.19290822744369507,-0.10790544003248215,-0.03017238061875105,0.04368286207318306,0.15773791819810867,0.28218307346105576,0.7343066453933778,9406
1,-20..-10%,268,154389,2013,-0.013043511890195633,-0.023940599452963684,8687.120397583629,-10700.89515479904,58840,94974,-0.8809302325581395,5.466183574879228,-0.4027273678779602,-0.2600074291229248,-0.19310701489448548,-0.1084090918302536,-0.03064066916704178,0.04347455874085426,0.15527580380439773,0.2778842747211457,0.735071995258331,9429
1,-20..-10%,269,152982,2015,-0.013141671728182829,-0.02408072224556621,8626.670067343955,-10637.109291664807,58253,94206,-0.880093023255814,5.76328502415459,-0.4024377417564392,-0.2606298878788948,-0.19290010035037994,-0.10657930746674538,-0.03035000991076231,0.04462074488401413,0.15482911318540615,0.2789134070277214,0.7352376097440703,9394
1,-20..-10%,270,151498,2015,-0.013388155271967541,-0.023765543911585352,8550.849187434684,-10579.127934827222,57523,93436,-0.8796279069767442,5.730769230769231,-0.40719383507966994,-0.2624125614762306,-0.19513099640607834,-0.10773852095007896,-0.0307188518345356,0.04465038888156414,0.1569153741002082,0.27708607167005483,0.7426151752471932,9332
1,-20..-10%,271,149995,2011,-0.013553764160908942,-0.024015507248075642,8478.877570234696,-10511.874425550264,56818,92622,-0.8802790697674419,5.8711656441717786,-0.40508883237838744,-0.2620594024658203,-0.19401183426380156,-0.10811245441436768,-0.030252588912844658,0.04417670518159866,0.1538732349872589,0.2753380179405212,0.7233379745483403,9317
1,-20..-10%,272,148351,2011,-0.013748302129510486,-0.023721063437444036,8397.728039765585,-10437.302408980579,56104,91685,-0.8799509619011694,5.884512306065747,-0.40546595692634585,-0.26325801461935044,-0.1951221704483032,-0.10763566941022873,-0.03029032237827778,0.04460300225764513,0.15384365916252135,0.27716595083475043,0.7276604580879203,9322
1,-20..-10%,273,146893,2008,-0.01405161750658394,-0.024353633499340367,8309.55118928499,-10373.63543967959,55544,90814,-0.8803281780460204,5.892986386351887,-0.4083591675758362,-0.26268242597579955,-0.19374418258666992,-0.10842626914381981,-0.030054645612835884,0.04380619153380394,0.15662704706192068,0.28058759272098516,0.7420500147342619,9203
1,-20..-10%,274,145313,2011,-0.01419571160788798,-0.02282570483755889,8237.934754092566,-10300.75619496961,54855,89942,-0.8811162790697674,5.76328502415459,-0.4068659573793411,-0.2614763006567955,-0.19513342678546905,-0.10993341729044914,-0.031141867861151695,0.04325228929519653,0.1542971447110176,0.2787018358707425,0.7291983598470698,9232
1,-20..-10%,275,143780,2007,-0.014410393385974529,-0.02359466797977935,8159.680574092355,-10231.606935127786,54234,89036,-0.8815813953488372,5.730769230769231,-0.4075467985868454,-0.26165757328271866,-0.1943188026547432,-0.10953467339277267,-0.030590908601880074,0.04254985135048628,0.15497919023036966,0.2807146444916723,0.7386646348238027,9190
1,-20..-10%,276,142343,2014,-0.014438061919170358,-0.02427602189856956,8110.707627387989,-10165.864675148474,53554,88247,-0.881953488372093,5.829268292682928,-0.4088214230537415,-0.2616723120212555,-0.19623656570911407,-0.1106138601899147,-0.03054448962211609,0.042774565517902374,0.15867014527320866,0.2796208322048187,0.7474474716186497,9129
1,-20..-10%,277,140782,2009,-0.014591301396277059,-0.023297507408210405,8040.950703391502,-10095.143296562208,52994,87334,-0.8802830188679245,6.021943573667712,-0.41396401822566986,-0.26776865124702454,-0.2018355131149292,-0.11242058873176575,-0.033583737909793854,0.042338280007243156,0.15688775479793549,0.2769380956888199,0.7465498685836793,8491
1,-20..-10%,278,139380,2004,-0.01477174753303913,-0.024159589297106678,7976.810505087435,-10035.69667624243,52313,86588,-0.8798139534883721,6.09993153637447,-0.4143858826160431,-0.27071356475353237,-0.20211891382932662,-0.11338670738041401,-0.03390757739543915,0.04253953881561756,0.15712607949972157,0.27840703725814814,0.7384078228473717,8398
1,-20..-10%,279,137758,2002,-0.014909855834518594,-0.024406809062930884,7902.866418470453,-9956.818338522044,51623,85633,-0.88,6.216680842289749,-0.41457223892211914,-0.26754310727119446,-0.2016775906085968,-0.1142224445939064,-0.034322820603847504,0.0442708320915699,0.16018936038017273,0.28381025791168213,0.7334673881530753,7961
1,-20..-10%,280,136244,2001,-0.014934178675425042,-0.024259905325242654,7838.599240823065,-9873.291480277689,51090,84688,-0.8802790697674419,6.0,-0.41516068696975705,-0.2703310906887054,-0.20357075929641724,-0.11432468518614769,-0.03433476388454437,0.0419433806091547,0.15994341075420396,0.2842989563941945,0.7406363654136665,7955
1,-20..-10%,281,134731,2002,-0.015110094275032987,-0.023365908093636055,7764.653299121282,-9800.451410890746,50515,83756,-0.8792558139534884,6.052896725440806,-0.415200525522232,-0.2703999876976013,-0.20175720751285553,-0.11369223147630692,-0.03434066101908684,0.04327365756034851,0.1592920422554016,0.2809284031391144,0.7506051301956171,7961
1,-20..-10%,282,133204,2000,-0.015195582947624907,-0.024403550965034226,7699.216399445922,-9723.328830401371,49907,82839,-0.8805828016379392,5.6350710900473935,-0.4135818344354629,-0.2724506944417953,-0.20222000777721405,-0.11449059098958969,-0.03439721092581749,0.04374641180038452,0.15835160315036792,0.2818295150995253,0.7425154876708964,7927
1,-20..-10%,283,131640,2004,-0.015480776705025996,-0.023830703467558046,7610.947305505861,-9648.836750955505,49239,81950,-0.8817427385892116,5.236750629722922,-0.4150515967607498,-0.2711941748857498,-0.20095796436071395,-0.11501597613096237,-0.03432552143931389,0.04302691575139761,0.1630191370844843,0.28492667824029905,0.7458182358741767,7908
1,-20..-10%,284,130230,1999,-0.015590625684115393,-0.02453045503363019,7544.660305434163,-9575.027488276499,48619,81172,-0.8807441860465116,5.160095579450419,-0.4191541078686714,-0.27486630231142045,-0.20398605316877363,-0.11591165512800217,-0.03419521823525429,0.04375328030437231,0.16088792681694028,0.28219672590494066,0.7866286313533764,7874
1,-20..-10%,285,128631,1992,-0.015777314974824864,-0.023576309724646163,7466.973085049346,-9496.424887576026,47823,80365,-0.8815813953488372,5.130796670630202,-0.4191023725271225,-0.27552075535058973,-0.2019899621605873,-0.11437562853097916,-0.033961422741413116,0.04409205820411444,0.16078220158815376,0.2852908000349994,0.7791954487562169,7864
1,-20..-10%,286,126991,1995,-0.015923502074385615,-0.023541935356882024,7379.722437358902,-9401.86388928719,47227,79327,-0.8833488372093024,5.167464114832536,-0.41862903237342836,-0.27907562255859375,-0.20437955856323242,-0.1148364469408989,-0.03412054479122162,0.04403555765748024,0.1595744639635086,0.2806122303009033,0.8026783108711258,7821
1,-20..-10%,287,125516,1994,-0.016135531722447503,-0.023942021216939856,7309.011948525997,-9334.27934820073,46540,78531,-0.881860465116279,5.094706730655572,-0.4186155918240547,-0.27697301656007767,-0.20387978702783585,-0.11436298675835133,-0.033781152218580246,0.04366568848490715,0.16021567136049272,0.28259577155113164,0.7818313717842091,7818
1,-20..-10%,288,123910,1993,-0.016156265592273806,-0.0250354080790566,7243.3403643711845,-9245.26323390984,45996,77499,-0.8811162790697674,5.062801932367151,-0.42575029879808424,-0.27624334394931793,-0.20553236454725266,-0.11567387916147709,-0.034620365127921104,0.04401118587702513,0.1605672791600229,0.2810549050569533,0.7848381376266477,7770
1,-20..-10%,289,122308,1989,-0.01630763002498084,-0.024650303895909373,7166.219619832226,-9160.773232927573,45284,76622,-0.8804651162790698,5.227053140096619,-0.42364697217941283,-0.275493860244751,-0.2045421540737152,-0.11610487103462219,-0.034681156277656555,0.04344085976481438,0.15988824367523194,0.28762845993041974,0.8000958871841423,7693
1,-20..-10%,290,120760,1986,-0.016396919522501816,-0.023298355558613287,7088.618266684928,-9068.710268222254,44810,75521,-0.8804651162790698,5.197115384615385,-0.4211960509419441,-0.2764374762773514,-0.2054886370897293,-0.11549140140414238,-0.034391630440950394,0.042474329471588135,0.16150134056806564,0.2924816682934761,0.8150435298681251,7706
1,-20..-10%,291,119200,1991,-0.016531108132664455,-0.022983523365276735,7017.652216930612,-8988.160306344225,44156,74630,-0.88,5.326380368098159,-0.42539834141731264,-0.2754454791545868,-0.20674071311950684,-0.11553030461072922,-0.03558504208922386,0.0419580414891243,0.16164569854736335,0.2874015271663664,0.8035050630569375,7657
1,-20..-10%,292,117627,1986,-0.016429457523714892,-0.022657742514308136,6960.131684036671,-8892.679484178683,43527,73681,-0.8807053941908713,5.338668830370534,-0.42278057873249053,-0.2763578549027443,-0.20497916340827943,-0.1154668889939785,-0.034658653661608696,0.04186252597719431,0.1629080832004547,0.28822002112865364,0.8425632256269457,7604
1,-20..-10%,293,116081,1989,-0.016598440171319784,-0.023139407247237537,6878.510518978545,-8805.27405250549,42949,72766,-0.8811162790697674,5.346471037148273,-0.4321104824542999,-0.28160521388053894,-0.21330629885196686,-0.11848665773868561,-0.03658783808350563,0.04185334034264088,0.1632089227437973,0.2957959771156308,0.8727146208286285,6947
1,-20..-10%,294,114512,1984,-0.016723808982318653,-0.0234929302222999,6802.608668092871,-8717.68548227612,42316,71806,-0.8814883720930232,5.227053140096619,-0.4331856119632721,-0.2820955395698547,-0.21372066736221312,-0.11867322027683258,-0.03738526999950409,0.04306818172335625,0.16573260724544503,0.29665547013282767,0.8113291430473332,6929
1,-20..-10%,295,112964,1987,-0.01691802918997031,-0.022546179783606183,6717.5407143731445,-8628.66896378894,41649,70900,-0.8823255813953488,5.197115384615385,-0.4317929846048355,-0.283577524125576,-0.21236750334501267,-0.12062177434563637,-0.037473710253834724,0.04365290701389313,0.16555604487657555,0.3073778301477427,0.8574175018072103,6390
1,-20..-10%,296,111337,1981,-0.01722801316124841,-0.023027823339420904,6618.935881869259,-8537.051183203195,41036,69918,-0.8814883720930232,5.294670846394985,-0.43249734401702883,-0.2824096977710724,-0.21030066311359405,-0.11917098611593246,-0.037578288465738297,0.044692736119031906,0.16484698355197908,0.3023314356803893,0.8751047134399413,6393
1,-20..-10%,297,109738,1983,-0.01744225168692636,-0.022553549208982816,6528.245746080115,-8442.323561700028,40367,68991,-0.882046511627907,5.465203761755486,-0.426463543176651,-0.28358601182699206,-0.21270373314619065,-0.11869688332080841,-0.0378083735704422,0.04427070915699005,0.16919022500514985,0.3060289770364758,0.860076781511304,6414
1,-20..-10%,298,108188,1979,-0.01769777548751682,-0.022418860070858592,6439.8294155112135,-8354.516349954702,39732,68093,-0.881860465116279,5.537008393133352,-0.428607796728611,-0.28318770974874496,-0.21347350031137466,-0.11954750306904316,-0.03712408058345318,0.04372324142605066,0.16615107506513596,0.3016091465949999,0.8358767580985993,6394
1,-20..-10%,299,106568,1981,-0.01783276324191426,-0.021732591514717854,6363.739501314234,-8264.14141447855,39081,67123,-0.881953488372093,6.349884393063584,-0.4280279207229614,-0.2830248773097992,-0.2135743796825409,-0.1202319860458374,-0.03805774450302124,0.04406779631972313,0.16773667335510248,0.30235596299171436,0.8342785263061514,6389
1,-20..-10%,300,105040,1972,-0.018003990637078703,-0.022057817094855832,6284.884305030459,-8176.023481549181,38464,66228,-0.8817674418604651,6.414385259045453,-0.42681962937116624,-0.2859370395541191,-0.2146129161119461,-0.12090300023555756,-0.03624577634036541,0.04590824153274298,0.1694603621959689,0.30530190765857645,0.836500962376595,6330
1,-20..-10%,301,103432,1979,-0.01800317589508064,-0.022010986729873325,6215.601547519941,-8077.706036699914,37799,65286,-0.8827906976744186,6.446734992679355,-0.42459419906139373,-0.28653441220521925,-0.2125246912240982,-0.11979851126670837,-0.03704209253191948,0.04454359412193298,0.16667500436306001,0.30007098615169514,0.8514084327220915,6310
1,-20..-10%,302,101810,1971,-0.01793062774407978,-0.02216833709006235,6150.274571827371,-7975.791782452115,37115,64342,-0.8821395348837209,6.736994219653179,-0.424534775018692,-0.2860068142414093,-0.2149738013744354,-0.11966090649366379,-0.03739355877041817,0.04285714402794838,0.16751864552497872,0.30356404781341545,0.8373674011230463,6293
1,-20..-10%,303,100251,1970,-0.01811319992045702,-0.02152360013945195,6065.444675915586,-7881.311081141336,36545,63374,-0.8828837209302325,7.092485549132949,-0.4218048846721649,-0.2870335102081299,-0.21612815260887144,-0.12018324434757233,-0.03647840395569801,0.0445127934217453,0.1670864135026933,0.3028074026107788,0.8418468844890595,6267
1,-20..-10%,304,98720,1970,-0.01830849711518387,-0.02242862324765109,5976.4224847740825,-7783.837319985028,35952,62450,-0.8827906976744186,7.163503309134377,-0.4297709295153618,-0.2872512280941009,-0.21534592509269712,-0.12074694409966469,-0.03721999004483223,0.04438258707523346,0.1667872607707978,0.3026408702135069,0.8397529083490374,6280
1,-20..-10%,305,97086,1971,-0.01856763250788412,-0.02174727769942371,5875.456476239239,-7678.113645899665,35249,61476,-0.8826046511627907,7.199121522693996,-0.4249428844451904,-0.28707294464111327,-0.21470867991447448,-0.1203625500202179,-0.03783019259572029,0.04448688589036465,0.16596566736698162,0.30162530839443163,0.860394026041031,6167
1,-20..-10%,306,95493,1964,-0.018851718026537442,-0.021607697517135836,5780.057695194068,-7580.264804702189,34645,60545,-0.8823255813953488,7.35820895522388,-0.42497801780700684,-0.28662145137786865,-0.21662591397762299,-0.12054794281721115,-0.03793209791183472,0.04269911348819733,0.16992835700511932,0.2978723347187042,0.8650507330894469,6181
1,-20..-10%,307,93994,1963,-0.01909218767981009,-0.021985969501895516,5701.40780986951,-7495.958898645574,34104,59588,-0.8834418604651163,7.2113844980791235,-0.4214650726318359,-0.2873571038246155,-0.21537911295890808,-0.1212281659245491,-0.037809647619724274,0.04210119694471359,0.16916845738887817,0.29775015711784353,0.8789754748344418,6097
1,-20..-10%,308,92406,1962,-0.019106554528071994,-0.02159913652698553,5623.6279682007835,-7389.188245921815,33472,58602,-0.8817924528301887,7.1395348837209305,-0.42555088758468623,-0.29031917452812195,-0.21659764647483826,-0.12112264707684517,-0.03765299543738365,0.04270138405263424,0.16867611110210418,0.30327389836311264,0.8803252482414247,6063
1,-20..-10%,309,90879,1959,-0.019386528790590354,-0.02205157910136046,5529.0919686753505,-7290.9203186354025,32827,57762,-0.8813953488372093,7.163265306122449,-0.42812001675367356,-0.29505600184202196,-0.2241240918636322,-0.12525580823421478,-0.04173056036233902,0.04184079077094793,0.17743060737848285,0.31178095340728756,0.9206338810920717,5392
1,-20..-10%,310,89278,1961,-0.019457739300282287,-0.021643647908499403,5451.402811716027,-7188.550860966623,32164,56815,-0.8813953488372093,7.115706791107504,-0.4295079904794693,-0.29723638147115705,-0.22328880280256272,-0.12493474595248699,-0.04058254137635231,0.04216716159135103,0.17515221089124702,0.3171794116497041,0.8971711808443086,5350
1,-20..-10%,311,87719,1959,-0.01946968366211893,-0.021852268671105887,5374.008521034637,-7081.869702192047,31500,55931,-0.8808372093023256,7.164693532396338,-0.43123743116855623,-0.29312254041433333,-0.2240062400698662,-0.12682848423719406,-0.04234592989087105,0.04042521305382252,0.17696163654327393,0.3202964246273041,0.9097861969470982,4830
1,-20..-10%,312,86194,1953,-0.01966571359396578,-0.022479033982906536,5294.902101471769,-6989.9686189900685,30904,54997,-0.888867726883154,7.213070515076851,-0.4316177532076836,-0.2981187552213669,-0.22485532015562057,-0.1260954588651657,-0.041648779064416885,0.04033656883984804,0.1753014653921128,0.3245579540729522,0.9242226850986474,4818
1,-20..-10%,313,84640,1943,-0.019766795904547017,-0.023273629439066832,5212.556994546938,-6885.6185999077925,30354,54011,-0.8899471897397209,7.0501408774653544,-0.4308967524766922,-0.29373975992202755,-0.22355175912380218,-0.1261409893631935,-0.04207920655608177,0.04087177291512489,0.174774754047394,0.325115346908569,0.9034265911579131,4823
1,-20..-10%,314,83050,1940,-0.019963907636166577,-0.02229918749960595,5125.586697931373,-6783.589227115022,29684,53089,-0.8865522444360618,7.0,-0.4302688640356064,-0.29446152746677395,-0.22490670979022978,-0.12818271666765213,-0.041800759732723236,0.04127645120024681,0.17635151445865635,0.3261999100446697,0.9138193237781526,4767
1,-20..-10%,315,81462,1940,-0.020036436007992896,-0.02198695571696984,5040.420738689417,-6672.628888772543,29149,52039,-0.8877236867423514,7.187134502923977,-0.4265310764312744,-0.2934129685163498,-0.22508928179740906,-0.12872515618801117,-0.041436463594436646,0.04131188802421093,0.17593848705291748,0.3238590806722641,0.8942963480949422,4771
1,-20..-10%,316,79892,1935,-0.019993696375921733,-0.021749541575702278,4959.142677240882,-6556.479068106036,28584,51046,-0.8914418604651163,7.127721335268506,-0.4265265280008316,-0.29556157290935514,-0.22573657035827635,-0.1284828931093216,-0.04131213203072548,0.04110684432089329,0.17690416276454932,0.32100741863250715,0.902697161436083,4767
1,-20..-10%,317,78401,1926,-0.02017960071675645,-0.02194689952996797,4871.284027210848,-6453.384903005263,27971,50165,-0.8899056603773585,7.045977011494253,-0.42557151436805724,-0.2941954970359802,-0.22561241686344147,-0.12862302362918854,-0.041216880083084106,0.041999999433755875,0.17771688401699084,0.32793121337890613,0.9254819679260273,4737
1,-20..-10%,318,76946,1929,-0.0204332324345611,-0.02163614867944415,4776.981772225197,-6349.237275134951,27426,49258,-0.8891927574500189,7.211143695014663,-0.4261592292785645,-0.2949278444051742,-0.22460310757160187,-0.12782201915979385,-0.04141388088464737,0.04239179752767086,0.178881135582924,0.33144481182098356,0.9145450782775868,4727
1,-20..-10%,319,75293,1924,-0.020554959615394344,-0.020917891907433067,4686.304353635391,-6233.948927957289,26795,48250,-0.8901395348837209,6.6920821114369495,-0.429704537987709,-0.29715636372566223,-0.2267117440700531,-0.1271294355392456,-0.042332813143730164,0.04418368451297283,0.17934838831424732,0.3287715524435042,0.9486800020933164,4692
1,-20..-10%,320,73800,1920,-0.02054332673546069,-0.020852570212127775,4614.754216938334,-6130.851730015344,26315,47248,-0.8913488372093024,6.260967741935483,-0.4308058476448059,-0.2955407589673996,-0.22553929686546326,-0.12708385288715363,-0.04193548485636711,0.0436542984098196,0.1763050824403762,0.3262333214282984,0.9143757331371195,4699
1,-20..-10%,321,72318,1917,-0.02082956526877391,-0.021323353593579578,4520.36292558367,-6026.715426690858,25741,46360,-0.8906976744186047,6.022961876832844,-0.4352624237537384,-0.29672130942344666,-0.22677437961101532,-0.12727272510528564,-0.042746782302856445,0.043071161955595016,0.17743803560733795,0.328125,0.8844548463821412,4621
1,-20..-10%,322,70776,1914,-0.020749207084876948,-0.02161415079205042,4447.460750176366,-5916.00663081561,25150,45383,-0.889860465116279,6.2543352601156075,-0.43477822542190553,-0.2943803742527962,-0.22484185546636581,-0.1279047727584839,-0.04366112872958183,0.04099969193339348,0.17552894353866577,0.3273579627275467,0.9036167263984691,4596
1,-20..-10%,323,69277,1913,-0.02053749335944324,-0.021322329164993725,4380.58511829679,-5803.361045758952,24632,44418,-0.8883720930232558,6.4508670520231215,-0.43006601989269255,-0.29571841061115267,-0.22696993350982667,-0.1275068148970604,-0.04220980778336525,0.04090718552470207,0.17927343547344218,0.32459859251976003,0.9445330834388723,4503
1,-20..-10%,324,67773,1910,-0.02057719173760236,-0.021009174225188134,4297.588684813205,-5692.16670044573,24082,43482,-0.8867924528301887,6.516254118195866,-0.43178425133228304,-0.2925342470407486,-0.2267267256975174,-0.1285969689488411,-0.04423380643129349,0.039834341034293175,0.17699114978313446,0.3227147310972214,0.9351126194000186,4511
1,-20..-10%,325,66221,1900,-0.02069128022416336,-0.020327353620690245,4204.309313269896,-5574.50658099421,23535,42475,-0.8851162790697674,6.54904831625183,-0.4409595796465874,-0.3032685056328773,-0.23475902825593947,-0.13394306972622871,-0.04484635405242443,0.04060946311801672,0.17870722711086276,0.3428100928664205,0.9816217219829562,3792
1,-20..-10%,326,64723,1893,-0.02099678935681814,-0.020907588423773223,4109.8764368329,-5468.851634374252,22973,41538,-0.8852093023255814,6.695522388059701,-0.4411525020003319,-0.30589325875043866,-0.23357577323913573,-0.13466618582606316,-0.04476467706263065,0.040904329158365726,0.1798999175429344,0.33911824077367775,0.9488512170314792,3780
1,-20..-10%,327,63132,1882,-0.02121567365481221,-0.021050351819396844,4016.767785845849,-5356.155695021448,22410,40538,-0.884093023255814,6.5603390128742785,-0.44794450044631956,-0.3081013157963753,-0.23575031012296677,-0.13711509481072426,-0.04472198337316513,0.03966817259788513,0.18347464799880986,0.33532314002513847,0.9588103711605086,3294
1,-20..-10%,328,61604,1878,-0.021519457367824634,-0.02230372194457099,3928.471375323714,-5254.156027011184,21795,39586,-0.8838139534883721,6.494186046511628,-0.44191691279411316,-0.30902713537216187,-0.23654282093048096,-0.13731218874454498,-0.04411764815449715,0.038724374026060104,0.18061673641204834,0.34181034564971924,0.9467757821083052,3281
1,-20..-10%,329,60093,1873,-0.021563906134889413,-0.021602911275647882,3842.0426616369587,-5137.882473000871,21271,38627,-0.8821698113207548,6.51603498542274,-0.4483642625808716,-0.3072919726371765,-0.2350846379995346,-0.1355043351650238,-0.04412616789340973,0.03806557506322861,0.17909829318523413,0.3395181715488433,0.9699655866622925,3297
1,-20..-10%,330,58678,1863,-0.021768195726025893,-0.021381445836281283,3762.319862591956,-5039.634051403698,20757,37759,-0.8797169811320755,6.472247181241124,-0.44967569708824157,-0.3074442148208618,-0.23779910206794738,-0.13713708519935608,-0.04394904524087906,0.03872152045369148,0.179262831807137,0.3373639076948161,0.9477903997898122,3259
1,-20..-10%,331,57114,1858,-0.022136096728047193,-0.021268316469376134,3667.8975824430004,-4932.178610968692,20079,36843,-0.8790079215390418,6.517349973756343,-0.44801811277866366,-0.3061799556016922,-0.23655913770198822,-0.1376958265900612,-0.042958129197359085,0.038845526054501534,0.17704525589942932,0.3420598804950714,0.9619812905788437,3271
1,-20..-10%,332,55590,1846,-0.02275515988776805,-0.021978897835434025,3562.603538754816,-4827.562876915852,19483,35917,-0.879906976744186,6.561891352810044,-0.4473251748085022,-0.30627566277980806,-0.23863103836774824,-0.13810314610600471,-0.044366298243403435,0.03934231027960777,0.18196586966514597,0.34791036695241917,0.9631258058547952,3248
1,-20..-10%,333,54043,1828,-0.023124986780483373,-0.022075784265857774,3468.098978214069,-4717.842638791726,18962,34927,-0.8803720930232558,6.411879707894888,-0.44750726282596587,-0.30688884258270266,-0.23585768640041352,-0.13651451468467712,-0.043478261679410934,0.04025531932711601,0.1800561517477036,0.34120791554450963,0.961024756431579,3239
1,-20..-10%,334,52614,1821,-0.023289007546253595,-0.02183184092048799,3384.0461025343243,-4609.373945572896,18391,34040,-0.8806780306637463,6.365714285714286,-0.4413911059498787,-0.3067660480737686,-0.2370951920747757,-0.13711601123213768,-0.043478261679410934,0.04248467739671469,0.1844346597790718,0.3408193737268448,0.9957902997732159,3216
1,-20..-10%,335,51108,1806,-0.023628352193403115,-0.021572409631924954,3289.4764575294585,-4497.07428142991,17801,33138,-0.8818370426254244,6.538011695906433,-0.4432528704404831,-0.30670852959156036,-0.23636363446712494,-0.1373928189277649,-0.04458598792552948,0.04283064976334572,0.18449102342128754,0.3449549823999405,0.999095231294635,3171
1,-20..-10%,336,49588,1792,-0.023756987319950056,-0.021845908929749466,3198.1110803247634,-4376.17256754643,17286,32138,-0.8824971708789137,6.483309143686503,-0.4367274898290634,-0.3017249569296837,-0.2351529613137245,-0.13456737250089645,-0.04403712972998619,0.04432174004614353,0.18272734880447403,0.3410106450319287,0.9665648180246365,3184
1,-20..-10%,337,48086,1776,-0.024338850257774713,-0.02151291246423588,3096.333472696474,-4266.69142619182,16705,31226,-0.8794794417201056,6.408045977011494,-0.4310146331787109,-0.30201342701911926,-0.23572605848312378,-0.13505154848098755,-0.044822465628385544,0.0450819656252861,0.18355263769626617,0.339958518743515,1.010257411003114,3061
1,-20..-10%,338,46672,1767,-0.02453474420878877,-0.02099795528235335,3012.1508675103514,-4157.236449222936,16182,30355,-0.8834418604651163,6.560117302052786,-0.4401727044582367,-0.29986572265625,-0.2357420802116394,-0.1365627646446228,-0.044483985751867294,0.04350051283836365,0.18264467418193814,0.33511059880256644,1.0092796802520765,3065
1,-20..-10%,339,45239,1750,-0.024828881873016025,-0.02115678432579193,2923.640881774442,-4046.874668827815,15635,29482,-0.884093023255814,6.225806451612903,-0.4451654553413391,-0.29916441440582275,-0.23529411852359772,-0.13513512909412384,-0.04673333466053009,0.04234527796506882,0.18228718638420105,0.3294682204723358,0.9907523989677429,3001
1,-20..-10%,340,43856,1734,-0.02527138138915409,-0.023055737583022453,2836.5234548379435,-3944.8251570406946,15148,28585,-0.8824528301886793,6.02932551319648,-0.4369387149810791,-0.30183446407318115,-0.2360806167125702,-0.13634774088859558,-0.04726726561784744,0.04178272932767868,0.18334028124809265,0.34078213572502136,1.0143729925155638,2981
1,-20..-10%,341,42450,1719,-0.02560980901020741,-0.02251890968129159,2752.8408657572145,-3839.9772582405103,14599,27733,-0.8814883720930232,5.847507331378299,-0.4501565247774124,-0.31112160086631774,-0.2475886583328247,-0.145646832883358,-0.052714766934514046,0.03987127263098955,0.18604622185230277,0.3652817904949182,1.0242881703376772,2282
1,-20..-10%,342,41048,1706,-0.026001440051240728,-0.022192045838711476,2664.801667061373,-3732.108778284709,14022,26916,-0.8811769143719351,5.5119795221843,-0.45148872017860414,-0.31300737112760546,-0.2471062257885933,-0.14772476255893707,-0.05345604941248894,0.03872119262814522,0.18431427627801894,0.3597212851047518,1.0073853695392598,2268
1,-20..-10%,343,39650,1697,-0.02621389161431752,-0.023252919012867367,2587.4574735996066,-3626.8382761072967,13532,25999,-0.8815813953488372,5.478811544991512,-0.443118816614151,-0.3126257061958313,-0.2508075892925262,-0.1485714316368103,-0.05335157364606857,0.04028556868433952,0.1835413753986359,0.359329760074615,1.046159892082212,1897
1,-20..-10%,344,38247,1674,-0.026627814604771923,-0.023759673350385955,2501.5282399927523,-3519.9622651814625,12943,25186,-0.8821199547340626,5.689419795221843,-0.4441486793756485,-0.31636257767677306,-0.24824019372463227,-0.1455521285533905,-0.051983583718538284,0.041760776191949844,0.18745406568050385,0.36366751194000213,1.0540885639190636,1863
1,-20..-10%,345,36853,1647,-0.027384306218742178,-0.02504981717537514,2404.685944493261,-3413.879781572566,12413,24330,-0.8827906976744186,5.689419795221843,-0.44320278614759445,-0.3137206956744194,-0.251166433095932,-0.14593274518847466,-0.05059884302318096,0.03823043964803219,0.18627893179655075,0.3551451042294502,1.0463065207004547,1876
1,-20..-10%,346,35543,1627,-0.027431613262667087,-0.026306692482241954,2331.8305290122958,-3306.8323592072775,11946,23483,-0.8828682982573088,5.655348047538201,-0.43385720402002337,-0.31845295429229736,-0.25378761291503904,-0.14786375686526299,-0.05358329229056835,0.036098748445510864,0.18413658589124698,0.3582501724362369,1.0726254463195795,1850
1,-20..-10%,347,34209,1598,-0.02807589297789669,-0.022870326297737307,2234.1039247411854,-3194.5521476220474,11510,22598,-0.8840060354583176,5.6447435332406695,-0.4424189627170563,-0.31646403968334197,-0.25459428131580353,-0.1472685970366001,-0.05147568695247173,0.03630835376679897,0.18537893295288102,0.35332183241844173,1.0709276604652407,1880
1,-20..-10%,348,32931,1571,-0.02863696321569423,-0.024603922955235644,2139.2345419418575,-3082.2783775978924,11088,21742,-0.8843832516031687,5.621397925745752,-0.44972920179367065,-0.3169756472110748,-0.2558370292186737,-0.14848314970731735,-0.051841747015714645,0.03997286409139633,0.186463975906372,0.365223506093025,1.0940523910522442,1843
1,-20..-10%,349,31625,1521,-0.028691615073332247,-0.024419458815665443,2067.2035337479274,-2974.5758604420625,10670,20854,-0.8828837209302325,6.689419795221843,-0.45342091917991634,-0.32187217473983765,-0.2573929071426392,-0.14863498508930206,-0.05012219399213791,0.0390625,0.18646641969680794,0.3564285218715667,1.095304145812988,1825
1,-20..-10%,350,30351,1490,-0.028895438674488867,-0.024231402295562917,1988.3221617341044,-2865.327620943509,10188,20061,-0.8855813953488372,7.67938566552901,-0.4445756793022156,-0.3247285932302475,-0.2557939887046814,-0.14932281523942947,-0.050295859575271606,0.03988469019532204,0.18877550959587097,0.3627156615257263,1.0825994729995727,1811
1,-20..-10%,351,29111,1434,-0.02879214083500343,-0.02294820434400174,1921.7354504883585,-2759.903462336146,9733,19288,-0.885953488372093,7.67938566552901,-0.43412970304489135,-0.32249389588832855,-0.255899578332901,-0.15003817155957222,-0.04897086322307587,0.038047113455832005,0.18489234149456024,0.3558230549097061,1.0639324605464933,1816
1,-20..-10%,352,27992,1396,-0.02894123039555527,-0.02406917253420818,1853.2097001782495,-2663.3326214106382,9339,18562,-0.8843396226415094,7.635178268251273,-0.4419866886734962,-0.3167041152715683,-0.25664691627025604,-0.1514614261686802,-0.04852498695254326,0.03811043407768011,0.18923421502113347,0.35767304599285094,1.0656060016155244,1810
1,-20..-10%,353,26761,1334,-0.02865496144280005,-0.022326629198085573,1791.61842658675,-2558.4538497575218,8904,17777,-0.8729792147806005,8.136518771331056,-0.4350260484218597,-0.3192264288663864,-0.24957525730133057,-0.15013644099235535,-0.04777548648416996,0.03689275495707989,0.1896530225872995,0.344466572999954,1.0866662657260884,1722
1,-20..-10%,354,25625,1270,-0.028181775769394183,-0.0204767007534007,1737.3908736444323,-2459.548877735166,8545,17004,-0.8691685912240185,8.556313993174061,-0.4396220707893371,-0.3178178906440735,-0.25288069248199463,-0.15041016042232513,-0.04798077046871185,0.038167938590049744,0.18623926937580113,0.3592207908630368,1.1258148002624542,1709
1,-20..-10%,355,24557,1195,-0.028302363460982326,-0.01865056097168074,1672.7103194000156,-2367.731458911359,8177,16312,-0.8729792147806005,8.556313993174061,-0.4449182295799255,-0.31858153492212293,-0.2551869362592697,-0.15033859014511108,-0.04933430068194866,0.0370842544361949,0.18129051923751832,0.35044905543327265,1.124196887016302,1684
1,-20..-10%,356,23513,1139,-0.028740648680074903,-0.01898733255730934,1604.7915918426008,-2280.5704642572045,7759,15688,-0.8691070053887606,8.507640067911716,-0.4439119708538055,-0.32095163613557814,-0.252430784702301,-0.15056263282895088,-0.049059899523854256,0.03799539804458618,0.1881564721465115,0.35739520788192713,1.0898385119438168,1650
1,-20..-10%,357,22500,1079,-0.028968892635057097,-0.020688029078707277,1540.0350822241433,-2191.8351665129294,7376,15070,-0.8668206312548115,8.492490761772384,-0.47124685704708097,-0.33967527747154236,-0.28202162981033324,-0.17282572761178017,-0.06461024656891823,0.03913294058293104,0.21388135701417915,0.4173401474952696,1.206132893562318,952
1,-20..-10%,358,21518,1018,-0.029390916218892338,-0.02184508337552761,1475.8055510085273,-2108.2392862066545,7085,14369,-0.8625866050808314,8.459139893922503,-0.49475454092025756,-0.3363752692937851,-0.27625536024570463,-0.16963836178183556,-0.06464804708957672,0.0375012643635273,0.21244364231824883,0.4196432247757911,1.2670585083961463,960
1,-20..-10%,359,20571,988,-0.0299064651222763,-0.021910785471312498,1413.7565232061731,-2028.9624172365225,6729,13785,-0.8593221241226169,8.555335631164045,-0.4917749226093292,-0.33449593782424925,-0.2732066810131073,-0.1681605875492096,-0.06419580429792404,0.03696370869874954,0.22209341526031484,0.3948779344558711,1.2037731266021732,927
1,-20..-10%,360,19636,986,-0.030028733432450872,-0.021717424974060432,1357.5594941666259,-1947.203703846229,6416,13164,-0.8593231939163498,7.951301914479746,-0.4946501314640045,-0.3332594037055969,-0.27272728085517883,-0.17030207812786102,-0.06574394553899765,0.043845150619745255,0.2226148396730423,0.38026607036590576,1.164280414581294,921
1,-20..-10%,361,18792,985,-0.030598233107522976,-0.021429296032349488,1299.341734796626,-1874.3437313532,6104,12640,-0.8588939740655988,7.449612667644951,-0.485352024435997,-0.3308141440153122,-0.2728782594203949,-0.16524485498666763,-0.06643356382846832,0.04325031489133835,0.21420286893844612,0.3832258522510526,1.180935206413261,919
1,-20..-10%,362,17929,980,-0.03138703231894944,-0.021313981593069947,1236.9617393584977,-1799.6998418049432,5830,12046,-0.851258581235698,7.172644439135924,-0.4850873553752899,-0.33464239835739135,-0.275406140089035,-0.16893203556537628,-0.06428571790456772,0.04059459641575813,0.21712136268615712,0.37281367778778074,1.2280072879791322,917
1,-20..-10%,363,17038,975,-0.03156269932292062,-0.0219244090393282,1178.787924435191,-1716.5531954991097,5516,11468,-0.8498398169336384,6.852438316895881,-0.47027422934770585,-0.3289481982588768,-0.27169141471385955,-0.16519145667552948,-0.0594685897231102,0.036821567453444004,0.22018502056598666,0.3786504447460172,1.3196748852729794,924
1,-20..-10%,364,16146,967,-0.0319833139455999,-0.022486268174626494,1122.1920220977115,-1638.594609063367,5228,10865,-0.8483448806774442,6.856655290102388,-0.47688937693834305,-0.3295183464884758,-0.2737849742174149,-0.16268745064735413,-0.05936014838516712,0.03942540939897299,0.2258145555853846,0.3833003267645833,1.2999858486652374,898
1,-20..-10%,365,15218,961,-0.0319041962924507,-0.021933596052193884,1070.9030756227985,-1556.4211348013139,4958,10217,-0.850654349499615,6.857679180887372,-0.4586624026298523,-0.3284064173698425,-0.2667057931423187,-0.16008658707141876,-0.059964973479509354,0.03841934725642204,0.227428624033928,0.3762569904327391,1.1950042057037273,869
1,-20..-10%,366,14338,957,-0.03136146961737001,-0.023032417529366387,1024.0422043415733,-1473.702955715424,4656,9638,-0.8464203233256351,6.857679180887372,-0.4668063402175903,-0.3295285403728485,-0.27040743827819824,-0.16219448298215866,-0.057409223169088364,0.04433392733335495,0.23000000417232513,0.38305166363716125,1.204184639453883,871
1,-20..-10%,367,13442,941,-0.031697121329935816,-0.022486991396723735,968.8139514153196,-1394.8866563323159,4340,9064,-0.8459738260200154,6.830256287752108,-0.4724369704723358,-0.3329168871045113,-0.2722563475370407,-0.1618782840669155,-0.057454902678728104,0.043017009273171425,0.22275968641042707,0.3996068105101574,1.2787976014614089,872
1,-20..-10%,368,12603,934,-0.031483663264009365,-0.021751858153766346,918.3675216173998,-1315.1561297337103,4069,8496,-0.8441052783671359,6.805200528867342,-0.47089037954807283,-0.33330847322940826,-0.2709364652633667,-0.16630121693015099,-0.05722777731716633,0.04252862557768822,0.21419877260923395,0.3943047165870665,1.2583424007892583,870
1,-20..-10%,369,11735,931,-0.03190746517035773,-0.02131280872285732,863.096117574517,-1237.5302213486623,3765,7942,-0.8494437220054906,6.855850936764154,-0.4654939532279968,-0.32790371477603913,-0.2722722887992859,-0.16414890438318253,-0.05939233675599098,0.045463019981980324,0.2188626945018774,0.3933800399303432,1.3223003673553466,799
1,-20..-10%,370,10897,926,-0.03222269673090135,-0.019189563806301657,812.0765558520612,-1163.2072821286938,3489,7383,-0.8494448669201521,7.1160409556314,-0.4725812005996704,-0.3261375308036804,-0.2718655288219452,-0.16525423526763916,-0.05789990350604057,0.04597264528274536,0.2197270125150688,0.3978863000869744,1.3102666378021242,789
1,-20..-10%,371,10071,910,-0.03297698673812691,-0.021162347441535608,754.5787755337777,-1086.6900089734534,3222,6817,-0.8521939953810623,7.1160409556314,-0.4691309827566147,-0.326822429895401,-0.27264781594276427,-0.16637220233678818,-0.06010929122567177,0.04285191185772419,0.20340275168418884,0.4063589960336679,1.2951052308082571,787
1,-20..-10%,372,9289,902,-0.03411799522624279,-0.021595638391456697,698.5666799118411,-1015.4887375684106,2941,6327,-0.857590454195535,7.074702886247879,-0.4812878262996674,-0.3381556779146194,-0.2748955726623535,-0.1666664332151413,-0.06472919136285782,0.0422354768961668,0.19766390025615685,0.4180647969245902,1.2974067735672008,767
1,-20..-10%,373,8476,893,-0.03432746970502446,-0.019693162411956178,646.610544966886,-937.5701781866725,2667,5789,-0.8498845265588915,7.566552901023892,-0.5619798886775971,-0.4929643213748932,-0.3933183789253235,-0.27040640264749527,-0.1469879299402237,0.11075028032064438,0.42236123085021976,1.1725337982177733,2.407493381500235,80
1,-20..-10%,374,7670,876,-0.036296998268430164,-0.022330893464802496,581.6629488495691,-860.0609255684286,2407,5241,-0.8484526558891455,7.798634812286689,-0.5591328024864197,-0.49146002531051636,-0.39294866323471067,-0.2733725756406784,-0.1500457525253296,0.10709457099437714,0.4227308571338654,1.1546162962913509,2.3766681289672835,79
1,-20..-10%,375,6881,861,-0.03816038066164645,-0.027480587456420125,521.6577494323947,-784.2393287651832,2127,4736,-0.8421862971516552,7.798634812286689,-0.5501207852363587,-0.4782057389616966,-0.3881763070821762,-0.26402393728494644,-0.1437661349773407,0.0753860641270876,0.3862402647733689,0.5734585523605342,1.9341269385814668,84
1,-20..-10%,376,6137,840,-0.039687020009971305,-0.026599471831963446,467.2323698049876,-710.7916116061805,1880,4248,-0.8421862971516552,7.753820033955858,-0.5579693686962127,-0.4794409781694412,-0.39984980821609495,-0.27058856189250946,-0.14156433194875717,0.078373066149652,0.38279335200786585,0.6227491796016642,1.974849969148636,78
1,-20..-10%,377,5414,825,-0.040464697765765605,-0.030454638964353357,415.75045834041407,-634.8263320442699,1634,3774,-0.8398768283294842,7.739871851374717,-0.5615257501602173,-0.47144930958747866,-0.38733696937561035,-0.25716307759284973,-0.1209469884634018,0.05277777835726738,0.37547002434730575,0.5718591570854186,1.9536547565460205,85
1,-20..-10%,378,4700,792,-0.041480696937110866,-0.03466692648444826,364.24438508421827,-559.2036606886387,1422,3272,-0.8421862971516552,7.709165230904361,-0.5775300085544586,-0.48246103823184966,-0.38767544031143186,-0.25960105657577515,-0.1313128024339676,0.08889564126729965,0.3817885577678679,0.5393568515777586,1.9254122638702382,83
1,-20..-10%,379,4031,759,-0.0435972125276503,-0.03487123620574245,314.29271659295813,-490.0330802919164,1211,2811,-0.838337182448037,7.797734020407468,-0.5602928161621094,-0.4864048361778259,-0.3923664093017578,-0.25994256138801575,-0.12815234065055847,0.1005256250500679,0.39050278067588806,0.5641513466835022,1.9374503135681156,81
1,-20..-10%,380,3414,732,-0.04450943571171744,-0.03097133255297477,269.42628089128976,-421.3814944110933,1018,2379,-0.8398460354118553,7.40869535542436,-0.5526232671737671,-0.4791922062635422,-0.3881107985973358,-0.23996109515428543,-0.12863484025001526,0.0906373355537653,0.34071933925151826,0.5403822243213653,1.9253413033485416,84
1,-20..-10%,381,2816,696,-0.04777370156731226,-0.033593578287211996,219.43940492698886,-353.97014854054,841,1968,-0.8421862971516552,7.1800498242500765,-0.5370241904258728,-0.477547325193882,-0.3901971071958542,-0.24562761932611465,-0.12594196945428848,0.03990149777382612,0.3806171000003819,0.523462699353695,1.8179183757305137,82
1,-20..-10%,382,2231,652,-0.05069399427736104,-0.033334499087468404,173.42541535521946,-286.52371658801167,667,1562,-0.847590454195535,6.96846739241716,-0.5397544997930527,-0.4595002204179764,-0.3837211042642593,-0.2437371388077736,-0.11111751943826675,0.08206118829548359,0.3381773114204408,0.5075587019324301,1.7795294475555428,84
1,-20..-10%,383,1696,579,-0.05651977918249955,-0.03857272841116205,127.60380614756818,-223.46135164108767,492,1203,-0.844495765973826,4.845386533665836,-0.5461045378446578,-0.4564369902014732,-0.3877934098243713,-0.24016761034727097,-0.1108010932803154,0.09967365674674511,0.3502619028091431,0.5144177228212357,1.7139894461631764,82
1,-20..-10%,384,1220,499,-0.05792170825472132,-0.04637853514155008,94.84401751424629,-165.5085015850064,352,866,-0.8475673595073133,3.275862068965518,-0.5468965411186218,-0.45176916718482973,-0.38526154756546016,-0.24699539691209793,-0.10699346661567688,0.07579049095511436,0.3492508828639984,0.5418538451194757,1.7563433122634846,83
1,-20..-10%,385,827,408,-0.061561047581619455,-0.05367538096290761,65.16042138367551,-116.07140773367482,232,593,-0.7717768283488313,3.2416364507080795,-0.5577894282341004,-0.46086125671863554,-0.35266678929328915,-0.24091190099716187,-0.09375,0.11297489330172539,0.34449138045311,0.6878150850534417,1.803608953952791,75
1,-20..-10%,386,513,324,-0.06566704283867206,-0.06395960076821182,38.84808448585452,-72.5352774620933,140,372,-0.7680941253054572,2.0890523809523804,-0.5535721087455749,-0.45991837680339814,-0.35419360399246214,-0.23339298367500305,-0.09253731369972229,0.1283162385225296,0.341576033830643,0.6610601216554618,1.8050130701065084,75
1,-20..-10%,387,249,194,-0.05824573797934589,-0.07175545276388653,21.040900059446606,-35.544088816303734,70,178,-0.7690858280590852,2.0476190476190474,-0.5575162190198898,-0.4627527192234993,-0.3564395934343338,-0.23569778725504875,-0.07590711861848831,0.12446517124772072,0.2833094745874403,0.6487271577119772,1.719365129470827,78
1,-20..-10%,388,79,72,-0.003928207898773899,0.000874864233919716,10.808042956092496,-11.118371380095631,30,49,-0.6774647887323944,2.0663333333333336,-0.5687419843673706,-0.4620862424373627,-0.3635857105255127,-0.2258271872997284,-0.08773203939199448,0.10301591455936432,0.2915693163871766,0.6491054177284205,1.704326643943786,79
2,-10..-5%,0,359223,2126,0.0,0.0,0.0,0.0,0,0,0.0,0.0,0.0,0.0,0.0,0.0,0.0,0.0,0.0,0.0,0.0,22413
2,-10..-5%,1,327623,2126,-0.00017944186823220777,-0.002755556216443895,1266.7655643467294,-1325.5548475425685,147381,155613,-0.34856640667911687,0.24332709768672722,-0.04505280591547489,-0.019355206284672022,-0.011921124812215567,-0.004448492545634508,0.0,0.004118055454455316,0.011363636702299118,0.018634409736841915,0.04638321708887815,20460
2,-10..-5%,2,324636,2124,-0.0003421123775514408,-0.0047503941104518384,1694.7658399772743,-1805.827833776058,147891,158962,-0.3628474129407888,0.3146997929606625,-0.06011090196669102,-0.026711284182965755,-0.01691222712397575,-0.006235545501112938,0.0,0.005435402621515095,0.01535711772739894,0.02502898201346395,0.06287035234272471,20280
2,-10..-5%,3,322452,2122,-0.000496725786817311,-0.0063074839405194896,2009.1750702012434,-2169.3452936120593,147130,161023,-0.3665092094181406,0.34651600753295675,-0.06970642179250718,-0.03271912429481745,-0.02016103994101286,-0.0076639942126348615,-0.00003745230606000405,0.006312410347163677,0.018077919445931928,0.030219674948602917,0.07392820857465295,20102
2,-10..-5%,4,320858,2123,-0.0006255768660041356,-0.007865537617977408,2275.7235551157046,-2476.4448971880583,146652,162172,-0.36630036630036633,0.3799184393254711,-0.07609576843678952,-0.03703703731298447,-0.023286214098334312,-0.00901609449647367,-0.0003842503792839125,0.006941267056390643,0.020170320756733418,0.034030656330287457,0.08516961336135892,19936
2,-10..-5%,5,319401,2122,-0.0007609394184324952,-0.009570332242125583,2516.7668938464362,-2759.811705033205,145660,162946,-0.3720019041341682,0.4228478613968598,-0.08502360060811043,-0.041035208851099014,-0.026571987196803093,-0.010269004851579666,-0.0003709198790602386,0.007828268688172102,0.022622769698500633,0.037643348798155785,0.09461645707488085,19711
2,-10..-5%,6,318708,2124,-0.0008475207858013196,-0.010824353150844623,2754.7735836737593,-3024.8852382749315,145577,163519,-0.39214178475960315,0.49379652605459046,-0.09137779802083969,-0.045887927524745464,-0.02893678806722164,-0.01117479894310236,-0.0006044431938789785,0.008461419027298689,0.02454251777380711,0.04103259760886431,0.10981349617242786,19662
2,-10..-5%,7,317678,2123,-0.0009382423806822739,-0.012280628694619284,2960.086152821895,-3258.1451158322707,144924,163993,-0.42509795305576914,0.5635593220338984,-0.09773025549948215,-0.04937615059316158,-0.03148888051509857,-0.012314306572079659,-0.0008003212860785425,0.009243888081982732,0.02586415782570839,0.0432686023414135,0.12028929591178905,19536
2,-10..-5%,8,316643,2120,-0.001057092698789329,-0.013417686608825021,3140.778647092275,-3475.4996505150402,144131,164287,-0.42490842490842484,0.7937853107344632,-0.10278405278921128,-0.053565260767936704,-0.033514510840177536,-0.013257143087685108,-0.0008638065191917121,0.009803921915590763,0.028024274483323126,0.04698834493756292,0.1281228458881376,19505
2,-10..-5%,9,315586,2121,-0.0011437384527235486,-0.014545138856892584,3313.5344799363193,-3674.4823232775475,143278,164502,-0.42692885129444513,0.8545109396675508,-0.10698294177651406,-0.05695376247167587,-0.03610510602593422,-0.01427102880552411,-0.0010786097263917327,0.010358861647546291,0.029206859692931172,0.048257246613502475,0.13343630313873342,19463
2,-10..-5%,10,314717,2120,-0.0011770265310860643,-0.015928723905132367,3487.6378529233466,-3858.068111707176,142966,164399,-0.4267399267399268,0.8021812080536912,-0.11464615866541862,-0.06046314164996147,-0.03809523954987526,-0.015242919325828552,-0.0012828947510570288,0.01079858373850584,0.030542803183197985,0.050816388800740235,0.14233963996171953,19415
2,-10..-5%,11,314082,2125,-0.0011920442233956448,-0.01695713504287287,3660.6567938039293,-4035.0564275764864,142591,164493,-0.439525917463944,0.723088904573,-0.11961240261793137,-0.061547234281897546,-0.039736881479620935,-0.01575993886217475,-0.0014514693757519126,0.011142469476908445,0.03238795995712281,0.05413358975201846,0.14827312812209126,19432
2,-10..-5%,12,313234,2125,-0.0011676191921338942,-0.017131267538374514,3818.8334925698123,-4184.5715225986805,142070,164449,-0.43910542674431063,0.701903846153846,-0.12284563235938549,-0.06535870395600796,-0.04201916269958019,-0.01650158315896988,-0.0015583437052555382,0.011808015406131744,0.033081797137856556,0.05650785323232411,0.154599376618862,19430
2,-10..-5%,13,312443,2122,-0.0011778632079691665,-0.017698412308187878,3966.44130976537,-4334.456424052875,141588,164426,-0.44578723404255316,0.924910394265233,-0.12501391887664795,-0.06787803024053574,-0.04415836781263351,-0.01728086546063423,-0.0015609755646437407,0.012126189656555653,0.03488351479172706,0.05951410159468624,0.16345527589321102,19373
2,-10..-5%,14,311449,2123,-0.0011917440608597556,-0.018545537490885285,4100.6475930803035,-4471.815089091015,141152,164182,-0.5148936170212767,1.1482,-0.1296564581990242,-0.07009906284511089,-0.04601515904068944,-0.01821503695100546,-0.0017788889235816896,0.012511549051851034,0.0357142873108387,0.06239913981407877,0.17113677084445902,19344
2,-10..-5%,15,310720,2123,-0.0012260606236376658,-0.019920626928996446,4224.619583739559,-4605.58114071623,140654,164178,-0.4442553191489361,1.151260504201681,-0.13429517418146134,-0.07195855379104614,-0.04659363180398941,-0.018926497548818588,-0.0019370459485799074,0.012830005027353764,0.03736199960112569,0.06587033197283736,0.18152240097522732,19303
2,-10..-5%,16,309899,2122,-0.0012235782943122722,-0.020442545182560445,4356.122122833538,-4735.3078126626215,140327,163999,-0.4577021276595745,1.1207100591715982,-0.13855322182178498,-0.0751659844070673,-0.04843243584036827,-0.01976284570991993,-0.001911513099912554,0.013034266419708729,0.038674976304173464,0.06791916564106924,0.1801840327680111,19278
2,-10..-5%,17,309056,2123,-0.0012300290128380977,-0.021563532344987563,4474.6792228110735,-4854.82706940276,139778,163711,-0.4499294781382228,1.1853658536585372,-0.14409631192684175,-0.0760534405708313,-0.05019720271229744,-0.020367247983813286,-0.0020120723638683558,0.013574660755693913,0.03888651356101036,0.06825363636016846,0.18327256143093068,19221
2,-10..-5%,18,308039,2124,-0.0012352427209081417,-0.022081323034601714,4587.670168932487,-4968.173101438321,139394,163381,-0.5074753173483779,1.23875,-0.14619715631008148,-0.07777075655758381,-0.05192557573318481,-0.02083256933838129,-0.0021691162837669253,0.01392178051173687,0.0397351011633873,0.07067169435322279,0.19094061508774748,19178
2,-10..-5%,19,307349,2123,-0.0012216576051347452,-0.022846278032351713,4704.495040956868,-5079.970284237429,139014,163301,-0.5291960507757405,1.2222222222222219,-0.14865316957235336,-0.08033798858523368,-0.0527552455663681,-0.021341463550925255,-0.002300631022080779,0.01402397220954299,0.04044682830572129,0.07376917749643325,0.19557260781526567,19199
2,-10..-5%,20,306592,2123,-0.001272796456856702,-0.023649175082556442,4806.9214669634,-5197.15067826402,138419,163264,-0.5376859366776543,1.9148936170212765,-0.15035738408565522,-0.08275104016065597,-0.05410502329468727,-0.021793797612190247,-0.0024937656708061695,0.014685842208564281,0.04143175184726714,0.07743616551160805,0.20362577021121972,19053
2,-10..-5%,21,305815,2123,-0.001305733534827475,-0.024926611582573706,4911.101837872323,-5310.414738825577,138227,162715,-0.5883211919710257,1.9603841536614648,-0.15532694339752198,-0.08424505367875097,-0.05545829609036445,-0.022614289075136185,-0.0023451241431757808,0.015060062520205975,0.042719071730971336,0.07999999821186066,0.2054856212437153,18924
2,-10..-5%,22,304810,2124,-0.001295793884519265,-0.02523320777561813,5012.22343226891,-5407.194366209261,137543,162601,-0.5869478842460765,1.9183431952662726,-0.15924722224473953,-0.08478009179234504,-0.05651559457182884,-0.023196694441139698,-0.00273785088211298,0.01484979409724474,0.04386305771768093,0.08030625693500036,0.21218767717480633,18914
2,-10..-5%,23,304118,2123,-0.0013163598037919107,-0.02584790276441558,5103.525513984333,-5503.854224793927,137172,162416,-0.6021323529411765,2.007317073170732,-0.16153238326311112,-0.08710374012589454,-0.05808006972074509,-0.023606572300195694,-0.0025824701879173517,0.01521088881418109,0.04518578946590425,0.08360574394464493,0.21434017151594173,18674
2,-10..-5%,24,303308,2125,-0.0012926754671908033,-0.026383879998412532,5199.394867708508,-5591.473678311209,136751,162039,-0.5913185913185913,1.3098418972332015,-0.16207837760448457,-0.0876678206026554,-0.05922740846872329,-0.024409284815192223,-0.0027624310459941626,0.015718812122941017,0.0462944082915783,0.08592933565378197,0.22249381929636006,18667
2,-10..-5%,25,302549,2124,-0.0012831979265601522,-0.02730255031831963,5295.099713753207,-5683.32996323607,136168,162078,-0.5507352941176471,1.9854721549636807,-0.16330820471048355,-0.08877589739859104,-0.06029842607676983,-0.024695371743291616,-0.0028184038819745183,0.015907987020909786,0.04746986925601959,0.08455904200673103,0.22317592799663535,18716
2,-10..-5%,26,301777,2124,-0.0012945868269180114,-0.027995177756436566,5386.996422648541,-5777.672951515392,135961,161688,-0.5869205298013245,1.8674418604651164,-0.1646027684211731,-0.09015407860279083,-0.061148710548877716,-0.024846989661455154,-0.0028136882465332747,0.016075268387794495,0.048023986816406336,0.08741232901811605,0.229220510721207,18677
2,-10..-5%,27,300881,2125,-0.001379362421471551,-0.02856260376677309,5461.459195164439,-5876.483139899236,135313,161383,-0.5813086271048007,1.8977673325499413,-0.17296251893043518,-0.09211964458227158,-0.06170597113668917,-0.025720436591655016,-0.003099173540249467,0.016322867944836617,0.048868684098124525,0.08954754695296283,0.23377307027578315,18584
2,-10..-5%,28,300198,2125,-0.0014033428398675474,-0.02918145674257349,5538.891350947427,-5960.172064789968,134887,161219,-0.5988745980707395,1.8848178563908191,-0.17274820566177368,-0.09378300756216049,-0.06308559179306031,-0.025905366986989975,-0.002910798182711005,0.016763530671596527,0.04985614940524103,0.08938024789094923,0.22963294923305524,18645
2,-10..-5%,29,299369,2123,-0.001424719115967353,-0.029658270322661714,5612.070169859076,-6038.5869068871,134488,160806,-0.5727826789682807,1.5778671204870194,-0.1762314736843109,-0.09439726173877716,-0.06459948420524597,-0.02658489067107439,-0.0028653296176344156,0.0170067073777318,0.05078125,0.09105894342064857,0.24030641317367596,18531
2,-10..-5%,30,298580,2123,-0.001437505405197199,-0.030202080114511913,5688.471780173033,-6117.682144056789,133974,160680,-0.5935966149506346,1.6481297583581593,-0.17941647604107858,-0.09649428091943264,-0.06565325036644935,-0.026892258785665035,-0.003017126233316958,0.01717723160982132,0.05055871680378916,0.09191152825951576,0.24293962493538704,18584
2,-10..-5%,31,297698,2124,-0.001475573959836195,-0.03097172107569865,5755.6391437695665,-6194.9145604648675,133336,160517,-0.6009251821279189,1.6429479034307497,-0.18352051809430123,-0.0975817684084177,-0.06698689684271812,-0.027853982988744974,-0.0031869036611169577,0.017780824564397335,0.0515644539147616,0.09496159069240091,0.24104827210307128,18570
2,-10..-5%,32,296948,2121,-0.001433089142971839,-0.030757118836571607,5840.945889750743,-6266.49884457797,133119,160097,-0.584499044347802,1.846251588310038,-0.18244412392377854,-0.09704451411962509,-0.0673626109957695,-0.027829456143081188,-0.003208985086530447,0.017862803302705288,0.05341698378324518,0.09762496277689929,0.24870387285947776,18455
2,-10..-5%,33,296347,2122,-0.001462950294747827,-0.0318521871093991,5911.522027861106,-6345.062958858761,132820,159892,-0.5789867316694828,1.9015544041450778,-0.18532222732901574,-0.09967226535081863,-0.06778989732265472,-0.028397523798048496,-0.00326004670932889,0.01785873295739293,0.054393721744418144,0.09817031025886536,0.25582853555679363,18536
2,-10..-5%,34,295559,2121,-0.001512969314633313,-0.03229933938404842,5968.724750274084,-6415.8964479378055,132282,159639,-0.6249561864703821,1.6269802291183626,-0.18637435108423234,-0.099227786809206,-0.0683835357427597,-0.02883828990161419,-0.003482849569991231,0.017881625331938267,0.05432487651705742,0.0995028205215931,0.2525505483150482,18499
2,-10..-5%,35,294800,2121,-0.0014637792773386355,-0.03304279471927919,6055.349524448575,-6486.87165540801,131787,159501,-0.6319663512092535,2.3596730245231607,-0.18733278393745423,-0.10133051425218581,-0.07021546065807341,-0.029466142877936363,-0.0037681160029023886,0.01819818653166294,0.05534792542457581,0.10299000442028046,0.2592199373245235,18419
2,-10..-5%,36,293960,2123,-0.0014608368792126422,-0.03345094223281559,6127.073598164486,-6556.501207177817,131396,159188,-0.612758499824746,2.3873626373626373,-0.19209306210279464,-0.10254314318299293,-0.07073278874158859,-0.030130015686154366,-0.0037937252782285213,0.018063456751406193,0.05540363639593126,0.10320814624428741,0.2673267424106598,18339
2,-10..-5%,37,293188,2125,-0.0014751901757983534,-0.03355848639416221,6191.097843930486,-6623.605901192433,130904,158834,-0.591657903960743,2.46786668541696,-0.19379267543554307,-0.10559139922261238,-0.07250048369169235,-0.030527912080287933,-0.00379815511405468,0.018288224935531616,0.056318131834268606,0.10469575002789488,0.27109126389026644,18099
2,-10..-5%,38,292416,2124,-0.0015189339830481673,-0.034350059265717464,6244.945150547018,-6689.105750133979,130372,158687,-0.5934104451454609,2.022941970310391,-0.19689297050237656,-0.10627473443746566,-0.07253490537405013,-0.031181911937892437,-0.0037718969397246838,0.018731798976659775,0.05775676593184471,0.10561122149229052,0.2701780343055728,18047
2,-10..-5%,39,291703,2125,-0.001546826126641139,-0.034247980960593,6303.8629714418685,-6755.076793061501,129893,158528,-0.582895198037154,2.0622617534942824,-0.20105375051498411,-0.10737941861152649,-0.07334431260824203,-0.031108741648495197,-0.003941392991691828,0.01893171202391386,0.05706393942236901,0.10637948960065836,0.2794219189882278,17903
2,-10..-5%,40,290927,2124,-0.001571924820616862,-0.03488658219356392,6359.788947689181,-6817.10431997677,129381,158160,-0.628739800543971,2.249072426937738,-0.19887319684028626,-0.1091911494731903,-0.07405957728624343,-0.031935177743434906,-0.0037359900306910276,0.019084693863987923,0.05889705792069433,0.10921585410833369,0.2789595329761503,17937
2,-10..-5%,41,289985,2123,-0.0015936603424019959,-0.03458862773663002,6411.211014579607,-6873.348608971039,128762,157952,-0.6279555757026292,2.3122020725388603,-0.20123905301094056,-0.10847556293010711,-0.074900421500206,-0.032380953431129456,-0.0037740038242191076,0.019252747297286987,0.059500940889120106,0.11038561910390851,0.27836053252220105,17905
2,-10..-5%,42,289291,2123,-0.0016211439160267508,-0.03520437170268715,6456.471617000909,-6925.453961612237,128384,157677,-0.6450589301903898,2.502840909090909,-0.20586280897259712,-0.10983728915452957,-0.07640068382024764,-0.03249410539865494,-0.003952039405703545,0.019621500745415688,0.05991713553667072,0.1113398544490337,0.282129808366298,17878
2,-10..-5%,43,288324,2122,-0.0016188827968647037,-0.03575905561623072,6510.112383692011,-6976.875147215224,127953,157197,-0.6387262012692656,2.492917847025496,-0.2064913809299469,-0.10948905348777771,-0.07611646130681038,-0.032786883413791656,-0.004009355558082461,0.01994285313412547,0.061500754207372665,0.11146554350852966,0.28652325719594907,17866
2,-10..-5%,44,287415,2125,-0.001691379815723258,-0.03660562085827207,6547.651307285049,-7033.779237021131,127425,156927,-0.670522257273046,2.22550354476736,-0.2079521346092224,-0.1111111119389534,-0.07692307978868484,-0.03339191526174545,-0.0039840638637542725,0.02063974179327488,0.06223753169178964,0.1140871003270149,0.28739362120628353,17805
2,-10..-5%,45,286736,2125,-0.001741700710013891,-0.03718606842029528,6588.296469692362,-7087.704764478905,127029,156674,-0.6634419908867859,2.3239996880118556,-0.212203988134861,-0.11218005642294884,-0.07797879427671432,-0.03378368075937033,-0.004104670137166977,0.020698910113424063,0.062453967332840005,0.11530908606946463,0.2913980963826179,17780
2,-10..-5%,46,285871,2123,-0.0017534128507414083,-0.03773264654343569,6635.235204631236,-7136.485089685509,126585,156217,-0.6740273396424816,2.492917847025496,-0.2123966097831726,-0.11268371045589447,-0.07839323729276657,-0.03396226465702057,-0.004219300579279661,0.0204781424254179,0.06228832602500919,0.11487947702407823,0.29159838199615473,17769
2,-10..-5%,47,285068,2124,-0.0017420141391089193,-0.03752974686820691,6686.370997795656,-7182.963484403145,126365,155738,-0.6723098492814581,2.4844559585492227,-0.21618423193693162,-0.1155646339058876,-0.0790639340877533,-0.03457354195415974,-0.004380724858492613,0.020988856442272663,0.06418621242046357,0.11553587839007352,0.3027632123231875,17723
2,-10..-5%,48,284127,2123,-0.0017683983642724627,-0.03809779053512206,6724.415410345557,-7226.86513239121,125791,155421,-0.6722747984577637,2.503373819163293,-0.2154630333185196,-0.11610968932509422,-0.07995371595025062,-0.03519914858043194,-0.004700721008703113,0.021046483889222145,0.06450062915682794,0.11869593746960136,0.30865408718585824,17634
2,-10..-5%,49,283523,2121,-0.0018004420795795458,-0.03866971088329761,6764.384519240076,-7274.851258968721,125322,155293,-0.6757798808271994,2.396694214876033,-0.219448524415493,-0.11856238022446632,-0.08028771355748177,-0.03517440613359213,-0.004441157216206193,0.021530827041715384,0.06452103480696679,0.1182575143873691,0.3060895481705663,17634
2,-10..-5%,50,282619,2123,-0.0017633324135563563,-0.03876388360545764,6815.814285172894,-7314.165528559713,124980,154848,-0.6757448300035052,2.453781512605042,-0.21693851232528685,-0.1190583225339651,-0.08153116703033447,-0.0357879837974906,-0.0045232390984892845,0.021175576839596033,0.06539311930537225,0.11955078952014432,0.30334032803773386,17684
2,-10..-5%,51,281823,2125,-0.0017727950936348943,-0.03878032010498083,6861.777654218502,-7361.392085891974,124553,154572,-0.6736417805818438,2.496867119049476,-0.219268342256546,-0.12010909765958785,-0.08157016932964324,-0.03604836016893387,-0.004705882165580988,0.02113408036530018,0.06694133579730989,0.12115185260772697,0.3174368119239802,17605
2,-10..-5%,52,281047,2126,-0.0017467824397511954,-0.03915074822697115,6905.062762739517,-7395.990727084275,124248,154041,-0.6547844374342797,2.6302294197031038,-0.21966416716575624,-0.12048487216234206,-0.08186285197734831,-0.036666665226221085,-0.004819988273084164,0.02143757790327072,0.06666667014360428,0.1230621054768562,0.31478268504142787,17549
2,-10..-5%,53,280365,2124,-0.001732813027501239,-0.03905034588640845,6948.345454682271,-7434.165579137631,123942,153692,-0.6608482299334035,2.4634831460674156,-0.22083615958690642,-0.12175744026899338,-0.08305678367614745,-0.03690909221768379,-0.00472465343773365,0.02177915908396244,0.06851209700107574,0.12562660276889795,0.3228841590881272,17325
2,-10..-5%,54,279448,2126,-0.0017660539350418392,-0.03981626882396331,6982.661762127799,-7476.182002167341,123175,153555,-0.6600070101647388,2.5228571428571427,-0.22348399996757506,-0.12330702543258666,-0.08378220796585083,-0.03747916221618652,-0.004809294827282429,0.021608643233776093,0.06887342482805253,0.12530474364757538,0.3111885643005331,17325
2,-10..-5%,55,278849,2124,-0.001711526632669323,-0.03994177348791302,7028.162938169051,-7505.420428162283,123281,152842,-0.658359621451104,2.480789317674957,-0.22185836851596832,-0.12420087344944478,-0.08480471521615982,-0.0372500941157341,-0.004815079038962722,0.021344103384763002,0.06950227096676828,0.12589250206947325,0.3200145664811132,17128
2,-10..-5%,56,278027,2123,-0.0017455696660350303,-0.040424638633502284,7063.396302646245,-7548.711800184984,122756,152553,-0.6512092534174554,2.2523616734143053,-0.2230830731987953,-0.12647927403450013,-0.08501201197504997,-0.03785576578229666,-0.004971737042069435,0.021871378645300865,0.06976744532585144,0.12670515701174698,0.3225015175342549,17114
2,-10..-5%,57,277268,2122,-0.001663519721525921,-0.040494735400923736,7115.539788582911,-7576.780574730968,122525,152019,-0.6564318261479145,2.466494845360825,-0.2251172649860382,-0.125,-0.08595795333385467,-0.03790660481899977,-0.004939224803820252,0.022087284363806248,0.06949218213558198,0.12768389880657194,0.33320427834987615,17050
2,-10..-5%,58,276422,2121,-0.0016876726027541342,-0.040417839813719346,7145.313611871926,-7611.823448070432,122081,151654,-0.6530318962495618,2.27668016194332,-0.22429666072130203,-0.12587340101599692,-0.08630982190370559,-0.03775636199861765,-0.004935853416100144,0.022239767014980316,0.07087228447198868,0.12885098978877052,0.32950335741043,17098
2,-10..-5%,59,275716,2122,-0.0016881886092086971,-0.04108162803382313,7178.331385731987,-7643.791996308609,121925,151229,-0.6497020679985981,2.2600166740228533,-0.229395804554224,-0.1276198707520962,-0.08702831417322159,-0.03848419897258282,-0.00473695551045239,0.022629444487392902,0.07178902477025983,0.12989487200975416,0.33537852287292486,17042
2,-10..-5%,60,274893,2124,-0.0017198400278960273,-0.04120332377254025,7202.415028148682,-7675.187012937096,121461,150838,-0.6524009814230635,2.31960049937578,-0.23028015375137328,-0.12721571028232576,-0.08780248165130615,-0.03883495181798935,-0.0049333334900438786,0.022983606904745102,0.07289568483829505,0.12952080070972433,0.3409456324577304,16993
2,-10..-5%,61,274005,2122,-0.0017680284133569756,-0.041615644596000416,7219.593949313112,-7704.042574714998,120990,150404,-0.6564668769716089,2.2466422466422467,-0.23280165195465088,-0.12685566544532775,-0.08839157670736313,-0.0391054917126894,-0.004907407332211733,0.023112942464649677,0.07282340675592427,0.12894707173109005,0.3428141474723821,16979
2,-10..-5%,62,273153,2123,-0.0018230608832228326,-0.04230919512633596,7241.787063593883,-7739.7616130288525,120508,150086,-0.6564668769716089,2.3658227848101263,-0.2362537431716919,-0.12841223031282425,-0.08981969654560089,-0.03918584808707237,-0.004743647528812289,0.023389337118715048,0.072553201764822,0.1293383002281188,0.35646067887544614,16982
2,-10..-5%,63,272482,2123,-0.0018069607166606562,-0.04253756672483887,7284.430692926534,-7776.794962923625,120123,149838,-0.6599369085173502,2.12889175257732,-0.23797417223453524,-0.12971955835819243,-0.09013470262289047,-0.0398385263979435,-0.005013788118958473,0.02320251241326332,0.07303098142147064,0.12896186411380767,0.3481096053123492,16949
2,-10..-5%,64,271545,2124,-0.0017712718671976458,-0.04220238420272206,7320.927316818934,-7801.907335997113,119629,149453,-0.665615141955836,2.108481769661115,-0.23819874733686447,-0.13091474771499634,-0.09163697063922882,-0.040358804166316986,-0.004976249765604734,0.02356252819299698,0.07317482382059098,0.13118851482868188,0.3551464897394175,16919
2,-10..-5%,65,270844,2122,-0.0017964098704963522,-0.04271465248606608,7352.246198351146,-7838.793033315872,119188,149102,-0.6649141254819488,2.419715773905215,-0.24024874240159988,-0.1316734656691551,-0.0908778503537178,-0.04075182881206274,-0.005486848996952176,0.023358965292572975,0.07457277700304986,0.13263725563883771,0.3596082594990733,16890
2,-10..-5%,66,270143,2123,-0.0018648261945923656,-0.04342275397500094,7377.094912376479,-7880.864655062253,118899,148754,-0.6599719593410446,2.0240641711229945,-0.23903180286288261,-0.1316884346306324,-0.09142282977700233,-0.04142517130821943,-0.005373063497245312,0.023537200409919024,0.0756334587931633,0.13469070196151733,0.36494582891464233,16876
2,-10..-5%,67,269092,2124,-0.0018585436935949476,-0.04386626071925488,7404.499217183394,-7904.618456780226,118322,148267,-0.6599018576936557,2.245320855614973,-0.24233493953943253,-0.13403108343482018,-0.09251313880085946,-0.041199443861842155,-0.0054054055362939835,0.023597265128046274,0.07525961026549356,0.1336294032633302,0.36432840377092357,16828
2,-10..-5%,68,268386,2123,-0.0018453337784119083,-0.04425453221668677,7435.3372838908335,-7930.599035343685,118043,147983,-0.6629787234042553,2.347696879643388,-0.24423948526382447,-0.1354481004178524,-0.09319251030683516,-0.0416666679084301,-0.005711125675588846,0.02410046523436904,0.07624308019876479,0.13551556244492527,0.3678038075566251,16732
2,-10..-5%,69,267558,2122,-0.0017794772508146481,-0.04369672091438962,7477.302750516614,-7953.4161247901,117792,147446,-0.6658227848101266,2.7786924219910842,-0.2466725930571556,-0.1363994963467121,-0.09361337497830391,-0.0416666679084301,-0.005807544337585568,0.024312781635671854,0.077050119638443,0.14029894769191742,0.3737103819847106,16536
2,-10..-5%,70,266732,2122,-0.0017414122473577262,-0.04438929871102183,7518.439764056213,-7982.930135618451,117441,146992,-0.6600070101647388,2.7947623666343353,-0.24927117064595222,-0.1370994620025158,-0.09448975175619125,-0.042007762007415295,-0.005448826588690281,0.024451682344079018,0.07618460878729821,0.14016778990626336,0.36782631814479755,16520
2,-10..-5%,71,265884,2122,-0.0017664134307880813,-0.044455250402780956,7540.561768606733,-8010.222837238392,116968,146553,-0.6740425531914893,2.787133283693224,-0.2484770545363426,-0.13834335282444954,-0.09542459845542908,-0.04268292710185051,-0.005839260295033455,0.02427894063293934,0.0770057819783688,0.1396603837609291,0.3742590683698654,16318
2,-10..-5%,72,265255,2122,-0.0018275476697623173,-0.04511610931591118,7572.342290538704,-8057.1084476815595,116618,146297,-0.6823829787234044,2.977711738484398,-0.24727166429162026,-0.13926599249243737,-0.09575111716985703,-0.042861806228756905,-0.005887605017051101,0.02456390345469117,0.07741405740380289,0.14129457548260685,0.37320510536432133,16338
2,-10..-5%,73,264512,2121,-0.0017279265805535146,-0.04543875396076861,7624.651377556581,-8081.7086932319435,116301,145979,-0.6977021276595745,3.1604754829123323,-0.24850761592388154,-0.1388177126646042,-0.096726194024086,-0.04282315447926521,-0.006019852589815855,0.024682125076651573,0.0789022296667099,0.14155250787734985,0.370989698171616,16341
2,-10..-5%,74,263716,2122,-0.0016511969700802706,-0.04527456722788695,7674.853560169709,-8110.300620331398,116039,145471,-0.7268085106382979,3.1781690666268743,-0.24948766469955444,-0.13987484872341155,-0.09670908153057098,-0.04279707558453083,-0.005685714073479176,0.02536991611123085,0.07985233515501025,0.14644614011049267,0.3840605384111403,16335
2,-10..-5%,75,263005,2122,-0.0015902336728008523,-0.044773234536171776,7721.749668612557,-8139.989075727582,115505,145297,-0.7291139240506329,3.169769173492182,-0.24860343635082244,-0.1401069462299347,-0.09761904925107956,-0.04328740015625954,-0.00561797758564353,0.025707272812724113,0.08064515888690948,0.14771966636180878,0.39639366269111714,16281
2,-10..-5%,76,262319,2121,-0.0015505432037469756,-0.045313756886036616,7758.0040209518,-8164.7409636154825,115329,144883,-0.7328244274809161,3.2359419675950436,-0.25658170104026795,-0.14021572172641755,-0.09758431166410446,-0.04393434897065163,-0.005778363905847073,0.026125654578208923,0.0807748928666115,0.14878405332565287,0.39585294842720065,16249
2,-10..-5%,77,261367,2121,-0.0015265738387567286,-0.045923879940215025,7786.002662497341,-8184.99868701167,114932,144204,-0.7213740458015268,3.216867469879518,-0.2564453309774399,-0.14189089611172676,-0.09965372160077095,-0.04431597702205181,-0.005716742482036352,0.026143492199480534,0.08124762102961557,0.14798268973827358,0.40243872761726535,16198
2,-10..-5%,78,260759,2122,-0.0014830434306730132,-0.04661309930868781,7820.677948146732,-8207.394870085584,114616,144046,-0.7307692307692308,3.099560761346998,-0.25211117446422576,-0.1428571492433548,-0.09971457868814468,-0.04402766562998295,-0.005576208233833313,0.02647667843848467,0.08151016533374786,0.14952079355716674,0.40297577083110786,16247
2,-10..-5%,79,259951,2123,-0.001461438968833459,-0.046656031205822596,7855.610351626856,-8235.512873014106,114283,143592,-0.7388059701492538,3.043440171585657,-0.25443774610757824,-0.14336379915475844,-0.10048521757125854,-0.04439334664493799,-0.005772744305431843,0.026266660541296005,0.08203118443489074,0.14982144534587846,0.4151404115557649,16172
2,-10..-5%,80,259266,2122,-0.0014210495168810026,-0.04690622245578082,7888.74165930162,-8257.171483345292,113839,143363,-0.7416974169741697,3.229223937407486,-0.2551682382822037,-0.14465386047959328,-0.10198089852929115,-0.045455412939190865,-0.0059131779707968235,0.02657011291012168,0.08214656636118889,0.150105781853199,0.4171272888779619,16146
2,-10..-5%,81,258422,2121,-0.001385716124105263,-0.046972957091363815,7921.680595365275,-8279.780127588783,113506,142963,-0.7611914893617021,2.9618765670785128,-0.25906422972679133,-0.14531561136245727,-0.1019740954041481,-0.04560260474681854,-0.006036585196852684,0.02673511579632759,0.08373001813888557,0.15281169712543477,0.40484320878982544,16093
2,-10..-5%,82,257700,2122,-0.0014014112239875587,-0.04683447662886197,7948.605655304863,-8309.749327726442,113133,142551,-0.7702127659574468,2.75,-0.2576725769042969,-0.14647274017333983,-0.10144455134868621,-0.04538216441869736,-0.00609225407242775,0.027173912152647972,0.08335851281881336,0.1522348314523696,0.40965453743934704,16133
2,-10..-5%,83,256895,2122,-0.001447497379094406,-0.04713113331838097,7959.113107284282,-8330.967946486728,112822,142117,-0.7957446808510639,2.6172401292934175,-0.25882097899913786,-0.14662192463874818,-0.10154982209205626,-0.04589228518307209,-0.006493506487458944,0.02708403952419758,0.08255227506160742,0.15371872186660748,0.41355868458747863,16083
2,-10..-5%,84,256206,2122,-0.0014869722215009897,-0.04769125677082101,7972.24635656487,-8353.21756154675,112536,141749,-0.7974683544303798,2.475515814276652,-0.2632867246866226,-0.14853014796972275,-0.10298779606819153,-0.04642103798687458,-0.006451612804085016,0.02698775753378868,0.08372579514980316,0.15243731439113617,0.4021245092153549,16051
2,-10..-5%,85,255418,2122,-0.0014187685096825734,-0.04743018017251388,8007.745667594894,-8370.124682800995,112147,141330,-0.7833191489361702,2.4555722891566267,-0.26283397793769836,-0.1502669483423233,-0.10341282933950423,-0.046820856630802155,-0.006611499935388565,0.026879360899329185,0.08459472358226787,0.1530664831399917,0.4333302271366125,15833
2,-10..-5%,86,254611,2123,-0.001407055945052534,-0.047533869763930356,8029.720532257057,-8387.972453482822,111807,140879,-0.7851476793248946,2.4825494319299253,-0.27085907250642777,-0.1499755300581455,-0.10402688905596733,-0.04689895547926426,-0.006688721012324095,0.027575694490224123,0.08520943671464923,0.15562166571617114,0.43969787597656246,15768
2,-10..-5%,87,253868,2121,-0.001427834065666092,-0.04772842617643477,8046.347001134089,-8408.828379716591,111542,140407,-0.7861603375527426,2.5184507557632223,-0.271317233145237,-0.15078669041395187,-0.10421351715922356,-0.04659781977534294,-0.0065370723605155945,0.028089888393878937,0.08550319448113441,0.1557569019496441,0.4347473427653313,15616
2,-10..-5%,88,252999,2122,-0.0013728913541719884,-0.047851852684441365,8070.9464587577495,-8418.286598471925,111111,140045,-0.7837974683544304,2.5344815679341446,-0.26842572808265686,-0.15116313397884368,-0.10486123412847519,-0.04676258936524391,-0.006562499795109034,0.02777777798473835,0.08612275421619416,0.15817488729953735,0.43170559883117743,15565
2,-10..-5%,89,252217,2120,-0.001346308883388478,-0.04791233241643659,8091.72682274012,-8431.288810381679,110706,139644,-0.7719831223628693,2.6014861935992344,-0.2667804503440857,-0.15109974443912505,-0.10625369101762772,-0.04694545269012451,-0.006817113142460585,0.02791014313697815,0.0870223745703698,0.15740842223167412,0.43360618352889857,15553
2,-10..-5%,90,251340,2122,-0.0013802519085175686,-0.04816600332095867,8101.413798162965,-8448.326312849747,110392,139123,-0.7717299578059071,2.5658050581759912,-0.2673967659473419,-0.15273782461881638,-0.10717853307723998,-0.04775962419807911,-0.006911877542734146,0.02824522089213133,0.08781819641590116,0.15584415197372437,0.4313767212629321,15467
2,-10..-5%,91,250508,2122,-0.001431657689757374,-0.04858632695577106,8107.419026174755,-8466.060730720523,109913,138752,-0.7702127659574468,2.566251415628539,-0.26997638523578643,-0.15336877703666688,-0.10623380690813064,-0.04788357764482498,-0.007049345411360264,0.02859619352966547,0.08857052773237223,0.15720770806074133,0.4395485353469847,15427
2,-10..-5%,92,249878,2120,-0.001444518567691173,-0.048658388889335685,8124.108245267285,-8485.061655924797,109760,138266,-0.7721518987341772,2.7961494903737263,-0.27042744576931,-0.1532038167119026,-0.10658018067479133,-0.04782689083367586,-0.0068574934266507626,0.028646680526435375,0.08856653347611462,0.15690716803073881,0.43315550059080143,15498
2,-10..-5%,93,249114,2121,-0.0014097537768032798,-0.04882345035417172,8151.122800805102,-8502.312203159649,109378,137955,-0.770127659574468,2.830609212481426,-0.2686454647779465,-0.15511918663978577,-0.10690834447741508,-0.048155699856579304,-0.006844071671366692,0.02867635991424322,0.08822647705674173,0.15876966044306753,0.44553644537925713,15468
2,-10..-5%,94,248249,2121,-0.0014498966292005601,-0.04890885014802159,8155.243528301199,-8515.178916603627,108957,137491,-0.7720675105485232,2.846899947772887,-0.27052813321352004,-0.15571159794926642,-0.1079974964261055,-0.04868830926716328,-0.00688134110532701,0.029206519480794668,0.09000551253557208,0.15982909649610508,0.44061776638030725,15438
2,-10..-5%,95,247385,2121,-0.0014505758766958578,-0.049073356714109985,8170.109899540164,-8528.960612796598,108511,137008,-0.770548523206751,2.839166046165302,-0.27441280245780947,-0.15614941418170927,-0.10869082063436508,-0.04848484694957733,-0.0063157896511256695,0.029077118262648582,0.08982547223567965,0.15998679697513576,0.4364908719062803,15445
2,-10..-5%,96,246532,2121,-0.0014265999581847331,-0.04906147348057646,8197.848808671857,-8549.551349563082,108176,136508,-0.7791489361702127,2.900092283021437,-0.27564266443252566,-0.15693942308425904,-0.10941690653562545,-0.04913857579231262,-0.006787330377846956,0.029081163927912712,0.08979021310806275,0.16205559670925085,0.44082991480827355,15417
2,-10..-5%,97,245760,2120,-0.0014186519809507758,-0.04937746591460923,8214.331760328563,-8562.979671166988,107855,136200,-0.8127659574468085,3.0770101925254814,-0.274501571059227,-0.15985431522130966,-0.10939087718725204,-0.049762727692723274,-0.007299270015209913,0.028939591720700264,0.09090909361839294,0.1656264364719391,0.43825230598449794,15291
2,-10..-5%,98,245044,2122,-0.0014535202807590434,-0.04969386197547972,8224.202744584347,-8580.379168262676,107440,135825,-0.8212765957446808,3.3352434881087207,-0.2719740507006645,-0.15874472633004189,-0.10885155871510506,-0.049809107556939125,-0.0069444444961845875,0.029197612311691046,0.09090909361839294,0.16758272051811213,0.45371347665786826,15300
2,-10..-5%,99,244403,2122,-0.0014988474911708583,-0.049674160783724906,8238.673662383522,-8604.996485768139,107149,135561,-0.8227848101265823,3.2936201713849886,-0.27153838783502576,-0.16013764217495918,-0.110089211165905,-0.05029385909438133,-0.007038237061351538,0.02880658395588398,0.09189166724681859,0.1693727910518646,0.4586734244227408,15280
2,-10..-5%,100,243559,2122,-0.0014527151788169244,-0.050145744276019664,8265.660688073762,-8619.482544311226,106749,135158,-0.8297872340425532,3.321653454133636,-0.2711630976200104,-0.1613896071910858,-0.11089514642953872,-0.050157997757196426,-0.00714042829349637,0.029339853674173355,0.09175622016191486,0.16833386421203614,0.458345736265182,15229
2,-10..-5%,101,242889,2121,-0.00143972058047123,-0.04942338672832163,8287.587217165452,-8637.279509235494,106485,134762,-0.8312236286919832,3.2801606173448796,-0.27576875627040864,-0.16121080368757248,-0.11154032796621323,-0.05139322206377983,-0.006963788531720638,0.029780611395835876,0.09407919347286232,0.16898991465568539,0.4685400515794756,14983
2,-10..-5%,102,242079,2122,-0.0014866201256353068,-0.04983063531056657,8291.886151757599,-8651.765665151255,106079,134287,-0.8225316455696203,3.0226047565118908,-0.2769471973180771,-0.16219017654657364,-0.11216111332178115,-0.05103716906160116,-0.006954433396458626,0.029739175457507372,0.09337000623345401,0.168603159487247,0.4655106246471394,14964
2,-10..-5%,103,241419,2121,-0.0014874248296146743,-0.04980804102533895,8305.515950465937,-8664.608565406685,105806,133915,-0.8116595744680851,3.4394110985277466,-0.2782373571395874,-0.163123382627964,-0.11207828819751739,-0.05113774724304676,-0.0068545411340892315,0.02991293091326952,0.0942881226539613,0.1684696525335311,0.46041719675064097,14815
2,-10..-5%,104,240490,2120,-0.0014569750954847049,-0.04993066059673826,8313.323369544329,-8663.711310257473,105446,133397,-0.8132489451476793,3.396787653102428,-0.2790277871489525,-0.16328422427177428,-0.1127118207514286,-0.05154957715421915,-0.007000708486884832,0.030354637652635574,0.09482758492231369,0.17225892618298524,0.4592336365580558,14744
2,-10..-5%,105,239822,2121,-0.0014718161191368735,-0.05060314047924213,8319.418114678774,-8672.392000002465,105064,133087,-0.809535864978903,2.441059602649007,-0.2788762652873993,-0.1634693406522274,-0.11236993819475175,-0.05174443870782852,-0.006998432567343116,0.03030303120613098,0.09438826292753219,0.17143112719058967,0.4651299256086333,14772
2,-10..-5%,106,239010,2123,-0.001397693696563344,-0.05036829460243214,8341.059156634054,-8675.121927049659,104776,132536,-0.8215319148936171,2.5268985507246375,-0.27845466285943987,-0.16251030564308167,-0.1124230906367302,-0.05156939662992954,-0.006977903423830867,0.030847286339849234,0.0945701725780964,0.1689526803791523,0.4612026676535594,14738
2,-10..-5%,107,238191,2123,-0.0014370685636474999,-0.05071779239834833,8353.653510424687,-8695.950308668444,104435,132154,-0.8260425531914893,2.540959753222943,-0.28246321618556974,-0.16488785743713377,-0.1134130761027336,-0.051956516690552235,-0.00686868280172348,0.031162632163614035,0.09513082951307299,0.1698717691004275,0.4710661345720295,14734
2,-10..-5%,108,237479,2121,-0.0013273283102061642,-0.050669278089116206,8385.384988878202,-8700.597588657663,104306,131654,-0.8297872340425532,4.103057757644394,-0.28468517899513246,-0.1666666716337204,-0.11506034210324287,-0.05287338327616453,-0.006785995559766889,0.03155102301388979,0.09616786167025568,0.17054337710142126,0.48308422595262446,14688
2,-10..-5%,109,236804,2122,-0.0012138556820983494,-0.05065200674918044,8423.966130000807,-8711.412010944423,103899,131371,-0.8383829787234043,4.76004530011325,-0.28585925936698914,-0.16754321455955506,-0.11551486551761626,-0.05310829170048237,-0.006881948094815016,0.03174966014921665,0.09522099792957316,0.17426473796367645,0.48382569968700434,14723
2,-10..-5%,110,236048,2123,-0.0013218171632898826,-0.05077034983427849,8415.178160132333,-8727.190457892606,103434,131064,-0.839746835443038,4.704742249540132,-0.28648108541965484,-0.16745193675160408,-0.11569608375430107,-0.052831120789051056,-0.006929372204467654,0.03191824536770582,0.09510481730103493,0.17315828800201416,0.48615436404943346,14636
2,-10..-5%,111,235239,2121,-0.0013120249250927168,-0.05057355376932637,8426.61834671306,-8735.257778066918,102989,130669,-0.8388085106382979,4.565118912797282,-0.2843234777450562,-0.16838208138942717,-0.11675294339656829,-0.053196460008621216,-0.007076599635183811,0.03190057352185249,0.09645367860794067,0.17549891769886006,0.49562100648879953,14627
2,-10..-5%,112,234552,2123,-0.0013322170911825722,-0.05079158920286865,8436.25882620463,-8748.733009375705,102568,130458,-0.840168776371308,5.063420158550397,-0.28652647137641907,-0.16859552562236785,-0.1165650114417076,-0.05352553352713585,-0.0071599045768380165,0.031779661774635315,0.09742077142000205,0.17575104534626002,0.48504888653755324,14625
2,-10..-5%,113,233796,2122,-0.0012827022830381354,-0.05072835377721993,8452.178015019934,-8752.068677985097,102233,129997,-0.8357446808510638,5.342015855039637,-0.2902288424968719,-0.1694277673959732,-0.11725541800260544,-0.054449524730443954,-0.007380073890089989,0.031954046338796616,0.09747777879238129,0.17701559960842128,0.4889908778667449,14553
2,-10..-5%,114,232842,2121,-0.0012668128242809941,-0.05065132393496807,8461.619914635496,-8756.587146266744,101598,129714,-0.8371308016877637,5.2811252187177535,-0.2887325370311737,-0.16859180331230164,-0.1173843964934349,-0.054054055362939835,-0.007499999832361937,0.031773291528224945,0.0990681141614914,0.17633596360683423,0.4931494367122649,14545
2,-10..-5%,115,232091,2121,-0.0012295946518230255,-0.05046401902913963,8476.773274570136,-8762.151126906383,101467,129093,-0.8355274261603376,4.884068374534524,-0.2946184742450714,-0.17020523250102998,-0.1185456782579422,-0.0543002225458622,-0.007281668018549681,0.03143712505698204,0.09726170301437391,0.17918443977832793,0.4882239067554472,14493
2,-10..-5%,116,231304,2121,-0.001191332756179555,-0.050592966772336066,8491.656210896088,-8767.216242731402,100948,128907,-0.8368510638297872,4.554286867961775,-0.29121403872966767,-0.1696493938565254,-0.11784785538911818,-0.05456664692610502,-0.007798356935381889,0.032532570883631706,0.09755806922912597,0.17845129072666147,0.48383943855762285,14522
2,-10..-5%,117,230389,2120,-0.0011223655828095955,-0.05096307551419348,8505.518846117271,-8764.099530375188,100442,128468,-0.8427234042553191,4.372223966979227,-0.29495389223098756,-0.17260106801986694,-0.1193899855017662,-0.05533676594495773,-0.008061094209551811,0.03267974033951759,0.09912909567356121,0.18190740644931788,0.4920121920108779,14213
2,-10..-5%,118,229811,2121,-0.001148459846437489,-0.051243678625949904,8514.274099141037,-8778.202804910663,100125,128220,-0.8440506329113924,4.161738974381983,-0.29514051228761673,-0.172343660145998,-0.12039004266262054,-0.0555555559694767,-0.008079000748693943,0.03254234418272972,0.0987989529967308,0.1793280579149723,0.4914229750633239,14146
2,-10..-5%,119,229125,2119,-0.0011864038149664378,-0.051011322734588416,8514.960502657266,-8786.795276761464,99752,127852,-0.8408510638297872,3.9553591457669706,-0.296181510090828,-0.17286680191755294,-0.11949482709169387,-0.05508144199848175,-0.008038310334086418,0.03232826665043831,0.09782791584730145,0.17818677723407744,0.48821344256401056,14027
2,-10..-5%,120,228105,2122,-0.00121115542951311,-0.05156049699418728,8505.273122182673,-8781.543731431735,99281,127380,-0.8421940928270042,4.055492638731597,-0.29164935410022735,-0.17426547408103943,-0.11979988738894462,-0.05525588244199753,-0.008339328691363335,0.033199381083250046,0.0980256326496601,0.18024663552641854,0.4950814202427863,13952
2,-10..-5%,121,227358,2118,-0.001232162469345557,-0.050670712405856966,8498.577530110946,-8778.719524816435,98853,127013,-0.839915611814346,4.197055492638731,-0.2886274224519729,-0.174202261865139,-0.12000198513269424,-0.05607476457953453,-0.00803212821483612,0.03295140713453293,0.10078580379486089,0.17989035695791236,0.5032761538028713,14019
2,-10..-5%,122,226722,2120,-0.0012478150638540455,-0.051192053310913394,8514.428253510117,-8797.335380417222,98527,126745,-0.8354430379746836,4.147157790838531,-0.2910607412457466,-0.17752382904291153,-0.12099511176347733,-0.056108077988028526,-0.008199484087526798,0.03383935708552599,0.10092110931873322,0.18048854172229767,0.5095946073532105,13966
2,-10..-5%,123,225770,2124,-0.0012574316005390124,-0.05143350226878189,8511.941678307423,-8795.832010761142,98123,126199,-0.8312236286919832,4.214043035107587,-0.2940723285079002,-0.17807679995894432,-0.12154843658208847,-0.057276531122624874,-0.008417937904596329,0.03331399615854025,0.10133976116776466,0.1801110841333866,0.5196312844753279,13966
2,-10..-5%,124,225095,2121,-0.0011955723086374936,-0.050721748897974234,8529.042010043244,-8798.159358856006,97881,125735,-0.8286075949367089,4.214722536806342,-0.29076750576496124,-0.17647330462932587,-0.12184873968362808,-0.05759820714592934,-0.008044554851949215,0.03408427909016609,0.10265582799911499,0.18257194012403488,0.5257382690906525,13951
2,-10..-5%,125,224303,2120,-0.001128899756378483,-0.0513687258341049,8547.905523570927,-8801.121125625867,97547,125364,-0.8371914893617021,4.164655211090673,-0.2921200832724571,-0.17798196151852605,-0.12352857366204262,-0.05836928077042103,-0.008339728694409132,0.03372093755751848,0.10129308179020881,0.18400546014308905,0.5248487466573676,13922
2,-10..-5%,126,223531,2121,-0.0010646609054512418,-0.05126124046458953,8559.632520893305,-8797.617237749693,97261,124911,-0.8385654008438819,4.1146305352415995,-0.2965394222736359,-0.17732240334153176,-0.1239815667271614,-0.05742706172168255,-0.008350767195224762,0.03390995133668184,0.10219734981656077,0.18224328011274327,0.5208800584077857,13948
2,-10..-5%,127,222795,2120,-0.0010328168379631424,-0.0512435092424343,8577.082898222236,-8807.189325636211,96878,124522,-0.8339574468085107,4.014805509444121,-0.29761760860681535,-0.17672666162252426,-0.12478577494621276,-0.057952944189310074,-0.008555315434932709,0.034141382202506065,0.10290310084819791,0.18130515217781054,0.5139898139238345,13872
2,-10..-5%,128,222073,2120,-0.0009771568927233823,-0.05103220261469863,8594.953845279924,-8811.954007917671,96555,124087,-0.8468085106382979,4.121200453001133,-0.30141155332326885,-0.17647115066647528,-0.1246002659201622,-0.05835097283124924,-0.008495626505464315,0.03379554860293865,0.1037331268191338,0.18393995389342302,0.5165896642208098,13868
2,-10..-5%,129,221138,2117,-0.001016690870735726,-0.050648405978553246,8574.534595000323,-8799.363580773053,96120,123623,-0.8481012658227849,4.3861834654586636,-0.29979936838150023,-0.1772581309080124,-0.125,-0.05768551304936409,-0.008408124558627605,0.03368845209479332,0.10265839397907262,0.18423333466052988,0.5155701160430874,13813
2,-10..-5%,130,220441,2122,-0.0009850848556610015,-0.05070322392517539,8580.79473821775,-8797.947828884518,95835,123227,-0.8481012658227849,4.334469917896721,-0.2963298466801643,-0.1769885666668415,-0.12533090859651566,-0.05852842889726162,-0.008385814726352692,0.03379354439675808,0.10438933074474342,0.186590414494276,0.5265144652128171,13788
2,-10..-5%,131,219664,2122,-0.00105171504093537,-0.05130990859692229,8572.46960641878,-8803.493539170791,95356,122954,-0.8473417721518988,4.229898074745186,-0.30152899652719495,-0.17661498337984086,-0.12536568343639373,-0.058887931518256664,-0.008229548577219248,0.03416748810559511,0.10441514253616341,0.18753887861967083,0.5266032606363289,13728
2,-10..-5%,132,218851,2122,-0.0009976606710245146,-0.05091579412129373,8576.849072434625,-8795.188107949063,95151,122364,-0.8572765957446808,4.685164212910532,-0.2996066677570343,-0.17845899760723113,-0.12511710822582245,-0.05844881385564804,-0.008491501212120056,0.03448275849223137,0.10307484567165377,0.19113081991672515,0.518099129199982,13725
2,-10..-5%,133,217936,2121,-0.0010047422609953578,-0.050974979143131434,8579.585130243524,-8798.554639635831,94643,121948,-0.8584810126582278,4.839184597961495,-0.3048620665073395,-0.17819923311471939,-0.12749168574810027,-0.05896422266960144,-0.00878892745822668,0.03416399285197258,0.10503050982952133,0.19057575464248652,0.533328468799591,13443
2,-10..-5%,134,217303,2119,-0.001056465665402447,-0.051482790131482714,8572.449726065037,-8802.022884553973,94386,121590,-0.8572151898734177,4.783121719233703,-0.30865518808364867,-0.17947200536727906,-0.12844036519527435,-0.059593021869659424,-0.008966493420302868,0.034539248794317245,0.10536084771156325,0.18879313170909875,0.534826853275299,13385
2,-10..-5%,135,216464,2122,-0.0011313675543858457,-0.05097745253364842,8559.974535905438,-8804.874882198003,93997,121113,-0.8567932489451477,4.527390192471623,-0.3090548634529114,-0.1810792088508606,-0.12815242260694504,-0.05938822589814663,-0.009009009227156639,0.0345192477107048,0.10532501339912415,0.18882237374782562,0.5504430890083308,13246
2,-10..-5%,136,215617,2119,-0.0011088958813014582,-0.05117567952695635,8561.589968045919,-8800.686771284469,93656,120610,-0.8562869198312236,4.377091839023734,-0.30592716693878175,-0.18105018362402917,-0.12845850884914398,-0.059923283755779266,-0.00911162281408906,0.03460540343075991,0.10635158345103271,0.18935331478714926,0.5306242942810041,13204
2,-10..-5%,137,214746,2122,-0.001088033866376674,-0.05133601777230775,8564.356431400947,-8798.007352069877,93210,120198,-0.8537872340425532,4.23800978060927,-0.3062689411640167,-0.1818271741271019,-0.12927940189838408,-0.05995159596204758,-0.008771929889917374,0.034965479746460915,0.1081090733408928,0.19154634475707966,0.5385904586315146,13179
2,-10..-5%,138,214106,2122,-0.0010892147263580408,-0.051228020673396435,8562.538454293639,-8795.74586249529,92935,119863,-0.855404255319149,4.0007031359865,-0.3046301031112671,-0.18205762356519697,-0.12929869294166565,-0.0603011604398489,-0.008988764137029648,0.03445190563797951,0.10830359458923348,0.19201534539461135,0.5249817121028877,13179
2,-10..-5%,139,213231,2122,-0.001029473232902056,-0.051354380056224586,8572.451523755159,-8791.96713068014,92471,119486,-0.8566244725738397,4.149204545454546,-0.30963250577449797,-0.18140661269426345,-0.12997592091560364,-0.060338543727993965,-0.009193548001348972,0.035086045041680336,0.10828801989555366,0.19296673834323877,0.5478987646102905,13159
2,-10..-5%,140,212511,2120,-0.001131207052491662,-0.051197073470775234,8560.33065253893,-8800.724594470936,92174,119058,-0.8565400843881856,4.1346175637393765,-0.31032965928316114,-0.18308692798018456,-0.1307448446750641,-0.06046360358595848,-0.009243001230061054,0.035248166881501675,0.1072031520307064,0.19673453643918037,0.5473515480756759,13136
2,-10..-5%,141,211806,2123,-0.001204525649917754,-0.05167739514298185,8547.042135519181,-8802.167895325632,91876,118654,-0.8565400843881856,4.100566572237961,-0.30829779922962186,-0.18311819732189177,-0.13152134716510772,-0.06122449040412903,-0.009749303571879864,0.034909188747406006,0.10741203129291534,0.19703604727983445,0.5351255798339858,13107
2,-10..-5%,142,211001,2121,-0.0013020893711697041,-0.05151477299689718,8535.955790714566,-8810.697950120717,91421,118304,-0.8573839662447258,3.7802197802197792,-0.31119523257017134,-0.18301654607057571,-0.13167974948883054,-0.06158167589455843,-0.009556356817483902,0.03462670557200909,0.10847834497690201,0.19647129103541325,0.5360130685567854,13052
2,-10..-5%,143,210296,2120,-0.0013102171855818951,-0.051761173982851065,8536.458699332708,-8811.992132591846,91073,117971,-0.850886075949367,4.1346175637393765,-0.30959758669137954,-0.1847459241747856,-0.13294032514095305,-0.06134190410375595,-0.009538625832647085,0.03535486292093992,0.10812388733029371,0.19733626320958103,0.542460370063782,13090
2,-10..-5%,144,209416,2119,-0.0013279396581702863,-0.05159768051435104,8532.902295927248,-8810.994107382621,90607,117595,-0.8514767932489451,4.100566572237961,-0.31258833408355713,-0.18301348388195038,-0.13241830468177795,-0.06099903956055641,-0.009852216579020023,0.03531307727098465,0.10958702117204666,0.19654767215251923,0.5507271885871887,13001
2,-10..-5%,145,208741,2121,-0.0011897023495263126,-0.05127118754948359,8558.588404604357,-8806.92806274682,90341,117151,-0.8553191489361702,4.057584269662921,-0.31538104116916654,-0.185616597533226,-0.13494080007076262,-0.0618494376540184,-0.009978055488318205,0.03508808370679617,0.10840201154351234,0.1968389481306076,0.5373890918493271,13032
2,-10..-5%,146,207930,2120,-0.00118802427910208,-0.05129425298447978,8556.31587704924,-8803.3417654029,89872,116865,-0.8585531914893617,3.9944521497919556,-0.3107206982374191,-0.1850763201713562,-0.13382288813591003,-0.06196019984781742,-0.009900989942252636,0.03566116467118263,0.10973925143480305,0.1995906874537467,0.5526091814041132,12979
2,-10..-5%,147,207154,2121,-0.0011829394589964396,-0.05147089886227812,8562.913329484825,-8807.963970173765,89462,116499,-0.8697872340425532,4.287243030132358,-0.3159959614276886,-0.18503255397081375,-0.1347886472940445,-0.06218148581683636,-0.010041226632893085,0.03514275327324867,0.10877862572669983,0.19982537627220154,0.5374860763549805,12951
2,-10..-5%,148,206261,2120,-0.0011534707148290724,-0.051629555224304055,8564.94182934589,-8802.857852457239,89111,115986,-0.8708860759493671,4.967943302356144,-0.31254404067993163,-0.18574804067611694,-0.13531927168369293,-0.06217532604932785,-0.009809081442654133,0.035147588700056076,0.10878382325172423,0.20000657141208633,0.5509781122207642,12957
2,-10..-5%,149,205654,2117,-0.0012203061662752973,-0.05211192826715441,8561.570201006614,-8812.531045325759,88715,115742,-0.8709704641350211,4.241481272880879,-0.31684795886278155,-0.18701238855719562,-0.13687190413475034,-0.06342389434576035,-0.010036027058959007,0.035778772085905075,0.10988966971635818,0.20041165053844398,0.5518804544210435,12742
2,-10..-5%,150,204913,2117,-0.0012067101222859845,-0.051975276463291954,8558.27454170815,-8805.545132996154,88389,115347,-0.8810212765957447,4.765981413686286,-0.3178835815191269,-0.1861823670566082,-0.135867702960968,-0.06425526924431324,-0.009988488163799047,0.0357142873108387,0.1102622173726559,0.19937662705779072,0.5626228922605522,12658
2,-10..-5%,151,204175,2118,-0.0012348583084504593,-0.051516932450713766,8554.373662522154,-8806.500857650006,88026,115049,-0.8820253164556962,5.282267905754248,-0.3139739549160004,-0.1873021423816681,-0.13647220730781554,-0.06411471962928772,-0.009900989942252636,0.03505220636725426,0.11090706288814543,0.2002657443284986,0.562984039783476,12447
2,-10..-5%,152,203378,2116,-0.0012143058110366167,-0.051585967497035076,8552.856503974972,-8799.819591211944,87663,114606,-0.8825531914893617,5.5709189899558815,-0.3190146052837372,-0.18776148259639738,-0.1375961810350418,-0.0644906759262085,-0.00963855441659689,0.03527815639972687,0.11209957748651511,0.20355825722217527,0.5673294019699098,12449
2,-10..-5%,153,202364,2118,-0.0012523662744948455,-0.05167706242857972,8538.167992794473,-8791.601841566315,87213,114026,-0.8835443037974684,5.155543039519385,-0.32024667263031004,-0.1858145073056221,-0.13656648993492126,-0.06451490335166454,-0.009835461154580116,0.03578098397701979,0.11327589675784111,0.2069961465895176,0.558851361274718,12396
2,-10..-5%,154,201705,2118,-0.0012350689176499805,-0.05147057250026151,8540.9153635868,-8790.034939621379,86902,113681,-0.8820253164556962,4.810546324978879,-0.31595991253852845,-0.1882352977991104,-0.1371859312057495,-0.06467508524656296,-0.009746935218572617,0.036323025822639465,0.1139240488409996,0.20404984056949615,0.5721225857734633,12421
2,-10..-5%,155,200940,2118,-0.0012495044309835505,-0.05160685668148963,8539.168537723419,-8790.243958085248,86604,113232,-0.8821940928270042,4.620083544541444,-0.32071451663970946,-0.1896141827106476,-0.13721652030944823,-0.06515580415725708,-0.010005265474319458,0.03628117963671684,0.11493583023548129,0.20550730526447183,0.5605804824829105,12409
2,-10..-5%,156,200228,2117,-0.0011526479652576743,-0.051962080386265694,8556.76949967837,-8787.561896465955,86386,112814,-0.8811814345991561,4.399887355674458,-0.3223407745361328,-0.19102228283882142,-0.1383040204644203,-0.0648857094347477,-0.009855470154434443,0.036270612850785255,0.1149131022393705,0.20732609108090375,0.5650649446249009,12384
2,-10..-5%,157,199522,2117,-0.001018927166860092,-0.05158357879547088,8573.590159380417,-8776.88854556668,86123,112350,-0.8806751054852321,4.96962441314554,-0.3224038165807724,-0.18989720195531845,-0.138558854162693,-0.06552808731794357,-0.010618809144943953,0.03628287743777037,0.11477466151118283,0.20637211427092528,0.5645765239000298,12370
2,-10..-5%,158,198596,2119,-0.0009564593540374126,-0.051516021818858664,8576.093477327071,-8766.042479201506,85678,111921,-0.8783966244725738,4.9072241579558655,-0.32095436692237855,-0.19116859138011932,-0.13852279186248778,-0.06598574668169022,-0.010568032041192055,0.036191653460264206,0.11343613862991342,0.20289073884487085,0.576045956611634,12375
2,-10..-5%,159,197776,2118,-0.000995420005941379,-0.0517849476329749,8567.930134185619,-8764.800321280693,85248,111497,-0.8771063829787235,4.767605633802817,-0.3201758849620819,-0.1897818848490715,-0.1387126863002777,-0.06645078770816326,-0.011370230000466108,0.035951750352978706,0.11537699103355409,0.2053010918200016,0.5760914987325676,12358
2,-10..-5%,160,196904,2116,-0.00102339419754867,-0.052195124365738,8557.201687348857,-8758.712098422977,84866,110990,-0.8781434599156118,5.284037558685446,-0.322687520980835,-0.19287589490413665,-0.14060520231723783,-0.06628301367163658,-0.011183851398527622,0.03559974581003189,0.11544652730226516,0.20415236204862558,0.5667076158523557,12343
2,-10..-5%,161,196263,2117,-0.0009577536449465676,-0.05204189223634499,8566.846893387208,-8754.818497005388,84629,110578,-0.8772151898734177,5.572769953051644,-0.32278169244527816,-0.19393304735422134,-0.14108792394399644,-0.06688111834228039,-0.010912702418863773,0.03620712924748659,0.11562991663813595,0.20473276004195207,0.5689690709114074,12268
2,-10..-5%,162,195409,2115,-0.0010536495856489955,-0.05200607556052945,8547.49438143086,-8753.386993312937,84109,110306,-0.8765957446808511,5.504065040650407,-0.32580543696880343,-0.19281138107180595,-0.1402188718318939,-0.06775297224521637,-0.011063653975725174,0.03667635563760996,0.11555230095982555,0.2065572209656237,0.5719665372371758,12240
2,-10..-5%,163,194716,2116,-0.000930078010162003,-0.05110953412249616,8552.631117190633,-8733.732187017347,83869,109856,-0.8776371308016878,5.0929152148664345,-0.32484150826931,-0.19186725318431855,-0.13986589461565016,-0.06691716611385345,-0.010773637797683477,0.03649974148720503,0.11685845628380777,0.2064757741987705,0.5739629662036906,12250
2,-10..-5%,164,193971,2119,-0.0008255185206026156,-0.05148769664890076,8565.084325355603,-8725.210978315416,83510,109432,-0.8776371308016878,4.751428571428572,-0.32389624416828156,-0.19381070882081985,-0.1395956128835678,-0.06715990230441093,-0.010850734543055296,0.037466611713171005,0.11846594139933586,0.2048458345234394,0.5734153211116794,12216
2,-10..-5%,165,193123,2115,-0.0008572574150841916,-0.05164853759348686,8555.831380984519,-8721.387504757844,83029,109092,-0.8777215189873417,4.562903600464576,-0.32746535539627075,-0.19305424019694328,-0.14041390269994736,-0.06834025867283344,-0.011137785855680704,0.03783218376338482,0.1177324429154396,0.20773207023739815,0.5859138816595078,11976
2,-10..-5%,166,192204,2118,-0.0008117146429035201,-0.05150450722426004,8551.182004102548,-8707.196805327145,82667,108538,-0.8800851063829788,4.344947735191639,-0.32547301471233364,-0.1940487042069435,-0.1411170780658722,-0.06870948150753975,-0.011312848888337612,0.03800748847424984,0.11857331395149229,0.20991877764463376,0.5898885297775185,11847
2,-10..-5%,167,191596,2117,-0.000814766364052913,-0.051766277164169074,8543.797020287197,-8699.90299657425,82222,108373,-0.8810970464135022,4.306040551957196,-0.3296885475516319,-0.19479779303073883,-0.1416499972343445,-0.06818541139364243,-0.011479096487164497,0.03776476252824068,0.11968353837728504,0.21141637042164801,0.5947778797149669,11658
2,-10..-5%,168,190833,2117,-0.000869509427291337,-0.05182880754017129,8537.59645292525,-8703.527545463554,81870,108040,-0.8813617021276596,4.580587627898245,-0.3320944103598595,-0.19555797800421715,-0.14287798404693602,-0.0693135317414999,-0.011529581155627966,0.03780043590813875,0.11976590231060992,0.2114556930959223,0.5676329654455182,11668
2,-10..-5%,169,190015,2118,-0.0008261780884127643,-0.05250852770877672,8536.375510390866,-8693.361739860627,81642,107420,-0.8823628691983123,4.386150234741784,-0.32978660881519317,-0.19862552434206007,-0.1434610202908516,-0.06875469349324703,-0.011577219236642122,0.038074154406785965,0.12138355374336238,0.21339162960648522,0.5751472520828284,11632
2,-10..-5%,170,189321,2117,-0.0008142498110245397,-0.051733839468708444,8532.290051622082,-8686.444640095038,81204,107138,-0.8801687763713081,4.418661409931475,-0.33476468175649643,-0.19768515974283218,-0.1428571492433548,-0.06814882718026638,-0.011289706453680992,0.038716631941497326,0.12156723067164421,0.21747569739818573,0.605306375026702,11586
2,-10..-5%,171,188500,2115,-0.0008374977437318752,-0.05200185639246215,8525.585216125768,-8683.453540819248,80709,106836,-0.8765400843881856,4.890359523139023,-0.3328170788288116,-0.19928846955299376,-0.14477252066135404,-0.06972801685333252,-0.011695248074829578,0.038223449140787125,0.120463365316391,0.21765765994787192,0.5918224060535402,11595
2,-10..-5%,172,187776,2117,-0.0007026999158037937,-0.05168156644041393,8539.884679694565,-8671.834859084527,80557,106273,-0.8709704641350211,5.049938984323665,-0.3308812230825424,-0.19954433143138886,-0.14455995559692383,-0.06893935054540634,-0.01123595517128706,0.03923390805721283,0.12212033122777938,0.21787776499986622,0.6087620294094078,11587
2,-10..-5%,173,186981,2116,-0.000658496825954218,-0.052114887926270156,8537.750190589435,-8660.876585603188,80244,105816,-0.8717299578059072,4.7824087111611755,-0.3352355819940567,-0.19981685280799866,-0.14393045008182526,-0.06921090558171272,-0.01139076380059123,0.03876247722655535,0.12127961963415149,0.21795403957366943,0.6153482902050017,11604
2,-10..-5%,174,186193,2116,-0.0007846457054172999,-0.05177632912772078,8516.480018681754,-8662.57555651055,79884,105367,-0.8731063829787233,4.62517600675866,-0.3366878044605255,-0.2006958395242691,-0.14582186937332153,-0.06899852305650711,-0.011123708449304104,0.03883302956819534,0.12323272079229385,0.21672321557998653,0.6190568923950204,11573
2,-10..-5%,175,185356,2114,-0.000761125226151734,-0.05166929296405606,8496.042618269417,-8637.121745688011,79466,104981,-0.8760851063829788,4.47967708626678,-0.3337848642468452,-0.2004958711564541,-0.14502543807029722,-0.06996561586856842,-0.011730447877198458,0.038725078105926514,0.12291484028100966,0.218905496597289,0.6156944113969783,11512
2,-10..-5%,176,184615,2112,-0.00083042875179112,-0.05189061576423262,8484.786031700292,-8638.095635712207,79220,104484,-0.8771308016877637,4.307535211267606,-0.33673867732286455,-0.20137068256735802,-0.14603639394044876,-0.07041503861546516,-0.012155728414654732,0.03871101699769497,0.12422437593340874,0.21682573482394218,0.6171869307756433,11556
2,-10..-5%,177,183962,2114,-0.0008723637100229424,-0.05180275140217787,8466.396991483809,-8626.878764307043,78963,104135,-0.8765400843881856,4.582159624413146,-0.33533950090408327,-0.20136792063713074,-0.14692760705947874,-0.07018223404884338,-0.011367944069206715,0.0392580134794116,0.12266598641872409,0.21560399383306472,0.6201818698644592,11530
2,-10..-5%,178,183216,2111,-0.0008572256282839206,-0.051871892663386404,8459.76058136217,-8616.818032073801,78443,103842,-0.8769620253164557,4.523809523809525,-0.3365233466029167,-0.20246482640504837,-0.14733272790908813,-0.07041984423995018,-0.011702453251928091,0.03877162653952837,0.12291953712701797,0.22077995166182518,0.6238349080085754,11476
2,-10..-5%,179,182405,2112,-0.000703912125251141,-0.05115687819919368,8466.228084188895,-8594.625175395358,78141,103356,-0.8734177215189873,4.42018779342723,-0.3338157171010971,-0.20276137664914132,-0.144853113591671,-0.07086116820573807,-0.011972066946327686,0.03904191963374615,0.1230236187577249,0.22319611757993701,0.6171801406145079,11494
2,-10..-5%,180,181536,2113,-0.0006384586745900085,-0.050925936648320715,8461.938488877006,-8577.841722827356,77679,102931,-0.873531914893617,4.892018779342724,-0.33410942554473877,-0.20326922833919525,-0.1466582715511322,-0.07150474190711975,-0.011718520894646645,0.03880894556641579,0.12328767031431198,0.22301597893238068,0.6342165470123291,11401
2,-10..-5%,181,180724,2107,-0.000624275758103105,-0.05107458368187193,8446.098725958509,-8558.920338065966,77241,102571,-0.8745991561181434,5.051643192488264,-0.34341170877218247,-0.20368917211890217,-0.14803629517555236,-0.07210179977118969,-0.012360369320958853,0.04010238032788038,0.12436797246336907,0.2265560030937194,0.6383968377113355,11132
2,-10..-5%,182,180003,2110,-0.0005867595618415927,-0.05097321664743224,8446.722304549043,-8552.340785959199,76941,102179,-0.8734177215189873,4.988385598141696,-0.3356909975409508,-0.20247168093919754,-0.147651307284832,-0.07325124740600586,-0.012354431673884392,0.03909870330244303,0.12496838718652725,0.2238040827214718,0.6343593835830699,11166
2,-10..-5%,183,179193,2112,-0.0006711068548388745,-0.051319172273881844,8429.101351583242,-8549.359002222354,76632,101723,-0.8711392405063292,4.723577235772359,-0.3462514877319336,-0.2035023607313633,-0.14781475067138672,-0.07281088642776012,-0.012325673829764128,0.03965563327074051,0.12568257004022598,0.22511983290314674,0.636028537154197,10886
2,-10..-5%,184,178439,2112,-0.0007211048313688741,-0.05094339964944214,8407.531252898587,-8536.204477903208,76259,101371,-0.8703797468354431,4.56794425087108,-0.3465346086025238,-0.20517505407333372,-0.14899195432662965,-0.07308550924062729,-0.01264957245439291,0.039274923503398895,0.12628513276576997,0.22044558227062222,0.6114796304702752,10885
2,-10..-5%,185,177653,2109,-0.0007829108870859307,-0.05125973833679387,8389.841709850723,-8528.928177674203,75815,100968,-0.8658227848101265,4.423925667828107,-0.3410960575938225,-0.20528038814663888,-0.14955127388238906,-0.07383386418223381,-0.012200969737023115,0.039664012379944324,0.12784498035907768,0.2296868398785591,0.6110995447635639,10838
2,-10..-5%,186,176796,2110,-0.0008497278414897943,-0.05092328433932917,8359.173037746208,-8509.401521210244,75465,100513,-0.8630638297872341,3.5951714285714287,-0.33935224324464797,-0.20576642081141472,-0.14927500784397124,-0.07292654924094677,-0.012506128754466772,0.03983102645725012,0.12604986578226088,0.23010512664914123,0.633466466069221,10872
2,-10..-5%,187,176009,2110,-0.0008306042774858329,-0.05099701505595127,8352.769130585424,-8498.96295886144,75105,100091,-0.8642194092827005,3.5685714285714285,-0.3426456940174103,-0.20649145692586898,-0.149703386425972,-0.07378878816962242,-0.013194939121603966,0.039485822431743145,0.1260759934782982,0.23217272609472278,0.6348219203948976,10834
2,-10..-5%,188,175349,2111,-0.0008318451157291729,-0.050905050699760764,8353.565195316545,-8499.428404514534,74762,99815,-0.865531914893617,3.5393258426966288,-0.34424239993095396,-0.2051871046423912,-0.149455264210701,-0.07398557290434837,-0.012711729388684034,0.04016807675361633,0.12569069117307663,0.23388229683041573,0.6606934577226646,10866
2,-10..-5%,189,174553,2113,-0.000951102275701248,-0.05168018492709128,8325.323933168034,-8491.341688698567,74403,99368,-0.8691063829787234,3.6171428571428574,-0.3441299697756767,-0.20645173490047455,-0.15022301971912383,-0.07458094321191311,-0.012716289144009352,0.0400907201692462,0.1259454861283303,0.2322997659444805,0.648871250748626,10730
2,-10..-5%,190,173780,2108,-0.0009681342509732752,-0.050798533610840725,8314.044375393169,-8482.286745527272,74037,98922,-0.8723404255319149,3.5942857142857134,-0.34694038540124894,-0.20721918493509292,-0.1501840904355049,-0.07441935129463673,-0.013112932443618774,0.03931311424821615,0.12506297975778602,0.23000091910362225,0.6573403322696671,10778
2,-10..-5%,191,173028,2108,-0.0009714110934686441,-0.050526808777192324,8301.427019615676,-8469.508338296382,73727,98484,-0.8734177215189873,3.605714285714286,-0.3466391408443451,-0.20624421536922455,-0.1518184244632721,-0.07484162598848343,-0.01343240961432457,0.038774192333221436,0.12304369658231733,0.22567013800144192,0.6654574656486489,10797
2,-10..-5%,192,172248,2106,-0.0009839639486959263,-0.05075215468108055,8289.341644423514,-8458.827466658482,73420,98013,-0.8759148936170212,3.5507156367331962,-0.34458368420600893,-0.20562567412853242,-0.15072646439075468,-0.07500000298023224,-0.012973158620297909,0.0390625,0.12596621513366704,0.22667316198348997,0.6533900856971748,10765
2,-10..-5%,193,171410,2112,-0.0009044906114019624,-0.05037148894283333,8292.48746987683,-8447.526205577224,72984,97634,-0.8769620253164557,3.4491853673532127,-0.3480793136358261,-0.20599987506866455,-0.15304308384656906,-0.07532439567148685,-0.013152254279702902,0.038735855370759964,0.1261006891727448,0.22598091438412676,0.6756033396720884,10754
2,-10..-5%,194,170674,2111,-0.000903825740634,-0.050596416497143415,8279.219316142637,-8433.478870599623,72613,97282,-0.8762025316455696,3.489969432579607,-0.34940791487693784,-0.20864658802747726,-0.15182645618915558,-0.0763053260743618,-0.012636899948120117,0.038779374212026596,0.12619426250457777,0.23163640201091776,0.641069506406784,10719
2,-10..-5%,195,169940,2107,-0.0009221966195663525,-0.05072934924955272,8267.715335168068,-8424.43342869718,72346,96836,-0.8760337552742616,3.632684872163405,-0.3510266253352165,-0.20982856228947638,-0.1540209949016571,-0.07648480124771595,-0.013230249285697937,0.03915970027446747,0.12735376060008985,0.23143553808331477,0.6500751739740394,10682
2,-10..-5%,196,169199,2108,-0.0009964857745388466,-0.05017785247557912,8240.830718676783,-8409.435115243003,71936,96521,-0.8808510638297873,3.6478673657361487,-0.35247468560934064,-0.21080069839954377,-0.15500808358192442,-0.07667512819170952,-0.013231955468654633,0.03883046563714743,0.12629556208848958,0.22897243648767446,0.6495797687768933,10630
2,-10..-5%,197,168442,2109,-0.001133782713857698,-0.04995618649399751,8211.522797660715,-8402.499425548327,71567,96119,-0.8818565400843882,3.745035324601713,-0.35433777421712875,-0.21328703314065933,-0.15575238317251205,-0.07831883616745472,-0.013669905252754688,0.038955291733145714,0.1254347637295723,0.23105988278985023,0.6611452311277406,10406
2,-10..-5%,198,167678,2112,-0.0011404612852095816,-0.05070380436558665,8194.573003312373,-8385.803270693772,71168,95689,-0.8823628691983123,3.7136972193614826,-0.3520076125860214,-0.21375237852334975,-0.15476059317588806,-0.07730111852288246,-0.013452914543449879,0.03943086229264736,0.1264905482530594,0.2343208536505699,0.6453254210948884,10395
2,-10..-5%,199,166747,2110,-0.0010579232222472624,-0.04967369428347462,8179.604991304668,-8356.010514844726,70788,95154,-0.8912340425531915,4.077086834733894,-0.3573578381538391,-0.21463257372379302,-0.1561139315366745,-0.07781226187944412,-0.013054673559963703,0.04007820039987564,0.12979637086391455,0.23564203679561624,0.6393363237381011,10089
2,-10..-5%,200,165874,2105,-0.0011278241151692623,-0.04972649917309949,8159.514315770164,-8346.591013049734,70331,94755,-0.8921518987341772,4.043417366946779,-0.3612555065751076,-0.2149062417447567,-0.15778548419475555,-0.07846773415803909,-0.013654552400112152,0.04016765020787716,0.12832194268703442,0.23103085234761217,0.6446274638175964,10102
2,-10..-5%,201,165206,2108,-0.0011794912135306306,-0.05003382212564581,8143.566555261847,-8338.425580684392,70030,94402,-0.890295358649789,4.034777777777777,-0.35618021607398986,-0.2131744921207428,-0.15624818205833435,-0.0779874250292778,-0.013144008815288544,0.04006284475326538,0.13015286326408396,0.23095575869083387,0.6448847746849041,10113
2,-10..-5%,202,164508,2107,-0.0011460964090776002,-0.05042741458260152,8136.412651145008,-8324.954679209546,69683,94024,-0.8880168776371308,4.001388888888888,-0.3584692057967186,-0.214490270614624,-0.1579729452729225,-0.07892140932381153,-0.013306773267686367,0.04054794833064079,0.13014036118984224,0.23266108632087676,0.6482570439577096,10120
2,-10..-5%,203,163543,2108,-0.001157041358617685,-0.050220350893797054,8113.609813297564,-8302.835828209949,69299,93501,-0.8869198312236287,4.062905027932961,-0.35912425458431246,-0.2179600343108177,-0.15935250222682953,-0.07861783728003502,-0.013309432193636894,0.04081461112946272,0.13205658644437787,0.23976211100816705,0.6598212736844997,10112
2,-10..-5%,204,162889,2104,-0.0011513805248500697,-0.04974927627491862,8106.90602606487,-8294.453248377175,68973,93165,-0.8821097046413502,4.029329608938547,-0.3582606589794159,-0.21834255456924437,-0.15835746377706525,-0.07854852639138699,-0.013660710770636797,0.04003795888274908,0.13180518001317978,0.2388569846749301,0.6616769123077393,10090
2,-10..-5%,205,162028,2109,-0.001180564139837878,-0.04941422014371973,8082.530971824934,-8273.815418274593,68506,92787,-0.8811814345991561,4.048942867489345,-0.3526250392198563,-0.21908334270119667,-0.15901410579681396,-0.07911364920437336,-0.013649191707372665,0.04064502939581871,0.13117267191410065,0.23538778722286224,0.6746647864580158,10056
2,-10..-5%,206,161314,2103,-0.0011930262708657834,-0.04950292022984534,8057.959740786933,-8250.411580645388,68220,92339,-0.8811914893617021,4.015460040669656,-0.35287508368492126,-0.21756118535995483,-0.1598115861415863,-0.07893595471978188,-0.01335070002824068,0.03999999910593033,0.13350626826286316,0.23406051844358444,0.675505131483078,10051
2,-10..-5%,207,160396,2105,-0.0012376617783575626,-0.05003616276189786,8035.16146804219,-8233.677466643605,67889,91793,-0.8821940928270042,3.966480446927375,-0.35885375410318376,-0.21826903969049455,-0.1592849537730217,-0.08003603480756283,-0.013745269738137722,0.04038853384554386,0.1293117567896843,0.2347961679100983,0.6806733494997039,10042
2,-10..-5%,208,159576,2104,-0.0011752653949271873,-0.0493331280029972,8014.664230259769,-8202.208380920669,67566,91279,-0.8810126582278481,3.8739495798319323,-0.3573869302868843,-0.21953273192048073,-0.16020461171865463,-0.0796604361385107,-0.013150999788194895,0.039607416838407516,0.13060762733221054,0.2334580309689045,0.6927847921848241,9986
2,-10..-5%,209,158698,2096,-0.0011876212873183592,-0.04999416402416507,7987.720758901465,-8176.193881956329,67302,90705,-0.8811814345991561,3.9527842001169953,-0.3604410350322723,-0.21865626871585844,-0.16075859665870668,-0.0793081596493721,-0.013391637243330479,0.04002668336033821,0.13208746314048764,0.2332287073135364,0.6734710073471065,9977
2,-10..-5%,210,157933,2100,-0.0012893839399863872,-0.04938624352951384,7960.0348768945805,-8163.671150688463,66832,90416,-0.8818565400843882,3.8712328767123294,-0.357375807762146,-0.222430220246315,-0.16017710864543916,-0.08031999319791794,-0.013952339068055153,0.03941908851265907,0.13255779445171348,0.23462707400321955,0.6679493260383609,9917
2,-10..-5%,211,157195,2101,-0.0013241556225870143,-0.04899201172017739,7936.136062890753,-8144.286705983283,66481,89987,-0.8818565400843882,3.8828625074677827,-0.35825293004512787,-0.21912622153759004,-0.1602565586566925,-0.08013394102454185,-0.013784460723400116,0.040410568937659264,0.13324258923530607,0.23877930045127807,0.6669251883029932,9863
2,-10..-5%,212,156395,2099,-0.0013199792815357684,-0.04882553369660065,7916.55348889557,-8122.991648631334,66043,89672,-0.885531914893617,3.9661016949152543,-0.3608475852012634,-0.21907693445682525,-0.16172184944152831,-0.0808599665760994,-0.013849755749106407,0.040816325694322586,0.13297286331653588,0.2382433295249927,0.6678968644142153,9917
2,-10..-5%,213,155759,2102,-0.0013647451116137461,-0.04798370115459842,7899.462564057753,-8112.033897897593,65715,89360,-0.8864978902953586,4.001280191175216,-0.35830279767513273,-0.2203519359230995,-0.16113194227218627,-0.0827786847949028,-0.014492753893136978,0.04081575386226177,0.13355125784873978,0.23960071802139263,0.6797457611560846,9623
2,-10..-5%,214,154968,2102,-0.001455456353202772,-0.04866220264826222,7880.055391442298,-8105.604551585407,65379,88909,-0.8835443037974684,4.062905027932961,-0.36751460552215576,-0.22221559882164002,-0.16171148419380188,-0.08351439982652664,-0.014990630559623241,0.041401274502277374,0.1335393160581589,0.24383819699287373,0.6892658829689022,9593
2,-10..-5%,215,154371,2102,-0.0014751748900376906,-0.04814603174802309,7864.971228039867,-8092.695450989852,65148,88530,-0.8835443037974684,4.197637072723102,-0.3694235509634018,-0.2245989292860031,-0.1628861606121063,-0.08202788606286049,-0.014823144301772118,0.041549669578671455,0.13471965193748475,0.24135089069604726,0.6771850359439818,9295
2,-10..-5%,216,153416,2102,-0.0014597198444065733,-0.048360698695449136,7847.25631257726,-8071.200692226727,64749,88053,-0.8844725738396625,4.163168157834365,-0.36866212368011475,-0.2242439344525337,-0.16260483264923095,-0.08290847763419151,-0.014390646014362574,0.04188202880322933,0.13396327346563347,0.24062014818191527,0.6978698122501371,9318
2,-10..-5%,217,152665,2101,-0.0014724708627642756,-0.04744219926596829,7818.9639162870935,-8043.758680550989,64385,87617,-0.8837974683544304,4.178628571428571,-0.3690278643369675,-0.2225490316748619,-0.16289445906877514,-0.08375158719718456,-0.01459816750138998,0.040625943802297115,0.1350214168429375,0.24552068635821295,0.6934464854001995,9320
2,-10..-5%,218,151862,2101,-0.0014340324983026374,-0.04810005396076911,7802.023064150592,-8019.79810740786,64044,87208,-0.8845106382978724,4.222648033424578,-0.37071976244449617,-0.22437714636325834,-0.16367573142051695,-0.08419978991150856,-0.014440433122217655,0.04186033830046654,0.13575812280178082,0.2501937985420222,0.6963524758815777,9315
2,-10..-5%,219,150984,2095,-0.0015118602250459433,-0.048471528529021375,7776.259294928336,-8004.52599914667,63628,86698,-0.8854852320675106,4.188013254574269,-0.3682079753279686,-0.22528497576713563,-0.16284552067518235,-0.08281482197344303,-0.014724573120474815,0.041710142977535725,0.1368654191493988,0.2521786987781523,0.6843611729145027,9322
2,-10..-5%,220,150274,2098,-0.001633669499844071,-0.04832850587046266,7746.93757925356,-7992.435629673141,63249,86348,-0.8838818565400843,3.9480958935535666,-0.3702480697631836,-0.22634148597717285,-0.16363328397274016,-0.0833854153752327,-0.01465851254761219,0.0416666679084301,0.13528321981430078,0.252933466434479,0.6916188263893089,9269
2,-10..-5%,221,149516,2099,-0.0016160860137098107,-0.04767681732238798,7726.382166857339,-7968.012883283137,62979,85932,-0.8840506329113924,4.08,-0.3692592418193817,-0.22500764429569242,-0.1646619915962219,-0.0833333358168602,-0.014492753893136978,0.04137931019067764,0.13330104351043712,0.24999602437019347,0.6883201074600215,9305
2,-10..-5%,222,148712,2101,-0.0016644943531070897,-0.04726722629580573,7693.516405927933,-7941.046690167204,62656,85439,-0.8843037974683544,4.123181097824522,-0.3735622465610504,-0.22899044156074524,-0.16621039509773256,-0.08407849073410034,-0.015120967291295528,0.04189944267272949,0.1357627391815185,0.24886216223239752,0.699112336635588,9277
2,-10..-5%,223,147985,2101,-0.0017513764341321584,-0.047592296960016746,7678.378442941159,-7937.555884546197,62304,85059,-0.8850632911392405,4.238497109826589,-0.3740977668762207,-0.22792018428444863,-0.16709060221910477,-0.08452027291059494,-0.014697574079036713,0.04140739515423775,0.1355296939611442,0.24743718057870828,0.6987929946184205,9258
2,-10..-5%,224,147192,2100,-0.0017479264734355559,-0.0471561842354156,7660.913611110807,-7918.194404588727,61816,84721,-0.8851063829787233,4.203757225433526,-0.3722113010287285,-0.22716087996959686,-0.16682185828685758,-0.08473112992942333,-0.015294982586055994,0.040968792513012886,0.13524910807609622,0.24870238602161396,0.6867443615198124,9228
2,-10..-5%,225,146430,2097,-0.0016868093746882327,-0.04792575832187131,7654.046900590833,-7901.046397326403,61561,84256,-0.8860759493670887,4.163874643874644,-0.371730275452137,-0.22576210647821426,-0.16729670017957687,-0.0853918232023716,-0.015992355532944202,0.04070037975907326,0.13556067645549774,0.24927454069256783,0.6991609930992126,9176
2,-10..-5%,226,145645,2100,-0.0015544232267207774,-0.04782383667787236,7653.121712057327,-7879.515682913086,61260,83732,-0.8855696202531645,4.12962962962963,-0.37342848658561706,-0.22637132480740546,-0.1666359633207321,-0.08454842865467072,-0.015521750319749117,0.04227984603494406,0.13584617078304298,0.2491381615400313,0.695704129934307,9188
2,-10..-5%,227,144861,2102,-0.0015363096695177776,-0.047531475834808115,7638.1644766899635,-7860.715831725967,60932,83293,-0.8860759493670887,4.138728323699422,-0.3701253768801689,-0.22729035168886186,-0.16703526973724364,-0.08509261719882488,-0.015173291321843863,0.042377643287181854,0.1367288410663606,0.24984627366065976,0.7157040977478023,9178
2,-10..-5%,228,144195,2099,-0.0015711488335794076,-0.047663219589214295,7624.201631260693,-7850.753437318676,60514,83058,-0.8852320675105485,4.013530827161651,-0.37465023845434187,-0.22816578671336174,-0.16735663264989853,-0.08543518930673599,-0.015696220099925995,0.041427320800721645,0.1357068419456482,0.24949780851602554,0.7293984234333076,9166
2,-10..-5%,229,143494,2096,-0.0016436688644925397,-0.04776671781980607,7601.905088055626,-7837.761708097153,60136,82714,-0.8818565400843882,4.212337114465173,-0.375377002954483,-0.2289595827460289,-0.167907577753067,-0.0864284411072731,-0.016068734228610992,0.04214559495449066,0.13697267174720773,0.2530927956104275,0.7410036706924459,8875
2,-10..-5%,230,142704,2097,-0.0015801559153773347,-0.04704836247340393,7587.767885339403,-7813.26245508742,59831,82264,-0.8815189873417721,4.6639480016249495,-0.3795199483633041,-0.2290375202894211,-0.16806902587413788,-0.08646714687347412,-0.015703517943620682,0.042420946061611176,0.1374632656574251,0.25482681095600074,0.7399717473983757,8827
2,-10..-5%,231,141791,2099,-0.0016471807197148086,-0.047648200280520574,7559.395982269299,-7792.951383698385,59420,81771,-0.8811814345991561,4.626386675416393,-0.38395670652389524,-0.2309090942144394,-0.1703752875328064,-0.08650261163711548,-0.016597511246800423,0.04246284440159798,0.13925087451934814,0.25672656297683716,0.7312388181686412,8541
2,-10..-5%,232,141082,2096,-0.0017691598594349177,-0.047436181278576496,7528.92076166986,-7778.517372958679,59086,81422,-0.8808438818565401,4.754031746031746,-0.38546850681304934,-0.23430638015270233,-0.17236072123050689,-0.08749145269393921,-0.017134832218289375,0.042635660618543625,0.13873784840106965,0.2636401414871211,0.7366397404670713,8577
2,-10..-5%,233,140276,2096,-0.0018442051125351056,-0.0478616983721888,7500.841781079719,-7759.539497445683,58808,80899,-0.8806751054852321,4.870319989635963,-0.3872590410709381,-0.23377792835235595,-0.17078161239624023,-0.08787617087364197,-0.01732500083744526,0.042449191212654114,0.14056269824504852,0.26488000750541635,0.7382979393005377,8525
2,-10..-5%,234,139493,2095,-0.001983107674847292,-0.048575744875901626,7463.719926845462,-7740.349565732931,58322,80583,-0.880759493670886,4.83139007643477,-0.385950830578804,-0.23174012452363968,-0.16996634751558304,-0.08821067214012146,-0.016921481117606163,0.042484768666327,0.14038097858428955,0.26103901118040085,0.7351886957883839,8556
2,-10..-5%,235,138766,2095,-0.0018969783899786955,-0.04765139144496147,7456.004179530483,-7719.240282794266,58022,80187,-0.8819574468085106,4.735822784810126,-0.38567012786865235,-0.2351432889699936,-0.17075859010219574,-0.0881132110953331,-0.017374517396092415,0.042881645262241364,0.1392813086509705,0.26320745348930336,0.7415340995788579,8573
2,-10..-5%,236,137970,2092,-0.0018011920317905134,-0.047100882041348116,7444.871600247095,-7693.38206487322,57619,79767,-0.8829535864978904,4.865760517799353,-0.38383675217628477,-0.23472805768251417,-0.17109249234199522,-0.08782517164945602,-0.016178736463189125,0.044226065278053284,0.14153898954391478,0.26405202448368065,0.7662656736373905,8499
2,-10..-5%,237,137028,2097,-0.0016329900232174984,-0.047669758433580615,7445.369937414614,-7669.135294316055,57283,79192,-0.8826160337552743,4.9292608999766845,-0.3829424521327019,-0.2331434868276119,-0.17217840850353242,-0.0879544485360384,-0.01670951209962368,0.043635948561131954,0.13972940146923082,0.26546826958656256,0.7566251856088699,8540
2,-10..-5%,238,136089,2096,-0.0015386673327711068,-0.04705088544002873,7424.01466263486,-7633.410361284345,56768,78746,-0.8820253164556962,4.955644028103045,-0.3818567967414856,-0.23529411852359772,-0.1721039906144142,-0.08793501555919647,-0.017337186262011528,0.04290837701410055,0.13961507827043532,0.2653317853808401,0.7701255786418937,8524
2,-10..-5%,239,135277,2093,-0.0014737316131863026,-0.046528616219812996,7416.333275871605,-7615.6952673086025,56431,78273,-0.8816877637130802,4.80607305936073,-0.3839795482158661,-0.2356871634721756,-0.17067363858222961,-0.08773703873157501,-0.01670597493648529,0.043308498337864876,0.14097493886947632,0.2692734867334366,0.7756512701511326,8427
2,-10..-5%,240,134443,2094,-0.001523252314040329,-0.046667006853006,7385.234334781884,-7590.0249456384245,55935,77988,-0.8814345991561181,5.241548146421078,-0.384656720161438,-0.23595930635929108,-0.17234614491462708,-0.08942867815494537,-0.0173469390720129,0.04348699375987053,0.1393706858158113,0.27104305028915393,0.7514100265502961,8457
2,-10..-5%,241,133639,2098,-0.001541659406806082,-0.04709802597945338,7358.468008366325,-7564.49382983247,55599,77511,-0.8813502109704642,5.528328281650735,-0.38852904677391054,-0.2399586722254753,-0.1740663930773735,-0.0888318419456482,-0.017628886736929417,0.0430886996909976,0.14208208173513417,0.2692280128598213,0.7609417259693151,8442
2,-10..-5%,242,132783,2095,-0.0014670011416080958,-0.046827868562475006,7336.52004604151,-7531.312858627656,55301,76919,-0.8813502109704642,5.557377049180329,-0.38813691318035126,-0.2365294426679611,-0.17233080863952638,-0.0889049582183361,-0.017126714810729027,0.04359004460275173,0.14018822014331817,0.2725047171115868,0.7799046814441681,8383
2,-10..-5%,243,131955,2098,-0.001478798552873275,-0.04712572776000516,7313.058841579427,-7508.193704623824,54918,76490,-0.8806751054852321,5.392694063926941,-0.3848490679264069,-0.23584105521440504,-0.17265215069055556,-0.0890649314969778,-0.017414952628314495,0.043086119927465916,0.1444374471902848,0.26711922138929356,0.7767212802171732,8390
2,-10..-5%,244,131134,2094,-0.0016024317185823259,-0.04687243888444041,7273.229475082969,-7483.362756067517,54616,75972,-0.8809282700421941,5.39853747714808,-0.3777659475803375,-0.2359052710235119,-0.17316579073667526,-0.08858486823737621,-0.017075358889997005,0.043951524421572685,0.14502475410699844,0.26992660015821457,0.7720271170139312,8336
2,-10..-5%,245,130430,2096,-0.0017973777371002183,-0.04740307695784991,7231.665596637595,-7466.097574887577,54304,75597,-0.8810126582278481,4.994058500914076,-0.38463551610708235,-0.24037274047732354,-0.17490085065364838,-0.08995418436825275,-0.01785714365541935,0.04323624633252621,0.14622468799352642,0.2701684206724164,0.761425331234932,8074
2,-10..-5%,246,129554,2093,-0.0019155939788251155,-0.0467545099635552,7195.071142772648,-7443.244005105362,53838,75178,-0.8804219409282701,4.735483870967742,-0.3840637505054474,-0.24198006093502045,-0.1745876908302307,-0.09009242057800293,-0.018315019086003304,0.04315197095274925,0.14541533589363106,0.2706930041313171,0.7568448376655574,8057
2,-10..-5%,247,128855,2093,-0.002015675174019814,-0.047234894466753996,7164.15747501874,-7423.887299567044,53570,74750,-0.8767088607594937,4.566129032258064,-0.390515074133873,-0.24389027804136276,-0.17749419808387756,-0.09212944656610489,-0.018939394503831863,0.043691739439964294,0.1484217643737793,0.2707095295190811,0.7682006061077118,7751
2,-10..-5%,248,127950,2097,-0.00213377427150696,-0.04691365199733457,7120.8599246484455,-7393.876342687765,53053,74388,-0.8774468085106383,4.599967741935483,-0.39247972846031187,-0.24425206780433653,-0.17714120447635648,-0.09160305559635162,-0.01885761134326458,0.04365720599889755,0.14873132407665257,0.2750340163707726,0.8130739831924424,7745
2,-10..-5%,249,127237,2094,-0.002052945174740797,-0.04695748258614509,7108.652898642255,-7369.863483840742,52865,73884,-0.8809361702127659,4.529032258064516,-0.392589271068573,-0.2437218725681305,-0.17912913858890533,-0.09212283045053482,-0.019189979881048203,0.0436507947742939,0.15141956508159637,0.2767438590526581,0.8031637072563171,7701
2,-10..-5%,250,126264,2094,-0.002034305264314823,-0.04612630991308752,7073.727720288548,-7330.5872401819815,52491,73265,-0.8826382978723404,4.474193548387096,-0.39663638710975646,-0.24437264800071717,-0.1778886765241623,-0.09098002314567566,-0.01903030276298523,0.04432784020900726,0.1478382229804994,0.2778613328933715,0.8053415155410768,7717
2,-10..-5%,251,125509,2093,-0.0020862276880029337,-0.04521378770351725,7045.292203981864,-7307.13255487544,52197,72795,-0.890127659574468,4.612903225806451,-0.3945279783010483,-0.2429092586040497,-0.17729471623897552,-0.09183930978178978,-0.019299404695630074,0.044379787519574165,0.14782319068908695,0.2707036048173903,0.7852786731719985,7775
2,-10..-5%,252,124691,2094,-0.0020956601415827543,-0.04603448622841144,7023.044068638597,-7284.35402735269,51748,72406,-0.8910548523206752,4.554838709677419,-0.39027082920074463,-0.24477417021989822,-0.18017514050006866,-0.09172428399324417,-0.01906713843345642,0.044550489634275436,0.15218223631381989,0.2810710221529007,0.8078864216804504,7651
2,-10..-5%,253,123927,2095,-0.0023003221749808987,-0.045782045348371964,6974.958611567312,-7260.030637746162,51426,72016,-0.8910638297872341,4.629226583754372,-0.3986003541946411,-0.24715118259191513,-0.18048084974288942,-0.09149219840765,-0.01896207593381405,0.04413488507270813,0.1490201056003571,0.2760916918516149,0.7939467620849501,7695
2,-10..-5%,254,123163,2093,-0.0025414253778754223,-0.04510408593833277,6930.089545515768,-7243.099119331045,51050,71644,-0.8919831223628691,4.517714285714286,-0.3918340754508972,-0.24771519005298615,-0.18148026168346404,-0.09190073609352112,-0.01976347342133522,0.04407951608300209,0.14914898872375487,0.2798668503761288,0.7901545906066885,7689
2,-10..-5%,255,122445,2093,-0.002609201364578339,-0.0459070533822767,6902.006926840795,-7221.4905879265625,50694,71279,-0.8921518987341772,4.6273481020857625,-0.39792439103126526,-0.24822500348091125,-0.18280771374702454,-0.09278350323438644,-0.01953125,0.0441988967359066,0.1498645573854446,0.2756733834743496,0.8109317469596854,7649
2,-10..-5%,256,121635,2095,-0.0026430520752874424,-0.04646252142236146,6874.179062287222,-7195.666701464806,50388,70756,-0.8895358649789029,4.62485436893204,-0.39225239455699923,-0.24540387094020844,-0.18102528154850006,-0.09289690479636192,-0.018568232655525208,0.04453739896416664,0.15212981402873993,0.275218203663826,0.8135418057441709,7631
2,-10..-5%,257,120721,2094,-0.0027160652944219284,-0.04604074444509469,6834.934587426648,-7162.820705834561,50001,70246,-0.8888510638297873,4.588681672025724,-0.3967369347810745,-0.24773175641894338,-0.18162734806537625,-0.09255936369299889,-0.01909474842250347,0.044263903982937336,0.15099266022443772,0.27894218713045016,0.7971582591533651,7610
2,-10..-5%,258,119982,2096,-0.0028493425411503016,-0.047081120611976425,6800.485795599596,-7142.355612371872,49603,69886,-0.8914893617021277,4.622977346278318,-0.3978169655799866,-0.24769276082515715,-0.18406220078468322,-0.09326425194740295,-0.019975030794739723,0.04374999925494194,0.15005042552947992,0.27692182660102815,0.7909708261489864,7589
2,-10..-5%,259,119181,2093,-0.0028359982526636263,-0.045786593975646515,6764.840000576452,-7102.837108327164,49332,69389,-0.8936170212765957,4.586816720257235,-0.39934753566980363,-0.2457213282585144,-0.18288757055997848,-0.09240210615098476,-0.019586993381381035,0.04524809122085571,0.15002439618110666,0.2787117406725877,0.8138234317302704,7580
2,-10..-5%,260,118289,2092,-0.002936832230107981,-0.04522604124532606,6737.733662948556,-7085.128610615805,48885,68931,-0.8945147679324894,4.852179995336909,-0.40162429690361023,-0.24757209420204163,-0.1829132616519928,-0.09263557940721512,-0.019999999552965164,0.04532806947827339,0.1533866524696353,0.27777949571609406,0.8291479206085214,7505
2,-10..-5%,261,117633,2097,-0.002992744142538741,-0.0454535635574729,6709.715777476394,-7061.7612491956515,48609,68570,-0.8927426160337553,5.010725110748427,-0.3991797935962677,-0.2493804693222046,-0.18635943830013274,-0.09528528898954391,-0.02099236659705639,0.045333921909332275,0.1518725901842117,0.2809611856937407,0.833269293308255,7249
2,-10..-5%,262,116945,2095,-0.0029892160705366137,-0.04556307481515775,6686.787086434591,-7036.360959803492,48246,68222,-0.8922362869198313,5.037470725995317,-0.4016788527369499,-0.2504529729485512,-0.18687471002340317,-0.09423748776316643,-0.020752004347741604,0.045054676942527294,0.15521106123924255,0.2769525423645973,0.8447473496198654,7276
2,-10..-5%,263,116071,2095,-0.0030274757691662415,-0.04500983096075223,6653.606371053901,-7005.008511056788,47899,67718,-0.893531914893617,4.885844748858448,-0.4032732114195824,-0.2526614904403687,-0.18980338126420976,-0.0962304137647152,-0.021547948010265827,0.04514737240970135,0.15653497874736788,0.278767791390419,0.8585863208770754,6942
2,-10..-5%,264,115404,2098,-0.0031501474722061256,-0.04451894114819222,6620.173231848597,-6983.7128507310745,47611,67359,-0.8944303797468355,4.891224862888483,-0.4091985559463501,-0.2550049602985382,-0.1905367761850357,-0.09748585522174835,-0.021172137930989265,0.04526679590344429,0.15669410526752475,0.27947643399238586,0.8367960929870566,6977
2,-10..-5%,265,114496,2093,-0.0032744869285718514,-0.044836872098559716,6582.04014091469,-6956.955796288438,47108,66934,-0.8940928270042194,4.63071297989031,-0.4061085879802704,-0.2592061161994934,-0.19093117117881775,-0.09657321125268936,-0.019999999552965164,0.04540004953742027,0.15755890309810638,0.2797871530056,0.8146784067153942,6921
2,-10..-5%,266,113729,2095,-0.0033450649197912206,-0.04457812758456291,6548.918894239668,-6929.3497825026325,46741,66555,-0.8938396624472574,4.687631658140235,-0.40570111453533175,-0.2569658726453781,-0.1902290344238281,-0.0969986543059349,-0.019692255184054375,0.045301368460059166,0.15698024332523353,0.2776054918766019,0.8156869840621903,6895
2,-10..-5%,267,112850,2098,-0.0034600263409333516,-0.04447286780534856,6512.595366875249,-6903.059339449573,46368,66065,-0.8939240506329114,5.1969027060811595,-0.40961548119783403,-0.2587373241782188,-0.1902016133069992,-0.09853973053395748,-0.020405911840498447,0.04387265536934137,0.15479526668787005,0.2794366136193274,0.8264269316196438,6902
2,-10..-5%,268,112120,2096,-0.0033922455030084278,-0.04392556328514656,6498.4009252640135,-6878.739491061312,46030,65644,-0.8935864978902954,5.481631519248131,-0.4090254104137421,-0.2572850465774536,-0.19199046790599822,-0.0977821983397007,-0.01994987577199936,0.044721582904458046,0.1553943455219269,0.2811481893062574,0.841328874826427,6915
2,-10..-5%,269,111222,2095,-0.003453873504383448,-0.043588293675490365,6463.940967967509,-6848.087686872032,45628,65207,-0.8928270042194093,5.07189981249566,-0.40544666767120363,-0.2584877714514732,-0.19292558133602142,-0.09881779737770557,-0.02063500229269266,0.04493541084229946,0.15791521221399316,0.2815632387995717,0.8403407186269723,6870
2,-10..-5%,270,110490,2091,-0.0033710392721803617,-0.043428741752735193,6438.217289795792,-6810.683418979,45333,64758,-0.8915611814345992,4.731591009051136,-0.4122538506984711,-0.25887266993522645,-0.19188530445098875,-0.0977596715092659,-0.020954249426722527,0.045186638832092285,0.15410948991775528,0.2835886836051938,0.8484144401550257,6865
2,-10..-5%,271,109592,2090,-0.0034844199783854238,-0.04322167335599392,6397.375147468242,-6779.239701739465,44899,64275,-0.8919831223628691,4.54371628972893,-0.40266153216362,-0.25962214171886444,-0.1942232996225357,-0.09891344234347343,-0.02099328301846981,0.04444449581205845,0.15427927672863007,0.2826310992240906,0.8441807925701141,6851
2,-10..-5%,272,108828,2092,-0.003641615809096212,-0.04401284379606849,6362.246558780013,-6758.556324052344,44449,63948,-0.8912236286919831,4.326512187782125,-0.40246126890182493,-0.2566845238208771,-0.19234615564346313,-0.09913043677806854,-0.02143784612417221,0.046357616782188416,0.15504856407642362,0.28436872959136955,0.8348327469825745,6829
2,-10..-5%,273,107903,2094,-0.00367738167814635,-0.04375545701105579,6326.902481052336,-6723.702996269361,44043,63477,-0.890801687763713,4.220883534136546,-0.4049412304162979,-0.26002183854579924,-0.19238417893648146,-0.09934984892606735,-0.021877155639231205,0.0450503071770072,0.153809015452862,0.27886318266391746,0.838756111860275,6822
2,-10..-5%,274,107198,2096,-0.0038196160131911887,-0.04380628102586395,6291.915030214498,-6701.370227596578,43682,63107,-0.8913924050632911,4.248853211009174,-0.40596515536308286,-0.26383471190929414,-0.19469739496707916,-0.1003201138228178,-0.021722516044974327,0.04544549994170666,0.15539193600416187,0.2790997341275213,0.8283224070072188,6812
2,-10..-5%,275,106412,2091,-0.003845926649350554,-0.04300190353267549,6260.316912128549,-6669.5696587392595,43278,62744,-0.8907172995780591,4.26605504587156,-0.40674848437309263,-0.26363958716392516,-0.1948022186756134,-0.09859155118465424,-0.02069425955414772,0.04583105444908142,0.15581713318824772,0.28359105587005556,0.8390723037719701,6773
2,-10..-5%,276,105621,2094,-0.0038753621795061806,-0.0434592456367859,6233.12819515272,-6642.447823914342,42987,62256,-0.8912340425531915,4.376146788990826,-0.4059748578071594,-0.26249795109033586,-0.1945373073220253,-0.10085849836468697,-0.021494820713996887,0.045998250134289265,0.1547389090061188,0.28206562697887416,0.8727291262149811,6738
2,-10..-5%,277,104723,2094,-0.003988649949743337,-0.0435307111709262,6193.722333288257,-6611.425721975189,42526,61838,-0.8921518987341772,4.215286103542234,-0.40688319206237794,-0.2650952562689781,-0.1971997693181038,-0.10424627177417278,-0.02359999716281891,0.04580183792859316,0.15621236711740494,0.2905489131808281,0.8521043181419365,6506
2,-10..-5%,278,103890,2094,-0.003939966273957717,-0.043456110759803254,6166.6209130769985,-6575.94400927846,42091,61398,-0.8925738396624473,4.328827056181856,-0.40598936676979064,-0.26577436923980713,-0.19811540842056274,-0.10410554707050323,-0.02362973615527153,0.04659498110413551,0.1591682732105255,0.2998514175415039,0.8852980494499191,6381
2,-10..-5%,279,103072,2091,-0.004182541022427238,-0.04412663272182329,6120.473325730896,-6551.576193994498,41701,61007,-0.8929113924050633,4.329521516701776,-0.41350839495658875,-0.2708802163600922,-0.20205282866954805,-0.10526315867900848,-0.024296674877405167,0.045673076063394547,0.16166282594203948,0.2977548122406006,0.8893719935417156,6073
2,-10..-5%,280,102286,2090,-0.004442637738938792,-0.04321166782518202,6071.02271943671,-6525.442363201825,41274,60621,-0.8911392405063291,4.695543113101904,-0.41012810826301577,-0.270660026371479,-0.2015226736664772,-0.10437541827559471,-0.024657963775098324,0.046255276538431644,0.15988893657922768,0.29601440131664286,0.8728181457519604,6070
2,-10..-5%,281,101365,2093,-0.004620653532371119,-0.0432893181780846,6022.545296555301,-6490.917841864103,40871,60157,-0.8909704641350211,4.355191256830602,-0.4089863717556,-0.2686424255371094,-0.20150869339704514,-0.10672491416335106,-0.024819862097501755,0.04644417762756348,0.16290868818759918,0.29820506274700165,0.8788492113351841,6066
2,-10..-5%,282,100454,2090,-0.005074044302523038,-0.042738294525521726,5955.225415352577,-6464.933461718246,40372,59736,-0.8911392405063291,4.502799552071669,-0.409558562040329,-0.26781236529350283,-0.2018419176340103,-0.10659449175000191,-0.024576902389526367,0.0455928947776556,0.15916388034820556,0.2940203964710232,0.8583807134628297,6083
2,-10..-5%,283,99551,2092,-0.005111731522828887,-0.04210506874727869,5911.864601430144,-6420.74258625928,39967,59219,-0.8913924050632911,4.995520716685331,-0.41372106671333314,-0.2658936381340027,-0.20297029614448547,-0.10606060922145844,-0.024373071268200874,0.04477611929178238,0.16097459197044373,0.29905426502227783,0.8651676177978515,6081
2,-10..-5%,284,98717,2087,-0.005169963733692272,-0.04236521628191273,5880.132491046916,-6390.495800945788,39598,58786,-0.890468085106383,5.270996640537514,-0.4092923700809479,-0.26575902849435806,-0.20324496179819107,-0.10508508421480656,-0.02449701353907585,0.04516664985567331,0.16088465601205826,0.2914426252245903,0.8795082718133926,6076
2,-10..-5%,285,97836,2089,-0.005185293668086356,-0.04231948986919616,5845.655065849779,-6352.963457160681,39212,58253,-0.8913924050632911,5.069210758693109,-0.4094483458995819,-0.2646402269601822,-0.20213505029678344,-0.10512446239590645,-0.023976609110832214,0.04596312716603279,0.15936640799045562,0.3005648970603942,0.8759353005886079,6059
2,-10..-5%,286,96912,2089,-0.004989809483793947,-0.04182163045049377,5829.7914598998605,-6313.363876593307,38777,57776,-0.8912236286919831,5.202736652113466,-0.4155444622039795,-0.2671578019857407,-0.2021264225244522,-0.10445171594619751,-0.024076255038380623,0.04465916380286217,0.1600317507982254,0.30257475972175624,0.8993544983863848,5995
2,-10..-5%,287,96070,2091,-0.0051031924537777934,-0.04209007267851258,5793.138374268144,-6283.402073302541,38420,57313,-0.8918143459915612,5.948251366120218,-0.4220140278339386,-0.26501765847206116,-0.20278184115886688,-0.10617009550333023,-0.025179855525493622,0.04395604506134987,0.1601937711238861,0.30074751377105713,0.920547366142273,6001
2,-10..-5%,288,95200,2090,-0.005222198678152032,-0.04134993304063879,5758.009090369138,-6255.162404529203,38015,56849,-0.8932765957446809,5.929318801089918,-0.4210906121134758,-0.2673760697245598,-0.2038173958659172,-0.10530096851289272,-0.024482171051204205,0.04544718749821186,0.16177838593721391,0.3025255143642424,0.9276915556192384,6018
2,-10..-5%,289,94302,2088,-0.005437070290220756,-0.04141828976599302,5705.183741444996,-6217.9103439534,37572,56392,-0.8941772151898734,5.906360328064744,-0.4183784735202789,-0.26462185978889463,-0.20321801602840422,-0.10580204427242279,-0.02334185689687729,0.044310346245765686,0.16065454185009004,0.30798618793487575,0.9357351422309865,5965
2,-10..-5%,290,93401,2090,-0.005900677219542277,-0.04143622156184131,5647.681962561832,-6198.811115544281,37040,56013,-0.8928270042194093,6.314207650273223,-0.4184957265853882,-0.26974188089370726,-0.20612483918666838,-0.10781250149011612,-0.025586353614926338,0.04315151646733284,0.16142560541629805,0.30936545133590687,0.9149997806548957,5957
2,-10..-5%,291,92488,2084,-0.006110800883760287,-0.04165106444240978,5592.511590229666,-6157.687342366897,36674,55479,-0.8921518987341772,6.6502732240437155,-0.41720916152000426,-0.2669921576976776,-0.20479597449302672,-0.10745742917060852,-0.025647344067692757,0.042239122092723846,0.1595089524984361,0.3102418363094328,0.9103238844871532,5937
2,-10..-5%,292,91557,2089,-0.006259154452206862,-0.04239308927319385,5542.491080999087,-6115.5604851798025,36309,54943,-0.8915611814345992,6.629427792915531,-0.42143679678440094,-0.269098749756813,-0.2051127627491951,-0.10791106894612312,-0.025444296188652515,0.04307500831782818,0.16444611847400667,0.3081424310803412,0.9033386451005935,5878
2,-10..-5%,293,90679,2085,-0.0064342072467722155,-0.041719152085637874,5499.1324460179485,-6082.579924948009,35945,54439,-0.8915611814345992,6.604149693118245,-0.4230182927846909,-0.2745670199394226,-0.2107720285654068,-0.11059299111366272,-0.02783222310245037,0.041927265003323555,0.1601552993059159,0.3001868665218354,0.8942226290702845,5595
2,-10..-5%,294,89763,2083,-0.006655938676703878,-0.04180989573377294,5456.707052149279,-6054.164075586242,35421,54033,-0.8911392405063291,6.624857033930613,-0.426738795042038,-0.27591063380241393,-0.21095263957977295,-0.11184210330247879,-0.028301887214183807,0.04309616982936859,0.163087847828865,0.30650487542152394,0.9115890502929729,5529
2,-10..-5%,295,88939,2086,-0.006810834748209326,-0.04174324914710527,5413.768573731114,-6019.51740540209,34976,53649,-0.8916455696202532,6.713498622589532,-0.4340841671824455,-0.28100360929965973,-0.2163676172494888,-0.11501065082848072,-0.030008893460035324,0.04127394128590822,0.16772622913122165,0.3116261720657343,0.946318539977074,5184
2,-10..-5%,296,88069,2086,-0.007124662999618622,-0.04113833094608452,5360.420385550457,-5987.882331263864,34570,53187,-0.8921518987341772,6.611591366280651,-0.4311987906694412,-0.28216251730918884,-0.2166064977645874,-0.11528138443827629,-0.03117581270635128,0.04148289002478123,0.16605165600776672,0.3108927309513092,0.9829292774200461,5191
2,-10..-5%,297,87093,2088,-0.0070747963189347,-0.04120182174024178,5321.7477564205265,-5937.912992225523,34201,52625,-0.8924894514767933,6.130430054912195,-0.43702521204948425,-0.28098553270101545,-0.21665707528591155,-0.11527901887893677,-0.031066415831446648,0.04097766987979412,0.16693624705076218,0.31395098865032195,0.976118451356886,5182
2,-10..-5%,298,86157,2084,-0.007123327869004212,-0.040657844258138676,5279.968859349223,-5893.693418559018,33805,52091,-0.8932489451476793,6.477653631284916,-0.4382864338159561,-0.28092393428087237,-0.21530336290597915,-0.11584103666245937,-0.030212145298719406,0.04062255285680294,0.16730667501688012,0.3171402484178541,0.9620606958866127,5138
2,-10..-5%,299,85330,2084,-0.007515637763191154,-0.04097319272459825,5224.732955302097,-5866.042325635167,33389,51690,-0.8924894514767933,6.82122905027933,-0.4372264683246613,-0.2808306813240051,-0.21768707036972046,-0.11579964309930801,-0.03082914650440216,0.041152939200401306,0.16541321575641632,0.3148788809776306,0.9524263739585879,5141
2,-10..-5%,300,84331,2081,-0.007426700737408307,-0.040727858390811764,5187.247433081809,-5813.548532968187,33059,51016,-0.8929957805907173,6.843137254901961,-0.43326851844787595,-0.2810652554035187,-0.21685893535614012,-0.1164017803966999,-0.02879280038177967,0.04280458018183708,0.16532790809869777,0.31324013918638227,0.9326244539022435,5132
2,-10..-5%,301,83409,2078,-0.007707716180957383,-0.04014358911193533,5125.677174926775,-5768.570073864248,32575,50530,-0.8928270042194093,6.843137254901961,-0.43589938819408414,-0.28317933082580565,-0.2158651381731033,-0.11555790528655052,-0.030359115451574326,0.04247376695275307,0.16266750693321227,0.3081045955419539,0.9120658004283888,5103
2,-10..-5%,302,82582,2083,-0.008015247923519602,-0.04024414047399454,5072.592189223545,-5734.507393243658,32235,50099,-0.8929113924050633,6.887323943661972,-0.43260043650865554,-0.2835842609405518,-0.2153692662715912,-0.11510912515223026,-0.028947136364877224,0.043106405064463615,0.1632196694612502,0.3061333402991293,0.9017610216140738,5094
2,-10..-5%,303,81721,2079,-0.008020663051640781,-0.03969040511177964,5041.3403504645785,-5696.796955707714,31794,49635,-0.8927659574468085,6.3887323943661976,-0.4332776260375977,-0.2833616375923157,-0.21291140615940093,-0.11445055902004242,-0.02958579920232296,0.04212253913283348,0.16475287675857547,0.3018808066844936,0.9250260519981359,5077
2,-10..-5%,304,80781,2080,-0.008022790499680233,-0.04028661616037204,5006.397725839251,-5654.486765193901,31568,48950,-0.8936708860759494,5.974619718309859,-0.4310389369726181,-0.2855600506067276,-0.2168639063835144,-0.1155141144990921,-0.030701754614710808,0.04338177852332592,0.1649756103754043,0.305001103878021,0.9027037894725817,5079
2,-10..-5%,305,79828,2085,-0.008156353806650031,-0.04044075898287581,4968.772664632945,-5619.878076310182,31107,48480,-0.8930801687763713,5.746,-0.432391848564148,-0.28575006127357483,-0.21661500930786132,-0.11526300385594368,-0.030042918398976326,0.04197375662624836,0.16410367190837882,0.30158048570156143,0.9119052624702454,5055
2,-10..-5%,306,78961,2083,-0.008155742796109373,-0.03966898829275249,4929.6252691925165,-5573.610876116104,30777,47930,-0.8937552742616034,5.481690140845071,-0.428004212975502,-0.2881407722830772,-0.2170247495174408,-0.11724868230521679,-0.030460109934210777,0.041191005147993565,0.16516060084104536,0.30351481586694706,0.9188314652442935,5054
2,-10..-5%,307,78021,2082,-0.008070952877550407,-0.03954260510464352,4888.588530585909,-5518.292345045264,30404,47350,-0.8936708860759494,5.497267759562842,-0.4300667643547058,-0.28534241318702697,-0.21522506177425385,-0.11656990647315979,-0.02996193617582321,0.04213997721672058,0.1635403007268906,0.30318535566330007,0.9350917339324955,5025
2,-10..-5%,308,77043,2082,-0.008159224018570055,-0.03812928830110912,4841.234285469202,-5469.845381531909,29986,46784,-0.8935021097046414,5.4795640326975485,-0.42927283465862276,-0.28681806921958924,-0.21664609909057617,-0.11843797750771046,-0.030763685703277588,0.04250364936888218,0.16058646142482746,0.29663383215665773,0.9417388510704043,5004
2,-10..-5%,309,76099,2081,-0.007949680333328267,-0.03867179007174323,4809.880493671648,-5414.8432173576,29581,46276,-0.8933617021276596,5.458095703655424,-0.4465578970313072,-0.28847935050725937,-0.2206862464547157,-0.12221207283437252,-0.03252218849956989,0.04298378620296717,0.16228517591953281,0.30149575769901243,0.9678667920827876,4638
2,-10..-5%,310,75085,2081,-0.007998462094095108,-0.03890333456856025,4759.904249850138,-5360.468776185262,29138,45694,-0.8942616033755274,5.85792349726776,-0.44905723035335543,-0.2904318511486053,-0.22084999978542327,-0.1215951256453991,-0.03333333507180214,0.04244890995323658,0.16391893625259404,0.30466576218605046,0.9444718861579907,4595
2,-10..-5%,311,74168,2084,-0.00820335496671356,-0.0391717316354856,4698.004704562964,-5306.43113573418,28777,45134,-0.8922362869198313,6.043715846994536,-0.44557510733604433,-0.2932004898786545,-0.22536320686340333,-0.12409063801169395,-0.03404558449983597,0.04309207201004028,0.16832031309604642,0.3098748296499247,0.9961271512508408,4195
2,-10..-5%,312,73115,2082,-0.008269642801987415,-0.03868566680580297,4642.67437011515,-5247.309303582468,28375,44518,-0.8924050632911392,6.024523160762943,-0.4468518853187561,-0.2935519590973854,-0.22325340956449508,-0.122957868501544,-0.03433476388454437,0.041918493807315826,0.17039296329021472,0.31739452034234983,0.983278501033778,4228
2,-10..-5%,313,72112,2081,-0.008628994480637541,-0.038281955544780984,4580.792948644309,-5203.046998632049,27914,43967,-0.8924050632911392,6.00124925316387,-0.4505777060985565,-0.29166498184204104,-0.2253203898668289,-0.12577319145202637,-0.03383875638246536,0.04252252355217934,0.1698346704244614,0.3136158764362335,1.003243446350097,4197
2,-10..-5%,314,71215,2080,-0.008662977525056743,-0.03903568350089305,4541.424632837418,-5158.358577284324,27556,43436,-0.8918987341772152,6.020314797668973,-0.45161784797906873,-0.29346064329147337,-0.22612982392311096,-0.12268992699682713,-0.03456914611160755,0.04458526615053415,0.16882609724998474,0.3092151731252667,0.9967894589900981,4208
2,-10..-5%,315,70158,2077,-0.008733628294197682,-0.039098363801472115,4489.061252152448,-5101.795146016765,27080,42869,-0.8927426160337553,6.286704871060171,-0.44784023106098175,-0.2910323292016983,-0.22330917418003082,-0.1257118619978428,-0.03347944840788841,0.04378229379653931,0.16953840702772144,0.31221931129693936,1.0000647431612053,4212
2,-10..-5%,316,69193,2078,-0.009059127388365269,-0.03822976132649838,4432.7212688385025,-5059.549470221666,26643,42325,-0.8924050632911392,6.1350092587396885,-0.44480209410190585,-0.2984562501311302,-0.22556377500295638,-0.12437380664050579,-0.03347358852624893,0.0444472786039114,0.1690469279885293,0.30977505892515167,0.9999740082025522,4202
2,-10..-5%,317,68039,2077,-0.009226978900867879,-0.039409092106629066,4368.838507817522,-4996.63292525367,26214,41608,-0.8916455696202532,6.204340066290829,-0.44361449778079987,-0.2927100479602813,-0.22423470318317412,-0.12351970747113228,-0.03427331894636154,0.042512426152825356,0.1677318781614304,0.30782289206981645,0.9614237666130085,4183
2,-10..-5%,318,66978,2074,-0.009537980373608566,-0.03858693453471519,4308.28774589583,-4947.122595359375,25713,41049,-0.9006808510638298,6.670487106017191,-0.4464650148153305,-0.2910225957632065,-0.22480312585830686,-0.12459996901452541,-0.033416761085391045,0.04343927837908268,0.16993079930543914,0.30950217545032493,0.9501699018478411,4162
2,-10..-5%,319,65874,2075,-0.009927018071786453,-0.03861926274455274,4241.111144248416,-4895.043532709289,25220,40435,-0.9015189873417722,7.022922636103152,-0.4490997958183289,-0.29177085757255555,-0.221757572889328,-0.12195171415805817,-0.03310000151395798,0.042872052639722824,0.16568379104137423,0.3109371036291122,0.9409807276725793,4167
2,-10..-5%,320,64776,2077,-0.010366662311043964,-0.03931279823821435,4165.590826221927,-4837.1017440821115,24821,39774,-0.8984810126582279,6.8559003422928,-0.4553867384791374,-0.2974747270345688,-0.22711309790611267,-0.12380016781389713,-0.03255511075258255,0.04465010855346918,0.16873756796121597,0.31433527916669846,0.9595254093408591,4146
2,-10..-5%,321,63587,2072,-0.010141027197150843,-0.039276386633622554,4115.292455844785,-4760.129952230026,24357,39025,-0.8994893617021277,6.932236040681039,-0.453590921163559,-0.29335392117500303,-0.2247703671455383,-0.12275861948728561,-0.03125,0.044162336736917496,0.1670250594615937,0.31176669597625734,0.9704327082633991,4113
2,-10..-5%,322,62526,2074,-0.010629052350154511,-0.038951583585139775,4047.8703235522166,-4712.462450797988,23827,38492,-0.900595744680851,6.734806629834254,-0.457395501434803,-0.2948804125189781,-0.22733591496944427,-0.12312901020050049,-0.033103084191679955,0.04232247173786163,0.16365480422973633,0.30485478043556213,0.9490133374929428,4126
2,-10..-5%,323,61476,2072,-0.010906839209236957,-0.03901977564512523,3983.5951960917864,-4654.104043318822,23412,37870,-0.9014345991561181,6.24585635359116,-0.4565845903754234,-0.29544322192668915,-0.2300182983279228,-0.12506021186709404,-0.03294540196657181,0.04106633458286524,0.16432235836982728,0.306213542819023,0.9757576227188106,4072
2,-10..-5%,324,60454,2071,-0.010981034434393376,-0.037208751260689815,3929.6469403046963,-4593.494396001499,23066,37220,-0.9008438818565401,5.839751381215469,-0.45469609409570694,-0.2959535226225853,-0.2283681184053421,-0.12499375082552433,-0.03329798765480518,0.04063583072274923,0.16173985004425048,0.30637135803699467,0.9588539755344301,4050
2,-10..-5%,325,59298,2068,-0.010942790543933262,-0.037726979115577666,3872.8113014965597,-4521.696895170719,22620,36509,-0.900084388185654,5.615552486187845,-0.4604798391461372,-0.30257386416196824,-0.23516200482845306,-0.12883440777659416,-0.03700481355190277,0.04243608843535185,0.16544170379638679,0.3126274451613423,0.9932961398363087,3652
2,-10..-5%,326,58158,2067,-0.010506538887897057,-0.03767026932168174,3830.856009638376,-4441.895298280697,22185,35787,-0.8987341772151899,5.405228758169935,-0.4686625647544861,-0.30199294090270995,-0.23617609739303588,-0.13129519671201706,-0.03553186357021332,0.0428702998906374,0.17186779826879514,0.3189073905348777,0.9995251017808903,3608
2,-10..-5%,327,57150,2067,-0.01083232497745155,-0.037777909458774156,3770.6793221383145,-4389.746694599658,21779,35209,-0.8953586497890296,5.574498567335243,-0.47225159108638765,-0.31013828366994856,-0.242627702653408,-0.13567470759153366,-0.0395550224930048,0.04234720580279827,0.1733510956168176,0.32766955941915343,1.1002839374542237,3088
2,-10..-5%,328,56078,2066,-0.01070969357419865,-0.03711294906673466,3715.336340249586,-4315.914536503502,21330,34577,-0.8957805907172995,5.437629762639583,-0.4799916422367096,-0.31058133244514463,-0.24008997082710265,-0.13571429252624512,-0.03870967775583267,0.04128437116742134,0.16861756443977377,0.3199845552444451,1.0544415664672828,3133
2,-10..-5%,329,54941,2062,-0.010625812945706985,-0.03747739684954182,3653.2361885236314,-4237.028977573719,20851,33889,-0.8958649789029536,5.595988538681948,-0.48149536937475207,-0.3089061394333839,-0.2414591357111931,-0.13631925731897354,-0.03815757669508457,0.042057192884385586,0.17100150734186176,0.33168515861034187,1.0193129569292032,3108
2,-10..-5%,330,53801,2059,-0.010774345185274304,-0.036908490467824025,3581.8282083784493,-4161.4987536913895,20381,33243,-0.8948523206751055,5.596848137535816,-0.4806154012680054,-0.31171401739120486,-0.23832677602767943,-0.13621873036026955,-0.03722215257585049,0.04184859525412321,0.17154709845781335,0.32743480205535874,1.0083105766773273,3094
2,-10..-5%,331,52678,2055,-0.010709962739768557,-0.03675834875407373,3527.1378219627186,-4091.3172391682333,19882,32628,-0.8945991561181434,6.362745098039216,-0.4644274762272835,-0.31130808889865874,-0.2378828689455986,-0.13657205924391747,-0.037340082228183746,0.041893474757671356,0.1726347163319588,0.3319305449724193,1.0343984305858624,3092
2,-10..-5%,332,51586,2058,-0.010702396757001027,-0.037074862976023436,3469.6585003309133,-4021.752339437579,19387,32040,-0.8924050632911392,7.3106535947712405,-0.46241228222846986,-0.3115869700908661,-0.24073657393455505,-0.13727131113409996,-0.03733655996620655,0.041718391701579094,0.17252540290355683,0.321617904305458,1.0241748845577272,3092
2,-10..-5%,333,50511,2052,-0.010521029762915747,-0.03652316143824724,3414.6529901470667,-3946.0807245017118,18994,31330,-0.889198312236287,7.256688311688311,-0.463474440574646,-0.30629052221775055,-0.23609037697315216,-0.13527294993400574,-0.036101084202528,0.042835092172026634,0.17403315007686615,0.3305400311946869,1.0480500340461725,3091
2,-10..-5%,334,49357,2052,-0.010562045623091158,-0.036663067344879285,3350.388539218199,-3871.699425037103,18522,30673,-0.890127659574468,7.286552184821922,-0.461106553375721,-0.3106938302516937,-0.24192930907011032,-0.13510216027498245,-0.03967330418527126,0.044565687887370586,0.17838630825281152,0.33086348474025695,1.019929727911942,3062
2,-10..-5%,335,48218,2045,-0.010436643556502428,-0.03529668272023671,3291.4866927936782,-3794.7207718011045,18084,29987,-0.8910548523206752,7.7483660130718945,-0.4690022683143616,-0.30837057828903197,-0.23929905593395231,-0.13509297370910645,-0.03959979489445686,0.042962245643138885,0.17747831940650938,0.321457958221435,1.0237317228317262,3065
2,-10..-5%,336,47111,2048,-0.01037661803515166,-0.03555816873749693,3234.9299666929032,-3723.7828189469365,17604,29348,-0.8914767932489451,8.15032679738562,-0.466533699631691,-0.31175514608621596,-0.24217199832201003,-0.13568147271871567,-0.03933733142912388,0.043247708119452,0.17567519396543507,0.3295189037919041,1.0445851349830615,3052
2,-10..-5%,337,45952,2041,-0.009949480334806428,-0.03474290319641284,3181.072774002748,-3638.2712943477636,17181,28624,-0.8917299578059071,8.09090909090909,-0.4744934791326523,-0.31393534541130064,-0.24180894792079927,-0.13465437293052673,-0.03839441388845444,0.04123711213469505,0.170695123076439,0.30706926882266944,1.0340731310844387,3027
2,-10..-5%,338,44836,2036,-0.010164025349815342,-0.033576773377164464,3112.1198744482604,-3567.8341150325846,16752,27955,-0.8911392405063291,8.123790283163348,-0.4743001461029053,-0.3159512966871262,-0.2449546605348587,-0.13529355823993683,-0.03896738961338997,0.043275728821754456,0.17037745118141182,0.30327121317386607,1.0393668985366822,3019
2,-10..-5%,339,43725,2033,-0.01029478993383361,-0.0338169769601237,3041.5452632120987,-3491.6849530689815,16272,27345,-0.8906329113924051,8.210526315789474,-0.47915156483650206,-0.31766457855701447,-0.24438625574111938,-0.13562418520450592,-0.039647575467824936,0.040433233603835106,0.17189893126487732,0.3151634633541107,1.04220473766327,2971
2,-10..-5%,340,42553,2026,-0.010838658116407437,-0.03298339729069555,2955.2447206587526,-3416.462139486239,15769,26662,-0.8933617021276596,8.271523178807946,-0.47931462407112124,-0.32044892907142636,-0.24533787965774537,-0.13579173013567924,-0.041321465745568275,0.037823102436959743,0.16722640544176104,0.309460681676864,0.9933877027034781,2942
2,-10..-5%,341,41408,2029,-0.011229283538331398,-0.0329315383583408,2869.745031819412,-3334.727204574637,15356,25937,-0.8942616033755274,8.003215434083602,-0.49345538794994354,-0.33185712099075315,-0.24909953027963638,-0.1420648768544197,-0.04578023962676525,0.03837939351797104,0.16938026547431947,0.3098308429121971,0.9773314654827088,2554
2,-10..-5%,342,40260,2016,-0.011504184735518355,-0.033499259573299585,2790.451157390372,-3253.609634842333,14875,25261,-0.8948523206751055,7.945686900958467,-0.48954529941082003,-0.32657447159290315,-0.24776495099067686,-0.1437777727842331,-0.04624277353286743,0.03655752167105675,0.17223371267318735,0.31822695136070256,1.0012173032760618,2543
2,-10..-5%,343,39148,2009,-0.011966208607160923,-0.03597880667673823,2698.967374605285,-3167.420509158425,14437,24589,-0.8921518987341772,7.94597271478322,-0.5222739100456237,-0.3286585509777069,-0.2527429759502411,-0.1480611115694046,-0.04790631681680679,0.03585989400744438,0.16763722896575928,0.3154761791229248,1.0602670192718513,1961
2,-10..-5%,344,37953,1995,-0.012376702385148673,-0.03521298130631752,2615.1596964486303,-3084.892682072164,13932,23906,-0.8924894514767933,8.03109276222423,-0.5116780722141265,-0.3285347163677215,-0.2548048794269562,-0.14864103496074677,-0.04864981770515442,0.0342950914055109,0.17108155936002734,0.3170756459236144,1.0766794657707177,1942
2,-10..-5%,345,36872,1983,-0.012190196276888927,-0.03502345504046984,2553.4060924301707,-3002.883009551617,13529,23231,-0.8916595744680851,7.460198684040769,-0.5084307789802551,-0.3302631676197052,-0.2521231472492218,-0.14911602437496185,-0.0476190485060215,0.03591269999742508,0.16740602254867554,0.32027971744537354,1.025126171112064,1961
2,-10..-5%,346,35645,1973,-0.012244888949005517,-0.0378788003283255,2477.4133616809945,-2913.882428268296,13074,22467,-0.8925738396624473,7.5716115398162085,-0.5246074032783509,-0.3312892019748688,-0.25388747453689575,-0.1487179547548294,-0.04872047156095505,0.03511235862970352,0.1627302795648575,0.3083667278289792,1.0453643274307223,1937
2,-10..-5%,347,34490,1955,-0.01250578822974098,-0.03762295135571266,2404.467965443501,-2835.7926014872696,12589,21794,-0.8927659574468085,7.965450994204476,-0.5244063407182693,-0.33174483478069305,-0.2544487714767456,-0.14925812929868698,-0.04713262617588043,0.03603613004088402,0.15963703393936157,0.30767956376075745,1.0412908911705048,1936
2,-10..-5%,348,33231,1942,-0.012883186135773458,-0.04000772531707381,2320.323822163369,-2748.444980641252,12080,21056,-0.8936708860759494,7.719869706840392,-0.5275391125679016,-0.33317913413047784,-0.2550492107868194,-0.1520913690328598,-0.04972589761018753,0.03967818431556225,0.16402873992919928,0.3134722650051114,1.0586141920089691,1947
2,-10..-5%,349,32062,1931,-0.013100234186637154,-0.03702986736752883,2236.4459606992987,-2656.4656691912605,11615,20364,-0.8936170212765957,8.120521172638437,-0.5189136862754822,-0.32945360243320465,-0.2540540397167206,-0.14745888859033585,-0.04680851101875305,0.03908996470272541,0.16460472345352173,0.2973976135253906,1.0052816271781924,1931
2,-10..-5%,350,30941,1911,-0.013654835774841053,-0.038191339405182836,2154.23671191306,-2576.730985622411,11209,19652,-0.8945147679324894,8.240619121481139,-0.5287971735000611,-0.3275255858898163,-0.25641027092933655,-0.15000000596046448,-0.048181816935539246,0.039650656282901764,0.1642276495695114,0.3032432496547699,1.0491275787353511,1941
2,-10..-5%,351,29758,1875,-0.01383174598973803,-0.03922364520810543,2075.885858413584,-2487.4909555762088,10752,18920,-0.8932489451476793,8.0351726363343,-0.5255219638347626,-0.3329079240560532,-0.25611805319786074,-0.150289386510849,-0.04982435144484043,0.03560099843889475,0.16499050408601773,0.3231308847665786,1.1173246729373931,1900
2,-10..-5%,352,28567,1837,-0.013506270732712013,-0.0372534584455983,2008.6707845199967,-2394.504420541383,10326,18167,-0.8953191489361703,7.77704918032787,-0.5267081677913665,-0.3314504995942116,-0.2540137320756912,-0.15073096379637718,-0.0501264575868845,0.034929958172142506,0.16481145471334457,0.31241995841264725,1.1151462018489855,1906
2,-10..-5%,353,27420,1782,-0.013962487909070663,-0.04048149065244881,1924.2995319410795,-2307.1509504078035,9897,17450,-0.8962025316455696,8.18032786885246,-0.5195890522003174,-0.32886038422584535,-0.2533480823040008,-0.15000000596046448,-0.04996814951300621,0.037090953439474106,0.16838027834892286,0.30589147806167577,1.1419677066802991,1877
2,-10..-5%,354,26297,1703,-0.014219363058937827,-0.04113071450191732,1847.0331596805433,-2220.9597500414266,9448,16771,-0.8965400843881857,7.600000000000001,-0.5280342352390289,-0.3358044534921646,-0.26040603220462794,-0.1512475609779358,-0.05232853628695011,0.035058338195085526,0.1749757394194604,0.3111231192946415,1.0701710700988776,1852
2,-10..-5%,355,25272,1626,-0.013008770473006318,-0.04127197288336017,1802.130447256177,-2130.8880946499858,9059,16156,-0.8723140495867768,7.202614379084968,-0.5164649868011475,-0.33355902433395385,-0.25466285943984984,-0.15130528062582016,-0.05174025520682335,0.0361959133297205,0.1651074707508088,0.3248583316802978,1.0893083953857436,1855
2,-10..-5%,356,24201,1509,-0.012037855307551661,-0.04235465793724674,1739.405794570232,-2030.7339308682922,8734,15410,-0.8760330578512396,7.462762063227952,-0.5013120770454407,-0.3317610025405884,-0.25487804412841797,-0.15046721696853638,-0.05140186846256256,0.03647619113326073,0.1687828153371811,0.32050350308418274,1.0244590044021606,1801
2,-10..-5%,357,23255,1386,-0.01171517866294326,-0.04425092570356428,1680.5694568522374,-1953.0059366589855,8369,14823,-0.8722539444027048,7.370129870129871,-0.5129180324077606,-0.34329083710908886,-0.27694329619407654,-0.1630031317472458,-0.06309155374765396,0.027595672756433487,0.16174810230731967,0.2949793964624404,0.9992315256595675,1334
2,-10..-5%,358,22361,1231,-0.011071089704816904,-0.04448213213718608,1634.3436161358443,-1881.9042530252525,8022,14281,-0.8700225394440271,7.400404053569682,-0.5247366118431092,-0.34557138532400133,-0.2810459643602371,-0.16260916739702225,-0.06437540054321289,0.03083360055461526,0.1603984847664834,0.297870707511902,1.0058539879322126,1332
2,-10..-5%,359,21562,1049,-0.010937431489138867,-0.03738589529801469,1579.2586166635242,-1815.0915144323374,7694,13812,-0.8658903080390684,7.908485856905159,-0.47330208361148834,-0.32781272381544113,-0.26682875454425814,-0.15496035665273666,-0.05868532508611679,0.0317933140322566,0.15632317811250696,0.28490305989980697,1.0506065785884795,1140
2,-10..-5%,360,20979,1050,-0.0115897267125903,-0.037439031139210315,1534.7966199360012,-1777.9374966394355,7453,13474,-0.8564988730277987,8.317803660565724,-0.47798288345336915,-0.3374286502599716,-0.2691406667232513,-0.15597745031118393,-0.05995391681790352,0.033311255276203156,0.15588580071926125,0.2903624445199962,1.2932354712486185,1123
2,-10..-5%,361,20302,1049,-0.011732239048805786,-0.036390283300433215,1488.3364448267648,-1726.5243619956186,7194,13058,-0.7977793527049374,8.165302782324058,-0.4703480914235115,-0.33214155584573746,-0.2648701071739197,-0.15265043824911118,-0.057692307978868484,0.03026397479698062,0.15896239131689072,0.28249799460172653,1.240271657705338,1136
2,-10..-5%,362,19650,1047,-0.012115975584992755,-0.03524051981509692,1444.807317644195,-1682.8862378893004,6945,12654,-0.803921568627451,8.120818267696016,-0.48646654337644574,-0.33518981039524076,-0.2690825968980789,-0.15587449446320534,-0.05753924325108528,0.033439723774790764,0.15658244639635133,0.2926208958029745,1.2112813782691598,1140
2,-10..-5%,363,18996,1048,-0.013102759838309537,-0.036113277986007025,1389.6469481882734,-1638.5469740768006,6726,12234,-0.8034490904795653,8.303252815895272,-0.4957912412285805,-0.3335243999958038,-0.26640519201755525,-0.1559661589562893,-0.058997564017772675,0.0365392966195941,0.15392144769430166,0.28365540355443936,1.1430372142791552,1144
2,-10..-5%,364,18378,1046,-0.014207639923413505,-0.03672799524900842,1333.28445877883,-1594.3924652913254,6399,11941,-0.8077013938105362,7.715154334319035,-0.4947752058506012,-0.32945945858955383,-0.2663476765155792,-0.15471236407756805,-0.061166971921920776,0.0353225152939558,0.15625,0.2819414883852005,1.1646611511707432,1131
2,-10..-5%,365,17768,1045,-0.014954724064117521,-0.03560452581056505,1280.1372584991166,-1545.8527956703597,6218,11511,-0.8519909842223892,7.226700335581619,-0.4696310496330261,-0.32407595217227936,-0.2627049684524536,-0.15367169678211212,-0.0608413927257061,0.03544530272483826,0.1582143843173981,0.27347027957439396,1.2128483688831542,1110
2,-10..-5%,366,17098,1045,-0.01622104904897445,-0.03654550223268499,1218.9260318591396,-1496.2735284985076,5958,11095,-0.8542449286250939,7.036886426947584,-0.4967085060477257,-0.33149577081203463,-0.2671812772750854,-0.1553516946732998,-0.058239782229065895,0.03540074359625578,0.15711368173360826,0.28448551744222633,1.2369755661487736,1110
2,-10..-5%,367,16422,1043,-0.017030959944752806,-0.03502700129217184,1164.3822412704149,-1444.0646654831437,5715,10667,-0.8501126972201353,7.254618808235408,-0.483906637430191,-0.33051742911338805,-0.2678788691759109,-0.15580235794186592,-0.06150489114224911,0.03281860612332821,0.15600733608007433,0.2778392493724822,1.1729894161224355,1124
2,-10..-5%,368,15707,1042,-0.017700261358376282,-0.03231595416066986,1109.2137415659079,-1387.231746721921,5446,10222,-0.8496769346356123,7.175895765472314,-0.5034776392579079,-0.33122128695249553,-0.26462521255016325,-0.15692809596657753,-0.06214474141597748,0.03217566758394241,0.15372936427593242,0.28238762766122777,1.1761578488349957,1134
2,-10..-5%,369,14993,1043,-0.01791831312524627,-0.031772238359130546,1062.1004454140211,-1330.7497141008391,5183,9770,-0.8459729526671675,7.397394136807819,-0.4682827818393707,-0.32874053418636323,-0.26411081552505494,-0.15555191785097122,-0.059347182512283325,0.029132633469998837,0.15242754220962534,0.2925373643636702,1.2251696538925285,1059
2,-10..-5%,370,14301,1042,-0.018053782814224744,-0.030237837086409678,1015.2933552672341,-1273.48050329346,4922,9346,-0.8471074380165289,7.507970033992278,-0.4846326494216919,-0.3351475328207016,-0.27014647126197816,-0.15617608278989792,-0.059870410710573196,0.030879237689077854,0.15615853667259216,0.29161958098411545,1.2481489992141663,1047
2,-10..-5%,371,13540,1042,-0.018863630804610714,-0.02906309998342298,960.2205822531002,-1215.6341433475282,4635,8869,-0.8527873779113448,7.318812520167796,-0.5005680963397026,-0.3386097177863121,-0.273833230137825,-0.1571236550807953,-0.05635762959718704,0.028942544478923082,0.16220444440841675,0.29028256237506866,1.283042603731165,1036
2,-10..-5%,372,12829,1041,-0.018408964457938475,-0.027794024498807808,920.0709835104343,-1156.2395885413282,4364,8438,-0.8557475582268971,7.229508196721312,-0.5020715594291687,-0.3475229740142822,-0.277655690908432,-0.16040955483913422,-0.05878220126032829,0.03376146778464317,0.15990453958511353,0.29396092891693115,1.230141043663025,1001
2,-10..-5%,373,12148,1042,-0.01895042641818904,-0.02873365970836123,868.8153405167568,-1099.0251206449163,4118,8003,-0.8610142749812171,7.452459016393444,-0.6024618029594422,-0.4154583036899567,-0.3288047075271606,-0.22097231447696686,-0.09826379269361496,0.005565529689192772,0.19990059435367605,0.3940668404102322,1.4669030904769838,393
2,-10..-5%,374,11428,1040,-0.019846363919344225,-0.027573637763293555,817.2007138379871,-1044.0049607082526,3859,7539,-0.8534936138241923,7.078688524590165,-0.6042233484983445,-0.41301991492509843,-0.3153917849063873,-0.21565263345837593,-0.09922699257731438,0.000892816751729697,0.17312322556972515,0.3736281320452683,1.4361237037181818,400
2,-10..-5%,375,10660,1033,-0.021671858779616415,-0.030093503582113396,756.0354427451273,-987.0574573358371,3589,7043,-0.8520961682945154,6.859016393442623,-0.608413827419281,-0.41701310873031616,-0.3262644112110138,-0.22227023541927338,-0.09898989647626877,0.007600950077176094,0.19686783850193024,0.38676491379737854,1.6128895521163902,381
2,-10..-5%,376,9904,1033,-0.022156751552175006,-0.027256446813752958,704.8469306575723,-924.2873980303127,3312,6565,-0.8459804658151766,6.913477537437605,-0.6112363982200623,-0.41349161267280576,-0.3262234091758728,-0.22227023541927338,-0.10400000214576721,0.0053429086692631245,0.18860564529895785,0.39502476453781105,1.6640548563003519,393
2,-10..-5%,377,9157,1030,-0.022020384640415645,-0.025575537102348896,660.0151741303946,-861.6558362826805,3074,6067,-0.8459804658151766,6.783960720130933,-0.5994962930679322,-0.41562150716781615,-0.32087252140045164,-0.22413793206214905,-0.10438749194145203,0.009345794096589088,0.19445922970771787,0.4044106662273397,1.6864486551284796,389
2,-10..-5%,378,8411,1027,-0.022862254825658006,-0.028627380033334704,606.8178341831358,-799.112259521745,2802,5583,-0.8437265214124718,6.746180657350402,-0.5988902378082275,-0.4065486669540405,-0.31719472408294674,-0.21658379584550858,-0.09365558624267578,0.01318587688729167,0.1709365904331211,0.38376782536506654,1.6080287194252008,407
2,-10..-5%,379,7588,1015,-0.023579822266237175,-0.02872188183353265,550.5601610210881,-729.4838523772949,2525,5043,-0.8459804658151766,7.352745424292847,-0.5923870104551315,-0.41160013526678085,-0.31579208970069883,-0.2124297097325325,-0.09157497808337212,0.019609956070780754,0.1713470950722696,0.39005639702081607,1.5944308257102855,410
2,-10..-5%,380,6761,1011,-0.02535638810025381,-0.03057203051972142,492.87443168022673,-664.3089716260449,2217,4532,-0.8422238918106687,7.579034941763728,-0.5809913277626038,-0.41166526079177856,-0.3203125,-0.21875,-0.0972568541765213,0.023542601615190506,0.17817679047584534,0.3290426433086395,1.2857142686843872,401
2,-10..-5%,381,5954,993,-0.026645909080017904,-0.03314093358297924,439.20259489087175,-597.852337553297,1915,4026,-0.8436964688204358,7.438625204582651,-0.5842189359664917,-0.41584282368421555,-0.31951152086257933,-0.21927711740136147,-0.09688438102602959,0.019695733208209276,0.17576347738504416,0.3414498776197423,1.3595581471919984,398
2,-10..-5%,382,5139,989,-0.027312388121117304,-0.03575269811184294,388.0690656538994,-528.4274282083206,1619,3511,-0.8459804658151766,7.397667676471546,-0.5898991680145264,-0.41549600362777706,-0.32269117832183836,-0.21863609552383423,-0.10381355881690979,0.022580645978450775,0.17179827988147736,0.320859670639038,1.4158460092544465,405
2,-10..-5%,383,4300,971,-0.027824853725662523,-0.03575705719622036,331.64750243845225,-451.29437345880115,1332,2960,-0.8512546957175057,7.565637771206433,-0.5950430595874786,-0.41666874289512634,-0.3278858602046967,-0.21380911022424698,-0.0989190936088562,0.01684851525351405,0.16987101733684562,0.3392114937305448,1.3299651956558218,407
2,-10..-5%,384,3473,940,-0.03225463391276133,-0.03678749151753271,260.4151214812668,-372.43546506028764,1050,2411,-0.8482344102178813,7.186862477987839,-0.5968934154510498,-0.4155096530914307,-0.32133906483650204,-0.21370533108711243,-0.09494949132204056,0.0035906643606722355,0.166314932703972,0.3263004004955291,1.2555533862113935,413
2,-10..-5%,385,2677,902,-0.034557599897347656,-0.037465335664973815,201.77590162874577,-294.2865965539453,815,1860,-0.8512321562734786,6.964248928464631,-0.5958281576633453,-0.4136230081319809,-0.33131163120269774,-0.21592991799116135,-0.09635429456830025,0.008852929342538118,0.15151483863592144,0.34740432202815985,1.1897789132595076,414
2,-10..-5%,386,1866,822,-0.03424582291257599,-0.03949267201215702,148.5499697695442,-212.45267532441045,575,1287,-0.816210725253957,6.758248330398379,-0.5893077147006989,-0.41825340092182156,-0.32706641554832455,-0.21778254210948944,-0.09552495926618576,0.019009476527571678,0.15395107269287125,0.33742694854736177,1.2225709199905437,415
2,-10..-5%,387,1085,666,-0.04640016752638189,-0.053443726875010276,83.25134379131558,-133.59552555744,319,764,-0.8157429718875502,3.079200052976624,-0.5893232518434525,-0.4152818724513054,-0.3283851593732834,-0.2204367108643055,-0.09445291012525558,0.015466732438653708,0.18495051413774577,0.33405090123414977,1.1852953982353283,422
2,-10..-5%,388,413,360,-0.06909905393032446,-0.07158544351285487,28.566302326514723,-57.10421159973873,106,303,-0.7941749773345421,3.10568836500894,-0.589843065738678,-0.4149366796016693,-0.3312230288982391,-0.22513562440872192,-0.10342823714017868,0.007844827137887478,0.1663513481616975,0.32774341702461207,1.1596988773345935,413
3,-5..-2%,0,215948,2126,0.0,0.0,0.0,0.0,0,0,0.0,0.0,0.0,0.0,0.0,0.0,0.0,0.0,0.0,0.0,0.0,14255
3,-5..-2%,1,196741,2125,-0.00009197933009667852,-0.003094493630186182,762.2647381690916,-780.3608435516384,88029,92458,-0.24904629557992974,0.21621621621621623,-0.056314585357904436,-0.024749329313635826,-0.0138712702319026,-0.004464285913854837,0.0,0.003716066014021635,0.012513503432273865,0.022950348909944296,0.05780625957995684,13066
3,-5..-2%,2,195155,2124,-0.0001814974627220451,-0.005640294471499707,1031.9048156150295,-1067.3249529525485,88756,94731,-0.2352512745812091,0.27392969021928315,-0.07444153428077697,-0.03292965143918991,-0.01943579688668251,-0.006369426846504211,0.0,0.005028571467846632,0.0169216301292181,0.032258063554763794,0.08115359395742427,12941
3,-5..-2%,3,193783,2120,-0.00024172547093434752,-0.007748306272492409,1229.07097140909,-1275.9132583431604,88933,95551,-0.29999999999999993,0.3650793650793651,-0.08062841184437275,-0.038386087864637375,-0.023255813866853714,-0.0077041336335241795,0.0,0.006119386292994022,0.020296670496463776,0.03816503286361694,0.09642312489449978,12826
3,-5..-2%,4,192732,2118,-0.0003250447446653149,-0.009850718270413604,1385.494349303776,-1448.1408730326154,88464,96233,-0.2934782608695652,0.35871868026326936,-0.08562217682600021,-0.04379269331693649,-0.026281922683119772,-0.008864265866577625,-0.000011494120371935423,0.007054307963699102,0.022915534302592272,0.04356258213520045,0.10538178592920334,12757
3,-5..-2%,5,192072,2120,-0.00037923758206000755,-0.011007089172965197,1532.9906023642948,-1605.8315232257228,88510,96579,-0.33831376734258267,0.5301587301587303,-0.0962820853292942,-0.047965113446116446,-0.029411764815449715,-0.010256410576403141,-0.0002181342279072851,0.007355859503149986,0.02466602995991711,0.04862127862870693,0.1153697741031647,12683
3,-5..-2%,6,191393,2119,-0.0003861374479908682,-0.012410110725143648,1673.3181722862885,-1747.2221768696095,88392,96689,-0.3211488250652741,0.6126984126984127,-0.1054962070286274,-0.052754221484065056,-0.032832224294543265,-0.011626927414909005,-0.0003939087182516232,0.007994939340278506,0.027545062452554704,0.05265350919216866,0.12779069036245336,12618
3,-5..-2%,7,190930,2121,-0.00039148520237447694,-0.013521450388979329,1805.5641633042549,-1880.3104329936125,88176,96922,-0.3160054719562243,0.716216216216216,-0.10959815979003906,-0.05735396035015583,-0.0361216738820076,-0.01239245105534792,-0.0005621837917715311,0.008421052247285843,0.0284810122102499,0.0569930225610733,0.13716780394315706,12511
3,-5..-2%,8,190472,2122,-0.00033665333773817214,-0.014846171866158914,1926.3637511482787,-1990.4867856939445,88381,96705,-0.34940327373932734,0.554054054054054,-0.11586290448904038,-0.06097070034593344,-0.038108909502625465,-0.01296548661775887,-0.0005643974000122398,0.009318037424236536,0.030977044254541397,0.060936542227864265,0.147194756567478,12546
3,-5..-2%,9,189809,2120,-0.00032441888452384635,-0.01653373548213557,2031.330569079005,-2092.90819313159,88128,96713,-0.3403166403596881,0.7125318877551021,-0.12218746542930603,-0.0637347549200058,-0.03960200026631355,-0.013793103396892548,-0.0007968127611093223,0.00974110048264265,0.03274809196591377,0.0642009750008583,0.1611030548810959,12501
3,-5..-2%,10,189410,2121,-0.00029632690579448696,-0.01791157598603413,2135.4162803410313,-2191.5435595675553,87996,96636,-0.3810032017075773,0.7239819004524888,-0.12997776731848718,-0.06666733957827091,-0.04296614713966846,-0.01515151560306549,-0.0007986281125340611,0.010362778091803193,0.035071374848485,0.06719730757176856,0.16231731399893748,12480
3,-5..-2%,11,188749,2124,-0.00030495842308873373,-0.018917004383270878,2231.0320083072647,-2288.5926057068477,87830,96408,-0.4546424759871931,0.7947310647639958,-0.13371799230575562,-0.0699999913573265,-0.04394065216183662,-0.01560624223202467,-0.0008386916597373784,0.010893246158957481,0.036267393082380334,0.06989232301712023,0.16954872786998743,12445
3,-5..-2%,12,188325,2122,-0.0003075571547914427,-0.0201257152170561,2324.730482029586,-2382.6511832056835,87374,96587,-0.4020618556701031,0.8101010101010102,-0.13809440016746521,-0.07304162979125976,-0.04738423898816108,-0.016304347664117813,-0.0010526315309107304,0.011112982407212257,0.03817860335111616,0.0709055952727791,0.17435533046722398,12447
3,-5..-2%,13,187763,2123,-0.00026319319353632363,-0.020564178154354393,2413.355386135804,-2462.7733297337663,87227,96338,-0.44122566639382177,0.8435015772870662,-0.14300771683454513,-0.07577138431370257,-0.048768412694334975,-0.017457621172070503,-0.0011854263138957322,0.0117647061124444,0.03921434208750725,0.07241562828421592,0.18501279324293132,12418
3,-5..-2%,14,187300,2120,-0.00025859857230325656,-0.02140598511195427,2491.938246500717,-2540.373759093111,87033,96283,-0.41634933627531234,0.8790675241157555,-0.14726097881793976,-0.07962142676115036,-0.051236748695373535,-0.01828623190522194,-0.0011556396493688226,0.012209046632051468,0.04108303412795067,0.07449799031019211,0.19021281599998474,12401
3,-5..-2%,15,186955,2123,-0.00025259172830548675,-0.022453027493409484,2565.4033009013438,-2612.6265874666888,86822,96219,-0.4154929577464789,0.9350662251655628,-0.149738941937685,-0.07954667508602142,-0.051595934107899664,-0.018872166518121958,-0.0013322943705134094,0.012640245258808136,0.0405389964580536,0.07399631701409813,0.1912479327619076,12440
3,-5..-2%,16,186165,2122,-0.0002522272653730831,-0.023699572105835266,2636.674256710141,-2683.630145568322,86340,96136,-0.5453575240128068,0.9346818512878234,-0.1515082037448883,-0.08269211202859879,-0.05397131890058517,-0.019410318695008755,-0.001306739985011518,0.013087787665426731,0.043813350051641456,0.07942353114485738,0.19775026589631994,12387
3,-5..-2%,17,185772,2121,-0.00023435724499061984,-0.02432958624293557,2704.3334684924357,-2747.8704826088288,86086,96078,-0.5390821771611525,1.0100502512562817,-0.15694538056850432,-0.08467459678649902,-0.05472636967897415,-0.01994301937520504,-0.0013988094870001078,0.013181191869080067,0.044893618673086166,0.08256162703037262,0.20278967022895952,12381
3,-5..-2%,18,185544,2123,-0.00027712425928448826,-0.02552583699376986,2769.0995760026703,-2820.518319567344,86062,96060,-0.543223052294557,1.4909090909090907,-0.15881608724594115,-0.08790681362152099,-0.0565441772341728,-0.020924339070916176,-0.0014919806271791458,0.013492521829903126,0.04558642730116842,0.08356241136789315,0.2055032032728195,12377
3,-5..-2%,19,184884,2122,-0.00030678266372444104,-0.026743967022303,2820.8492032525337,-2877.568409252566,85706,95760,-0.5496264674493063,0.941822173435785,-0.1636769399046898,-0.09104613214731216,-0.05804008990526199,-0.021596652455627918,-0.0014823009259998798,0.0139860138297081,0.046783626079559326,0.0830223597586155,0.20829573273658816,12291
3,-5..-2%,20,184299,2122,-0.00028355163396940675,-0.027608724933337856,2880.3638387097612,-2932.622121298675,85500,95539,-0.6264674493062967,1.0441640378548898,-0.1632937276363373,-0.09169704169034958,-0.05855162888765335,-0.021806852892041206,-0.0018298261566087604,0.01409680675715208,0.0474616713821888,0.0841120809316634,0.2134001165628432,12285
3,-5..-2%,21,183813,2122,-0.00025667173203444774,-0.02797085107864695,2938.756300369114,-2985.935901449572,85214,95404,-0.5245014245014245,1.1671924290220823,-0.16741983458399773,-0.09318318255245686,-0.059945391491055475,-0.02252753684297204,-0.001785585016477853,0.014424125431105494,0.04847955629229546,0.08641926199197758,0.2140494100749492,12230
3,-5..-2%,22,183414,2121,-0.00025794735914480896,-0.028805564260934845,2992.410602057014,-3039.721758987203,84837,95430,-0.5721271393643031,1.2090032154340835,-0.1722048795223236,-0.09544052332639694,-0.061694204807281494,-0.023076923564076424,-0.0017452007159590721,0.014339576475322247,0.05013367384672167,0.08973670601844792,0.21981302112340997,12199
3,-5..-2%,23,182887,2121,-0.0002631713511510717,-0.029358668899389213,3034.783242975383,-3082.913861873345,84579,95286,-0.5394736842105263,1.274834437086093,-0.16953073740005492,-0.09531120955944061,-0.06186867505311966,-0.023417653050273657,-0.0020858682692050934,0.014471937669441104,0.0509968064725399,0.09192148223519325,0.22541391178965536,12036
3,-5..-2%,24,182336,2121,-0.0003672153525030785,-0.030089960495743785,3071.481277626893,-3138.437856140895,84051,95332,-0.5333208885570282,1.274382572998742,-0.1738786894083023,-0.0964283026754856,-0.06328417509794235,-0.02368709072470665,-0.0020011288579553366,0.014716723933815956,0.050744615495204926,0.09391164332628249,0.2295402076840394,12095
3,-5..-2%,25,181891,2122,-0.00037508741318965146,-0.03106910159900411,3117.6296641564472,-3185.8546888289115,83823,95179,-0.6264674493062967,1.477497255762898,-0.1768103688955307,-0.09736330658197402,-0.06343761533498764,-0.02402848470956087,-0.0020790020935237408,0.015069541987031698,0.05351933389902112,0.09511182382702806,0.22976393610238682,12047
3,-5..-2%,26,181350,2124,-0.00041359211643037885,-0.0321229282440534,3158.858858132098,-3233.8637884467607,83468,95073,-0.6030522945570971,1.4584182034049693,-0.17911868989467622,-0.0977325115352869,-0.06499723941087723,-0.024390242993831635,-0.0023408991983160377,0.015222532209008932,0.053856702521443346,0.095897564664483,0.23601057678461054,12062
3,-5..-2%,27,181116,2123,-0.00047638151629633913,-0.03325636028365363,3198.084156970128,-3284.3644716756594,83365,95057,-0.608012568735271,1.4973931623931622,-0.17939514219760894,-0.10064835771918297,-0.06660053730010987,-0.024813168682157993,-0.0021691974252462387,0.015434829983860254,0.055651886016130525,0.09834241718053831,0.2390523889660834,12019
3,-5..-2%,28,180596,2123,-0.00048530615125416486,-0.03340087237823937,3237.67169413582,-3325.3160438276973,82960,94922,-0.5773745997865528,1.3703703703703707,-0.18301644027233124,-0.10316182374954225,-0.06764402687549591,-0.02511078305542469,-0.0020374220330268145,0.015945330262184143,0.05467867106199267,0.09955273121595384,0.23747989356517824,12049
3,-5..-2%,29,180073,2123,-0.0004478972812490505,-0.034033617041673264,3285.3979634448324,-3366.052170571176,82910,94503,-0.6030262289082824,1.5081115879828322,-0.1850662897527218,-0.10334084518253803,-0.0687856763601303,-0.025830852333456278,-0.002219063346274197,0.0163507042452693,0.05596393384039401,0.09953769929707038,0.24420388534665072,12012
3,-5..-2%,30,179689,2123,-0.0004605899169441904,-0.03470131063580034,3325.5263622721454,-3408.2893038579396,82748,94391,-0.6136606189967982,1.5631140350877195,-0.1867050601541996,-0.10659983344376087,-0.07096530273556709,-0.025938766077160835,-0.002398030715994537,0.01647291285917163,0.05549827702343464,0.10354092828929422,0.2525066587328912,11908
3,-5..-2%,31,179243,2123,-0.00042190794396980386,-0.03536001724373897,3373.00084239467,-3448.624887995663,82572,94180,-0.6491803278688524,1.510250569476082,-0.18777915805578232,-0.10594245418906212,-0.07097649425268172,-0.026625271886587143,-0.0023884198162704706,0.016943028196692467,0.0572473183274269,0.10440213531255717,0.2518795639276506,11907
3,-5..-2%,32,178728,2123,-0.00041949528267258123,-0.036759025159935683,3411.259565376522,-3486.235118258018,82252,93933,-0.6557377049180327,1.6646542261251374,-0.19105080142617226,-0.10909701474010944,-0.07264377996325491,-0.027092959266155958,-0.002406833693385124,0.01681930525228381,0.058596745505928985,0.10580230727791773,0.26049596309661804,11972
3,-5..-2%,33,178220,2124,-0.0004578057441971785,-0.03741976672935374,3442.4245202826064,-3524.0146600134153,82017,93743,-0.6407225841112081,1.7442371020856204,-0.19336428344249726,-0.10951104313135147,-0.07358590215444565,-0.02755267359316349,-0.002580922795459628,0.0172293521463871,0.058339136093854896,0.10443565398454666,0.25831243634223894,11897
3,-5..-2%,34,177596,2124,-0.0003937075015621753,-0.037593857779767315,3485.6927970737647,-3555.6136745211993,81655,93502,-0.6474380498287556,2.2619047619047623,-0.19534072265028954,-0.11199814081192017,-0.07342879623174665,-0.028020791243761778,-0.002554848208092153,0.01771659404039383,0.05942122936248774,0.10444830469787116,0.2680612197518344,11862
3,-5..-2%,35,177136,2122,-0.0004615042325039112,-0.03829166521478673,3512.49128341035,-3594.2402971391634,81440,93332,-0.6290376737626755,1.9358974358974361,-0.19679524451494218,-0.11091010645031929,-0.07377919554710388,-0.028422625735402107,-0.0025380710139870644,0.017774720676243305,0.059961188584566116,0.10323983803391457,0.2663111954927448,11831
3,-5..-2%,36,176695,2124,-0.0005672483587688882,-0.038966297207827565,3532.69561349494,-3632.9255622475875,81151,93232,-0.632879969231845,1.807017543859649,-0.20181781083345413,-0.1122337780892849,-0.07527598738670349,-0.028683390468358994,-0.0026773761492222548,0.017504832707345486,0.06016956716775896,0.105510750412941,0.2657828432321552,11839
3,-5..-2%,37,176314,2123,-0.00047915579362046404,-0.03870495504350085,3580.9322928751303,-3665.4141674715397,81007,93023,-0.6200640341515474,1.948497854077253,-0.20493183732032777,-0.11455929651856422,-0.07520388886332512,-0.029217874631285667,-0.002538225962780416,0.017740836832672358,0.06137832142412664,0.10537925325334083,0.2760660210251816,11724
3,-5..-2%,38,175857,2121,-0.0004854399340934563,-0.03930044996758977,3616.9094000840455,-3702.277410573908,80818,92779,-0.6245901639344262,2.0131578947368425,-0.20612310677766799,-0.11640330106019973,-0.07635279893875122,-0.02988238912075758,-0.0027900738641619682,0.018266559578478336,0.06219599768519404,0.10636328756809232,0.2832529860734922,11663
3,-5..-2%,39,175265,2122,-0.00047640609896143087,-0.03967894886191759,3650.8287404111074,-3734.3260553455816,80542,92420,-0.6262295081967213,1.952164009111618,-0.20936730355024338,-0.11896611377596855,-0.07780320197343826,-0.03076923079788685,-0.002838892862200737,0.018081952817738056,0.062068965286016464,0.10852151364088058,0.28212462663650517,11591
3,-5..-2%,40,174900,2120,-0.00038379854526450117,-0.039902468628552026,3697.00702006635,-3764.1333856330907,80386,92356,-0.6262622950819672,2.129840546697039,-0.2074859607219696,-0.11964889615774153,-0.07842869758605957,-0.031032681465148926,-0.0030737705528736115,0.018292682245373726,0.06197617650032043,0.10997500419616699,0.2812141048908227,11637
3,-5..-2%,41,174433,2123,-0.0004537872120119848,-0.040996182130476254,3717.3449559148485,-3796.5004206677468,80058,92246,-0.6918032786885246,2.0980834272829765,-0.205446557700634,-0.12123468816280365,-0.07979170382022857,-0.03148343786597252,-0.003121748100966215,0.018267974257469177,0.06306860595941544,0.11070529967546462,0.29856269657611967,11607
3,-5..-2%,42,174027,2124,-0.000393241770097751,-0.04130865327058397,3756.986421974882,-3825.42110749969,79973,91908,-0.6851803278688524,2.2782307692307695,-0.20710219874978067,-0.11966480873525143,-0.08082394599914551,-0.03189981076866388,-0.003040816867724061,0.018836301751434803,0.06320747584104541,0.11043480075895785,0.2954867708683008,11578
3,-5..-2%,43,173612,2123,-0.00040859440775390825,-0.041166822270551746,3792.431012068781,-3863.367904387766,79764,91801,-0.6950819672131148,2.228560606060606,-0.20938155621290208,-0.12151038609445095,-0.0815312348306179,-0.03178917430341244,-0.002733892062678933,0.019155212678015232,0.06352634280920019,0.1136268816888331,0.3095333689451219,11532
3,-5..-2%,44,173081,2120,-0.00038824384369850876,-0.04170415847405315,3825.3709308264706,-3892.5685635376626,79595,91441,-0.6934754098360656,2.3282051282051284,-0.21179282322525977,-0.12401641197502614,-0.0835187964141369,-0.03186407312750816,-0.0030441408744081855,0.018934505060315132,0.06337649822235111,0.11274011172354223,0.3033640590310094,11544
3,-5..-2%,45,172727,2123,-0.00042185302385729486,-0.04264059167052852,3847.9177424618647,-3920.7831497136667,79445,91239,-0.6934426229508197,2.277777777777778,-0.21921308487653732,-0.12388567253947258,-0.08257970958948135,-0.03257234953343868,-0.003040877403691411,0.019079769030213356,0.06502242386341095,0.11159364134073257,0.307395297288894,11511
3,-5..-2%,46,172126,2121,-0.0003907958369790384,-0.04345279014148345,3875.7657201658067,-3943.031844401647,79125,91029,-0.6967213114754098,2.2531328320802007,-0.22051298081874846,-0.12549476623535155,-0.0839733138680458,-0.03315713629126549,-0.0030395137146115303,0.019607843831181526,0.06619593799114229,0.1147565037012098,0.32192918419837907,11505
3,-5..-2%,47,171676,2123,-0.0004501253146604783,-0.043809396034433165,3892.9067943312425,-3970.1825078509005,78912,90782,-0.696688524590164,2.0964912280701755,-0.22782291918992997,-0.12672830373048782,-0.08445356786251068,-0.03322643041610718,-0.002971471636556089,0.019442683551460505,0.06614581122994423,0.11321883462369442,0.3229297965765015,11456
3,-5..-2%,48,171212,2122,-0.00041528534532225917,-0.04383263936661206,3922.433805490458,-3993.535640033775,78567,90682,-0.6947213114754098,2.4487179487179485,-0.22959010004997252,-0.13010159879922867,-0.08633248507976532,-0.03391292877495289,-0.003325415775179863,0.01982043031603098,0.06691011041402817,0.11610298231244087,0.3153092771768569,11411
3,-5..-2%,49,170843,2123,-0.0003926758326810136,-0.0442813335778062,3950.943529401498,-4018.0294466842142,78400,90536,-0.6893761332348398,2.396464646464646,-0.22743864700198174,-0.12897535935044288,-0.08613167032599449,-0.03354982100427151,-0.0036412865156307817,0.019768630154430866,0.06710719466209414,0.11512758545577521,0.31338240265846234,11468
3,-5..-2%,50,170326,2121,-0.0003524757192997397,-0.04419645554822495,3974.586910024865,-4034.6226893903263,78116,90383,-0.6873614935195755,2.370927318295739,-0.23133347034454346,-0.13216880336403847,-0.08717470616102219,-0.03466883487999439,-0.0035373622085899115,0.020083723589777946,0.0675993375480175,0.11671149916946888,0.3174941122531886,11396
3,-5..-2%,51,169846,2124,-0.0003044895704454647,-0.044694966675220396,3998.4917586586785,-4050.208094240576,77942,90156,-0.6819672131147541,2.1805555555555554,-0.23237204551696777,-0.13138672709465027,-0.0868450254201889,-0.034161489456892014,-0.003398791654035449,0.020491018891334534,0.06773864775896069,0.11772119104862211,0.31903231143951444,11357
3,-5..-2%,52,169362,2120,-0.00035633776868853093,-0.045738899116123936,4013.7792954663987,-4074.1293726470303,77690,89904,-0.6804262295081966,2.3027989821882953,-0.23079616695642471,-0.13133983463048934,-0.08863060772418976,-0.03521906025707722,-0.0037764350418001413,0.020582128316164017,0.06752250939607629,0.12131014242768286,0.3203549319505693,11383
3,-5..-2%,53,168885,2126,-0.0003772455788067669,-0.04662967282018699,4032.0500560856744,-4095.761175662446,77404,89735,-0.6742999126989457,2.456460028657168,-0.23234938815236092,-0.1327026426792145,-0.08966462090611459,-0.035350228659808636,-0.003852118970826268,0.020470069721341133,0.06988363564014437,0.12350402288138884,0.3245572063326836,11234
3,-5..-2%,54,168619,2123,-0.0003272779674526945,-0.04665047239785963,4057.8615089579444,-4113.046792551856,77194,89687,-0.6786229508196722,2.309367191882107,-0.23294759243726731,-0.13461173325777054,-0.0901678055524826,-0.03570549935102463,-0.0036630036775022745,0.020903024822473526,0.0689711943268776,0.12494978308677673,0.3330770105123518,11271
3,-5..-2%,55,168072,2125,-0.0003187495045219511,-0.047015006865690656,4078.2907457142032,-4131.863612438215,76944,89383,-0.6754426229508197,2.5091513693260157,-0.23705536067485808,-0.1346446543931961,-0.08995529264211655,-0.03573060408234596,-0.0038928326684981585,0.02070659212768078,0.06865891218185428,0.12761990278959273,0.33009090125560747,11143
3,-5..-2%,56,167539,2124,-0.00020956844567565386,-0.04716460642276682,4108.454822328433,-4143.565710148494,76733,89163,-0.6883671291355389,2.422391857506361,-0.23473898634314536,-0.13696831315755845,-0.09052441269159317,-0.03614457696676254,-0.0038419386837631464,0.02138660056516528,0.06999349519610396,0.12834037691354738,0.33561138778925215,11132
3,-5..-2%,57,166991,2121,-0.00020205268036319537,-0.04692968552144832,4122.35033954437,-4156.091318690902,76507,88844,-0.7011739594450374,2.2381789180567195,-0.2401077491044998,-0.13760873526334763,-0.09112180024385452,-0.03643066622316837,-0.0038493587635457516,0.021411722525954247,0.06999129205942164,0.127666191011667,0.33996386617422086,11110
3,-5..-2%,58,166826,2125,-0.0002120965323757975,-0.047410960550531914,4138.394821322919,-4173.778037433031,76362,88781,-0.6983991462113126,2.4291978991382384,-0.2453521028161049,-0.13741633296012878,-0.09141315817832947,-0.03652174025774002,-0.004023826215416193,0.021147873252630234,0.06962495297193531,0.12600188851356506,0.3257951855659484,11143
3,-5..-2%,59,166220,2122,-0.00024273249915520348,-0.04772210008812088,4148.794205085827,-4189.141201095416,76086,88526,-0.6883671291355389,2.636216172375571,-0.24468884125351906,-0.13890362307429313,-0.09317335933446884,-0.03642513044178486,-0.0036953843664377928,0.02152323117479682,0.07067947611212737,0.12903938069939608,0.33562191367149263,11078
3,-5..-2%,60,165856,2122,-0.00018865080440122752,-0.0483563608604012,4171.993480627943,-4203.282348442699,75988,88347,-0.684076840981857,2.3825191273081185,-0.24315210044384003,-0.13805696368217468,-0.09402952045202255,-0.03678929805755615,-0.003827751148492098,0.02157360315322876,0.0714285746216774,0.12921709120273583,0.3301348710060114,11053
3,-5..-2%,61,165329,2123,-0.00013002768734922946,-0.04817001427047097,4191.56163592146,-4213.058983443221,75861,87960,-0.6872131147540983,2.3568898861823784,-0.24104074239730836,-0.13834046721458435,-0.09419573098421097,-0.036866359412670135,-0.003874091897159815,0.021541010588407516,0.07184823900461196,0.13149567544460294,0.34092251658439565,11097
3,-5..-2%,62,164895,2123,-0.00006335150889771108,-0.04865650843508002,4217.087787274221,-4227.534134333915,75605,87735,-0.6865573770491803,2.34423747600638,-0.24307852357625961,-0.13896355777978897,-0.09439975172281265,-0.03751743212342262,-0.004065040498971939,0.02164775412529707,0.07211091220378878,0.13260203748941404,0.352771404981613,11043
3,-5..-2%,63,164479,2124,0.00004251602663060106,-0.04835434914244185,4243.18816029923,-4236.195166755066,75518,87360,-0.6819344262295082,2.2577252696747685,-0.24659030616283417,-0.14044495820999145,-0.09457188546657562,-0.03750000149011612,-0.004149377811700106,0.02201957255601883,0.07355112582445153,0.1349341571331023,0.34718214035034206,11025
3,-5..-2%,64,164075,2121,0.00001878527554291772,-0.04960480521744272,4262.073213286198,-4258.991019201492,75363,87124,-0.6818688524590164,2.244207737435454,-0.2434714049100876,-0.13986528813838958,-0.09503996223211288,-0.038452060893177986,-0.004310344811528921,0.022006047889590263,0.07365794032812119,0.13347588032484045,0.3431530451774588,11035
3,-5..-2%,65,163693,2122,0.000017833816687172066,-0.0496833219215318,4281.231171434165,-4278.311900479183,75137,86982,-0.6819672131147541,2.282083862770013,-0.24528153449296952,-0.14076687544584274,-0.09533710479736328,-0.03782382234930992,-0.003969912650063634,0.022514338605105877,0.07355652824044227,0.13629824668169013,0.35779440551996217,10978
3,-5..-2%,66,163153,2121,0.00005050823907058645,-0.04980401620713919,4293.883049364225,-4285.6424786351145,75089,86601,-0.6819344262295082,2.10903241504231,-0.24886187121272088,-0.14149280339479445,-0.09615245684981345,-0.03846153989434242,-0.003956533037126064,0.023077027406543493,0.07608057186007498,0.13674695566296577,0.35726175785064695,10952
3,-5..-2%,67,162716,2122,4.576957889446667e-6,-0.049907059288584965,4301.6838146378295,-4300.939070357886,74721,86484,-0.6862326574172892,2.488257107540173,-0.2496642252802849,-0.14177817478775978,-0.09608036875724793,-0.0385892428457737,-0.003741305088624358,0.02325098915025592,0.07561683654785163,0.13866151869297041,0.3643800896406174,10934
3,-5..-2%,68,162207,2124,-0.000015555756915698246,-0.05002213282817377,4312.947951648909,-4315.471204310946,74599,86163,-0.6842622950819672,2.488257107540173,-0.24943795740604402,-0.1436756059527397,-0.09747187346220017,-0.0387232881039381,-0.003846153849735856,0.023845353163778782,0.07648725062608719,0.13888195008039472,0.3696396505832707,10923
3,-5..-2%,69,161706,2122,-0.00007588817010959208,-0.05103475968166997,4313.802165262961,-4326.073737698705,74365,85904,-0.6918032786885246,2.3180183364171225,-0.24668836772441866,-0.1428571492433548,-0.09774546325206757,-0.03934156522154808,-0.004166666883975267,0.024144869297742844,0.07622289359569549,0.13707078695297226,0.3646675491333008,10817
3,-5..-2%,70,161321,2120,-0.000034032158090030184,-0.05091743131411922,4331.6446793616105,-4337.134781136851,74180,85717,-0.6942947540983606,2.2120300751879696,-0.24860076174139978,-0.144053652882576,-0.09839820265769958,-0.03933934774249792,-0.0041477305348962545,0.023811927065253258,0.0757709041237832,0.13664019852876655,0.35709446579217896,10760
3,-5..-2%,71,160981,2122,0.000072279788587696,-0.051525300770210454,4360.282795505878,-4348.647122859252,74153,85404,-0.6946793442622952,2.2198712666206375,-0.24824611842632294,-0.14232788980007172,-0.09965035319328308,-0.039717623963952065,-0.004244997166097164,0.02398258727043867,0.0761285051703453,0.14133591204881668,0.36195965111255646,10751
3,-5..-2%,72,160475,2121,0.00016665427028381475,-0.05142369461948029,4382.620323336792,-4355.876479312994,73931,85123,-0.6917704918032787,2.5546448695962054,-0.2508798587322235,-0.1437109649181366,-0.09938051626086235,-0.04068386368453503,-0.004081632476300001,0.024110974278301,0.07689457237720494,0.14262634739279745,0.36749398082494794,10658
3,-5..-2%,73,160056,2123,0.0001653255193402547,-0.05141632903246213,4396.8443983356865,-4370.383057012182,73580,85054,-0.6884918032786885,2.5231788079470197,-0.25642949640750884,-0.14520761072635652,-0.10043542981147766,-0.039835305884480476,-0.004418262280523777,0.02417926862835884,0.07778980284929281,0.14332276582717904,0.3787825906276695,10679
3,-5..-2%,74,159497,2121,0.00013982876229701817,-0.051837595165865905,4397.817224485327,-4375.514956385248,73422,84719,-0.6917704918032787,2.530973451327434,-0.25117048621177673,-0.14492668211460114,-0.10196428745985031,-0.040699830278754234,-0.004137336276471615,0.0240747332572937,0.07739394158124924,0.14217986166477203,0.3689571946859341,10671
3,-5..-2%,75,159182,2121,0.00011343884022340392,-0.051487052002892664,4413.585559883596,-4395.528138419169,73167,84630,-0.6917704918032787,2.6345864661654135,-0.2562582463026047,-0.14608792960643768,-0.10145863890647888,-0.04120458755642176,-0.004430602770298719,0.024457887280732393,0.07663193345069885,0.14178910478949547,0.3672098740935332,10656
3,-5..-2%,76,158739,2123,0.00012729970517991488,-0.051978789146883024,4433.148486119855,-4412.941058219288,72880,84452,-0.6913445901639343,2.9984962406015034,-0.25692578792572024,-0.14712750017642973,-0.10276659429073333,-0.0413107555359602,-0.004347825888544321,0.024968905374407768,0.07961945235729233,0.14516365230083464,0.3679283410310747,10683
3,-5..-2%,77,158361,2119,0.00010466051095902062,-0.05260430771096087,4441.539768103459,-4424.965624927471,72787,84210,-0.6852459016393442,2.9142974866089824,-0.2553683537244797,-0.14587366878986358,-0.10227078944444655,-0.04140074551105499,-0.004252734128385782,0.025229763239622116,0.0800810813903809,0.14113612025976174,0.363922287225723,10635
3,-5..-2%,78,157852,2120,0.00019111528996508108,-0.05255419894869169,4463.657898748163,-4433.489967996579,72676,83778,-0.6885245901639344,2.9142974866089824,-0.2533866930007935,-0.14935437515377997,-0.10298856943845748,-0.04193829372525215,-0.004343110369518399,0.02524131629616022,0.07958286181092265,0.1409300528466701,0.37422140985727326,10600
3,-5..-2%,79,157346,2118,0.0001773762369590956,-0.053140717135592104,4476.94533903904,-4449.035897658476,72481,83576,-0.6906557377049181,2.8114956736711987,-0.25419275373220446,-0.14884018376469613,-0.10276860743761063,-0.04249249119311571,-0.004525674739852548,0.025341983418911695,0.08037954792380346,0.14158302545547483,0.37911275148391715,10518
3,-5..-2%,80,156925,2122,0.00017616838143419669,-0.05311334532294491,4488.441720910955,-4460.796497654401,72238,83402,-0.685639344262295,2.6499793984342808,-0.2605050849914551,-0.15087957084178924,-0.10451613217592239,-0.042738690972328186,-0.0045731705613434315,0.025278810411691666,0.08119579553604132,0.14205528795719138,0.38081363677978797,10565
3,-5..-2%,81,156535,2122,0.00023839388477122598,-0.053579288252186774,4509.082287831326,-4471.7653010786535,71999,83257,-0.7445255474452555,2.368711111111111,-0.25784257531166077,-0.15139621794223784,-0.10589680671691894,-0.043478261679410934,-0.004524887073785067,0.025557922199368477,0.0808250233530998,0.14259936809539767,0.3752771079540252,10537
3,-5..-2%,82,156039,2120,0.00028012569657497044,-0.05354131058126366,4528.079263943728,-4484.368730375855,71845,82934,-0.7488609048182829,2.3389882352941176,-0.2653816604614258,-0.15154719948768616,-0.1057645708322525,-0.042691223323345184,-0.004524887073785067,0.025612998753786087,0.08184057027101517,0.14233773946762074,0.37998949885368377,10565
3,-5..-2%,83,155727,2121,0.0003561830175895413,-0.05298673434693016,4552.13806227035,-4496.670749490176,71746,82731,-0.748653500897666,2.8114495945821245,-0.26403730690479277,-0.150528784096241,-0.10612883716821671,-0.04292111471295357,-0.004566209856420755,0.02611538488417864,0.08200667202472688,0.14354062527418135,0.3806946867704391,10535
3,-5..-2%,84,155361,2122,0.00030948157328236907,-0.053728860091441503,4565.740773120394,-4517.65940641368,71466,82665,-0.7463768115942029,2.755294117647059,-0.26954280138015746,-0.15255343168973923,-0.1071428582072258,-0.0431489534676075,-0.004475806374102831,0.026115707121789455,0.08256880939006805,0.1469084694981575,0.38439131677150806,10491
3,-5..-2%,85,154945,2121,0.00035924583872982616,-0.0544941061988407,4583.127609979365,-4527.46426349736,71379,82383,-0.7463768115942029,2.8926449498053675,-0.2650159180164337,-0.15376697480678558,-0.1070374295115471,-0.04444281384348869,-0.005156202707439661,0.025641025975346565,0.08240674287080767,0.14549714326858532,0.38719954609870916,10409
3,-5..-2%,86,154445,2119,0.0004612633377771052,-0.05453918222840156,4603.979173411905,-4532.739357208926,71076,82139,-0.7355072463768115,2.8966365873666944,-0.26418822139501574,-0.15545170083642007,-0.1083713985979557,-0.04392518941313028,-0.004922315711155534,0.025505244731903076,0.08436041846871381,0.14909068346023555,0.3916511696577091,10348
3,-5..-2%,87,154092,2120,0.00045411102165305336,-0.05559015700401767,4613.891575111558,-4543.916699562992,70952,81929,-0.7454545454545455,2.932973845723926,-0.2693958628177643,-0.15538830757141112,-0.10876485556364059,-0.0441630594432354,-0.004942652769386768,0.026114380918443203,0.0830392271280289,0.14578531682491286,0.3951154917478557,10295
3,-5..-2%,88,153682,2122,0.0005700188232062545,-0.055491926891021934,4636.712418220799,-4549.110785432818,70870,81630,-0.748101766886178,2.829681532617808,-0.27086297392845154,-0.15687373876571656,-0.10953969210386276,-0.04404145106673241,-0.004815032240003347,0.02705882303416729,0.0846972301602363,0.1497847914695739,0.3997387790679916,10237
3,-5..-2%,89,153356,2120,0.0005418974712498202,-0.05529683992250326,4642.28722459537,-4559.183995994395,70761,81384,-0.750445632798574,2.667394611825831,-0.27341827034950256,-0.15876157581806183,-0.10906399488449096,-0.04463672637939453,-0.004883721005171537,0.026859503239393234,0.08400337845087054,0.15128309726715086,0.39539734363555856,10245
3,-5..-2%,90,152881,2122,0.000488665233513252,-0.05569616973318534,4648.604444167218,-4573.896814602453,70473,81253,-0.7397504456327986,2.9583333333333335,-0.269256067276001,-0.1586053639650345,-0.10960096493363382,-0.044578105211257935,-0.0050088821444660425,0.02740998100489378,0.08519141450524338,0.15159406810998918,0.4156926009058953,10274
3,-5..-2%,91,152495,2121,0.0005485557023453697,-0.05561305319624309,4666.711170549333,-4583.0591687201695,70294,81037,-0.7144385026737967,2.8543749999999997,-0.274273841381073,-0.1565885365009308,-0.10971735790371895,-0.04427211359143257,-0.004798396490514278,0.027367945294827223,0.08481359332799913,0.15014511123299598,0.4109676733613014,10284
3,-5..-2%,92,152077,2121,0.00045095612465975346,-0.05637691936427504,4657.999027224123,-4589.418972654236,70003,80873,-0.6912746858168761,2.6910416666666666,-0.27263214290142057,-0.15877463296055794,-0.11032946780323982,-0.04538227804005146,-0.004987536463886499,0.027294261381030083,0.08503827080130577,0.15135155990719795,0.4121333032846454,10216
3,-5..-2%,93,151578,2119,0.00044964983010479696,-0.05657250690041099,4662.36666896637,-4594.209647018735,69832,80600,-0.6898360655737705,2.877756778931127,-0.27339699417352675,-0.15870795026421547,-0.1107843667268753,-0.04549445025622845,-0.004613034892827272,0.02738527860492468,0.08427433297038078,0.15245955809950829,0.4111605077981916,10196
3,-5..-2%,94,151294,2121,0.0003964723115303288,-0.05682806697375299,4670.929247037396,-4610.945365136737,69655,80490,-0.6895737704918032,2.7759146403686725,-0.2741855823993683,-0.1598029464483261,-0.11095760762691498,-0.045381469652056694,-0.0048496606759727,0.026927165687084198,0.08506892174482347,0.14998371899127955,0.40119744420051695,10223
3,-5..-2%,95,151015,2124,0.0004039439358152804,-0.057025575786670536,4681.375148659064,-4620.373555191913,69522,80336,-0.6892786885245902,2.6159061501222514,-0.27519660770893095,-0.1610927827656269,-0.1120822288095951,-0.04577009752392769,-0.004977687494829297,0.027276869397610426,0.08626469820737845,0.14923450872302058,0.4012730491161347,10234
3,-5..-2%,96,150414,2120,0.0003522172324388372,-0.05713749439038333,4677.829029456821,-4624.850626656753,69238,80022,-0.6895081967213115,2.6885245901639343,-0.27546096771955486,-0.16235295310616493,-0.11257793307304383,-0.04593191295862198,-0.005013761343434453,0.027640548069030046,0.08673174753785132,0.15329404771327937,0.40671368807554226,10172
3,-5..-2%,97,150098,2123,0.00047258430872500917,-0.05677747545602427,4703.837987530536,-4632.904027959527,69120,79830,-0.6915409836065574,3.204779563246807,-0.27855564415454864,-0.16240083128213884,-0.11243749260902404,-0.04626256413757801,-0.004735596012324095,0.027831222862005234,0.08720252364873887,0.15598414242267597,0.4102721226215356,10163
3,-5..-2%,98,149733,2119,0.0005605164305660294,-0.05686439860743965,4722.3078531473775,-4638.380046449427,68919,79652,-0.7028483448806775,3.204779563246807,-0.2807767337560654,-0.1627875253558159,-0.11319787576794624,-0.04622064996510744,-0.005102040711790323,0.028139593545347452,0.0878422744572163,0.15728777647018422,0.4023699960112571,10168
3,-5..-2%,99,149168,2121,0.0005612689914904256,-0.056890429796813705,4725.051969901674,-4641.3285969790195,68672,79378,-0.6913770491803278,2.9098565573770494,-0.2817334282398224,-0.16267769932746887,-0.11332676857709885,-0.04652966186404228,-0.005202153697609901,0.028044279664754868,0.0877115219831467,0.15687165260314934,0.39497327089309725,10133
3,-5..-2%,100,148847,2120,0.0005559181401889863,-0.05738371252036989,4734.554220070061,-4651.807472657344,68498,79260,-0.6917704918032787,3.052036681595223,-0.2824793899059296,-0.16269062757492064,-0.11338058114051819,-0.0470108687877655,-0.005530179711058736,0.02825249871239066,0.08824137598276136,0.1578279852867126,0.39177337795495865,10112
3,-5..-2%,101,148350,2118,0.0006690156133772259,-0.0574471531112008,4750.563703305315,-4651.315237060798,68296,79014,-0.6917704918032787,2.9456174024312216,-0.28617242872715,-0.16571162641048431,-0.1145714595913887,-0.047598822042346,-0.005654284730553627,0.02875929558649659,0.0883118063211441,0.15927688032388687,0.40165797919035,10006
3,-5..-2%,102,147990,2121,0.0006164630000861241,-0.057745659650152076,4752.753198222091,-4661.522838839347,67997,78900,-0.6944590163934425,3.0163934426229515,-0.2838980829715729,-0.16452619433403015,-0.11549129933118821,-0.047867137007415295,-0.00567433750256896,0.028167749755084515,0.08727748692035676,0.15693098157644256,0.41561191767454125,9968
3,-5..-2%,103,147451,2120,0.0005966700184339431,-0.05761019487771703,4756.033787064898,-4668.054196176803,67814,78540,-0.6955081967213115,3.0942992750221663,-0.28714668899774554,-0.16447188407182695,-0.11586760208010673,-0.04869411513209343,-0.0056460711639374495,0.028844072949141264,0.08905458599329,0.1587807245552539,0.4170073476433748,9878
3,-5..-2%,104,147302,2120,0.0006214377303014339,-0.057631739731229016,4776.609607702442,-4685.070587153573,67609,78657,-0.7005388760585065,2.6875,-0.2893317088484764,-0.16575105488300323,-0.11597742140293121,-0.049221946857869625,-0.005767948925495148,0.028639834839850664,0.0874767042696476,0.1614641137421131,0.4340111389756217,9906
3,-5..-2%,105,146708,2115,0.0006035500039547701,-0.05797596089240085,4784.151049164334,-4695.605435184136,67447,78214,-0.6999016393442623,3.1815201802909234,-0.2920886504650116,-0.16667111217975616,-0.11582669168710709,-0.04862391948699951,-0.005730659235268831,0.02901785634458065,0.08974746018648148,0.16164631545543667,0.43400329709052965,9853
3,-5..-2%,106,146413,2117,0.0007429767156934361,-0.05776790393890164,4809.250002441236,-4700.468552566417,67342,78016,-0.7074626865671643,3.1858080393765382,-0.2890790212154388,-0.1659192055463791,-0.1167344868183136,-0.04925193451344967,-0.0060240961611270905,0.02899722009897232,0.08994547128677369,0.16222551316022868,0.4192703449726082,9847
3,-5..-2%,107,145985,2115,0.0008988761909621642,-0.057894633210420474,4834.821030260979,-4703.598589523346,67191,77799,-0.7059701492537314,3.6168032786885247,-0.291374107003212,-0.16652730256319045,-0.11705054938793182,-0.04993206821382046,-0.005639097653329372,0.029404311440885067,0.08926924914121635,0.16106504052877377,0.42648972690105436,9835
3,-5..-2%,108,145662,2118,0.0008470828877361523,-0.05832752006091242,4836.433616559662,-4713.045828966229,66988,77591,-0.7250746268656716,4.211188524590164,-0.2908210813999176,-0.16946100890636442,-0.1187059834599495,-0.05026627331972122,-0.005840240977704525,0.03010948933660984,0.08942927867174158,0.16144668161869044,0.42796566605567976,9873
3,-5..-2%,109,145258,2119,0.0009153305117257705,-0.0579432974798759,4843.848592686767,-4710.88951321451,66858,77358,-0.7298507462686568,3.576844262295082,-0.2902821972966194,-0.16908854991197586,-0.11939427852630614,-0.050466688349843025,-0.005826727021485567,0.029518489725887775,0.08871406018733978,0.16185482591390554,0.4288272932171818,9852
3,-5..-2%,110,144725,2122,0.0009033930225194046,-0.05869930145463976,4851.006728473678,-4720.263173289526,66559,77150,-0.7390597014925373,4.034836065573771,-0.2915398108959198,-0.17101876586675643,-0.1205133244395256,-0.05090014636516571,-0.005942733492702246,0.03043781127780676,0.09091356545686764,0.158776818215847,0.4216079545021061,9823
3,-5..-2%,111,144209,2118,0.0008639236364083301,-0.05829021101156477,4844.879823386938,-4720.294259704131,66293,76934,-0.7567164179104477,4.485655737704918,-0.2907612362504005,-0.1706061914563179,-0.12109467834234237,-0.04991517215967178,-0.00601107906550169,0.030541751068085432,0.09020003229379656,0.15888871103525162,0.41625122874975146,9794
3,-5..-2%,112,143888,2120,0.0009396612418400219,-0.05888253618750644,4859.308646075498,-4724.102669309614,66133,76769,-0.7567014925373134,4.737704918032787,-0.2936399337649345,-0.17086674645543098,-0.12044034451246262,-0.05054184887558222,-0.005505328997969627,0.030557550489902496,0.08950108438730285,0.15981936454772946,0.4228016149997717,9748
3,-5..-2%,113,143567,2121,0.0010540293523961426,-0.05896621393866924,4884.327412396676,-4733.003580361222,65952,76652,-0.7671641791044777,4.375,-0.29277940273284914,-0.1717107594013214,-0.12049513310194016,-0.05101676657795906,-0.0058163125067949295,0.03082437254488468,0.09100904017686857,0.16384812295436918,0.42102689027786194,9829
3,-5..-2%,114,143159,2121,0.0010971383036752595,-0.05849008186310627,4892.541864309365,-4735.476641893509,65711,76514,-0.7597014925373134,4.0737499999999995,-0.2935193407535553,-0.17347834110260008,-0.12186686843633651,-0.05125102028250694,-0.006121495272964239,0.030927835032343864,0.09014267921447755,0.16439303755760193,0.4423556983470886,9753
3,-5..-2%,115,142707,2121,0.0011206574077646098,-0.05907097313624887,4900.5480379448845,-4740.6223812550315,65437,76304,-0.7597164179104477,3.907438524590164,-0.29455161690711973,-0.17234554514288902,-0.12062404304742813,-0.05074837151914835,-0.005991337355226278,0.03117076074704528,0.09196005761623383,0.16609345749020576,0.44018892943859317,9756
3,-5..-2%,116,142394,2121,0.0012100345412554747,-0.05868020895894331,4917.294026279429,-4744.992367811909,65328,76128,-0.745958429561201,3.71516393442623,-0.29898545145988464,-0.17279764413833618,-0.12237150818109511,-0.05102718994021416,-0.006341154221445322,0.031170714646577835,0.0909752070903779,0.1638091921806334,0.43662140727043347,9733
3,-5..-2%,117,142037,2119,0.0011496191102931994,-0.05935501656489997,4914.833537495857,-4751.545087927143,65136,75951,-0.7559701492537314,3.5266393442622954,-0.3035206174850464,-0.1741348534822464,-0.12294895201921463,-0.05240621045231819,-0.006575342267751694,0.03138643130660057,0.09184288829565045,0.16232340931892372,0.4541170620918273,9597
3,-5..-2%,118,141710,2119,0.0011111019758450807,-0.05966487595026649,4913.702099977124,-4756.247838980113,64983,75799,-0.7805970149253731,3.370901639344262,-0.30238885641098023,-0.17350492775440216,-0.1234448418021202,-0.052697841078042984,-0.006369426846504211,0.03127862513065338,0.0931089147925377,0.16436694264411933,0.4426164340972923,9589
3,-5..-2%,119,141254,2117,0.0011095873196565321,-0.05908001825338786,4912.659916396487,-4755.926269145732,64794,75533,-0.7745970149253731,3.5737704918032787,-0.308641654253006,-0.17355170845985413,-0.12286108732223511,-0.05297522991895676,-0.0066834676545113325,0.03125,0.09275656938552856,0.16573286801576614,0.4547294989228226,9486
3,-5..-2%,120,141019,2118,0.0013488293581392587,-0.05892021930609677,4949.573440981425,-4759.362873725982,64670,75410,-0.773179104477612,3.701844262295082,-0.30865411669015885,-0.17451684325933456,-0.12402679324150086,-0.05331060290336609,-0.0060240961611270905,0.03170668240636587,0.09415812790393825,0.16789180934429138,0.4707673043012632,9532
3,-5..-2%,121,140679,2120,0.0012616473314512179,-0.059436790185537415,4954.2795698696455,-4776.792284928416,64498,75223,-0.779134328358209,3.3688524590163933,-0.30898760437965395,-0.17505638301372528,-0.125,-0.05432595685124397,-0.0062761506997048855,0.031742509454488754,0.0955547109246254,0.17010509967803955,0.4821987366676318,9469
3,-5..-2%,122,140243,2116,0.00133169671208741,-0.05856894639078464,4965.380131159551,-4778.61898916625,64309,74989,-0.7738805970149254,3.7172131147540988,-0.3016301661729813,-0.17511582002043724,-0.12497928366065025,-0.053936053067445755,-0.006154841277748346,0.0320942597463727,0.09532292932271957,0.16635295003652573,0.4688167154788971,9466
3,-5..-2%,123,139882,2118,0.0013301909843948015,-0.05953004545336353,4969.224435552997,-4783.154660273872,64130,74833,-0.7791044776119402,3.717827868852459,-0.304257305264473,-0.17674489021301268,-0.1247285857796669,-0.05392712540924549,-0.0063492064364254475,0.03198637813329697,0.09502158463001255,0.17112802863121018,0.46712944567203535,9475
3,-5..-2%,124,139353,2117,0.0013687476811773194,-0.05955301811076123,4967.158275140941,-4776.419179525829,63948,74517,-0.7850746268656716,3.672131147540984,-0.30213257789611814,-0.177227483689785,-0.12537288367748262,-0.05433121882379055,-0.006240249611437321,0.03189462795853615,0.0948249831795692,0.1690421581268308,0.46477669835090285,9447
3,-5..-2%,125,139035,2119,0.001249847562997651,-0.05932417894471377,4964.340622355439,-4790.568066434071,63874,74300,-0.7907761194029851,3.58094262295082,-0.3025599014759064,-0.1767593190073967,-0.12511006891727447,-0.054189844988286495,-0.006588437361642718,0.0320218950510025,0.09670654535293582,0.17139615267515154,0.4790621209144595,9450
3,-5..-2%,126,138615,2118,0.0012317544788616674,-0.05977517858456353,4966.7841468720735,-4796.044499784657,63546,74205,-0.791044776119403,3.4369565217391305,-0.3035803496837616,-0.1788078173995018,-0.12764479219913483,-0.05464048869907856,-0.006220546551048756,0.03197350166738033,0.09631799161434174,0.16973169893026352,0.4752503246068951,9411
3,-5..-2%,127,138242,2120,0.0012651394804861031,-0.05928524614499419,4966.301846222047,-4791.406434160676,63386,74038,-0.7910597014925373,3.6332172131147544,-0.3019205045700073,-0.17899079024791717,-0.12811307609081268,-0.054347824305295944,-0.006435643415898085,0.03191489353775978,0.0962480664253235,0.1699168711900711,0.46686275482177725,9393
3,-5..-2%,128,137843,2117,0.0012906349839852216,-0.05886255176511447,4968.621498249802,-4790.716500152326,63257,73756,-0.8029850746268656,3.8729508196721314,-0.3027141284942627,-0.180066791921854,-0.12812451124191285,-0.05458405241370201,-0.006218440132215619,0.03238547686487436,0.09630834609270107,0.1698726490139962,0.4682985997200012,9404
3,-5..-2%,129,137561,2120,0.0012278956993043062,-0.05957515108687896,4972.028906352164,-4803.118346060165,63091,73638,-0.7643187066974596,3.6899180327868857,-0.3004986384510994,-0.18048365861177443,-0.12974683344364166,-0.05472162179648876,-0.006422773934900761,0.032238380052149296,0.09649517238140114,0.1707655429840086,0.48827389776706703,9390
3,-5..-2%,130,137164,2122,0.0012154061135710255,-0.05963043299237131,4976.406146453828,-4809.6961822919575,62839,73502,-0.76905311778291,3.731557377049181,-0.3001444527506828,-0.1806886315345764,-0.12995314449071882,-0.0546875,-0.00632776296697557,0.03263564966619015,0.09731052443385133,0.17216256186366102,0.4860973981022838,9424
3,-5..-2%,131,136703,2119,0.0012147087182185462,-0.05926840410675337,4974.77294428255,-4808.718618375924,62644,73208,-0.7769745958429561,4.14344262295082,-0.3050930127501488,-0.1826990969479084,-0.13236258774995802,-0.05596770904958248,-0.006428790744394064,0.03277488052845001,0.09816510975360872,0.17245764136314407,0.500162292420862,9354
3,-5..-2%,132,136277,2119,0.0014134393288410662,-0.05892089746015189,4992.744537258994,-4800.125265842526,62492,72945,-0.76905311778291,4.282786885245902,-0.304246187210083,-0.1817772090435028,-0.13126873970031738,-0.05572383105754852,-0.006608839146792889,0.03253839910030365,0.09546377509832382,0.16742397844791412,0.49355342388153783,9381
3,-5..-2%,133,135917,2119,0.001484153651626221,-0.05923305962418919,4998.810693212717,-4797.088981344649,62347,72777,-0.7559661277906082,4.049180327868853,-0.30699718892574307,-0.1813662350177765,-0.13080213963985443,-0.05562163330614567,-0.007043962134048343,0.03296057041734457,0.09630861133337021,0.1718614473938942,0.48847350776195547,9266
3,-5..-2%,134,135493,2118,0.0016622219193501008,-0.059360283956736815,5021.476310839057,-4796.25687632053,62178,72499,-0.7598152424942264,3.9118852459016393,-0.3060476779937744,-0.18215613067150116,-0.13263843953609467,-0.05599137768149376,-0.00685393251478672,0.03335561975836754,0.09641174226999283,0.17111840844154358,0.5011906325817069,9221
3,-5..-2%,135,135142,2119,0.0018366304696101423,-0.0592447307599772,5043.400884000301,-4795.1949690762485,62044,72269,-0.7644341801385681,3.7848360655737707,-0.3062639355659485,-0.18304920196533203,-0.13195766508579254,-0.055693067610263824,-0.006611295510083437,0.03341743350028992,0.09886439889669418,0.17488789558410645,0.5109722256660493,9081
3,-5..-2%,136,134870,2121,0.0018218295144037217,-0.05917779799562926,5047.722724532112,-4802.012577924504,61980,72138,-0.7643097643097643,3.564814814814815,-0.30824960589408873,-0.18359044790267945,-0.1304023712873459,-0.0566550325602293,-0.007117437664419413,0.03309515677392483,0.10088549256324768,0.1782498344779004,0.5336645650863642,9127
3,-5..-2%,137,134540,2120,0.0017896567042476347,-0.05975677845860665,5052.477274522893,-4811.696861533417,61770,72008,-0.7644341801385681,3.596846846846847,-0.306206485927105,-0.1840145193040371,-0.13249747604131698,-0.05647734925150871,-0.006911523640155792,0.0339973010122776,0.0986415356397629,0.17697745189070685,0.5260170257091485,9128
3,-5..-2%,138,134000,2122,0.0019354022104491344,-0.059171744658053735,5060.045011213626,-4800.701115013437,61496,71694,-0.7777777777777778,3.534391534391535,-0.30855333477258684,-0.18558351024985315,-0.13105502128601074,-0.055934514850378036,-0.007121664239093661,0.03365809749811888,0.09826030284166336,0.17838635742664372,0.5059125846624364,9094
3,-5..-2%,139,133732,2117,0.0019163713938347158,-0.06009695721664023,5064.635583956778,-4808.355404716477,61444,71524,-0.7829099307159353,3.596846846846847,-0.30658791959285736,-0.1836002916097641,-0.13084615767002106,-0.056731779128313065,-0.006635699886828661,0.03472048230469227,0.10052360594272614,0.17995816469192505,0.5266562104225159,9051
3,-5..-2%,140,133322,2119,0.0020427318077218736,-0.05938894067998131,5076.535418756191,-4804.194328687107,61271,71251,-0.777490377213241,3.697156983930779,-0.30596038699150085,-0.18388586789369582,-0.1318025141954422,-0.0569106824696064,-0.006535947788506746,0.0348302461206913,0.10072547942399979,0.18028524219989778,0.5235838556289689,9039
3,-5..-2%,141,132866,2115,0.002102035765931466,-0.058939912587419416,5084.128172305027,-4804.839088228746,61095,71041,-0.7775211701308699,3.9443757725587147,-0.3108844205737114,-0.18515446782112122,-0.13314644992351532,-0.05685729067772627,-0.007064534584060311,0.034439331851899624,0.09991578012704849,0.17847897857427597,0.5261805236339588,9006
3,-5..-2%,142,132499,2115,0.002179322888540154,-0.05929021392995585,5095.630492755832,-4806.872389347154,60926,70814,-0.7875288683602771,3.9443757725587147,-0.30955432206392286,-0.184625206887722,-0.1338602438569069,-0.05697476398199797,-0.006739905336871743,0.03460434265434742,0.10113065317273143,0.17975585237145417,0.5302693706750871,9040
3,-5..-2%,143,132096,2120,0.0021626320083631173,-0.05935387212486075,5088.5011483257,-4802.826110548969,60773,70575,-0.792147806004619,3.697156983930779,-0.31201918721199035,-0.18610610961914062,-0.13311568796634674,-0.05724208801984787,-0.007194244768470526,0.03469210863113403,0.10177946686744685,0.1784162551164629,0.5570427250862128,9009
3,-5..-2%,144,131839,2118,0.0020797314430025513,-0.05956838687516232,5092.2603572278595,-4818.070643513851,60564,70556,-0.8006158583525789,3.306878306878307,-0.3144030529260635,-0.18800899535417556,-0.13411817848682403,-0.057366516441106796,-0.007249975111335516,0.0352732390165329,0.10213574022054674,0.18007179051637645,0.5347854518890489,9023
3,-5..-2%,145,131321,2115,0.002100093207796401,-0.06006561590601564,5088.359647424424,-4812.57330728338,60320,70256,-0.8010854503464203,3.373136903257385,-0.31362627863883974,-0.18839770555496216,-0.13554033041000366,-0.05843293108046055,-0.007619901560246944,0.03472884185612202,0.10217379331588751,0.1794404789805412,0.5360073935985569,8983
3,-5..-2%,146,131049,2117,0.0021879449010069156,-0.05984576794762016,5098.829790757705,-4812.101799425661,60170,70162,-0.7998460354118553,3.5737395134985492,-0.31088926911354064,-0.1902839660644531,-0.13628560006618498,-0.05860961973667145,-0.007352941203862429,0.03487398102879524,0.10290309190750124,0.1807671427726745,0.5433592498302434,8963
3,-5..-2%,147,130641,2115,0.0023281593041560313,-0.06011721283746347,5113.3038951874705,-4809.150835533241,59991,69909,-0.7967667436489607,3.8144626457879465,-0.31194974422454835,-0.1861229233443737,-0.13415815234184264,-0.058506752364337444,-0.006636246340349317,0.03503338061273098,0.10223157852888111,0.1802933886647223,0.5285597711801547,9000
3,-5..-2%,148,130217,2113,0.002225833328265994,-0.05993217878331798,5097.33900344891,-4807.497664942095,59839,69669,-0.8016551193225558,3.671173939766441,-0.3119533944129944,-0.18731241077184677,-0.1349914938211441,-0.0590035542845726,-0.0066501519177109,0.03442202042788267,0.10007918477058413,0.1793175689876079,0.5382402056455611,8968
3,-5..-2%,149,129740,2115,0.0022384600548824513,-0.05996626937213873,5104.924812019538,-4814.5070044991035,59553,69510,-0.7944572748267898,3.917025199754148,-0.31603104263544085,-0.18994769230484962,-0.1367321267724037,-0.059700111858546734,-0.007026786915957928,0.03538044914603233,0.10122252926230432,0.18271986022591588,0.5456178843975069,8848
3,-5..-2%,150,129455,2117,0.0021941954410292118,-0.06067197068218057,5104.803127210589,-4820.753556392148,59285,69430,-0.789838337182448,3.9220672682526665,-0.31382652521133425,-0.19042894542217254,-0.13666679561138154,-0.059589583426713943,-0.00677099684253335,0.03508099168539047,0.10263404101133344,0.18041399419307716,0.5383214831352238,8809
3,-5..-2%,151,128993,2117,0.0022093654111613073,-0.060506836722196325,5103.5492333703105,-4818.556560888367,59065,69204,-0.7929176289453426,3.9679669630196956,-0.3191764760017395,-0.1918164163827896,-0.13808608651161194,-0.0602409653365612,-0.006864988710731268,0.03594771400094032,0.10494000464677812,0.18441656231880182,0.5457342791557309,8693
3,-5..-2%,152,128448,2114,0.0023592650277148015,-0.06047718631396205,5119.797939550386,-4816.755065270479,58791,68944,-0.7890685142417244,3.7195686148687113,-0.31532253801822663,-0.19211210533976555,-0.13835606426000596,-0.06028832867741585,-0.007304600672796369,0.036051507107913494,0.10502178370952607,0.19071393907070147,0.5672518569231026,8678
3,-5..-2%,153,128018,2114,0.002408840235480097,-0.06042052252249494,5121.490521920046,-4813.115612654361,58589,68744,-0.7767513471901463,3.75,-0.3162418156862259,-0.1915166079998016,-0.13760461658239365,-0.06027003563940525,-0.0066911287140101194,0.036178214475512505,0.10526900663971903,0.1876441247761249,0.5652245062589653,8690
3,-5..-2%,154,127618,2113,0.0024453678047945005,-0.06076608272723177,5122.957166313201,-4810.884217800954,58395,68502,-0.7713625866050808,4.0,-0.3200942927598953,-0.19192434027791022,-0.1369429975748062,-0.06102227233350277,-0.006641592364758253,0.0361905861645937,0.10725030601024628,0.18753655180335035,0.5689702421426754,8672
3,-5..-2%,155,127285,2113,0.002449272865761244,-0.060259752261290565,5120.264205985884,-4808.508509267471,58176,68439,-0.7782909930715936,3.75,-0.32495610415935516,-0.19430460333824157,-0.1392153561115265,-0.06147407088428736,-0.007507357047870755,0.036644622683525085,0.10674625113606458,0.1904572784900661,0.5719430547952626,8662
3,-5..-2%,156,126924,2113,0.0023265331266743646,-0.06119243215019711,5109.01413289598,-4813.72124232596,57969,68249,-0.7790608160123171,3.653308134717353,-0.31291198074817655,-0.195102409273386,-0.13848091959953307,-0.06129073444753885,-0.007299944059923291,0.03644254710525274,0.10806797295808794,0.19088322296738608,0.5609296727180499,8658
3,-5..-2%,157,126506,2117,0.0023897476012491982,-0.060232858334271396,5122.470619206734,-4820.153209163107,57833,68019,-0.7813779830638953,3.898219089176161,-0.3256864470243454,-0.1972064919769764,-0.13853555768728257,-0.06159860361367464,-0.0073495651595294476,0.03641078807413578,0.10821806117892271,0.19166613593697546,0.5661813747882843,8642
3,-5..-2%,158,125993,2117,0.0024972724289615365,-0.059628691994699515,5128.222445784741,-4813.583600642598,57591,67742,-0.7852193995381063,3.653308134717353,-0.3241223096847534,-0.19536985456943512,-0.13953489065170288,-0.06222222372889519,-0.007872123271226883,0.03609440103173256,0.10843373835086823,0.19339323043823242,0.564767742156982,8621
3,-5..-2%,159,125630,2117,0.002594103735314698,-0.06063006337272529,5138.12754212849,-4812.230289860918,57381,67597,-0.7882986913010008,3.3651058201058204,-0.31737067222595217,-0.19538505077362062,-0.1407617151737213,-0.062162160873413086,-0.008140887133777142,0.036420393735170364,0.10803111940622329,0.19043011963367443,0.5625902342796328,8609
3,-5..-2%,160,125150,2114,0.0027432151634433073,-0.05939615437377506,5152.574182623679,-4809.26080491875,57221,67269,-0.7867590454195534,3.217391304347826,-0.32544308781623843,-0.19535155594348907,-0.13988473713397978,-0.06164560839533806,-0.007407407276332378,0.0367366299033165,0.11226672381162646,0.19566237032413475,0.5769280886650084,8597
3,-5..-2%,161,124725,2116,0.0028142533018376296,-0.05965333037868976,5152.538377343476,-4801.530634271769,56982,67086,-0.7875288683602771,4.1079872645142,-0.3256386876106262,-0.19583849608898163,-0.1413230150938034,-0.06213017925620079,-0.007530787494033575,0.036212433129549026,0.11257980018854141,0.19612590968608856,0.5564747571945239,8541
3,-5..-2%,162,124325,2114,0.002858457973195957,-0.059736585167495866,5157.8203005719715,-4802.442513054393,56774,66866,-0.7879137798306389,4.6183262261353315,-0.3222862732410431,-0.197378009557724,-0.1408410608768463,-0.06268174201250076,-0.008271949365735054,0.03642914444208145,0.11107128858566284,0.19724069833755484,0.5563946938514619,8613
3,-5..-2%,163,123964,2117,0.002659408814815659,-0.060120648021428934,5136.041526492936,-4806.370572173117,56609,66735,-0.7952270977675134,4.102181400688862,-0.32726039469242096,-0.20000000298023224,-0.1420612782239914,-0.062490981072187424,-0.008292442187666893,0.03667539916932583,0.1110235095024109,0.19704145193099976,0.5453635442256921,8552
3,-5..-2%,164,123520,2116,0.0025945562481396772,-0.05997888576459225,5133.611781309182,-4813.132193538982,56409,66461,-0.8036951501154734,4.611940298507462,-0.32870573312044143,-0.19907219409942628,-0.14297174662351608,-0.06309492513537407,-0.008048322051763535,0.03601530473679304,0.11135677918791778,0.19764468222856516,0.5413445371389373,8552
3,-5..-2%,165,123089,2116,0.002569335352787845,-0.060379739071799034,5119.713514777326,-4803.456595538026,56205,66224,-0.8083140877598152,4.612004730249487,-0.3229811191558838,-0.19804058969020844,-0.1426202803850174,-0.0625,-0.007943512871861458,0.0381285697221756,0.11184210330247879,0.2038697749376297,0.5451550483703613,8401
3,-5..-2%,166,122704,2114,0.002483700143289189,-0.060308811694451396,5101.275897083003,-4796.515954700863,56048,66026,-0.8098537336412626,4.611940298507462,-0.32474074363708494,-0.19801988005638121,-0.1425193667411804,-0.0620574876666069,-0.007674831431359053,0.037551868706941605,0.11409536600112913,0.20366992354392988,0.5390294909477295,8389
3,-5..-2%,167,122293,2114,0.0024609554883275896,-0.06026103127222779,5104.671761863279,-4803.71413232925,55781,65866,-0.804464973056197,4.862001586188664,-0.3226178824901581,-0.1990416258573532,-0.1436167776584625,-0.0630270466208458,-0.007727432530373335,0.03765690326690674,0.11351235806941985,0.2025024205446241,0.5391920065879843,8289
3,-5..-2%,168,121796,2115,0.0025445687691735834,-0.05997239732362876,5111.690673568736,-4801.772375758477,55543,65638,-0.7990762124711317,4.733267433707658,-0.32603166431188585,-0.2000623732805252,-0.14471190571784973,-0.06300235539674759,-0.008083455730229616,0.03655150532722473,0.11343553736805917,0.20286917462944984,0.5581958317756659,8258
3,-5..-2%,169,121328,2114,0.002451407421375615,-0.06019371053141998,5099.1309892402,-4801.706629619533,55230,65458,-0.8029253271747498,4.855338691159586,-0.33562460064888,-0.19959391653537747,-0.14329905807971952,-0.06277253478765488,-0.0076530613005161285,0.03663422912359238,0.11377951949834827,0.20590108036994934,0.5584206199645972,8245
3,-5..-2%,170,120983,2115,0.0025107603403485873,-0.06077267055867581,5107.51735472451,-4803.758036468121,55066,65257,-0.8052347959969207,4.855405917404333,-0.33191931664943697,-0.2034006103873253,-0.14631749838590621,-0.06520985253155231,-0.00800000037997961,0.03751136641949415,0.11415944918990141,0.20193338915705678,0.5554689294099798,8218
3,-5..-2%,171,120594,2114,0.0024750738185808944,-0.06099380061461939,5098.374596045711,-4799.895543967762,54891,65080,-0.8036951501154734,4.855338691159586,-0.33290052592754366,-0.20216020345687866,-0.1473524749279022,-0.06459565833210945,-0.008333333767950535,0.03702941909432411,0.11344099938869476,0.20657645016908624,0.559166668653488,8239
3,-5..-2%,172,120235,2114,0.0023513937941828673,-0.05993014585034448,5082.9214306262365,-4800.201597782656,54717,64935,-0.8075442648190916,4.726750861079219,-0.32823138356208803,-0.2030389942228794,-0.14586053639650345,-0.06469967029988766,-0.008280403446406126,0.03706547524780035,0.1136935345828533,0.20954673066735263,0.5546892243623734,8234
3,-5..-2%,173,119804,2118,0.002417364682921018,-0.060509078683387466,5083.797737284962,-4794.187778812281,54476,64707,-0.8152424942263279,4.858701895462378,-0.33053845167160034,-0.20176991820335388,-0.14763113856315613,-0.06373784691095352,-0.008254717104136944,0.03703703731298447,0.11353059858083725,0.20951734483242035,0.5611814260482788,8201
3,-5..-2%,174,119485,2116,0.0025424260056253665,-0.06018659057938841,5099.287426419228,-4795.505655137039,54240,64668,-0.8190300230946882,4.862068965517242,-0.330713210105896,-0.20216309279203415,-0.14768986105918883,-0.06514817476272583,-0.008695651777088642,0.03721858374774456,0.1142059594392777,0.2090266197919845,0.5634329080581669,8255
3,-5..-2%,175,119064,2115,0.0025911781826492503,-0.059733913815268956,5109.300709380285,-4800.784670241342,53964,64498,-0.8229407236335643,4.855338691159586,-0.32862816512584686,-0.20445008277893065,-0.14952074140310287,-0.06637475825846195,-0.008935961406677961,0.03706864733248949,0.11301433369517327,0.21262352541089058,0.5676480764150625,8212
3,-5..-2%,176,118640,2114,0.002614468781000474,-0.06042570092282174,5109.371618481306,-4799.191042303403,53871,64182,-0.8271747498075442,4.858701895462378,-0.33351184368133546,-0.20491080582141877,-0.14953812956809998,-0.06547335907816887,-0.008875739760696888,0.037960002198815346,0.1129813328385354,0.21070612967014293,0.5511782300472232,8203
3,-5..-2%,177,118138,2111,0.002509879399222744,-0.060664964910302,5094.745742145869,-4798.233609680509,53564,63980,-0.8333333333333334,4.862068965517242,-0.3380750715732574,-0.2069132924079895,-0.14937053620815277,-0.06597048789262772,-0.009455445222556591,0.037383176386356354,0.11458277702331543,0.2127515971660614,0.572703993320466,8141
3,-5..-2%,178,117775,2108,0.002600994519798632,-0.05987005034538883,5095.800585852638,-4789.46845628332,53437,63704,-0.839869130100077,4.862001586188664,-0.33277792811393736,-0.20645970851182938,-0.15018074810504914,-0.06570816412568092,-0.008739054203033447,0.038038501515984535,0.11616243273019795,0.21375048756599424,0.5634040415287022,8167
3,-5..-2%,179,117283,2106,0.002590076340071765,-0.059864836000058354,5092.903414738818,-4789.131491346166,53323,63371,-0.8337182448036952,4.733267433707658,-0.33450376987457275,-0.20601682364940643,-0.15000000596046448,-0.06652794778347015,-0.009022556245326996,0.03800475224852562,0.11375661194324493,0.21416358649730682,0.575875461101532,8101
3,-5..-2%,180,116833,2107,0.0026444726115987085,-0.05933202326192671,5086.194060217833,-4777.232391586914,53149,63096,-0.8214087759815243,4.855338691159586,-0.3365079462528229,-0.20468661189079285,-0.1503082662820816,-0.06595799326896667,-0.008639308623969555,0.037681158632040024,0.11372395604848862,0.2151612937450409,0.5606196522712708,8101
3,-5..-2%,181,116381,2107,0.0027559303929718176,-0.0595672239115821,5099.760611943404,-4779.022676878933,52815,62943,-0.8127251732101617,4.862068965517242,-0.3407684236764908,-0.20538245886564252,-0.15111936926841735,-0.06662170961499214,-0.008723235689103603,0.03869771584868431,0.11315564215183259,0.211658039689064,0.561826567649842,7975
3,-5..-2%,182,116004,2111,0.002610475303335115,-0.06024496904334937,5080.299476077142,-4777.473898989039,52724,62691,-0.8167821401077753,4.855338691159586,-0.33972481250762937,-0.20757178962230682,-0.15113954842090607,-0.06671395152807236,-0.008945177309215069,0.03862661123275757,0.11482800394296651,0.2094249665737152,0.5671602606773385,7937
3,-5..-2%,183,115610,2106,0.0024666775549863655,-0.06020200399591985,5068.3730322189485,-4783.200440086992,52453,62592,-0.8126984126984127,4.855338691159586,-0.34501421213150024,-0.21027381718158722,-0.15341460406780244,-0.0680646151304245,-0.009847806766629219,0.03887340426445007,0.11318188905715945,0.20991767644882192,0.5958889436721814,7817
3,-5..-2%,184,115164,2112,0.002421611636501538,-0.05923867057231704,5060.698994345254,-4781.816511839179,52238,62353,-0.8037037037037037,4.858701895462378,-0.3444669771194458,-0.21122650653123856,-0.15361275970935823,-0.0678691454231739,-0.010179216973483562,0.0377056784927845,0.1154544994235041,0.21474050581455223,0.5894400334358212,7807
3,-5..-2%,185,114750,2107,0.002308644057270558,-0.06002026515956112,5041.608700590418,-4776.691795018623,52092,62064,-0.8005291005291005,4.858701895462378,-0.34238608062267306,-0.21170175820589066,-0.15388682186603547,-0.06734882108867168,-0.009660361334681511,0.038192628882825375,0.11602573320269598,0.2113040447235105,0.5877370500564553,7832
3,-5..-2%,186,114193,2105,0.0022855832002249615,-0.060744037907786784,5030.289214575242,-4769.291612191958,51731,61852,-0.7973597883597884,4.858701895462378,-0.3467465263605118,-0.2102853327989578,-0.15465804040431977,-0.06791246682405472,-0.009859154932200909,0.03960278257727623,0.11729306578636174,0.20878068059682825,0.5885836684703829,7755
3,-5..-2%,187,113844,2103,0.002329159284175044,-0.05923638852886796,5034.841721882546,-4769.680912334906,51613,61647,-0.7941005291005291,4.858701895462378,-0.34552534222602843,-0.20783069357275963,-0.15460817515850067,-0.06741898879408836,-0.009964245837181807,0.03913657460361719,0.11572499573230743,0.21433035284280777,0.5900575518608068,7786
3,-5..-2%,188,113452,2107,0.0024474471896716037,-0.05953212233959379,5039.453764446487,-4761.785985883858,51535,61360,-0.8037037037037037,4.858701895462378,-0.34936253517866134,-0.20997403860092162,-0.15384303480386735,-0.06720731034874916,-0.00966084748506546,0.03880113549530506,0.11584287881851195,0.20977227613329882,0.5858422994613661,7804
3,-5..-2%,189,112943,2111,0.0024934095276392693,-0.05960117060794902,5036.122479579647,-4754.509327299475,51198,61188,-0.8068783068783069,4.730040206777714,-0.35027137637138367,-0.20814866125583648,-0.152982297539711,-0.0670926496386528,-0.009603841230273247,0.03868982195854187,0.11730547845363613,0.21622287631034834,0.5897775769233704,7809
3,-5..-2%,190,112564,2102,0.002420599385435451,-0.05994486377331887,5029.30990486844,-4756.837555646271,51015,60975,-0.8121693121693121,4.611940298507462,-0.35040086328983305,-0.2090434730052948,-0.15360516905784607,-0.06767897866666317,-0.00991738261654973,0.03921474143862724,0.12076764255762094,0.21948285251855768,0.5807424724101979,7774
3,-5..-2%,191,112081,2111,0.0024980582768769585,-0.05963106045171686,5031.078495673426,-4751.093625942762,50789,60733,-0.8211640211640212,4.862068965517242,-0.3484036818146706,-0.2102516509592533,-0.15562822967767714,-0.06861164420843124,-0.010065894573926926,0.03888748958706856,0.11865612566471108,0.21843980476260122,0.5915821111202177,7778
3,-5..-2%,192,111732,2108,0.0023792999300593747,-0.05945843574038188,5009.923692024112,-4744.079752238716,50625,60564,-0.7906081601231717,4.733333333333334,-0.3504235461354256,-0.2108371265232563,-0.1542510971426964,-0.06742778792977333,-0.009696504101157188,0.03940886631608009,0.1187322348356249,0.21736588776111546,0.6139866936206836,7750
3,-5..-2%,193,111245,2108,0.002120151279054552,-0.059452686644298744,4975.833714968778,-4739.977485930356,50320,60366,-0.8013856812933026,4.862068965517242,-0.3488116744160652,-0.21211323887109756,-0.15690895467996596,-0.06866844557225704,-0.010075398720800877,0.03932584449648857,0.118934027850628,0.21968049108982077,0.6110083526372915,7692
3,-5..-2%,194,110893,2107,0.0021581315617775296,-0.059369257630605354,4977.23030353875,-4737.908620258549,50164,60192,-0.7913779830638953,4.855405917404333,-0.34582113385200497,-0.21009049713611602,-0.156599622964859,-0.0686015859246254,-0.01009273435920477,0.03911735117435455,0.1201817482709885,0.21804310679435635,0.5965299916267395,7705
3,-5..-2%,195,110366,2106,0.002110240789537296,-0.06011023435959805,4968.072126950846,-4735.173291972771,49806,60001,-0.7998460354118553,4.855338691159586,-0.34328597128391264,-0.21150437146425247,-0.1566073179244995,-0.06884920597076416,-0.0096249976195395,0.03921804018318653,0.12058256193995466,0.21941977739334087,0.6076397395133979,7704
3,-5..-2%,196,109895,2105,0.0020699585524454733,-0.059791126166858055,4956.310603886276,-4728.832508765297,49597,59754,-0.8021555042340262,4.858701895462378,-0.34879153430461884,-0.21035403236746786,-0.15644491910934447,-0.06797854229807854,-0.009526847396045923,0.040364330634474754,0.12203265428543096,0.22226923406124108,0.5930814135074589,7670
3,-5..-2%,197,109594,2112,0.0022324752380795247,-0.058979917276720945,4974.386568723369,-4729.720677481299,49402,59642,-0.799899923017706,4.858701895462378,-0.3499282810091972,-0.20963407754898072,-0.15751973390579221,-0.06972299516201019,-0.009450467769056559,0.04020891152322292,0.12050419226288796,0.2217969723045825,0.6162456649541862,7558
3,-5..-2%,198,109057,2105,0.0022257074919939507,-0.05840745042634567,4961.369818355988,-4718.640836401603,49125,59366,-0.8083140877598152,4.730040206777714,-0.35410553514957427,-0.21215607970952988,-0.15811723470687866,-0.06955332681536674,-0.009860729798674583,0.041067445650696754,0.12201257795095444,0.2248995527625084,0.6220222353935241,7511
3,-5..-2%,199,108691,2108,0.0020217896666193218,-0.05812270922710117,4942.194773357796,-4722.444432703289,48937,59208,-0.8158429561200924,4.862068965517242,-0.3556209817528725,-0.2116798833012581,-0.1580657884478569,-0.06893839687108994,-0.010403319727629423,0.04111206624656916,0.1212075874209404,0.22085464373230934,0.6363643884658774,7436
3,-5..-2%,200,108245,2110,0.002056003395260756,-0.059038435620375654,4943.657494278785,-4721.105406758773,48736,58961,-0.8144726712856043,4.733333333333334,-0.35584766626358033,-0.21427936255931854,-0.15936394929885864,-0.07086044549942017,-0.010600706562399864,0.04075803607702255,0.11971700936555854,0.22078774571418758,0.6269146871566746,7369
3,-5..-2%,201,107840,2106,0.002114936639284638,-0.05843103902347786,4939.256909332922,-4711.182142152449,48582,58751,-0.8048498845265589,4.861395241926215,-0.35984516859054566,-0.2141941510140896,-0.15907447785139084,-0.06994357705116272,-0.009943056851625443,0.04167069587856531,0.12174455448985098,0.21937738731503462,0.6174143087863919,7374
3,-5..-2%,202,107201,2108,0.0021162552516595513,-0.058840617570293026,4925.814840187121,-4698.950160953997,48217,58470,-0.8083140877598152,4.862068965517242,-0.3605954647064209,-0.21564587876200675,-0.16000903248786927,-0.07122124172747135,-0.010721271391957998,0.04132880549877882,0.1232029162347317,0.22578293904662125,0.6248222255706786,7322
3,-5..-2%,203,106805,2102,0.001998748765185735,-0.0582404397143094,4903.82353453217,-4690.347172666507,48058,58233,-0.8125481139337952,4.862068965517242,-0.35130923241376877,-0.2164313666522503,-0.15866304636001588,-0.07080646045506,-0.010004264768213034,0.041133271530270576,0.1228924594819546,0.22637921199202524,0.6145358705520667,7362
3,-5..-2%,204,106374,2107,0.0019337470686602923,-0.05793521250862893,4890.524416721446,-4684.824006039796,47798,58053,-0.8144726712856043,4.733333333333334,-0.35489882409572604,-0.21596767753362656,-0.1595889240503311,-0.07102229818701744,-0.01005025114864111,0.04142255522310734,0.12287670075893403,0.22477617561817093,0.6152781248092647,7295
3,-5..-2%,205,105919,2106,0.001983088869885055,-0.059140060380690536,4890.313229338224,-4680.266439328874,47597,57813,-0.8075442648190916,4.855405917404333,-0.35521340757608416,-0.21465092748403547,-0.15958944857120513,-0.07145177572965622,-0.010634193662554026,0.04083595797419548,0.1222319036722184,0.22035385817289344,0.6090439683198894,7298
3,-5..-2%,206,105451,2106,0.0018636257672130427,-0.05873991104801112,4875.646565815007,-4679.12536503665,47406,57565,-0.8030792917628946,4.858701895462378,-0.3598628342151642,-0.2181203693151474,-0.1612949013710022,-0.07242339849472046,-0.010928116738796234,0.04051172733306885,0.12286039739847203,0.2198253720998763,0.6183455586433411,7297
3,-5..-2%,207,104982,2106,0.0019295542344202614,-0.0582500699246548,4866.3828223655055,-4663.814359727613,47183,57322,-0.7952270977675134,4.855338691159586,-0.35410921186208727,-0.21792097762227058,-0.16197021305561066,-0.07166268490254879,-0.011266814544796944,0.04199930839240551,0.12450083121657378,0.22193322107195848,0.6079469758272171,7292
3,-5..-2%,208,104553,2101,0.0019556398619394533,-0.05888670828124631,4867.599748854152,-4663.131734368776,46950,57122,-0.8090839107005389,4.858701895462378,-0.35641242802143097,-0.21967550814151765,-0.16197349429130553,-0.07196427881717682,-0.010797872208058834,0.042132504284381866,0.12468917667865781,0.2228853389620781,0.6057303667068479,7307
3,-5..-2%,209,104216,2101,0.0018449606790366905,-0.05882630961334817,4852.306610690104,-4660.032188563606,46702,56994,-0.8121632024634334,4.862001586188664,-0.3516482916474342,-0.2187286764383316,-0.163039630651474,-0.07149543054401875,-0.011599174235016108,0.04174178186804056,0.1246654629707336,0.2219772413372992,0.6012955206632615,7304
3,-5..-2%,210,103786,2098,0.001986722007001909,-0.05790267947099582,4856.4010089610165,-4650.207078742318,46457,56850,-0.8210161662817552,4.862001586188664,-0.34823426634073257,-0.21985279172658917,-0.16062943190336226,-0.07240520603954792,-0.011031255591660738,0.041553799994289875,0.12647498250007624,0.22528368085622744,0.6209553092718121,7294
3,-5..-2%,211,103314,2100,0.0021696483591781336,-0.05829729084404019,4866.508988841608,-4642.353938261464,46303,56503,-0.8352578906851424,4.855338691159586,-0.3488110080361366,-0.2204582542181015,-0.16101665049791336,-0.07292052358388901,-0.011179977096617222,0.04158489778637886,0.125,0.22488176822662354,0.632259461283686,7266
3,-5..-2%,212,102934,2104,0.0021803958010217232,-0.05850863012547094,4865.295169559824,-4640.8583081774495,46183,56269,-0.8267898383371824,4.855338691159586,-0.35475016564130785,-0.2206622414290905,-0.16191387325525283,-0.07270433753728867,-0.011484923772513866,0.04133445117622614,0.12583180516958253,0.2241157196462152,0.6366258251667025,7238
3,-5..-2%,213,102444,2102,0.002118450953775493,-0.05768895986878559,4843.693551755881,-4626.6709622473,45890,56067,-0.8414164742109315,4.858701895462378,-0.3531432205438614,-0.22276481315493582,-0.16307464838027955,-0.07294778898358345,-0.011593785602599382,0.04222007188946009,0.12675802409648904,0.22622573897242543,0.6253666496276853,7110
3,-5..-2%,214,101940,2098,0.002252874288959616,-0.05679193998753374,4845.57018405761,-4615.912179041063,45706,55747,-0.838337182448037,4.862068965517242,-0.35751500725746155,-0.2222820669412613,-0.16376811265945435,-0.07355259358882904,-0.011214230209589005,0.04237288236618042,0.1269402951002121,0.22777777910232544,0.6356643199920661,7041
3,-5..-2%,215,101411,2099,0.002181612921105914,-0.05659856095610564,4826.462407556823,-4605.222859614561,45456,55513,-0.850654349499615,4.862068965517242,-0.3597886648774147,-0.22213249951601027,-0.16328476667404174,-0.07356731034815311,-0.011848415713757277,0.04157927166670561,0.12728229463100438,0.2290843844413757,0.630404875874514,6890
3,-5..-2%,216,101107,2101,0.0022067054240914193,-0.05750792676994834,4818.663789306025,-4595.550423992404,45337,55322,-0.8429561200923787,4.862068965517242,-0.35775662422180177,-0.22242784053087233,-0.16520024538040162,-0.074097765609622,-0.011395321227610111,0.042674992233514786,0.12986372560262696,0.2262219943106174,0.6638123387098429,6908
3,-5..-2%,217,100764,2098,0.0022596830850425513,-0.05666312488680666,4823.7716120981495,-4596.0769057169355,45170,55140,-0.842963818321786,4.858701895462378,-0.3636277523636818,-0.22244194298982617,-0.1647521525621414,-0.07384097948670387,-0.012010929174721241,0.04254388064146042,0.13097657859325404,0.229135577380657,0.669872873425484,6884
3,-5..-2%,218,100332,2096,0.002222586194320292,-0.05709096052676784,4817.784678641751,-4594.788160593225,44887,55027,-0.8421862971516552,4.858701895462378,-0.36177473396062854,-0.22443894892930985,-0.1654420956969261,-0.07474690675735474,-0.011451206635683775,0.041913640685379505,0.1313782051205636,0.2287110693752761,0.6212208276987112,6892
3,-5..-2%,219,99799,2098,0.0021155202262814754,-0.05629800230816479,4785.380706792324,-4574.253903729663,44738,54607,-0.850654349499615,4.862001586188664,-0.36235085129737854,-0.22271467745304108,-0.16636550426483154,-0.07491731643676758,-0.01171875,0.04149026423692703,0.13273543119430542,0.22674162685871124,0.6333854675292906,6861
3,-5..-2%,220,99469,2099,0.0022523235102119934,-0.056626942980879065,4796.34520858568,-4572.308841348414,44504,54538,-0.844495765973826,4.733267433707658,-0.3639101952314377,-0.22501756101846693,-0.16633970737457274,-0.0753844641149044,-0.010969763621687889,0.042671095579862595,0.13195787966251374,0.22966178506612747,0.6299555540084839,6863
3,-5..-2%,221,98975,2100,0.002389094965693932,-0.05666704703586631,4799.860713255502,-4563.400039025945,44317,54236,-0.7964171656686627,4.855338691159586,-0.3593886402249336,-0.22466582879424093,-0.16685417145490647,-0.07548585906624794,-0.011006931774318218,0.042106470093131065,0.13383411169052137,0.2289035804569721,0.6522820478677764,6842
3,-5..-2%,222,98480,2102,0.002571520644926539,-0.05606176219415768,4808.56803399698,-4555.32468088461,44125,53948,-0.7954091816367266,4.862001586188664,-0.36077857375144956,-0.22845279425382614,-0.16606779396533966,-0.07584234327077866,-0.011746794916689396,0.04283061623573303,0.13092285692691805,0.22619277536869042,0.6477032697200773,6847
3,-5..-2%,223,98055,2102,0.0026657775381170663,-0.05647585558921487,4804.026540229943,-4542.633723729868,43912,53727,-0.8063872255489022,4.862068965517242,-0.3576582062244415,-0.22664487063884733,-0.1666666716337204,-0.07553668320178986,-0.011515151709318161,0.041767556220293045,0.13236928582191465,0.2251350492238998,0.6595051002502414,6869
3,-5..-2%,224,97592,2101,0.0026402295886260485,-0.05550014212995018,4792.091674849856,-4534.426388836684,43659,53530,-0.7984031936127745,4.858701895462378,-0.3610030430555344,-0.23043757006525994,-0.1670220136642456,-0.07563481293618679,-0.011517737526446581,0.042341239750385284,0.1333578497171403,0.22916763052344302,0.6617653918266297,6850
3,-5..-2%,225,97185,2100,0.0023687536281686984,-0.05565341600216548,4758.592011781775,-4528.38469042819,43424,53346,-0.7960106410943925,4.730040206777714,-0.35814076602458955,-0.22922947257757187,-0.1674170672893524,-0.07602881267666817,-0.011194029822945595,0.0434284545481205,0.13424663245677967,0.22765480428934087,0.6676315319538113,6827
3,-5..-2%,226,96668,2097,0.002476361819740337,-0.05689824184436798,4752.902278724887,-4513.517334334234,43239,53016,-0.8032646048109966,4.855338691159586,-0.36240373849868773,-0.23030610755085945,-0.1672847419977188,-0.07507343217730522,-0.010884373914450407,0.04315198492258787,0.13513512909412384,0.23041553795337677,0.6703716963529592,6796
3,-5..-2%,227,96219,2100,0.002411652247108151,-0.055695874039838236,4746.288684845124,-4514.24191728062,42963,52826,-0.8075601374570447,4.858701895462378,-0.3599965977668762,-0.22919093668460847,-0.16548993587493896,-0.07548873871564865,-0.010791366919875145,0.04343509301543236,0.13532913029193877,0.2292219728231426,0.6645723843574515,6789
3,-5..-2%,228,95746,2096,0.002519785533048024,-0.05490247327444384,4738.886641959127,-4497.627256311913,42715,52618,-0.8109965635738832,4.855338691159586,-0.35610066056251527,-0.22879862785339355,-0.16822116076946259,-0.07554418593645096,-0.011186576448380947,0.04326759837567806,0.13394755125045776,0.23220593482255936,0.6733198463916777,6731
3,-5..-2%,229,95307,2101,0.00279815626220964,-0.054345612800650644,4752.753054154892,-4486.069175272492,42546,52347,-0.8136941580756014,4.855338691159586,-0.3644375741481781,-0.23092341125011442,-0.16945673823356627,-0.07754800468683243,-0.01205479446798563,0.043795619159936905,0.13502421677112572,0.23488263189792613,0.6702180528640748,6609
3,-5..-2%,230,94848,2098,0.0026747556496268077,-0.05504131803730856,4732.686729956928,-4478.9915061011425,42273,52156,-0.8213058419243986,4.726750861079219,-0.36229414939880367,-0.23348894119262695,-0.16937708258628845,-0.07724274694919586,-0.012345679104328156,0.043604493141174316,0.13377556800842288,0.23219258785247776,0.6689983701705932,6577
3,-5..-2%,231,94420,2097,0.002724406346221889,-0.05508330272664118,4728.461421503716,-4471.222974293441,42115,51940,-0.8298969072164949,4.855338691159586,-0.36679187893867493,-0.23444696217775346,-0.17217823266983032,-0.07668818533420563,-0.011647254228591919,0.04316104017198086,0.1372844636440277,0.23272363841533636,0.6738934755325323,6459
3,-5..-2%,232,93877,2101,0.0029443618892089607,-0.05437784454070053,4731.202299889465,-4454.7944388162,41916,51559,-0.8301741144180461,4.862068965517242,-0.3672573727369309,-0.23315665870904922,-0.17056237459182738,-0.07750063762068748,-0.012637080624699593,0.04348182491958141,0.13619267344474792,0.23297782242298123,0.6953245055675518,6459
3,-5..-2%,233,93489,2097,0.002945270782985705,-0.05460501331440098,4726.394750933616,-4451.044330703062,41684,51412,-0.8359621993127148,4.855338691159586,-0.3662570953369141,-0.23448581993579865,-0.17087122797966003,-0.07760650664567947,-0.012715517543256283,0.0434616319835186,0.13802768290042877,0.23291492462158203,0.7062673091888353,6461
3,-5..-2%,234,93066,2093,0.002909882500329638,-0.05422762793955351,4707.894281403558,-4437.083156627887,41573,51097,-0.8446563573883161,4.858701895462378,-0.36980183720588683,-0.23689726889133453,-0.17232524752616882,-0.07847533375024796,-0.012811867520213127,0.043795619159936905,0.1367955029010773,0.2381292968988418,0.7141909766197221,6413
3,-5..-2%,235,92508,2098,0.0029599859120932742,-0.05471551773367932,4695.565608830205,-4421.743232074295,41314,50800,-0.8449095119650056,4.858701895462378,-0.3734335064888,-0.2348145693540573,-0.1703539788722992,-0.0780232846736908,-0.012358393520116806,0.043495453894138336,0.13647936284542084,0.23717321455478668,0.6805333256721521,6421
3,-5..-2%,236,92158,2093,0.0028628826231607545,-0.05451052703134318,4680.842507094511,-4417.004970309249,41157,50588,-0.837498927866884,4.858701895462378,-0.37154022067785264,-0.23589783906936646,-0.172653366625309,-0.07828903011977673,-0.013075345195829868,0.044247472658753395,0.13754556626081485,0.23993146270513532,0.6886743974685657,6432
3,-5..-2%,237,91633,2095,0.002732116152194253,-0.05479251788025703,4657.265163529526,-4406.913164155502,40926,50332,-0.8380756013745705,4.862068965517242,-0.377303968667984,-0.23533599674701688,-0.17189528346061705,-0.07739772647619247,-0.012500000186264515,0.04440497234463692,0.13604705631732955,0.23737723529338828,0.684412596225733,6453
3,-5..-2%,238,91318,2098,0.0025584346126657875,-0.05396670781296597,4636.501301432934,-4402.870169473528,40718,50189,-0.8383394802298654,4.858701895462378,-0.3777151635289192,-0.23747648894786835,-0.17258650958538055,-0.07791849970817566,-0.011787730734795332,0.04427437484264374,0.1362370684742928,0.2349829249083995,0.6632425487041477,6400
3,-5..-2%,239,90874,2098,0.0029181862591649453,-0.05467251546922329,4651.6207515925225,-4386.4334934771605,40513,50005,-0.8413859649122807,4.858701895462378,-0.378211961388588,-0.23365794345736504,-0.17067239284515381,-0.07854340970516205,-0.012293282896280289,0.044795853085815907,0.1379984617233276,0.23686213120818114,0.6909580510854709,6414
3,-5..-2%,240,90389,2091,0.0026966001606849167,-0.05460747267356548,4627.911660295868,-4384.168668371716,40308,49709,-0.8441206896551724,4.862068965517242,-0.37616439133882523,-0.2338192068040371,-0.17312146723270416,-0.07994851842522621,-0.013216352090239525,0.04448875971138477,0.1379098042845726,0.2369240179657936,0.7077563828229867,6390
3,-5..-2%,241,90022,2097,0.0026698587777115985,-0.054586143542396826,4624.187345581025,-4383.841318693879,40139,49502,-0.8502395489567592,4.859105739625937,-0.37817077785730363,-0.23415401950478554,-0.17330247908830643,-0.07903463020920753,-0.01359316473826766,0.04380740784108639,0.13816744834184647,0.23676815256476402,0.6785035640001305,6366
3,-5..-2%,242,89595,2096,0.0027475653626042977,-0.05398969954822464,4612.436009500456,-4366.267890837909,39976,49256,-0.8503906091336195,4.858701895462378,-0.3772872477769852,-0.23350005224347115,-0.17412590980529785,-0.07991979457437992,-0.013757208827883005,0.044928597286343575,0.13759290426969528,0.2401929721236229,0.693186238408087,6356
3,-5..-2%,243,89125,2093,0.0027316075332296736,-0.053113731868829235,4603.798969447973,-4360.344448048873,39696,49050,-0.85177733065057,4.858701895462378,-0.3780538633465767,-0.23413053452968596,-0.1735692411661148,-0.07894736528396606,-0.013291087932884693,0.04491294641047716,0.13738777190446855,0.2357059314846992,0.6895850116014494,6358
3,-5..-2%,244,88662,2090,0.0027197889668268186,-0.05399746675347403,4586.345112257289,-4345.203182880503,39500,48813,-0.8456128312891329,4.855338691159586,-0.37929368525743484,-0.23426331728696823,-0.17096514701843263,-0.07992742955684662,-0.014007749035954475,0.045543814077973366,0.13862461000680956,0.24292864203453052,0.7251537841558457,6342
3,-5..-2%,245,88169,2096,0.0026896450608355836,-0.05329495588105384,4574.564023104035,-4337.420707735233,39286,48529,-0.8513786146603901,4.858701895462378,-0.378780352473259,-0.2379859544336796,-0.17484382092952727,-0.08124115504324436,-0.014564872719347477,0.044630794785916805,0.136753535270691,0.2356366470456123,0.7188107526302296,6232
3,-5..-2%,246,87725,2096,0.002536954724922664,-0.053847941814308506,4550.971268734668,-4328.416915490838,39035,48342,-0.8403684210526315,4.858701895462378,-0.3787121418118477,-0.235114024579525,-0.17703621387481688,-0.08206109330058098,-0.015267231035977602,0.044377525337040424,0.1381546914577485,0.24040083885192864,0.7215012788772571,6202
3,-5..-2%,247,87309,2102,0.0023115567976382183,-0.05307103333286023,4526.8893310940975,-4325.069618649091,38763,48199,-0.8456140350877193,4.862068965517242,-0.3810333716869354,-0.23964062631130217,-0.17899270951747895,-0.08342155069112778,-0.014399616047739983,0.04373737424612045,0.13848837912082673,0.2406111180782318,0.7470752453804014,5993
3,-5..-2%,248,86796,2098,0.0025301608984929103,-0.05335506193342289,4525.711251382918,-4306.103406037322,38532,47917,-0.8482758620689655,4.858701895462378,-0.381572302877903,-0.23929413855075835,-0.1769400343298912,-0.08369334973394871,-0.015608814544975758,0.04318305477499962,0.1386352390050888,0.24090695083141292,0.7458732956647874,6008
3,-5..-2%,249,86433,2096,0.0025695158679974435,-0.05254712596039836,4517.754844574892,-4295.663879556269,38444,47670,-0.8448275862068966,4.855338691159586,-0.37696235239505765,-0.23913832530379295,-0.17686296850442887,-0.08383586816489697,-0.013826187700033188,0.04393661580979824,0.1403438866138459,0.2433293297886849,0.7255723583698303,6020
3,-5..-2%,250,85930,2092,0.0024468589338142803,-0.053775926565548825,4495.612884077309,-4285.354295894654,38173,47424,-0.8396206896551723,4.855271466458479,-0.380319217145443,-0.24193287491798401,-0.17744043469429016,-0.08389860019087791,-0.014415138401091099,0.04421398974955082,0.1395560190081596,0.2433576308190821,0.6911896789073944,5994
3,-5..-2%,251,85417,2094,0.0023617518736239827,-0.0531814297817368,4477.6473310470965,-4275.913571257742,37887,47227,-0.8362413793103448,4.852247951713216,-0.3874690026044846,-0.24352893978357315,-0.17734724283218384,-0.0833333358168602,-0.014646153897047043,0.045132240280508995,0.14045941829681396,0.24327631294727325,0.7579318761825424,6011
3,-5..-2%,252,84871,2099,0.0024041313448582634,-0.05313971267324518,4463.351169592901,-4259.310138223441,37597,46938,-0.835396551724138,4.848623853211008,-0.386332151889801,-0.24486061334609985,-0.17834513187408446,-0.08428571373224258,-0.014715109020471573,0.04488778114318848,0.13870469331741345,0.24466958045959472,0.7785340976715015,5965
3,-5..-2%,253,84552,2097,0.0021928572788342455,-0.053003915069327626,4442.78095677285,-4257.370488132858,37451,46761,-0.8361206896551724,4.851979345955249,-0.3878932952880859,-0.2431816875934601,-0.17895891666412356,-0.08502918481826782,-0.015384615398943424,0.04416224732995033,0.1379583150148393,0.2404050678014756,0.7573445248603828,6005
3,-5..-2%,254,83950,2097,0.0022557345560582417,-0.05329107196983505,4430.175959944761,-4240.8070439636585,37185,46415,-0.8276034482758621,4.72346528973035,-0.3857198557257652,-0.24365522116422653,-0.1774568125605583,-0.0858022440224886,-0.015098785515874624,0.0439155800268054,0.13602051287889483,0.244712283462286,0.786551364660262,5928
3,-5..-2%,255,83494,2088,0.00228639898469023,-0.053786004469538864,4420.935140519949,-4230.034543692212,36934,46230,-0.8294409058740269,4.61310029627248,-0.38534932136535643,-0.24323152005672455,-0.17811625450849533,-0.08660542033612728,-0.0155404731631279,0.04465705528855324,0.13746056705713272,0.24753845110535622,0.7913191407918891,5956
3,-5..-2%,256,83050,2095,0.0021925146314229595,-0.05366648390843075,4396.585226843863,-4214.496886704179,36721,46001,-0.8324840764331211,4.848757999036676,-0.3880771636962891,-0.24287848472595214,-0.176318821310997,-0.0855519063770771,-0.015503597445786,0.04545537196099758,0.13726506829261778,0.24079455137252762,0.7276722061634056,5939
3,-5..-2%,257,82595,2093,0.002016466567879441,-0.053025873676136974,4372.790695860256,-4206.240639686256,36508,45760,-0.8435951875442321,4.720314686116655,-0.38813366413116457,-0.23979642987251282,-0.17805087864398955,-0.08583509176969528,-0.015198511071503162,0.04392629116773605,0.13700000345706945,0.24401958137750615,0.7638641226291643,5943
3,-5..-2%,258,82057,2100,0.002211837326717074,-0.05333159909008346,4368.637696270207,-4187.140960751782,36241,45473,-0.8206896551724138,4.212061538461539,-0.3826888331770897,-0.24056370928883553,-0.17934534549713133,-0.08557835221290588,-0.014234875328838825,0.04509333800524473,0.13774622529745098,0.24871390014886838,0.7746922820806452,5924
3,-5..-2%,259,81601,2097,0.0022653752873037242,-0.05390830055319216,4363.807932486429,-4178.951043667163,36037,45240,-0.8193333333333334,4.347938461538462,-0.39164584279060366,-0.24024192988872528,-0.1796197146177292,-0.08644167333841324,-0.014705882407724857,0.044465381652116776,0.1378636509180069,0.24345626682043076,0.759615960717207,5866
3,-5..-2%,260,81157,2092,0.0022323307955021076,-0.05327514758311145,4341.956877186852,-4160.787606816276,35802,45020,-0.8224482758620689,4.856548999793298,-0.3894215703010559,-0.24534394219517708,-0.1808372363448143,-0.08659900911152363,-0.016217255033552647,0.04307031258940697,0.13804863393306732,0.2400297410786152,0.7323378473520298,5866
3,-5..-2%,261,80487,2095,0.002172717152450377,-0.05338081586574706,4315.23109155091,-4140.3556061016325,35467,44687,-0.8189655172413793,4.862068965517242,-0.3943111532926559,-0.24830839186906814,-0.18493008017539977,-0.0890037789940834,-0.01738961786031723,0.04320526123046875,0.13798437416553502,0.2483669355511666,0.7458508932590491,5695
3,-5..-2%,262,79967,2093,0.0021152934394376233,-0.05412752003987286,4302.931936113842,-4133.778265642325,35140,44539,-0.8099644128113879,4.733333333333334,-0.3974327206611633,-0.2451067179441452,-0.18493210077285765,-0.08922363817691803,-0.01740139164030552,0.044290512800216675,0.13948699831962583,0.24874782860279043,0.761425197124481,5669
3,-5..-2%,263,79595,2096,0.0017535343806642358,-0.05385606318856164,4268.971264400403,-4129.398695371443,34964,44321,-0.8213523131672598,4.293846153846153,-0.4016464114189148,-0.25,-0.1882530152797699,-0.09143295884132385,-0.01750168204307556,0.04359550401568413,0.1388355791568756,0.24997825920581818,0.7592772722244207,5481
3,-5..-2%,264,79020,2092,0.0018875982850921178,-0.053048262817999126,4258.829589074426,-4109.671572586446,34686,44012,-0.8224893917963225,4.282917933130699,-0.39998874574899673,-0.249685687571764,-0.18803865760564803,-0.09176409430801868,-0.017482947558164597,0.04333887901157141,0.1382236585021019,0.2496621608734128,0.7703264057636229,5474
3,-5..-2%,265,78603,2092,0.0021262542517120234,-0.052423454111935656,4260.339209976333,-4093.209247029017,34471,43813,-0.8231966053748232,4.282917933130699,-0.3956805825233459,-0.24830132871866226,-0.18805064857006074,-0.09193315729498863,-0.01828092150390148,0.043844277039170265,0.14096927344799068,0.256727796792984,0.7931240320205694,5455
3,-5..-2%,266,78063,2092,0.002113913724028083,-0.052991023547400054,4244.784597955573,-4079.7661509167638,34271,43496,-0.8284697508896797,4.281155015197569,-0.4018174284696579,-0.24916739165782928,-0.18693331629037857,-0.09290981478989124,-0.018220706842839718,0.0439986027777195,0.14183173775672916,0.25786809027194985,0.7605134207010202,5490
3,-5..-2%,267,77611,2096,0.0021848793094481882,-0.051584703789883064,4234.085113248473,-4064.514445162898,34037,43261,-0.8315302491103203,4.281155015197569,-0.39939229547977445,-0.24888170063495635,-0.18796328604221343,-0.09090909361839294,-0.018007676117122173,0.044140043668448925,0.13998354077339178,0.25390605479478806,0.7722969698905933,5498
3,-5..-2%,268,77093,2089,0.002175230374690257,-0.051671258680757684,4217.945988286483,-4050.2509530104726,33809,42990,-0.8427046263345196,4.237082066869301,-0.402663426399231,-0.24958904087543485,-0.1870540887117386,-0.09086041152477264,-0.017469801008701324,0.04422253742814064,0.13850038945674903,0.2534620642662047,0.8176390147209166,5493
3,-5..-2%,269,76516,2096,0.002028369624485391,-0.05203342832639684,4200.498233465851,-4045.2955032787345,33433,42765,-0.8437057991513437,4.229483282674772,-0.4020506811141968,-0.24835312366485593,-0.19054496288299558,-0.09080581367015839,-0.01846478506922722,0.044733475893735886,0.1406443327665329,0.25915544033050486,0.7775035309791521,5489
3,-5..-2%,270,76101,2096,0.0019509673386271247,-0.052097791339213224,4182.091857339381,-4033.621291902516,33271,42519,-0.8438239804391302,4.136778115501519,-0.40069850206375124,-0.2492778331041336,-0.18956898748874662,-0.09174477867782116,-0.01857065688818693,0.04584527760744095,0.1419285863637924,0.25755016058683267,0.8001507717370954,5464
3,-5..-2%,271,75539,2096,0.002002150664892745,-0.051575252239797136,4164.373275897871,-4013.1328168225614,33011,42265,-0.818204161258362,4.060790273556231,-0.4007207906246185,-0.2488254129886627,-0.18730461299419404,-0.09136975184082985,-0.017578125,0.04361330717802048,0.1413713097572327,0.25702581703662836,0.8151180541515367,5487
3,-5..-2%,272,74989,2093,0.001949567369406735,-0.05047264008533812,4149.753615808479,-4003.557508344032,32734,41971,-0.8302624403806422,4.0167173252279635,-0.404213547706604,-0.2492455631494522,-0.18828828632831573,-0.09150686115026474,-0.017381228506565094,0.045224275439977646,0.1428901642560962,0.258038276433945,0.8364938688278186,5465
3,-5..-2%,273,74469,2094,0.0019084499662689535,-0.05287813435984029,4122.653392361073,-3980.5330318229862,32522,41659,-0.8045195089530065,4.015227963525835,-0.39720211625099183,-0.24950358867645264,-0.1907943040132522,-0.09212151169776917,-0.018189617432653904,0.04460055846720934,0.142170375585556,0.25856265276670404,0.8660173702240002,5434
3,-5..-2%,274,73884,2090,0.0017707253973717348,-0.05132789199852658,4089.6909559283476,-3958.8626806689244,32319,41311,-0.8013918210962546,3.9486461538461546,-0.40101492404937744,-0.24922791868448257,-0.19230769574642181,-0.09214507602155209,-0.01810356043279171,0.044145889580249786,0.14424151182174683,0.25747350603342056,0.8099512010812759,5426
3,-5..-2%,275,73350,2096,0.001992610775809341,-0.05191369223882934,4091.513063218568,-3945.3550628129656,32009,41070,-0.8115568066306982,3.9557158015548204,-0.40856350064277647,-0.24951915442943573,-0.19436541199684143,-0.09272799268364906,-0.01817629113793373,0.0442808773368597,0.14362415671348572,0.2591017484664917,0.8094369232654506,5411
3,-5..-2%,276,72833,2095,0.0018947328794144676,-0.05208153925312426,4065.8285813473713,-3927.829501540976,31691,40856,-0.8149190710767066,3.971956950128847,-0.4089655876159668,-0.2509314864873886,-0.19590361416339874,-0.09361550956964493,-0.017575757578015327,0.04552147164940834,0.1439080387353897,0.25575312972068787,0.787191241979599,5351
3,-5..-2%,277,72330,2095,0.0019981359323331827,-0.05080152037725501,4059.833835869435,-3915.3086638837963,31455,40592,-0.8271952459144577,4.075900301002621,-0.4119231763482094,-0.25218245685100554,-0.1977100968360901,-0.09489144757390022,-0.019691215828061104,0.04520152136683464,0.14323339760303502,0.257497863471508,0.7633971631526898,5228
3,-5..-2%,278,71914,2094,0.0020026580186094972,-0.05128478337018166,4044.14766829974,-3900.128519549453,31242,40411,-0.8098795180722891,4.063838060878395,-0.412892519235611,-0.2530499160289764,-0.19757384657859803,-0.09640984237194061,-0.019900497049093246,0.04566210135817528,0.1436412453651431,0.26081133484840396,0.7818125319481,5245
3,-5..-2%,279,71314,2094,0.0017559501075192839,-0.05070103414789088,4006.0351642641162,-3880.8113382964752,30960,40085,-0.8224899598393574,4.651244444444444,-0.41545215249061584,-0.2564120888710022,-0.20045539736747742,-0.09776536375284195,-0.01961449161171913,0.044238682836294174,0.14458873867988586,0.2619589865207672,0.7997994780540433,4981
3,-5..-2%,280,70793,2095,0.0014795651342697689,-0.050448346592098174,3975.02435142252,-3870.2814968721577,30609,39901,-0.7931034482758621,4.225005137103587,-0.41388956785202025,-0.2533407866954803,-0.1999116986989975,-0.09711629152297974,-0.01920180767774582,0.043402645736932755,0.14487284421920782,0.2570585310459141,0.8064858555793749,4985
3,-5..-2%,281,70291,2094,0.0016186504527724067,-0.05111058772749689,3963.3557002363,-3849.5791412604726,30375,39647,-0.7922977956943134,4.601330367172529,-0.4131897628307343,-0.2561317175626755,-0.19938457310199736,-0.09701666980981827,-0.018184347078204155,0.04492311552166939,0.1466106429696083,0.2689660713076588,0.8203633826971023,4974
3,-5..-2%,282,69743,2093,0.001995855770329224,-0.050120036157519046,3973.035903734867,-3833.8389347447965,30173,39303,-0.7890213568916717,4.948888888888889,-0.40977963179349897,-0.25599580705165864,-0.19893804043531416,-0.0972972959280014,-0.019639081321656704,0.04637404438108206,0.14972872883081437,0.26497768610715794,0.841725509762764,4968
3,-5..-2%,283,69249,2093,0.0018686117422269154,-0.050036859048737926,3955.5558959915325,-3826.1564014540645,29938,39057,-0.7879310344827586,5.222222222222222,-0.4128326737880707,-0.2576741188764572,-0.20027420818805694,-0.09918845072388649,-0.01957186497747898,0.045385224744677544,0.14955961704254156,0.2646692842245101,0.849900962114337,4967
3,-5..-2%,284,68729,2096,0.00195792821166354,-0.048534082567955925,3936.2440909528877,-3801.6776428934554,29716,38756,-0.7893103448275862,4.896345895464858,-0.41087576061487197,-0.2601188823580742,-0.20101817548274994,-0.0976199135184288,-0.019345387816429138,0.0460109943524003,0.14726603180170084,0.2695269092917442,0.8966682910919065,5002
3,-5..-2%,285,68165,2098,0.0019945095215949233,-0.04826266691371785,3922.2552381354258,-3786.2994965959165,29460,38448,-0.7879310344827586,5.175317185697809,-0.4133408755064011,-0.26224617958068847,-0.2005686596035957,-0.09759741649031639,-0.019311843439936638,0.0464156623929739,0.15144824236631396,0.2697111487388611,0.8613464158773426,4938
3,-5..-2%,286,67661,2096,0.0015868226032705033,-0.047941802396363815,3880.315898987144,-3772.94989482726,29202,38188,-0.7912413793103448,5.459054209919262,-0.4148724228143692,-0.2606866732239723,-0.19920018315315247,-0.09871020540595055,-0.019108280539512634,0.045577967539429665,0.14877267181873322,0.2714639976620674,0.8793136447668026,4936
3,-5..-2%,287,67018,2095,0.0017303847127843348,-0.047661029668514446,3858.877542970608,-3742.910620289233,28920,37817,-0.787948275862069,5.511627906976744,-0.413771470785141,-0.26158695220947265,-0.20062108635902404,-0.09941520541906357,-0.019498607143759727,0.04575163498520851,0.14702816307544708,0.2667371869087219,0.8920055222511244,4949
3,-5..-2%,288,66420,2091,0.0013677721090544145,-0.050303026775484504,3809.1775894455013,-3718.3301659621143,28632,37523,-0.7783505154639175,5.1000000000000005,-0.4092813575267792,-0.2609207257628441,-0.20114785134792326,-0.09846878983080387,-0.018412980251014233,0.04581290949136019,0.14616016000509263,0.26669687777757667,0.8803194057941409,4910
3,-5..-2%,289,65969,2092,0.0013169355817170684,-0.05067895581369756,3794.2560900856474,-3707.3791666953593,28424,37283,-0.7800687285223368,4.7581162790697675,-0.4137884736061096,-0.2592364907264709,-0.20002383291721343,-0.09794542193412781,-0.019985433667898178,0.045498546212911606,0.14638275802135464,0.2613689720630645,0.890898725986483,4929
3,-5..-2%,290,65457,2096,0.0014210133465392641,-0.05088495111819881,3775.702736353125,-3682.6874657287044,28238,36989,-0.7804271378334334,4.569372093023256,-0.4152930665016174,-0.26186821460723875,-0.20139357298612595,-0.09912076592445374,-0.02002003975212574,0.045693906024098396,0.14928566217422468,0.260644036531448,0.8507656788825957,4924
3,-5..-2%,291,64959,2092,0.0013213763000586949,-0.05061911986521343,3762.1010456312197,-3676.2657625557076,27941,36782,-0.7894158075601374,4.351162790697675,-0.4135429301857948,-0.259435211122036,-0.20001403689384462,-0.09936985932290554,-0.02065532561391592,0.04619275126606226,0.1476771488785744,0.2636281862854957,0.8913778156042061,4882
3,-5..-2%,292,64419,2100,0.0015246828722487898,-0.050325991528001525,3754.819845959013,-3656.6013000116122,27729,36492,-0.79553264604811,5.040214477211797,-0.4151146334409714,-0.25999427735805514,-0.2013758733868599,-0.099628746509552,-0.020585057325661182,0.047057787887752056,0.1506885573267938,0.2657783895730973,0.8865487051010145,4850
3,-5..-2%,293,63833,2098,0.001482478036069914,-0.049667225009445454,3729.4084520629012,-3634.7774315864576,27420,36173,-0.804106529209622,5.8178552278820375,-0.41686052560806275,-0.2610140085220337,-0.2031790643930435,-0.10227272659540176,-0.022514071315526962,0.04514031484723091,0.15129405856132494,0.2647291719913478,0.8792508864402778,4709
3,-5..-2%,294,63218,2095,0.0015263144854743892,-0.04904555475004644,3707.651520313392,-3611.1609711706706,27199,35821,-0.8044257655030449,5.854793929755518,-0.4174671792984009,-0.2613347411155701,-0.20321294963359832,-0.10213414579629898,-0.02278481051325798,0.04630879685282707,0.1551659584045411,0.2660650432109834,0.8774177622794973,4665
3,-5..-2%,295,62624,2096,0.0016806610726094252,-0.04907465876617252,3693.3595646957756,-3588.1098456846858,26928,35465,-0.8042611683848797,5.587131367292225,-0.422992017865181,-0.26148173213005066,-0.206187441945076,-0.10554635152220726,-0.021621622145175934,0.045984307304024696,0.15487568080425262,0.27200480699539187,0.8706155610084569,4395
3,-5..-2%,296,62112,2091,0.0017624373008428037,-0.04843192429091404,3675.3826320215617,-3565.9141263916117,26694,35210,-0.8144329896907216,6.176943699731903,-0.42616613149642946,-0.26202355027198787,-0.20449574291706085,-0.10536779463291168,-0.021276595070958138,0.04615918546915054,0.1558158636093141,0.2711778521537779,0.842586147785178,4373
3,-5..-2%,297,61664,2095,0.0012414903633537631,-0.04935555205212341,3645.7461722065796,-3569.190910440734,26454,35002,-0.8147353975469595,6.506702412868632,-0.42136873960494997,-0.26498099565505984,-0.20554577112197875,-0.10707724839448929,-0.022804463282227516,0.044632088392972946,0.1528752386569977,0.2696229457855224,0.9296241927146927,4417
3,-5..-2%,298,61094,2088,0.0013392650529026693,-0.04843208880297453,3627.2626865109514,-3545.4416273689044,26180,34693,-0.8095720044600738,6.5473732445618475,-0.4254999655485153,-0.2683961302042007,-0.20560251772403718,-0.10609973967075348,-0.021271929144859314,0.04595134034752846,0.15128034651279473,0.2653780668973919,0.9175420033931706,4399
3,-5..-2%,299,60408,2091,0.0016392478628763875,-0.0478646116277125,3612.536566449931,-3513.512881549304,25851,34343,-0.8078565914743975,6.07027143588776,-0.426820847094059,-0.26455235928297044,-0.20505740791559218,-0.10639186203479767,-0.021992933005094528,0.04815929103642702,0.15515951961278912,0.2748247146606447,0.9317387169599346,4390
3,-5..-2%,300,59865,2089,0.001528087057796485,-0.04811963708638295,3585.789001148469,-3494.3100694334903,25614,34047,-0.8011321725705464,5.674007385643817,-0.42807862609624864,-0.26726046204566956,-0.20607896894216537,-0.10443530604243279,-0.021405008621513844,0.04624792002141476,0.15258905291557312,0.27918989956378937,0.9825012654066126,4396
3,-5..-2%,301,59239,2094,0.001360350742891504,-0.04820883212494906,3556.2315534326744,-3475.645735774535,25325,33699,-0.8105263157894737,5.455241381169303,-0.4266202121973038,-0.26581081598997114,-0.20732031017541885,-0.10489968210458755,-0.022021401673555374,0.04633433651179075,0.15305461883544919,0.28168343454599387,0.9933474367856997,4400
3,-5..-2%,302,58738,2094,0.0015096742147229602,-0.04711332562805072,3543.99130101277,-3455.3160569883735,25101,33436,-0.8137931034482758,5.202323512763147,-0.42933100044727324,-0.2641253963112831,-0.20425462275743483,-0.10320405475795269,-0.020837846212089062,0.047383445315063,0.15145557373762142,0.28026655316352833,1.0145461320877056,4382
3,-5..-2%,303,58080,2092,0.0009354815485507842,-0.04790238857679799,3487.437114972653,-3433.104346632825,24774,33093,-0.8086034482758621,4.9543383918704,-0.42911832630634306,-0.2655441612005234,-0.20329579561948774,-0.10389716923236847,-0.02122468687593937,0.04742686729878187,0.15572863817214963,0.2765742465853691,1.0146825861930795,4360
3,-5..-2%,304,57587,2086,0.0006088509140623737,-0.04738641634118954,3454.5567583571965,-3419.494860769084,24524,32851,-0.8068793103448275,4.983914209115282,-0.4272964024543762,-0.26823797225952145,-0.20530421137809754,-0.10499971359968185,-0.021608171984553337,0.045239634811878204,0.15439047217369084,0.27907091379165627,0.9950775241851789,4373
3,-5..-2%,305,56958,2087,0.0006609634501025046,-0.046831142518471654,3437.620044246838,-3399.9728880559087,24197,32569,-0.8075328467153284,5.151474530831099,-0.42331031143665315,-0.2651243805885315,-0.20512861162424087,-0.10626602359116077,-0.022310645319521427,0.04594769515097141,0.15635504871606878,0.2779142886400222,0.993966441154478,4344
3,-5..-2%,306,56427,2090,0.0006750595879107455,-0.0474738848695776,3415.066946437763,-3376.975359070726,23938,32279,-0.8065693430656934,5.1848028248739855,-0.4269381856918335,-0.26729727983474727,-0.20748460292816162,-0.1061728373169899,-0.02228860929608345,0.046697039157152176,0.1606585204601287,0.2806220889091483,0.9695799946784979,4305
3,-5..-2%,307,55777,2086,0.0005308319880822943,-0.046025284172782045,3378.3130982106245,-3348.7048824113494,23627,31943,-0.8087518248175183,5.171581769436997,-0.42698210358619687,-0.2656882643699646,-0.20646993815898895,-0.10526315867900848,-0.022765599191188812,0.0456431545317173,0.15401490032672904,0.2866703391075121,0.9638816404342676,4329
3,-5..-2%,308,55147,2092,0.0007573987081638115,-0.04633253741693457,3369.149605360775,-3327.381338801661,23359,31589,-0.8138686131386861,5.205019003207633,-0.4276223284006119,-0.26480428874492645,-0.2056281417608261,-0.10703219473361969,-0.02314619906246662,0.04700988344848156,0.1585330456495285,0.28678550124168367,0.9493448317051005,4287
3,-5..-2%,309,54649,2094,0.00018031934019490953,-0.04615939693822919,3324.318605879072,-3314.4643342567683,23076,31393,-0.8160583941605839,5.2058276503409795,-0.4295036363601685,-0.27056612968444826,-0.2100460648536682,-0.11138743162155151,-0.025910845026373863,0.04590488225221634,0.1564535379409791,0.2857142984867096,0.9058600544929519,4109
3,-5..-2%,310,54008,2088,-0.00016302285990409414,-0.04646680565491268,3278.228397408275,-3287.032936025978,22827,31007,-0.8102262773722628,5.145718213428934,-0.42980956465005876,-0.2726393148303032,-0.21027594655752183,-0.11272397823631763,-0.02618266548961401,0.04538296815007925,0.15882067233324065,0.29146665632724755,0.9024793183803606,4084
3,-5..-2%,311,53427,2095,-0.0003440270586830407,-0.04545209126400001,3249.4672961353745,-3267.847629799631,22528,30728,-0.8094890510948904,5.0257688886492895,-0.43070593774318694,-0.2782752558588982,-0.21345971077680587,-0.11642113886773586,-0.028537963517010212,0.04670538194477558,0.15946176946163182,0.29446788132190665,0.9854620915651358,3792
3,-5..-2%,312,52843,2092,-0.0004155737935706739,-0.046042796297930295,3223.5507924517087,-3245.5109584253714,22239,30426,-0.8160583941605839,5.061689008042896,-0.4302327409386635,-0.27541252970695496,-0.21262282133102417,-0.11547314375638962,-0.02840809989720583,0.044786871410906315,0.15809334814548492,0.2875927686691284,0.9891029715537999,3806
3,-5..-2%,313,52174,2086,-0.000408571152447701,-0.04610735419548303,3190.6534116748376,-3211.9702029826403,21933,30044,-0.8167883211678832,5.375335120643432,-0.43435311913490293,-0.2755477741360664,-0.21297061145305635,-0.11551213450729847,-0.027760248631238937,0.04633006174117327,0.15863950997591017,0.28692183047533015,0.9595518767833711,3790
3,-5..-2%,314,51567,2088,-0.0008323244124603394,-0.045665434561309996,3145.9299104619927,-3188.850383439343,21607,29784,-0.8203211678832116,5.409876276988598,-0.43830431818962096,-0.27724351584911344,-0.21405722349882125,-0.11434201151132584,-0.02696456853300333,0.04490828700363636,0.15837297290563576,0.28220446556806494,0.9412182343006065,3750
3,-5..-2%,315,50996,2088,-0.0007728762118020594,-0.04529161610273085,3124.302989045851,-3163.716584342907,21341,29466,-0.8197007299270073,5.190348525469169,-0.43690810084342957,-0.27493870258331293,-0.21560768783092496,-0.11408689618110657,-0.02711191400885582,0.046458762139081955,0.15733754336833958,0.28523543477058383,0.9575900101661684,3753
3,-5..-2%,316,50382,2089,-0.0009074038944777505,-0.04550057558162428,3093.6614162449305,-3139.3782392565076,21058,29143,-0.8211678832116788,5.729222520107239,-0.43544360518455505,-0.2765813946723938,-0.21530466377735138,-0.11432566121220589,-0.027184288948774338,0.04679750092327595,0.15756490826606745,0.28628846704959854,0.9733561062812808,3755
3,-5..-2%,317,49821,2089,-0.0009755000980968117,-0.044531334784446104,3067.97769997905,-3116.5780903663313,20770,28878,-0.8173211678832117,5.911528150134049,-0.43710948914289477,-0.27731905728578565,-0.21827227622270584,-0.11545877903699875,-0.02780184894800186,0.046112929470837116,0.15810311883687975,0.28529482185840577,0.9645343178510666,3764
3,-5..-2%,318,49219,2090,-0.0009230636131769131,-0.0444943443974801,3051.4656612431722,-3096.897929220123,20442,28590,-0.8248175182481752,5.9489743658858725,-0.4389479672908783,-0.2777682483196259,-0.21939487159252166,-0.11654676496982574,-0.027563024312257767,0.04545454680919647,0.16017849743366253,0.29618352055549574,1.0268085765838642,3713
3,-5..-2%,319,48625,2087,-0.0009669087044520305,-0.04429871161075809,3022.076190394396,-3069.092126148374,20132,28315,-0.8241240875912409,6.352221804619965,-0.4374818056821823,-0.2774668037891388,-0.21842408180236816,-0.11537311971187592,-0.027358490973711014,0.04626397788524628,0.16112492978572845,0.28364527225494385,1.0180127620697021,3751
3,-5..-2%,320,48031,2095,-0.0011772904210763364,-0.04413317670646971,2985.6832422151347,-3042.229678429857,19873,27988,-0.8248248175182482,6.38188679245283,-0.4341569954156876,-0.2787010684609413,-0.22026028484106064,-0.11794444546103477,-0.028066324070096016,0.046109638176858425,0.16022061109542843,0.286098004877567,0.9919455510377876,3770
3,-5..-2%,321,47373,2086,-0.0013446299943370825,-0.04403626686720678,2955.311583365955,-3019.010740087687,19560,27663,-0.8204379562043795,6.103414380294313,-0.43418002128601074,-0.2797715812921524,-0.21990013420581817,-0.11688612774014473,-0.028106292709708214,0.04593586176633835,0.16273426115512857,0.28494780063629144,0.9821080315113023,3727
3,-5..-2%,322,46738,2092,-0.00210552056735258,-0.044462887963296935,2893.348065088205,-2991.7558853651362,19272,27310,-0.8153284671532847,6.922305295950156,-0.43558341860771177,-0.2771304607391357,-0.21919082403182982,-0.11675083078444004,-0.029253119602799416,0.044340106658637524,0.15741794705390932,0.2837863892316814,0.963930385708809,3732
3,-5..-2%,323,46099,2087,-0.002115432155400363,-0.043655914548371706,2869.349233304051,-2966.8685402358483,18926,27010,-0.8182481751824817,7.095059122842523,-0.43815483391284943,-0.2788643330335617,-0.21867016851902008,-0.1182163804769516,-0.029808493331074715,0.04445432499051094,0.15896849930286408,0.2819608330726623,0.9103755033016208,3707
3,-5..-2%,324,45379,2086,-0.002297927533538687,-0.04218869685610584,2829.1738337035513,-2933.4514872480063,18603,26619,-0.8175474452554744,7.127721335268506,-0.4408256098628044,-0.27656979858875275,-0.22008763253688812,-0.1189455334097147,-0.030130083672702312,0.044980294071137905,0.15859036892652512,0.28547777980566025,0.9346486926078803,3686
3,-5..-2%,325,44773,2086,-0.002474408441020282,-0.04431213205198228,2799.3552118868943,-2910.1419010166965,18361,26259,-0.8262773722627738,7.339563862928349,-0.44021536529064176,-0.28278877735137936,-0.22442333102226256,-0.12289037927985191,-0.03378196060657501,0.0435376912355423,0.16405853629112274,0.2882041811943051,0.9480002832412728,3503
3,-5..-2%,326,44077,2088,-0.002697308009349857,-0.04151816689841795,2762.4582403875265,-2881.347485515633,17996,25928,-0.8313868613138686,7.722741433021808,-0.44280718713998796,-0.28097773939371107,-0.22404642105102537,-0.12317301146686077,-0.03253272548317909,0.044571198523044586,0.16504602730274215,0.28944008648395536,0.9275438874959914,3414
3,-5..-2%,327,43354,2086,-0.002482670603779403,-0.04255275869716797,2738.6687124279783,-2846.302413784229,17679,25537,-0.8306569343065693,7.818897637795276,-0.4497731301188469,-0.2903142690658569,-0.2289108783006668,-0.12832661345601082,-0.035347722470760345,0.044730572029948235,0.17202127277851106,0.3111443996429438,0.9851502144336668,3102
3,-5..-2%,328,42716,2085,-0.00285319055645626,-0.0421730781086474,2701.551233403526,-2823.4281212131173,17343,25221,-0.8321970802919708,7.818897637795276,-0.44846723198890687,-0.2894405961036682,-0.23013729751110076,-0.12966252863407135,-0.03577590361237526,0.044736843556165695,0.17179029285907738,0.31244874596595734,0.9878324007987948,3125
3,-5..-2%,329,42057,2087,-0.0025215726805633536,-0.04130198641073562,2693.3491597949883,-2799.3989420214434,17066,24837,-0.8386861313868613,7.79120879120879,-0.4509443864226341,-0.29082050919532776,-0.23042310774326324,-0.1281939558684826,-0.035781871527433395,0.04299723729491234,0.168427512049675,0.3129032701253891,0.9693943560123444,3126
3,-5..-2%,330,41384,2084,-0.00236821590311733,-0.04160925549900117,2662.8533864767705,-2760.8596334113845,16785,24474,-0.845985401459854,7.745354030671205,-0.4526974529027939,-0.2877523168921471,-0.2292440429329872,-0.12891728430986404,-0.0368441604077816,0.04377251584082842,0.16792149394750594,0.3144504427909846,0.9991205066442471,3120
3,-5..-2%,331,40626,2087,-0.0023863877735055094,-0.041423970506507576,2623.333583575017,-2720.282973261444,16467,24020,-0.8547299270072992,7.722469704993614,-0.4543849042057991,-0.2916959315538406,-0.22725149691104887,-0.12967397645115852,-0.03591995872557163,0.04313138127326965,0.17053842246532447,0.31808015853166444,1.003951647877691,3112
3,-5..-2%,332,39908,2081,-0.00274034665059727,-0.04055469165728679,2578.2311994280267,-2687.5929535600594,16114,23665,-0.8627737226277372,7.829186768832971,-0.45260649621486665,-0.29527368396520615,-0.2286025732755661,-0.12785186991095543,-0.03475939854979515,0.043843832798302174,0.16800836473703384,0.31324832886457443,1.0200147569179516,3116
3,-5..-2%,333,39152,2080,-0.003241901133461264,-0.04138623458907651,2528.5070053569525,-2655.433918534226,15791,23213,-0.8583941605839416,7.80503144654088,-0.4535667896270752,-0.2965346574783325,-0.22938144207000732,-0.13187691569328308,-0.036107029765844345,0.043099209666252136,0.16910867393016815,0.31978610157966614,0.9931578755378747,3121
3,-5..-2%,334,38347,2083,-0.0027523476969587585,-0.039975773127649716,2496.8712000716473,-2602.4154772069146,15481,22731,-0.8605839416058394,7.85179564997471,-0.4537099301815033,-0.2964426875114441,-0.22786659598350523,-0.12983739376068115,-0.03351300582289696,0.04516129195690155,0.1737785398960116,0.3133964419364929,1.0069999980926492,3089
3,-5..-2%,335,37676,2083,-0.0028449806854637747,-0.03951492992277879,2460.4017792656405,-2567.589271571169,15215,22340,-0.8554744525547445,7.722741433021808,-0.44740639328956605,-0.29573121666908264,-0.22895300388336182,-0.12916666269302368,-0.03549259901046753,0.04579681158065796,0.17016145586967468,0.3119533658027649,1.0026300907134944,3081
3,-5..-2%,336,36926,2081,-0.0036631798975588674,-0.040017531751664,2401.1789297940195,-2536.4455106912806,14848,21966,-0.8599051094890511,7.171339563862929,-0.4618538603186607,-0.2923589453101158,-0.22758516073226928,-0.12823505699634552,-0.03409983031451702,0.046728367917239666,0.1698350846767426,0.3134389668703077,0.9953304398059896,3088
3,-5..-2%,337,36108,2079,-0.0043150437426488705,-0.039909923436983755,2347.4861391300997,-2503.2937385896657,14447,21558,-0.8576642335766423,6.713364485981308,-0.4630974754691124,-0.29528648406267166,-0.23241543769836426,-0.1302257999777794,-0.03548505716025829,0.044288828037679195,0.17214315384626389,0.31386110931634903,0.9939809888601303,3076
3,-5..-2%,338,35402,2081,-0.004428971242011674,-0.04068596078912618,2304.412269245662,-2461.2067091553618,14162,21149,-0.8496350364963503,6.4605295950155766,-0.45963972449302676,-0.29365204721689225,-0.2312063321471214,-0.1298523098230362,-0.035835256800055504,0.04433115106076002,0.17467872351407998,0.31277033686637856,0.995736663937567,3070
3,-5..-2%,339,34497,2086,-0.004797660958041451,-0.039450324970468444,2245.6697978968396,-2411.174707966393,13772,20633,-0.8518248175182481,6.251338582677166,-0.46079058647155763,-0.2970711290836334,-0.23251155018806458,-0.12985552847385406,-0.036402568221092224,0.04350012540817261,0.16907775402069092,0.30612245202064514,1.0290376663207979,3041
3,-5..-2%,340,33677,2079,-0.005043317873441417,-0.03767353926972902,2198.8988998638465,-2368.742715887727,13427,20152,-0.8503649635036497,6.235203228959732,-0.4625196713209152,-0.296271550655365,-0.23343755900859833,-0.13011984527111053,-0.03669464960694313,0.04317797161638737,0.16350144743919373,0.30695821046829225,1.057626454830169,3047
3,-5..-2%,341,32812,2079,-0.0049302774245501245,-0.03766070378681484,2165.522976818767,-2327.295239673109,13020,19682,-0.8496350364963503,7.111834130781499,-0.4653357923030853,-0.2978503257036209,-0.23515383899211884,-0.13447783887386322,-0.039599452167749405,0.044721582904458046,0.17085596919059753,0.31697046756744385,1.127309787273411,2811
3,-5..-2%,342,31927,2075,-0.004950915246652586,-0.03659891545797334,2119.649013861485,-2277.7168849413656,12668,19160,-0.8489051094890511,7.098917197452229,-0.4656625753641129,-0.3003392815589905,-0.23594589084386824,-0.13417866453528404,-0.04218735545873642,0.04472655430436134,0.17311713099479695,0.30784133076667786,1.1005643784999821,2764
3,-5..-2%,343,31061,2078,-0.005192782589759125,-0.037096710333696874,2068.874051814839,-2230.1670718353357,12297,18681,-0.8555547445255474,6.83732057416268,-0.48510890364646914,-0.311434218287468,-0.24461203515529634,-0.14663317799568176,-0.0486111119389534,0.04423699714243412,0.18252627551555634,0.33170728087425194,1.2099576878547667,2195
3,-5..-2%,344,30165,2079,-0.005302109208577329,-0.03851747525881189,2016.7251282613354,-2176.663252538067,11919,18139,-0.8554744525547445,7.539074960127593,-0.4816923201084137,-0.3129194676876068,-0.24644732475280762,-0.14585883915424347,-0.04845815151929855,0.04522613063454628,0.18014375865459442,0.331845223903656,1.2091772794723585,2221
3,-5..-2%,345,29148,2076,-0.005680931980011486,-0.036520608908967314,1951.072003776912,-2116.659809130286,11516,17542,-0.8598540145985402,7.931419457735247,-0.4847857192158699,-0.31508897840976713,-0.2440282627940178,-0.14355405047535896,-0.04786389134824276,0.04555130936205387,0.18383381515741348,0.3270963966846467,1.181729711294166,2208
3,-5..-2%,346,28264,2078,-0.0064252808647027645,-0.0381157190061236,1890.8287785712914,-2072.432916931243,11060,17114,-0.8594890510948905,7.917197452229299,-0.48465554356575014,-0.3152716249227524,-0.24570749700069427,-0.146968811750412,-0.04938271641731262,0.0440565999597311,0.17918812036514284,0.3232254922389984,1.2008327913284444,2215
3,-5..-2%,347,27331,2070,-0.006748552547313904,-0.03649943162686248,1834.9437926451287,-2019.3884823157625,10701,16540,-0.8634963503649635,7.431496062992126,-0.47574953138828274,-0.3131404221057892,-0.24349157512187958,-0.14659706503152847,-0.04680851101875305,0.04473513923585415,0.17879155278205872,0.3272409588098526,1.1689684033393897,2211
3,-5..-2%,348,26293,2064,-0.0072019586404886106,-0.035557200873766265,1774.6378874824584,-1963.9989860168307,10222,15995,-0.8700802919708029,7.818897637795276,-0.4719636231660843,-0.3133418709039688,-0.246478870511055,-0.14822988212108612,-0.04809160158038139,0.043441515415906906,0.17429837584495544,0.3227352797985077,1.1969206929206928,2211
3,-5..-2%,349,25331,2064,-0.007145863100050729,-0.036884093032586676,1721.3709505883896,-1902.3828087757756,9811,15440,-0.8730291970802919,7.261417322834646,-0.4818544626235962,-0.30975077152252195,-0.24393715262413024,-0.14820481836795807,-0.048969071358442307,0.04444444552063942,0.1809555679559708,0.3271509051322933,1.208199791908258,2229
3,-5..-2%,350,24227,2061,-0.007394652520420729,-0.03644870330228651,1651.9706729542029,-1831.1209195664353,9370,14788,-0.8766423357664234,7.05197238966799,-0.47977118343114855,-0.31519076973199844,-0.24495071172714233,-0.14839809387922287,-0.04939206875860691,0.041836473159492016,0.1748756393790245,0.3236496075987816,1.167611473798749,2206
3,-5..-2%,351,23168,2058,-0.007844781939607469,-0.03711384290510474,1578.6279542701138,-1760.375862246938,8951,14152,-0.8737226277372263,7.378716744913929,-0.4794856059551239,-0.31923735737800596,-0.24312827587127686,-0.14866581559181213,-0.049714285880327225,0.043666668236255646,0.17568887770175928,0.3207170844078064,1.1721063995361314,2193
3,-5..-2%,352,22092,2038,-0.009397538226872127,-0.03562059806035332,1485.762441550841,-1693.372856058897,8461,13568,-0.7919243986254295,7.763693270735525,-0.48166293174028396,-0.3186674118041992,-0.24721172749996184,-0.14962012693285942,-0.05191158875823021,0.04346772748976946,0.17213113605976102,0.31881627291440967,1.1620398700237204,2218
3,-5..-2%,353,20997,2025,-0.010119630563563858,-0.03579427761230429,1407.493971081667,-1619.9758540248122,8006,12943,-0.7936769759450172,7.209702660406887,-0.4809290984272957,-0.31897099167108534,-0.2443212538957596,-0.1484716199338436,-0.05081975273787975,0.04291701875627041,0.17196754813194276,0.3195661053061466,1.1452482140064322,2190
3,-5..-2%,354,19875,1995,-0.011085707329331191,-0.03547880898252705,1323.5786202275635,-1543.9070533980223,7527,12284,-0.7940132086799897,7.149974709155286,-0.47660919666290286,-0.31520113497972485,-0.24312807321548463,-0.1489230953156948,-0.05104328878223896,0.04056677408516407,0.16805350780487063,0.31708794534206275,1.1259218943118927,2200
3,-5..-2%,355,18748,1961,-0.011670635898564586,-0.03597284410219017,1244.6009754726133,-1463.4020572989064,7073,11619,-0.7931034482758621,7.0311526479750786,-0.4747401720285416,-0.3181593805551529,-0.24362227171659467,-0.1477309837937355,-0.05064685270190239,0.04497152101248503,0.1717256203293799,0.32258896678686144,1.1652155172824854,2168
3,-5..-2%,356,17673,1900,-0.012699137363163403,-0.036597308023734815,1167.3486741547617,-1391.780528773955,6621,11007,-0.8817518248175182,6.67601246105919,-0.4785410535335541,-0.31769673228263856,-0.24386436343193055,-0.1476530358195305,-0.05270180106163025,0.0418651457875967,0.16623407304286947,0.3187422364950181,1.0893969917297281,2183
3,-5..-2%,357,16572,1794,-0.012680888903759699,-0.03782334014916332,1096.055740303508,-1306.2034312166163,6192,10340,-0.8795620437956204,6.467289719626168,-0.48659251153469085,-0.3244070544838905,-0.24603292047977446,-0.1526630036532879,-0.05997673608362675,0.04246009886264801,0.18148538470268247,0.327000020444393,1.1306295907497426,1908
3,-5..-2%,358,15495,1510,-0.012684298170642993,-0.042837308775513075,1019.6904778277343,-1216.233677981848,5802,9643,-0.8759489051094891,6.274143302180686,-0.4788923931121826,-0.3262226313352585,-0.2482975721359253,-0.15220054984092712,-0.05916030704975128,0.04352835565805435,0.17657242715358737,0.3311713248491283,1.1011553645133985,1907
3,-5..-2%,359,14638,1041,-0.012225152647634881,-0.04608977241457757,961.1919706933732,-1140.1437551494541,5515,9080,-0.8795620437956204,6.251338582677166,-0.4712216019630432,-0.32243478298187256,-0.24297328889369962,-0.15043003857135773,-0.052784357219934464,0.04471032693982124,0.16392617523670183,0.3134574115276328,1.2618190479278575,1333
3,-5..-2%,360,14304,1041,-0.012496867836053,-0.04855507544454725,939.5334178512732,-1118.2886153781722,5352,8912,-0.8758905109489051,6.9470624999999995,-0.4767735728621483,-0.3264685586094856,-0.24292611181735993,-0.1483665518462658,-0.053220219910144806,0.042291794903576374,0.16556624472141274,0.3189142182469367,1.300460987091067,1334
3,-5..-2%,361,13973,1041,-0.012396967638856204,-0.047427842149076596,919.6626945960253,-1092.8855234137638,5232,8703,-0.8737226277372263,6.885457364341084,-0.47207234442234036,-0.328911092877388,-0.24401249289512633,-0.14842233061790466,-0.053067345172166824,0.04617060534656048,0.16777756810188274,0.30575739145278913,1.2635734820365887,1323
3,-5..-2%,362,13684,1037,-0.01296729404645975,-0.0475858837264955,898.8455457217843,-1076.289997453539,5097,8549,-0.8697080291970802,6.678125,-0.46241072118282317,-0.32685934901237484,-0.24225715994834898,-0.14786578714847565,-0.05270180106163025,0.042561110109090805,0.16105305552482613,0.3138830423355101,1.2703666496276935,1335
3,-5..-2%,363,13363,1038,-0.012972356966384794,-0.046246544908843404,883.3735820151511,-1056.7231881569503,4963,8361,-0.8605839416058394,7.365625,-0.46927314639091494,-0.3261390566825867,-0.24624371975660325,-0.14883528277277946,-0.053466856479644775,0.03905630949884653,0.1612279281020165,0.32253345102071784,1.2715975379943927,1332
3,-5..-2%,364,13008,1038,-0.012663498433823911,-0.04589004418552456,868.5966507271643,-1033.3234383543454,4843,8133,-0.7869072164948454,7.75,-0.4669365620613098,-0.32576687932014464,-0.24422333836555482,-0.14821672439575195,-0.05401222035288811,0.04230118542909622,0.16121979057788843,0.31760442256927374,1.3166542005539033,1333
3,-5..-2%,365,12695,1037,-0.01263471585617279,-0.044876598253308454,855.2464629584807,-1015.6441807525936,4729,7921,-0.7872544815164251,7.682170542635658,-0.46674672663211825,-0.3262815743684769,-0.24456707239151002,-0.14792899787425995,-0.05311531946063042,0.04179908521473408,0.16287198364734656,0.322580996155739,1.321907043457032,1327
3,-5..-2%,366,12389,1043,-0.013438821617515405,-0.04562477530633618,833.3708084358551,-999.8643694552537,4591,7756,-0.7855733767904624,7.210191082802547,-0.46360956132411957,-0.3270539790391922,-0.24735850989818572,-0.1479717195034027,-0.05467754974961281,0.04055318795144558,0.167299222946167,0.31821551024913786,1.3054195499420267,1335
3,-5..-2%,367,12043,1038,-0.013386979707617513,-0.042928210328740946,815.6325096076766,-976.8519062265136,4474,7529,-0.7869415807560137,6.905511811023623,-0.4603309255838394,-0.33011053800582885,-0.24454302191734315,-0.15233400091528893,-0.055807141587138176,0.037121216766536236,0.16544471979141237,0.323051369190216,1.3145182883739555,1334
3,-5..-2%,368,11750,1037,-0.013432927655013796,-0.04272539382877734,797.5070812974983,-955.3439812439093,4375,7347,-0.8562043795620438,7.119685039370079,-0.47134106159210204,-0.3314007580280304,-0.24439052641391754,-0.15010547637939453,-0.05469387769699097,0.0465320460498333,0.16965542435646067,0.32483292818069454,1.3298038387298634,1329
3,-5..-2%,369,11389,1032,-0.014115198835796774,-0.042904025907296174,769.175024563021,-929.9330241039104,4228,7129,-0.8583941605839416,6.760629921259843,-0.47032811522483825,-0.3307240158319473,-0.24656894207000732,-0.15132561326026917,-0.0560000017285347,0.03817715682089329,0.16476789116859453,0.3186272054910662,1.3776990938186757,1307
3,-5..-2%,370,10971,1033,-0.01455534584456486,-0.041169098187859125,739.1757648344369,-898.8624640951579,4061,6879,-0.8543795620437956,6.5496062992125985,-0.4713824504613876,-0.3299925714731216,-0.24746573567390442,-0.15205257385969162,-0.056325823068618774,0.04113427922129631,0.1661082118749619,0.3234714120626449,1.4121563100814813,1299
3,-5..-2%,371,10588,1039,-0.014502899084000473,-0.038877038803005054,716.9450711246388,-870.5017666260354,3913,6643,-0.8539562043795621,6.856025039123631,-0.4719581189751625,-0.32981926053762434,-0.2476443216204643,-0.15084270387887955,-0.05471440590918064,0.0412799920886755,0.16870219707489012,0.3316949844360338,1.4018177878856612,1288
3,-5..-2%,372,10200,1035,-0.016041651530277673,-0.03982836636772541,682.539222793988,-846.1640684028215,3771,6407,-0.8503576642335766,7.068857589984351,-0.47678964287042613,-0.33479101359844204,-0.24916751235723494,-0.15284352749586105,-0.05340449698269367,0.04040443990379572,0.16843501627445245,0.3500499948859214,1.3761202454566956,1280
3,-5..-2%,373,9759,1036,-0.016856955565451914,-0.03974469421733598,652.5893647125167,-817.0963940757605,3597,6131,-0.8514598540145986,6.712050078247262,-0.5121874523162842,-0.3577292859554291,-0.26455808281898496,-0.1739579439163208,-0.07616011053323746,0.04175862297415733,0.1809360444545748,0.35332076549530017,1.2732276344299314,913
3,-5..-2%,374,9335,1031,-0.01732510293269981,-0.038107026237437745,622.8722475732133,-784.6020834499661,3432,5876,-0.856978102189781,6.502347417840376,-0.5067687469720841,-0.3545296847820282,-0.26611191034317017,-0.17225902155041695,-0.0686446875333786,0.0437369653955102,0.1828149721026422,0.3507963106036185,1.2692450499534593,924
3,-5..-2%,375,8927,1035,-0.016575900815622584,-0.03697942036805427,603.774461461895,-751.7475280429576,3301,5598,-0.8598540145985402,6.3082942097026615,-0.5075835752487182,-0.35574395656585694,-0.2661711096763611,-0.1731758564710617,-0.07279755920171738,0.04732540622353554,0.1802062302827836,0.35155198574066154,1.2854706001281773,929
3,-5..-2%,376,8527,1035,-0.017496718704449958,-0.03804536018904584,572.3567286518327,-721.5512490446785,3153,5359,-0.8649708029197081,6.13891472868217,-0.5062351477146149,-0.3571416765451431,-0.26614035069942477,-0.17228035256266594,-0.07058778405189514,0.04806337133049965,0.1895479515194893,0.34312112182378757,1.20486466407776,930
3,-5..-2%,377,8040,1032,-0.018256861111328977,-0.03637295300745279,538.5545773582015,-685.3397406932864,2952,5058,-0.8576642335766423,6.069767441860465,-0.5078739356994629,-0.3573210775852203,-0.26848428845405575,-0.16931729018688202,-0.07261411100625992,0.04545454680919647,0.18731015324592593,0.3597420334815979,1.2028601837158217,929
3,-5..-2%,378,7549,1029,-0.018406344878374375,-0.03549810545306678,507.90423341124296,-646.8537308980915,2777,4750,-0.8563065693430657,5.931782945736434,-0.5094811713695526,-0.35169377028942106,-0.2659352242946625,-0.1722310706973076,-0.0711805522441864,0.045346321538090706,0.1865821748971939,0.3475890040397643,1.2146189308166504,927
3,-5..-2%,379,7062,1023,-0.018225304065302667,-0.03374739566258209,481.17732996786907,-609.8844272770347,2580,4453,-0.8503649635036497,6.065656249999999,-0.5116122722625732,-0.3537549376487732,-0.26989617943763733,-0.16853933036327362,-0.0746685266494751,0.04700161889195442,0.18438804149627686,0.35279136896133423,1.3132581472396887,941
3,-5..-2%,380,6544,1020,-0.017783154402460293,-0.03381737671583504,450.7135038239049,-567.0864662336054,2385,4144,-0.8503649635036497,6.43125,-0.5065343880653381,-0.35614572167396547,-0.2661392331123352,-0.1680440753698349,-0.07443365454673767,0.04574364051222801,0.18910060822963715,0.3532129287719725,1.3321818256378044,945
3,-5..-2%,381,5978,1021,-0.017677696374115585,-0.032961926394018425,419.39016974849307,-525.0674386729559,2172,3778,-0.8481751824817518,6.373643410852713,-0.5092331957817078,-0.3574073493480682,-0.26558356285095214,-0.1706564873456955,-0.07356948405504227,0.041464727371931076,0.1815366983413696,0.3570309221744534,1.3818431568145715,937
3,-5..-2%,382,5388,1021,-0.018390223693146666,-0.03154772458364116,376.56293048755094,-475.6494557462249,1946,3419,-0.8503649635036497,6.215624999999999,-0.508134605884552,-0.3600981831550598,-0.26953729391098025,-0.1708894819021225,-0.07178866863250732,0.04523424804210663,0.18284162282943728,0.3658024787902829,1.2926200103759684,933
3,-5..-2%,383,4810,1011,-0.02022159795222777,-0.033603962332767336,336.87446426995143,-434.140350420167,1717,3076,-0.8467153284671532,6.84375,-0.5059236884117126,-0.35902300477027893,-0.2668389230966568,-0.1709415204823017,-0.07420942187309265,0.043349226005375385,0.1803814321756363,0.36621230095624924,1.2793795049190493,946
3,-5..-2%,384,4200,1000,-0.01966691487147618,-0.03301771266405554,305.0320244926037,-387.6330669528031,1499,2686,-0.8481459854014599,7.05625,-0.5005618524551392,-0.3586277365684509,-0.2656935751438141,-0.17013049870729446,-0.07213443145155907,0.04410881083458662,0.18000047802925115,0.3631229519844054,1.294334959983823,960
3,-5..-2%,385,3503,991,-0.017010531736580212,-0.03161384015035615,268.48539192858493,-328.07328460182595,1233,2258,-0.8503649635036497,6.993798449612403,-0.4996973204612732,-0.3563456505537033,-0.26382130980491636,-0.167277954518795,-0.07443995028734207,0.04454855062067509,0.1888714909553529,0.3584644705057144,1.244868640899658,963
3,-5..-2%,386,2715,955,-0.02371326072349626,-0.035081375365102106,202.5338448537254,-266.91534771801724,927,1780,-0.8554890510948905,6.64031007751938,-0.5096353182196617,-0.35914635062217715,-0.2658999770879745,-0.16832632943987846,-0.0744132287800312,0.04702408146113157,0.19138462096452796,0.36605509668588593,1.2666732370853406,948
3,-5..-2%,387,1911,895,-0.02483097545500732,-0.032077170032334096,145.17590920189707,-192.62790329641592,641,1266,-0.8525547445255475,6.432558139534883,-0.5209753739833832,-0.35797008872032166,-0.2672037363052368,-0.1716400757431984,-0.07447086274623871,0.043355006724596024,0.18604215681552894,0.361131390929222,1.3136596584320048,959
3,-5..-2%,388,978,706,-0.030609177879804002,-0.026995828532576167,73.91782940442687,-103.85360537087504,316,661,-0.8554671532846715,6.24031007751938,-0.5236822438240051,-0.3546471759676933,-0.2635635703802109,-0.16830429807305336,-0.0716497004032135,0.045560008846223354,0.1755523189902308,0.36236101239919655,1.307054572105409,978
4,-2..2%,0,174708,2122,0.0,0.0,0.0,0.0,0,0,0.0,0.0,0.0,0.0,0.0,0.0,0.0,0.0,0.0,0.0,0.0,13463
4,-2..2%,1,160997,2117,0.000023291043785679067,-0.003579790943590398,516.4432563126963,-512.693468136332,67308,69559,-0.2775919732441472,0.3804347826086958,-0.06476233571767807,-0.02801060639321804,-0.01575817409902811,-0.0032865636167116463,0.0,0.0020767218084074557,0.011195874027907858,0.024218043871223886,0.061620194241404316,12394
4,-2..2%,2,159143,2113,-0.00006572126374736592,-0.006481402923160197,662.2182634371816,-672.6773425137268,68416,71410,-0.2543720190779014,0.34262499999999996,-0.07834739968180657,-0.03694878965616226,-0.02049147970974445,-0.004687181441113353,0.0,0.0027322403620928526,0.015588306728750468,0.033260910585522614,0.08088605135679204,12220
4,-2..2%,3,157926,2112,-0.00019276929311960947,-0.008970273053733933,757.4827094957832,-787.925992880992,68664,72545,-0.27056515875934783,0.3500000000000001,-0.08472170218825341,-0.042443687468767165,-0.023909126967191698,-0.005741343833506107,0.0,0.0031636187341064215,0.017846371605992326,0.03626904115080833,0.09043394178152087,12139
4,-2..2%,4,157071,2108,-0.00022491175731088441,-0.010670415509002466,844.8802977098989,-880.2074123424765,68807,72859,-0.2814070351758794,0.5183815028901733,-0.09429649651050567,-0.047415992617607115,-0.027192135527729984,-0.006593406666070223,0.0,0.0035252643283456564,0.020613775774836553,0.04083370715379711,0.09860716074705124,12033
4,-2..2%,5,157100,2113,-0.00014750701439822332,-0.011349284911494709,953.7808761322395,-976.9542280942012,69469,73587,-0.264631236993046,0.48120989917506884,-0.10331737361848353,-0.052096680738031864,-0.029415768198668955,-0.007353918394073844,0.0,0.0041437322506681085,0.023090668581426145,0.045621266216039624,0.10810165315866477,11950
4,-2..2%,6,156708,2112,-0.00006328272974739274,-0.013437301623549043,1059.2010382711285,-1069.1179482843822,69736,73937,-0.2845634920634921,0.5109612141652615,-0.11452472046017646,-0.05841129533946514,-0.034085792303085324,-0.008303049486130476,0.0,0.004340095445513725,0.024477605521678904,0.048752897232770806,0.12541702032089236,11867
4,-2..2%,7,156034,2113,-0.00005444371483983522,-0.015938509691460327,1125.582750792994,-1134.077821394312,69763,73855,-0.3177257525083612,0.6506024096385543,-0.12118037432432174,-0.06081741005182266,-0.03601932078599929,-0.008928571827709675,0.0,0.0047846888191998005,0.02663305364549158,0.052326744794845476,0.12627265036106128,11857
4,-2..2%,8,155379,2114,-0.0001002703907892966,-0.01821091706945534,1182.226476987922,-1197.8063900383706,69698,73963,-0.3196027951452739,0.6002681764004767,-0.12551635831594468,-0.06313747614622116,-0.03772495947778225,-0.009435741463676095,0.0,0.00502630474511534,0.02821316570043564,0.05358179025352001,0.13777029052376705,11778
4,-2..2%,9,154902,2112,-0.00009954629040847038,-0.019699282454728007,1237.467360580957,-1252.8872800578108,69809,73863,-0.456846879980385,0.4974619289340103,-0.12687478661537172,-0.06514658033847809,-0.03838882222771644,-0.009841341990977526,0.0,0.005540180369280279,0.028438516519963777,0.05509013421833515,0.1388906221091746,11778
4,-2..2%,10,154601,2117,-0.00009382643521448155,-0.020307104177985213,1311.2144989465985,-1325.7201596571972,69807,73881,-0.4872502145396591,0.6700715015321759,-0.13594478026032447,-0.07034291587769985,-0.04216867312788963,-0.010204081423580647,0.0,0.005752837518230081,0.03060393072664738,0.05895122271031127,0.14859166935086252,11750
4,-2..2%,11,154315,2116,-0.000017094557796206396,-0.021672703817321174,1383.9194197699435,-1386.55736645627,69812,74097,-0.5211474806914307,0.6269113149847094,-0.139195836186409,-0.07327922433614731,-0.04350758045911788,-0.011048969812691212,0.0,0.006015037652105093,0.0317460335791111,0.06329510360956189,0.16098658323287984,11757
4,-2..2%,12,153706,2115,-0.000019575144549286713,-0.022943152706467497,1421.0385308216253,-1424.0473479897148,69802,73796,-0.5218830452372195,1.079258010118044,-0.14412952959537506,-0.07641268521547318,-0.04429684206843376,-0.011324930470436811,0.0,0.006128062843345106,0.032616354525089264,0.06417100317776203,0.17426179051399143,11736
4,-2..2%,13,153239,2117,-0.00011843303787177554,-0.02452444471024674,1449.527868829611,-1467.6764291200493,69767,73729,-0.5251930856932696,0.890295358649789,-0.1449114479124546,-0.07814097292721273,-0.04668264202773571,-0.011904762126505375,0.0,0.006091155461035669,0.03297395706176758,0.06521739065647125,0.17308434382080964,11654
4,-2..2%,14,152661,2116,-0.0001312507204918206,-0.0261200994487077,1487.211504860692,-1507.2483711016882,69630,73450,-0.5489150422949614,0.9849874055415615,-0.14813292026519775,-0.08169123604893684,-0.047673084959387775,-0.012515164678916335,-0.00003226577246095985,0.006349093280732632,0.03397186882793905,0.06689115501940249,0.1743073277175425,11660
4,-2..2%,15,152317,2115,-0.0001243859082321397,-0.026943785812606105,1533.4850458342064,-1552.4311342183998,69519,73620,-0.5614809366188549,0.8241408991591075,-0.1527339343726635,-0.08222605399787426,-0.04933671690523624,-0.01253266865387559,-0.000028310400921327528,0.006741404999047518,0.035273374989628827,0.0694757305085659,0.18858121797442418,11688
4,-2..2%,16,151935,2115,-0.00007527413921124397,-0.027148410091678298,1587.4878159406837,-1598.9245922817497,69477,73549,-0.5433069756037758,0.9346818512878234,-0.15743817672133445,-0.08513351082801819,-0.050049614906311025,-0.01309041422791779,-0.00003824250597972423,0.007106671459041536,0.03648970089852808,0.07279164753854273,0.19716480180621018,11672
4,-2..2%,17,151584,2114,-0.0000686089414025973,-0.028455163189618955,1626.0418948262825,-1636.4419125998554,69492,73427,-0.5402721588819419,1.1913766750790886,-0.16215143635869025,-0.08589933589100837,-0.052180401980876916,-0.013364342041313648,-0.000076110092777526,0.00754424964543432,0.03872931189835072,0.0770778253674507,0.21056717604398711,11670
4,-2..2%,18,151109,2115,-0.00008440391729867496,-0.029587504309232134,1653.0804824336274,-1665.834673972717,69277,73504,-0.5250091945568223,1.1428571428571428,-0.16211729004979133,-0.08636426776647568,-0.05261694006621838,-0.014006100362166762,-0.000055294476624112576,0.00749063678085804,0.039416234195232394,0.07964457795023924,0.21143375977873757,11594
4,-2..2%,19,150526,2117,-0.00008917388035239231,-0.031185185192327835,1683.0661350085193,-1696.48912252244,69149,73205,-0.5165502022802502,1.6012658227848102,-0.16936150670051575,-0.08792856186628341,-0.05350026711821556,-0.014124293811619282,-0.00006842753646196797,0.0075777373276650906,0.03895526677370072,0.07730422914028166,0.22185636639594872,11645
4,-2..2%,20,150143,2121,-0.000112807077193107,-0.03193820290949944,1714.688896372192,-1731.6260893631922,68843,73150,-0.5088607594936709,1.0958510638297874,-0.1710044801235199,-0.08992844223976135,-0.0555555559694767,-0.014799154363572598,-0.000044640641135629267,0.007653812412172556,0.04161577746272084,0.07963114678859648,0.20993754565715864,11557
4,-2..2%,21,149822,2117,-0.00010267285952653012,-0.032219505319271854,1758.7806425513022,-1774.1632957112822,68843,73191,-0.580335731414868,1.1014399999999998,-0.1782296560704708,-0.0934212077409029,-0.05750542692840099,-0.015195674728602171,0.0,0.008003052556887269,0.042235322296619415,0.08145327866077423,0.22217430919408895,11416
4,-2..2%,22,149435,2117,-0.00015425313165918386,-0.033070380920761776,1783.444554520134,-1806.49537124963,68715,73193,-0.49736422704425653,1.1073039153706747,-0.18057812809944151,-0.09430085346102714,-0.05855703577399254,-0.015694692730903625,-0.000060267586377449334,0.007987438701093197,0.043231440335512177,0.08385360613465291,0.22710385292768465,11435
4,-2..2%,23,148946,2119,-0.00019706784461748212,-0.03355556291164719,1796.670010407382,-1826.022477591777,68519,72816,-0.5156920436434964,1.5287646984448098,-0.18068124160170554,-0.0954521629959345,-0.05970548428595066,-0.015805430710315704,-0.00012417732796166092,0.008196720853447914,0.04288819059729581,0.08082885257899762,0.21746831074357012,11344
4,-2..2%,24,148462,2116,-0.00013703250861985705,-0.03463479874856896,1826.6973856287807,-1847.0415059235092,68456,72569,-0.509623636140738,1.3054136874361597,-0.18174037113785743,-0.09608677960932255,-0.06173461675643921,-0.016140406485646963,-0.00013842876069247723,0.008383467560634017,0.04345620423555374,0.08380219526588917,0.22192965894937575,11356
4,-2..2%,25,148048,2117,-0.00010492987575382826,-0.03472567822703721,1859.312168674176,-1874.8468269197792,68365,72396,-0.5985953177257526,1.2304961832061068,-0.18405022040009497,-0.09696163833141327,-0.061774122342467305,-0.016161916311830282,-0.00010534633474890143,0.008882665075361729,0.043592367321252885,0.08679752312600612,0.2298215240240095,11288
4,-2..2%,26,147633,2116,-0.00012790654690170326,-0.03555730751302446,1891.888375823212,-1910.7716030619463,68199,72248,-0.6321070234113713,1.3131313131313131,-0.1844983285665512,-0.09797177910804747,-0.0625,-0.01686224155128002,-0.00016129032883327454,0.008631616830825806,0.04428918734192851,0.08982486426830286,0.23785303592681845,11305
4,-2..2%,27,147318,2114,-0.0000862363506804026,-0.03681672901553561,1920.6309395097117,-1933.3351062192514,68153,72153,-0.6177257525083613,1.3526940447431994,-0.1925879767537117,-0.0999757144600153,-0.062159879133105264,-0.016533962450921535,-0.00013144927652319893,0.008829559665173292,0.046926389262080356,0.09254951812326898,0.24768902033567428,11278
4,-2..2%,28,146914,2116,-0.00007686926568108214,-0.03738160647452642,1947.6717543153063,-1958.964925613571,67857,72210,-0.68561872909699,1.3476297968397293,-0.19362759351730346,-0.10281191766262054,-0.063687863945961,-0.01721094362437725,-0.00018721332889981568,0.008976660668849945,0.046573786437511415,0.08903516232967355,0.2532102560997012,11257
4,-2..2%,29,146487,2117,-0.0001806668066196763,-0.03849970111122352,1959.878330881931,-1986.3436693832286,67693,71949,-0.5610759493670887,1.7418888567679955,-0.198190371543169,-0.10480798557400703,-0.0647834375500679,-0.017747391015291214,-0.00013406288053374738,0.009051492903381586,0.047457949072122606,0.09215788729488839,0.24158737540244754,11280
4,-2..2%,30,145989,2114,-0.0002256035234544381,-0.038705944802395316,1973.9851863250865,-2006.9208191106773,67605,71795,-0.5631314457810229,1.8741258741258742,-0.20132848024368286,-0.10647046193480492,-0.06679029762744904,-0.01820604782551527,-0.00018382353300694376,0.009428021963685751,0.04633781686425209,0.09183637797832489,0.23757164478301895,11271
4,-2..2%,31,145707,2115,-0.00022659947480976753,-0.039602572444843546,1995.444551405572,-2028.4616810816847,67502,71693,-0.565947242206235,1.9927184466019416,-0.20144545719027518,-0.10778729282319546,-0.06875769048929214,-0.0185539610683918,-0.00014870995801175013,0.009560528676956892,0.04935439042747021,0.09299573674798015,0.24633872091770176,11284
4,-2..2%,32,145186,2114,-0.0002813032863856572,-0.04063732654486083,2012.8096035426938,-2053.6509024798697,67252,71443,-0.6503382242410378,1.9996350808904024,-0.20275233685970306,-0.10942650958895683,-0.06917513161897659,-0.017963862977921963,-0.00023294636775972322,0.009307620348408818,0.04942557401955128,0.09575995989143848,0.25168121606111526,11226
4,-2..2%,33,144810,2118,-0.000238325872371693,-0.04074260701921882,2036.700654044979,-2071.212623623117,67034,71409,-0.6989966555183946,2.237580086125407,-0.2055802308022976,-0.1097143329679966,-0.07012175768613815,-0.018709967378526926,-0.000227621421799995,0.009402418741956353,0.049434931948781013,0.0987667590379715,0.2669231742620468,11226
4,-2..2%,34,144485,2117,-0.000271476037097868,-0.0417924665045824,2051.197232797407,-2090.421448017488,66947,71203,-0.6698327759197324,1.637236084452975,-0.21056199371814727,-0.11128349602222443,-0.06946565210819244,-0.019035087898373604,-0.00018688096315599978,0.010051282122731209,0.04960992932319641,0.09669992327690125,0.27896688580512624,11221
4,-2..2%,35,144041,2115,-0.00027396906011566455,-0.04236644554877702,2068.348795991228,-2107.8115733793443,66783,71128,-0.7189297658862877,1.5733634311512419,-0.21085515946149824,-0.11303118392825126,-0.07040102779865265,-0.01946277730166912,-0.00024271845177281648,0.00984793808311224,0.049784065037965716,0.0974688000977036,0.2623075258731835,11147
4,-2..2%,36,143625,2112,-0.00020630306125501505,-0.04289914316346567,2096.5033060132114,-2126.133583185967,66531,70949,-0.7190635451505016,1.7200902934537248,-0.20696292370557784,-0.11331907659769058,-0.07077274098992348,-0.01926338206976652,-0.00020181451691314578,0.0097334876190871,0.049779659137129784,0.10162895545363426,0.275456808507442,11146
4,-2..2%,37,143363,2113,-0.0002827847024937519,-0.043531116126557315,2114.0433474887895,-2154.5842107923936,66512,70865,-0.7359866220735787,1.8860270880361174,-0.21371329724788665,-0.11538461595773697,-0.0733865424990654,-0.019730011001229286,-0.00019805901683866978,0.010251369327306747,0.05157380178570751,0.1029982432723042,0.2789568841457364,11005
4,-2..2%,38,142980,2113,-0.0002479562964088655,-0.04365488710285662,2134.162976996338,-2169.615768256878,66200,70706,-0.7591973244147158,1.8051948051948052,-0.21354328855872154,-0.11581072583794594,-0.07333262339234352,-0.019550353288650513,-0.00018436432583257556,0.00992893846705556,0.053145843744278,0.106613163650036,0.2907940381765363,11004
4,-2..2%,39,142558,2115,-0.00021695228680226007,-0.04413896746094378,2152.588882199945,-2183.517166301898,66088,70623,-0.7372575250836121,1.9740259740259738,-0.22027042895555496,-0.11874332316219807,-0.0755680188536644,-0.020693436730653048,-0.00021963064500596374,0.010204081423580647,0.05277622602880002,0.1079119373112917,0.29540191769599927,10974
4,-2..2%,40,142139,2115,-0.0003780142871416605,-0.04486088132957065,2148.71568081131,-2202.4462535713446,65917,70262,-0.7368561872909699,1.788939051918736,-0.22478945970535277,-0.12118387110531331,-0.07567807137966157,-0.02004954731091857,-0.00026813817385118455,0.010102224303409457,0.0517218865454197,0.10910191647708446,0.2822490608692161,10944
4,-2..2%,41,141693,2116,-0.00039787699894652595,-0.04558939158240516,2163.6304417866863,-2220.006827398417,65802,70264,-0.7357190635451505,1.977064220183486,-0.2244417667388916,-0.12069489210844041,-0.07685374617576599,-0.020895522087812424,-0.0002886597940232605,0.010146308690309525,0.0521194547414781,0.11038008928298952,0.2824004638195045,10889
4,-2..2%,42,141270,2118,-0.00036597738446621605,-0.04577027796843456,2185.2796278698574,-2236.981252973397,65458,70140,-0.6989297658862876,1.8337155963302751,-0.22810022830963134,-0.12000405788421631,-0.07681159675121307,-0.020858895033597946,-0.00024820055114105344,0.010446994565427303,0.05326876416802406,0.11021505296230316,0.29114943742752164,10881
4,-2..2%,43,140966,2115,-0.0004044555210173335,-0.04620956896037314,2194.7367716508556,-2251.7512486265796,65377,70079,-0.6988628762541806,2.036117381489842,-0.23079632103443146,-0.12121691741049287,-0.07652420178055763,-0.021058755926787853,-0.00028001912869513035,0.010413171257823706,0.052423425391316336,0.10767676383256904,0.2922750800848011,10882
4,-2..2%,44,140645,2113,-0.000348904918924817,-0.046331617533800246,2209.3268539840765,-2258.3985863062644,65334,69923,-0.7486956521739131,1.824288939051919,-0.2276352807879448,-0.12401708513498304,-0.07695572525262831,-0.021204516291618347,-0.0003034901455976069,0.010309278033673763,0.05324494987726212,0.10752761140465712,0.28692334651947027,10867
4,-2..2%,45,140339,2116,-0.0003053848941162744,-0.04686300874225121,2233.36584918309,-2276.223259838465,65259,69650,-0.7281605351170568,2.0848623853211006,-0.2305796578526497,-0.12364582344889641,-0.07626665979623795,-0.021724828518927097,-0.00029317691223695874,0.010435736272484064,0.0532550796866417,0.10733444839715962,0.29258724987506846,10879
4,-2..2%,46,139971,2117,-0.00042177359885249457,-0.046891621490356986,2238.438412519102,-2297.4744849240906,65055,69569,-0.7424749163879598,1.8696330275229354,-0.23065346598625183,-0.12734834253787994,-0.07965997159481049,-0.022125035524368286,-0.00038610037881881,0.010380622930824757,0.054327752441167984,0.10928003787994385,0.2899013471603393,10869
4,-2..2%,47,139463,2117,-0.0003760803373680117,-0.04782665226881255,2259.4283032670633,-2311.8775953574245,64982,69194,-0.7432775919732442,1.9462823051908362,-0.23375452518463136,-0.1268185019493103,-0.08139556795358657,-0.02231728285551071,-0.0002965159364975989,0.011229383759200573,0.054849328845739405,0.10996602103114124,0.2990981674194331,10835
4,-2..2%,48,139230,2117,-0.0003535331746153048,-0.048162712223638826,2280.7088393371805,-2329.931263238867,64795,69287,-0.7525083612040134,2.1260177510452576,-0.2307545793056488,-0.12650063335895537,-0.0819107562303543,-0.021920667961239815,-0.0003385240270290524,0.01123595517128706,0.055591726303100705,0.11469210386276243,0.2972522664070128,10853
4,-2..2%,49,138819,2118,-0.0003873230332467229,-0.04852554498488349,2288.0836674235766,-2341.851463575856,64584,69179,-0.7528428093645485,2.1724813895781634,-0.23430165767669678,-0.1285593070089817,-0.08182124644517898,-0.021907257847487926,-0.0003441250155447051,0.011277438374236226,0.05556000024080278,0.11505216285586303,0.3167119112610804,10810
4,-2..2%,50,138564,2117,-0.0003842941400668167,-0.04903597227526597,2305.511196713009,-2358.7605299372267,64437,69043,-0.7523745819397993,2.173671727915108,-0.23601836919784547,-0.12787889838218688,-0.08227478861808776,-0.022491667419672012,-0.00031581605435349047,0.011305372230708599,0.05535482242703439,0.11271909773349775,0.31155991554260193,10769
4,-2..2%,51,138075,2116,-0.00044450133578095787,-0.04894188067622618,2306.382569142687,-2367.7570910806357,64280,68734,-0.765819397993311,2.2208436724565757,-0.23742269843816757,-0.12633510082960128,-0.0824275903403759,-0.02305589010939002,-0.00029560166876763105,0.011226496892049909,0.05675180740654474,0.11458860412240027,0.3188862335681912,10720
4,-2..2%,52,137794,2116,-0.00044966796368596415,-0.049948419124616054,2323.5421362237967,-2385.503683611942,64180,68630,-0.7926421404682275,2.06575682382134,-0.23993534207344056,-0.12861502170562744,-0.082235449552536,-0.022858861833810806,-0.00031499206670559943,0.011815904639661312,0.05776739083230497,0.11442132890224448,0.3204952806234365,10748
4,-2..2%,53,137527,2115,-0.0003438306385256058,-0.05026735663203993,2351.450347007618,-2398.7363432321263,64074,68486,-0.7925752508361205,1.972133995037221,-0.23633375197649,-0.1303511768579483,-0.08445353358983994,-0.02339267637580633,-0.00037230082671158016,0.01160904997959733,0.05697741732001306,0.11776529178023358,0.32539885222911835,10659
4,-2..2%,54,137093,2113,-0.0003852486441535304,-0.05078909037642924,2363.1693560343847,-2415.984248407318,63889,68231,-0.7993311036789298,2.2885889630553313,-0.2376558594405651,-0.1329122893512249,-0.0863906480371952,-0.02364904060959816,-0.00033383410482201725,0.0117647061124444,0.059137942269444466,0.12091074883937836,0.33925680518150075,10596
4,-2..2%,55,136738,2117,-0.0004049039235865251,-0.05096501465837143,2367.7496833328437,-2423.1154360362166,63841,67979,-0.7921739130434783,2.3374689826302726,-0.24283730909228324,-0.13099682331085205,-0.08420497924089432,-0.02367716236039996,-0.00026520396932028234,0.012096821330487728,0.05820329301059246,0.11755356378853321,0.3405909121036526,10536
4,-2..2%,56,136451,2117,-0.00042941245819706986,-0.05161933221582763,2372.802126172666,-2431.395885506108,63718,67876,-0.7995317725752509,2.1961120640365928,-0.2463878534734249,-0.13395500257611273,-0.08516213819384574,-0.024648284539580345,-0.00033486814936622977,0.012086529517546296,0.058831036463379886,0.1204762410372495,0.3353617340326308,10560
4,-2..2%,57,136045,2115,-0.0004441268790685949,-0.05194661542286431,2377.5893577850857,-2438.0105990479583,63598,67589,-0.8126421404682274,2.081091811414392,-0.24590173184871675,-0.1337028235197067,-0.08650335371494292,-0.0253521129488945,-0.0003704447008203715,0.012211846187710762,0.057897799462079985,0.11879077553749083,0.34045351743698105,10537
4,-2..2%,58,135617,2116,-0.0003648264423544154,-0.05193117958507931,2393.7739293422514,-2443.2505969750364,63419,67457,-0.811571906354515,2.0694789081885854,-0.24052300915122032,-0.13499359637498856,-0.08708717003464699,-0.025316456332802773,-0.00038831797428429127,0.012328712502494454,0.05982872731983663,0.11949479952454564,0.3459104025363918,10470
4,-2..2%,59,135304,2116,-0.0002626412358435785,-0.05165655791160956,2410.6340402477103,-2446.1704500222945,63328,67214,-0.8193979933110368,1.9900744416873448,-0.24319687858223915,-0.13657256960868835,-0.08685527369379997,-0.025116396602243185,-0.0003159159095957875,0.01234524673782289,0.05997122637927532,0.11646638810634613,0.3485325872898102,10476
4,-2..2%,60,134870,2117,-0.0002488907329128203,-0.052354598579387686,2424.790987969856,-2458.358881117813,63148,67041,-0.822675585284281,2.1147540983606556,-0.2430596373975277,-0.13597473874688148,-0.08645737916231155,-0.024638675153255463,-0.00027098445571027696,0.012758520431816578,0.05970931053161621,0.11929000169038773,0.3501441374421103,10496
4,-2..2%,61,134519,2115,-0.00025120665698900673,-0.053005491313990495,2438.173902277232,-2471.965970568733,62996,66874,-0.8410033444816054,2.179443653693765,-0.24721811980009079,-0.1370362274348736,-0.08779539987444877,-0.025598807260394096,-0.0003369572223164141,0.012883153511211276,0.05839222855865958,0.11917376369237903,0.35762694537639655,10524
4,-2..2%,62,134068,2114,-0.000298192184203014,-0.05341139470861308,2435.198562733481,-2475.176592485209,62825,66709,-0.8373244147157191,2.256153846153846,-0.2490357807278633,-0.1386461839079857,-0.08775473311543465,-0.025868368800729513,-0.0003711061872309074,0.012581826420500875,0.05880147069692617,0.11661346666514874,0.3520958977937699,10484
4,-2..2%,63,133829,2114,-0.00025322441376210203,-0.052992536618236434,2448.059298780793,-2481.9480688501612,62722,66548,-0.8307023411371237,2.4275303643724695,-0.2490862488746643,-0.13984782993793488,-0.08780992031097412,-0.025796661153435707,-0.0003295435744803399,0.012578615918755531,0.05945945903658867,0.11645957082509995,0.35673611760139423,10461
4,-2..2%,64,133452,2117,-0.0001806977195074689,-0.05367928266811007,2465.703538495152,-2489.8180105588676,62582,66376,-0.8330434782608696,2.4484725050916496,-0.25029231190681456,-0.1392734706401825,-0.08873427361249923,-0.02648783754557371,-0.0004239084373693913,0.012451837304979563,0.05992549210786828,0.11657814383506784,0.35762157022953106,10499
4,-2..2%,65,133119,2116,-0.0001291971645539701,-0.0536057829985828,2481.352910356861,-2498.551507705121,62487,66171,-0.8394648829431438,2.4393662400975016,-0.2554818758368492,-0.1386249616742134,-0.08982436507940292,-0.026256900280714035,-0.0004195449873805046,0.012376288883388042,0.060635704919695874,0.1181365314871072,0.3558291485905647,10470
4,-2..2%,66,132740,2113,-0.00004737898134476283,-0.05372950551958907,2500.8423723542205,-2507.1314583379226,62336,66033,-0.8294314381270903,2.4767967145790553,-0.2513159704208374,-0.13940591216087342,-0.08979357033967972,-0.0258620698004961,-0.0004053506418131292,0.012890094891190529,0.060926798731088715,0.11938648670911786,0.37245883345604,10433
4,-2..2%,67,132365,2115,-0.00008005193534714157,-0.05436943234359372,2510.8303924497413,-2521.4264668719757,62189,65879,-0.8292307692307692,2.054655172413793,-0.2553394529223442,-0.14054603427648543,-0.09145762920379638,-0.026669719722121954,-0.00047290290240198374,0.012830745428800583,0.06103028357028967,0.12091728150844518,0.3787455168366432,10360
4,-2..2%,68,132024,2113,-0.00010086220204957329,-0.055135107436932576,2517.443935861855,-2530.7601672252445,62034,65709,-0.8240802675585284,2.321339950372208,-0.2510115736722946,-0.1410069391131401,-0.09121149480342866,-0.026415735483169556,-0.00041095889173448086,0.013333333656191826,0.061267464607954035,0.12043713182210926,0.3734703969955453,10399
4,-2..2%,69,131630,2111,-0.0001253155547658405,-0.05475275588312674,2516.133443856755,-2532.628730330578,61932,65539,-0.800066889632107,2.4739454094292803,-0.25939496874809265,-0.1417176842689514,-0.09169582277536392,-0.026913916692137718,-0.00047699580318294466,0.013457557186484337,0.06289343982934949,0.12449069619178664,0.3824144113063814,10257
4,-2..2%,70,131271,2116,-0.00012991255496888916,-0.05514482293316898,2522.531090402711,-2539.5848414060392,61823,65299,-0.8117056856187291,2.388535031847134,-0.26062966644763946,-0.14511307328939438,-0.09319892525672913,-0.028250851668417454,-0.0004385965003166348,0.013664789497852325,0.0625,0.12564763873815524,0.3752014046907426,10183
4,-2..2%,71,130789,2111,-0.00010598524127928878,-0.05578765821437135,2538.3079841610665,-2552.169687882743,61549,65087,-0.788695652173913,2.5677669159096115,-0.26189464181661604,-0.1456836424767971,-0.09524251520633698,-0.02868580399081111,-0.0004837929445784539,0.01338879275135696,0.06189434044063091,0.12550248578190804,0.3657766550779345,10156
4,-2..2%,72,130554,2113,-0.00011317155809537135,-0.055970137683580355,2551.808608947458,-2566.5836085430324,61391,65062,-0.7124914442162902,2.6538461538461537,-0.26108023524284363,-0.14670192077755928,-0.09410437941551208,-0.028300756122916937,-0.0004853191348956898,0.013513513840734959,0.06207789108157158,0.125511322170496,0.3769378125667569,10146
4,-2..2%,73,130153,2113,-0.000056846386397909895,-0.05585531063716972,2566.0226402839926,-2573.42136801283,61296,64807,-0.7087611225188227,2.8461538461538463,-0.2635572397708893,-0.14739596545696257,-0.09549032375216483,-0.02843183884397149,-0.00047572860785294324,0.013583587715402246,0.06331636384129526,0.12748315408825858,0.3848326200246807,10110
4,-2..2%,74,129794,2115,0.000012005002594135113,-0.05653240349391948,2582.373082137192,-2580.8149048304954,61237,64576,-0.7177777777777778,2.8696537678207736,-0.26234033942222595,-0.14737699553370476,-0.09599995911121369,-0.0285482844337821,-0.0004543296672636643,0.014035088010132313,0.0632063046097755,0.12853152155876146,0.3883387413620945,10122
4,-2..2%,75,129366,2113,0.00014219840287953744,-0.056057962377407,2592.7799639869827,-2574.3843254000717,61075,64332,-0.732962962962963,2.8594353036766202,-0.26185994744300845,-0.14590327441692352,-0.096654262393713,-0.02894853102043271,-0.00042523801675997674,0.013993251603096724,0.06477900967001915,0.12845225632190704,0.40017949342727716,10116
4,-2..2%,76,129089,2111,0.00015280714074366567,-0.05678105779944994,2600.9562500042694,-2581.2305290127997,60983,64136,-0.7634782608695652,2.9014373716632442,-0.26489915609359743,-0.14798933342099188,-0.09711363911628722,-0.027614722959697247,-0.00033467443427070975,0.014440638711676002,0.06499292328953744,0.12959812954068187,0.4138537320494653,10074
4,-2..2%,77,128648,2113,0.00009799112025457353,-0.056881412472304806,2602.4722412850742,-2589.8658796465666,60720,64024,-0.7725752508361204,2.8817518248175182,-0.26515350222587586,-0.14771597385406493,-0.09903440475463866,-0.02855970896780491,-0.0004201680712867528,0.014146839268505573,0.0627883315086365,0.13087288439273834,0.4116849583387378,10075
4,-2..2%,78,128277,2114,0.00015280674066981803,-0.05724723454491267,2620.129054716538,-2600.5274644436454,60589,63850,-0.7832107023411371,2.8352435530085955,-0.26399572849273684,-0.14650915265083314,-0.09725633859634399,-0.028910303488373756,-0.00038986356230452657,0.014285714365541935,0.0639720946550369,0.13004102706909174,0.42040635943412635,10037
4,-2..2%,79,128053,2113,0.0002346468266332069,-0.0579576774077637,2640.078208492568,-2610.0309784017036,60391,63808,-0.7785953177257525,3.011461318051576,-0.26500278651714326,-0.15127275735139847,-0.09922711998224258,-0.029580666683614254,-0.00038677238626405597,0.014049604069441557,0.064581322669983,0.12857260555028907,0.4034127414226544,10023
4,-2..2%,80,127645,2116,0.00022188758251432834,-0.057925128005289574,2646.932669812676,-2618.6098293426326,60216,63544,-0.791571906354515,2.7578796561604584,-0.2630953252315521,-0.14976346865296364,-0.09816490858793259,-0.028977809473872185,-0.00038740981835871935,0.014049351215362549,0.06603744253516197,0.13197261467576027,0.3934669703245162,10036
4,-2..2%,81,127289,2114,0.00019959174106571053,-0.05802052048948017,2654.3937723616777,-2628.987939233164,60167,63411,-0.8119063545150502,2.966597077244259,-0.2650672549009323,-0.14941670522093772,-0.09735220670700073,-0.028724963776767254,-0.00037043959309812635,0.014898418914526701,0.06763002723455429,0.12857143580913544,0.41731007307767903,10042
4,-2..2%,82,126928,2111,0.0002626418413958001,-0.0577324992024423,2667.911449353871,-2634.574845709181,59953,63237,-0.8224080267558529,2.862421711899791,-0.26771792471408845,-0.14909360110759734,-0.09800311475992202,-0.029389151372015476,-0.0003979307657573372,0.014544195495545864,0.06664296537637712,0.12837953716516504,0.438875007033349,10039
4,-2..2%,83,126561,2111,0.000269639672793129,-0.05828048450815287,2674.8236471710197,-2640.697780542655,59897,62925,-0.8282274247491639,2.736820844273884,-0.26924532175064086,-0.15180150866508485,-0.0991729199886322,-0.029981273226439953,-0.00038925651460886,0.014482541475445032,0.06702161580324169,0.12940295636653898,0.4449812197685306,10007
4,-2..2%,84,126215,2108,0.00032082256747560813,-0.0587512221505019,2690.2358945107394,-2649.7432741568095,59801,62705,-0.8238127090301004,2.5807017543859647,-0.27179689109325406,-0.1507919356226921,-0.09963344782590866,-0.029719513840973377,-0.0003456022241152823,0.015050945337861776,0.06784508377313614,0.133395217359066,0.4456838637590405,10011
4,-2..2%,85,125906,2113,0.000366224401019544,-0.05916774310636608,2701.268928495456,-2655.159079060681,59679,62558,-0.8193979933110368,2.715948777648429,-0.269064319729805,-0.15175668448209761,-0.10111913979053497,-0.03031835053116083,-0.0003878975985571742,0.015696479938924313,0.06902632117271418,0.1356596425175665,0.45030218958854634,9827
4,-2..2%,86,125581,2110,0.0003810996118870295,-0.05931096567088862,2707.7842276162146,-2659.925357255823,59528,62411,-0.8260200668896321,2.9117647058823533,-0.2783033502101898,-0.1535368025302887,-0.10181274265050888,-0.030982201918959618,-0.0004239084373693913,0.015455950982868671,0.06931340992450719,0.13277118504047378,0.45188907504081527,9845
4,-2..2%,87,125120,2114,0.0004445667406471195,-0.059194144352029195,2716.8684001235983,-2661.2442095338247,59411,62112,-0.8327759197324415,2.7226277372262775,-0.2710415041446686,-0.1549689084291458,-0.10254267752170562,-0.031600408256053925,-0.0004712288500741124,0.01519544143229723,0.07031684368848803,0.1368335247039793,0.45526693463325535,9765
4,-2..2%,88,124840,2114,0.00037937095983778355,-0.05952322426273133,2719.947273102132,-2672.5866024759903,59254,62059,-0.8308361204013378,2.6048879837067207,-0.27083316087722775,-0.1564943939447403,-0.10282759666442871,-0.03125,-0.0004295532708056271,0.015238218009471893,0.07029918134212497,0.13578124344348916,0.45521894454956074,9749
4,-2..2%,89,124379,2109,0.00046615150817402114,-0.05980225510231096,2737.1604862326935,-2679.1810277975173,59094,61794,-0.8294314381270903,2.595368677635588,-0.27493824511766435,-0.15782306641340255,-0.10288769006729126,-0.031204329803586006,-0.00042936891259159893,0.014778746524825692,0.07079911902546882,0.1374831289052962,0.45641553878784197,9742
4,-2..2%,90,124129,2112,0.0006247330179430378,-0.060025575574080024,2756.836662711001,-2679.2891779267584,58917,61741,-0.8270234113712375,2.634496919917864,-0.2757036644220352,-0.1573528178036213,-0.10173524916172028,-0.03173903748393059,-0.0004986685526091605,0.014702401822432876,0.07107446119189259,0.1421544112265107,0.4735893690586084,9772
4,-2..2%,91,123706,2112,0.0007325646240529827,-0.06029853616802623,2768.2223837404695,-2677.599744357365,58773,61453,-0.8327759197324415,2.8325327765113246,-0.27340875059366226,-0.15896418690681458,-0.10139747485518455,-0.031752072274684906,-0.0004630246985470876,0.015114879235625267,0.07287775278091439,0.14267817959189413,0.468438719511032,9728
4,-2..2%,92,123296,2114,0.0007853215842928278,-0.060760847300740294,2777.2373455131105,-2680.410335456143,58537,61328,-0.8354515050167224,2.925,-0.2756166937947273,-0.1586192689836025,-0.10162817239761351,-0.031239636708050966,-0.0004241283022565767,0.015138553455471992,0.07223263680934908,0.14085801914334292,0.4523057591915164,9690
4,-2..2%,93,123072,2113,0.0007618812551286527,-0.06120967485975742,2778.3881401147232,-2684.621890283529,58464,61179,-0.8381939799331104,3.1315789473684212,-0.27721298813819883,-0.15980598628520964,-0.10253732204437255,-0.03142227232456207,-0.00044247787445783615,0.015612256713211536,0.07286017537117008,0.13848456740379314,0.4476284360885619,9685
4,-2..2%,94,122602,2115,0.0006828289765700796,-0.061731988670046506,2780.4020560496115,-2696.6858578641663,58192,61088,-0.8327759197324415,3.156822810590631,-0.2741272568702698,-0.15935303270816803,-0.10322438180446625,-0.031963471323251724,-0.000394166330806911,0.015576603822410107,0.07194244861602783,0.14201052486896515,0.44881186485290586,9681
4,-2..2%,95,122313,2111,0.0008047407542968885,-0.061571129170013415,2797.1129399487977,-2698.682684068493,58072,60972,-0.8321070234113712,3.1458460288442005,-0.2781711089611053,-0.16137333512306212,-0.10277038216590881,-0.032374098896980286,-0.0004051043069921434,0.015813954174518585,0.07297507226467138,0.14033704698085792,0.4580979704856865,9669
4,-2..2%,96,122024,2111,0.0010211464157962754,-0.061259093466811174,2827.0932284719725,-2702.488858230843,58001,60685,-0.8307692307692308,3.1909650924024637,-0.28231822937726975,-0.15991290509700776,-0.10314709842205047,-0.031987215392291546,-0.0004279962449800223,0.016107806004583836,0.07395257428288461,0.14370698407292365,0.47532128721475647,9658
4,-2..2%,97,121759,2113,0.00105871679919483,-0.06139180093003672,2836.6534812609534,-2707.7451825077965,57872,60627,-0.8309698996655519,3.3545547945205474,-0.2811174058914185,-0.16132609248161314,-0.10578151196241378,-0.0326215885579586,-0.00044642857392318547,0.01600145921111107,0.07394800037145613,0.14273022711276992,0.46146374821662955,9657
4,-2..2%,98,121228,2114,0.0011862934223238171,-0.0622851189001405,2851.5829606267625,-2707.7709816253046,57629,60375,-0.8328428093645485,2.824486301369863,-0.28311694145202637,-0.1602037489414215,-0.10498132556676865,-0.03309197351336479,-0.0003998400643467903,0.015507753007113934,0.0757072836160662,0.14158082902431493,0.4730380594730365,9629
4,-2..2%,99,120746,2114,0.0011582579496859197,-0.061917104257940364,2844.7003370240122,-2704.8453226312245,57442,60122,-0.8327759197324415,3.207191780821918,-0.2886839288473129,-0.16105675995349883,-0.10384794920682908,-0.03334534354507923,-0.00042241995106451213,0.015984075143933296,0.07631365507841108,0.14380240291357035,0.46250523567199664,9587
4,-2..2%,100,120555,2112,0.0010575295214276552,-0.06154605859582274,2845.27096664106,-2717.7804951853545,57268,60176,-0.8383946488294314,3.5839041095890414,-0.280402809381485,-0.16022605448961258,-0.10648157373070716,-0.03416930418461561,-0.0005015056522097439,0.015903500840067863,0.07504374086856842,0.14377979263663282,0.4634059995412768,9570
4,-2..2%,101,120240,2111,0.0009759820540329809,-0.061918312017615,2841.6445217829473,-2724.292439606029,57047,60090,-0.8359866220735785,3.794520547945206,-0.2787101653218269,-0.16220477446913717,-0.10704138427972794,-0.034037960693240166,-0.0005276925512589514,0.016506865620613098,0.07547169923782349,0.14384556114673613,0.46046664535999526,9440
4,-2..2%,102,119757,2108,0.0012279419275074955,-0.06179589387108401,2865.301783444448,-2718.247142031933,56932,59712,-0.8395317725752509,3.491438356164384,-0.28385666728019715,-0.16293746232986447,-0.10770715028047562,-0.03428971394896507,-0.0005331911379471421,0.016404200345277786,0.07580781131982806,0.14781825840473145,0.4957572031021116,9405
4,-2..2%,103,119430,2115,0.0013622944944468016,-0.06201798947970505,2884.001044920117,-2721.3022134483354,56769,59562,-0.8375919732441471,3.7622846441947564,-0.28079719126224517,-0.16364500373601912,-0.10696723312139511,-0.03425446338951588,-0.0004849660617765039,0.016628047451376915,0.07692307978868484,0.14712550938129448,0.49955616414546894,9419
4,-2..2%,104,119074,2111,0.001441044980310018,-0.06192451755887817,2900.1640787593606,-2728.573088773927,56630,59411,-0.8377926421404682,3.4444444444444446,-0.2872842028737068,-0.16477391868829727,-0.10724849253892899,-0.03417364042252302,-0.0004357675352366641,0.016942004207521677,0.07862938940525055,0.1532057262957096,0.49462003260850906,9326
4,-2..2%,105,118849,2108,0.0014414159322313968,-0.06183346211231536,2902.185823507935,-2730.8749813781637,56498,59281,-0.8401337792642141,3.6011235955056184,-0.28799442172050477,-0.16388884037733079,-0.10584498047828675,-0.03394286520779133,-0.0004849660617765039,0.017107713036239147,0.0790582865476609,0.15090938210487365,0.4833086073398588,9343
4,-2..2%,106,118507,2111,0.0013113280032924397,-0.06251285269374662,2896.7835557102344,-2741.3820080240625,56333,59191,-0.8392642140468227,4.01310861423221,-0.28461009681224825,-0.16573067978024483,-0.10679012387990951,-0.03429266717284918,-0.0004338834551163018,0.01675404142588377,0.07828282564878464,0.148951479792595,0.49234046518802627,9294
4,-2..2%,107,118049,2107,0.0012634806135737417,-0.06261304582449026,2888.104673364525,-2738.9520504127545,56107,59002,-0.8454180602006689,4.2434456928838955,-0.2815412247180939,-0.16395514011383056,-0.10583926886320114,-0.034350473433732986,-0.0005602241144515574,0.01666569896042347,0.07822753787040719,0.15200106501579275,0.47600258946418716,9313
4,-2..2%,108,117769,2109,0.001215885671712605,-0.06324864407812249,2892.7206326355986,-2749.526992963671,55902,58816,-0.8461538461538461,3.9119850187265923,-0.28501912593841555,-0.1641390308737755,-0.10812819600105285,-0.03575858473777771,-0.0005336179456207901,0.017634192481637,0.07796893343329432,0.1530084051191806,0.48001665651798286,9298
4,-2..2%,109,117345,2106,0.0012368699618924652,-0.06397663091359364,2897.4824149829947,-2752.3419093047223,55706,58667,-0.8461538461538461,3.6366853932584267,-0.28287127733230594,-0.16351852118968963,-0.10730074942111968,-0.03470975533127785,-0.0005554527160711586,0.017521031200885773,0.07692499160766603,0.15036737918853765,0.49485205888748185,9309
4,-2..2%,110,117087,2107,0.0013855645309695597,-0.06258748414542786,2914.286966531103,-2752.055372293464,55578,58536,-0.8461538461538461,3.484700374531835,-0.2863922142982483,-0.16495616137981414,-0.10816278159618377,-0.03458181582391262,-0.0004344048793427646,0.01798110082745552,0.0790862053632737,0.15712734460830655,0.48881072044372476,9295
4,-2..2%,111,116741,2110,0.0014025542556004849,-0.06408489021005748,2922.7300878802785,-2758.994501527228,55384,58466,-0.8490969899665552,3.308988764044944,-0.28685576081275943,-0.16404440402984619,-0.10914905741810799,-0.03560190089046955,-0.0004920235369354486,0.017344174906611443,0.07960251122713093,0.15587872341275233,0.48762055546045324,9284
4,-2..2%,112,116343,2110,0.0014395604958532186,-0.06392116600276308,2928.8792551343026,-2761.3964683652457,55253,58198,-0.8446822742474916,3.1815201802909234,-0.2928221666812897,-0.16602119505405427,-0.1092211976647377,-0.034789249300956726,-0.0005254860734567046,0.01740085519850254,0.0805288240313529,0.15873202681541415,0.4983727884292577,9237
4,-2..2%,113,116083,2107,0.0014265385223624066,-0.06375655906075939,2932.831589176407,-2767.2347178850077,55102,58080,-0.8460200668896322,2.99438202247191,-0.2956628710031509,-0.16615315973758696,-0.11066612154245377,-0.03526579961180687,-0.0005262696067802608,0.018087832257151604,0.08091133385896701,0.15894653946161247,0.49079600751399133,9263
4,-2..2%,114,115876,2107,0.0014658638429290612,-0.06437317427786153,2942.9944760896124,-2773.1360374263754,55032,58046,-0.8464882943143812,3.179775280898877,-0.29375739097595216,-0.1673821359872818,-0.11091353744268417,-0.03550149127840996,-0.0005268703680485487,0.017946427688002586,0.0810810774564743,0.15763546526432037,0.48834368586540516,9281
4,-2..2%,115,115534,2110,0.0013514173264875197,-0.06461744812537738,2937.1441936004053,-2781.009544201993,54808,57910,-0.8444816053511706,3.296816479400749,-0.2937158060073852,-0.1660766303539276,-0.10858636051416397,-0.035442251712083817,-0.0005739365005865693,0.017445318400859833,0.08056752979755392,0.15732554495334583,0.5087356352806068,9237
4,-2..2%,116,115137,2105,0.001341794696434689,-0.06418794989719025,2935.843249129327,-2781.353033165912,54673,57715,-0.8461538461538461,3.0914102435601887,-0.2953241187334061,-0.16602583825588227,-0.11080331653356551,-0.0366669986397028,-0.0006513368571177125,0.0171340461820364,0.07974288463592531,0.15675930380821193,0.5137767279148091,9235
4,-2..2%,117,114782,2107,0.001320972928125408,-0.06429937125971605,2936.3668983929356,-2784.742983756839,54425,57542,-0.8448160535117057,3.310861423220974,-0.30270772039890287,-0.16759943217039108,-0.11259453743696213,-0.037585992366075516,-0.000561429769732058,0.017958393320441246,0.08127460628747948,0.1603356227278707,0.5186111068725587,9067
4,-2..2%,118,114306,2107,0.0014365291828863525,-0.06433285941491036,2946.087887695266,-2781.883982916242,54322,57267,-0.8461538461538461,3.311423220973783,-0.3016535609960556,-0.1701197698712349,-0.11309618130326271,-0.03767553623765707,-0.0005349773564375937,0.01824193401262164,0.08333666622638702,0.1585804708302021,0.5228408515453367,9056
4,-2..2%,119,113976,2110,0.001420282070952846,-0.0649226874836524,2950.3263604079825,-2788.448291089056,54066,57194,-0.845551839464883,3.2696629213483153,-0.3048917979001999,-0.1690332293510437,-0.11336898058652878,-0.037848228588700294,-0.0006802721181884408,0.01793082244694233,0.08363202214241028,0.163582444190979,0.5145415008068078,8971
4,-2..2%,120,113715,2109,0.0016666407585232226,-0.06426923921723347,2978.7575343512085,-2789.235480495748,53973,57014,-0.8463545150501672,3.2979452054794525,-0.30000001192092896,-0.16781379282474518,-0.1132164344191551,-0.037289789877831936,-0.00047130936582107097,0.018862695433199406,0.08305456563830377,0.16616476774215694,0.532309553623197,8938
4,-2..2%,121,113285,2109,0.0017538179711863622,-0.06426675542046328,2976.008443303613,-2777.3271744377535,53812,56852,-0.8458193979933111,3.4143835616438363,-0.30284027993679047,-0.16959898173809052,-0.11353351771831513,-0.037303125485777855,-0.0006246096454560757,0.0178292915225029,0.08502617627382285,0.17022476941347106,0.5475277662277206,8947
4,-2..2%,122,112967,2110,0.001640447153913547,-0.06474602919076249,2968.1905707081155,-2782.8741770719766,53597,56721,-0.8462207357859532,3.2341011235955053,-0.3027848243713379,-0.16912754625082016,-0.11476793140172958,-0.03785192407667637,-0.0006275494233705103,0.018127919174730778,0.08341564983129501,0.16960585862398148,0.5333463430404665,8931
4,-2..2%,123,112596,2108,0.001687426306300654,-0.06480087496184779,2971.110027899923,-2781.112575515697,53539,56438,-0.8505685618729097,3.5194862710363157,-0.30594089776277544,-0.16987546160817146,-0.115333441644907,-0.03792584501206875,-0.0005616137641482055,0.018212183844298124,0.08325374871492386,0.1648675687611103,0.5242470353841777,8936
4,-2..2%,124,112295,2110,0.001525199957108055,-0.06534634012576594,2961.651525315487,-2790.3791961320403,53341,56314,-0.8478260869565217,3.4369565217391305,-0.30429863154888154,-0.1698993131518364,-0.1154128834605217,-0.03794699348509312,-0.0006611570133827627,0.01768011599779129,0.08104946613311768,0.1631533294916153,0.5204710114002231,8923
4,-2..2%,125,111994,2109,0.0017106112487894972,-0.06520182800796745,2983.1117653344654,-2791.5335691375403,53299,56187,-0.8475585284280936,3.3239700374531838,-0.3066385942697525,-0.17200886458158493,-0.1166616067290306,-0.03846153989434242,-0.0006191950524225831,0.018252002075314522,0.082859081029892,0.16594234555959575,0.5240576994419092,8927
4,-2..2%,126,111634,2103,0.0017674862523603086,-0.06479142759940423,2994.3511919112225,-2797.0396316152332,53110,56080,-0.8435451505016722,3.700374531835206,-0.30493983417749404,-0.17168810814619065,-0.11621325984597206,-0.03810077719390392,-0.0005782750668004155,0.01917763566598296,0.08233739212155339,0.16843729093670853,0.5419823855161721,8924
4,-2..2%,127,111331,2105,0.0019399573801852747,-0.06420766626941228,3011.797457432991,-2795.8200623396006,52965,55836,-0.8339130434782609,3.8277153558052435,-0.302273120880127,-0.17277977168560027,-0.11661845743656157,-0.03867275267839432,-0.0006205013487488031,0.018752019852399826,0.08365940302610399,0.16961759626865375,0.5385743641853296,8905
4,-2..2%,128,110990,2107,0.002036112326964306,-0.06400407829313681,3019.3019594541424,-2793.3138522843738,52759,55768,-0.8371906354515051,3.6142322097378283,-0.3031305259466171,-0.17316220104694363,-0.11673171073198318,-0.037543393671512604,-0.0005621135351248085,0.019712083972990513,0.08391273617744445,0.17039239108562473,0.5526063215732523,8879
4,-2..2%,129,110625,2112,0.0019037680219166073,-0.06513038080464444,3005.7992390585882,-2795.194901634065,52488,55660,-0.8433444816053512,3.48876404494382,-0.3076566234230995,-0.17375747337937353,-0.11698291301727294,-0.03896540217101574,-0.0006898406136315316,0.01931666722521186,0.08247626423835756,0.16694261729717227,0.5452094429731414,8900
4,-2..2%,130,110206,2110,0.0019471257561337648,-0.06516055426906811,3007.1176609179083,-2792.532719837428,52423,55322,-0.8461538461538461,3.759268984350384,-0.3079255759716034,-0.17126451730728148,-0.1159694120287895,-0.0384985338896513,-0.0006734006456099451,0.019465647637844086,0.0843772053718567,0.16749751865863777,0.5568670380115537,8875
4,-2..2%,131,109879,2111,0.0019237363026682493,-0.06546721154351184,3007.847687435373,-2796.469466234476,52208,55306,-0.8463545150501672,3.727707173616217,-0.3080470010638237,-0.17319662868976593,-0.11712117493152618,-0.03874213993549347,-0.0006731740722898394,0.01898718113079667,0.08541200309991837,0.17052635550498962,0.5641835182905178,8846
4,-2..2%,132,109530,2109,0.0018792734193789017,-0.06503137914628468,3009.7288110159457,-2803.8919933913753,51952,55150,-0.8480936454849498,3.315533980582525,-0.31000788748264313,-0.17373844161629676,-0.11834518238902092,-0.038460856303572655,-0.000679925229633227,0.019893407355993986,0.08440382033586503,0.16861300468444793,0.5469403785467146,8870
4,-2..2%,133,109229,2108,0.0020866795901884226,-0.0643772871002516,3026.0889773270983,-2798.1630523704052,51886,54986,-0.8459531772575251,3.325507845760857,-0.3083708393573761,-0.17379695028066636,-0.11894236952066421,-0.03973087761551142,-0.000710732419975102,0.019490729551762342,0.08639808148145676,0.16724443957209584,0.5530361396074295,8718
4,-2..2%,134,108898,2108,0.0021031122838599124,-0.06463793328148232,3029.6767470436835,-2800.652025555914,51725,54806,-0.845685618729097,3.6686272450372863,-0.31309259980916976,-0.17342029362916947,-0.1172249786555767,-0.03959245327860117,-0.0006729474989697337,0.02026920672506094,0.08678046762943274,0.1689944878220556,0.5613576591014844,8722
4,-2..2%,135,108447,2105,0.002119370752574404,-0.06613109466897556,3031.2610521368,-2801.421652132361,51465,54616,-0.8468227424749164,3.5307740783531143,-0.313558267056942,-0.17499999701976776,-0.11917589306831358,-0.03999521117657423,-0.0007032825087662786,0.019771909341216087,0.0877575933933258,0.17341684028506288,0.5658882421255114,8634
4,-2..2%,136,108198,2110,0.00234901459623383,-0.06457369123271926,3051.3403619742444,-2797.1816806909383,51368,54498,-0.8461538461538461,3.615384615384616,-0.3120874661207199,-0.17537784874439238,-0.11828117966651916,-0.0395553195849061,-0.0007397682347800583,0.01951297465711832,0.08613736331462862,0.1757400073111056,0.5754446572065371,8582
4,-2..2%,137,107762,2106,0.00237113146370341,-0.06534986875665653,3047.7836092892762,-2792.2657404976767,51250,54189,-0.8469565217391304,3.858299595141701,-0.3148677757382393,-0.17423567548394203,-0.11787912100553512,-0.04024451598525047,-0.0005256849981378764,0.01992719154804945,0.08550672903656958,0.17571607977151849,0.5777015388011942,8564
4,-2..2%,138,107460,2103,0.0022591548411989054,-0.06591621968329815,3049.630137493723,-2806.861358258486,51012,54157,-0.8482274247491639,3.887983706720977,-0.3139729806780815,-0.1748965375125408,-0.1186799205839634,-0.03969162702560425,-0.0006200400239322335,0.020135878585278988,0.08707002550363549,0.1758517131209373,0.5758244824409495,8582
4,-2..2%,139,107141,2101,0.0022588791998089624,-0.06506091406732642,3043.2797686096774,-2801.2611922629403,50856,54014,-0.8527759197324415,3.875076173065205,-0.31038673043251036,-0.17615948617458344,-0.11847158521413803,-0.03973288554698229,-0.0007060160278342664,0.02033309545367956,0.08774362429976461,0.17802603617310472,0.5891523098945622,8574
4,-2..2%,140,106745,2105,0.002186186671651835,-0.0661389104283615,3038.5365776090252,-2805.172081343551,50752,53739,-0.8528428093645485,3.9281314168377817,-0.3093712681531906,-0.17686248570680618,-0.12028140127658844,-0.04065040498971939,-0.0006378204561769962,0.02080574817955494,0.08877529948949815,0.17484565973281846,0.5928699409961693,8563
4,-2..2%,141,106465,2106,0.0021883219271972773,-0.06609658111320293,3038.6104818825415,-2805.630787903483,50589,53544,-0.8501003344481606,3.681724845995893,-0.3083391857147217,-0.1795471757650375,-0.12211386859416962,-0.04101162031292915,-0.0007415730506181717,0.02082649990916252,0.08716120868921269,0.17169087827205592,0.5801694893836974,8569
4,-2..2%,142,106091,2107,0.0022182722170633095,-0.06566487933194078,3033.0631132589906,-2797.72439547852,50483,53322,-0.8488888888888889,3.3033819976893186,-0.30788221806287763,-0.1783101037144661,-0.12154508009552956,-0.040878952480852604,-0.0006729474989697337,0.020934719126671553,0.08859307318925858,0.17342818155884743,0.5856180191040035,8496
4,-2..2%,143,105711,2104,0.0022342957589108333,-0.06592139920034132,3039.368869178394,-2803.179230208171,50281,53189,-0.8555555555555556,3.5511482254697286,-0.3122101977467537,-0.17774008959531784,-0.12089771404862404,-0.04113581869751215,-0.0007309905486181378,0.020202020183205605,0.08896027877926826,0.172980897128582,0.5889846116304379,8536
4,-2..2%,144,105318,2110,0.002504441381507753,-0.06504713668063895,3055.022124487416,-2791.259367069789,50038,52942,-0.8503777777777778,3.759916492693111,-0.30643874257802967,-0.1762443222105503,-0.12096584215760231,-0.04063676670193672,-0.0007047384569887072,0.020088508259505033,0.08685116097331047,0.1777794286608696,0.5943179368972789,8506
4,-2..2%,145,105046,2108,0.002457714200034923,-0.0664892281193585,3060.5760654245396,-2802.403019567689,49950,52843,-0.8583162217659137,4.010438413361169,-0.3095070993900299,-0.17873891592025756,-0.1206816792488098,-0.04064587876200676,-0.0006891798693686724,0.02083333395421505,0.08975894600152969,0.18129367530345913,0.5927835798263528,8529
4,-2..2%,146,104621,2103,0.0024270139380053713,-0.06646743752408905,3056.9746095765126,-2803.057984368451,49868,52531,-0.857138945927447,3.8475055544334475,-0.3129113245010376,-0.17970739006996153,-0.12152782231569288,-0.04164896532893181,-0.0006325110443867743,0.02060931921005249,0.0894009202718735,0.1823647111654279,0.5956205320358202,8505
4,-2..2%,147,104260,2108,0.002365013913718373,-0.0666343884498945,3054.58754725518,-2808.0111966108993,49574,52544,-0.8603696098562628,3.605130276711775,-0.31554214119911195,-0.18120606020092964,-0.12044491171836852,-0.041698917746543884,-0.0006226927507668734,0.020535975228995085,0.08761286288499845,0.1836717680096625,0.6123031520843499,8460
4,-2..2%,148,103964,2108,0.002263872932388643,-0.06620903754441498,3046.014502749665,-2810.6532172068123,49451,52314,-0.86652977412731,3.2186407766990293,-0.3060891360044479,-0.1773381307721138,-0.12094573676586151,-0.04169798828661442,-0.0006673340103588998,0.019681958481669426,0.08752327412366867,0.184342160820961,0.6071803390979781,8491
4,-2..2%,149,103650,2111,0.002363696381197228,-0.06612417058657742,3045.4976452454575,-2800.50051533436,49293,52167,-0.8617453798767967,3.4478521163743308,-0.31540242969989774,-0.1798898860812187,-0.12295676618814468,-0.04378177411854267,-0.0008470987086184323,0.021168125793337822,0.0893708258867264,0.18357120156288131,0.6037344276905054,8355
4,-2..2%,150,103137,2109,0.0024329513479065543,-0.06639828819093041,3050.8260790901463,-2799.8987759211004,49011,51911,-0.863791923340178,3.563806322865246,-0.3128438341617584,-0.18104809671640396,-0.12290030866861343,-0.04280911572277546,-0.0007401924231089652,0.0208830488845706,0.089916180074215,0.1859149158000945,0.6122082757949824,8327
4,-2..2%,151,102955,2107,0.002544501798515407,-0.06529546871980337,3070.060322370717,-2808.0911397045643,48942,51845,-0.8692592592592593,3.4638168259636597,-0.31273423492908475,-0.1813580885529518,-0.12410047054290771,-0.04388626478612423,-0.0008474576170556247,0.02071228437125683,0.09036794006824496,0.18855450600385645,0.6006461703777324,8263
4,-2..2%,152,102610,2106,0.0026703742788412696,-0.06564076928788189,3082.4417499987694,-2808.4346452468635,48777,51661,-0.869633812457221,3.718146718146719,-0.3128988444805145,-0.1818181872367859,-0.12401280179619789,-0.04468513559550047,-0.0009282022947445512,0.02053427929058671,0.09218646585941315,0.18635746836662292,0.6067434251308441,8226
4,-2..2%,153,102328,2102,0.0025725658406814855,-0.06630346266616897,3075.2255324455796,-2811.9800151003124,48593,51545,-0.871492128678987,3.5242096418443447,-0.31446633487939835,-0.18180034309625626,-0.12355795875191689,-0.04435843974351883,-0.0008893368940334767,0.02032391121610999,0.09326370805501938,0.18378129601478577,0.6040638923645085,8266
4,-2..2%,154,101920,2104,0.0026422719371394323,-0.06607885171455362,3076.2361563971053,-2806.935800563859,48501,51267,-0.8714955509924709,3.5176452053355742,-0.32562900632619857,-0.1822282612323761,-0.12393104508519172,-0.04346471093595028,-0.0008097171375993639,0.020423085894435644,0.09219038262963296,0.1828765541315077,0.6104724264144897,8238
4,-2..2%,155,101531,2106,0.0025841162201190064,-0.06689637162043856,3064.624988264807,-2802.257084319899,48412,50984,-0.8733744010951403,3.671173939766441,-0.3259399089217186,-0.1819700263440609,-0.125,-0.044808926060795784,-0.0007423970382660627,0.02130670379847288,0.09216487258672722,0.18415768966078752,0.6186938643455504,8202
4,-2..2%,156,101111,2107,0.002616311472898653,-0.06657775458436954,3061.176430627272,-2796.6385612910117,48201,50767,-0.8791923340177961,3.917025199754148,-0.3302957206964493,-0.18222644701600074,-0.12384828999638556,-0.04441011883318424,-0.0007769429066684097,0.020886786747723818,0.09223997890949248,0.18456365466117855,0.6277983188629155,8204
4,-2..2%,157,100798,2112,0.002622723365720108,-0.06647378741705795,3060.7789407865434,-2796.413670968686,47879,50756,-0.8788501026694046,3.922779922779923,-0.3270409220457077,-0.18390347957611083,-0.12539164125919341,-0.04569954518228769,-0.0007874020666349679,0.02143658511340618,0.09361214116215709,0.18627353534102434,0.6219083839654931,8150
4,-2..2%,158,100540,2100,0.0025608092674771843,-0.06639128965559271,3058.7936352848096,-2801.329871532659,47797,50663,-0.8730321697467488,3.814671814671815,-0.3237909197807312,-0.18190287798643112,-0.12487917691469193,-0.04389231652021408,-0.0008133388764690608,0.020876826718449593,0.09285825937986375,0.1873380601406092,0.6214293771982191,8168
4,-2..2%,159,100135,2105,0.0025907081950053454,-0.0660344348842941,3055.8099675247217,-2796.3894024178658,47555,50521,-0.8709787816563997,3.570512178009422,-0.32484522223472595,-0.18220774531364442,-0.12492327690124512,-0.044188860803842545,-0.0007770007941871881,0.021812081336975098,0.0931811645627021,0.18515057861804934,0.6210999345779397,8169
4,-2..2%,160,99823,2105,0.002658794218107747,-0.06672051223219633,3055.06764571943,-2789.6588304852653,47456,50325,-0.8748148148148148,3.8110654505362334,-0.3296558803319931,-0.18408703356981276,-0.12395542860031128,-0.044570887461304665,-0.00081300811143592,0.022064519114792347,0.09272883832454681,0.18820655941963194,0.6088804626464798,8203
4,-2..2%,161,99461,2107,0.0026734091906663116,-0.06689433749042693,3057.2907195784833,-2791.3907680656152,47252,50066,-0.8668206707734428,3.8105832832230906,-0.32802166491746904,-0.181735710054636,-0.12630819231271742,-0.04545454680919647,-0.0008399560174439102,0.021233415696769953,0.09142417982220653,0.18356856703758234,0.6066915279626846,8148
4,-2..2%,162,99142,2107,0.002725368058586087,-0.06708603213397145,3065.5581443210044,-2795.3597042566676,47157,49965,-0.8730321697467488,3.8125125325847202,-0.3292686542868614,-0.18233684375882148,-0.1252579092979431,-0.044826081953942776,-0.0007919773634057492,0.02148904697969556,0.09318503588438042,0.18779282867908453,0.6328343737125397,8180
4,-2..2%,163,98702,2106,0.00278459243613675,-0.06645942466576245,3065.5244072773253,-2790.6795646457476,46869,49802,-0.8750855578370978,3.571886905955484,-0.32800045996904376,-0.18714963868260384,-0.12695102840662,-0.04555031657218933,-0.0008476372458972037,0.02126857405528426,0.09242857247591019,0.18272469267249086,0.6315941703319544,8144
4,-2..2%,164,98379,2106,0.0026704111898369644,-0.06597716961505473,3049.548607556343,-2786.8362251113667,46708,49530,-0.878507871321013,3.169598781640584,-0.32369387209415434,-0.183487880975008,-0.12560738027095794,-0.044641582295298576,-0.000835771148558706,0.022032926324754953,0.093895573168993,0.1843577675521373,0.615729333162309,8084
4,-2..2%,165,98063,2103,0.0025525285888771355,-0.06609438475302516,3043.142920101202,-2792.834309090154,46629,49400,-0.8843258042436687,3.8272807794508417,-0.3295444059371948,-0.18649911880493164,-0.12905798256397247,-0.0467341598123312,-0.0008375209290534258,0.022731573320925236,0.0952451303601265,0.1887301206588745,0.637259604930878,7959
4,-2..2%,166,97755,2101,0.002447836830344511,-0.06713673651687807,3039.2527822859574,-2799.9644929356305,46409,49247,-0.8727409638554217,4.048715677590788,-0.32980342507362365,-0.18733471781015396,-0.12805963754653932,-0.04665462113916874,-0.0008893632330000401,0.022298063151538372,0.09534086287021637,0.1846815049648285,0.6191503560543072,7987
4,-2..2%,167,97400,2104,0.002449722066691284,-0.0677928465700677,3035.4129892328115,-2796.810059937072,46117,49198,-0.851438127090301,4.314437555358725,-0.33179176688194273,-0.18832235634326933,-0.12962183654308318,-0.046568628400564194,-0.0008888888987712562,0.02193070389330387,0.09497152119874948,0.18525943756103502,0.622335698604583,7869
4,-2..2%,168,97085,2104,0.002409217444054603,-0.06667385110213304,3029.989068451442,-2796.0901928954086,46021,49062,-0.8508845829823083,4.217391304347826,-0.3303374207019806,-0.1849711462855339,-0.12796590328216553,-0.04744363948702812,-0.0009689922444522381,0.021827533841133118,0.09476648271083832,0.1843726649880406,0.6131588578224182,7919
4,-2..2%,169,96725,2100,0.0025473212930493387,-0.06683680506838359,3033.4257515362992,-2787.036099466106,45941,48754,-0.8512374581939799,3.9565217391304346,-0.3341891571879387,-0.18717579692602157,-0.12870573103427885,-0.04672672599554062,-0.0008680545433890074,0.021907121408730745,0.0956957444548607,0.1859720155596733,0.6264070767164233,7880
4,-2..2%,170,96486,2099,0.002469369735714193,-0.06698261544704408,3031.4225659414656,-2793.162957621343,45816,48692,-0.8606688963210702,3.232748660854953,-0.32790457606315615,-0.1875717043876648,-0.1261090487241745,-0.04574467986822128,-0.0008385092951357365,0.022681452333927155,0.09672365337610245,0.1858309954404831,0.6319370985031117,7881
4,-2..2%,171,96070,2102,0.0025338510866188602,-0.06789827888642215,3038.8433216801004,-2795.4162477886234,45603,48457,-0.8615384615384616,3.1544885177453033,-0.3278066432476044,-0.18987319841980935,-0.12921478897333144,-0.04728386737406254,-0.0008842710522003472,0.021890321746468544,0.0969910502433777,0.18723363950848568,0.6427411115169459,7848
4,-2..2%,172,95751,2104,0.0027523294070928924,-0.0672161558427919,3054.0314506322006,-2790.4931575736437,45424,48364,-0.8588628762541806,3.1311064718162838,-0.33503064811229705,-0.19027401208877562,-0.12776067852973938,-0.04689664952456951,-0.0008843687828630209,0.022573566995561123,0.09737786501646048,0.19077836126089054,0.6199900400638586,7875
4,-2..2%,173,95323,2105,0.0027223602000041613,-0.06678508212630642,3049.575949923456,-2790.0724085784595,45259,48102,-0.8603344481605351,3.257365344467641,-0.3341489988565445,-0.19212672933936117,-0.12896892726421355,-0.047759986482560635,-0.0009619570919312537,0.022614225279539824,0.09949575960636135,0.18981191143393505,0.6414873498678192,7844
4,-2..2%,174,94936,2105,0.0025711057807045186,-0.06756857843431294,3030.0717636890126,-2785.981265292047,45041,47977,-0.8582608695652174,3.1189214300141384,-0.3331147745251656,-0.19221662804484366,-0.12941373586654664,-0.048063420690596104,-0.0009737068030517548,0.02226392924785614,0.09747196361422543,0.18777049034833904,0.6171514755487444,7842
4,-2..2%,175,94557,2101,0.002697818284658757,-0.06686054499832128,3032.242443435583,-2777.1448398931116,44903,47712,-0.8591304347826088,3.082793522267207,-0.33490483611822125,-0.19095684587955475,-0.12928369641304016,-0.047179801389575005,-0.0009251891460735351,0.022027816157788038,0.09788469225168228,0.19142339751124382,0.61395527124405,7766
4,-2..2%,176,94181,2105,0.0027651980037567353,-0.06768496048096505,3039.4061235092,-2778.9770103173846,44724,47522,-0.8605351170568563,3.107739307535641,-0.3322950482368469,-0.19190581142902374,-0.12948676198720932,-0.04780731163918972,-0.0008474577916786075,0.02265795972198248,0.09754602834582328,0.18862031027674653,0.6195564728975252,7824
4,-2..2%,177,93849,2101,0.002854905218474403,-0.06692306858315433,3050.3704118903775,-2782.440412041768,44611,47388,-0.8575250836120402,3.096892138939671,-0.34249497920274735,-0.19316718950867653,-0.13012420386075974,-0.046660274267196655,-0.0007919773634057492,0.023274587001651525,0.10113745629787448,0.19284195005893698,0.613168268799783,7808
4,-2..2%,178,93540,2102,0.002894717643373094,-0.06647183429236385,3057.722879658285,-2786.950991297165,44426,47225,-0.8575919732441472,3.2460141718334814,-0.3418054923415184,-0.19135309010744095,-0.12935204803943634,-0.046522644348442554,-0.0008423712861258537,0.023853947408497334,0.10244740918278694,0.19745486229658127,0.6326711744070036,7806
4,-2..2%,179,93143,2095,0.002980795629660093,-0.06660423119857357,3056.5143874096784,-2778.874140076242,44348,46921,-0.8575250836120402,3.1684782608695654,-0.34150698900222776,-0.19239479452371597,-0.12952493131160736,-0.04640485905110836,-0.0007721530855633318,0.023691858164966106,0.10231773555278781,0.1941082611680031,0.6104183495044709,7763
4,-2..2%,180,92951,2098,0.0027619263345255328,-0.06722158462420758,3048.807922716807,-2792.0841079963393,44154,46870,-0.8569230769230769,3.023311826444683,-0.336982399225235,-0.19268620759248734,-0.13173653185367584,-0.04762175679206848,-0.0010007566306740046,0.02277933806180954,0.10176990926265717,0.1970692202448845,0.6155914068222046,7751
4,-2..2%,181,92601,2095,0.0028130765127222885,-0.06687839722758736,3049.8598564300523,-2789.366158275461,43958,46730,-0.8530434782608696,3.359550561797753,-0.335253689289093,-0.19608391225337982,-0.13355798572301864,-0.04907975345849991,-0.0009222732041962445,0.02432221733033657,0.10310321748256698,0.19947550892829893,0.6311863940954184,7582
4,-2..2%,182,92268,2093,0.0029620377931493715,-0.06614800301683813,3058.493696511462,-2785.1923934131573,43805,46600,-0.8519063545150501,3.4943797752808985,-0.33976087033748625,-0.19333486109972,-0.13273318707942963,-0.04759201966226101,-0.0009475679253228009,0.024729667231440544,0.10230113565921785,0.1936730995774268,0.6108222615718846,7563
4,-2..2%,183,91932,2094,0.0030547657029328396,-0.06716487468585487,3068.9678331102737,-2788.137112508257,43674,46365,-0.8508361204013378,3.426649438202247,-0.3427513408660889,-0.19728609770536423,-0.13545087575912473,-0.050053343176841736,-0.0009775720536708832,0.023938809521496296,0.10148231983184815,0.19655923545360487,0.6335349392890934,7555
4,-2..2%,184,91587,2096,0.003001254187186851,-0.06711228902807972,3068.857387481637,-2793.981520239749,43491,46278,-0.8493645484949832,3.615730337078652,-0.34281715750694275,-0.19822724163532257,-0.13533835113048553,-0.050075873732566833,-0.0010635065846145153,0.023517383262515068,0.10275597125291824,0.20000000298023224,0.6711360812187195,7601
4,-2..2%,185,91248,2097,0.0029004829353508,-0.06610176711555504,3051.0687845432903,-2786.405517658399,43344,46149,-0.8584615384615385,3.158089291528605,-0.3365123462677002,-0.19509409368038177,-0.134343221783638,-0.050147492438554764,-0.0008894159691408277,0.024529237300157547,0.10536619722843174,0.2031314641237257,0.6601738214492824,7537
4,-2..2%,186,90937,2097,0.0026542700292721344,-0.06727504866484157,3036.8732873960016,-2795.5019337440776,43117,46054,-0.8595317725752508,3.1439306358381502,-0.3382192698121071,-0.19685816243290902,-0.13636046648025513,-0.05050644651055336,-0.0008811466977931559,0.024693666491657495,0.10695320442318915,0.1998927794396874,0.6673778122663495,7514
4,-2..2%,187,90625,2098,0.0027327366271124687,-0.06635193127088315,3039.24737782761,-2791.593120995547,43022,45916,-0.8568561872909699,3.3352601156069364,-0.3406351861357689,-0.19790932387113572,-0.13459190279245375,-0.05163362342864275,-0.0009358965617138892,0.025041736662387848,0.10673454478383068,0.20221720188856107,0.6563216441869756,7508
4,-2..2%,188,90311,2102,0.002704911114400026,-0.06751484447714394,3040.6290378165663,-2796.345810163989,42889,45701,-0.8567224080267559,3.476878612716763,-0.3391418808698654,-0.19813394099473952,-0.1359868973493576,-0.050479188561439514,-0.0008960573468357325,0.025506173260509968,0.1071581169962883,0.204415188729763,0.6466846334934221,7495
4,-2..2%,189,89964,2091,0.0027352453674674747,-0.06717180031106833,3041.873881849202,-2795.800267610347,42764,45526,-0.8595986622073579,3.8988764044943824,-0.33755850315093994,-0.19901725351810454,-0.13713848888874053,-0.05050504952669144,-0.0010010009864345193,0.02555270306766033,0.10842654407024382,0.20631949305534278,0.6473212003707882,7489
4,-2..2%,190,89580,2098,0.0026742806700745005,-0.06657453285765774,3029.4326105750242,-2789.87054814974,42528,45363,-0.8560535117056857,4.123595505617978,-0.3413626000285149,-0.19747282937169075,-0.13680730015039444,-0.05068304296582937,-0.0009830202325247228,0.025246732868254185,0.10691030323505402,0.20655842125415802,0.6670359730720531,7446
4,-2..2%,191,89298,2100,0.0026971526748207414,-0.06675334796440163,3028.0031187091595,-2787.1527791530125,42428,45231,-0.8536454849498327,4.393258426966292,-0.3377459287643433,-0.20029118657112122,-0.1376897096633911,-0.05045023560523987,-0.0009926790371537209,0.025095205754041672,0.10480049699544919,0.20677035152912135,0.6565404868125869,7457
4,-2..2%,192,88897,2100,0.002800146519232867,-0.06786275379697121,3032.9019257889577,-2783.9773006687133,42209,45071,-0.8545819397993311,4.123595505617978,-0.34524211287498474,-0.20321303457021714,-0.1384867936372757,-0.05046981759369373,-0.000990124186500907,0.025481251999735832,0.10477926284074783,0.20690974742174142,0.6608900916576391,7463
4,-2..2%,193,88619,2097,0.003154560093740197,-0.06665349089747863,3052.6047338677827,-2773.0507729206242,42157,44834,-0.8561204013377927,3.4065544729849426,-0.33982559442520144,-0.20120878666639327,-0.1376481220126152,-0.04962618835270405,-0.0010326573974452913,0.025356038007885218,0.10630502104759215,0.20871709138154929,0.6532316726446098,7424
4,-2..2%,194,88202,2097,0.0033238228174735044,-0.06616691247875899,3063.154127609377,-2769.986307462585,41968,44600,-0.8563210702341137,3.3817537643932685,-0.3449186787009239,-0.19993114471435547,-0.13724444061517715,-0.049290094524621964,-0.0008421939273830503,0.026464063674211502,0.10463254898786545,0.20968687161803246,0.6505985170602774,7456
4,-2..2%,195,88027,2096,0.0032251190199656756,-0.06735875646836197,3059.2252905435876,-2775.3277385730676,41818,44592,-0.8557859531772576,3.515673162090345,-0.346374443769455,-0.2012971594929695,-0.13848438262939453,-0.05049873702228069,-0.00109349365811795,0.025500758551061153,0.1059043347835541,0.2069383427500723,0.6363479268550905,7487
4,-2..2%,196,87608,2099,0.0030488455686014005,-0.06659668070348164,3037.536780627304,-2770.4335180532717,41591,44438,-0.8569230769230769,3.4332130434782604,-0.3443994951248169,-0.20195889621973037,-0.13983585834503173,-0.049500614404678345,-0.0011049723252654076,0.0261983685195446,0.10529415309429171,0.209096649289131,0.6386144745349889,7383
4,-2..2%,197,87203,2097,0.0029045077942184434,-0.0665333798660283,3023.2498070363013,-2769.96801385707,41380,44263,-0.8595986622073579,3.275967413441955,-0.35022044301033023,-0.2039639115333557,-0.14085692465305327,-0.052540913224220276,-0.0011947430903092027,0.02639915607869625,0.10463280826807025,0.20921969413757294,0.6498595643043489,7253
4,-2..2%,198,86900,2096,0.002831001294438122,-0.06626059713850586,3018.346239215158,-2772.3322267284866,41164,44159,-0.8583277591973244,3.3522267206477734,-0.34997589826583864,-0.20598176717758174,-0.1424348086118698,-0.05319149047136307,-0.0012353021884337068,0.026819923892617226,0.10690006464719778,0.2059688478708266,0.6392999148368835,7205
4,-2..2%,199,86641,2096,0.003008321444716529,-0.06618648622856306,3030.2728299350283,-2769.6288516433497,41032,44037,-0.8595317725752508,3.4031830238726783,-0.3496132791042328,-0.20712506771087644,-0.142843297123909,-0.05376344174146652,-0.0010242662392556667,0.026096032932400703,0.10860499143600469,0.2161770075559609,0.6465688037872274,7165
4,-2..2%,200,86190,2099,0.0029890964879170363,-0.06644600317877722,3020.769586902535,-2763.139360608962,40836,43813,-0.8577926421404682,3.367255738370912,-0.3446992290019989,-0.20574648156762124,-0.14072362929582596,-0.05330248735845089,-0.001265485305339098,0.025352712254971266,0.10696329027414325,0.21724700480699535,0.6615873217582704,7212
4,-2..2%,201,85898,2098,0.002750566888310672,-0.06745656387931546,3000.2733916896063,-2764.0051971174853,40693,43673,-0.8590635451505017,3.618526011560693,-0.3524539661407471,-0.20845527946949005,-0.14179671108722686,-0.053158391267061234,-0.0011052165646106005,0.0258805975317955,0.1072808265686035,0.21493830084800705,0.6557430100440972,7189
4,-2..2%,202,85492,2099,0.0028954062961473277,-0.06642314644991475,3004.70841280581,-2757.1743377355797,40504,43470,-0.862876254180602,3.568353344768439,-0.3469973564147949,-0.2082500010728836,-0.1415667086839676,-0.05319419875741005,-0.0009910803055390716,0.026570048183202744,0.10824742168188095,0.2142176628112793,0.6709982037544269,7121
4,-2..2%,203,85112,2091,0.002666507507660286,-0.06586968781642262,2982.863372622639,-2755.9115856306694,40265,43350,-0.8629431438127091,3.5812627291242363,-0.34903769463300705,-0.20695658326148986,-0.14194158911705018,-0.05365024320781231,-0.001094771665520966,0.02641910407692194,0.10767542645335199,0.21352576091885542,0.6550781875848768,7098
4,-2..2%,204,84878,2100,0.0026670524860986184,-0.06667425024464683,2983.524912167878,-2757.150831252809,40119,43208,-0.8629431438127091,3.569165143205363,-0.3508220481872559,-0.20728423744440078,-0.1426964148879051,-0.054261503741145134,-0.0011173156090080738,0.02633413765579462,0.10699205100536349,0.21390683427453036,0.6682405376434335,7138
4,-2..2%,205,84493,2095,0.0027099988540471784,-0.06586405978126021,2986.7334451995553,-2757.7575120245438,39902,43061,-0.8629431438127091,3.618891170431211,-0.3501644915342331,-0.20937014296650885,-0.14364025592803956,-0.05377581808716059,-0.0011940302792936563,0.026950716972351074,0.10825158953666687,0.21765748560428594,0.6647927308082563,7148
4,-2..2%,206,84219,2091,0.0030306055607927347,-0.06619920493551248,3006.3298548248126,-2751.095285100424,39778,42929,-0.8597324414715719,3.797687861271676,-0.3492782777547836,-0.20781870633363722,-0.14209480583667755,-0.05333842895925045,-0.0011578947305679321,0.02708027884364128,0.10993597805500067,0.21833276450634,0.664375478029251,7147
4,-2..2%,207,83868,2095,0.0031417182630604453,-0.06545562516505295,3014.818301410971,-2751.328674124616,39621,42746,-0.8607357859531772,3.7455688965122933,-0.351838510632515,-0.20803831517696378,-0.14303773045539855,-0.05464258790016174,-0.0011976048117503524,0.02662446815520525,0.11084938198328029,0.22225846797227855,0.6840116965770697,7103
4,-2..2%,208,83544,2093,0.003161849042739583,-0.06653723182102052,3010.4767483158294,-2746.3232318891983,39489,42571,-0.8619397993311037,3.8077453580901857,-0.35413507401943206,-0.21033018976449966,-0.14387142956256865,-0.05424058064818382,-0.0013034315197728574,0.02621440077200532,0.11011380031704902,0.21541246697306618,0.6686817151308055,7110
4,-2..2%,209,83094,2086,0.003107876786756475,-0.06663076328103001,3002.273694120902,-2744.0277804021425,39213,42349,-0.8615384615384616,3.775862068965517,-0.35592215657234194,-0.2083364985883236,-0.14580976217985153,-0.05431860685348511,-0.0012657055631279945,0.027626953553408384,0.10964541137218475,0.21576329693198204,0.6715660363435738,7106
4,-2..2%,210,82813,2093,0.0031407330698116323,-0.06643073839335235,2993.278820799068,-2733.1852930887503,39193,42148,-0.862809364548495,3.6960334029227555,-0.35284323900938036,-0.20641737654805184,-0.14344709515571594,-0.05457480810582638,-0.0013454424333758652,0.02676597097888589,0.10936890020966535,0.21527170017361635,0.6653688716888436,7062
4,-2..2%,211,82449,2090,0.0029383152754997267,-0.06579499867118221,2973.4827423059305,-2731.221586156251,38997,42000,-0.8629431438127091,3.872365591397849,-0.348036051094532,-0.2069671370089054,-0.14347408562898634,-0.05390988942235708,-0.0014050815952941775,0.026450622361153364,0.10908392965793612,0.21323312968015648,0.6395407265424728,7058
4,-2..2%,212,82075,2087,0.0028913139559243284,-0.06527032129763212,2962.033109978461,-2724.728517045978,38824,41854,-0.8623411371237458,3.84005376344086,-0.33907637059688567,-0.20687892958521842,-0.14272968173027037,-0.05297551490366459,-0.0012590967235155404,0.027990825474262238,0.11310023665428165,0.22131049484014462,0.6398231941461557,7070
4,-2..2%,213,81681,2090,0.0027998827934040313,-0.06518029141406424,2955.211465779477,-2726.514239331439,38610,41667,-0.8623411371237458,3.5769230769230766,-0.3438540709018707,-0.21002794429659843,-0.1450381726026535,-0.056126877665519714,-0.0016194932395592332,0.027046305127441883,0.11159013062715535,0.21810211986303285,0.6386479008197793,6912
4,-2..2%,214,81420,2089,0.0029741752049072963,-0.06600132442328481,2966.675656068211,-2724.518310884648,38396,41618,-0.8620735785953177,3.6047480106100798,-0.3559419685602188,-0.2134379580616951,-0.14545505195856093,-0.05650675389915705,-0.0016739736893214285,0.027294226456433535,0.11398871615529067,0.21910129636526032,0.6667935615777966,6890
4,-2..2%,215,81039,2088,0.003067299168460084,-0.06490074994315345,2973.7315900958993,-2725.1607327830584,38219,41416,-0.8701672240802676,3.779569892473118,-0.35410852670669557,-0.2123228222131729,-0.14491637647151948,-0.0561026893556118,-0.0017325723310932517,0.026606684550642967,0.11293473839759821,0.22738610208034502,0.6814766502380397,6829
4,-2..2%,216,80621,2088,0.003272997942510842,-0.06550755351682581,2981.371527795116,-2717.499160671952,38071,41188,-0.862809364548495,3.638440860215053,-0.34960240483283994,-0.2108206108212471,-0.1472429186105728,-0.056528057903051376,-0.0016856299480423331,0.026935162022709846,0.11286819875240335,0.22596714645624155,0.6876981055736532,6823
4,-2..2%,217,80315,2085,0.0034577885979528624,-0.064438618288409,3002.3128226296058,-2724.6005313850314,37858,41067,-0.8668896321070234,3.666639784946236,-0.35861707627773287,-0.21303817629814148,-0.14751435816287994,-0.05659177899360657,-0.0015151514671742916,0.026812946423888206,0.1125759705901146,0.22724085301160812,0.6926380932331078,6831
4,-2..2%,218,80007,2079,0.0034822935179024948,-0.06474584112882686,2996.8644656970478,-2718.2566082102144,37715,40895,-0.8664214046822742,3.6806435884934174,-0.3623100674152374,-0.2152167499065399,-0.14887402951717377,-0.057442765682935715,-0.001623376621864736,0.027906976640224457,0.1132073968648911,0.2263175010681152,0.6914048171043394,6777
4,-2..2%,219,79703,2081,0.0036048184147113274,-0.06453571547804791,3004.4814641576513,-2717.16662204991,37633,40738,-0.8655518394648829,4.097031701610313,-0.3513398435711861,-0.21336874663829802,-0.14777905941009523,-0.05681818351149559,-0.0014444777625612915,0.028014471288770437,0.11548946127295495,0.2280097670853137,0.672856418490415,6762
4,-2..2%,220,79296,2088,0.003406200035153272,-0.06399016971197208,2988.9473875030953,-2718.8493495155726,37429,40606,-0.86561872909699,4.606276093040327,-0.3615681880712509,-0.21755224019289016,-0.14965543448925017,-0.05714285746216774,-0.001666111289523542,0.027674786746501923,0.11325443685054781,0.22815671265125262,0.6961164951324432,6803
4,-2..2%,221,78914,2087,0.0034163554345911598,-0.06388707466834674,2979.5259680799363,-2709.9276953146004,37215,40426,-0.8647491638795987,4.092838196286472,-0.36600774168968203,-0.2127849668264389,-0.14782613813877105,-0.05771939270198345,-0.0015153811546042562,0.027165459468960762,0.11410316228866575,0.2257773816585539,0.6779817414283748,6739
4,-2..2%,222,78655,2081,0.0034273338691350585,-0.06378620611417563,2978.97158258102,-2709.394637104201,37164,40223,-0.8648829431438128,3.8344563627498784,-0.3651949369907379,-0.21589025855064392,-0.1498502105474472,-0.05819721892476082,-0.0014059754321351647,0.027840908616781235,0.11266176402568817,0.22819540500640864,0.7202459621429438,6777
4,-2..2%,223,78270,2081,0.0033942254342157075,-0.06326345909512819,2973.6553066594283,-2707.98928192336,36943,40063,-0.8654849498327759,3.982447586543149,-0.3625812101364136,-0.21694782376289368,-0.14883266687393187,-0.05854608118534088,-0.0015449667116627097,0.0264869537204504,0.11179270744323742,0.2264965265989302,0.7089910554885868,6737
4,-2..2%,224,77940,2084,0.003501804710439437,-0.06285810550143181,2973.6131686163903,-2700.6825094847422,36779,39907,-0.8662876254180603,3.8090875331564984,-0.3512712317705154,-0.21520139649510384,-0.14909172803163528,-0.05828974489122629,-0.001503490551840514,0.027271142229437828,0.11482303813099864,0.22688947245478625,0.6811130404472352,6730
4,-2..2%,225,77548,2087,0.0036324525021020617,-0.06314521391743723,2984.5328749374135,-2702.843448304406,36592,39756,-0.8696321070234114,4.849428820479883,-0.35620433509349825,-0.2159960404038429,-0.15002247393131257,-0.05838705971837044,-0.0013793091638945043,0.02712561236694455,0.11654607504606243,0.23072560802102088,0.6844455021619797,6734
4,-2..2%,226,77243,2083,0.0035989309942511915,-0.06282481799293062,2974.7111833951258,-2696.7189566061766,36366,39643,-0.8676254180602007,4.720970775794835,-0.3565940991044045,-0.2155800499022007,-0.15050403624773026,-0.058980051428079605,-0.0017430461011826992,0.0258620698004961,0.11329560056328772,0.2213477179408073,0.6598869150876997,6714
4,-2..2%,227,76839,2083,0.003630894596345998,-0.06357574690421587,2972.361031615972,-2693.366721727345,36204,39419,-0.8669977924944812,4.145893899204244,-0.3573538661003113,-0.21468238160014153,-0.15056151151657104,-0.058307250030338764,-0.0016097150510177016,0.02706039324402809,0.1146346814930439,0.22788455709815025,0.682697206735611,6726
4,-2..2%,228,76493,2087,0.0035239276763090084,-0.06236895899034791,2968.2069102986407,-2698.6511105547306,35980,39280,-0.8693708609271523,4.5491329479768785,-0.3597877126932144,-0.2164257526397705,-0.15203400850296017,-0.058779483661055565,-0.0016741071594879031,0.026842297986149788,0.11310927569866182,0.2290304020047179,0.6898146224021913,6655
4,-2..2%,229,76235,2088,0.0033651847851109457,-0.06335981687177564,2955.094846044284,-2698.5499839513495,35820,39172,-0.8780353200883002,4.509289124668435,-0.3604452520608902,-0.21508527547121048,-0.15296149253845215,-0.060190990567207336,-0.0019548137206584215,0.02800775645300746,0.11592388153076172,0.23334886506199837,0.7131479978561405,6566
4,-2..2%,230,75861,2090,0.0032789130072689403,-0.06328724292608892,2942.5798033719134,-2693.8381837274846,35609,39064,-0.8785046728971962,4.358090185676392,-0.3544211503863335,-0.21697484105825424,-0.15530439913272856,-0.06104825995862484,-0.00204310764092952,0.028534042183309793,0.11832225099205973,0.2324813045561312,0.7304987150430693,6550
4,-2..2%,231,75599,2082,0.0035519110264492894,-0.06365952822029936,2952.5148901787093,-2683.993968490169,35504,38898,-0.8608695652173913,4.311496021220159,-0.3680453181266785,-0.21888258159160612,-0.15518260896205902,-0.05948560871183872,-0.002016128972172737,0.028364702127873898,0.11741801947355271,0.23340701609849918,0.7461193859577181,6475
4,-2..2%,232,75295,2088,0.0033548735865598692,-0.062408439044151026,2939.334569875103,-2686.7293631750836,35282,38826,-0.8577926421404682,4.731485549132948,-0.3644657945632934,-0.21966809928417205,-0.15517205893993374,-0.06106032803654671,-0.0020093771163374186,0.028002776205539703,0.11688409745693207,0.23283221423625883,0.7433354139327996,6449
4,-2..2%,233,74865,2083,0.0031641105767100555,-0.06367045725071825,2916.457965659448,-2679.5768273340436,35058,38633,-0.8529765886287626,4.906936416184971,-0.35689678907394407,-0.21590979695320128,-0.1523923695087433,-0.05843440070748329,-0.0018199479673057795,0.027846811339259148,0.1175773978233338,0.2336456209421157,0.731942667961119,6457
4,-2..2%,234,74527,2084,0.002984884828659998,-0.06331158880412915,2905.5261026166895,-2683.0715909911455,34904,38474,-0.854180602006689,4.8427672955974845,-0.36512660264968866,-0.2208942860364914,-0.1556641697883606,-0.06051863729953766,-0.002107481472194195,0.027624309062957764,0.11669485867023463,0.23175535798072797,0.7276936745643612,6469
4,-2..2%,235,74324,2083,0.002973767491148484,-0.0642721935777731,2904.966239707846,-2683.943944695732,34782,38390,-0.8545819397993311,4.9341040462427745,-0.3674860858917236,-0.2213912546634674,-0.15611703991889953,-0.06117596849799156,-0.002222222276031971,0.02705882303416729,0.11630851328372967,0.22750959098339063,0.7287496089935289,6485
4,-2..2%,236,73809,2075,0.0028717189121877603,-0.06482102227636416,2880.9633056374128,-2669.0046044477526,34540,38125,-0.8541137123745819,5.002895953757225,-0.35680418014526366,-0.2199981555342674,-0.15619349479675293,-0.06102089025080204,-0.001982160611078143,0.027041547931730747,0.11790389865636852,0.22488978058099696,0.7601494693755948,6403
4,-2..2%,237,73514,2083,0.0029318226560454456,-0.06269759178327518,2874.175372762936,-2658.6453620264087,34435,37974,-0.8548494983277592,4.937684391080618,-0.37033907532691956,-0.22015298306941986,-0.15493388772010802,-0.0607476644217968,-0.0020491802133619785,0.027460770681500435,0.11623209267854698,0.22449178695678698,0.7234413027763368,6405
4,-2..2%,238,73141,2078,0.0029279943953261023,-0.06340562796324493,2877.537355071068,-2663.380917002515,34320,37754,-0.8553846153846154,4.787381502890174,-0.3733968484401703,-0.22207134664058684,-0.15659457147121428,-0.06133333221077919,-0.0019037259044125676,0.02846975065767765,0.11611105948686591,0.22337415814399697,0.704436218738556,6409
4,-2..2%,239,72698,2079,0.0028405478665658027,-0.06309910297474246,2867.801138404389,-2661.298989600794,34062,37546,-0.8544481605351171,4.780341040462427,-0.36808194518089293,-0.22015623450279231,-0.15687983334064481,-0.062199998646974564,-0.002061855746433139,0.028463253751397133,0.11586659252643584,0.2278847068548197,0.7532137179374768,6429
4,-2..2%,240,72380,2079,0.0027837283699117124,-0.06302819965039903,2857.1563943457795,-2655.670134931569,33939,37362,-0.860831234256927,4.717547169811321,-0.374975194633007,-0.22079992219805716,-0.15797735005617142,-0.06214694492518902,-0.001975390245206654,0.029201649595052004,0.11522323265671743,0.22363992780447,0.7123129528760915,6408
4,-2..2%,241,71885,2082,0.0028604089103453916,-0.06311266261043352,2851.8395529757313,-2646.219058455561,33727,37097,-0.8543812709030101,4.594059462550029,-0.36427637428045273,-0.22274620980024337,-0.15658519268035886,-0.062223189510405064,-0.0018969334778375924,0.029517850372940302,0.1142671056091785,0.22532663941383355,0.711668374538422,6404
4,-2..2%,242,71575,2083,0.0027353057107190755,-0.06330857375862743,2846.4675151614556,-2650.688008916729,33522,36995,-0.8504347826086956,4.514008004574043,-0.3725308394432068,-0.22348736003041267,-0.16038745641708374,-0.06272813491523266,-0.0022767932387068868,0.029072618577629328,0.11442992761731148,0.22517043128609654,0.7242901241779343,6358
4,-2..2%,243,71256,2084,0.0027798138442899703,-0.06227188732606125,2840.7816253599076,-2642.70321007117,33353,36848,-0.8505016722408026,4.374499714122356,-0.37188966661691664,-0.22551199346780776,-0.15994434654712678,-0.06410535052418709,-0.0021492443047463894,0.028980683535337448,0.11529214084148429,0.2283734247088432,0.7150382149219519,6358
4,-2..2%,244,70932,2085,0.002471364233995606,-0.06252955670719781,2817.139548865916,-2641.840741020131,33190,36677,-0.8533088848141357,4.180493368700264,-0.37913142442703246,-0.22384706139564514,-0.15803055465221405,-0.06297204084694386,-0.0021122441394254565,0.02910582348704338,0.11577567085623741,0.2244848683476448,0.7075036525726301,6356
4,-2..2%,245,70500,2078,0.0024387881364354774,-0.06280165957731607,2800.675222731274,-2628.740659112571,32962,36512,-0.8546488294314382,3.9867374005305036,-0.37466867327690123,-0.2254440039396286,-0.16041273176670073,-0.0654607955366373,-0.0023736386792734265,0.029931530822068453,0.11895447075366979,0.23247120454907397,0.7007231169939052,6162
4,-2..2%,246,70139,2079,0.002670624858566373,-0.06306447376481548,2809.270817215105,-2621.955860260112,32809,36322,-0.8536454849498327,3.8275862068965516,-0.37360624253749847,-0.22452966123819348,-0.16297771036624906,-0.06425872817635536,-0.0021108179353177547,0.029867446050047874,0.12167024761438372,0.2374602377414703,0.7141378557682049,6163
4,-2..2%,247,69737,2087,0.0027581409350145546,-0.06273882636060642,2806.2660288289903,-2613.921554443878,32622,36069,-0.8529765886287626,4.056326676815617,-0.37916318416595457,-0.2283107489347458,-0.16183882057666776,-0.06405694037675858,-0.0020283975172787905,0.029803475365042686,0.12236042916774752,0.23987197577953334,0.7182807302474967,6053
4,-2..2%,248,69492,2080,0.002890049984293378,-0.06181424186506516,2815.894352055291,-2615.0589985467805,32563,35927,-0.8529096989966556,4.188143637503359,-0.37831151366233823,-0.22801192104816437,-0.1640121728181839,-0.06565682962536812,-0.00237655290402472,0.029116581194102764,0.12095763757824897,0.23546599224209783,0.6995434498786877,6074
4,-2..2%,249,69099,2087,0.0029399729848788967,-0.0626519711088316,2817.3511869735976,-2614.201993691437,32256,35869,-0.8532441471571907,4.611940298507462,-0.3719890820980072,-0.2283622667193413,-0.16494209468364715,-0.06546307355165482,-0.0023310708347707987,0.029592472594231367,0.11620029360055925,0.23407469540834452,0.7277953809499735,6110
4,-2..2%,250,68741,2087,0.002889348704594763,-0.062298249777630495,2815.8232421638586,-2617.206522861315,32037,35713,-0.8537123745819398,4.792485549132947,-0.37653078556060793,-0.22959892153739928,-0.16592224240303038,-0.06731022149324417,-0.0024590163957327604,0.029886914417147636,0.11901791095733638,0.2341594368219374,0.7173708176612843,6089
4,-2..2%,251,68471,2085,0.0025787788471994095,-0.06328012268906465,2787.7772188113804,-2611.2056523647916,31860,35612,-0.854180602006689,4.729559748427673,-0.3834956169128418,-0.22933647632598878,-0.16405244767665864,-0.06541353464126587,-0.0022205773275345564,0.029889222234487534,0.1209553673863413,0.23542299568653147,0.7119204330444374,6045
4,-2..2%,252,68109,2080,0.0025361771522127577,-0.06176929250403116,2777.2414140153614,-2604.504924355302,31731,35417,-0.854247491638796,4.611940298507462,-0.37354941964149474,-0.2290860414505005,-0.16332006454467773,-0.06535564735531807,-0.00229984731413424,0.031236058101058006,0.12408530339598656,0.23742173612117767,0.7096085190772994,6086
4,-2..2%,253,67747,2084,0.0027223665455632625,-0.06118239943926472,2778.886572102531,-2594.4544057402454,31597,35179,-0.8541137123745819,4.611940298507462,-0.37911234200000765,-0.2294478639960289,-0.1616915464401245,-0.06539811566472054,-0.0023969318717718124,0.03003658913075924,0.12101911008358002,0.23476162552833557,0.7061455965042122,6091
4,-2..2%,254,67445,2082,0.0027829905070745034,-0.06085510602535549,2774.3985166031157,-2586.6997218534825,31399,35107,-0.8555183946488294,4.855338691159586,-0.37763495862483976,-0.22724176198244095,-0.1634991854429245,-0.06539470702409744,-0.0023969318717718124,0.030075209215283394,0.12298997491598138,0.24247095435857785,0.7236241900920926,6075
4,-2..2%,255,67053,2085,0.0025973100595001754,-0.061416264903832514,2764.549098979965,-2590.3916675602954,31205,34933,-0.8555183946488294,4.8499655884377155,-0.3808078706264496,-0.2293976992368698,-0.16308751702308655,-0.06530611962080002,-0.0023894861806184053,0.030193991959095,0.1255503296852112,0.24623059332370764,0.7422487068176251,6065
4,-2..2%,256,66643,2083,0.002831469710658693,-0.06194469943685151,2773.492417042318,-2584.7947811148933,31006,34745,-0.8559866220735786,4.721495755907318,-0.38219856441020966,-0.23093468844890594,-0.16385442614555357,-0.0676472969353199,-0.002555528189986944,0.02955772913992405,0.12321617528796208,0.24575000777840597,0.7527304112911231,6062
4,-2..2%,257,66228,2082,0.0028107409152717654,-0.06140161730509723,2759.4135787260007,-2573.2638293893833,30852,34482,-0.8537123745819398,4.855338691159586,-0.37637075781822205,-0.23045112192630768,-0.16439692676067352,-0.06718924641609192,-0.0022181146778166294,0.03069746494293213,0.12631578743457794,0.23872679471969604,0.743124032020569,6021
4,-2..2%,258,65961,2079,0.002457100490142782,-0.062282810550827065,2740.5915829584287,-2578.5187775281256,30622,34425,-0.8528428093645485,4.855338691159586,-0.3819831657409668,-0.2350523084402084,-0.16786181628704072,-0.06849315017461777,-0.0024613221175968647,0.02965809404850006,0.12356830984354025,0.23683877587318414,0.7437735247611972,6053
4,-2..2%,259,65515,2080,0.002426352366385108,-0.06208804663663979,2725.449868876475,-2566.4873935927494,30421,34179,-0.8532441471571907,4.841924398625429,-0.380844546854496,-0.23100771605968476,-0.16677625924348832,-0.06781434081494808,-0.002410097629763186,0.03013285482302308,0.12583622038364414,0.24107267633080515,0.745843003988266,6030
4,-2..2%,260,65168,2082,0.0023324586985302626,-0.06073688023684268,2718.4655071161187,-2566.463838650295,30196,34071,-0.8535117056856187,4.713631156930126,-0.3818464934825897,-0.2329411804676056,-0.16817359626293182,-0.06802721321582794,-0.0023373588919639587,0.029512697830796242,0.12343012541532516,0.23316939175128937,0.7542937517166132,5961
4,-2..2%,261,64910,2084,0.002575195089413171,-0.060863911938017295,2736.150320040718,-2568.9944067869124,30119,33905,-0.8539130434782609,4.510710259301016,-0.38473324656486513,-0.23470959737896918,-0.16984159499406815,-0.06983163766562939,-0.0028064659563824534,0.03164392430335283,0.12904130965471275,0.24692796468734748,0.7647450548410427,5850
4,-2..2%,262,64522,2084,0.002895111276317007,-0.06073767000689095,2745.2523900054443,-2558.454020234912,29976,33641,-0.8547826086956523,4.848623853211008,-0.3860561454296112,-0.23531793057918549,-0.1698035031557083,-0.06988155841827393,-0.002808988792821765,0.030924100428819656,0.12687222063541412,0.24992936253547657,0.7987656939029707,5859
4,-2..2%,263,64112,2084,0.0031815634968723554,-0.06066536925963043,2751.825419427834,-2547.849020516347,29728,33469,-0.8548494983277592,4.848623853211008,-0.3902616438269615,-0.23696450516581533,-0.17050521671772,-0.06800000369548798,-0.002798169618472457,0.030066790990531445,0.1263184055685997,0.25184862315654677,0.8336570030450823,5734
4,-2..2%,264,63723,2078,0.0032334710458440407,-0.06039785570527325,2745.8168503417864,-2539.7703748874674,29593,33262,-0.854180602006689,4.795454545454545,-0.39696678072214125,-0.2370780497789383,-0.17041364312171936,-0.06781029142439365,-0.002571787452325225,0.030842412263154984,0.12624796032905578,0.24592083469033232,0.8199525368213648,5714
4,-2..2%,265,63314,2084,0.0030859469736396836,-0.06070939798805158,2728.0766462153933,-2532.6929995263613,29410,33029,-0.8534448160535117,4.769230769230769,-0.39293689012527466,-0.23792122602462767,-0.17084286510944366,-0.07142456620931625,-0.0025316455867141485,0.030970553867518902,0.12541399896144872,0.2466423988342283,0.8163100934028625,5747
4,-2..2%,266,62986,2083,0.002770579176356802,-0.060548536090014086,2711.660591034313,-2537.152891032291,29215,32909,-0.8533779264214048,4.7497181510710265,-0.3977399170398712,-0.2377578690648079,-0.17109350115060806,-0.07076897658407688,-0.0025407589273527265,0.029919950291514397,0.12685101479291916,0.24126756563782692,0.8026150315999985,5676
4,-2..2%,267,62631,2086,0.0027557153531780907,-0.06049094387327895,2699.5723415907587,-2526.979133305852,29107,32707,-0.8533779264214048,4.623449830890643,-0.39390800178050994,-0.23647042289376258,-0.16990630477666854,-0.06991741806268692,-0.002406195388175547,0.030624085571616888,0.12632267475128175,0.23719098120927795,0.7935870182514184,5732
4,-2..2%,268,62203,2079,0.002428055460984548,-0.0606235099025008,2669.3902522160056,-2518.357918376377,28905,32476,-0.8528428093645485,4.829837336107269,-0.39381392806768417,-0.23801859319210053,-0.17126981914043427,-0.07072997838258743,-0.0024585227947682142,0.031308332458138466,0.1272685423493386,0.24746131300926233,0.7948842310905497,5670
4,-2..2%,269,61860,2082,0.0024305706610645247,-0.06131647331339826,2659.166884369036,-2508.8117832755843,28709,32346,-0.8528428093645485,4.701809535784913,-0.3924056267738342,-0.23761989921331406,-0.1687665492296219,-0.07057012245059013,-0.0027251332066953182,0.03078386001288891,0.12320905923843396,0.24014900475740455,0.7906835389137268,5735
4,-2..2%,270,61502,2076,0.002221145881787804,-0.06207056217575194,2643.5085427533854,-2506.9036287316767,28528,32166,-0.854180602006689,4.001136363636363,-0.3977158498764038,-0.24094772040843962,-0.17231280803680418,-0.07081504166126251,-0.0026315790601074696,0.03130755200982094,0.1234645038843155,0.24158768355846363,0.8015894603729242,5653
4,-2..2%,271,61175,2076,0.0023954789438927577,-0.059751768034007294,2643.8345357282215,-2497.291111335584,28329,32033,-0.854247491638796,3.978506787330317,-0.39470208138227464,-0.24047227278351785,-0.1702629193663597,-0.0698595680296421,-0.002487710793502629,0.031107765622437,0.126797853410244,0.23648445606231666,0.7997664469480485,5682
4,-2..2%,272,60776,2082,0.0025517335282105686,-0.05981738903613224,2635.2864559088125,-2480.20229899828,28103,31800,-0.8561204013377927,3.961668545659527,-0.38791660338640216,-0.2433230623602867,-0.17135793715715408,-0.07079203426837921,-0.002508767298422754,0.030703044962137938,0.12641446590423597,0.24408148452639541,0.818858609199523,5702
4,-2..2%,273,60432,2083,0.002604334635303419,-0.0590455756498412,2635.4998256373974,-2478.114674956736,27956,31692,-0.8555183946488294,3.5687861271676304,-0.39688184171915053,-0.24331511482596396,-0.16944299787282943,-0.07009666599333286,-0.0024736624909564853,0.03080902947112918,0.1281621739268304,0.25155904293060305,0.8336511725187303,5680
4,-2..2%,274,60059,2080,0.0027504498744419592,-0.05978662919395896,2635.555138847702,-2470.3658698385866,27760,31498,-0.8600668896321071,4.030806689452566,-0.3945520162582397,-0.2430003523826599,-0.17023853659629823,-0.06926605850458145,-0.0024673878215253353,0.030697673559188843,0.12770116031169892,0.2478594750165943,0.8404399871826144,5685
4,-2..2%,275,59641,2084,0.0025338399872727258,-0.060306144754798736,2616.685774872368,-2465.5650241914436,27527,31372,-0.8644816053511706,3.7471445086705204,-0.39530292332172395,-0.24339394122362135,-0.17282005846500395,-0.07052311673760414,-0.0026475037448108196,0.031049998477101326,0.13147042393684388,0.24580603986978514,0.8158227992057802,5663
4,-2..2%,276,59228,2080,0.0023871100495100423,-0.05957201726795545,2593.4914076143054,-2452.1076536019204,27300,31144,-0.8610702341137124,3.6955746140651806,-0.40214141011238097,-0.24032000750303267,-0.1700647532939911,-0.07145766913890839,-0.002627324080094695,0.030739822424948215,0.12579013109207188,0.24256540387868855,0.7919737184047697,5647
4,-2..2%,277,58735,2084,0.002526289046389235,-0.059357145042031434,2587.2494682761244,-2438.8678811364434,27106,30860,-0.8604682274247492,3.599771297884506,-0.39599605172872543,-0.24129368290305137,-0.17242365181446073,-0.07274132035672665,-0.002942022983916104,0.03466768004000187,0.13640950918197625,0.25486591011285603,0.8334745776653265,5444
4,-2..2%,278,58316,2081,0.00238310227728604,-0.05861555414418425,2570.6983182130193,-2431.7253258107967,26841,30751,-0.8604013377926422,3.7092294953183718,-0.39936895966529845,-0.24120106548070908,-0.17345400154590607,-0.07476635277271271,-0.003488372080028057,0.03242323733866215,0.13221153616905212,0.248621366918087,0.8332823097705799,5431
4,-2..2%,279,58083,2074,0.0025341519949274964,-0.060438382049387625,2575.1947775164167,-2428.0036271950444,26777,30597,-0.8608026755852842,3.858914202000043,-0.4107164713740349,-0.24327904656529425,-0.17512148171663283,-0.07340572215616703,-0.0032577504171058536,0.03258499410003424,0.13332490473985675,0.25586490333080275,0.885777761340134,5378
4,-2..2%,280,57627,2078,0.002599631844059217,-0.05936561384212603,2561.804581982368,-2411.995597704769,26543,30351,-0.8612709030100334,3.8748381069661777,-0.40905815243721005,-0.24443018436431885,-0.17573913633823393,-0.07288237661123276,-0.003448275849223137,0.03233107179403305,0.13035635352134703,0.2568369686603536,0.8968350481986949,5349
4,-2..2%,281,57247,2079,0.0030850348253542307,-0.05874014733463687,2574.9062621147764,-2398.297273467719,26400,30124,-0.8608026755852842,3.9767510987494425,-0.4112804320454598,-0.2440743163228035,-0.1769849643111229,-0.07445168681442738,-0.003506789682433009,0.03245339822024107,0.13074476718902595,0.25525000393390646,0.90000760436058,5352
4,-2..2%,282,56963,2080,0.003169193898167371,-0.05739507510504643,2565.618005691424,-2385.0912136701113,26365,29924,-0.8620735785953177,3.6181791907514445,-0.40278854191303254,-0.24541015401482583,-0.177362996339798,-0.07278951816260815,-0.003284109174273908,0.03356459178030491,0.13373810648918158,0.25848894268274336,0.8787374871969245,5320
4,-2..2%,283,56575,2083,0.0028018625535305938,-0.058511087100927395,2548.5307096688543,-2390.0153357028694,26068,29824,-0.8638127090301003,4.16743119266055,-0.4041609609127045,-0.2492357574403286,-0.17679760307073594,-0.07461042515933514,-0.00342528207693249,0.03316862974315882,0.13186920583248143,0.25462943315505987,0.8693102735280985,5340
4,-2..2%,284,56219,2078,0.0026882237997705575,-0.05871623421664343,2534.5561340524378,-2383.4268802531346,25901,29655,-0.8647491638795987,4.832706422018348,-0.412588814496994,-0.24791201949119568,-0.17729476988315582,-0.07551351189613342,-0.00358422938734293,0.03254437819123268,0.13302779793739322,0.2519639909267425,0.8605601763725298,5317
4,-2..2%,285,55867,2075,0.0025894868241935196,-0.058517863865793954,2525.129241134599,-2380.4623807273774,25742,29457,-0.8608695652173913,4.122706422018348,-0.4135893568396568,-0.2462090514600277,-0.17485272884368896,-0.07453698664903641,-0.003325942438095808,0.03332351706922054,0.132652185857296,0.25673234462738037,0.8727954149246209,5356
4,-2..2%,286,55401,2080,0.0026674686451892892,-0.057418153797122964,2516.100259749224,-2368.319829337086,25474,29258,-0.8621404682274247,4.635321100917431,-0.41574057400226594,-0.24743612259626388,-0.1764705926179886,-0.07544618099927902,-0.0033296379260718822,0.03440242167562246,0.13124291300773644,0.25916599184274663,0.848518297076219,5348
4,-2..2%,287,55063,2077,0.0023973933837830416,-0.05791150405442828,2499.351620805682,-2367.3439489144357,25324,29063,-0.8621404682274247,5.139908256880734,-0.41200094640254975,-0.2509587720036507,-0.17678861320018768,-0.0740280095487833,-0.003170082694850862,0.03457218687981367,0.13304482549428942,0.257432071864605,0.8601145744323733,5280
4,-2..2%,288,54770,2077,0.0024480408087828847,-0.05802175947020468,2498.677193159314,-2364.5979980622756,25210,28923,-0.862742474916388,5.422018348623853,-0.41248478174209596,-0.2472588524222374,-0.1779983699321747,-0.07422452047467232,-0.003610108280554414,0.03309590928256512,0.13001866638660442,0.2563582897186282,0.8467717814445577,5295
4,-2..2%,289,54379,2075,0.002326268142756598,-0.05739719296117068,2486.592378853503,-2360.092243518546,25061,28690,-0.8642809364548495,5.01605504587156,-0.4175028455257416,-0.2507983326911926,-0.179522293806076,-0.07572383433580399,-0.00296150054782629,0.034020617604255676,0.12957683205604553,0.25574647188186644,0.8513741803169248,5289
4,-2..2%,290,54034,2075,0.0021231418560511864,-0.058413812803338655,2468.2179136669542,-2353.4960666170887,24826,28565,-0.8634782608695653,4.67887614678899,-0.4141555082798004,-0.25,-0.17884836792945863,-0.07596153765916824,-0.0035438144113868475,0.0329328216612339,0.12895309329032906,0.25467382669448874,0.8390746784210208,5305
4,-2..2%,291,53610,2079,0.0025848337776088973,-0.0575911199575816,2474.60562325391,-2336.032684436287,24681,28284,-0.8652842809364549,4.492729357798165,-0.4160388207435608,-0.2515083536505699,-0.17838016897439957,-0.07606512308120728,-0.0033367221476510167,0.03378724120557308,0.13134297579526927,0.2579608082771303,0.826170499324795,5290
4,-2..2%,292,53345,2077,0.002317455216187037,-0.057314709272701214,2463.042193892933,-2339.4175453854405,24477,28249,-0.8641471571906354,4.277522935779817,-0.4156899261474609,-0.2543636918067932,-0.1796106159687042,-0.0767626017332077,-0.0033333334140479565,0.03342861495912075,0.13502644598484045,0.2588790535926819,0.8824260902404821,5267
4,-2..2%,293,52952,2076,0.0023703249123409394,-0.05649026303377702,2453.783644197335,-2328.2701994390586,24273,28066,-0.8650167224080267,4.066513761467889,-0.4147628462314606,-0.25367761999368665,-0.18099650442600249,-0.08029433898627758,-0.004323385888710618,0.03408016078174114,0.13676835447549823,0.2595341950654981,0.9028772413730665,5108
4,-2..2%,294,52630,2077,0.0024054190811322058,-0.05609300642979079,2443.3148885702158,-2316.717682330236,24177,27825,-0.8650836120401337,3.9786127167630054,-0.41497902274131776,-0.25913936644792557,-0.18296565860509872,-0.08039935491979122,-0.00433010165579617,0.035524637438356876,0.1384795978665352,0.2583158537745476,0.9091258615255386,5096
4,-2..2%,295,52241,2076,0.002454065466563318,-0.05780335789832277,2434.0583114058913,-2305.8554773671544,23985,27638,-0.8642809364548495,4.1192660550458715,-0.4188627600669861,-0.2580547034740448,-0.18360655009746552,-0.0812794640660286,-0.004180213436484337,0.034460581839084625,0.13588111102581024,0.2656826674938202,0.8914768099784851,5001
4,-2..2%,296,51884,2076,0.002226975869829979,-0.05733950740116819,2417.624977048174,-2302.080561017915,23800,27492,-0.8641471571906354,4.262614678899082,-0.4225443884730339,-0.2563224881887436,-0.18302340060472488,-0.08163388259708881,-0.0038513968465849757,0.03540793713182211,0.13412339985370636,0.26108259707689285,0.8978279620408984,5006
4,-2..2%,297,51407,2069,0.002574690450480751,-0.05624609057552301,2411.0029700476825,-2278.645858059823,23620,27157,-0.8635451505016722,3.8899082568807337,-0.4151366174221039,-0.2535042390227318,-0.18069855868816376,-0.08119956217706203,-0.003615601221099496,0.03568645287305117,0.13892053067684174,0.2670992314815521,0.9119936764240262,4986
4,-2..2%,298,51045,2080,0.0021178981723697934,-0.05644254688466115,2381.7283687920303,-2273.620256583419,23427,27026,-0.8635451505016722,4.279816513761467,-0.423794681429863,-0.2557500720024109,-0.18288093358278273,-0.08238114230334759,-0.004783026175573468,0.0342475725337863,0.137287582457066,0.26281974762678134,0.9018684059381501,5012
4,-2..2%,299,50670,2074,0.002327963345087403,-0.05517527250297994,2377.6958720483863,-2259.7379693528032,23289,26791,-0.8635451505016722,4.280504587155963,-0.41860534489154816,-0.25767320990562437,-0.1804488256573677,-0.08194574527442455,-0.004313445882871747,0.03491044044494629,0.13645018190145497,0.26585096269845926,0.9542954164743426,4992
4,-2..2%,300,50254,2072,0.0021312796485774754,-0.05476959412477797,2360.3348806157373,-2253.229553156124,23098,26559,-0.8637458193979933,4.229357798165138,-0.4230738374590874,-0.25865585803985597,-0.18384329080581666,-0.08298936113715172,-0.004665573826059699,0.034370346926152706,0.13595378249883663,0.2642573371529575,0.892513269186021,5012
4,-2..2%,301,49865,2071,0.0019047905138724682,-0.055368023541887426,2341.960275570757,-2246.977896596501,22868,26405,-0.8659531772575251,4.127293577981651,-0.4196559727191925,-0.2556767851114273,-0.18375329971313475,-0.0820850133895874,-0.0043596732430160046,0.03413529880344868,0.1333288311958313,0.26242211461067183,0.8986993360519377,5039
4,-2..2%,302,49426,2074,0.0017772228797637883,-0.055374255417088104,2332.3543012212926,-2244.513283166084,22617,26271,-0.8652173913043478,3.9288990825688064,-0.43142443895339966,-0.2608097940683365,-0.18409425020217896,-0.08135940134525299,-0.0038605898153036833,0.03542468138039112,0.13245032727718353,0.2564880847930908,0.921090662479401,4991
4,-2..2%,303,49077,2075,0.0018800363721903233,-0.055054290574866355,2330.6535447870506,-2238.386999749076,22409,26094,-0.8648829431438128,4.1858027522935775,-0.4267174062132835,-0.2597991779446602,-0.184060001373291,-0.08175251074135303,-0.004434035858139396,0.03438900597393513,0.13579129129648249,0.2582630172371863,0.8692082667350755,4972
4,-2..2%,304,48582,2072,0.0022295135078577145,-0.05387041273466056,2318.8207599303905,-2210.5065346916476,22226,25790,-0.8662876254180603,4.454128440366972,-0.4246595147252083,-0.25559634864330294,-0.18295485377311707,-0.07961612194776535,-0.003836010815575719,0.03541540540754795,0.13840878903865816,0.2538236021995545,0.8750979465246216,4950
4,-2..2%,305,48204,2068,0.0019987510113948993,-0.05447384879516312,2302.4160884210482,-2206.068294667763,21996,25640,-0.8662207357859532,4.249266055045871,-0.4294847071170807,-0.2568366825580597,-0.18412849307060242,-0.08261159062385559,-0.004999999888241291,0.03378378227353096,0.13264655172824863,0.2517980456352233,0.8636704301834092,4977
4,-2..2%,306,47725,2077,0.0019364382362023562,-0.054217806127802796,2288.9737819205156,-2196.557267097762,21774,25402,-0.8637458193979933,4.295871559633027,-0.4278271877765656,-0.2572918593883514,-0.18716877698898315,-0.08267442137002945,-0.004437869880348444,0.03495208919048309,0.13402146100997925,0.26312666535377527,0.9091379809379609,4945
4,-2..2%,307,47363,2074,0.0018506898245275966,-0.05353433413608323,2273.030027145323,-2185.375804986222,21597,25226,-0.8648829431438128,4.756880733944954,-0.43061891943216324,-0.2560126334428787,-0.1860567405819893,-0.08229375258088112,-0.0049444756004959345,0.03558882884681225,0.1383693888783455,0.2654440477490425,0.8733583420515028,4936
4,-2..2%,308,46968,2074,0.0016821174739801434,-0.05523639681040242,2257.0841916578966,-2178.0784981399956,21343,25066,-0.8642140468227425,4.912844036697248,-0.4350777879357338,-0.25723336488008497,-0.18699287623167038,-0.08372899703681469,-0.0047728316858410835,0.033929298631846905,0.13764440864324637,0.2670593336224554,0.9186572712659821,4902
4,-2..2%,309,46448,2068,0.0016929598876789691,-0.05350434831768034,2249.3563695098583,-2170.7217686469507,21127,24805,-0.8648160535117058,4.651376146788991,-0.44176016390323636,-0.26122161746025085,-0.18729691803455353,-0.08733203634619713,-0.006184012163430452,0.03547056205570698,0.13989151418209075,0.276556557416916,0.9360857212543486,4735
4,-2..2%,310,46081,2074,0.0020127283640442536,-0.05327714507602967,2246.329834357165,-2153.5812986136443,20923,24632,-0.8636120401337792,4.646047197640118,-0.44029540300369263,-0.26312732696533203,-0.18951443433761597,-0.08691240847110748,-0.006602336186915636,0.035523977130651474,0.13757200539112088,0.274056178331374,0.9217525339126548,4749
4,-2..2%,311,45669,2066,0.0020230048088562876,-0.052666851612948186,2237.194061285719,-2144.805454670056,20731,24447,-0.8644816053511706,4.355504587155964,-0.43518811762332915,-0.2672468274831772,-0.1933128982782364,-0.08803056925535202,-0.0059047965332865715,0.03537231869995594,0.1404745876789093,0.2822134345769882,0.9506184220314036,4571
4,-2..2%,312,45192,2074,0.0019694129022412433,-0.05329038663488161,2217.505274532993,-2128.5035666549093,20473,24212,-0.8655518394648829,4.6283480825958705,-0.44367023557424545,-0.262708842754364,-0.19319561123847961,-0.08787903003394604,-0.005670388927683234,0.035623946227133274,0.14131974428892136,0.2862909659743309,0.9572433710098263,4556
4,-2..2%,313,44803,2069,0.0016701301472354085,-0.054081644039038014,2196.100475590344,-2121.273634603757,20319,23998,-0.8636789297658862,4.122418879056046,-0.4438159763813019,-0.2668609172105789,-0.1942376047372818,-0.08892843127250671,-0.005871525965631008,0.03363383933901787,0.13937179744243622,0.284790962934494,0.9454184770584106,4551
4,-2..2%,314,44360,2063,0.0016101292751111288,-0.05435317143773616,2176.5704907551044,-2105.145156111173,20129,23749,-0.8648829431438128,4.238879056047197,-0.4326080158352852,-0.2644069492816925,-0.1915900707244873,-0.0888058990240097,-0.005767433904111385,0.03529975563287735,0.13879472762346268,0.28140973299741745,0.9347714185714722,4576
4,-2..2%,315,43934,2071,0.0010959662210580734,-0.05429741882542176,2153.1971681507166,-2105.0469881947565,19884,23583,-0.8651505016722408,4.781710914454277,-0.45049123764038085,-0.2643217325210571,-0.1937193065881729,-0.09044972062110901,-0.005924170836806297,0.03452899679541588,0.1392678767442703,0.2805296957492819,0.9335164666175845,4609
4,-2..2%,316,43428,2069,0.0009814684939338464,-0.053947640893046885,2132.613060127683,-2089.9898463731247,19614,23341,-0.8651505016722408,3.5623342175066313,-0.43850835144519806,-0.26266970038414,-0.19188578724861144,-0.08863705396652222,-0.005307262763381004,0.035453636199235916,0.13882509171962742,0.2787868916988372,0.9219703412055983,4567
4,-2..2%,317,42921,2073,0.0008636456115651232,-0.05386019532061046,2112.755562881967,-2075.6870295879808,19357,23091,-0.8650836120401337,3.6270610079575594,-0.4404639083147049,-0.2629923477768898,-0.1911725714802742,-0.08882016874849796,-0.006344040855765343,0.03393217641860247,0.13731413632631295,0.2769516766071316,0.9240777885913836,4594
4,-2..2%,318,42456,2068,0.0009548627216973355,-0.05402236048758739,2101.592609303318,-2061.0529575909263,19200,22818,-0.8648829431438128,3.543766578249337,-0.4450732135772705,-0.26426016092300414,-0.19165037870407103,-0.08834080398082733,-0.00626304792240262,0.0348314605653286,0.1372718423604973,0.2754731059074402,0.9130009293556229,4617
4,-2..2%,319,42055,2067,0.000863022052100673,-0.05341915401959212,2090.111109377989,-2053.816716976894,18876,22728,-0.8649498327759197,3.7976820809248553,-0.45497140407562253,-0.268848842382431,-0.19355729073286057,-0.0902224238961935,-0.0061841115821152925,0.035025788471102715,0.13964948803186414,0.2753009885549545,0.9125642907619476,4574
4,-2..2%,320,41627,2068,0.0005800696667414587,-0.05068460169696168,2064.03209335459,-2039.8855333371405,18652,22537,-0.8654849498327759,5.646017699115045,-0.4543043661117554,-0.26174497604370117,-0.1901688426733017,-0.08775100857019424,-0.006125699961557984,0.03587159141898155,0.1418418541550636,0.27885039001703177,0.9042709249258042,4584
4,-2..2%,321,41194,2063,0.00028384621300445124,-0.05127338946651394,2047.4759781991083,-2035.7832173006002,18425,22350,-0.8700065316786414,6.501651917404129,-0.44671605080366134,-0.2636084914207458,-0.19091316163539887,-0.08747535198926926,-0.0052577166352421045,0.03757598251104355,0.13992678970098502,0.27509181350469625,0.9264429920911791,4580
4,-2..2%,322,40767,2069,0.00018003195748987155,-0.05257377768019591,2030.0863882002288,-2022.747025389244,18200,22147,-0.8772044415414761,5.588495575221239,-0.44862164556980133,-0.2689351961016655,-0.1931239739060402,-0.09222482517361641,-0.0066332886926829815,0.03573986981064081,0.13618472963571548,0.2721891552209854,0.9308730363845825,4576
4,-2..2%,323,40265,2067,0.00014082147310634467,-0.050758532054406086,2006.9053913677776,-2001.2352147531556,17956,21864,-0.8745830553702468,6.2477876106194685,-0.45551041841506956,-0.2687189936637878,-0.19376179575920105,-0.09030482545495033,-0.006480860523879528,0.03597175143659115,0.14121809601783766,0.28059566915035244,0.9356417250633204,4519
4,-2..2%,324,39804,2065,-0.00013471873019134696,-0.051071464130911064,1984.2300362363683,-1989.5923805729064,17700,21688,-0.8752449379490529,6.896755162241887,-0.4617608267068863,-0.26860484182834626,-0.19497247338294982,-0.09228980913758278,-0.0069204154424369335,0.03539786860346794,0.14203546941280365,0.2774818956851959,0.9216899931430811,4527
4,-2..2%,325,39321,2066,-0.0006357201306565986,-0.05092941374909518,1955.9175918619012,-1980.9147431194551,17449,21494,-0.8725817211474316,7.259587020648967,-0.4470203459262848,-0.2701535165309906,-0.19728343784809113,-0.09724105149507523,-0.0091177923604846,0.03851279430091381,0.1427205353975296,0.2755429118871687,0.9372000050544735,4347
4,-2..2%,326,38871,2063,-0.0009308761449691928,-0.049972031632891614,1936.51637853787,-1972.7004651689665,17219,21231,-0.8746374918354017,6.737463126843657,-0.4622465133666992,-0.2730434834957123,-0.19791457056999207,-0.0989917516708374,-0.009999999776482582,0.03622354194521904,0.1428571492433548,0.280449777841568,0.9734506607055694,4321
4,-2..2%,327,38379,2067,-0.0012992764087810477,-0.04889516936371246,1903.6055739081019,-1953.4705032007041,16995,21003,-0.8726322664924886,6.303805309734512,-0.46195313453674314,-0.27491742968559263,-0.20122351348400117,-0.10021943598985672,-0.010676156729459763,0.03849875554442406,0.14689720273017887,0.28648579716682293,0.8966605973243709,4133
4,-2..2%,328,37874,2065,-0.0016238275195537388,-0.049668648867271,1874.127428018086,-1935.6282714936665,16748,20752,-0.8699132755170114,6.0643952802359875,-0.45876748621463775,-0.2757360368967056,-0.1980433687567711,-0.10038518533110619,-0.010708082932978868,0.03504876606166363,0.1485583886504174,0.2830188870429992,0.8922184336185459,4154
4,-2..2%,329,37294,2066,-0.0019320011841524147,-0.05067809539881526,1840.5629025866142,-1912.6149547483872,16474,20432,-0.8682274247491639,5.787610619469027,-0.46169410288333895,-0.2716086655855179,-0.20051087737083434,-0.10000000149011612,-0.009985254611819983,0.036036036908626556,0.1482077434659003,0.2816458165645597,0.8972480845451347,4120
4,-2..2%,330,36771,2078,-0.0024134591089581643,-0.05030889305508804,1812.146216441148,-1900.8915213366486,16245,20157,-0.8686233403214536,5.51622418879056,-0.45888079911470414,-0.2759704560041427,-0.20091935098171235,-0.10061704367399216,-0.010643692221492529,0.03572122473269701,0.14445230066776268,0.28166022002696933,0.8807946616411203,4120
4,-2..2%,331,36271,2068,-0.002603996784930825,-0.050168686788426786,1791.3210010905902,-1885.7705684768218,15959,19953,-0.8675585284280937,5.292035398230087,-0.46510946214199067,-0.2742039903998375,-0.2000997722148895,-0.09986466728150845,-0.010643692221492529,0.03556629177182913,0.14399921298027044,0.2844102203845967,0.8739724510908116,4118
4,-2..2%,332,35715,2072,-0.002460465743158473,-0.049440506546154804,1768.506776093675,-1856.382310110573,15727,19644,-0.8670234113712374,5.584070796460177,-0.46474865525960923,-0.27412624359130855,-0.1985095337033272,-0.0998652558773756,-0.009553239680826664,0.0371389864012599,0.14874481409788134,0.2888104245066641,0.8874368262290949,4122
4,-2..2%,333,35191,2068,-0.002607682526857088,-0.049540210835471346,1742.652688869437,-1834.4196446720657,15459,19392,-0.8707446113651208,5.768436578171091,-0.4607953429222107,-0.27607932686805725,-0.19957894086837769,-0.1013171635568142,-0.011446013115346432,0.03477197512984276,0.14767932891845703,0.29004719853401184,0.8533196151256561,4151
4,-2..2%,334,34670,2068,-0.0032731803022940714,-0.04911451825028263,1709.746954435821,-1823.22811551636,15178,19130,-0.8706727629000653,5.289085545722713,-0.4610119357705116,-0.2755568102002144,-0.20147192627191543,-0.10005476512014866,-0.010044348426163197,0.0357142873108387,0.14979604035615923,0.2880436569452275,0.8725048303604126,4128
4,-2..2%,335,34042,2065,-0.003750351912217042,-0.050213366838075424,1667.864616579125,-1795.5340963748188,14884,18816,-0.8745917700849118,5.790560471976401,-0.44876991748809814,-0.2731354981660843,-0.19960348159074784,-0.09883773513138294,-0.009665439836680889,0.03700808063149452,0.14790716171264653,0.29351048767566656,0.8565021598339078,4124
4,-2..2%,336,33457,2066,-0.0038434248155247365,-0.04836933951494451,1643.5076879057176,-1772.0971519587308,14626,18495,-0.8759866220735786,5.791445427728613,-0.45231393724679947,-0.27361086159944537,-0.2007153168320656,-0.09931773506104946,-0.01043567480519414,0.036930677480995655,0.14905367046594623,0.2949601367115974,0.8583678865432718,4112
4,-2..2%,337,32948,2065,-0.004268069435976306,-0.049702099407799155,1617.4712934843851,-1758.095645260932,14365,18260,-0.8778510777269758,5.725663716814159,-0.4493398770689964,-0.2765928328037262,-0.20088697522878646,-0.09911787509918213,-0.01042754016816616,0.036851332522928715,0.1482830166816712,0.29517338722944253,0.8792200690507895,4094
4,-2..2%,338,32324,2059,-0.004477822199745641,-0.049813835138706575,1589.042434342124,-1733.7835591267055,14084,17932,-0.8837426518615284,5.594395280235988,-0.45306325852870943,-0.27777959406375885,-0.20145013332366943,-0.10076068341732025,-0.010695187374949455,0.03691813722252846,0.14382955133914968,0.29409262239932965,0.854996860027318,4119
4,-2..2%,339,31732,2061,-0.004445156771358849,-0.04929636283706204,1570.9037935377175,-1711.9575082064782,13783,17618,-0.8863814500326583,5.339233038348082,-0.4515335926413536,-0.2749000623822212,-0.19978105425834655,-0.10096659883856773,-0.011098912917077541,0.03599790669977665,0.1450945615768432,0.2927817568182942,0.8481614589691142,4100
4,-2..2%,340,31128,2062,-0.0044701419995787995,-0.04733621260482639,1546.8868294331671,-1686.0334095960538,13498,17343,-0.8896146309601568,5.669646017699114,-0.4513264229893684,-0.2779825061559677,-0.20235298722982406,-0.10182588174939156,-0.012214519549161196,0.03494721092283726,0.1449994772672653,0.2829581901431083,0.8756811839342119,4090
4,-2..2%,341,30457,2066,-0.004359395046528279,-0.04611607100852138,1513.3085656181001,-1646.0826605502093,13192,16974,-0.8872581721147432,6.014749262536873,-0.4516252648830414,-0.27762448191642763,-0.20386215746402742,-0.10542544350028038,-0.015233112499117851,0.037431711331009865,0.15097419023513803,0.2896132498979564,0.8548138082027427,3879
4,-2..2%,342,29843,2063,-0.004425999283192921,-0.04539424960831789,1491.0876179254392,-1623.1727145337636,12911,16641,-0.8845897264843229,5.751268436578171,-0.45947642922401427,-0.2856481373310089,-0.20904037356376648,-0.1057407408952713,-0.014546365477144718,0.03671706095337868,0.15231788158416748,0.3081681430339813,0.8803929448127802,3821
4,-2..2%,343,29220,2061,-0.004913404516549095,-0.04507407802547336,1454.8421589052946,-1598.4118388788524,12607,16324,-0.8789297658862877,5.811209439528024,-0.4594651448726654,-0.28662875592708587,-0.21070555448532102,-0.11037456803023815,-0.01510558184236288,0.0356367127969861,0.15789188444614408,0.3118773728609082,0.8941054451465572,3500
4,-2..2%,344,28554,2056,-0.004854302042043267,-0.04446326289208571,1427.9116114249427,-1566.5213519334513,12333,15971,-0.8803344481605351,6.404129793510324,-0.4601217433810234,-0.2866026684641838,-0.21009744703769684,-0.10948422737419605,-0.015387787017971277,0.03670839127153158,0.16105946898460388,0.30971522629261017,0.9210383772850056,3546
4,-2..2%,345,27867,2060,-0.004644219457929097,-0.042988210716241024,1408.830413227679,-1538.250876861787,12036,15584,-0.8826086956521739,6.6047197640118,-0.4627981960773468,-0.2879694730043411,-0.2135207593441009,-0.11031002551317215,-0.015424164943397045,0.03572089783847332,0.15847079455852509,0.31228726208209945,0.9450835275650011,3535
4,-2..2%,346,27167,2057,-0.0045966710998501335,-0.042767558238454316,1377.456408802733,-1502.334172572359,11665,15247,-0.8941868060091444,6.268436578171092,-0.45927917808294294,-0.28981889337301253,-0.2137065649032593,-0.10791683755815029,-0.014636377803981304,0.038643001578748226,0.16151390522718437,0.30994715690612773,0.9575050407648086,3522
4,-2..2%,347,26437,2067,-0.004855047240432204,-0.0441685818205358,1343.2217432061775,-1471.5746271014782,11343,14838,-0.8922273024167211,6.07079646017699,-0.45996715128421783,-0.286853089928627,-0.21324095129966736,-0.10889502242207527,-0.014861995354294777,0.03681585378944874,0.15855228900909424,0.3140641301870346,0.9582878053188324,3551
4,-2..2%,348,25746,2060,-0.0047852130280717576,-0.04087384031882987,1315.7621124925124,-1438.962207113254,11001,14486,-0.8899266177451635,5.887905604719764,-0.45584090799093246,-0.2827485129237175,-0.21171687543392181,-0.11056813038885593,-0.01594005711376667,0.03676539845764637,0.15925510972738266,0.3023802489042282,0.9702318072319044,3586
4,-2..2%,349,24961,2063,-0.005603577151712374,-0.04166185009656851,1266.4563733372568,-1406.3272626211494,10662,14067,-0.8922273024167211,3.942696629213483,-0.4584016487002373,-0.284835521876812,-0.21240032762289046,-0.11033660173416138,-0.016193775460124016,0.03656152542680502,0.157072213292122,0.31578713804483377,0.9705413019657091,3602
4,-2..2%,350,24137,2055,-0.005658465741070528,-0.04101037323586497,1227.0360820983578,-1363.6144696905765,10261,13630,-0.8899266177451635,3.9438179775280897,-0.45540252029895784,-0.2817367762327194,-0.2127680405974388,-0.1110195443034172,-0.016848018392920494,0.03570086695253849,0.15435679256916046,0.30927084386348724,0.9387128978967652,3616
4,-2..2%,351,23300,2055,-0.006685175272959966,-0.04117269091757037,1171.2147811197403,-1326.9793649797036,9925,13157,-0.8870019595035924,3.8313264722698683,-0.45242839902639387,-0.2846674472093582,-0.2140934243798256,-0.10909352451562881,-0.014282467309385538,0.037948750890791416,0.15978512912988663,0.3106578662991524,0.9121599286794704,3586
4,-2..2%,352,22402,2053,-0.006935001716033443,-0.04069138641412152,1124.6320143731173,-1279.9899228156976,9527,12645,-0.8845897264843229,4.090981432360742,-0.4522858589887619,-0.28304873406887054,-0.21207764744758606,-0.10959936678409576,-0.015075377188622952,0.035570282489061356,0.15926216542720795,0.3098520040512085,0.8957250177860234,3591
4,-2..2%,353,21458,2042,-0.006970763931251629,-0.03796758566806389,1077.827664579056,-1227.4063170158554,9140,12096,-0.8809364548494983,4.178084880636604,-0.44418449252843856,-0.28118202835321426,-0.21085071563720703,-0.10941050574183464,-0.01441795052960515,0.035692472010850906,0.16105813533067703,0.3045918196439743,0.891859197616573,3566
4,-2..2%,354,20515,2037,-0.00745248886638217,-0.03710344262954501,1031.7500943952432,-1184.6379034890736,8717,11591,-0.8867924528301887,4.198933687002652,-0.44414645195007324,-0.28250967264175414,-0.21169722974300384,-0.10967741906642914,-0.014492753893136978,0.03513072058558464,0.15816076397895826,0.3073252558708181,0.9131611967086802,3557
4,-2..2%,355,19377,2028,-0.00865591492555438,-0.03722350391278365,960.2339936508816,-1127.9596571633497,8193,10995,-0.8857465265533535,4.025458885941644,-0.4470952546596527,-0.27891755700111387,-0.20941779017448425,-0.10933198034763336,-0.01364082470536232,0.037136465311050415,0.15546850562095652,0.30713821649551387,0.9280394339561475,3557
4,-2..2%,356,18140,2008,-0.009338014845654458,-0.03442897554859937,893.500167227271,-1062.8917565274437,7662,10304,-0.8837458193979933,3.8281167108753316,-0.4463908153772354,-0.2795760855078697,-0.20972541868686673,-0.10828357562422752,-0.014691493008285761,0.035621365532279015,0.15511251389980313,0.30964425504207593,0.8682396608591081,3530
4,-2..2%,357,16821,1993,-0.009936584404385372,-0.03350159442150891,822.6982449106304,-989.8415311767997,7097,9541,-0.8846960167714885,3.9161803713527847,-0.45353700667619706,-0.283700530230999,-0.21563436985015869,-0.11494004912674427,-0.020858924835920334,0.039493730291724205,0.1623846575617792,0.313298025727272,0.9110681575536663,3254
4,-2..2%,358,15376,1930,-0.011653781176273945,-0.03357116067976932,728.7544850602027,-907.9430244265928,6488,8736,-0.8847491638795987,4.227745664739884,-0.4576916894316673,-0.2870482936501503,-0.2147510066628456,-0.11492272838950157,-0.020567940548062325,0.0395880276337266,0.15668575316667563,0.29568057805299697,0.8931831645965634,3242
4,-2..2%,359,13489,1028,-0.012439040833277267,-0.056168807651773164,624.7277482873654,-792.5179700874418,5695,7643,-0.8800832216658439,4.547109826589596,-0.48054629892110823,-0.30739060044288635,-0.2425607591867447,-0.1257602795958519,-0.0173996202647686,0.024417069740593433,0.14736088663339628,0.27902225553989335,0.8971736395359015,1664
4,-2..2%,360,13160,1024,-0.012499556309071793,-0.05554758463344076,614.234964393879,-778.7291254212628,5572,7449,-0.8779885746526553,4.642017341040462,-0.48374329090118406,-0.3047169506549835,-0.24120123088359832,-0.12380952388048172,-0.013636363670229912,0.02678571455180645,0.15105302929878237,0.28590012192726133,0.8978724431991582,1629
4,-2..2%,361,12894,1027,-0.013672594505020697,-0.055662928262962624,600.2495689388916,-776.5440024866283,5418,7318,-0.8741095987023062,4.664734104046242,-0.4829537746310234,-0.3113797158002853,-0.2447146788239479,-0.12467841990292072,-0.015338896308094263,0.026239369995892048,0.15057841092348104,0.294126725196838,0.9068473649024866,1612
4,-2..2%,362,12602,1023,-0.013237126560916277,-0.0541194862496905,593.3164735900534,-760.1307425107202,5301,7155,-0.8665243495663776,4.603196112064037,-0.4837879776954651,-0.3075256273150444,-0.24652451276779175,-0.12497310154139996,-0.015837104991078377,0.02355522708967328,0.15105541050434113,0.2911391034722328,0.9227313935756629,1646
4,-2..2%,363,12316,1026,-0.013300602702048631,-0.05363376124151853,584.0283001271421,-747.8385230055734,5183,6991,-0.8670803396472894,4.416232132647227,-0.48079059153795245,-0.3049432247877121,-0.2481764405965805,-0.1256842128932476,-0.014156181830912828,0.02651515742763877,0.15326678901910779,0.29125655293464603,0.9114454859495139,1648
4,-2..2%,364,12019,1025,-0.013845601834958634,-0.0543816592350828,570.5883618026319,-736.9986502569988,5042,6842,-0.8720182887001959,4.356647398843931,-0.47772364437580106,-0.3015000507235527,-0.2503574758768082,-0.12695267423987389,-0.015767122618854046,0.024441926274448633,0.15190514177083975,0.2946279987692831,0.8871022701263427,1644
4,-2..2%,365,11723,1022,-0.014417878319002375,-0.05325900321760899,556.4592295554188,-725.4800170890834,4883,6711,-0.8745917700849118,4.491335260115607,-0.4804298770427704,-0.31527839303016664,-0.2502736568450928,-0.12261904776096344,-0.015283842571079731,0.026380110532045364,0.15363362729549412,0.29445306658744774,0.9367971229553185,1645
4,-2..2%,366,11378,1026,-0.014284091276188796,-0.05167902609007187,547.482638170363,-710.0070287108381,4744,6512,-0.8791704768125408,4.431680960548886,-0.4802213281393051,-0.3122432455420494,-0.2511034160852432,-0.12195760570466518,-0.01516419230028987,0.024876448325812817,0.15221495926380157,0.2960882633924484,0.962727713584909,1636
4,-2..2%,367,11051,1022,-0.015309720430504659,-0.050824329225743155,529.7903683044656,-698.9780887819729,4580,6357,-0.8765910607071381,4.507225433526012,-0.48222519546747206,-0.3112192302942276,-0.24897824972867966,-0.12513655424118042,-0.015420377720147371,0.025598107371479273,0.15318820029497157,0.29931377321481684,0.9232159340381637,1632
4,-2..2%,368,10708,1023,-0.016165653138251964,-0.05235489588561021,510.7291598205864,-683.8309736249881,4428,6168,-0.8714173742651862,4.44739851343625,-0.4848984786868095,-0.3147618010640144,-0.2502805471420288,-0.12663283571600914,-0.015716026537120342,0.022427738178521395,0.15721148848533642,0.3019464060664172,0.9419053381681458,1630
4,-2..2%,369,10389,1019,-0.017113613752733965,-0.05222610424450337,492.1133181651801,-669.906651442334,4291,5985,-0.8686724482988659,3.136853932584269,-0.48459878414869306,-0.31196610629558563,-0.25220754742622375,-0.1260007955133915,-0.015761690214276314,0.025208055041730404,0.15179791301488876,0.2995854541659355,0.86085089445114,1616
4,-2..2%,370,10099,1019,-0.017228169969173025,-0.050780206415314985,483.92821737297845,-657.9155058916552,4133,5852,-0.8661005878510777,3.044943820224719,-0.5036036214232444,-0.3168284326791763,-0.25348509550094606,-0.12543191015720367,-0.0163620812818408,0.023361126892268658,0.15170210599899292,0.2851443871855732,0.9101424700021743,1624
4,-2..2%,371,9831,1024,-0.017507390535893858,-0.05028740820363837,472.7988215290094,-644.9139778873802,4023,5696,-0.8641410842586544,3.141573033707865,-0.5045442366600037,-0.318481270968914,-0.2543993353843689,-0.1269831284880638,-0.01554905204102397,0.027077426202595234,0.15781799405813215,0.28445023894309945,0.9674665504693918,1638
4,-2..2%,372,9466,1025,-0.017496713529003536,-0.05044241052975118,459.34808181420965,-624.9719720797584,3876,5485,-0.8661005878510777,3.395505617977528,-0.5076436990499497,-0.3152773454785347,-0.2560236662626266,-0.1265406608581543,-0.016048855148255825,0.024554365314543247,0.1545838683843613,0.30015943795442573,0.8999154227972057,1610
4,-2..2%,373,9122,1019,-0.017744064301536328,-0.047834641868732965,445.7789429196824,-607.6402974782969,3677,5339,-0.8658280922431866,3.2179775280898877,-0.5082046699523926,-0.3247592538595199,-0.27284350991249084,-0.1463644616305828,-0.03181416541337967,0.03359332960098982,0.17590509355068207,0.3332791611552238,0.9482845854759161,1314
4,-2..2%,374,8768,1017,-0.018400857537341178,-0.048113452639226346,429.96177129127585,-591.3004901786838,3531,5144,-0.8707267645003494,3.2426966292134827,-0.5052560347318649,-0.32599487602710725,-0.26649418473243713,-0.13790000975131989,-0.03149155527353287,0.03493965417146683,0.17413757145404798,0.3118591099977489,0.9418255496025084,1323
4,-2..2%,375,8404,1022,-0.018622562221611284,-0.047025374141450624,413.51475937905474,-570.0187722894758,3366,4932,-0.8695324070808943,3.2726741573033706,-0.5063593459129333,-0.3266458630561829,-0.2663594841957092,-0.14098167419433594,-0.03116322122514248,0.03677811473608017,0.17429956197738647,0.3220674216747284,0.9531371402740487,1329
4,-2..2%,376,8031,1019,-0.019196968551893945,-0.04482393437054802,395.6309048553238,-549.8017592955839,3200,4746,-0.8706858262573481,3.608988764044944,-0.5099731367826462,-0.3300368368625641,-0.27027827203273774,-0.14405686408281326,-0.0297304755076766,0.032730442471802235,0.175371983647347,0.3369649022817608,0.9836612236499834,1310
4,-2..2%,377,7649,1015,-0.01963471463164708,-0.04452649065928135,379.45909846816227,-529.6450306856308,3040,4516,-0.868060091443501,3.83370786516854,-0.5114498037099838,-0.336448609828949,-0.26879651248455044,-0.1460169106721878,-0.03335355594754219,0.0317849419079721,0.17312133014202102,0.3156999424099921,0.9724709892272927,1318
4,-2..2%,378,7279,1018,-0.0196373850162775,-0.042554998271885656,366.14366552284935,-509.0841910563341,2885,4314,-0.870666231221424,3.8786067415730336,-0.5022135853767395,-0.3336255133152008,-0.26374382376670835,-0.1455598846077919,-0.030805686488747597,0.03395502455532551,0.17551768720150002,0.3061931252479547,1.0339350831508702,1359
4,-2..2%,379,6861,1024,-0.01985392740583375,-0.041450504713359246,344.96464142231673,-481.1824373537417,2724,4064,-0.8679052701801201,3.2779101123595504,-0.5091205477714539,-0.33175007700920106,-0.26285240650177,-0.14022709429264069,-0.033082135021686554,0.03439655154943466,0.18008917570114139,0.31073232889175373,1.0038282823562599,1369
4,-2..2%,380,6401,1017,-0.02000560625971872,-0.04252402777995257,325.20065272452285,-453.25653839298195,2549,3777,-0.856743535988819,3.548314606741572,-0.507993574142456,-0.3287229359149933,-0.2609841048717499,-0.13769663125276566,-0.030600743368268013,0.0346677266061306,0.1713222175836563,0.31206377446651407,0.9065521526336574,1343
4,-2..2%,381,5928,1001,-0.0202927487865911,-0.040322353143556734,302.99136082537746,-423.28677563229013,2351,3519,-0.8554199873051697,3.9842696629213483,-0.5111040806770325,-0.3297966420650482,-0.26257301568984986,-0.14078833907842636,-0.031168831512331963,0.03289060667157173,0.17696027159690864,0.3006596565246581,0.8928857207298135,1339
4,-2..2%,382,5500,1009,-0.02036957316621469,-0.041471130361325756,285.13373230799834,-397.1663847221789,2170,3277,-0.8546191474493361,4.142696629213483,-0.5149263119697571,-0.32918449938297273,-0.26180608272552486,-0.137362539768219,-0.03333333507180214,0.031656812876462936,0.16469638347625745,0.30030304193496676,0.8358346414566052,1359
4,-2..2%,383,4974,1000,-0.018933194279164227,-0.0363458510677012,268.00281277824473,-362.1765211228075,1973,2956,-0.856743535988819,4.159550561797753,-0.5261991798877717,-0.3287017986178398,-0.2614651709794998,-0.13631189242005348,-0.031160347163677216,0.0346284955739975,0.17690466642379785,0.3053369104862212,0.873915864229202,1350
4,-2..2%,384,4414,1000,-0.020677531826802563,-0.034012740773560306,234.75999885652152,-326.0306243400282,1740,2640,-0.8616491963661775,4.2674157303370785,-0.5207646799087524,-0.3255723476409912,-0.25839487910270686,-0.13531047105789185,-0.033790260553359985,0.03222988545894623,0.17181727290153498,0.2941113889217371,0.886553826332092,1393
4,-2..2%,385,3736,984,-0.0261416021434824,-0.03949734530593444,186.07538615002204,-283.74041175807224,1451,2266,-0.8603709711545243,2.27958636537725,-0.4753314435482025,-0.31630659103393555,-0.24528302252292633,-0.13241684436798096,-0.03301450237631798,0.029567519202828407,0.17139458656311035,0.2909319996833801,0.7832622647285484,1361
4,-2..2%,386,3081,961,-0.027019458601401303,-0.03919795018282791,157.02891907079334,-240.27587102171117,1172,1882,-0.8616282320055905,2.2564595103578156,-0.47809119820594786,-0.318157297372818,-0.2415573477745056,-0.1326105147600174,-0.032362986356019974,0.0325581394135952,0.16942329704761502,0.27847029566764786,0.7381420564651499,1353
4,-2..2%,387,2325,933,-0.029360499830842716,-0.03870269265375486,121.08017526772221,-189.34333737443146,876,1436,-0.860349813103886,2.2414669625986026,-0.48122050523757937,-0.3204838037490845,-0.2456011116504669,-0.13273437321186066,-0.03191211819648743,0.03426707908511162,0.16102034449577332,0.27101814746856706,0.7310194635391238,1377
4,-2..2%,388,1371,873,-0.029047984885071005,-0.03114155578809222,74.96138128409615,-114.78616856152868,498,863,-0.8261516926560926,2.311336652623516,-0.48357093930244444,-0.3191629946231842,-0.24522119760513306,-0.13305585086345673,-0.03324675187468529,0.033501941710710526,0.1589404046535492,0.2711886465549469,0.7203337967395761,1371
