tenure_bucket,h,n_pairs,n_member_states,mean_occ,mean_member,pos_sum,neg_sum,n_pos,n_neg
0,0,92282,2132,0.0,0.0,0.0,0.0,0,0
0,1,84702,2132,-0.00037308201052445306,-0.0003306703393491865,756.1048768575715,-787.7056693130143,39301,42305
0,2,82854,2132,-0.0009403842815678351,-0.0005733299222578013,962.0772091648076,-1039.991808429832,37948,42836
0,3,81735,2132,-0.001681553124702988,-0.0012812956017390264,1081.9828184059165,-1219.4245630535145,36983,43102
0,4,80812,2132,-0.0023514244119344292,-0.0017984175487284666,1175.049993148611,-1365.073302725852,35923,43452
0,5,81215,2132,-0.0029682242759964915,-0.0024026867428689085,1289.4334584201504,-1530.4977929952056,35817,44135
0,6,81436,2132,-0.003288037503632757,-0.002712484845937674,1423.2135937297767,-1690.978215875613,35691,44630
0,7,81235,2132,-0.003625190841617584,-0.0028229309166219628,1519.5128867621756,-1814.0052647809798,35348,44836
0,8,81073,2132,-0.0040116079183204366,-0.002979254348110627,1599.4264792990975,-1924.6595680610894,35105,45014
0,9,80886,2132,-0.00439336694638127,-0.003139329887817928,1670.0802085901435,-2025.442087415136,34708,45242
0,10,81022,2132,-0.004804474440139037,-0.0036621149657575973,1756.127639086809,-2145.395767175745,34617,45465
0,11,81226,2132,-0.004991950099023447,-0.0038628346684456273,1854.0951277591637,-2259.5712665024494,34561,45789
0,12,81123,2132,-0.0050684616015131,-0.003730387073090111,1926.784818800624,-2337.953629300167,34378,45923
0,13,81061,2132,-0.005338402570865023,-0.004033048768594627,1978.62566308795,-2411.3619138848508,34329,45892
0,14,80919,2132,-0.005585828966855092,-0.004098399456654927,2029.349840101356,-2481.3495342703054,34098,46072
0,15,80900,2132,-0.005935126144236617,-0.004534586100343456,2078.9887820865683,-2559.1404871553123,33809,46383
0,16,80901,2132,-0.006253282670375212,-0.0048358405446205545,2136.090516128654,-2641.9873374446815,33650,46551
0,17,80911,2132,-0.006525301294509604,-0.004898801517251793,2186.3535402598623,-2714.3221932999327,33534,46655
0,18,80841,2132,-0.006970646889600901,-0.005044798207548333,2217.424339698873,-2780.9384049011,33387,46738
0,19,80809,2132,-0.007461719002920131,-0.005614530101139079,2244.2729762903928,-2847.2470271973602,33164,46981
0,20,80698,2132,-0.007816689058713893,-0.005914402778116608,2281.461987312865,-2912.2531609729713,33089,46987
0,21,80742,2132,-0.008106956841209332,-0.006307815306815222,2331.8752118931816,-2986.4471211661116,32997,47113
0,22,80768,2132,-0.008430634679380867,-0.006436599904134687,2364.4897836519826,-3045.4152854362146,32856,47272
0,23,80649,2132,-0.008742855131458092,-0.006528280655093588,2386.6668663533,-3091.769389850265,32762,47251
0,24,80525,2132,-0.009096601909142793,-0.00709472295805212,2411.713651900699,-3144.217520634423,32577,47339
0,25,80486,2132,-0.009372749950209687,-0.006946695269235983,2442.648099874705,-3197.023252367278,32521,47379
0,26,80550,2132,-0.00975474495515273,-0.007526869857373339,2472.3988676045924,-3258.1435737421507,32467,47472
0,27,80583,2132,-0.010082076703973673,-0.007579496852039935,2503.202801134044,-3315.6467881703547,32329,47647
0,28,80520,2132,-0.010195492543305663,-0.007588994430659936,2536.508164438139,-3357.4492240251107,32196,47729
0,29,80436,2132,-0.010295538286481653,-0.007672753694331405,2564.3169795904564,-3392.448897201893,32150,47720
0,30,80351,2132,-0.010413360503084845,-0.007439779848276312,2588.3998279407665,-3425.123757724126,32041,47752
0,31,80331,2132,-0.010465600609978835,-0.007700640673872248,2622.9799941481447,-3463.69215674836,31978,47821
0,32,80240,2132,-0.010747436915529252,-0.007994988479932323,2647.5429306623864,-3509.9172687644536,31914,47802
0,33,80216,2132,-0.010821465036642193,-0.00786259469273823,2680.9323471019216,-3548.9869864812167,31865,47834
0,34,80109,2131,-0.01104846710926074,-0.008103871613475892,2699.4744591885815,-3584.556110844351,31760,47858
0,35,80053,2132,-0.011163293559966337,-0.008068170876183476,2724.8631494960064,-3618.5182888519844,31836,47696
0,36,79975,2132,-0.011244871354704339,-0.008156262885646295,2752.8076193361376,-3652.116205928621,31704,47761
0,37,79993,2131,-0.011359120047059256,-0.00825394221877741,2781.716416648591,-3690.3665065730115,31667,47818
0,38,79947,2131,-0.01140304601576216,-0.008144074765708581,2811.8063830856026,-3723.445702907736,31608,47846
0,39,79930,2132,-0.01155285006743605,-0.008369551336600172,2836.9012294836966,-3760.320535373857,31489,47931
0,40,79884,2132,-0.011766249334902208,-0.008365305426399404,2852.429976054436,-3792.365037923761,31429,47976
0,41,79776,2132,-0.011843405157180274,-0.008377385784681324,2872.5277308498416,-3817.347220669066,31240,47997
0,42,79696,2132,-0.011923836596222629,-0.008661756273546435,2893.178902594748,-3843.4609839673108,31173,48007
0,43,79658,2132,-0.012028811857125638,-0.008711204157427174,2919.353724033146,-3877.544818948071,31033,48121
0,44,79620,2132,-0.012035739154300479,-0.008847488785701744,2951.74666167894,-3910.0322131443463,30997,48129
0,45,79713,2132,-0.012088911105716168,-0.008890042147239416,2981.7696098975066,-3945.4129808674647,31073,48128
0,46,79656,2132,-0.012330539631411388,-0.008886809315870188,2997.097827971708,-3979.299292851419,31003,48154
0,47,79568,2132,-0.01253687930916233,-0.009221575056359803,3009.248421386303,-4006.7828342577363,30985,48106
0,48,79571,2132,-0.012660356456114255,-0.0091334003491295,3025.3391796131664,-4032.736403182642,30951,48154
0,49,79471,2132,-0.012824783775351954,-0.009573341677069299,3031.881980382552,-4051.080371793545,30915,48119
0,50,79347,2132,-0.012758627289666421,-0.009296117725966023,3057.537869750759,-4069.8966693039233,30787,48107
0,51,79345,2132,-0.012799848402965757,-0.010024431196430685,3082.00637454119,-4097.610346074529,30843,48059
0,52,79376,2132,-0.012922306152269003,-0.01003761083469124,3101.712027304459,-4127.433000446974,30817,48097
0,53,79400,2132,-0.013018521456221161,-0.009711126656938001,3125.680587662158,-4159.351191286107,30765,48185
0,54,79312,2132,-0.013202891881655436,-0.009840143729859696,3139.819737511331,-4186.967498429182,30612,48264
0,55,79287,2132,-0.013128156175817252,-0.009707370539750284,3162.911786347403,-4203.803905059445,30651,48219
0,56,79235,2132,-0.013205743020906656,-0.00999743010650683,3177.694812186131,-4224.051860447675,30663,48134
0,57,79070,2132,-0.013146147285490364,-0.010189691009528969,3194.6186176606993,-4234.084483524425,30585,48049
0,58,79154,2132,-0.013203710497717446,-0.010166933127400747,3208.591182065672,-4253.717682801984,30550,48145
0,59,79036,2131,-0.013253600338829151,-0.01053100124418321,3220.220151426581,-4267.731707806277,30557,48050
0,60,79002,2132,-0.01334442669082369,-0.010567778141913873,3238.1071283444853,-4292.343525772936,30528,48060
0,61,78882,2132,-0.013443422996600706,-0.01027498466745956,3250.995717510993,-4311.439810328871,30484,47976
0,62,78807,2131,-0.013472838954869188,-0.01047893962695576,3269.874472993526,-4331.62849250989,30398,48013
0,63,78646,2132,-0.013611330456991672,-0.010036867123493609,3278.582679579407,-4349.059374699944,30268,47972
0,64,78592,2132,-0.013757352453061726,-0.01036723076983294,3291.491899079262,-4372.709743070277,30183,47996
0,65,78583,2131,-0.013926930527458393,-0.010514182705271843,3301.5216694294695,-4395.941651068735,30169,47987
0,66,78545,2132,-0.014128032470623955,-0.010640391873809598,3309.7206555697203,-4419.406965974894,30265,47907
0,67,78397,2132,-0.014449921094292563,-0.011325833399247092,3308.6940588246375,-4441.5245228538815,30077,47875
0,68,78309,2132,-0.014554043721534876,-0.011375283690183792,3316.5745711807913,-4456.287180970448,30171,47734
0,69,78241,2132,-0.014760059824721736,-0.011586736699842356,3315.1325124517834,-4469.974353197828,30054,47772
0,70,78234,2132,-0.015022533291539785,-0.011750248128742938,3319.892791973459,-4495.165661503784,30045,47775
0,71,78190,2132,-0.015215232088466217,-0.012371805410923349,3324.7676963312088,-4514.446693328377,29939,47837
0,72,78197,2132,-0.015351340388448396,-0.012619098137144657,3337.049278978707,-4537.478043334229,29986,47803
0,73,78137,2132,-0.015443172082968887,-0.012513226631371692,3347.6452724187334,-4554.328409465676,29926,47781
0,74,78044,2132,-0.01558376949115584,-0.012513461735440516,3354.379526599513,-4570.599232767282,29933,47691
0,75,77966,2132,-0.015656532723402575,-0.01214005340045227,3367.2917157666902,-4587.968946079491,29813,47759
0,76,78025,2132,-0.01573741206006179,-0.012631955933381008,3380.8991698179534,-4608.8107458042905,29797,47818
0,77,77976,2132,-0.015880126285678534,-0.012305703590378301,3388.6073710721466,-4626.87609832423,29751,47803
0,78,77895,2132,-0.01571166247980854,-0.013014726213131215,3418.518198249981,-4642.37814711465,29702,47773
0,79,77881,2132,-0.015570550860012296,-0.013249886385960905,3452.536850132,-4665.18692166061,29638,47845
0,80,77812,2132,-0.01564422314035931,-0.013224790309921151,3464.2229795771223,-4681.531270574774,29547,47886
0,81,77841,2132,-0.015498115199352243,-0.013513422839801848,3492.2219172936457,-4698.610702526419,29563,47883
0,82,77737,2132,-0.015611342246651493,-0.013605654641174386,3501.076677753877,-4714.655589981826,29573,47799
0,83,77714,2132,-0.015661873302391063,-0.01358967029022096,3511.4337781928202,-4728.580600014847,29513,47843
0,84,77696,2132,-0.015628910045258664,-0.013663137755621302,3533.9238133225213,-4748.227608198935,29527,47806
0,85,77605,2132,-0.015524727999450195,-0.013677664717516108,3557.642906642909,-4762.439423040253,29461,47781
0,86,77530,2132,-0.015541083532284861,-0.013911166647720482,3570.10125124129,-4775.001457499344,29462,47695
0,87,77520,2132,-0.015739976871730448,-0.013819430787650794,3571.5162120289483,-4791.679219125506,29424,47742
0,88,77480,2132,-0.015917199218660628,-0.014133788799809277,3571.025492140683,-4804.290087602503,29405,47720
0,89,77445,2132,-0.015938918494288537,-0.014245687896098804,3582.816337981422,-4817.205880771611,29410,47701
0,90,77356,2131,-0.015901666713881064,-0.014095079926766896,3598.830686361076,-4828.920016680068,29334,47662
0,91,77226,2131,-0.015967075560449642,-0.014758919166809895,3604.75622448551,-4837.829601716816,29321,47561
0,92,77218,2132,-0.016159485169829596,-0.014647816046452839,3606.5807092210853,-4854.383835064962,29315,47561
0,93,77149,2132,-0.01628870665748163,-0.01472990424081496,3610.0913956387976,-4866.748825556851,29236,47580
0,94,77145,2132,-0.01662061385651588,-0.015010458604523862,3604.716782586104,-4886.914038547016,29226,47575
0,95,77065,2132,-0.016739414723310933,-0.01496865102519079,3608.4440092485233,-4898.467004900468,29123,47619
0,96,77048,2131,-0.016662336229523685,-0.015222053665766153,3625.3948802211953,-4909.1945620335255,29117,47598
0,97,76973,2132,-0.016654779830448135,-0.015129163350615711,3641.661119459884,-4923.629487348954,29035,47625
0,98,76875,2131,-0.016628136172537437,-0.014898832374654614,3656.160711658884,-4934.4486799227,28994,47525
0,99,76885,2132,-0.016800631713598604,-0.015448548646036396,3658.133286974629,-4949.849856274664,29040,47524
0,100,76886,2132,-0.016842958734826476,-0.015676474287736924,3675.7917631370233,-4970.7794884228715,29118,47453
0,101,76815,2132,-0.01683294441363697,-0.015195062015786876,3688.707866796616,-4981.730491930158,29142,47355
0,102,76707,2132,-0.016763279264968522,-0.015233053222091697,3699.224333417445,-4985.0851959953825,29081,47301
0,103,76755,2132,-0.01668350424981634,-0.014938287457012802,3719.466603889024,-5000.008972583683,29034,47387
0,104,76633,2132,-0.016680200680257565,-0.015033631980065361,3730.8293094007113,-5009.083128130918,28984,47334
0,105,76619,2132,-0.016737661369465317,-0.015412067790143277,3740.458460105114,-5022.881336572192,28882,47410
0,106,76598,2132,-0.016847307247195364,-0.015330558132417604,3746.3214790495176,-5036.791519570184,28913,47345
0,107,76540,2132,-0.016781509099116056,-0.015378142031902438,3764.633463353855,-5049.090169800184,28850,47350
0,108,76411,2131,-0.01673233893783263,-0.015174946320618202,3775.9001603881466,-5054.43491096687,28796,47256
0,109,76397,2132,-0.016819066992970887,-0.01530960146383941,3781.7166208110875,-5066.642881873093,28725,47317
0,110,76355,2132,-0.016699248371908303,-0.015008438438073467,3799.997685493974,-5075.068794931037,28777,47254
0,111,76373,2131,-0.016773697578582394,-0.015096819175199169,3813.6280734028073,-5094.685678571879,28763,47280
0,112,76313,2132,-0.01680218190597733,-0.015113612376846712,3827.347027918727,-5109.571935709556,28800,47205
0,113,76314,2132,-0.016778063238867574,-0.015268738668693447,3841.86565907143,-5122.266777082382,28726,47259
0,114,76214,2130,-0.016591284476685248,-0.014953441029968968,3858.304602707657,-5122.79275781376,28651,47239
0,115,76127,2130,-0.016771985697144155,-0.01520318504351746,3854.702319698,-5131.503274864478,28637,47152
0,116,76067,2131,-0.01677431178682167,-0.014746416544637882,3862.8036710754686,-5138.775245763625,28608,47135
0,117,76022,2132,-0.016677486360649765,-0.015294402185534921,3880.4448206581474,-5148.300688767462,28622,47089
0,118,76030,2131,-0.01676520480362409,-0.015471496306558403,3889.4347372282955,-5164.093258447843,28625,47095
0,119,75947,2131,-0.016929979806493238,-0.015287820871983104,3885.393911381584,-5171.175087745313,28571,47060
0,120,75843,2131,-0.016705274194348356,-0.01494493210416339,3903.1180732876996,-5170.096184009684,28557,47003
0,121,75760,2131,-0.016788979816803277,-0.015370699358082354,3901.8612867431557,-5173.794397664161,28437,47013
0,122,75738,2129,-0.016829219025535972,-0.015114503966803644,3912.6960812041916,-5187.307471760225,28489,46959
0,123,75631,2132,-0.016627266791760683,-0.015421577459054037,3932.8366554503486,-5190.373470178001,28452,46869
0,124,75553,2132,-0.016488787995083364,-0.01492879529849706,3949.976692747115,-5195.754092139678,28423,46818
0,125,75554,2132,-0.016635350968096378,-0.015304197212590145,3954.4538337869535,-5211.321140830486,28430,46844
0,126,75448,2132,-0.016588006091296386,-0.014938506548754185,3961.986251464308,-5213.518135040444,28384,46765
0,127,75440,2132,-0.016384448699118988,-0.014574035991605032,3978.82520957568,-5214.868019437214,28528,46617
0,128,75505,2132,-0.016163554824371693,-0.014404498285826,4002.8046800032457,-5223.233887017425,28509,46687
0,129,75500,2132,-0.01614270775841264,-0.014837927908070956,4008.2273397231124,-5227.001775483288,28458,46720
0,130,75452,2131,-0.01596230859571656,-0.014737413912140404,4025.7400276299213,-5230.128135793927,28462,46687
0,131,75434,2132,-0.01605927848443903,-0.014822257785369539,4026.593837247464,-5238.009450442649,28394,46746
0,132,75403,2131,-0.016091916673463377,-0.014469061539144052,4030.9536718888185,-5244.332464817974,28392,46700
0,133,75330,2131,-0.01580912862590144,-0.014419559220129542,4052.7227256303745,-5243.624385019552,28434,46598
0,134,75251,2132,-0.015559839046163587,-0.014485039376497312,4074.0227506363503,-5244.916198699221,28370,46609
0,135,75280,2132,-0.01522991184155639,-0.013978622737772737,4101.407399625855,-5247.915163058207,28446,46526
0,136,75312,2132,-0.015126256983717062,-0.013773154721745978,4113.427704398555,-5252.61637035627,28513,46505
0,137,75270,2132,-0.01527097719199277,-0.014282115139223022,4109.094101047139,-5258.540554288429,28530,46471
0,138,75345,2131,-0.015259357075884687,-0.014333033556558152,4123.682647193054,-5273.398906075571,28487,46572
0,139,75338,2130,-0.015307645436941469,-0.014189653740601552,4132.440519198074,-5285.687911126372,28480,46554
0,140,75340,2130,-0.015409909461294717,-0.014530546049989266,4133.58770601034,-5294.570284824276,28455,46566
0,141,75272,2129,-0.015412905376734995,-0.014558061137165856,4136.465683771378,-5296.625897288971,28427,46544
0,142,75191,2130,-0.01532833462971301,-0.014434122888030731,4141.2531914212705,-5293.806000564029,28398,46439
0,143,75138,2131,-0.01542270035488326,-0.014102215505695542,4142.025035228891,-5300.855894494131,28356,46458
0,144,75116,2130,-0.015371980759331633,-0.014243567439144397,4156.11079764489,-5310.792504362838,28264,46531
0,145,75042,2131,-0.015183811539089046,-0.01441172822352557,4174.0117842383415,-5313.435369754666,28280,46448
0,146,75001,2131,-0.01505890971377981,-0.014635735217672204,4187.957142657379,-5317.390430100574,28214,46479
0,147,74999,2132,-0.015064979588857831,-0.014938098397715024,4198.371582062081,-5328.22998624685,28178,46536
0,148,75023,2132,-0.015158261820479392,-0.014605753279160565,4192.270422900731,-5329.488699458579,28189,46537
0,149,75025,2132,-0.01519453577473448,-0.01476287485735554,4196.87706008549,-5336.847106584953,28207,46531
0,150,74916,2132,-0.015068106723739445,-0.015067005391832759,4206.73325725132,-5335.575540566968,28091,46514
0,151,74911,2132,-0.014968200914580766,-0.015409523750654026,4224.973926371497,-5346.256825083663,28117,46519
0,152,74852,2132,-0.014593063616807277,-0.015237402816400833,4251.620196916716,-5343.940194761992,28112,46465
0,153,74795,2130,-0.014677531250494348,-0.015406168271332465,4240.630708016869,-5338.436657897624,28134,46378
0,154,74689,2130,-0.014660911753415487,-0.014821760155020519,4243.407420907812,-5338.41625885868,28105,46296
0,155,74614,2130,-0.01462713753094127,-0.014873527696915427,4245.0938881915445,-5336.483127925189,28146,46178
0,156,74561,2130,-0.014674906573606733,-0.014828985029582272,4243.037809005698,-5337.213518040387,28156,46109
0,157,74500,2130,-0.014557550659689403,-0.014908603449122194,4258.371693778387,-5342.909217925268,28089,46114
0,158,74525,2132,-0.014511647604840137,-0.014815751122236428,4268.008487299751,-5349.48902505048,28135,46117
0,159,74548,2132,-0.014523695441244131,-0.014736472043978294,4281.3757782036255,-5364.088225957503,28140,46129
0,160,74509,2132,-0.014452888470458244,-0.014605360065740208,4291.478446231363,-5368.348713276728,28101,46098
0,161,74410,2132,-0.014398276819307741,-0.014679624200250574,4297.638082340751,-5369.013860465453,28084,45999
0,162,74389,2131,-0.014282130848711027,-0.014765212979049388,4312.249852764022,-5374.6832844687815,28095,45989
0,163,74313,2132,-0.014477239999181732,-0.014757825673030429,4301.5996290114645,-5377.446765070681,28097,45928
0,164,74263,2132,-0.01435915689052283,-0.014398034253279787,4312.126060144007,-5378.480128304924,28058,45902
0,165,74226,2132,-0.01438496582399419,-0.014228701899522429,4315.55336708347,-5383.291840335292,28053,45861
0,166,74166,2131,-0.014395923088696968,-0.0144924692328476,4320.406031971837,-5388.094063768152,28095,45791
0,167,74140,2131,-0.014359923144213561,-0.01440869326395523,4329.912117744857,-5394.5568196568365,28010,45838
0,168,74116,2131,-0.014383539440371443,-0.014468597257091714,4337.467975061363,-5403.518384223939,27978,45841
0,169,74163,2131,-0.014330273741696006,-0.014188762084062558,4349.471487405474,-5412.247578910889,28050,45805
0,170,74177,2131,-0.014327873855414537,-0.01413794133042054,4363.369999251835,-5426.16869822493,28031,45829
0,171,74139,2131,-0.01408241439648841,-0.014355988000091054,4391.942670971627,-5435.998791912881,27974,45868
0,172,74116,2131,-0.013841291454283425,-0.0142428371089321,4413.755039701719,-5439.6161971274,28036,45792
0,173,74011,2131,-0.013795933886297405,-0.014328314985765296,4420.990878174484,-5442.041741033244,28005,45725
0,174,74003,2131,-0.013838514045448351,-0.01447564206356433,4425.011914985362,-5449.103469890655,27927,45765
0,175,73947,2131,-0.01358593759570943,-0.01372421833782768,4439.53880544276,-5444.178132832679,27972,45694
0,176,73959,2131,-0.013532905967373634,-0.013789652784949927,4454.668504051878,-5455.548696492851,28039,45616
0,177,73941,2131,-0.013400111394273294,-0.014319746604655714,4468.407744076069,-5459.22538068005,28044,45607
0,178,73960,2131,-0.013202415273613401,-0.014031755372083296,4490.994749834733,-5467.445383471168,28040,45616
0,179,73819,2124,-0.013059399713923024,-0.014061632597243915,4501.606199683529,-5465.638027165624,27992,45503
0,180,73775,2124,-0.013115821610289008,-0.01390896384141906,4498.196367786538,-5465.816107085606,27986,45489
0,181,73774,2123,-0.013045603359182744,-0.014186961215658506,4507.723765367848,-5470.150107588196,27930,45537
0,182,73745,2124,-0.013126632083016917,-0.014384048621921487,4514.1775657450435,-5482.201048707122,27927,45548
0,183,73777,2124,-0.013308863283154965,-0.014345686195225813,4518.436294936002,-5500.324301377304,27924,45561
0,184,73684,2124,-0.013223917962670282,-0.014195092531847217,4530.774779266117,-5505.165950427544,27878,45496
0,185,73671,2124,-0.013162542192627351,-0.014377193300488826,4534.4427672587635,-5504.140413131807,27953,45437
0,186,73625,2124,-0.01353471188248607,-0.014301217549885968,4521.5615710081565,-5518.0547333562035,27869,45460
0,187,73606,2124,-0.013501276224903784,-0.013730651515566843,4528.7299426282625,-5522.50488043854,27799,45542
0,188,73673,2124,-0.013364845442964282,-0.013894494854082867,4542.955666322324,-5527.583924641825,27860,45531
0,189,73633,2124,-0.013198577441794463,-0.014209082600657395,4558.642384533584,-5530.493237305227,27883,45459
0,190,73544,2124,-0.013485233052633525,-0.014232719765650933,4543.662827529566,-5535.420807152474,27846,45411
0,191,73498,2124,-0.013513236073061966,-0.014233110278198432,4546.485846083004,-5539.681670980925,27902,45313
0,192,73503,2124,-0.013731430301556293,-0.014529663487359637,4531.626416031212,-5540.92773748649,27969,45245
0,193,73523,2124,-0.013994337623594262,-0.0142574165575932,4518.228517221816,-5547.1342023213265,27927,45302
0,194,73511,2124,-0.014059912357283384,-0.01426629846516336,4519.9342312649505,-5553.4924485612055,27955,45261
0,195,73446,2123,-0.0140608285310272,-0.014944112188722587,4529.072679100017,-5561.784291389833,27876,45259
0,196,73446,2124,-0.014181932416642451,-0.015043650560633646,4520.536646864764,-5562.14285513748,27939,45232
0,197,73516,2124,-0.014387787877962684,-0.01510725250223312,4522.59458617402,-5580.327199810323,27887,45350
0,198,73470,2124,-0.01434158768480805,-0.014998326312722004,4530.842039631725,-5584.518486834579,27861,45312
0,199,73451,2124,-0.014514682684216476,-0.015164887069031765,4522.918281365432,-5589.036239203827,27917,45255
0,200,73342,2124,-0.014607022012307406,-0.014693522873395875,4522.224926333963,-5593.533134760623,27827,45229
0,201,73315,2124,-0.014813206700696297,-0.015415360982109954,4517.865130507892,-5603.895379769419,27825,45233
0,202,73203,2123,-0.01470065108382092,-0.01496869626534218,4523.466387838019,-5599.598149126974,27830,45112
0,203,73123,2124,-0.014916547748700323,-0.014679557847533916,4512.029323197926,-5602.77204422614,27764,45104
0,204,73130,2124,-0.014872717015514427,-0.015115639005838356,4525.24694464841,-5612.88873999297,27737,45123
0,205,73084,2124,-0.014643347147241232,-0.01487540496566591,4544.941732411289,-5615.136115320266,27696,45094
0,206,73010,2124,-0.014526196864137912,-0.015187373854229372,4553.923322749977,-5614.480955800673,27671,45032
0,207,73032,2123,-0.014404562213604033,-0.014948263725730866,4570.970148163869,-5622.964135747795,27710,45087
0,208,72960,2124,-0.014188385890560285,-0.015009206063799081,4585.174963421409,-5620.359597996675,27678,45029
0,209,72849,2117,-0.014231321934941657,-0.015229250844006286,4587.2512748148765,-5623.988846453436,27597,44980
0,210,72865,2117,-0.014205295470322916,-0.015176639804256426,4593.065292105061,-5628.134146550133,27572,45026
0,211,72809,2117,-0.014179443942017297,-0.015055184685055605,4601.324691917219,-5633.715825891535,27557,44966
0,212,72790,2117,-0.014262543987371937,-0.015123896182338668,4600.890261536692,-5639.060838377487,27514,45009
0,213,72746,2117,-0.014486319356833836,-0.015433858481651108,4597.417316380987,-5651.239104313207,27458,45017
0,214,72706,2117,-0.01452301012539174,-0.01564107775958897,4606.117724605712,-5662.027698782453,27387,45042
0,215,72614,2117,-0.014314632265250078,-0.015491149572607546,4620.28201206362,-5659.72471937247,27337,44985
0,216,72657,2117,-0.014440625535481158,-0.015632898018051306,4619.740806652691,-5668.953336184122,27324,45053
0,217,72708,2118,-0.014329154934045811,-0.015724825526019153,4636.9170428380485,-5678.761239782633,27329,45107
0,218,72683,2118,-0.014342364246230492,-0.015849703554604844,4639.817258811081,-5682.263319319853,27310,45093
0,219,72614,2117,-0.014115576592576921,-0.01570302399287112,4654.970668434403,-5679.959147127783,27408,44954
0,220,72605,2118,-0.0141620915968047,-0.01566080577463936,4664.071446727501,-5692.310107113492,27311,45031
0,221,72576,2118,-0.013833832804061589,-0.01535493626033611,4681.326428338999,-5685.330677926588,27351,44966
0,222,72608,2118,-0.013930650308506555,-0.01525917601016038,4689.8515150525855,-5701.328172652616,27378,44979
0,223,72542,2117,-0.014439711632725998,-0.015049465356655897,4664.965286563535,-5712.4508478247535,27338,44920
0,224,72661,2117,-0.014481390142396484,-0.015591809689345997,4670.0183044713685,-5722.250593608054,27373,45042
0,225,72653,2116,-0.014555273678845257,-0.015940212930850822,4675.1761868127505,-5732.660485401893,27423,44985
0,226,72665,2116,-0.014528725915977902,-0.016097766612881273,4681.731839248542,-5737.461707933085,27422,44980
0,227,72687,2117,-0.014382814478480823,-0.016438784496340994,4703.399720457143,-5748.843356454479,27401,45017
0,228,72800,2116,-0.014493653118578859,-0.01621314506933168,4715.525688546799,-5770.66363557934,27399,45153
0,229,72838,2118,-0.014358076418552941,-0.016249691942731702,4731.945337186395,-5777.7589073609415,27405,45149
0,230,72810,2118,-0.014559838553142608,-0.01660511811533195,4721.474633180869,-5781.576478235179,27385,45173
0,231,72848,2118,-0.014326339998414258,-0.01654333350670535,4738.611583609392,-5782.256799813868,27404,45194
0,232,72811,2118,-0.014681857964770239,-0.015995618198533366,4721.605356225706,-5790.606116498586,27316,45228
0,233,72758,2118,-0.014817479328758742,-0.01661330245264796,4711.559538435362,-5789.649699437176,27365,45142
0,234,72753,2118,-0.015253072628531294,-0.016354181005297487,4694.707311785837,-5804.414104729364,27283,45208
0,235,72794,2118,-0.015390528213677186,-0.01658191825062223,4696.182303033381,-5816.520413819811,27277,45256
0,236,72754,2118,-0.015611966233902184,-0.016369002700355597,4684.344015548275,-5820.177006929614,27334,45164
0,237,72703,2117,-0.015638177287798215,-0.01653468871815272,4689.59388267276,-5826.536286027539,27231,45229
0,238,72704,2117,-0.015872663858677506,-0.016138863776576706,4683.489421381214,-5837.495574562503,27221,45248
0,239,72695,2117,-0.01566775503489589,-0.016361657364521387,4709.982675253122,-5848.950127514863,27160,45294
0,240,72667,2117,-0.015961204353413975,-0.01658114780286597,4696.876964128428,-5856.729800877942,27158,45246
0,241,72598,2116,-0.015705931712419862,-0.016704972286459945,4717.898614167208,-5858.117844625454,27208,45150
0,242,72569,2117,-0.015855706669419486,-0.01740752881686066,4711.2595954222315,-5861.892372715337,27141,45174
0,243,72612,2116,-0.01598015685361826,-0.016768554209155396,4711.825451722519,-5872.1766011774425,27103,45257
0,244,72630,2117,-0.01637665448374268,-0.017173599696971034,4695.521368049652,-5884.9577832038885,27136,45256
0,245,72510,2117,-0.01671884024323634,-0.01707610022061818,4687.0893496131475,-5899.372455650209,27058,45190
0,246,72524,2117,-0.016895141316547672,-0.01771224601836995,4687.745858980529,-5913.049087821834,27020,45246
0,247,72584,2117,-0.017256647623973238,-0.016883984959245965,4679.197049391855,-5931.753560530338,27012,45289
0,248,72541,2117,-0.017365564463126135,-0.016508491613816647,4678.695559371365,-5938.410971091006,26975,45286
0,249,72486,2116,-0.017271663815838223,-0.016725850123616885,4685.066124509585,-5937.0199478644445,26976,45261
0,250,72464,2116,-0.01743254890702796,-0.017036316942127254,4683.600764387423,-5946.832988386291,26958,45246
0,251,72466,2116,-0.017595775442802962,-0.01706423595505262,4670.071194026805,-5945.166657264988,26957,45267
0,252,72447,2116,-0.01756223294315173,-0.016834331758214856,4677.561542738935,-5949.892632771443,26875,45294
0,253,72537,2116,-0.017565837263562145,-0.016958888062255432,4689.323885802937,-5963.497023389943,26963,45304
0,254,72559,2116,-0.017372648939844443,-0.017495697466245408,4704.434964319766,-5964.976998745919,26993,45322
0,255,72579,2116,-0.01749323772973387,-0.01786569438500072,4713.944204961951,-5983.58590614829,26995,45328
0,256,72608,2117,-0.01755934914890904,-0.01760882544619073,4714.028123296932,-5988.97734630092,26980,45381
0,257,72582,2115,-0.017850339910821727,-0.017632033236556287,4693.3924145799265,-5989.0057859871895,26969,45369
0,258,72635,2116,-0.017977304046578463,-0.017719476514319207,4694.205029681896,-5999.986509105119,26972,45407
0,259,72597,2117,-0.01794686393481611,-0.016845297769032753,4699.509884023386,-6002.398365099222,26947,45404
0,260,72634,2115,-0.01785557459489262,-0.017862259881256115,4711.003160845442,-6007.924965970871,26973,45390
0,261,72744,2117,-0.017812321043672773,-0.017542296529845458,4723.269461263116,-6019.008943264045,27072,45392
0,262,72746,2117,-0.017580828188774315,-0.01808096459315289,4744.10751060199,-6023.042438022533,27028,45439
0,263,72688,2117,-0.017770539137619966,-0.01814650297767468,4737.525576671452,-6029.230525506782,27008,45399
0,264,72724,2116,-0.0180164307326119,-0.018076910534951248,4728.540685444089,-6038.767594042546,27068,45400
0,265,72716,2117,-0.01779131407183246,-0.018433393658164373,4747.198624565072,-6040.911818612427,27062,45356
0,266,72697,2116,-0.01792454786939959,-0.018218792409431927,4747.667987166819,-6050.728843628549,27031,45397
0,267,72741,2117,-0.018127855537099256,-0.0182166017510522,4742.370307140499,-6061.00864676463,27079,45413
0,268,72700,2117,-0.018150720537928402,-0.018147755467855808,4746.178438693152,-6065.735821800538,27086,45348
0,269,72744,2117,-0.018282758250166314,-0.01842376433527451,4751.718974063059,-6081.6799402131655,27022,45470
0,270,72773,2117,-0.018451822938405908,-0.018976818293726366,4744.014588129635,-6086.809098826232,27081,45417
0,271,72823,2117,-0.01849278871802844,-0.018957382133204467,4750.497206037086,-6097.197558850065,27038,45531
0,272,72750,2116,-0.018610500938745878,-0.019175497747556062,4749.8482660898435,-6103.762209383619,26943,45507
0,273,72704,2116,-0.018733707121154426,-0.018910990722562818,4748.5350234009975,-6110.5504659374155,26921,45520
0,274,72727,2117,-0.018633775914584087,-0.018956879157621166,4765.952104669075,-6121.130725609036,26957,45506
0,275,72713,2115,-0.01839786294413602,-0.018785394217304956,4790.0502879444675,-6127.8140962014295,26985,45464
0,276,72761,2117,-0.018466576288430753,-0.018942349553330073,4795.806421491853,-6139.452978814362,26933,45558
0,277,72782,2116,-0.01836687744008811,-0.018509246663940368,4807.013134136732,-6143.791207981233,26953,45564
0,278,72741,2116,-0.018367961943088987,-0.01821154095337591,4811.768570689484,-6147.872490391735,26913,45580
0,279,72739,2118,-0.01841822399514649,-0.018989821287188503,4810.597230819467,-6150.3204260024195,26877,45619
0,280,72712,2117,-0.018447575409796104,-0.018786326074076477,4811.4143585977135,-6152.774461794807,26799,45652
0,281,72736,2118,-0.018203480793228,-0.019059884403591763,4832.016342516215,-6156.064721492434,26846,45630
0,282,72824,2118,-0.018302235969771506,-0.018759223254680782,4835.152689988039,-6167.994722250689,26868,45709
0,283,72809,2118,-0.018462410324837954,-0.018898235877157044,4835.78402738693,-6180.013660728041,26828,45721
0,284,72881,2118,-0.01866921556401835,-0.018911238365346743,4833.293827620521,-6193.92492714176,26864,45782
0,285,72865,2118,-0.018581882631514307,-0.018513856410587032,4847.1874928291145,-6201.156370774401,26819,45799
0,286,72869,2116,-0.01873207365159921,-0.01867813567909047,4838.674474672105,-6203.661949590508,26824,45789
0,287,72899,2117,-0.01884242672820065,-0.019000892650287676,4837.782501421406,-6211.376567480497,26802,45827
0,288,72979,2116,-0.018798503826299603,-0.018625046827962566,4850.367730782586,-6222.2637415221025,26884,45859
0,289,72959,2117,-0.01872744542022954,-0.018604690946926874,4863.499165282568,-6229.8348556971,26818,45891
0,290,72991,2117,-0.01886720665599511,-0.018902507003651772,4857.91385280215,-6235.050133829896,26855,45880
0,291,72966,2117,-0.018469605050597266,-0.019017520606758563,4888.244984965065,-6235.898187086937,26852,45850
0,292,73043,2118,-0.01844303261493498,-0.018392112428363857,4898.772699493743,-6245.907130786448,26872,45940
0,293,73030,2117,-0.01865148200713895,-0.018379878686240622,4888.925169387703,-6251.042900369058,26889,45903
0,294,73083,2117,-0.018681807284995664,-0.01850724210617982,4886.825355914848,-6252.147877724204,26995,45830
0,295,73098,2118,-0.018641742050502473,-0.018880619846423245,4891.761760033496,-6254.435820441123,26973,45869
0,296,73185,2118,-0.018742928909838474,-0.01847323187521761,4889.040646997197,-6260.741899263722,26997,45976
0,297,73127,2117,-0.0185459006050926,-0.01845886055640745,4897.934347977483,-6254.140421526098,27019,45866
0,298,73169,2118,-0.018479569636731266,-0.017729972974535515,4899.196494511571,-6251.328125261578,27011,45919
0,299,73230,2118,-0.018178375547830507,-0.017365153150987713,4920.198344837153,-6251.400786204762,27040,45949
0,300,73261,2117,-0.018015545219314855,-0.017511174418470388,4933.837374457148,-6253.674232769359,27067,45938
0,301,73244,2117,-0.018084114545431768,-0.018003685165812175,4934.363191452203,-6258.9160772177875,27056,45911
0,302,73317,2117,-0.017854882042365468,-0.017952154960961957,4961.98694186453,-6271.053328564661,27049,46025
0,303,73416,2115,-0.018162008879335487,-0.01803275320434973,4951.655856115268,-6285.037900000539,27005,46142
0,304,73529,2115,-0.018213988243797517,-0.017505981114621868,4956.5703355074675,-6295.826677085635,27098,46138
0,305,73518,2117,-0.018318102364381007,-0.017164754961548047,4966.737495260409,-6313.447744884947,27040,46212
0,306,73548,2117,-0.018136482936817567,-0.017308324709991788,4985.77382005868,-6319.675867095727,27031,46245
0,307,73647,2117,-0.017935332787473845,-0.017885204069192178,5001.9946382278795,-6322.87809202698,27058,46303
0,308,73670,2116,-0.01789232715713638,-0.018038113063685093,5013.845479206065,-6331.973220872332,27054,46321
0,309,73712,2117,-0.017991230334785814,-0.017625451303668476,5014.0858364868855,-6340.25540692462,26984,46456
0,310,73806,2117,-0.018042752915877643,-0.018131925326786914,5015.964057786384,-6347.627479495665,27029,46518
0,311,73953,2116,-0.01813565766918432,-0.01815120431342787,5017.905124503673,-6359.091416112855,27051,46632
0,312,73947,2117,-0.018278441434724922,-0.01811886557831955,5015.23906866892,-6366.874977442508,27008,46666
0,313,74032,2117,-0.018674720035714864,-0.01823659773062759,4998.013295841773,-6380.540169525806,27073,46685
0,314,74124,2117,-0.019069626000433312,-0.018134005961330083,4981.179512977074,-6394.696470633186,27062,46802
0,315,74239,2118,-0.019232667878298065,-0.018436751323246636,4985.386488219257,-6413.200518836211,27198,46787
0,316,74215,2117,-0.019554949680687602,-0.018298147565366223,4968.647392042915,-6419.917982595152,27185,46769
0,317,74257,2117,-0.019637841979165235,-0.01826027482629417,4971.27871875796,-6429.525950604843,27193,46787
0,318,74319,2116,-0.019550224332106438,-0.018484377647837915,4991.930553945093,-6444.883676082925,27255,46802
0,319,74440,2117,-0.019532323298008386,-0.01846340491334425,5002.5038419012635,-6456.48998820502,27256,46919
0,320,74544,2117,-0.019850422499394164,-0.018519196599153197,4988.602254957658,-6468.332149752477,27354,46939
0,321,74553,2118,-0.019758041430322906,-0.018859770402846688,4997.859555683058,-6470.880818437943,27367,46937
0,322,74654,2117,-0.020174071417859252,-0.019183444348498505,4978.229924042738,-6484.305051671605,27360,47016
0,323,74725,2118,-0.019897477871275743,-0.018605743877580662,4993.982512383555,-6480.821546314643,27391,47062
0,324,74810,2117,-0.019969708354360377,-0.01862021814481808,4991.8592913034045,-6485.793173293128,27470,47091
0,325,74835,2117,-0.01991776109097406,-0.01879491303692655,5001.600710507309,-6492.146361750322,27508,47091
0,326,74892,2116,-0.01972814795385356,-0.01878656672441433,5017.406784487295,-6494.887241047302,27566,47062
0,327,74996,2117,-0.019632202979536762,-0.018527649099857234,5032.6127794941785,-6504.949474147495,27601,47124
0,328,75045,2118,-0.019617482576595142,-0.019322210492371192,5037.063625762575,-6509.257605723162,27591,47180
0,329,75041,2116,-0.01941003070178182,-0.019487171673050155,5051.461853647672,-6508.009967540079,27572,47195
0,330,75146,2117,-0.01955298187942914,-0.018921115139983426,5046.802027255978,-6516.13040356758,27703,47182
0,331,75161,2117,-0.019576354749831278,-0.019279007287412112,5051.0552889426635,-6522.433688294714,27634,47250
0,332,75175,2115,-0.019646130208744277,-0.018721541002217807,5046.464145749643,-6523.361984191999,27623,47288
0,333,75230,2115,-0.019571040838527242,-0.01858989873630077,5053.232165063892,-6525.561567346276,27664,47273
0,334,75236,2117,-0.01931049626871092,-0.018581119781897307,5067.417407308261,-6520.26190458101,27657,47287
0,335,75313,2117,-0.019146058221222437,-0.018548113797694377,5075.610094098136,-6517.557176913058,27741,47287
0,336,75325,2118,-0.01930254094451099,-0.01877502217592198,5063.914296372128,-6517.878193017419,27729,47309
0,337,75285,2117,-0.019312975611636855,-0.018517473025898408,5059.940762545606,-6513.918131467696,27742,47292
0,338,75306,2117,-0.01938485080435168,-0.019100741531390544,5052.7135088633895,-6512.509083535903,27732,47305
0,339,75243,2118,-0.01937653043208407,-0.01934540677586035,5042.141845795991,-6500.090125097312,27699,47291
0,340,75248,2117,-0.01957798549555601,-0.01942060646570909,5032.237342780858,-6505.4415953504395,27681,47297
0,341,75033,2117,-0.019747773952727667,-0.019173304122925266,5005.849340144859,-6487.584063139898,27547,47208
0,342,74850,2117,-0.020027638770903796,-0.01867730274480259,4971.4363500195805,-6470.505112021764,27511,47075
0,343,74686,2117,-0.020366768506462088,-0.01892308079628423,4931.943133672884,-6453.055606346518,27451,46987
0,344,74315,2117,-0.020621784206113266,-0.019825592845737563,4891.520902127692,-6424.0287954049845,27265,46793
0,345,72013,2117,-0.02078831200630343,-0.019918723303961338,4755.125154604571,-6252.153867114494,26367,45394
0,346,69755,2117,-0.02083971017647487,-0.01986370153842735,4627.809393853395,-6081.483377213402,25428,44065
0,347,67530,2117,-0.02132526974948089,-0.02012985833900264,4474.363744786348,-5914.459210968789,24580,42711
0,348,65195,2117,-0.0219156667444692,-0.02034610097997141,4318.100855140479,-5746.89274854614,23614,41354
0,349,62911,2116,-0.02224834664098322,-0.020843938430152604,4168.40252715675,-5568.0682626876505,22729,39960
0,350,60574,2116,-0.02258401112577994,-0.020457001279305317,4017.0175627056515,-5385.021452638654,21866,38487
0,351,58286,2116,-0.022993069111470855,-0.021273965780003564,3870.972840622799,-5211.146866853975,20998,37094
0,352,56011,2116,-0.023479115047735522,-0.021253380613183374,3718.242873967814,-5033.331586906548,20102,35697
0,353,53639,2116,-0.023751928691483227,-0.02160523315927005,3571.8902191608718,-4845.919922243325,19204,34229
0,354,51321,2114,-0.02421802926607415,-0.02202678539222372,3429.6613703957355,-4672.554850359909,18256,32862
0,355,48977,2113,-0.02455463743287868,-0.021136061323619757,3283.172730922712,-4485.785208472819,17346,31450
0,356,46677,2109,-0.025064168528769536,-0.02011568307072863,3130.7685163670017,-4300.688710784374,16446,30048
0,357,44332,2103,-0.025469627140522227,-0.019461609765576367,2984.4143894456815,-4113.533899839303,15513,28643
0,358,41998,2098,-0.026255137271331594,-0.01933364069722127,2823.3680966918046,-3926.03135181319,14648,27189
0,359,39590,1059,-0.026566838891952056,-0.022765032635196317,2677.6880807961456,-3729.4692325285246,13732,25701
0,360,39588,1059,-0.026461596901459244,-0.02250717077423903,2678.9081981581026,-3726.469896293058,13725,25706
0,361,39638,1059,-0.02643585971629968,-0.021252546048744308,2679.161762867311,-3727.0263703019905,13778,25698
0,362,39653,1059,-0.026470627894321815,-0.020987621987248344,2675.906155217507,-3725.5459631110484,13767,25720
0,363,39654,1059,-0.02663089676030235,-0.02107625289982523,2663.423354073602,-3719.4449342066305,13816,25687
0,364,39657,1059,-0.027039292585371445,-0.02313685521837935,2642.2111216591024,-3714.508347717173,13749,25750
0,365,39676,1059,-0.026921037934479728,-0.023112240770808926,2639.958806346634,-3708.0779074350467,13829,25685
0,366,39623,1059,-0.02673931791307618,-0.021478912581523794,2634.63975239795,-3694.1317460677715,13818,25638
0,367,39478,1059,-0.026504788572146176,-0.02126980203204588,2621.580444365774,-3667.93648761697,13777,25550
0,368,39424,1059,-0.02604061186141513,-0.021971285025033635,2611.6785447748593,-3638.3036267992848,13813,25451
0,369,39314,1059,-0.02594723225388239,-0.02320204645182599,2595.360606983154,-3615.4500958122926,13816,25337
0,370,39269,1059,-0.025405423516273878,-0.022611284082264312,2598.596607733571,-3596.2421837941333,13797,25310
0,371,39006,1059,-0.02480393956287662,-0.022490404479041475,2584.270845077317,-3551.77331166689,13746,25077
0,372,38736,1059,-0.024341094726641612,-0.02116235659466955,2568.078706578161,-3510.9553519093447,13684,24894
0,373,38447,1059,-0.023923100979299585,-0.020777890268268078,2549.752451812726,-3469.5239151638584,13567,24706
0,374,38064,1059,-0.024109705088634793,-0.021619800563777335,2510.1019088273883,-3427.8137233211805,13455,24437
0,375,35603,1059,-0.024463677841097636,-0.022812112262292492,2346.631168058722,-3217.611490235322,12580,22842
0,376,33196,1059,-0.02476790355480941,-0.022443575843784615,2185.80981154348,-3008.005137948938,11717,21342
0,377,30737,1059,-0.024961170955500836,-0.02317703021674359,2027.3095788027867,-2794.5410904620117,10834,19757
0,378,28304,1059,-0.025138795343555675,-0.023722894475363958,1867.402285366005,-2578.9307487700057,9982,18187
0,379,25808,1059,-0.025436943165046185,-0.02485468542872978,1703.5002677539264,-2359.9768969574366,9101,16575
0,380,23313,1059,-0.02557549592067545,-0.025286627993392128,1547.4560452540788,-2143.6975816527793,8212,14981
0,381,20807,1059,-0.025869337362528062,-0.025919992177989074,1388.1084061608606,-1926.3717086629836,7307,13394
0,382,18351,1059,-0.02603536310699029,-0.02666087445824239,1228.6484447201121,-1706.4233930964915,6422,11841
0,383,15847,1059,-0.02619162216057042,-0.027814565094231584,1069.6374819677076,-1484.696118346267,5534,10242
0,384,13344,1059,-0.02720023628984444,-0.02842929384846412,896.7564113034008,-1259.7163643550841,4650,8631
0,385,10769,1059,-0.028321527538223472,-0.029053219979295865,722.4583546726668,-1027.4528847317943,3739,6995
0,386,8189,1059,-0.03029011681707521,-0.031000342244154995,547.4202846867553,-795.466051301786,2817,5332
0,387,5575,1059,-0.0325537016810051,-0.03211280180992533,370.8004853045857,-552.2873721761891,1907,3648
0,388,2843,1057,-0.03476498783068082,-0.033885064390911906,188.53911855685692,-287.3759789594818,951,1877
1,0,91685,2132,0.0,0.0,0.0,0.0,0,0
1,1,83399,2132,-0.00020389999831796641,-0.00016190706877577274,561.655393180814,-578.6604491405353,38769,40897
1,2,82385,2132,-0.0005779054652977396,-0.00040060133525327,743.2153058351131,-790.8260475936703,38089,41699
1,3,81688,2131,-0.0010035347191879476,-0.0006700317086736473,863.6746843063356,-945.6514284473615,37617,42088
1,4,81197,2132,-0.0014658599247455483,-0.0011155617184730989,956.2493117914886,-1075.2727401010586,37035,42359
1,5,81066,2132,-0.001913790122913171,-0.0015916462710064373,1047.326867608306,-1202.4701777123848,36675,42818
1,6,81095,2132,-0.0022178735401198247,-0.0017434121017755168,1142.437438832593,-1322.295893568607,36592,43118
1,7,80948,2132,-0.0025663653131184853,-0.0021076964456163,1219.4979996187947,-1427.2401389851104,36253,43291
1,8,80813,2132,-0.002912836146149675,-0.0022468323834452728,1285.1114579815473,-1520.5064854603413,36003,43581
1,9,80709,2132,-0.003218631266270717,-0.0024638497320534436,1345.8336485255704,-1605.606159395011,35772,43738
1,10,80696,2132,-0.0035961749905371633,-0.0029604310129330083,1406.6916336094155,-1696.888570645802,35553,44052
1,11,80714,2132,-0.003865269373326883,-0.003053138115319509,1465.770277201213,-1777.751629399923,35408,44249
1,12,80649,2131,-0.004155268032186135,-0.0031827002678843207,1515.9281409234961,-1851.0463524512763,35204,44400
1,13,80543,2132,-0.00447615629735475,-0.003294758863918226,1561.3493867900725,-1921.872443447908,34953,44595
1,14,80477,2132,-0.0048058626808956326,-0.003621457073496665,1597.6126587157107,-1984.3740696861494,34884,44650
1,15,80428,2132,-0.0051430217334992,-0.003966707495909172,1630.65419666146,-2044.2971486433314,34666,44781
1,16,80347,2132,-0.005416077430468835,-0.004216638585925844,1670.9989431881986,-2106.164516494078,34419,45044
1,17,80259,2130,-0.005650877300276069,-0.004322619468008802,1707.8026035692544,-2161.33636481212,34261,45098
1,18,80173,2132,-0.005847024847929843,-0.004331199350982865,1744.0387047140212,-2212.8122278471046,34224,45137
1,19,80105,2132,-0.006052343048317057,-0.00443070858743551,1779.813824858654,-2264.6367647440907,34116,45164
1,20,80015,2132,-0.006281253657341479,-0.004495062062195995,1810.606966257903,-2313.2014776500896,33928,45278
1,21,79999,2132,-0.006398552684254441,-0.004905954462723122,1849.4780627371724,-2361.35587892484,33928,45286
1,22,79978,2132,-0.006457963170462056,-0.004737989009972032,1890.5721161080567,-2407.0670945552592,33850,45356
1,23,79908,2132,-0.006630463255331834,-0.004921398173720108,1920.320356081679,-2450.1474138887393,33733,45483
1,24,79828,2132,-0.0066705267017346855,-0.004826408763084078,1955.877767239793,-2488.3725727858596,33614,45426
1,25,79825,2132,-0.0067526157799790995,-0.0050289947887084486,1993.0677158874748,-2532.0952705243017,33537,45561
1,26,79697,2131,-0.006808231937388214,-0.005145328674354804,2028.4511882141273,-2571.046848928153,33374,45633
1,27,79711,2132,-0.006962693180406964,-0.005075128427786208,2062.029800997955,-2617.03303710138,33267,45773
1,28,79619,2132,-0.007172589982337103,-0.0051741262869835864,2089.157593068032,-2660.2320348717335,33063,45882
1,29,79547,2132,-0.007406670488472651,-0.005292284468163381,2113.749374380375,-2702.9277917268973,33020,45826
1,30,79561,2132,-0.0076755763999364094,-0.005672504431280492,2133.385049222517,-2744.061583177862,32858,46014
1,31,79461,2132,-0.007850620893963454,-0.005566292952362317,2156.091113962803,-2779.909300818037,32640,46147
1,32,79456,2132,-0.007948920286606135,-0.005697807116470631,2182.204729632203,-2813.7941399247766,32578,46212
1,33,79448,2132,-0.008117960793942322,-0.005965504972237839,2205.3727850690166,-2850.328534226148,32557,46222
1,34,79389,2132,-0.008202231933974317,-0.006203878032542346,2232.471722021597,-2883.638713027882,32515,46174
1,35,79272,2132,-0.008285059765110825,-0.006212428226575925,2258.151622717078,-2914.924880416943,32499,46156
1,36,79294,2131,-0.008402965474396104,-0.006436093575860393,2283.1873672691,-2949.492111595867,32336,46344
1,37,79190,2132,-0.008460710759539804,-0.006213312630436341,2308.578798361132,-2978.5824834090868,32293,46268
1,38,79220,2132,-0.008568295255729894,-0.006262677415082604,2331.528668103966,-3010.3090182628907,32265,46315
1,39,79108,2132,-0.008624220808580925,-0.00658663513643758,2358.3738983943417,-3040.6187581195586,32162,46303
1,40,79013,2132,-0.008724225934746638,-0.006753761721575485,2379.4785711308623,-3068.8058349130133,32090,46285
1,41,79020,2132,-0.008860521583925484,-0.006507898587369461,2402.205285230516,-3102.3637007923153,32120,46330
1,42,78940,2132,-0.008932023461765281,-0.006574014956087124,2418.7155342584115,-3123.8094663301663,32014,46332
1,43,78940,2131,-0.00902344477473603,-0.006761931290492794,2435.491749359935,-3147.802479877603,32063,46319
1,44,78874,2131,-0.00923181994312571,-0.0071416806066376196,2445.589389112008,-3173.7399553061096,31941,46312
1,45,78782,2132,-0.00924991481216536,-0.006979952841317549,2463.0992511680756,-3191.826039900091,31910,46293
1,46,78793,2132,-0.009357759242243056,-0.00727947768266703,2484.7878715853976,-3222.113795559457,31769,46432
1,47,78601,2132,-0.009375535416040512,-0.0071297101669874855,2504.712273965461,-3241.6387332016625,31727,46277
1,48,78579,2132,-0.009517158322849049,-0.006937230707786719,2521.034579595925,-3268.883363447078,31660,46407
1,49,78484,2131,-0.009718865477789279,-0.007301325337817948,2531.501899055882,-3294.2773372147067,31454,46498
1,50,78370,2131,-0.009926923431368053,-0.007609373625157013,2541.921865699624,-3319.8948550159457,31358,46472
1,51,78321,2131,-0.010059110602109282,-0.008032731290145225,2558.54536156621,-3346.3849630340187,31383,46398
1,52,78218,2132,-0.010256898950126346,-0.008154189758510996,2569.7359823284883,-3372.010104409477,31294,46389
1,53,78181,2130,-0.010341784711634059,-0.00800934227083508,2585.7275908341044,-3394.258661374379,31232,46438
1,54,78143,2131,-0.010497793654590505,-0.008387120410452158,2602.5289369056445,-3422.8580264563084,31165,46435
1,55,78079,2132,-0.010722827808599527,-0.009025296873542652,2611.0096125713303,-3448.237285038972,31107,46468
1,56,78132,2132,-0.010948342622621255,-0.009331835315370175,2622.2350556504193,-3477.6509614410693,31070,46511
1,57,78039,2132,-0.011228610912690479,-0.009551428600282859,2623.647245630835,-3499.916812646285,31008,46494
1,58,77951,2132,-0.011404563238453081,-0.009406190597948736,2630.8241566840484,-3519.8212656847195,30916,46501
1,59,77937,2132,-0.011560032610054838,-0.009217672978062873,2643.334431882672,-3544.288693412507,30935,46461
1,60,77909,2132,-0.011679145889986236,-0.009737977130767794,2653.2369811152425,-3563.147558258171,30898,46496
1,61,77824,2132,-0.011823548213088274,-0.009619223727527498,2663.350416507307,-3583.5062326426937,30797,46510
1,62,77698,2131,-0.011932894052653145,-0.009588476416926955,2668.4019977318567,-3595.5639998348943,30801,46382
1,63,77731,2132,-0.01200055962644905,-0.009956036317821665,2681.723868583392,-3614.539368906889,30813,46432
1,64,77710,2131,-0.012054701736021462,-0.009952097814421537,2699.0408001949004,-3635.811672101129,30741,46489
1,65,77648,2131,-0.011981037297266253,-0.010222782468541147,2726.902998185748,-3657.206582243865,30736,46395
1,66,77587,2132,-0.011973571870786414,-0.009808619205269488,2746.7717236026047,-3675.7652443413226,30779,46350
1,67,77536,2132,-0.01204732797327934,-0.009940105115819645,2761.6877104611026,-3695.7893321972947,30698,46359
1,68,77537,2131,-0.012095857953118303,-0.010240405234401838,2774.7390532703976,-3712.6155913813304,30727,46340
1,69,77449,2132,-0.012070034590909707,-0.010179931297280021,2785.3230006674,-3720.1351096987623,30640,46340
1,70,77341,2131,-0.012059629593941572,-0.010247581240233238,2797.4172181055314,-3730.121030530558,30580,46310
1,71,77306,2131,-0.012150932744504454,-0.01027277202352956,2809.1011981925644,-3748.4412049392176,30562,46283
1,72,77269,2131,-0.012324543148950639,-0.010626819093469098,2816.9686154733395,-3769.2737400496144,30538,46289
1,73,77286,2132,-0.012367171371574781,-0.010808974448967099,2833.2519789867597,-3789.0611856102873,30474,46359
1,74,77272,2131,-0.012425127563451452,-0.011065737734474253,2843.722222679023,-3803.836679762043,30401,46476
1,75,77158,2132,-0.012314512154190457,-0.011242609833589304,2862.4005758533444,-3812.5637046463635,30340,46393
1,76,77053,2132,-0.012286988358552632,-0.010710252921196855,2879.704901434076,-3826.454215425636,30323,46343
1,77,76934,2132,-0.012403495726703778,-0.010663564119876566,2884.7578163326675,-3839.008356570898,30248,46295
1,78,76940,2131,-0.012535584595437016,-0.010899983496282304,2892.6904098462037,-3857.1782886191177,30173,46340
1,79,76878,2132,-0.012735431952431459,-0.010981986595054564,2891.3908132821093,-3870.465350921138,30173,46277
1,80,76913,2132,-0.012995816240754495,-0.011177677277295883,2890.0057552558333,-3889.552969780975,30080,46426
1,81,76931,2132,-0.013133694027160378,-0.011516454498000709,2892.4352493142665,-3902.823464517753,30047,46496
1,82,76831,2132,-0.013109759033446031,-0.011208891093419347,2910.1947584510785,-3917.4306547497645,29929,46493
1,83,76805,2132,-0.01320021486748999,-0.011382777754715809,2921.615953985638,-3935.458456883208,29952,46482
1,84,76773,2132,-0.013382910657407232,-0.011422915599467367,2927.6929865461766,-3955.1391864473126,29821,46548
1,85,76738,2131,-0.013472183274542748,-0.01177327959497144,2936.2494887536914,-3970.077888875544,29814,46548
1,86,76647,2132,-0.013580126930792843,-0.011731231037504208,2944.168227971472,-3985.0442168359546,29670,46573
1,87,76622,2132,-0.01352931145753296,-0.011759804775306254,2957.9157888969626,-3994.558691396042,29739,46488
1,88,76527,2132,-0.013590163447162299,-0.011647332162719378,2968.178801405881,-4008.193239526875,29602,46516
1,89,76491,2131,-0.013512431078525249,-0.01126280634862428,2979.8101692630157,-4013.3895348904903,29581,46501
1,90,76376,2132,-0.013615437750106494,-0.011515449181128548,2986.2471421735854,-4026.139815775712,29544,46474
1,91,76351,2132,-0.013756682375188763,-0.01187413030970617,2990.6975319904914,-4041.033988018523,29517,46403
1,92,76412,2132,-0.013736596341542767,-0.011737449626700217,3009.5811250797215,-4059.221924729685,29524,46472
1,93,76373,2132,-0.013818115816404181,-0.011740934561772373,3020.8270782126306,-4076.1580374588684,29503,46469
1,94,76288,2132,-0.013882478698564012,-0.011967669021525766,3034.0248799026176,-4093.091414858675,29420,46457
1,95,76276,2131,-0.013895703181292574,-0.012041110479391198,3045.285490157424,-4105.194146013704,29456,46412
1,96,76189,2131,-0.013879615737814214,-0.012446793495930447,3058.0001529007586,-4115.474196349078,29427,46347
1,97,76180,2132,-0.01374571520988584,-0.012195786180679184,3074.0703599059907,-4121.218944595093,29448,46309
1,98,76120,2132,-0.013855188485824581,-0.012353671781293448,3078.504450585007,-4133.161398125972,29383,46331
1,99,76087,2131,-0.013852877870736921,-0.011939582014376537,3092.536819857502,-4146.560738408251,29424,46275
1,100,76041,2131,-0.013787144479770481,-0.011987380157777276,3110.602439361187,-4158.9906927474085,29362,46273
1,101,75925,2131,-0.013757966952734893,-0.011975794758566777,3123.1103603580214,-4167.684001244412,29367,46181
1,102,75898,2131,-0.013654190289948286,-0.012091400878996055,3140.083899319041,-4176.409633945557,29336,46180
1,103,75846,2132,-0.013597364480471113,-0.011908058529356922,3156.5384652330263,-4187.844171618835,29336,46113
1,104,75848,2131,-0.013523226387456427,-0.012097627353650674,3170.677336964199,-4196.387012000003,29352,46084
1,105,75794,2132,-0.013522682199336769,-0.011838415758430863,3181.066704544171,-4206.004879160685,29363,46020
1,106,75763,2131,-0.013366033688326118,-0.012225895796802293,3201.4593626007827,-4214.110172929417,29393,45999
1,107,75663,2132,-0.013414336799067532,-0.01248290859542122,3210.040991997753,-4225.00995722559,29341,45940
1,108,75565,2132,-0.013416101001287553,-0.011949803521163248,3218.8400299870113,-4232.627702149325,29322,45876
1,109,75514,2132,-0.013357282266029917,-0.011586287865710941,3230.880623764369,-4239.542436801358,29355,45776
1,110,75455,2131,-0.013339587346550686,-0.011320095442244472,3242.8661573091194,-4249.404720543113,29344,45748
1,111,75393,2132,-0.01334458376743156,-0.011456326271898572,3250.2793809861073,-4256.367584964082,29260,45764
1,112,75416,2132,-0.013292469756936676,-0.01165528531942089,3267.120368319087,-4269.5852675082115,29233,45790
1,113,75420,2132,-0.013200544163496076,-0.010736249670269794,3284.1991191731186,-4279.7841599839785,29319,45706
1,114,75434,2132,-0.013185613588757666,-0.011532832429789676,3292.216173021084,-4286.859748475438,29306,45777
1,115,75424,2132,-0.013174733180421996,-0.011731922446243727,3299.8122546545114,-4293.503330054657,29310,45753
1,116,75305,2132,-0.01313775534651686,-0.011490052142665753,3308.5284469031876,-4297.867113272645,29226,45743
1,117,75305,2132,-0.013002544878497271,-0.011753171550809396,3327.3917491345674,-4306.548391209799,29132,45848
1,118,75220,2131,-0.012852650709906113,-0.011366996916554113,3339.9579822047363,-4306.734368603897,29152,45725
1,119,75208,2131,-0.012843252858044054,-0.011193848891883287,3351.6716881343027,-4317.587049082076,29099,45771
1,120,75232,2132,-0.012631634556376534,-0.010962040330036699,3373.981317531603,-4324.284448476914,29069,45799
1,121,75238,2131,-0.01262927842337887,-0.011174329782646732,3379.7202002875083,-4329.9218503056845,29060,45854
1,122,75155,2131,-0.01257489423888922,-0.011182559982714248,3386.548651510209,-4331.614828033933,29091,45700
1,123,75182,2131,-0.012624092625342297,-0.011044299745682424,3390.093899433317,-4339.198431191794,29129,45692
1,124,75075,2130,-0.012699310072990648,-0.010905147583697969,3389.6330365425238,-4343.033740272307,29107,45619
1,125,75141,2130,-0.012755138233825888,-0.011000271809115279,3400.335172971009,-4358.769014998918,29142,45665
1,126,75180,2131,-0.012568194914476343,-0.01096942931762624,3418.934447981051,-4363.811341651376,29095,45729
1,127,75132,2132,-0.012466739484065606,-0.011678616726114597,3431.450212058724,-4368.101282975545,29009,45756
1,128,74990,2131,-0.012323236545042892,-0.011400697172748522,3443.304561018756,-4367.424069531535,29027,45607
1,129,74968,2130,-0.012320688099500425,-0.011248766495585686,3451.662317216187,-4375.31966265954,29065,45548
1,130,74929,2131,-0.012362444456850946,-0.011279203667909117,3454.2868710480857,-4380.592471755456,29081,45481
1,131,74906,2131,-0.01251841037103587,-0.01149161360717281,3454.3561353028485,-4392.0601825556705,29078,45479
1,132,74765,2131,-0.012411395241651548,-0.011119440846924865,3467.4606883161487,-4395.398653558227,29085,45346
1,133,74844,2132,-0.01244818322938569,-0.01114387607656368,3475.2309116076476,-4406.902737227795,29140,45345
1,134,74870,2131,-0.01233075738616772,-0.011770813689574026,3490.7587456484143,-4413.962551150777,29163,45330
1,135,74765,2131,-0.012342394924478644,-0.011763840307162843,3492.6846618687196,-4415.46381839737,29127,45295
1,136,74782,2132,-0.012320535818113203,-0.011946302947657923,3502.8948970156944,-4424.249206565843,29122,45282
1,137,74660,2131,-0.012189727500980227,-0.011573695702479684,3516.1010518206567,-4426.186107043832,29051,45221
1,138,74648,2132,-0.012235861868867413,-0.011739184762348157,3516.4007070377834,-4429.783323824988,29110,45162
1,139,74591,2132,-0.012225815406310726,-0.011863428966587056,3520.177288158566,-4432.113085130688,29117,45111
1,140,74530,2132,-0.012208408935151528,-0.011837552790393816,3526.2205486952357,-4436.113266632075,29068,45090
1,141,74483,2132,-0.012258843698470204,-0.01191660193182995,3532.492249298246,-4445.567704491404,29061,45075
1,142,74532,2131,-0.012246088933859221,-0.011792566393303233,3541.0755348227767,-4453.801035241172,29006,45126
1,143,74423,2132,-0.012114000352382694,-0.011851288435273328,3550.241533944817,-4451.801782170186,28998,45074
1,144,74484,2131,-0.012129454457418129,-0.011510078106619045,3559.681717407689,-4463.132003214022,29037,45088
1,145,74416,2131,-0.012126375055671866,-0.011296127027067789,3560.4539845211502,-4462.850310664039,29025,45017
1,146,74368,2131,-0.01215566471578355,-0.01168012753739327,3563.7464456888038,-4467.738919272196,29018,44987
1,147,74345,2131,-0.012141371595628966,-0.011470658308132254,3570.9595149872034,-4473.609786264237,28963,45009
1,148,74270,2131,-0.01224333231806697,-0.011864818875939322,3568.0141812377506,-4477.326472500575,28953,44958
1,149,74210,2130,-0.012231713117599888,-0.011977567702633493,3578.766131797989,-4486.481562255094,28895,44953
1,150,74129,2131,-0.012402400553884595,-0.011700998915686248,3577.566637564504,-4496.944188223415,28817,44931
1,151,74135,2131,-0.012339484915139063,-0.0115894203447653,3585.9303200403124,-4500.718034224143,28788,44968
1,152,73968,2131,-0.012248844253079894,-0.011260342492316538,3596.6883969956484,-4502.710908707472,28749,44859
1,153,73939,2131,-0.012055560685598628,-0.01136597779130057,3610.9637972101978,-4502.339898742679,28714,44848
1,154,74084,2131,-0.011915500230648053,-0.01123218626558907,3632.0897753054646,-4514.837694392798,28822,44877
1,155,74046,2131,-0.011957644862666919,-0.011425412010426893,3637.799866011396,-4523.215637512439,28752,44915
1,156,74027,2130,-0.011964354530694834,-0.011361892945484644,3642.8591740988345,-4528.544446942575,28735,44932
1,157,73981,2130,-0.011946177291359732,-0.011596649309598767,3657.066812774546,-4540.85695496662,28700,44921
1,158,73923,2131,-0.012007305807397872,-0.011102665246988965,3660.4599272560154,-4548.075994456296,28617,44961
1,159,73827,2131,-0.011955482609734867,-0.011314147936448294,3666.5917353509317,-4549.229149979822,28580,44908
1,160,73859,2130,-0.011826087210046849,-0.01155692808390035,3685.2477207568472,-4558.710696003697,28628,44887
1,161,73689,2130,-0.011733950421912014,-0.011737769838152202,3696.19664227764,-4560.859714917918,28550,44786
1,162,73744,2131,-0.011594658735320156,-0.011855863674157632,3718.3326455320052,-4573.369159309471,28585,44822
1,163,73816,2130,-0.011490047531961194,-0.011636052597828033,3736.2771983424796,-4584.426546961733,28622,44867
1,164,73811,2124,-0.011459443395704703,-0.011985554125495259,3749.608308612614,-4595.441285092978,28650,44784
1,165,73724,2124,-0.011501585249081523,-0.012038914731527166,3753.188392574005,-4601.131263477291,28556,44819
1,166,73688,2124,-0.01150904921939199,-0.012010096229938459,3764.415911550631,-4612.494730429179,28614,44733
1,167,73708,2122,-0.011541608836797107,-0.011759832101716366,3769.4756367901437,-4620.184540932785,28540,44829
1,168,73631,2123,-0.011662681685664512,-0.01190050682828089,3773.192726968276,-4631.927642165437,28489,44817
1,169,73581,2123,-0.011840232449760546,-0.012082546440259079,3765.342073327284,-4636.558217213125,28496,44764
1,170,73586,2123,-0.011932449914479101,-0.011754304270693147,3767.007493849594,-4645.068753256434,28424,44821
1,171,73522,2123,-0.01212358470262027,-0.011942291119526827,3763.5849335610988,-4654.935128067138,28437,44749
1,172,73520,2121,-0.012182455720512577,-0.012287016824532634,3771.907310641897,-4667.561455213975,28423,44761
1,173,73524,2122,-0.012108573475436294,-0.012074886662480954,3782.2681501319616,-4672.53890633995,28391,44787
1,174,73491,2122,-0.012216885981732014,-0.01216483004894563,3779.027657323873,-4676.858825007327,28379,44756
1,175,73389,2123,-0.012485123014192133,-0.011663995711275464,3768.5868400431673,-4684.857532931708,28299,44770
1,176,73404,2123,-0.01265320324384761,-0.012177678747850461,3763.3773629965317,-4692.173093907936,28393,44689
1,177,73377,2124,-0.012859295746338335,-0.012476611942899596,3756.4341258569484,-4700.010669836023,28366,44679
1,178,73307,2123,-0.01303666057949267,-0.011915980377180961,3745.943622534966,-4701.622099635829,28226,44730
1,179,73284,2122,-0.012975955007739796,-0.012458542271400239,3756.034591801328,-4706.964478588529,28348,44592
1,180,73307,2123,-0.013249531427006798,-0.012512076428161201,3751.2869125464426,-4722.570312866057,28381,44569
1,181,73259,2122,-0.013386851338569736,-0.013068625088306338,3751.498639493786,-4732.20598170606,28293,44623
1,182,73242,2123,-0.013318700531885221,-0.012931552117472059,3760.4858421200747,-4735.974106476401,28332,44577
1,183,73193,2124,-0.013197079891484356,-0.013087408286829258,3774.337056883668,-4740.270925381084,28322,44521
1,184,73224,2123,-0.01307352708314226,-0.012873509840200373,3785.680414634884,-4742.97636177091,28441,44483
1,185,73158,2124,-0.013151266160402826,-0.012684279716826051,3781.7727485407218,-4743.893078303463,28349,44482
1,186,73030,2125,-0.01337423733107249,-0.012628876575390654,3769.4620580659252,-4746.182610354154,28345,44374
1,187,72996,2125,-0.01343751694082682,-0.012616314954350477,3772.7804140513977,-4753.665400664001,28281,44380
1,188,72945,2123,-0.01336749237094192,-0.012569140857381114,3783.2261351230395,-4758.317866121401,28219,44426
1,189,72925,2122,-0.013589822971008216,-0.012634482904842695,3778.9604763585403,-4769.998316519322,28201,44426
1,190,72925,2123,-0.013378460080185221,-0.012381849087699065,3802.3184111282253,-4777.942612475717,28178,44448
1,191,72867,2123,-0.01330473258792947,-0.012604881233515252,3813.166890661869,-4782.642840146543,28142,44455
1,192,72869,2121,-0.013232666712134026,-0.012590490080454701,3826.2899584956413,-4790.541149142117,28072,44499
1,193,72704,2123,-0.013158734371798845,-0.013065232316895941,3837.2388827072396,-4793.931506474508,27971,44416
1,194,72641,2117,-0.013128462369342354,-0.012971135132392604,3847.9650687391554,-4801.62970371054,27936,44400
1,195,72720,2117,-0.013024892169295465,-0.012609746687475266,3859.9489596903636,-4807.119118241541,27962,44469
1,196,72649,2117,-0.013000595398720774,-0.012749838669203734,3869.419308765948,-4813.8995638876195,27907,44485
1,197,72622,2117,-0.012775709945973723,-0.012853508742574436,3890.2122195198735,-4818.009827216367,27925,44414
1,198,72549,2116,-0.012782726593901688,-0.012694439157906167,3895.898762726746,-4823.272794387712,27839,44417
1,199,72677,2117,-0.01266836205705005,-0.012846474632255463,3917.473169642492,-4838.171718862729,27842,44512
1,200,72600,2117,-0.012620052444105242,-0.013266968574500668,3922.1522755443407,-4838.368082986369,27841,44424
1,201,72586,2114,-0.012844482990697048,-0.013067678054091316,3916.7470982776385,-4849.076740640379,27781,44505
1,202,72595,2114,-0.012818771935498961,-0.013109629373131185,3929.360223403517,-4859.938972061074,27766,44521
1,203,72557,2116,-0.012794352619632191,-0.013148091841412513,3939.300758163964,-4867.620601186609,27741,44519
1,204,72662,2116,-0.012593847849199978,-0.01285347934086611,3957.984596797574,-4873.078769216144,27775,44574
1,205,72586,2115,-0.01256894724118217,-0.013076684064197779,3966.650635288921,-4878.980239737378,27761,44524
1,206,72534,2116,-0.012539667810506402,-0.013612868147257923,3971.5875903970823,-4881.139855364352,27682,44567
1,207,72573,2118,-0.012549406158479664,-0.013423373614672204,3979.9093013831225,-4890.657354522451,27782,44487
1,208,72540,2113,-0.012520593416353096,-0.013823017121774781,3988.6460803070763,-4896.889926729331,27677,44552
1,209,72659,2117,-0.012652332996806896,-0.013735755713096643,3992.2587564029127,-4911.564619617891,27688,44666
1,210,72629,2116,-0.012771107050864452,-0.013484932989024277,3992.182055229952,-4919.734789227192,27697,44632
1,211,72612,2116,-0.012757447736443831,-0.012973414773104508,3998.0453295049565,-4924.389124543622,27723,44553
1,212,72663,2117,-0.012833825557422955,-0.013061092090011456,4003.4101812367967,-4935.954447715816,27760,44596
1,213,72661,2116,-0.013002009171140083,-0.012938554646160314,4003.412132678645,-4948.151121062852,27761,44617
1,214,72730,2116,-0.012797200355064072,-0.013122727435676499,4032.3987728867723,-4963.139154710593,27814,44631
1,215,72776,2116,-0.01293868067298774,-0.013660904304459971,4033.1966312300924,-4974.822055887452,27806,44693
1,216,72662,2115,-0.013068030361943804,-0.014121842441633944,4025.81073731708,-4975.359959476663,27810,44563
1,217,72654,2114,-0.013292451015939323,-0.013988004185063152,4024.243816901675,-4989.993553013728,27838,44515
1,218,72643,2115,-0.013554360814669479,-0.014038772418031443,4011.5784039811588,-4996.207836641193,27829,44545
1,219,72634,2113,-0.013819558337647518,-0.014118728891186169,4006.2209322791623,-5009.990732575853,27816,44541
1,220,72721,2115,-0.014006465575040272,-0.014192039282950068,4004.934782154644,-5023.498965237153,27787,44636
1,221,72792,2114,-0.014146811822803761,-0.014059528757941479,4007.9044971706985,-5037.67922337622,27844,44654
1,222,72716,2114,-0.014283730383528108,-0.014276242373451955,4008.3849716670384,-5047.0407102356885,27788,44630
1,223,72704,2114,-0.014186831377454853,-0.014348914825709106,4020.2733783806057,-5051.71276684709,27839,44593
1,224,72712,2115,-0.014174581363187694,-0.014477641485061856,4032.8446841678056,-5063.50684424793,27766,44633
1,225,72665,2116,-0.014232295578989343,-0.014486658620972913,4039.9172888565467,-5074.107047103791,27760,44612
1,226,72619,2114,-0.014302182389650158,-0.01452749664070751,4045.619579438402,-5084.2297623924,27781,44544
1,227,72565,2115,-0.014444378147202716,-0.014652311739501343,4046.881054644807,-5095.037354896589,27672,44586
1,228,72513,2114,-0.014671798519064643,-0.014496563367409796,4040.1263116851173,-5104.022437698075,27666,44550
1,229,72485,2115,-0.014774946000307813,-0.015164476054406836,4039.271756780853,-5110.233717613175,27641,44549
1,230,72525,2112,-0.015019027116376855,-0.015421432109032483,4030.7218760156507,-5119.976817630886,27677,44560
1,231,72518,2113,-0.015286372842780768,-0.015593751863934744,4023.4236957073927,-5131.960881520172,27632,44616
1,232,72466,2115,-0.015488048474068311,-0.014405804456599778,4016.96190705938,-5139.318827781196,27581,44584
1,233,72482,2114,-0.015730491799283566,-0.015256130004808417,4009.9516552973855,-5150.129161893075,27502,44694
1,234,72568,2116,-0.01584623486237204,-0.014958957736898974,4010.9478096301355,-5160.877381122758,27579,44681
1,235,72508,2116,-0.015835576486332294,-0.015458076399142645,4017.634616318388,-5165.840596189358,27529,44669
1,236,72506,2116,-0.015928150353102046,-0.015214447854345307,4014.4567294979615,-5169.343198999983,27485,44694
1,237,72457,2116,-0.01610882496207548,-0.015378272871895407,4007.4641260076796,-5174.661256284768,27536,44616
1,238,72544,2116,-0.0161116171603268,-0.015610153338119376,4015.1513804596825,-5183.952535738437,27560,44680
1,239,72480,2115,-0.01602485065566654,-0.01591831288898003,4026.552150231329,-5188.033325754025,27521,44646
1,240,72531,2116,-0.016026566074718057,-0.016579851390164584,4031.2237520006615,-5193.646615966021,27606,44622
1,241,72523,2116,-0.0162123696900904,-0.016296080865445265,4026.8526435899344,-5202.622330624348,27621,44602
1,242,72548,2115,-0.016189454648022863,-0.016324604147148786,4035.425987558715,-5209.938543363475,27548,44687
1,243,72519,2117,-0.016160935990381993,-0.01611602019805662,4036.1151209129957,-5208.090037999497,27593,44643
1,244,72468,2117,-0.016152317874359917,-0.015997266118543584,4041.718555707293,-5212.244727426408,27528,44594
1,245,72617,2117,-0.01629487702712456,-0.015872950386724243,4040.174602369175,-5223.459687447891,27532,44775
1,246,72600,2115,-0.016343329419989783,-0.016102263327705185,4043.260776856802,-5229.78649274807,27572,44731
1,247,72604,2116,-0.016395211524977277,-0.015951119985795594,4048.9231027017645,-5239.281040261234,27557,44746
1,248,72631,2117,-0.01627464051015283,-0.01591874620297557,4059.7550019191362,-5241.7984168120465,27532,44810
1,249,72652,2117,-0.016353145404716066,-0.016081308951684893,4063.3179844177266,-5251.406704361164,27578,44789
1,250,72640,2116,-0.016314717855253433,-0.01634259005497644,4068.2894930421166,-5253.390598047749,27592,44744
1,251,72578,2117,-0.016441840490660244,-0.016233875204876066,4066.777448746916,-5260.093347878056,27541,44739
1,252,72537,2116,-0.016523953194208022,-0.016423486876869134,4065.8606532151834,-5264.458646063449,27567,44694
1,253,72613,2117,-0.0165691474769707,-0.016439395717475318,4075.9220432734755,-5279.057549018726,27582,44729
1,254,72608,2117,-0.016756436404552866,-0.016663281227375995,4074.5738831855288,-5291.225217647301,27544,44771
1,255,72631,2116,-0.016817363412541475,-0.01666148592018656,4082.9485524216157,-5304.41047443793,27475,44859
1,256,72604,2115,-0.01668811225056525,-0.016731889697908203,4097.689778217753,-5309.313480057797,27481,44804
1,257,72582,2117,-0.016760429680173407,-0.017003915340448154,4104.197335810626,-5320.7028428569765,27443,44841
1,258,72596,2116,-0.016893980207257506,-0.016340357891613606,4102.609586261046,-5329.044973387101,27410,44887
1,259,72533,2115,-0.016870631548263418,-0.01650260118490701,4106.384065319799,-5330.061583409983,27391,44831
1,260,72566,2116,-0.016793030832355765,-0.01634674150358179,4117.219867445586,-5335.822942826344,27406,44831
1,261,72615,2116,-0.016903401299147056,-0.01639471503518044,4120.215030811634,-5347.655516149208,27491,44869
1,262,72648,2116,-0.016909133441129764,-0.016265460437379975,4127.8314306298325,-5356.246156861022,27474,44873
1,263,72666,2115,-0.016861502344599037,-0.016253752567683275,4132.79136793651,-5358.049297309141,27538,44834
1,264,72675,2115,-0.016836112443207814,-0.016381885553830383,4142.709763049,-5366.274234859138,27525,44827
1,265,72673,2115,-0.016779066537920318,-0.016643621804304558,4148.774854678451,-5368.1599571887145,27510,44874
1,266,72673,2116,-0.01677196337487851,-0.01644772853249387,4157.849705539749,-5376.718599882308,27471,44911
1,267,72733,2114,-0.01675100846343896,-0.016378958299178667,4163.854650680548,-5382.205749251855,27448,45001
1,268,72754,2117,-0.016769024846050966,-0.016531508559879223,4173.152597541262,-5393.166231190829,27485,44974
1,269,72737,2116,-0.01676118794200207,-0.016299521686776206,4178.465155045804,-5397.623682383217,27486,44984
1,270,72838,2114,-0.016844226473859716,-0.016064403499823788,4180.690438103368,-5407.590206006356,27508,45035
1,271,72763,2116,-0.016869822695629314,-0.01612216556639413,4183.022187246797,-5410.521096048871,27464,45020
1,272,72790,2117,-0.016829518468666645,-0.016120891704871066,4189.649687249658,-5414.670336583904,27469,45010
1,273,72821,2116,-0.016767578391956046,-0.01635158970370014,4197.125405629948,-5418.157231710579,27490,45039
1,274,72898,2116,-0.016714929915607347,-0.016332793276100512,4205.098568010977,-5423.58352899891,27556,45073
1,275,72821,2117,-0.016796531155346482,-0.016114886293116474,4201.959327783016,-5425.099523046488,27508,45017
1,276,72896,2117,-0.016763959763491525,-0.016189507140464583,4206.341426806952,-5428.367037726427,27560,45044
1,277,72840,2116,-0.016759624661950627,-0.015791319174883276,4216.539922022002,-5437.310982398478,27529,45013
1,278,72867,2116,-0.016877236637089052,-0.016230164617980766,4213.930424528251,-5443.724026563017,27460,45106
1,279,72976,2116,-0.016816102145496666,-0.016066065335459984,4222.061040640452,-5449.232910810234,27512,45181
1,280,73023,2116,-0.016949501175309203,-0.01623802284652574,4218.399896455006,-5456.103320779618,27498,45226
1,281,72999,2116,-0.016806508807318307,-0.01608408287275115,4225.852219103783,-5452.710555529215,27508,45227
1,282,72985,2116,-0.016697665104749237,-0.016159931072250083,4238.590952883314,-5457.270040553427,27496,45234
1,283,72975,2115,-0.01688748880795176,-0.016359617929227296,4231.293361159616,-5463.65785691988,27438,45240
1,284,73037,2116,-0.016620350179774205,-0.015943028041671827,4250.4589738278455,-5464.3594899080035,27508,45251
1,285,73064,2114,-0.016547143473885157,-0.01625653376289866,4262.359883103675,-5471.360373879602,27521,45264
1,286,73012,2115,-0.01662191185485858,-0.015784791023690854,4265.48206526987,-5479.081093616812,27454,45265
1,287,73048,2113,-0.016516491213937595,-0.015981613454568236,4282.768374321446,-5489.26502451716,27490,45259
1,288,73166,2114,-0.016492268382420877,-0.01569445092720777,4288.337689978027,-5495.0109984462015,27502,45372
1,289,73176,2114,-0.01651779708283607,-0.01574897026882715,4290.340908445815,-5499.047227779447,27457,45411
1,290,73276,2113,-0.016574569505903546,-0.015568760265068078,4298.94222884866,-5513.460383963232,27442,45512
1,291,73308,2115,-0.016551058763088836,-0.015859564412606983,4309.885659584643,-5523.210675389153,27440,45570
1,292,73351,2112,-0.01619622669825785,-0.01573697240306065,4334.249480487874,-5522.258905031811,27512,45538
1,293,73458,2115,-0.016283638992750055,-0.015492508969741857,4336.132440365948,-5532.295993495377,27615,45560
1,294,73529,2114,-0.01634343034827202,-0.01583661310002116,4343.670840429886,-5545.386930507977,27578,45669
1,295,73573,2113,-0.016277151752751372,-0.015945857310456026,4356.128915985571,-5553.68780189077,27597,45675
1,296,73607,2113,-0.016397768528700715,-0.01598556425122434,4353.03455447862,-5560.025102570674,27533,45757
1,297,73666,2115,-0.01666100251730662,-0.016413818447162772,4346.546694100779,-5573.896105540683,27577,45790
1,298,73694,2114,-0.01710258813589973,-0.0162006757691891,4324.657062445086,-5585.015192532087,27569,45833
1,299,73715,2115,-0.017262910400202114,-0.01622545213949525,4322.370525369781,-5594.905965520666,27528,45901
1,300,73707,2114,-0.017571045238848622,-0.016014436663336153,4311.2122279599635,-5606.321259379768,27543,45869
1,301,73715,2114,-0.017784596234664992,-0.015489577928512974,4297.231649421041,-5608.223160859379,27548,45876
1,302,73828,2114,-0.017780530702310796,-0.01580654528947291,4303.283315661786,-5615.984336351999,27611,45950
1,303,73836,2115,-0.017849339618529837,-0.01643751152139263,4305.380509127236,-5623.304349201035,27616,45940
1,304,73820,2114,-0.017841562987309913,-0.016129671577517407,4305.762526796486,-5622.826706519704,27678,45862
1,305,73867,2115,-0.017976820958280685,-0.01621335716520041,4308.989198458179,-5636.883032183493,27642,45945
1,306,73867,2115,-0.018025070174054154,-0.016099453737742492,4303.0744246228405,-5634.532283169709,27682,45898
1,307,73903,2114,-0.01809012225571229,-0.015940888122061236,4300.997398962227,-5637.911704026128,27747,45871
1,308,73944,2114,-0.01783452750992443,-0.015941077576089906,4317.307267880339,-5636.0635700741905,27800,45838
1,309,74028,2113,-0.01792619252808682,-0.01619694955625529,4316.45080255742,-5643.490983026616,27848,45907
1,310,73923,2114,-0.017897009213265314,-0.016002839352668528,4316.824131570849,-5639.824743643047,27811,45832
1,311,74034,2113,-0.01794175574475025,-0.015887910302663,4318.666949674771,-5646.9668944816085,27847,45898
1,312,74001,2113,-0.017791696215008083,-0.016050723334870395,4330.341552554153,-5646.94486416098,27873,45842
1,313,73954,2113,-0.017593031747504925,-0.016088300943323697,4346.873852102583,-5647.94892195758,27896,45761
1,314,73926,2111,-0.017324248831206947,-0.015336671230605104,4361.487557550979,-5642.199976646783,27876,45745
1,315,73900,2111,-0.017077681624631393,-0.015966283550673,4378.797425361278,-5640.838097421509,27858,45749
1,316,73973,2113,-0.01685550415758739,-0.015789141317102393,4395.179359452124,-5642.031568501358,27888,45795
1,317,73862,2112,-0.016790040623248882,-0.01595885326412718,4395.312325415518,-5635.458305929918,27877,45692
1,318,73861,2113,-0.016635930774638222,-0.015731633951409984,4400.983380643371,-5629.729863588929,27866,45700
1,319,73772,2113,-0.016753936385414888,-0.01565103532719224,4387.913178528344,-5623.884573553171,27799,45652
1,320,73786,2114,-0.01682110372473526,-0.015504995724090738,4381.019784744858,-5622.181744178162,27867,45611
1,321,73708,2113,-0.016889819031027598,-0.015856357474957332,4370.687427653363,-5615.602208792332,27778,45624
1,322,73601,2112,-0.01689220145745501,-0.015725520186249713,4356.584928276603,-5599.867847746745,27766,45528
1,323,73489,2111,-0.01686712013894575,-0.01598513691874094,4350.31023999891,-5589.8580318899085,27771,45403
1,324,73299,2111,-0.016655663830776497,-0.015541310969751188,4349.297433182438,-5570.14093631453,27722,45262
1,325,73133,2111,-0.01677577880299109,-0.015327113549453755,4328.251267170133,-5555.114298369287,27661,45165
1,326,72829,2108,-0.01678457966111091,-0.015297282987027566,4304.247331691023,-5526.651483830062,27513,44985
1,327,72469,2107,-0.016988534747082534,-0.015264259200004016,4264.6248552560955,-5495.7669798424395,27368,44819
1,328,72101,2108,-0.017033815402248752,-0.015369451577690109,4240.037085620934,-5468.192209938472,27211,44582
1,329,71549,2107,-0.017118109436544723,-0.015225971060594763,4205.2864702620855,-5430.070082337439,26996,44230
1,330,69290,2107,-0.01722495717205229,-0.016509354355953486,4079.3736894096464,-5272.890971861163,26132,42861
1,331,66986,2105,-0.017174391007411947,-0.01598134466774064,3960.16386412048,-5110.607620142979,25154,41554
1,332,64768,2105,-0.01727601228104759,-0.01598037219428731,3833.854194409162,-4952.786957828045,24244,40243
1,333,62464,2103,-0.017681410886667106,-0.015533130400201572,3692.2281051965697,-4796.679754821326,23342,38841
1,334,60274,2103,-0.017777691745740485,-0.015675139766411692,3564.6327450573444,-4636.165337340109,22503,37483
1,335,57962,2101,-0.018170812707492146,-0.016567051777141142,3420.234251334502,-4473.4508974861565,21593,36122
1,336,55716,2098,-0.01846580843921166,-0.01606361410353549,3287.699845505974,-4316.540828505099,20678,34801
1,337,53493,2095,-0.018680582586447406,-0.01558155385086408,3163.1678113258226,-4162.4482156226495,19803,33450
1,338,51333,2089,-0.018947160336014544,-0.016109454747810094,3038.730419300566,-4011.3450008292125,18968,32150
1,339,49113,2085,-0.019050834465227824,-0.016167909869995074,2919.5811718992877,-3855.2248049900195,18071,30850
1,340,46919,2077,-0.01936792991854784,-0.01762327625592404,2791.1456478031387,-3699.8695516514867,17227,29519
1,341,44826,2072,-0.019477768376950227,-0.018084863251549448,2676.6865340714958,-3549.7969793366665,16416,28217
1,342,42740,2063,-0.019556534628751954,-0.01863237646405301,2565.3511565478816,-3401.197446580749,15583,26965
1,343,40720,2048,-0.019752719164135072,-0.020190950345868913,2450.4389302417662,-3254.7696546053385,14817,25700
1,344,38757,1059,-0.019614384399284802,-0.018556930131828523,2346.4128852476233,-3106.6075814107053,14060,24509
1,345,38712,1059,-0.019550168678112836,-0.01772529420999642,2342.6734247632967,-3099.4995546303926,14090,24454
1,346,38694,1059,-0.01960735547511701,-0.01900136537960598,2336.2041803293373,-3094.891193083506,14029,24489
1,347,38617,1058,-0.01950615176452796,-0.019148033433477235,2332.6716477940354,-3085.940710484822,14095,24335
1,348,38509,1058,-0.01934820747224387,-0.018308288760715382,2325.4749245653684,-3070.555046114003,14041,24280
1,349,38411,1058,-0.019372384868347334,-0.01822324933328185,2315.9733307623196,-3060.0860059404113,14063,24176
1,350,38324,1056,-0.0193038358918005,-0.01843376947118605,2306.0695270907345,-3045.8697338080974,13994,24149
1,351,38173,1057,-0.01930133551926978,-0.018382807890681963,2291.855372978413,-3028.6452537554997,13969,24013
1,352,37953,1057,-0.018991931216924756,-0.01886533119851103,2280.4010706684144,-3001.2018361443616,13890,23873
1,353,37732,1056,-0.018719459627193073,-0.017493126561929313,2268.086720584618,-2974.409371237872,13844,23724
1,354,37529,1057,-0.01830061700160496,-0.017313265481862,2259.597708493509,-2946.401563946751,13816,23524
1,355,37313,1056,-0.018036910551500782,-0.017257017731065184,2247.797343393836,-2920.808586801987,13752,23401
1,356,36813,1056,-0.017645560403718865,-0.018157792072117124,2218.438126208082,-2868.024141350189,13602,23070
1,357,36370,1056,-0.017217769711415927,-0.017479072473408585,2192.0020507330332,-2818.212335137223,13445,22765
1,358,35896,1057,-0.016948967260747357,-0.01737926083661982,2160.641116449511,-2769.041245241292,13317,22413
1,359,35355,1057,-0.016793462995062597,-0.0178757644720277,2126.6135566216713,-2720.3464408121026,13109,22088
1,360,32852,1057,-0.01678563003838428,-0.01791347324746235,1978.354468967849,-2529.795986988854,12183,20532
1,361,30359,1055,-0.016794170595717216,-0.019438069841455463,1827.9014319980392,-2337.75565711342,11205,19015
1,362,27929,1055,-0.01667794625859243,-0.018114765677828368,1683.4003773203997,-2149.1987383766345,10349,17450
1,363,25483,1052,-0.016459054056715806,-0.018381341141449493,1539.7981260987262,-1959.224200626013,9432,15918
1,364,23017,1053,-0.016050681092513622,-0.018587208680753933,1399.950058692759,-1769.3885853991478,8543,14365
1,365,20573,1052,-0.015661693726320966,-0.01738760196453148,1256.3723089714952,-1578.5803340030989,7662,12807
1,366,18143,1047,-0.015450429425796332,-0.01776679406615252,1111.6023178673706,-1391.9194589395925,6759,11293
1,367,15777,1042,-0.015504261690794746,-0.01850895071086085,969.6687971013005,-1214.279533796969,5896,9795
1,368,13397,1041,-0.015327863809908355,-0.019252130757554057,827.5863025170853,-1032.9336939784287,5012,8325
1,369,11020,1038,-0.014865408253270044,-0.019736017413694653,686.646340365728,-850.4631393167631,4100,6866
1,370,8616,1018,-0.014153878824148541,-0.014971475645633977,540.3510043783691,-662.3008243272357,3212,5360
1,371,6434,1014,-0.015237196462480248,-0.016351609502971095,401.3420287297835,-499.3781507693806,2398,4004
1,372,4256,1005,-0.016444928940711732,-0.01840624544781945,264.9196704951825,-334.9092880668515,1571,2664
1,373,2085,980,-0.017384916038099114,-0.018968925390191165,129.81553585247184,-166.06308579190843,759,1313
2,0,90844,2132,0.0,0.0,0.0,0.0,0,0
2,1,82078,2132,-0.00010534323141895222,-0.00013475840552121558,473.12948085580865,-481.7758426042143,38057,39741
2,2,81187,2132,-0.00021451770917227863,-0.00004853832733723599,636.5418399157584,-653.9578891703285,37957,40204
2,3,80621,2132,-0.00041834345938249114,-0.0002550378840926275,748.4833257940326,-782.2105938329064,37517,40716
2,4,80248,2131,-0.0006104485006368213,-0.00036939658543576966,841.1249493375165,-890.1122206166185,37276,40933
2,5,80185,2131,-0.0008624939088167778,-0.0006359476041547968,924.1789917738238,-993.3380658522972,37133,41217
2,6,80122,2132,-0.0010769219712847837,-0.0007626913306075537,1005.5381505419413,-1091.8232927252207,36952,41525
2,7,79989,2132,-0.0012059517508471135,-0.0007349160573893381,1077.645952771619,-1174.1088273701312,36619,41917
2,8,79856,2132,-0.0014135976408564252,-0.0010315584806162993,1137.9609425219996,-1250.8451957302323,36484,41911
2,9,79703,2132,-0.0015702384697883311,-0.0011237435620731278,1195.1405341579516,-1320.2932509154912,36414,42011
2,10,79732,2132,-0.0017486477317335753,-0.001273445219231304,1250.7606319557315,-1390.1838129023163,36225,42191
2,11,79626,2132,-0.0019195761263183005,-0.0014454861758365222,1304.6192815417103,-1457.4674501759328,36056,42341
2,12,79584,2131,-0.002111894324462833,-0.0014421658208971686,1352.898531714412,-1520.9715296324562,36094,42343
2,13,79563,2132,-0.0022627938307919165,-0.0015010370411042992,1401.502500674073,-1581.537166233366,35958,42465
2,14,79564,2132,-0.002480807316889648,-0.0015803464823975909,1442.512702043249,-1639.8956554042486,35905,42514
2,15,79439,2132,-0.00273893627036989,-0.0019477802189033766,1478.5000754516186,-1696.0784338335352,35707,42616
2,16,79428,2131,-0.0029270180006217205,-0.0020176494954137997,1518.5322505852798,-1751.0194363386627,35582,42801
2,17,79291,2131,-0.003094929938038444,-0.002235178894038549,1553.6675054945645,-1799.0675952115698,35527,42745
2,18,79200,2132,-0.003255817070898213,-0.002143444606335365,1588.0132400622485,-1845.8739520773888,35279,42969
2,19,79163,2131,-0.003338716447868752,-0.002371460760640396,1627.1416707600479,-1891.444480922681,35227,43009
2,20,79212,2132,-0.0034602505542830737,-0.002387784649845984,1660.811573434202,-1934.9049403400775,35154,43156
2,21,79103,2132,-0.003669379103970056,-0.00263327504468627,1686.6455467981757,-1976.904442059515,35071,43071
2,22,79045,2132,-0.0038899678325921665,-0.0028850402734255957,1712.8628535048679,-2020.345360832111,34831,43319
2,23,78993,2132,-0.004073303654577965,-0.002998498109687123,1736.82288050422,-2058.58535609029,34687,43431
2,24,78887,2132,-0.004095383093110347,-0.0029466165469415003,1769.6779183782744,-2092.750404444462,34612,43364
2,25,78804,2132,-0.004242009562234771,-0.0030520705912689843,1794.2380524184578,-2128.525373960806,34480,43484
2,26,78804,2131,-0.004409107745829147,-0.003245673250484743,1822.9419326205884,-2170.3972594229085,34544,43469
2,27,78677,2132,-0.004585319011514678,-0.003200144385766182,1848.6916048349885,-2209.450748703923,34352,43497
2,28,78661,2132,-0.004696799583054989,-0.0035139672689607888,1872.2319858110743,-2241.6869378137662,34407,43443
2,29,78508,2130,-0.004748617218104734,-0.0035491184246433157,1897.9018974959902,-2270.706338054962,34251,43448
2,30,78467,2132,-0.004741014079439876,-0.003412000041317877,1925.7304256109162,-2297.7435773823327,34289,43430
2,31,78425,2130,-0.004781502094751999,-0.003489530909465531,1951.2245559660664,-2326.2138577469927,34120,43520
2,32,78371,2131,-0.004880131515569254,-0.0035077004879439377,1976.64655354705,-2359.107340553723,33981,43593
2,33,78243,2131,-0.005017711019014087,-0.003666990875132059,2002.5902085046746,-2395.1909717653857,33898,43604
2,34,78202,2130,-0.005105405306830104,-0.0038218996405597976,2024.4106476436252,-2423.66355344835,33802,43605
2,35,78110,2132,-0.00525522035749858,-0.004015029627778151,2044.1657443396768,-2454.6510064638837,33686,43656
2,36,78052,2132,-0.0054403307224535355,-0.004196745695290657,2064.339147698449,-2488.9678412473977,33649,43684
2,37,78068,2131,-0.005653838982801845,-0.004454419242608507,2085.298602951774,-2526.682504661154,33532,43816
2,38,78049,2132,-0.005888342827732819,-0.00466856510907441,2101.5904092404417,-2561.169678602162,33476,43879
2,39,77901,2131,-0.006159989806961169,-0.0049057117418619236,2113.375485570846,-2593.244851522917,33215,43924
2,40,77902,2132,-0.006409349008621607,-0.005264068545512111,2126.4669648632093,-2625.7680713328627,33134,44069
2,41,77878,2132,-0.006626744874279124,-0.0053450064177345945,2140.0720318101176,-2656.1496691292305,33008,44144
2,42,77753,2131,-0.0067090927017808485,-0.005461032978244897,2158.37984868628,-2680.0319335278555,32960,44064
2,43,77682,2132,-0.0070341795541311435,-0.005751484820046701,2161.9492351058193,-2708.3783712298423,32796,44196
2,44,77661,2132,-0.007343684046234102,-0.005973919314292294,2166.9015044526477,-2737.2193511672294,32750,44216
2,45,77639,2132,-0.007619920463423182,-0.005983143304384507,2173.0122706414295,-2764.6152755011403,32702,44265
2,46,77567,2132,-0.007871656593419905,-0.006319621627214451,2183.2300057440166,-2793.810792725816,32606,44291
2,47,77515,2131,-0.007953479967629705,-0.006179536273894533,2202.1919785926902,-2818.705978283511,32605,44239
2,48,77465,2132,-0.008025733510594678,-0.006308697218417479,2220.3908403644396,-2842.1042867626416,32547,44268
2,49,77465,2132,-0.008123526715545466,-0.006454937201172896,2237.859379883635,-2867.148376903358,32463,44382
2,50,77466,2132,-0.008189789592161123,-0.006442536086311225,2254.7189786452454,-2889.149219191586,32422,44365
2,51,77440,2132,-0.00826512469760637,-0.0065480328933335665,2265.869042414786,-2905.920298997426,32358,44483
2,52,77353,2131,-0.008310708778233214,-0.006462101256013709,2280.1990336128038,-2923.0572897354787,32357,44455
2,53,77308,2130,-0.008306472004763641,-0.0064663626594513935,2297.2985028475664,-2939.455240591844,32322,44412
2,54,77284,2131,-0.008312986479153768,-0.006522265500769486,2315.2240334628614,-2957.684880517781,32241,44437
2,55,77112,2131,-0.008331163610036005,-0.00673119143413804,2331.0848141722126,-2973.51750246931,32122,44380
2,56,77063,2130,-0.008370085214459312,-0.006791323848014211,2343.7804054149756,-2988.804282296855,32042,44446
2,57,77050,2131,-0.008463860955566527,-0.006694161367565303,2353.5108077446384,-3005.6512943710386,32014,44446
2,58,76992,2132,-0.008494431689930353,-0.007247391656187666,2366.134480782455,-3020.1377654535704,31985,44444
2,59,77015,2131,-0.008512924416164238,-0.0069998453457152466,2381.5025461176815,-3037.125420028576,31953,44487
2,60,76968,2131,-0.008547506268927332,-0.007233465430257247,2396.525837922524,-3054.4103004293233,32005,44391
2,61,76904,2130,-0.008487111342656692,-0.007108361511534586,2414.9009764025222,-3067.5937870981998,31940,44375
2,62,76826,2132,-0.008622920309163127,-0.006945843675098008,2423.0978630023437,-3085.562338674105,31868,44404
2,63,76808,2131,-0.008683198416821592,-0.00694768696829286,2433.972640613547,-3100.9117446127725,31874,44395
2,64,76674,2131,-0.008697031953329219,-0.006884779875019413,2446.3237739741044,-3113.1600019636785,31788,44340
2,65,76660,2130,-0.008786315202587366,-0.006975499571641342,2460.406890943719,-3133.9658143740644,31787,44339
2,66,76744,2130,-0.008892277282260509,-0.007151490055764661,2473.1058069694373,-3155.534734719245,31802,44428
2,67,76628,2131,-0.008951119364575011,-0.0072333135024906774,2483.8916546873265,-3169.7980293559635,31706,44380
2,68,76629,2131,-0.009125940240055584,-0.007471844023940734,2493.0221920917948,-3192.33386674702,31707,44429
2,69,76454,2130,-0.009207746125571185,-0.007587007873775266,2498.281365404398,-3202.2503876888063,31558,44359
2,70,76420,2131,-0.00931200555181046,-0.007737651912557405,2505.7131560467956,-3217.33662031615,31487,44392
2,71,76376,2130,-0.009251335320178725,-0.007549101657466333,2525.119004860342,-3231.6989912743175,31406,44452
2,72,76373,2131,-0.009287326138534389,-0.007473720574786146,2541.683084336743,-3250.9840435150213,31394,44436
2,73,76372,2131,-0.009247083282740497,-0.007428205276967698,2561.658339002971,-3267.876583472436,31322,44502
2,74,76193,2128,-0.009264770079326044,-0.0076427979602077265,2577.855244555054,-3283.765871209143,31292,44384
2,75,76296,2130,-0.009313335856407472,-0.007752414793362784,2591.9082237962107,-3302.4784962966755,31201,44561
2,76,76254,2130,-0.009467885928755667,-0.00795333637675627,2601.3523693869365,-3323.3165429982773,31174,44552
2,77,76127,2130,-0.009499301177139532,-0.007796427629039633,2610.1357800361097,-3333.2890807482213,31100,44497
2,78,76075,2131,-0.009450283387325974,-0.007541215244638165,2630.27736010339,-3349.207668794209,30963,44608
2,79,76059,2129,-0.009457298726368205,-0.007665627997278488,2645.800503480023,-3365.113187308863,30881,44632
2,80,76026,2130,-0.00947007192788902,-0.007774801338958114,2658.142900559883,-3378.1145889495815,30844,44650
2,81,75946,2129,-0.009529558977214712,-0.007886256353093403,2670.326950948551,-3394.058837032096,30826,44627
2,82,75901,2130,-0.009556226343615807,-0.008137800166422503,2682.685557023744,-3408.012692730541,30817,44587
2,83,75782,2130,-0.009594618681793454,-0.008111089900635464,2694.0446625294467,-3421.144055473116,30714,44559
2,84,75820,2131,-0.009529650573862153,-0.008156863523811864,2717.066328912656,-3439.604435422885,30720,44604
2,85,75837,2130,-0.009477502113141903,-0.008126776359882341,2732.5831015722883,-3451.3284293266197,30649,44699
2,86,75726,2130,-0.009525552473384285,-0.008108868906561158,2737.9307420770588,-3459.2627286765623,30674,44580
2,87,75676,2128,-0.009521207195423808,-0.007926745763645774,2748.62873699387,-3469.1556127147655,30594,44553
2,88,75611,2131,-0.009540881363787878,-0.00793863460172487,2758.174529669385,-3479.5701104667387,30648,44460
2,89,75517,2130,-0.009504265784206092,-0.007888148199491843,2773.086600617554,-3490.8202398434582,30568,44459
2,90,75472,2130,-0.009519088254473819,-0.007821974544495297,2786.912437577875,-3505.3370663195233,30534,44506
2,91,75424,2131,-0.009446988745028318,-0.007891372195510584,2801.7459967468794,-3514.275675851898,30517,44439
2,92,75430,2131,-0.00948517722323672,-0.007763523248360217,2812.6409140737546,-3528.1078320225024,30593,44368
2,93,75413,2131,-0.009510515795789072,-0.007757395600224798,2821.9253984357915,-3539.1419261436195,30645,44320
2,94,75331,2128,-0.00953161832121768,-0.007796278848956636,2830.5828343132675,-3548.609174068936,30541,44374
2,95,75282,2131,-0.009399858129208398,-0.007436330447158683,2849.9078060514103,-3557.547925734465,30511,44312
2,96,75270,2129,-0.009284619262942943,-0.007429512396332145,2865.9524927221846,-3564.8057846438896,30512,44287
2,97,75226,2129,-0.009248049725537777,-0.007497151271143254,2879.7382093420283,-3575.4319979953293,30511,44285
2,98,75145,2127,-0.009086220388059436,-0.007156701077413822,2898.9388133444295,-3581.7228444051575,30440,44236
2,99,75128,2131,-0.00901425272359209,-0.007277110638546966,2912.188345141202,-3589.411123759228,30504,44220
2,100,75102,2131,-0.00911618500697026,-0.007272655006547548,2917.7557004459545,-3602.3994268394313,30463,44234
2,101,75111,2128,-0.009066104150850591,-0.007478958708165016,2930.7111327400407,-3611.6752816145868,30470,44235
2,102,75053,2130,-0.009177107787488318,-0.007126521111776227,2932.145643988281,-3620.9151147626476,30389,44271
2,103,74962,2129,-0.009148312277018608,-0.007280440161663214,2936.9980978461267,-3622.773882755985,30367,44171
2,104,75011,2132,-0.009038300833831399,-0.0072138395621071105,2954.137420038383,-3632.1094038849105,30337,44255
2,105,75029,2129,-0.009116086377290692,-0.007285302537676845,2959.7615808762666,-3643.732425678026,30358,44262
2,106,74987,2129,-0.009078665198029965,-0.00720850742531174,2968.5102458161987,-3649.292113020866,30339,44199
2,107,74929,2129,-0.009085540977403484,-0.007364841328237884,2976.9642938801526,-3657.734793776012,30291,44229
2,108,75006,2129,-0.009102265953925314,-0.007476415537646134,2982.1181919914225,-3664.8427521315543,30322,44261
2,109,74932,2130,-0.009022749037340554,-0.007317561884494507,2993.302376734289,-3669.3950076002893,30395,44148
2,110,74897,2130,-0.00898695995788145,-0.007075198285419533,3002.4091252856783,-3675.5054652511362,30297,44175
2,111,74906,2131,-0.009086602559711688,-0.007350790220356155,3004.6370959724327,-3685.2781473101963,30238,44246
2,112,74861,2130,-0.009014091181693332,-0.0072397376565122825,3014.37442791477,-3689.1783078675116,30251,44158
2,113,74830,2130,-0.008893118024047755,-0.0075043562441048485,3026.9604748376664,-3692.4324965771634,30273,44115
2,114,74743,2130,-0.00874352202028177,-0.007256385156813231,3038.8861832556504,-3692.403249617583,30256,44050
2,115,74728,2128,-0.008615392742909279,-0.007315274679357188,3056.7522816830506,-3700.5633505751744,30275,44027
2,116,74721,2130,-0.0084387630087376,-0.007501227901580803,3076.37022048068,-3706.923031256546,30269,44047
2,117,74680,2131,-0.008520924015735837,-0.0075601138817219275,3081.731732675097,-3718.0743381702555,30255,43999
2,118,74633,2130,-0.008608845366100137,-0.007229103667582909,3085.764483507112,-3728.268439715275,30169,44018
2,119,74628,2129,-0.008785837776426886,-0.007673385678310213,3085.507409838676,-3741.176911417866,30196,44033
2,120,74563,2130,-0.00877675623830821,-0.00782683741379963,3092.190546035064,-3746.6118214320463,30196,43936
2,121,74471,2129,-0.008638181097986499,-0.007614141708273803,3107.1042678954673,-3750.3982524436196,30201,43888
2,122,74552,2129,-0.008382459705077934,-0.00750388883815462,3132.028379795767,-3756.9575157287327,30239,43879
2,123,74439,2129,-0.008336681457066121,-0.007480244047068602,3141.0767910193586,-3761.651022001896,30245,43811
2,124,74473,2129,-0.008414068337050641,-0.007346805727339421,3147.3667368541587,-3773.9876481193346,30240,43828
2,125,74423,2130,-0.0083577587128459,-0.00772604366765768,3157.731520029072,-3779.740996715196,30195,43800
2,126,74354,2129,-0.008496745909059513,-0.007363885067423294,3157.083388606588,-3788.8504339288033,30134,43810
2,127,74262,2130,-0.008457322517112816,-0.007326220177245369,3165.8707438346623,-3793.928428600488,30114,43713
2,128,74239,2130,-0.008437270367832338,-0.00720392378195701,3175.102751269467,-3801.477266106981,30062,43745
2,129,74216,2129,-0.008557851408151544,-0.007327485220472135,3172.896661747366,-3808.026161854754,30037,43740
2,130,74184,2129,-0.00864923540003139,-0.007741227126079105,3179.4390938180436,-3821.0739727339683,30000,43757
2,131,74082,2129,-0.008648428541255264,-0.007444396802235749,3184.7749531238146,-3825.467836317093,29996,43700
2,132,74095,2129,-0.008605816208841308,-0.007602601512209922,3193.5016543741463,-3831.1496063682494,29896,43742
2,133,74082,2129,-0.00857971241967661,-0.007392796618372593,3204.6930642242455,-3840.2953196987255,29939,43710
2,134,73985,2130,-0.008675739214104606,-0.007422219793194282,3204.8233231729214,-3846.6978889284483,29835,43720
2,135,73957,2130,-0.00878535117835004,-0.007386771667730376,3210.4387227091397,-3860.176939806365,29820,43715
2,136,73881,2130,-0.008767439678237945,-0.00751045119109575,3218.2963882966055,-3866.043599164503,29805,43675
2,137,73893,2130,-0.008854277331984768,-0.007407908617234799,3223.294110765017,-3877.563225657352,29798,43693
2,138,73757,2130,-0.008860422261974627,-0.007514203874091507,3229.646867253895,-3883.1650320303715,29686,43638
2,139,73700,2130,-0.00878751403796406,-0.007865550650709185,3239.572643067386,-3887.2124276653303,29652,43640
2,140,73780,2130,-0.00883892922621672,-0.007578529337027657,3245.3472561823683,-3897.4834544926202,29751,43645
2,141,73765,2129,-0.008932125819303468,-0.008083851373282712,3249.1504659242746,-3908.028726985206,29675,43667
2,142,73696,2130,-0.008932420108600476,-0.007855507228859538,3257.1915699393635,-3915.4752022627713,29664,43610
2,143,73707,2129,-0.00891076709867144,-0.007973431837049473,3271.5664000464285,-3928.35231058821,29633,43660
2,144,73675,2129,-0.008720028549477045,-0.008200774170143029,3287.3255475384244,-3929.7736509211445,29591,43658
2,145,73688,2128,-0.008693454407059197,-0.008049000881834942,3301.9117318343897,-3942.5150001817606,29581,43684
2,146,73674,2128,-0.008596835842704395,-0.007953732178878847,3315.374580610353,-3948.7378644857477,29569,43699
2,147,73576,2129,-0.008626625869405819,-0.007982486703825661,3324.4726102205886,-3959.185235187997,29470,43671
2,148,73589,2127,-0.008558980740978517,-0.008111243913744612,3340.0134372778175,-3969.860271025686,29510,43654
2,149,73507,2121,-0.008622026322674252,-0.008130893251781826,3346.3089160753366,-3980.088204976149,29381,43671
2,150,73554,2121,-0.00839614094183191,-0.007889663680403787,3369.4145454924023,-3986.9842963278843,29468,43682
2,151,73498,2123,-0.008452212289303197,-0.008324281372097866,3375.36457273941,-3996.5852715786204,29442,43625
2,152,73479,2122,-0.008539982287122423,-0.008512937243852022,3380.4695651319107,-4007.9789236073866,29410,43643
2,153,73452,2120,-0.008574964645473785,-0.008502318437960149,3392.9745182534693,-4022.82282139281,29403,43654
2,154,73389,2121,-0.008580858023595619,-0.008367380224233728,3395.2703774464376,-4025.010966940099,29444,43531
2,155,73445,2122,-0.008584204125813023,-0.00833044277178208,3401.0242726522556,-4031.491144672597,29481,43569
2,156,73367,2122,-0.008640602897550321,-0.008590372797282267,3404.1294092790795,-4038.0645220636507,29435,43545
2,157,73378,2122,-0.008815579411788833,-0.008738674543783399,3399.193444004411,-4046.0630300826474,29422,43581
2,158,73385,2122,-0.00894500837009543,-0.00828783512998105,3400.969738622518,-4057.399177861972,29422,43584
2,159,73268,2122,-0.009061873106773071,-0.008341058638558293,3398.5744850535434,-4062.5198038405956,29391,43526
2,160,73188,2121,-0.009112612840370123,-0.008332554764260347,3404.2339676812885,-4071.167876242289,29303,43493
2,161,73273,2122,-0.009095191310837454,-0.008834149906813742,3412.2876364040926,-4078.7195893230787,29373,43504
2,162,73219,2122,-0.00914445106469114,-0.008709109386857837,3411.4653969720757,-4081.012959477707,29323,43513
2,163,73196,2123,-0.009408486098564602,-0.009150737368812799,3403.1796064652917,-4091.843154935814,29331,43490
2,164,73142,2122,-0.009547854834471637,-0.009396195765277312,3397.9458046906807,-4096.295002993598,29310,43475
2,165,73082,2122,-0.0096073771658967,-0.009324853111168551,3401.77358246995,-4103.899920508013,29277,43434
2,166,73086,2122,-0.009662749899757924,-0.009275519505941741,3404.2391124201704,-4110.450851593869,29198,43494
2,167,73058,2121,-0.009706021273330248,-0.00947257774680137,3412.0462470355815,-4121.148749222554,29156,43515
2,168,73020,2124,-0.009821491903840483,-0.009710294101485717,3411.199859568042,-4128.36519838647,29168,43504
2,169,72935,2122,-0.009767684098217128,-0.008998413503758068,3420.3270553924344,-4132.733095095895,29147,43402
2,170,72915,2122,-0.00980880832481708,-0.00935087119137029,3423.2536442265186,-4138.462903230558,29127,43374
2,171,72791,2123,-0.009759983746172702,-0.00901910343314862,3428.618824882587,-4139.057801750247,29120,43278
2,172,72873,2121,-0.009744394199771259,-0.009306054204245424,3439.3585470954217,-4149.461785615358,29186,43338
2,173,72888,2121,-0.009755774301053465,-0.009161295536022296,3442.0296440983143,-4153.108521353496,29179,43318
2,174,72730,2122,-0.009942301684608891,-0.009265228075588201,3435.291525173973,-4158.395126695573,29080,43288
2,175,72739,2122,-0.009825429850216963,-0.009360972898708447,3451.1473811765904,-4165.839323051528,29118,43257
2,176,72725,2120,-0.009655764516110584,-0.009693910343933767,3469.4186917665656,-4171.634166200706,29094,43252
2,177,72640,2120,-0.009733862047995897,-0.01011773534543813,3474.1707997827843,-4181.238538949203,29084,43188
2,178,72660,2121,-0.00974009555065049,-0.009619701154219014,3484.758416803899,-4192.473759514171,29082,43183
2,179,72660,2114,-0.009823556170765519,-0.009665651591560976,3484.9205144796756,-4198.700105847492,29089,43183
2,180,72654,2115,-0.00988506750794385,-0.009924752879644567,3489.1748277727447,-4207.364522494892,29091,43171
2,181,72526,2113,-0.009883456818462814,-0.010100899270843159,3495.620955352621,-4212.4285445684645,28960,43179
2,182,72515,2114,-0.009719697409374364,-0.010025651506443859,3511.6281437930284,-4216.452001433823,29011,43133
2,183,72492,2112,-0.009777078166363843,-0.009833094394344315,3520.573509970698,-4229.333460406753,28939,43156
2,184,72485,2114,-0.009708697304605952,-0.010001041266409032,3531.055002224771,-4234.7899263491345,28901,43235
2,185,72418,2113,-0.009614380690299545,-0.010326403782811041,3540.7046639261744,-4236.958884756292,28865,43215
2,186,72428,2113,-0.009609001682219474,-0.010203222098446915,3549.6544048563396,-4245.615178696117,28781,43297
2,187,72483,2113,-0.009545165682781898,-0.01010412470004451,3565.837252174253,-4257.699496359333,28805,43335
2,188,72471,2113,-0.009586395594963626,-0.01038291870644741,3569.505827728139,-4264.241502890751,28857,43261
2,189,72441,2110,-0.009613222898394534,-0.00993101306306277,3577.127244341995,-4273.51872432459,28793,43272
2,190,72375,2111,-0.009718782836107923,-0.009693758164510017,3577.2471592274787,-4280.644066990788,28819,43182
2,191,72440,2111,-0.0097731278148741,-0.010360357013597136,3588.847696368175,-4296.813075277666,28760,43321
2,192,72482,2112,-0.009806399513778217,-0.010338405709621664,3601.456007646033,-4312.243457203708,28728,43367
2,193,72515,2112,-0.009789840685967853,-0.010362864609058121,3610.60769731101,-4320.517994653961,28689,43470
2,194,72623,2113,-0.00970448501506552,-0.010068486511081227,3625.3110456918384,-4330.079860940929,28783,43487
2,195,72624,2110,-0.009806120820139229,-0.01030969480430744,3630.233548243744,-4342.393266685538,28719,43559
2,196,72594,2112,-0.009878105395519957,-0.009937996912357545,3628.2314066804656,-4345.3225897628445,28695,43562
2,197,72659,2112,-0.010067673812917429,-0.010250598072747578,3625.0421692273717,-4356.54928080014,28646,43677
2,198,72658,2112,-0.009970948410594219,-0.010087775391100456,3631.3510124843438,-4355.820182101286,28685,43616
2,199,72650,2112,-0.010175049681147524,-0.010647368162861019,3631.7725034706223,-4370.989862806003,28652,43662
2,200,72620,2111,-0.010293683222698745,-0.010806354455646733,3635.242127301323,-4382.769402933721,28612,43662
2,201,72615,2114,-0.010354099150060601,-0.011133864536497716,3638.6548921597123,-4390.517801941351,28681,43592
2,202,72615,2112,-0.010338309133530761,-0.01092777074163635,3646.91742136072,-4397.6337390920635,28704,43580
2,203,72506,2112,-0.010598933797924686,-0.010837540089567011,3636.7193948268587,-4405.205688779182,28578,43579
2,204,72569,2113,-0.010848099839536414,-0.010692469406570487,3634.3577925006302,-4421.59354975594,28660,43566
2,205,72609,2112,-0.010789297640602888,-0.010928833260518583,3642.762311750942,-4426.162424137474,28632,43629
2,206,72588,2113,-0.0108052406767547,-0.011102056217591019,3653.612337704344,-4437.94314794862,28618,43652
2,207,72595,2114,-0.010897090732873317,-0.01119322391095411,3657.3753995103325,-4448.449701263287,28587,43622
2,208,72530,2112,-0.011151163344083538,-0.011213617085951973,3650.387301795833,-4459.181179142195,28489,43661
2,209,72501,2113,-0.011322805779922729,-0.01170885338306298,3649.780743721408,-4470.695485571559,28450,43676
2,210,72495,2112,-0.01137816328413877,-0.011626985812278542,3655.28938719743,-4480.1493344810715,28547,43611
2,211,72475,2112,-0.011486679674501546,-0.011589841812037965,3657.515459495694,-4490.012568905199,28502,43630
2,212,72397,2113,-0.011681523652862917,-0.011676233289340662,3661.087417757878,-4506.794685654195,28364,43686
2,213,72410,2111,-0.011613984145535283,-0.011608330869519607,3668.52186414744,-4509.490456125643,28373,43699
2,214,72419,2112,-0.011827321793986826,-0.011650842654267034,3671.0214411345523,-4527.5442581332845,28321,43741
2,215,72381,2113,-0.012011175426224884,-0.01231626928077271,3665.7131632288956,-4535.09405175449,28311,43721
2,216,72273,2112,-0.012226405549352694,-0.01178629207741749,3660.420697520866,-4544.059705789234,28270,43684
2,217,72378,2113,-0.012152615260037036,-0.011779541545631099,3674.619073908148,-4554.201061199107,28274,43779
2,218,72410,2114,-0.012362131603428533,-0.011930032370626923,3670.3494245269503,-4565.491373931207,28233,43845
2,219,72454,2113,-0.012566291239328118,-0.012309248286473503,3665.5474604901915,-4576.025525944472,28329,43779
2,220,72359,2113,-0.01286520908421823,-0.012261103663291122,3653.7057458267386,-4584.6194099516915,28224,43808
2,221,72364,2113,-0.012917665454392567,-0.01193776333117614,3651.77890836247,-4586.5528513041345,28255,43757
2,222,72292,2112,-0.013185730366898345,-0.012309159868318015,3639.6191256409884,-4592.841945324785,28253,43711
2,223,72381,2113,-0.01323550125939099,-0.0123666993476077,3647.346661622104,-4605.3454782780855,28250,43784
2,224,72345,2114,-0.01337989597790028,-0.012580965150007166,3643.291732110154,-4611.260306631344,28247,43762
2,225,72341,2114,-0.0134740414641261,-0.01216294214587511,3640.1759887515036,-4614.901622307853,28310,43706
2,226,72308,2113,-0.013448066896586772,-0.012431767940487247,3644.8382130967966,-4617.241034255208,28311,43663
2,227,72258,2113,-0.013584135139973686,-0.012538631442136764,3643.552374018387,-4625.114810962614,28332,43587
2,228,72240,2114,-0.013404562097584387,-0.012517663835594918,3655.692000784188,-4624.037566713693,28317,43570
2,229,72274,2113,-0.013270153886597505,-0.01260974710112486,3671.5873229513636,-4630.674424951307,28396,43527
2,230,72256,2112,-0.01333910062594077,-0.012437117810275846,3677.507350255915,-4641.337405083905,28357,43554
2,231,72350,2112,-0.013440445245008436,-0.012761047534078737,3680.8726654976667,-4653.28887897402,28375,43636
2,232,72377,2113,-0.013377157679446212,-0.012592966512759193,3691.479579996103,-4659.678121361385,28435,43658
2,233,72357,2112,-0.01354670265740116,-0.01313895004474663,3684.942586255826,-4665.141350437402,28441,43579
2,234,72319,2111,-0.013702952528624862,-0.013443479033893767,3682.2826707543595,-4673.266494671975,28403,43552
2,235,72324,2111,-0.01356578592987699,-0.01317748538115103,3699.158639142047,-4680.2905407344715,28441,43553
2,236,72334,2110,-0.013623906023287577,-0.013370884701431439,3703.3612577727176,-4688.83287606122,28450,43528
2,237,72277,2112,-0.013631949464977162,-0.013124831726944201,3710.2825438551363,-4695.558955335288,28436,43520
2,238,72197,2112,-0.013576409598413459,-0.013088941742326768,3718.1210553051314,-4698.297099081786,28449,43432
2,239,72295,2112,-0.013746968550300548,-0.012972396302293738,3720.4565796082275,-4714.293670952208,28464,43493
2,240,72267,2112,-0.013768323661837006,-0.013248756704906982,3726.2299391373167,-4721.225385207288,28384,43561
2,241,72280,2112,-0.013784969832809815,-0.01325955819404686,3732.3675464715466,-4728.74516598704,28408,43550
2,242,72355,2112,-0.01377908519836788,-0.013305890293722264,3743.2144504210687,-4740.200159948985,28458,43583
2,243,72329,2112,-0.013755691731719078,-0.012961534037221507,3752.232756626445,-4747.168183889961,28445,43591
2,244,72374,2112,-0.013889996830877386,-0.012972163647350302,3745.8850811272846,-4751.159711765206,28478,43562
2,245,72404,2111,-0.013801663138557716,-0.01271983567055988,3755.1090517954,-4754.404669679527,28531,43571
2,246,72428,2112,-0.013730188002104349,-0.01291965461584218,3767.817889182953,-4762.267945799365,28502,43593
2,247,72518,2112,-0.013846036127547565,-0.013338266816607578,3774.058592441878,-4778.145440339366,28493,43683
2,248,72482,2112,-0.013796221340928325,-0.012958806760021301,3786.323539614917,-4786.301254848084,28427,43743
2,249,72560,2111,-0.013708836297925743,-0.01309348171591727,3799.808641199181,-4794.52180297669,28538,43711
2,250,72458,2111,-0.013701019565328766,-0.01285045849442216,3804.7529407238326,-4797.501416388437,28548,43615
2,251,72531,2112,-0.013827233756945433,-0.012968646655182823,3803.646260055221,-4806.549351680235,28514,43695
2,252,72509,2112,-0.013716698226851743,-0.013124486718471029,3814.1488995668615,-4808.732971297661,28510,43670
2,253,72543,2112,-0.013773730611752627,-0.013032535248499746,3815.478670471517,-4814.666410239905,28535,43703
2,254,72546,2111,-0.013826924712128322,-0.013033089161426077,3817.1796058637597,-4820.267686029806,28510,43720
2,255,72542,2111,-0.013824970021383581,-0.013004909600965807,3821.7139554941155,-4824.604930785324,28546,43680
2,256,72549,2112,-0.013624635137870962,-0.012822895464791928,3839.5662893570698,-4828.019943974492,28592,43636
2,257,72509,2112,-0.013517301066372623,-0.013242641284567579,3849.366855278488,-4829.492838300109,28602,43586
2,258,72550,2112,-0.013551995040756689,-0.012547950816717734,3853.1204826288363,-4836.317722835749,28583,43633
2,259,72625,2112,-0.013591958577690178,-0.01237712937805452,3856.643529267069,-4843.759520971815,28639,43672
2,260,72628,2112,-0.013743693806974428,-0.012321758807808387,3852.2618041876017,-4850.438798000533,28625,43698
2,261,72562,2111,-0.013742827378667246,-0.012592310346016098,3851.8347628513266,-4849.041803102196,28626,43649
2,262,72571,2111,-0.013785284701217506,-0.012594118179991147,3857.5535044783082,-4857.965400530374,28606,43658
2,263,72584,2112,-0.013875005196870105,-0.01235340212901507,3855.4902509402577,-4862.593628149878,28586,43674
2,264,72610,2112,-0.013849517278231449,-0.012496562905209412,3860.5023823390393,-4866.11583191142,28518,43780
2,265,72588,2112,-0.013917576323805098,-0.012472110468268342,3861.2654249159737,-4871.514455108353,28538,43729
2,266,72609,2112,-0.013979275684793561,-0.012570394973667838,3862.39606779664,-4877.4172959938005,28565,43720
2,267,72636,2112,-0.014071543850236115,-0.012840505521484056,3861.9346142977843,-4884.035273403542,28564,43749
2,268,72630,2112,-0.014212446959511732,-0.012986782406479725,3854.5436864351745,-4886.793709104501,28545,43764
2,269,72672,2112,-0.01406452264135231,-0.012283068761749038,3867.259111383405,-4889.356100775765,28595,43765
2,270,72706,2112,-0.01400229192884731,-0.012551529042009388,3875.8346106446224,-4893.885247623398,28625,43746
2,271,72694,2111,-0.014023379983520526,-0.012635237733454907,3879.0890514466496,-4898.504635968708,28662,43703
2,272,72663,2112,-0.014039388539935227,-0.012929461329655835,3885.3261897475045,-4905.470279224834,28576,43756
2,273,72746,2112,-0.014147983992358086,-0.013173240741573533,3890.5060244455326,-4919.715267953617,28676,43768
2,274,72726,2112,-0.01405306584364148,-0.012628733293291868,3900.6374104034244,-4922.660676948074,28619,43792
2,275,72794,2112,-0.014135612951245194,-0.012869041105513887,3908.3502699961637,-4937.338079169116,28566,43943
2,276,72821,2112,-0.01425030259537197,-0.01323557051403922,3907.09308005757,-4944.814365355148,28501,43987
2,277,72789,2112,-0.014135004249510355,-0.013130838049289089,3914.9789834901517,-4943.851807807748,28479,43973
2,278,72867,2111,-0.014162811971540947,-0.013262305701588947,3924.832864592952,-4956.8344845232,28466,44096
2,279,72849,2111,-0.01446755014738391,-0.013493012850867717,3915.0646676197753,-4969.011228306531,28506,44049
2,280,72870,2110,-0.014442714029908958,-0.013261741389920452,3921.4959194641674,-4973.936490823623,28459,44115
2,281,72931,2111,-0.014553940040636627,-0.013273221089327386,3919.049522883054,-4980.48292398673,28489,44132
2,282,72951,2111,-0.014617348248221565,-0.013047841785710439,3921.0901444923543,-4987.440316548351,28569,44074
2,283,72962,2111,-0.014794823398242363,-0.013229515598669134,3921.030582513845,-5000.490487296386,28558,44088
2,284,73045,2111,-0.01499888369936388,-0.013506154469386758,3917.204971140854,-5012.7984309609,28603,44153
2,285,73042,2111,-0.015144705919932408,-0.013665117406748726,3917.0594824821223,-5023.259092285821,28565,44162
2,286,73003,2111,-0.0151938239138022,-0.013525890288515774,3915.429670435124,-5024.624397614425,28499,44181
2,287,73011,2111,-0.015340353686310582,-0.013633595070513661,3909.4690723021513,-5029.483635293366,28545,44143
2,288,72983,2111,-0.015539187019058948,-0.013523629483814253,3901.123855863831,-5035.220342075794,28618,44044
2,289,73018,2111,-0.015426898054624895,-0.013532510514169585,3907.881735325713,-5034.322977478316,28674,44035
2,290,72986,2111,-0.015435918677259852,-0.013504142108869409,3911.683076186025,-5038.289036764515,28697,43978
2,291,73044,2111,-0.015437908254623664,-0.014002291694613757,3916.644336123897,-5044.290906674617,28720,43988
2,292,73037,2111,-0.015407654972962098,-0.013380079138567022,3920.3473421471977,-5045.6762384074245,28719,43999
2,293,73016,2111,-0.015360102511489363,-0.013477251338441158,3924.209932533501,-5045.743177512426,28730,43969
2,294,72945,2111,-0.015206375089520255,-0.01329172351228317,3935.069685739654,-5044.298716644725,28728,43909
2,295,72971,2111,-0.015197758564675737,-0.013807028538529218,3936.8768011560005,-5045.872441378962,28715,43901
2,296,72962,2111,-0.015130439213168692,-0.013791651348246555,3942.6875969268694,-5046.634702798106,28741,43884
2,297,72926,2109,-0.014916324827940622,-0.013725506750068171,3954.095102094308,-5041.88300649669,28777,43836
2,298,72875,2110,-0.014786032130253415,-0.01324955642872389,3962.4450648981215,-5039.977156390332,28724,43813
2,299,72723,2110,-0.0146677723125505,-0.013171242429456676,3966.728196124497,-5033.412602010105,28653,43747
2,300,72754,2110,-0.014357279466458303,-0.012961033309953,3984.114525736932,-5028.664036039628,28762,43686
2,301,72697,2109,-0.014080657506605521,-0.013057800023692457,3997.4127146703377,-5021.034273428026,28723,43627
2,302,72564,2109,-0.014053055654999938,-0.012762474387412818,3993.5257543214484,-5013.271684870848,28699,43517
2,303,72520,2110,-0.013893422016887433,-0.01273508337195055,3998.955215154635,-5006.506179819302,28704,43475
2,304,72402,2110,-0.013885628106867677,-0.012558216923975365,3991.326235197477,-4996.673481390915,28742,43341
2,305,72331,2109,-0.013750686712946507,-0.01258496840150803,3990.7326591126593,-4985.33357974679,28720,43265
2,306,72296,2108,-0.013848384979474557,-0.012610479732231053,3981.047141002892,-4982.229981478972,28711,43242
2,307,72111,2106,-0.01386291762374014,-0.012505632508005599,3966.0519400389653,-4965.720792804485,28659,43134
2,308,71898,2106,-0.013830326002141078,-0.012684528839690446,3956.911624296133,-4951.284403198084,28593,42971
2,309,71647,2106,-0.013794723391870496,-0.012684722689834433,3947.5655233362677,-4935.916070193623,28466,42868
2,310,71383,2105,-0.01362029529366877,-0.012988615243425653,3940.3887397199464,-4912.646278667892,28350,42711
2,311,70943,2103,-0.013473939093543306,-0.01245466505269573,3920.983272251564,-4876.864933364806,28165,42484
2,312,70563,2101,-0.013545184936815169,-0.01229812455928295,3887.4152663235077,-4843.2041510200115,27952,42275
2,313,70006,2101,-0.01359310175681379,-0.012106846076738925,3848.573500369747,-4800.172181957246,27745,41936
2,314,69395,2099,-0.013845548838639213,-0.01231648115064654,3801.8648129464696,-4762.676674603825,27497,41599
2,315,67145,2098,-0.01408793448423142,-0.013086482684621531,3667.8597175619943,-4613.794078505711,26531,40299
2,316,64940,2095,-0.014087745833371138,-0.014086400813524804,3550.7402251935146,-4465.598439612654,25643,39000
2,317,62753,2092,-0.014057545316826207,-0.01418383680650953,3435.197104739025,-4317.350246005827,24714,37734
2,318,60638,2090,-0.014131393596444022,-0.013863931132033214,3320.6248332973746,-4177.524278198548,23846,36493
2,319,58386,2090,-0.014158662318170824,-0.01388402207824883,3206.4339486863687,-4033.101606795078,22885,35235
2,320,56165,2087,-0.01398849980154366,-0.014158710980029307,3097.341368927935,-3883.005460281625,22011,33899
2,321,54025,2082,-0.01395593691149079,-0.01294243488453304,2989.196916481719,-3743.1664081250237,21165,32620
2,322,51858,2079,-0.013947064111459347,-0.012590973834273642,2883.378502162054,-3606.645352854112,20218,31361
2,323,49752,2076,-0.013894013070735995,-0.012611761232255677,2778.534971689336,-3469.789909984596,19351,30128
2,324,47653,2072,-0.013902744922686477,-0.012265665797587786,2670.35624173254,-3332.863745533322,18506,28915
2,325,45584,2058,-0.013969603689496844,-0.011993994032391547,2559.6074517689876,-3196.397866351021,17683,27677
2,326,43606,2056,-0.014114988108442039,-0.013420449970424093,2453.752018944898,-3069.250190401622,16903,26459
2,327,41598,2033,-0.014095874222124409,-0.013381335580992368,2355.5128951350675,-2941.8730710269992,16171,25223
2,328,39710,2008,-0.013983703744807677,-0.01560667887461567,2260.7889646055482,-2816.081840311869,15389,24105
2,329,37951,1056,-0.01363480952192787,-0.011360548421905288,2174.3829168721413,-2691.837573038824,14768,22967
2,330,37864,1056,-0.013662982766721107,-0.012011017405566015,2168.7726651506455,-2686.1078446297693,14697,22986
2,331,37763,1055,-0.013883526914762212,-0.011375863375658784,2156.281721547455,-2680.5653484296195,14641,22929
2,332,37647,1054,-0.013958381011688717,-0.01173017211038892,2145.769422170535,-2671.260592117584,14601,22848
2,333,37514,1052,-0.013726971690447504,-0.01127619066871364,2138.9727384681296,-2653.926354463571,14605,22716
2,334,37322,1053,-0.013658504547226755,-0.01097581259206832,2130.1486187981873,-2639.9113255097864,14528,22609
2,335,37140,1053,-0.01371254105327396,-0.0112375243211736,2114.237318964098,-2623.5210936826898,14430,22500
2,336,36928,1053,-0.01354371926225688,-0.010842626467855587,2103.441198407997,-2603.583663324615,14412,22303
2,337,36669,1052,-0.013447580816932566,-0.01057186073132467,2084.6250354328968,-2577.734376408992,14316,22161
2,338,36426,1053,-0.013223347980635208,-0.010055939090118943,2069.5165446097762,-2551.190218152397,14287,21971
2,339,36132,1053,-0.013137146357105417,-0.011199015798479778,2051.446572122342,-2526.117944297267,14181,21763
2,340,35809,1052,-0.012903139073203682,-0.011297143270451828,2036.3992597562594,-2498.447766828608,14074,21554
2,341,35291,1051,-0.012451529498531151,-0.011289309177264407,2008.8646212892206,-2448.291548821885,13934,21185
2,342,34781,1049,-0.012137957507003888,-0.012326607774056154,1978.9854809136082,-2401.1557809647043,13695,20908
2,343,34246,1049,-0.011855079624593534,-0.012269529499086879,1947.4729057941806,-2353.4619626180047,13475,20580
2,344,33653,1046,-0.011602949475514336,-0.013008514751574815,1914.5896656471168,-2305.063724346599,13232,20245
2,345,31219,1045,-0.011440329793230692,-0.01331272770347734,1783.1439659968908,-2140.299621811757,12280,18777
2,346,28813,1041,-0.01122992524109843,-0.012617270145010559,1650.2321559087247,-1973.799991880495,11341,17320
2,347,26414,1037,-0.011190382785267633,-0.013482696324527014,1516.001916152999,-1811.5846870430605,10366,15897
2,348,24054,1035,-0.011012049111141741,-0.01498979327031877,1382.32018551439,-1647.2040148337965,9448,14468
2,349,21671,1030,-0.010721480129760612,-0.014337182723370295,1249.8831463848353,-1482.2283422768787,8491,13059
2,350,19286,1028,-0.010423225660489666,-0.013731774330888914,1116.2956171626165,-1317.3179472508184,7537,11641
2,351,16945,1021,-0.01000818896930198,-0.011541474914780825,984.4121773362313,-1154.0009394210538,6627,10231
2,352,14682,1017,-0.01024404738985631,-0.012157358502404082,852.6468850688102,-1003.0499888466825,5744,8868
2,353,12422,1014,-0.01046962329993863,-0.01297337134667459,720.2186671818843,-850.2723278137217,4836,7520
2,354,10173,1009,-0.010344863675435667,-0.013584535307319973,590.79286137642,-696.0311595466297,3974,6151
2,355,7949,980,-0.009563621138362243,-0.009988920189980844,464.7696712885983,-540.79089571744,3094,4814
2,356,5915,970,-0.010045708302482087,-0.009425490448058913,346.5095580571641,-405.92992266634496,2303,3582
2,357,3908,959,-0.010660993442597352,-0.011112396287011748,229.06421450238145,-270.7273768760513,1518,2373
2,358,1931,946,-0.010657203231233198,-0.011649902130382056,114.66781662126267,-135.2468760607735,752,1171
3,0,89884,2132,0.0,0.0,0.0,0.0,0,0
3,1,80837,2131,-0.00009855773438490766,-0.00010644238092360266,418.8771287683193,-426.8442403427927,37441,38867
3,2,80062,2132,-0.0002576944838217721,-0.00024088952095397556,559.1083686165646,-579.7399043803036,37348,39493
3,3,79490,2131,-0.0004446942841570475,-0.0002814487347096527,659.6933905483036,-695.042139195948,37136,39747
3,4,79226,2131,-0.0006339693579501231,-0.00042955592167189546,744.799010665017,-795.0258670179744,37031,39918
3,5,79082,2130,-0.0007841998247571346,-0.00048542323869710615,823.2375972599306,-885.2536878013753,36865,40166
3,6,79034,2131,-0.0009641219786562341,-0.0007488470965664009,893.2601913383454,-969.4586077994614,36801,40409
3,7,78883,2130,-0.0010680923727665673,-0.0007809834598211387,958.0265538691033,-1042.280884510047,36808,40426
3,8,78718,2129,-0.001208295261238554,-0.000791959522897337,1013.3875573023395,-1108.5021436765223,36678,40464
3,9,78575,2130,-0.0013919329223169052,-0.0010390472103514199,1062.1947474398896,-1171.5658768109447,36561,40545
3,10,78624,2130,-0.0015045637524994484,-0.0011196960285761472,1113.4890775518427,-1231.7838980283573,36693,40537
3,11,78524,2130,-0.0016613350816040615,-0.0012773760463813334,1160.2184026923474,-1290.6730786402272,36460,40716
3,12,78363,2130,-0.0017281828795865848,-0.0011747865387541736,1205.0453843167766,-1340.4709793098186,36242,40718
3,13,78421,2131,-0.0018176915383431845,-0.0012136267534356316,1246.78566476202,-1389.3308528904365,36346,40823
3,14,78209,2130,-0.0019117333997000778,-0.0012265194451063215,1280.0031995263475,-1429.5179569834938,36074,40896
3,15,78190,2131,-0.0020594307412067324,-0.0014578732765047953,1312.621959736324,-1473.6488493912748,35964,41055
3,16,78022,2130,-0.002238312325651196,-0.0015915600427456017,1343.7166044334963,-1518.3542087054564,35632,41187
3,17,78079,2129,-0.0023447188614678905,-0.0015850900358546725,1380.7182398258255,-1563.791543810377,35636,41299
3,18,78018,2130,-0.0024603476516979355,-0.001748737459749247,1416.261086837973,-1608.2124899281566,35555,41383
3,19,78025,2129,-0.002634332876810476,-0.0019436206380966056,1447.0575861957325,-1652.6014089088649,35345,41575
3,20,77944,2130,-0.002758467655510459,-0.0019534388468560137,1480.025827175898,-1695.0318301170055,35325,41595
3,21,77897,2130,-0.0029639073062200216,-0.002181283010842087,1509.7330084478033,-1740.612495880424,35183,41677
3,22,77883,2130,-0.0031107152482019573,-0.0023839258958103142,1540.837505032563,-1783.1093407082758,35113,41784
3,23,77862,2129,-0.003299114339334174,-0.002556577637682771,1566.8418511478021,-1823.7174918370376,34959,41921
3,24,77781,2131,-0.0034862603033716166,-0.002493525330125759,1592.6115813864126,-1863.776394042959,34840,41967
3,25,77652,2131,-0.0037509908344859726,-0.0026520586170026856,1609.6398703271564,-1900.9118106066649,34593,42152
3,26,77569,2132,-0.0039332150912986825,-0.002902115783537808,1632.1216039591734,-1937.2171653761181,34405,42248
3,27,77588,2130,-0.004195021933240088,-0.0030958144941432278,1650.0051138651593,-1975.4884756213894,34371,42303
3,28,77501,2131,-0.004473291274994592,-0.003371959357215527,1665.6833595056664,-2012.3679066090192,34046,42620
3,29,77509,2131,-0.004761566904903842,-0.0037448298754708047,1680.4291605569754,-2049.49344978916,33909,42684
3,30,77408,2129,-0.0049780877050576286,-0.0036808747937568374,1697.955988464959,-2083.2998015380667,33816,42700
3,31,77450,2130,-0.005090048054068133,-0.0037384931775517032,1720.0883223609214,-2114.3125441484945,33806,42808
3,32,77327,2130,-0.005191223542412316,-0.0038108959437796967,1743.3367024901631,-2144.7584453542827,33762,42691
3,33,77233,2130,-0.005362294293785576,-0.004063470548338306,1759.1419397341147,-2173.2880149260536,33561,42860
3,34,77190,2129,-0.005528751711114481,-0.004146900912437794,1776.7470332366404,-2203.511377817567,33547,42862
3,35,77119,2128,-0.005678072668911225,-0.004180994142207804,1796.2953014301595,-2234.1825875839295,33554,42770
3,36,77013,2128,-0.005691984937034657,-0.0044006590350253805,1818.195210481824,-2256.5520464376723,33397,42827
3,37,77111,2130,-0.005785617532462786,-0.004341450003578199,1837.974190095269,-2284.1089436410057,33436,42903
3,38,76910,2130,-0.0058730419956936585,-0.004434790530609103,1857.006081385195,-2308.7017412740015,33318,42788
3,39,76912,2129,-0.0059209253077362935,-0.004697013755117867,1878.644193759279,-2334.034401027887,33344,42796
3,40,76862,2130,-0.005960178480575464,-0.004682157991681996,1898.1898000553142,-2356.30103842931,33314,42766
3,41,76718,2131,-0.005889485039537848,-0.004490983895947428,1921.2018935147546,-2373.0314067780155,33263,42680
3,42,76763,2132,-0.005947079902155509,-0.0047701825915369405,1940.4638574693568,-2396.9795519985205,33204,42811
3,43,76842,2130,-0.005992757636382705,-0.004593331530133847,1961.7236592603829,-2422.219141555307,33272,42832
3,44,76660,2131,-0.006005109143809739,-0.004581074167633057,1979.7054237273587,-2440.0570906918147,33205,42717
3,45,76657,2131,-0.006096413475252419,-0.004727469480981288,1995.9235046636525,-2463.2562724360737,33155,42813
3,46,76593,2130,-0.006084106546636062,-0.004750457024411119,2014.4110267747799,-2480.410999501277,33144,42760
3,47,76548,2129,-0.006165322016981075,-0.004580720008599039,2028.743590147909,-2500.6866599037776,32945,42922
3,48,76489,2130,-0.0061232562208239074,-0.0046784702670254865,2048.083063436202,-2516.4448085108015,32877,42890
3,49,76546,2129,-0.006132871608096277,-0.004680209476908058,2064.314463690535,-2533.7612538038834,32952,42927
3,50,76339,2129,-0.006294876455726033,-0.004854325320705551,2071.588589484827,-2552.1331632384995,32702,42968
3,51,76308,2129,-0.006471536775402677,-0.0048976330325382076,2076.8161748528332,-2570.646203110256,32684,42987
3,52,76386,2129,-0.0065920695453364885,-0.005035264772760847,2088.3418534250923,-2591.8836777151705,32677,43029
3,53,76253,2128,-0.006700363366412546,-0.005167586285621451,2097.5590926207924,-2608.4819003998527,32637,42963
3,54,76311,2130,-0.006750452146883689,-0.005381883141493071,2111.1197782379863,-2626.2535320188367,32706,42959
3,55,76228,2129,-0.006741612538850811,-0.005284336069006682,2126.249767458274,-2640.1494080697944,32632,42905
3,56,76163,2130,-0.006822502540751613,-0.005339087928951112,2137.0878037341654,-2656.7100647454345,32625,42905
3,57,76237,2130,-0.0068750152986659235,-0.005467531464770272,2153.359648126318,-2677.4901894507125,32586,43016
3,58,76104,2130,-0.006955037364493421,-0.005644423599990886,2167.4244036877076,-2696.7305672751236,32371,43067
3,59,76050,2130,-0.006940929203746648,-0.005491454122191151,2186.305199593589,-2714.162865538518,32412,43000
3,60,75960,2129,-0.0069746589190510504,-0.0054202452800658305,2198.4937711479492,-2728.288862639065,32314,42985
3,61,75921,2128,-0.007044747658528135,-0.0056347147322266125,2212.6392692563404,-2747.4835562394574,32225,43031
3,62,75855,2130,-0.007153222855306035,-0.0055370857790466785,2222.359693376979,-2764.9674130662174,32176,43024
3,63,75871,2129,-0.0071933456477080914,-0.0057022650429713485,2236.6230948757693,-2782.3894225130334,32135,43072
3,64,75823,2129,-0.0072328321500499644,-0.005818849360201434,2251.304563597608,-2799.7195957108543,32133,43058
3,65,75706,2130,-0.007293065934614305,-0.005990425281887839,2267.6058784060133,-2819.734728051926,31992,43076
3,66,75662,2129,-0.007324200784506736,-0.006032210986746309,2282.371608183343,-2836.535287940696,31921,43093
3,67,75638,2130,-0.0073186721723420035,-0.006084577449704049,2299.646882481826,-2853.216608253438,31826,43217
3,68,75627,2130,-0.007234621811826238,-0.005937752619666802,2320.8954506192636,-2868.0281943822515,31785,43262
3,69,75570,2129,-0.007246572378990587,-0.0060104202237512725,2336.0199679016537,-2883.643442581969,31735,43246
3,70,75577,2130,-0.007225661018786362,-0.005937217580465937,2351.694539856494,-2897.7883226733175,31728,43300
3,71,75428,2129,-0.007209296544019571,-0.005840742836752868,2366.954490320685,-2910.7373100430027,31664,43218
3,72,75408,2129,-0.007166554257851479,-0.006003321894993832,2386.087496965175,-2926.503020441237,31640,43195
3,73,75275,2129,-0.007176224596606801,-0.005844447743714383,2394.382301727943,-2934.572608237527,31506,43193
3,74,75249,2129,-0.007183474196675791,-0.006013986990251954,2410.601779089538,-2951.151028915195,31511,43208
3,75,75268,2130,-0.007175470936661155,-0.005854860003110263,2422.337537909856,-2962.420884370474,31508,43224
3,76,75224,2130,-0.007162887670867506,-0.005840398234657686,2437.968926643304,-2976.7899887966514,31476,43206
3,77,75159,2130,-0.007169144494370653,-0.00563538374869761,2449.3391017089234,-2988.1648327613193,31384,43207
3,78,75086,2127,-0.0071909537722438565,-0.00574401490005641,2460.336968159694,-3000.2769231023913,31354,43180
3,79,75142,2129,-0.007165591434141722,-0.005436623908219691,2477.0035668512396,-3015.4404383955175,31310,43305
3,80,75030,2128,-0.007069227676364032,-0.005223093659660145,2490.0169774492338,-3020.4211300068255,31280,43246
3,81,75043,2127,-0.007008561520850247,-0.005310470242047161,2505.0975950517545,-3031.0410772609216,31240,43276
3,82,74918,2130,-0.006960075534652505,-0.005118361548754279,2515.809271226234,-3037.244210131329,31242,43172
3,83,74998,2129,-0.006944705191626608,-0.005028563468080566,2532.003751004354,-3052.842750965973,31330,43171
3,84,75040,2129,-0.006964366258103909,-0.005129897626930987,2544.9491938728165,-3067.555237880927,31315,43254
3,85,75037,2129,-0.006874606338977048,-0.0052708725011047525,2563.841657008083,-3079.691492865907,31305,43238
3,86,74999,2130,-0.006767215161920157,-0.005125872531019089,2580.856864892447,-3088.391234821296,31230,43226
3,87,74861,2130,-0.006746527956842915,-0.0051953010568183055,2591.9243776673698,-3096.9762070445727,31172,43177
3,88,74732,2130,-0.006645401795135535,-0.005025845542967149,2606.556710624749,-3103.1808775788163,31132,43088
3,89,74766,2129,-0.006720152585497833,-0.0047719098772870715,2610.0213824479197,-3112.460310655256,31152,43117
3,90,74772,2130,-0.006821412405038396,-0.005021360859674274,2613.6629304134276,-3123.713578762948,31153,43126
3,91,74736,2129,-0.006764461488179882,-0.004901812207193216,2627.127955115439,-3132.6767488960513,31109,43143
3,92,74728,2128,-0.00670744286998957,-0.004900500151693388,2638.4317061568,-3139.6654969453853,31148,43083
3,93,74754,2128,-0.006560211266051462,-0.0046640696550083625,2657.852753973732,-3148.254786956137,31105,43167
3,94,74763,2127,-0.00654074186747693,-0.004860385760713266,2669.4137119188654,-3158.419196157047,31183,43104
3,95,74670,2127,-0.006539727897598713,-0.004771174099567426,2675.160924742351,-3163.4824068560433,31161,43027
3,96,74627,2129,-0.006578661325963088,-0.005035767291300544,2680.6713874856287,-3171.617146258285,31135,42937
3,97,74591,2128,-0.006592746268385576,-0.005325109522103604,2692.5402596710605,-3184.2997965762156,31078,43003
3,98,74530,2129,-0.0064053205079623934,-0.005003908505250565,2710.1891773154734,-3187.577714773914,31119,42875
3,99,74529,2128,-0.0063522261841943315,-0.005107775370024492,2718.807156736072,-3192.232222017895,31136,42856
3,100,74471,2128,-0.006283566066384026,-0.004911916142445247,2733.1820657094027,-3201.1255142390823,31168,42789
3,101,74360,2128,-0.006227977586832787,-0.005094164997060804,2742.524194199264,-3205.636607556155,31140,42709
3,102,74309,2128,-0.006207056080966,-0.00506181575247399,2751.2296582723693,-3212.4697885928713,31080,42691
3,103,74355,2128,-0.006206216471186458,-0.005123833744958897,2761.1950825300783,-3222.65830824515,31132,42665
3,104,74244,2129,-0.006303018694607427,-0.005465946674945055,2765.656398639409,-3233.617718601849,31103,42617
3,105,74274,2129,-0.006321153333860237,-0.005457423817308111,2776.5979918381177,-3246.095334557256,31097,42648
3,106,74189,2127,-0.006165489209081039,-0.00556124162296553,2792.7474201547993,-3250.1588990873206,31021,42654
3,107,74247,2129,-0.0060722909643002795,-0.005442915137498865,2808.757920354094,-3259.607307580499,31072,42657
3,108,74186,2129,-0.006072062911653287,-0.005428436312596132,2816.120904317118,-3266.5829634810216,31049,42662
3,109,74163,2129,-0.006033334620634368,-0.00575281091632953,2827.0300209300217,-3274.480216400126,31014,42658
3,110,74086,2129,-0.006092260508289532,-0.005439150292481005,2827.3363648746313,-3278.6875768917716,30982,42628
3,111,74029,2129,-0.006209592905016156,-0.0052137024191279795,2825.6951155071856,-3285.3850686726255,30904,42640
3,112,73968,2129,-0.006208441880139753,-0.005565336657665501,2831.5054562639243,-3290.7314852541017,30862,42591
3,113,73930,2128,-0.00624030816573243,-0.005411450133424847,2839.062556080319,-3300.4085387729197,30744,42671
3,114,73957,2129,-0.006149656573200514,-0.005494486525854594,2855.892889222254,-3310.703040406451,30755,42708
3,115,73843,2128,-0.006257977093702397,-0.005250379334180201,2860.7089270713473,-3322.816729601617,30739,42633
3,116,73844,2127,-0.006327971018016816,-0.005293707433747224,2868.605667881072,-3335.888359735516,30624,42748
3,117,73807,2126,-0.006479212879470471,-0.005346218602372008,2869.362098439719,-3347.5733634347966,30530,42782
3,118,73762,2127,-0.0064334043145207985,-0.005287929613097137,2879.654170369985,-3354.1949394176554,30501,42775
3,119,73692,2127,-0.006372917939675433,-0.005042885673611549,2889.3400927270013,-3358.973161537566,30504,42713
3,120,73759,2127,-0.006364814605497847,-0.005018758120343996,2900.947631913052,-3370.4099923999656,30549,42721
3,121,73737,2126,-0.006481308398739192,-0.005040478644546214,2904.724944372087,-3382.63718176992,30528,42721
3,122,73732,2128,-0.006502001333324421,-0.005107576834543026,2915.527832143574,-3394.933394452244,30548,42709
3,123,73646,2128,-0.006513601379044332,-0.005216269661027051,2922.000846878721,-3401.7015340398148,30483,42669
3,124,73604,2127,-0.006664072994673639,-0.005316275461781577,2922.8264989199897,-3413.328927619952,30519,42612
3,125,73680,2128,-0.006748979314858929,-0.00527145343643087,2926.9398610343674,-3424.204656953175,30514,42671
3,126,73663,2126,-0.006724912654055781,-0.0058011479303019045,2938.4894151471062,-3433.866655982822,30565,42637
3,127,73617,2126,-0.006672593652111677,-0.0061106373367733925,2949.6421414351007,-3440.858468322597,30486,42712
3,128,73558,2126,-0.006478245572573532,-0.005835351337817668,2969.48751445638,-3446.0143022837387,30497,42652
3,129,73546,2127,-0.006424741972996412,-0.006057207588759232,2981.1860383710673,-3453.700111517069,30375,42735
3,130,73491,2126,-0.006500189840502548,-0.006444702088599527,2987.293160823096,-3464.998612391475,30291,42764
3,131,73500,2126,-0.006497690024496239,-0.0067275031718333975,2995.5573588052293,-3473.137575605707,30291,42788
3,132,73472,2126,-0.006469280501607672,-0.006086642929393001,3006.9619734565194,-3482.272950470647,30280,42745
3,133,73396,2128,-0.006479771826344952,-0.006018072947048268,3018.4957888310614,-3494.085121797475,30239,42711
3,134,73351,2119,-0.006554886156199599,-0.006568510472556307,3021.625232591963,-3502.4326870353543,30176,42721
3,135,73377,2120,-0.006541895835339799,-0.0064043212348552985,3029.084244002219,-3509.108934711946,30265,42656
3,136,73367,2119,-0.006582458134394134,-0.005996497671007319,3031.4097451184393,-3514.344951064532,30200,42703
3,137,73326,2119,-0.006720285131381067,-0.006299083518914216,3033.1534574479547,-3525.9250849916016,30176,42715
3,138,73238,2119,-0.006651641405621097,-0.006410821976949108,3040.219299584822,-3527.3722128496943,30064,42753
3,139,73268,2118,-0.006747205020331201,-0.006254157404433841,3048.9292507685655,-3543.2834681981717,30003,42813
3,140,73298,2118,-0.00677428435818266,-0.006784734542538086,3057.8923734966256,-3554.4338683826973,30079,42791
3,141,73215,2118,-0.00674912011273292,-0.006826567520787996,3067.67518654081,-3561.812015594539,30038,42762
3,142,73204,2118,-0.006931327865984193,-0.007010893251316589,3066.0957767884497,-3573.4967018899692,29971,42817
3,143,73123,2118,-0.006987655729285347,-0.0065241459745467535,3066.1147915070815,-3577.07314139961,29971,42739
3,144,73069,2118,-0.0070893120454067066,-0.006509927698017704,3066.2132260799126,-3584.222167925734,29954,42717
3,145,73093,2118,-0.007122190088036653,-0.006867086222152028,3073.883406571171,-3594.4656466760384,29928,42771
3,146,72997,2117,-0.007236306866209978,-0.006861261002375725,3072.1252251136166,-3600.3539174263383,29940,42669
3,147,73074,2118,-0.007402283864224016,-0.007119368575922683,3074.312023175039,-3615.226514269334,29822,42836
3,148,72975,2118,-0.007391572199461639,-0.007028425831448479,3077.631613065863,-3617.0315943215764,29826,42768
3,149,73002,2118,-0.007373761931644383,-0.007186920294653874,3083.7812611229874,-3622.0806296568903,29827,42754
3,150,72911,2118,-0.007522719267116538,-0.006931123955308727,3078.7261546252985,-3627.2151391100438,29715,42759
3,151,72924,2116,-0.007569852568240677,-0.007450259238035792,3083.3415443229437,-3635.3654730093117,29776,42770
3,152,72935,2116,-0.007578681122055313,-0.007393643948249615,3094.0408189341497,-3646.7919265712667,29742,42799
3,153,72837,2116,-0.007613685159726029,-0.007396903328177197,3096.1824318258173,-3650.740417804778,29632,42807
3,154,72769,2116,-0.007630852430474851,-0.007235844173319038,3099.821481124664,-3655.1109816378926,29584,42778
3,155,72712,2117,-0.0077750641225209005,-0.007599502956884409,3096.0083461644463,-3661.3488086411803,29523,42816
3,156,72736,2117,-0.007839248800607768,-0.007388791378424134,3097.9086700868775,-3668.1042708478826,29484,42866
3,157,72634,2117,-0.00795904568779933,-0.007348240814346443,3100.3445196495486,-3678.441844137172,29379,42842
3,158,72574,2117,-0.007845945839082727,-0.00747132859761868,3114.8851183405495,-3684.2967916661432,29357,42825
3,159,72528,2117,-0.007910074753088428,-0.007472857297673884,3121.5792651895676,-3695.281166881573,29345,42792
3,160,72472,2118,-0.00798671519834547,-0.007549425414835415,3121.3789309772474,-3700.192154831744,29317,42770
3,161,72452,2118,-0.00807790148122888,-0.007578847814285146,3129.4942064816996,-3714.754324599681,29284,42781
3,162,72407,2116,-0.00804981347482497,-0.007927665826376174,3138.102703474482,-3720.9655477461306,29237,42797
3,163,72367,2117,-0.007946269262358585,-0.007811676811839394,3150.634641450232,-3725.682309159332,29231,42741
3,164,72427,2111,-0.007925263940296454,-0.007854612635914015,3167.0708219875282,-3741.073913391386,29251,42805
3,165,72375,2110,-0.007776156078367007,-0.007911754251413985,3179.0800629479704,-3741.8793591197696,29212,42781
3,166,72381,2110,-0.007858664593010867,-0.007718629195804086,3182.1350054225372,-3750.953007329255,29196,42789
3,167,72331,2110,-0.00787237268144763,-0.0080493307923433,3191.7441668860256,-3761.160755307817,29162,42786
3,168,72368,2111,-0.007842952886091091,-0.007734156015370147,3203.646879572639,-3771.225694033282,29123,42876
3,169,72319,2110,-0.00776305747306264,-0.008219078936505312,3217.840703668894,-3779.2572570633124,29139,42825
3,170,72404,2111,-0.0077322984211722085,-0.008201465179707958,3233.114888270148,-3792.9642231567095,29144,42895
3,171,72299,2110,-0.007787764146563549,-0.008027475920337942,3234.5842667152738,-3797.6318267476686,29089,42843
3,172,72305,2111,-0.007784084676532975,-0.008277470250011729,3243.646436906089,-3806.474679442799,29103,42840
3,173,72345,2111,-0.007829968987980534,-0.008125905527415716,3248.068569816867,-3814.5276762523167,29112,42858
3,174,72368,2110,-0.007887422681700678,-0.007862116376061446,3253.8203932920105,-3824.6173979213195,29131,42849
3,175,72304,2112,-0.007902582331172893,-0.007927700955968446,3262.3981279145914,-3833.786440787713,29026,42892
3,176,72374,2111,-0.007923797791873688,-0.008012965461911319,3271.555219713426,-3845.0321611024865,29089,42907
3,177,72372,2110,-0.008033062787564046,-0.008386049068777449,3276.6624036800927,-3858.031223741672,29047,42948
3,178,72400,2110,-0.00799377961825544,-0.007919482308460467,3286.4453159149675,-3865.19496027666,29045,42990
3,179,72411,2111,-0.008072072133756467,-0.007781576408027945,3293.940029513226,-3878.4468447906584,29021,43009
3,180,72397,2111,-0.008180275540685778,-0.008154408670003483,3296.8173642228057,-3889.044772541822,28948,43097
3,181,72456,2112,-0.00818525207380484,-0.00815318518639435,3309.436336753072,-3902.5069610126675,28926,43161
3,182,72485,2110,-0.00825120559664701,-0.008109381179975658,3311.364646721177,-3909.4532843941392,29082,43040
3,183,72476,2110,-0.008288976303813388,-0.008279121694550872,3317.2882887049373,-3918.040135300108,29106,42994
3,184,72486,2111,-0.008433645048088464,-0.008522937448112907,3318.437925675471,-3929.75912063122,29018,43127
3,185,72478,2110,-0.008502910301506555,-0.008090509064278438,3323.0616000547684,-3939.335532887374,28991,43123
3,186,72430,2109,-0.008640261898926154,-0.008300411872733685,3325.82248572016,-3951.636655059379,28888,43174
3,187,72419,2109,-0.008678785386682129,-0.00815725755241766,3333.435085459465,-3961.9440443776,28938,43133
3,188,72466,2111,-0.008728565013585073,-0.008799645543293298,3342.892367887596,-3975.4165601620484,28907,43221
3,189,72417,2112,-0.008990992164099949,-0.008737985133640876,3336.024196812443,-3987.1248763600634,28815,43251
3,190,72434,2112,-0.00891806408766205,-0.008693746826398577,3353.552006599529,-3999.5230607252415,28815,43267
3,191,72444,2111,-0.008955300356790223,-0.008827025349136113,3357.6452964446053,-4006.4030754919063,28817,43258
3,192,72429,2112,-0.009183636599650229,-0.00908785804436752,3353.5779918788758,-4018.739607154926,28823,43236
3,193,72363,2110,-0.009244127743764962,-0.009007772116134448,3355.8047460064786,-4024.737561928534,28763,43234
3,194,72346,2112,-0.009421320440330434,-0.009252570018619954,3354.993662633941,-4036.5885112100777,28747,43263
3,195,72266,2110,-0.009590704442811447,-0.009113184856854646,3350.519860699524,-4043.6017079637436,28731,43189
3,196,72229,2109,-0.009770412818957954,-0.009258237189392155,3349.9012876305806,-4055.6084351311024,28610,43272
3,197,72247,2112,-0.010001948156325075,-0.009565158906588296,3342.32478925492,-4064.935537704937,28639,43248
3,198,72286,2110,-0.010106887835089303,-0.009808850626062952,3350.8847223636535,-4081.471216410923,28593,43320
3,199,72268,2110,-0.010103562298625251,-0.01000399050500258,3357.866723948814,-4088.030964145854,28603,43306
3,200,72155,2109,-0.010118950629284328,-0.00925223552431847,3364.535153701135,-4094.668036357156,28614,43183
3,201,72212,2109,-0.010126908674690316,-0.009299734005002724,3374.758980638476,-4106.043309855217,28616,43226
3,202,72192,2110,-0.010386014651456853,-0.009778435028918592,3367.220891509656,-4117.00806122763,28546,43311
3,203,72114,2109,-0.010635324880756533,-0.009865546177652087,3360.6213002424465,-4127.577118693315,28550,43203
3,204,72125,2110,-0.010752951297181141,-0.009898041778952524,3361.3522469469153,-4136.908859256104,28468,43304
3,205,72054,2110,-0.011008977788122131,-0.010180159731897346,3356.198240060707,-4149.439125606051,28409,43294
3,206,72121,2110,-0.01108041321203464,-0.010259126126287411,3361.342049651525,-4160.47253091668,28427,43334
3,207,72006,2110,-0.01125363940918571,-0.010351962755307757,3355.6563952169276,-4165.985954514747,28410,43267
3,208,72025,2110,-0.011423230324288361,-0.009870543622574139,3349.4434593832348,-4172.20162349011,28461,43241
3,209,71932,2110,-0.011479248121276367,-0.009944790863621645,3348.6682870147633,-4174.393562874411,28464,43110
3,210,71986,2110,-0.011486007667115283,-0.00994064127076909,3354.724677375272,-4181.556425300233,28443,43178
3,211,71992,2111,-0.01146614256436894,-0.010541170762079539,3363.5941828588398,-4189.064718352893,28463,43178
3,212,72004,2111,-0.011415664248795556,-0.010560298602360367,3370.654350940581,-4192.627839510871,28469,43172
3,213,71969,2110,-0.011451673846559573,-0.01074963164331776,3375.1430047892222,-4199.3085198522585,28480,43147
3,214,71947,2111,-0.011528241695857889,-0.01039397841954425,3375.8867581641884,-4205.309163456078,28598,43016
3,215,71989,2110,-0.011616453879335357,-0.011443116780433795,3379.717219758614,-4215.974118078077,28650,42994
3,216,72044,2112,-0.011518204721792902,-0.0109156386103155,3396.717254520099,-4226.534795496947,28652,43045
3,217,72105,2111,-0.011675416568098004,-0.011794557737816493,3401.6060435390596,-4243.461955181754,28608,43137
3,218,72033,2111,-0.011730627006046365,-0.011572797862358635,3402.6020423784485,-4247.594297504985,28644,43046
3,219,71956,2112,-0.011799314605951853,-0.011418245295339767,3402.271485353459,-4251.302967139339,28588,43018
3,220,71938,2112,-0.011979525788086209,-0.01158489522552262,3400.4569683326417,-4262.240094475989,28614,42981
3,221,71968,2111,-0.012005558614893028,-0.011535201886338987,3407.384224199677,-4271.400266596298,28636,43017
3,222,72048,2111,-0.011982356952098127,-0.011659954144765556,3421.9600394624317,-4285.2648931472,28644,43048
3,223,71997,2112,-0.012110080626133234,-0.012012752478631537,3425.9629644582874,-4297.852439298011,28570,43114
3,224,72036,2112,-0.0121644639456219,-0.011899595860290598,3433.241970376273,-4309.521295163099,28574,43113
3,225,72011,2112,-0.012264868704839416,-0.011769392772467387,3435.547957819971,-4318.753418124173,28594,43084
3,226,72139,2112,-0.012305363486508424,-0.011813656813043324,3446.1237405020365,-4333.820357055268,28661,43150
3,227,72073,2111,-0.01221083122037679,-0.01169651957736413,3458.540682871394,-4338.611921417609,28726,43028
3,228,72032,2110,-0.012177636216596273,-0.011503367153996321,3464.303362736631,-4341.482854690492,28707,42974
3,229,72068,2111,-0.012354126598209069,-0.011624863243354452,3465.979549447979,-4356.316745127697,28653,43053
3,230,72057,2111,-0.012371814277947207,-0.011707620951377043,3469.267727866618,-4360.743549292648,28657,43045
3,231,72057,2111,-0.012272390299825891,-0.011509474930978656,3477.337166011466,-4361.648793846011,28715,43020
3,232,72095,2110,-0.012234118336096274,-0.011279104936358208,3487.538296407275,-4369.55705784813,28746,43015
3,233,72102,2111,-0.012204573907991217,-0.011068071114037936,3498.740623351595,-4378.714811265573,28716,43010
3,234,72100,2111,-0.012235970010167074,-0.010850271532787639,3504.7590229503835,-4386.972460683421,28728,43008
3,235,72194,2111,-0.012223326523566372,-0.011065721941527218,3508.2821011751753,-4390.732936217524,28769,43071
3,236,72145,2111,-0.012270073579652882,-0.01157033342148256,3507.8445124285363,-4393.068970832596,28767,43042
3,237,72153,2111,-0.012134170666208824,-0.01128581225682661,3516.0344211615434,-4391.55123724052,28867,42970
3,238,72149,2111,-0.012124602332425571,-0.010988434766851858,3522.7128238351743,-4397.490757517338,28810,43013
3,239,72133,2111,-0.012123552761551944,-0.011093214299913215,3525.452175959927,-4399.960407308941,28848,42949
3,240,72152,2111,-0.012077965844282572,-0.010963421999375497,3531.0823526013805,-4402.531744198045,28876,42958
3,241,72150,2111,-0.01202337483982887,-0.010675117223493564,3532.13700111858,-4399.623495812234,28909,42928
3,242,72166,2111,-0.01204470129410346,-0.010759756429981334,3537.3200753248834,-4406.537988915139,28878,42963
3,243,72104,2109,-0.01204047825989039,-0.010845589670203576,3539.3838389842467,-4407.550483435393,28886,42871
3,244,72085,2111,-0.01219214957030361,-0.010790122434100156,3539.1278313382522,-4417.998933113582,28807,42941
3,245,72112,2111,-0.0122448081867311,-0.010833324675898577,3539.7672717546297,-4422.764879716178,28794,42969
3,246,72076,2111,-0.01242016034576304,-0.011082673748480187,3535.7874477355404,-4430.982924816753,28797,42941
3,247,72100,2110,-0.012366361503511133,-0.010950011657999754,3543.2727977810887,-4434.887462184257,28860,42898
3,248,72083,2110,-0.012255424238186598,-0.01069718134440753,3553.346998532407,-4436.754743893623,28879,42856
3,249,72129,2110,-0.012251948302123967,-0.010755677884225929,3559.144812178199,-4442.865591262104,28918,42869
3,250,72072,2111,-0.012344565298769592,-0.01095045014409653,3557.1711757629428,-4446.8686859758545,28870,42861
3,251,72110,2111,-0.01242855397848118,-0.011113365028202784,3557.7452277036436,-4453.9682550919015,28907,42861
3,252,72088,2111,-0.012485391804294126,-0.011315927155069638,3558.615976461183,-4458.662900849139,28891,42846
3,253,72161,2111,-0.012561978975672317,-0.01131485927023443,3560.875560005633,-4467.360524869115,28870,42926
3,254,72109,2110,-0.012567322954252284,-0.010912044988209024,3570.9346738674417,-4477.151764775621,28819,42944
3,255,72170,2111,-0.012543477705772983,-0.010857947522171419,3583.3733740948674,-4488.636160120502,28763,43060
3,256,72101,2111,-0.012588583291994054,-0.01126888949553305,3586.8698957418,-4494.519339677852,28717,43034
3,257,72103,2110,-0.012736799685686286,-0.011156031477500817,3588.208991369,-4506.570459106032,28738,43025
3,258,72158,2110,-0.012849971133854545,-0.011003746349967487,3590.43188306785,-4517.6601001445315,28727,43082
3,259,72214,2110,-0.012951786184244272,-0.011058449582964982,3592.3522697081135,-4527.6525572171395,28763,43069
3,260,72172,2109,-0.013074033653594878,-0.011211203932637059,3594.1722903059576,-4537.751447153202,28692,43133
3,261,72134,2110,-0.013052843798458464,-0.011626912742114495,3596.8746539176104,-4538.428488475603,28667,43104
3,262,72143,2110,-0.01320970575383856,-0.011962442172209608,3592.5633786128656,-4545.5511808120555,28687,43097
3,263,72180,2109,-0.01328607908446845,-0.012072285466288598,3592.264268635786,-4551.253456952703,28733,43104
3,264,72199,2108,-0.013305435138218198,-0.012274115506528278,3595.236210342334,-4555.8753218865495,28781,43075
3,265,72221,2109,-0.013328117175454235,-0.01185448152960089,3598.7223100590127,-4561.292260587492,28802,43063
3,266,72235,2109,-0.013387405122807308,-0.012039958809266466,3599.2513016362022,-4566.2905106821645,28774,43114
3,267,72205,2109,-0.013568776928783239,-0.012354670441414615,3596.718649450193,-4576.452187592972,28709,43155
3,268,72182,2107,-0.013638525988326508,-0.012354704147386361,3598.1041401315642,-4582.5602230209615,28693,43155
3,269,72184,2107,-0.013865959697999012,-0.01238705295968588,3590.2677546183245,-4591.168189458679,28648,43163
3,270,72185,2105,-0.013980799872250973,-0.012309935497502431,3588.637592918592,-4597.841631697028,28709,43136
3,271,72132,2106,-0.01406598449549193,-0.012670644159414376,3586.826552836177,-4601.434146464998,28619,43169
3,272,72151,2106,-0.014097804156029,-0.012414142884685354,3586.6456264863414,-4603.816294148003,28613,43180
3,273,72110,2106,-0.014081914405756953,-0.012524972496851297,3591.3104803281253,-4606.757328127252,28657,43097
3,274,72110,2105,-0.014066751459378383,-0.012939156245882759,3594.879877303178,-4609.23332503895,28659,43086
3,275,72108,2106,-0.014020689373391163,-0.012217987173655898,3600.89213717843,-4611.8960065149195,28672,43082
3,276,72064,2105,-0.013965453988593125,-0.012533398426479608,3609.09983907159,-4615.50631530557,28720,43010
3,277,71952,2105,-0.013975321790886248,-0.011928227375116564,3608.138629968719,-4613.690983466573,28721,42917
3,278,72086,2105,-0.013809621935126665,-0.01160207980790876,3622.1485392434693,-4617.628946059003,28805,42941
3,279,71945,2104,-0.013756803597807208,-0.011429468413460844,3626.566004670691,-4616.29923951493,28733,42831
3,280,71934,2105,-0.013650464944313778,-0.011590938434150194,3632.817275840802,-4614.749821145063,28784,42795
3,281,71871,2105,-0.013469452659714958,-0.010959317448017567,3644.008371971944,-4612.071404078321,28779,42741
3,282,71853,2103,-0.013241477476988528,-0.010712697267177855,3659.6275995806864,-4611.067480734742,28828,42671
3,283,71766,2103,-0.013141312418987954,-0.010676605234886576,3667.9038485707265,-4611.003275631826,28782,42666
3,284,71720,2103,-0.012821555217772316,-0.010482964418823987,3683.317065416189,-4602.879005634834,28805,42564
3,285,71711,2103,-0.012640704500419661,-0.01095259072073225,3698.023083390841,-4604.500643820442,28797,42552
3,286,71561,2102,-0.01238548343157949,-0.010932314240084003,3707.1628452794394,-4593.480425126697,28806,42409
3,287,71522,2102,-0.012318189480576284,-0.010584248475069925,3710.0546132917957,-4591.076161321593,28804,42377
3,288,71321,2102,-0.01221427530513773,-0.010688567008135379,3709.2639887276205,-4580.398317765346,28751,42247
3,289,71205,2102,-0.01227342077728955,-0.010962397405877717,3701.323506697189,-4575.252433144084,28737,42121
3,290,71134,2102,-0.012230522036026474,-0.011303225090022437,3698.7236942468267,-4568.729648757539,28744,42072
3,291,70959,2100,-0.012293961464417063,-0.011079886081297207,3687.3789992220613,-4559.746210775627,28687,41946
3,292,70716,2098,-0.01228864540878818,-0.011420069878267127,3673.0390481677355,-4542.042896895605,28623,41750
3,293,70416,2097,-0.012192168450963024,-0.0108364015835558,3661.599385929575,-4520.123119572589,28433,41650
3,294,70076,2098,-0.012176328981804818,-0.01065854050533663,3645.163133722593,-4498.431563451565,28263,41499
3,295,69712,2095,-0.012149004717212628,-0.011058538420318616,3625.3520608738963,-4472.283477720234,28093,41277
3,296,69215,2093,-0.012173059245155788,-0.011374541796967648,3595.7254585848113,-4438.283754238271,27910,40992
3,297,68698,2090,-0.012342074609796666,-0.011182203439114392,3558.7367040292233,-4406.61254557303,27631,40749
3,298,68112,2090,-0.012461834536644213,-0.010821437996583102,3520.465491421804,-4369.265965381716,27413,40409
3,299,67432,2086,-0.012653620772917656,-0.010882452994224565,3473.71084499445,-4326.96980095383,27102,40024
3,300,65262,2084,-0.012839270186046388,-0.010620081287670077,3351.379839387381,-4189.296290269135,26226,38703
3,301,63100,2083,-0.012880198456511272,-0.01150224946778859,3241.4538201051823,-4054.194342711037,25290,37503
3,302,60946,2079,-0.012861020191887155,-0.011272610406435714,3132.904053952367,-3916.7317905671193,24332,36328
3,303,58785,2076,-0.012883898915338815,-0.010574523188078645,3021.597416235625,-3778.97741397381,23463,35032
3,304,56650,2075,-0.012889616799888783,-0.011002829386451243,2914.584968794944,-3644.781760508641,22606,33775
3,305,54473,2072,-0.012966276046109754,-0.011433517672635429,2803.082239912446,-3509.394194972187,21685,32525
3,306,52349,2066,-0.0128667270778949,-0.010969453292197381,2703.530929459993,-3377.0912252607163,20845,31274
3,307,50290,2062,-0.012799544262336324,-0.010985393351448635,2607.238263505678,-3250.9273444585738,20082,29947
3,308,48210,2057,-0.012663683483978038,-0.01094519585056539,2509.457025999184,-3119.973206761766,19215,28752
3,309,46231,2054,-0.012622405701412055,-0.010947777009417197,2411.015377024097,-2994.5618150060773,18428,27581
3,310,44251,2030,-0.012669396468219648,-0.010274014932574892,2307.7568315137255,-2868.390294628911,17594,26416
3,311,42349,2018,-0.012692104876484017,-0.011762158822115584,2214.5574528331404,-2752.0554022473616,16842,25286
3,312,40478,1995,-0.01248771943002994,-0.012442457643598949,2130.390430416573,-2635.8683375053206,16140,24128
3,313,38725,1968,-0.012325984352464625,-0.013833697321066783,2047.3620481516803,-2524.68579220088,15436,23078
3,314,37065,1048,-0.012008409161709678,-0.008479833917919493,1967.909840229955,-2413.0015258087224,14802,22064
3,315,36941,1047,-0.0118314712595732,-0.00780380929803275,1966.145557436676,-2403.21193723657,14758,21986
3,316,36798,1047,-0.011799923022083398,-0.007964957510475231,1960.9248412551444,-2395.1384086217636,14702,21888
3,317,36682,1047,-0.011810225203769389,-0.00785469791890484,1954.4401227403373,-2387.662803665002,14675,21793
3,318,36484,1047,-0.011877948139056564,-0.008140396122948906,1942.4208127411137,-2375.7758726464494,14590,21689
3,319,36299,1045,-0.011815753199439083,-0.007839249811531621,1933.2330442142738,-2362.1330696007108,14486,21602
3,320,36113,1045,-0.011777659152655953,-0.008027689105260735,1923.9226602783733,-2349.249265258239,14427,21503
3,321,35884,1045,-0.011781295303580953,-0.007495199217054837,1910.6094701085417,-2333.369470782238,14371,21314
3,322,35575,1044,-0.011617264506159675,-0.007245338587072357,1895.920380797798,-2309.2045656044224,14265,21141
3,323,35242,1041,-0.011378680230053666,-0.0073288364400511214,1879.6232617351097,-2280.630710402663,14187,20883
3,324,34950,1042,-0.011218762112246974,-0.007697566579072998,1863.8547569031882,-2255.9504927262137,14102,20668
3,325,34590,1038,-0.010844841307944154,-0.007281361040080762,1850.5986625695539,-2225.721723411347,13992,20432
3,326,34066,1039,-0.010502874779278934,-0.0070190881224033545,1822.4062594122074,-2180.1971916431253,13778,20112
3,327,33537,1036,-0.010162178973867984,-0.008812301779942385,1795.051798683319,-2135.8607949299253,13634,19760
3,328,32996,1032,-0.009843159733681843,-0.01093657629188234,1768.4331328670794,-2093.218031439649,13406,19404
3,329,32400,1031,-0.009544835890266522,-0.0109100984272701,1742.7883910599999,-2052.041073904638,13169,19057
3,330,30052,1031,-0.009322731010494927,-0.011508998920372854,1622.6303169881141,-1902.7970293155063,12236,17672
3,331,27695,1026,-0.009296898983699965,-0.011358190569604628,1497.441204531833,-1754.918821885404,11247,16285
3,332,25357,1020,-0.009176499833552603,-0.011892671125009491,1374.0704605096278,-1606.758966789019,10293,14931
3,333,23059,1020,-0.009079870518397423,-0.012307505961909838,1252.6455125958098,-1462.0182468795347,9387,13551
3,334,20768,1014,-0.008788646414399732,-0.01282531541993585,1131.6884508328521,-1314.2110595671043,8481,12174
3,335,18470,1011,-0.008524551665988764,-0.012244549588800812,1009.5144773417455,-1166.962946612559,7535,10844
3,336,16218,998,-0.008064766097460626,-0.009841778847482958,889.8861005810495,-1020.6804771496686,6629,9515
3,337,14048,999,-0.008303671914800614,-0.010409417471411218,769.8816405632621,-886.5316236223804,5718,8249
3,338,11882,991,-0.008284653965674753,-0.010230984118480812,650.9617804872273,-749.4000389073753,4842,6988
3,339,9723,984,-0.00839101866528758,-0.011658313118432458,530.913451278988,-612.4993257615807,3963,5715
3,340,7584,955,-0.008198627445252406,-0.009134417679940452,411.3062044929945,-473.48459503778827,3086,4458
3,341,5653,948,-0.008549263169722538,-0.00859576913146241,306.9754510311413,-355.30443572958256,2295,3332
3,342,3730,938,-0.00910345089233619,-0.009700082553719985,203.1243693025791,-237.08024113099322,1503,2205
3,343,1839,923,-0.009339639253575786,-0.009882649913991346,100.91205313131294,-118.08764971863864,744,1084
4,0,88832,2129,0.0,0.0,0.0,0.0,0,0
4,1,79469,2129,-0.00006671130073293765,-0.00002674111493598339,375.3493714626857,-380.65085182063046,36273,38254
4,2,78819,2128,-0.0001321711181314133,4.783833917801186e-6,511.02440955272937,-521.4420049127292,36299,39045
4,3,78395,2127,-0.0002680315183850065,-0.00012414892976435904,606.6706981017513,-627.6830289855435,36249,39336
4,4,78137,2127,-0.0004466666337534829,-0.00022588445002435964,681.2139664063535,-716.1151571679511,36051,39611
4,5,78149,2128,-0.0005967872008856731,-0.0003360796475832775,750.8300387843734,-797.4683617463894,36023,39967
4,6,77958,2128,-0.0007640099651432453,-0.0004481610504641511,812.3602930334349,-871.9209818960746,36035,40044
4,7,77853,2127,-0.0009050822276227849,-0.0005354280209963816,869.2247026895483,-939.6880693566683,35861,40219
4,8,77826,2127,-0.0010897054611276203,-0.0006528235163573984,918.8315551340177,-1003.6389723517365,35740,40390
4,9,77677,2128,-0.0013396728231421877,-0.0008958781741862203,959.5712894755085,-1063.633055358724,35620,40401
4,10,77643,2127,-0.00160201947084228,-0.0010897140755937323,997.8342930392405,-1122.219890813851,35401,40669
4,11,77636,2128,-0.0018262196209471735,-0.0013216602776122965,1036.2829628391344,-1178.0633493309883,35321,40825
4,12,77497,2127,-0.0020196418864103,-0.001560637306001444,1072.753388675176,-1229.2695759463138,35175,40919
4,13,77404,2127,-0.002187375347410018,-0.0016015974264846767,1108.7778494159443,-1278.0894508068723,35060,41013
4,14,77327,2128,-0.0023534649230122083,-0.0016655747998336537,1141.3839507792225,-1323.370332880985,35024,40957
4,15,77228,2128,-0.002479804298249375,-0.00172189293966934,1173.7300952670455,-1365.2404216122477,35012,40905
4,16,77161,2127,-0.002664789110364725,-0.001846770724367966,1204.0648704278747,-1409.6826629727343,34984,40914
4,17,77157,2127,-0.0028058210074544754,-0.00194588449585432,1236.17053872623,-1452.6592701983961,34928,41010
4,18,77117,2127,-0.0029336505997297232,-0.0020067741840606875,1265.9225631769482,-1492.1568964763037,34881,41060
4,19,76979,2127,-0.0030575818691934904,-0.002082214599894477,1297.0455441840127,-1532.4151388926646,34770,41053
4,20,76922,2127,-0.0031754183850739304,-0.0021408935067843797,1326.970549154298,-1571.230082170947,34711,41116
4,21,76921,2126,-0.0032470436052516346,-0.0023154113355337703,1358.5217062783581,-1608.2875474379232,34675,41161
4,22,76719,2126,-0.0033839165732825346,-0.0022988999729340177,1380.7724424839118,-1640.3831380695733,34538,41128
4,23,76651,2126,-0.0035170032544791915,-0.0024750119418972655,1400.76181705437,-1670.34363351346,34488,41085
4,24,76597,2126,-0.0036119456001025975,-0.002578194972795498,1421.3823720892583,-1698.0465692203106,34334,41217
4,25,76551,2127,-0.0036558662461857578,-0.002609339794205806,1447.493739970095,-1727.3539569818593,34256,41300
4,26,76516,2128,-0.0037053227258506227,-0.002806873650637545,1473.4117938320423,-1756.928267523232,34238,41321
4,27,76470,2127,-0.003737931588588547,-0.0028526938384162872,1497.2982767462017,-1783.1379053255607,34211,41309
4,28,76498,2127,-0.003805862866796368,-0.002910950585954993,1520.725037141346,-1811.865934725534,34118,41454
4,29,76365,2127,-0.003898614144578973,-0.0029966218380952903,1538.8843401336478,-1836.6020092844308,34056,41391
4,30,76396,2126,-0.003933736400462926,-0.002951206918885989,1561.565200987384,-1862.0869270371452,33921,41524
4,31,76366,2127,-0.004026963676601146,-0.003179012440320246,1581.6171750715305,-1889.1402831988587,33875,41589
4,32,76285,2127,-0.004078688064306035,-0.0030852316660162256,1602.493708205362,-1913.636427190955,33807,41592
4,33,76298,2125,-0.004058880034487509,-0.00326660942366195,1627.500830404524,-1937.1852592758578,33755,41669
4,34,76181,2128,-0.004143123535063944,-0.0031668408720025363,1644.030099212287,-1959.6573932369847,33788,41535
4,35,76047,2127,-0.004103612290488046,-0.0031299155085616915,1666.1314385982446,-1978.1988424529861,33719,41482
4,36,76105,2127,-0.004165386289778954,-0.0031366386336884296,1684.3328435778171,-2001.3395671614458,33764,41546
4,37,76097,2127,-0.004288942474742026,-0.003288390408925647,1699.7640368414675,-2026.1396923419095,33690,41634
4,38,76020,2127,-0.004387751762341932,-0.0033918877352009376,1712.6097209646143,-2046.1666099378472,33514,41713
4,39,75935,2128,-0.004477794882403215,-0.003369105932854434,1726.9148099148586,-2066.9361643101474,33503,41666
4,40,75968,2128,-0.004569482011967476,-0.0036140603287511176,1742.9979278917056,-2090.132337376854,33522,41619
4,41,75926,2127,-0.004618102727244458,-0.0037874903924492147,1762.5486068846658,-2113.1826745534327,33510,41608
4,42,75887,2127,-0.004659013758935349,-0.0035218848365826845,1784.3949028996017,-2137.953480023934,33418,41657
4,43,75803,2127,-0.004551996430088341,-0.0036635622163242914,1810.417436245793,-2155.4724216357877,33467,41572
4,44,75762,2126,-0.004552669511905391,-0.0034498113313944307,1830.4921844295602,-2175.4115319905372,33400,41621
4,45,75783,2126,-0.004613228840331667,-0.0035488603219261026,1845.710740546909,-2195.3150617537794,33429,41589
4,46,75700,2126,-0.00481467148935897,-0.003697226537781634,1852.8333091128584,-2217.3039408573254,33226,41694
4,47,75584,2126,-0.004959200614020306,-0.003955819456062096,1861.8363064428386,-2236.6725256529503,33215,41623
4,48,75488,2126,-0.004988455390853611,-0.004037297775183969,1878.9151944209705,-2255.4837149657333,33060,41702
4,49,75458,2126,-0.005189423852624667,-0.004071673916404204,1888.6953880216095,-2280.278933092959,32929,41791
4,50,75494,2126,-0.005273620321904724,-0.004177116608429411,1901.8685092719438,-2299.995201853815,32909,41839
4,51,75480,2125,-0.005370680180250585,-0.004352371070036603,1917.339949043018,-2322.7188890483385,32902,41849
4,52,75356,2126,-0.005302740670746182,-0.004289051770649394,1937.078667743737,-2336.6719937284856,32785,41843
4,53,75338,2126,-0.005260885836829726,-0.004144200752241429,1958.1612049517805,-2354.5058221268428,32742,41899
4,54,75250,2126,-0.005273262410025056,-0.004033189177065761,1973.911584442202,-2370.7245807965837,32567,41972
4,55,75171,2126,-0.00526774316516331,-0.0041524730979425805,1988.8278331400434,-2384.8093546085347,32514,42005
4,56,75094,2126,-0.005273221435804689,-0.004350227740444765,2000.883817400556,-2396.871107900884,32488,41925
4,57,75037,2126,-0.005278569324646746,-0.004207582578315677,2015.092948756836,-2411.1809551703514,32526,41845
4,58,74959,2126,-0.005269935502590755,-0.0038669477112698754,2028.276507286891,-2423.30560262559,32500,41788
4,59,74952,2126,-0.005233197806898976,-0.0037545989217212736,2047.2209227104315,-2439.4595647331234,32426,41908
4,60,74958,2126,-0.00524976427279292,-0.0035817341562972872,2061.063261086713,-2454.5750914467244,32378,41927
4,61,74880,2126,-0.005256714553635927,-0.003736598587449523,2078.0110199779774,-2471.6338057542353,32382,41879
4,62,74916,2125,-0.005198352241011369,-0.003625253247461143,2097.628171060943,-2487.067927548559,32360,41887
4,63,74842,2125,-0.005261429394339792,-0.0039132828071047196,2110.5363543386084,-2504.312253069794,32300,41893
4,64,74825,2126,-0.005163581000030669,-0.0036936857296501814,2131.650659801893,-2518.0156081291916,32272,41909
4,65,74873,2126,-0.0051214123373956345,-0.0035754932939137886,2146.2278541274345,-2529.683360065254,32291,41906
4,66,74818,2125,-0.005045585502095195,-0.0033463978568948026,2164.677857547174,-2542.1784736429277,32322,41874
4,67,74761,2125,-0.004983592518903187,-0.003287325834523444,2182.6433736551126,-2555.2217339608305,32233,41911
4,68,74749,2125,-0.005029397406385835,-0.0033952045273115774,2193.057934377994,-2569.000361107929,32214,41924
4,69,74702,2125,-0.0050282146838559905,-0.0033737817937428086,2204.3654481750305,-2579.98314148844,32234,41881
4,70,74722,2125,-0.004876213613106742,-0.0034352890615504516,2226.9730203583285,-2591.333453956895,32339,41812
4,71,74629,2126,-0.004935328608122337,-0.0032979277580741156,2237.893576755599,-2606.2122154511662,32228,41822
4,72,74591,2125,-0.005006387432984847,-0.003394912946280857,2246.471044333416,-2619.9024893471915,32204,41838
4,73,74608,2125,-0.004836295229680036,-0.003414547913700232,2269.1311952336496,-2629.957509729614,32233,41846
4,74,74684,2125,-0.004752456944646783,-0.0033166564478818374,2288.1970663230686,-2643.129560777066,32227,41915
4,75,74602,2125,-0.004661881468396592,-0.0033541226220906275,2304.810871583212,-2652.59655288853,32208,41858
4,76,74577,2125,-0.004552145940825924,-0.003295756289229694,2323.125479612465,-2662.6108674414395,32100,41909
4,77,74529,2125,-0.004518440290801897,-0.003194175409509937,2333.6091464315564,-2670.3639828647324,32007,41944
4,78,74435,2126,-0.004457150001539116,-0.0032181419573316444,2345.5763547225656,-2677.3443150871294,32015,41832
4,79,74395,2126,-0.00456167408909007,-0.003289494115450001,2354.1576496276566,-2693.523393485512,31884,41950
4,80,74317,2125,-0.004626362214703862,-0.003325097089169228,2360.613616489872,-2704.4309772000206,31765,41975
4,81,74306,2125,-0.004584206621334426,-0.003445301401329732,2373.1628486724435,-2713.7969058773215,31771,41967
4,82,74288,2126,-0.004592158916832858,-0.003376883012683838,2384.3117444268237,-2725.4540460405,31756,41949
4,83,74281,2126,-0.004565886686014982,-0.003170139388725359,2395.2807124923447,-2734.439341416217,31786,41933
4,84,74235,2125,-0.00452174281099145,-0.0032792456826317914,2406.8205096497168,-2742.492087223664,31759,41893
4,85,74214,2126,-0.004497019953534641,-0.0034346695512111622,2418.519252926768,-2752.261091758381,31760,41880
4,86,74156,2126,-0.004397230212589127,-0.0034478525830223526,2431.4243350233846,-2757.505338668128,31741,41831
4,87,74127,2126,-0.004423877103824468,-0.0035604193039267644,2436.7774476951963,-2764.7061857703857,31821,41755
4,88,74101,2126,-0.004460268291727457,-0.0036754094145203206,2443.179778757445,-2773.690119442745,31747,41774
4,89,74087,2125,-0.00450083409724997,-0.004057231780703209,2449.4027989503707,-2782.8560947133483,31799,41728
4,90,74062,2126,-0.004509686678292316,-0.004015744762670591,2459.5707460845815,-2793.567160852263,31746,41741
4,91,73974,2125,-0.004477320495054528,-0.004079497006953456,2470.845848449547,-2802.051154750719,31701,41697
4,92,74018,2126,-0.004517566551776852,-0.0038452830639355605,2480.500080581555,-2814.881321610962,31707,41747
4,93,73928,2126,-0.004533086202059212,-0.0036941742371132775,2490.027664094699,-2825.149660840537,31737,41622
4,94,73864,2126,-0.004467270497876661,-0.0035476891507553233,2501.345116006524,-2831.3155840616764,31670,41605
4,95,73808,2126,-0.004486294584153591,-0.0037425949820206195,2507.4865300786714,-2838.6109607458798,31657,41578
4,96,73693,2126,-0.004519447982942979,-0.0037793259471869275,2512.9740976623843,-2846.0257778693963,31627,41521
4,97,73721,2126,-0.004510496409645557,-0.0040266444806793195,2524.3677232153896,-2856.886029030875,31682,41482
4,98,73741,2126,-0.004457308500733979,-0.0037232613141316333,2538.2149180030146,-2866.901304155636,31612,41582
4,99,73678,2126,-0.004589646294206309,-0.00384816930256483,2542.172985050198,-2880.328944714728,31629,41528
4,100,73625,2125,-0.004562359752421094,-0.0037540794596398106,2553.513947481634,-2889.4176842536444,31530,41517
4,101,73641,2125,-0.004606566671813252,-0.003668159825149097,2561.9051554845837,-2901.1373317635707,31480,41619
4,102,73616,2125,-0.004606659204959672,-0.0036001378888417443,2568.2351865183246,-2907.359010550631,31473,41576
4,103,73670,2125,-0.004635825441224297,-0.0036400831064126184,2576.841044915361,-2918.3623051703557,31542,41546
4,104,73579,2125,-0.004714861686007529,-0.0038449403615204575,2579.7955384351844,-2926.710346429937,31436,41586
4,105,73505,2126,-0.004724287405480756,-0.003863907319985954,2589.3638970370353,-2936.6226427768893,31394,41576
4,106,73500,2126,-0.0046948745323672336,-0.003836108902404928,2600.6319163870257,-2945.70519451602,31427,41516
4,107,73475,2125,-0.004723449745907672,-0.0038890809325817293,2606.986394636779,-2954.041864717342,31457,41472
4,108,73481,2126,-0.004688104810004851,-0.004205856702551901,2618.87979329123,-2963.3664228351995,31517,41439
4,109,73548,2125,-0.004781120873494059,-0.003978656339199219,2623.525193989149,-2975.1670719928975,31523,41445
4,110,73427,2125,-0.004899480625692384,-0.004182898549217399,2625.8800297081043,-2985.634193610824,31330,41523
4,111,73375,2125,-0.0049509824197204,-0.00432361078938431,2634.625406293417,-2997.9037413403994,31361,41465
4,112,73369,2123,-0.004963679764074101,-0.004335884336159747,2644.40926571444,-3008.589486324796,31261,41521
4,113,73413,2124,-0.0050066907843164124,-0.004249051208706454,2652.506783462431,-3020.062974011443,31304,41594
4,114,73399,2123,-0.005054395397947344,-0.004620867251305421,2660.924139133244,-3031.9117069471863,31243,41623
4,115,73385,2124,-0.005005362312378704,-0.004544599266036145,2676.2038324493483,-3043.5223457432503,31233,41570
4,116,73406,2123,-0.005023493257683795,-0.004735717208853889,2684.409160904616,-3053.1637069781486,31156,41708
4,117,73268,2123,-0.004989743226599454,-0.004763562215227676,2694.2137469672875,-3059.802253693775,31109,41629
4,118,73311,2124,-0.005078506595852051,-0.0048524068830684665,2701.690738780721,-3074.0011358292336,31097,41669
4,119,73253,2118,-0.005136551651286695,-0.004877699583487708,2707.7223608560494,-3083.990178967754,31080,41649
4,120,73154,2118,-0.005149640271439882,-0.004926263289830931,2713.7588784489462,-3090.47566286586,30931,41689
4,121,73155,2118,-0.005179171228890776,-0.004946396825112586,2721.6832989531385,-3100.565570202642,30914,41732
4,122,73204,2118,-0.005209327122366099,-0.00507335714542797,2731.6367373840776,-3112.9803200497577,30924,41791
4,123,73056,2117,-0.0051622819204016224,-0.005003368839424457,2740.0982377988003,-3117.233905775659,30835,41685
4,124,73010,2118,-0.005257026041512265,-0.0048466486631222145,2743.519240748401,-3127.3347120392077,30828,41672
4,125,72908,2117,-0.00525139747481652,-0.004694032304678664,2751.6484206414407,-3134.517307735359,30711,41690
4,126,72939,2117,-0.005240777380743548,-0.0047579587356358114,2760.1962498164166,-3142.4533111904634,30726,41724
4,127,72915,2116,-0.005337217155896513,-0.0050379536659633725,2761.7053356078586,-3150.868524530044,30734,41636
4,128,72869,2117,-0.005444632277102668,-0.005133803321272405,2764.0891478222657,-3160.8340572224606,30664,41701
4,129,72867,2116,-0.005514471436609767,-0.004938466274416738,2766.284140006247,-3168.107130177691,30664,41717
4,130,72801,2115,-0.00559731650858987,-0.005440674228932014,2768.632055815783,-3176.122294957625,30603,41728
4,131,72722,2116,-0.005725985788106104,-0.005354059348450111,2768.1581589281564,-3184.563297410822,30579,41682
4,132,72603,2115,-0.005770783304117354,-0.005288982786117712,2769.5261514890863,-3188.5023317179157,30489,41648
4,133,72650,2115,-0.0057991168085699376,-0.005226386908713083,2775.23861153363,-3196.5444476762536,30486,41697
4,134,72595,2116,-0.00593226429030312,-0.005425332457657719,2774.5086567089947,-3205.1613828635604,30456,41701
4,135,72624,2116,-0.0059930589483345315,-0.0055855198895456,2784.5408061639146,-3219.7807192277583,30415,41749
4,136,72557,2116,-0.006154047853547875,-0.006219063220885703,2780.010895571001,-3226.5301456808775,30351,41765
4,137,72525,2116,-0.006199933836144357,-0.006258004563815601,2784.2754821205804,-3233.9256835869637,30260,41819
4,138,72482,2117,-0.006275887527591718,-0.006114730454180745,2787.7429044070386,-3242.631784181935,30183,41841
4,139,72443,2117,-0.006282401856116283,-0.006391554581564238,2792.9791128286593,-3248.095150491294,30137,41851
4,140,72400,2117,-0.006294505161794552,-0.0063896219338667355,2803.6415446177425,-3259.3637183316796,30041,41918
4,141,72381,2117,-0.00631987463002977,-0.006121592401015901,2808.1780103268534,-3265.61685592304,30029,41876
4,142,72344,2117,-0.006316427516547048,-0.00626045576734117,2815.219670357032,-3272.175302614108,30013,41897
4,143,72266,2116,-0.00637622301728681,-0.0063120515456107865,2817.716114258873,-3278.5002468261196,29909,41923
4,144,72286,2117,-0.006384312755408162,-0.006128807411171274,2829.544296992256,-3291.0407288296897,29959,41906
4,145,72191,2116,-0.006449189315659126,-0.006674893949026708,2834.2662260272336,-3299.839651913977,30013,41775
4,146,72263,2117,-0.006358504355934141,-0.006173691190439179,2846.844528096987,-3306.32912836986,30088,41768
4,147,72190,2117,-0.006392879129530673,-0.006710293795404194,2854.183093808764,-3315.6850381695926,30031,41715
4,148,72162,2117,-0.006348670811431425,-0.006230016809046247,2864.210998945855,-3322.343782040374,30019,41703
4,149,72245,2110,-0.00642519183543199,-0.006302859482656446,2873.5921233011386,-3337.780107451928,30002,41793
4,150,72141,2111,-0.006340052257025043,-0.006062810308569247,2886.2190424451874,-3343.59675231923,29885,41827
4,151,72147,2111,-0.006367474063095666,-0.006726151805396896,2895.1707147463444,-3354.564865976515,29854,41808
4,152,72101,2111,-0.006329337234822161,-0.006209434803036972,2906.3620405327324,-3362.713584500657,29865,41812
4,153,72091,2111,-0.006353458996963353,-0.006594501384486296,2915.3383948966944,-3373.365607446781,29854,41761
4,154,72083,2110,-0.006351017458911064,-0.006672992234363679,2926.80893038843,-3384.60932187912,29735,41871
4,155,72106,2109,-0.006455346786471161,-0.006558346761300764,2933.2877973316936,-3398.7570327169587,29817,41859
4,156,72142,2109,-0.006397315763475911,-0.006572339540247287,2949.086815591651,-3410.6019694003294,29865,41839
4,157,72203,2109,-0.006289846882765319,-0.0062927368337621645,2963.4570724286164,-3417.60288690492,29870,41891
4,158,72118,2110,-0.006359512220066541,-0.006359849141127335,2964.4346594425274,-3423.069961729288,29830,41837
4,159,72243,2110,-0.006502145073672362,-0.006499172269191303,2967.0176633921196,-3436.7521299494374,29814,41986
4,160,72145,2109,-0.0064937455017274786,-0.0067845749135143855,2974.8927654534855,-3443.384034675601,29743,41972
4,161,72202,2109,-0.00649005690982856,-0.006822739234297965,2985.0669726987717,-3453.662061702212,29751,41997
4,162,72228,2110,-0.006562973166028825,-0.006836377861377561,2993.5762526587105,-3467.6066784946397,29763,42034
4,163,72249,2110,-0.006519533127219628,-0.00688034095984313,3006.9850638656003,-3478.014812774081,29762,42056
4,164,72233,2110,-0.0066209119811879765,-0.006429279917306281,3009.894434069254,-3488.1427692063994,29740,42072
4,165,72144,2110,-0.006841364752809342,-0.0070712408747200025,3004.9159626332316,-3498.479381359925,29642,42081
4,166,72201,2110,-0.006887785681327465,-0.006973497956773735,3009.4105184583586,-3506.7155324358846,29718,42062
4,167,72251,2109,-0.006980068688806026,-0.007350607434175457,3015.022215514328,-3519.3391583492544,29666,42155
4,168,72262,2110,-0.007031955739281415,-0.00721378559144178,3020.046780697515,-3528.189966329478,29662,42165
4,169,72218,2110,-0.00715702427676753,-0.007259334970057681,3021.0725017905984,-3537.93848101019,29629,42170
4,170,72202,2109,-0.007124751095754637,-0.00757311161122784,3029.334284940283,-3543.755563555961,29643,42147
4,171,72169,2110,-0.007320882628653221,-0.007541365691682174,3028.990757395041,-3557.3315358223163,29560,42190
4,172,72168,2110,-0.007359941573543616,-0.00757298295189211,3037.3093106642423,-3568.461574143751,29581,42154
4,173,72161,2110,-0.007566608361202327,-0.007941635123936008,3038.1853189420617,-3584.1993448947824,29478,42256
4,174,72192,2110,-0.007709183673536392,-0.007581937098797451,3040.2969957179807,-3596.8383834779174,29543,42246
4,175,72163,2110,-0.00790773929414234,-0.00821710537019129,3039.863857351142,-3610.510048034324,29456,42278
4,176,72075,2110,-0.008133213047732709,-0.008253793347340756,3034.571017734162,-3620.7723481494995,29372,42304
4,177,72050,2109,-0.008275398180714131,-0.0082593668521265,3037.3417570947236,-3633.5841960151756,29389,42288
4,178,72059,2110,-0.008309656113990647,-0.00818806838164783,3046.305852082838,-3645.091362000899,29379,42265
4,179,72005,2110,-0.008294002131570749,-0.007555725262484647,3052.716414428384,-3649.926037912134,29394,42213
4,180,71889,2110,-0.008404044245601166,-0.007795159835095886,3056.553074765484,-3660.7114115375043,29269,42199
4,181,71886,2110,-0.008458590357631204,-0.008035431383399306,3065.278011187164,-3673.3322376358356,29223,42247
4,182,71819,2110,-0.008499053876822293,-0.008232552225149781,3071.752094285134,-3682.1456446646207,29190,42197
4,183,71907,2110,-0.00859358475999322,-0.007926227302715722,3079.7456378583643,-3697.684537195206,29207,42322
4,184,71864,2110,-0.00875295932179089,-0.0087866876316758,3075.0978278512316,-3704.120496552402,29183,42276
4,185,71874,2110,-0.008900760273364968,-0.008293535047022477,3077.3994160417897,-3717.1326599296217,29126,42320
4,186,71798,2110,-0.009099107118629665,-0.00846326084425772,3073.9013390749997,-3727.199031978365,29093,42267
4,187,71783,2110,-0.009214683903494569,-0.008610363449429798,3072.280845191778,-3733.73849983632,29117,42243
4,188,71763,2110,-0.009359671885993575,-0.00865764187052243,3074.153239853774,-3745.8313734083326,29027,42321
4,189,71781,2110,-0.009433062194028523,-0.008881471837570945,3079.3452749347625,-3756.459912284324,29108,42258
4,190,71765,2110,-0.00970006137628357,-0.008980126775852516,3071.468082514729,-3767.5929871837207,29067,42270
4,191,71713,2110,-0.00977272571262429,-0.00934488294172824,3073.7964929516393,-3774.627971981069,29016,42266
4,192,71698,2110,-0.009935762159126562,-0.009065123651338889,3074.8710845114647,-3787.245359796521,29024,42297
4,193,71698,2110,-0.010047766956974912,-0.009340965513285027,3074.9608172512967,-3795.3656125324906,29023,42261
4,194,71678,2109,-0.009920407999163293,-0.0091764779658978,3088.537347535785,-3799.6123520998303,28986,42280
4,195,71657,2110,-0.010089190265530743,-0.00895929977917729,3084.435793901428,-3807.3969007585492,29023,42230
4,196,71646,2110,-0.010224961001335318,-0.009571361815316412,3081.562111436818,-3814.1396673384756,29036,42190
4,197,71652,2110,-0.010239853692084478,-0.009742344353990242,3083.475149754429,-3817.181146499667,29073,42170
4,198,71613,2109,-0.010529583630424402,-0.009999275594655334,3073.5482125173216,-3827.603285042892,28965,42210
4,199,71586,2108,-0.010562484888636725,-0.009660156981236564,3077.054438032479,-3833.180481270435,29002,42186
4,200,71589,2110,-0.010490816142668793,-0.009691884921148771,3092.633906549682,-3843.6609433872,29090,42137
4,201,71605,2110,-0.010628884233980158,-0.00977924456634949,3091.209298881557,-3852.2905544557043,29070,42112
4,202,71665,2110,-0.010558747940315564,-0.010053580903583279,3105.962641111359,-3862.655312254093,29119,42145
4,203,71667,2110,-0.010516696389307075,-0.010041265255914748,3114.6837797748076,-3868.383859907269,29155,42124
4,204,71568,2110,-0.010667802577835745,-0.009980724815838766,3110.113443775923,-3873.5867386664863,29096,42072
4,205,71541,2109,-0.010632968780685344,-0.009920428837087308,3121.185328465816,-3881.878548004834,29102,42056
4,206,71616,2109,-0.010688231470609516,-0.009725928083941772,3128.335499750106,-3893.7838847492826,29221,42005
4,207,71578,2109,-0.01082479893166389,-0.010144487596623123,3126.0040541646367,-3900.8215120952777,29149,42043
4,208,71610,2109,-0.010648967096261487,-0.010106013328204322,3147.6202251622394,-3910.19275892551,29253,41988
4,209,71646,2109,-0.010793229716422338,-0.009930419686703714,3149.6798176774964,-3922.9715539402855,29192,42068
4,210,71641,2109,-0.010741941558401543,-0.009893538261672758,3160.60052423287,-3930.163959418309,29197,42069
4,211,71707,2108,-0.010758545369482663,-0.009963896734478249,3172.559506083657,-3944.022518893164,29238,42105
4,212,71750,2109,-0.010762780121823317,-0.010102280384923687,3183.490742453603,-3955.72021619443,29250,42121
4,213,71701,2108,-0.010895746756181322,-0.010099880714062315,3182.1420169448306,-3963.377955109793,29218,42076
4,214,71687,2107,-0.010923205378665448,-0.010502009867192658,3185.833659413033,-3968.885483393414,29227,42055
4,215,71736,2107,-0.010959800117716335,-0.010171548310691602,3189.3021590498183,-3975.51438029432,29318,42023
4,216,71713,2107,-0.010930077441419763,-0.009937033219899699,3199.273529769287,-3983.1021733258235,29353,41980
4,217,71697,2107,-0.01095461443277549,-0.010656963366963028,3207.660951165607,-3993.073942152302,29334,41970
4,218,71669,2107,-0.010859481593951583,-0.010104487022913977,3223.5707563190194,-4001.858942675928,29238,42052
4,219,71667,2106,-0.010864094109329632,-0.010029110294625448,3226.8412902910363,-4005.4383228243605,29291,41997
4,220,71761,2107,-0.01085090116016363,-0.010280368470637903,3237.9985513266365,-4016.6700694811375,29277,42139
4,221,71764,2104,-0.011031795537374224,-0.009802500391870564,3237.7989733118334,-4029.484748255971,29282,42100
4,222,71689,2105,-0.010856941130300626,-0.009856586063733314,3248.987268556771,-4027.310521246891,29340,42010
4,223,71691,2106,-0.010994699510717878,-0.009946845057729935,3247.0270543521738,-4035.248056975052,29314,41985
4,224,71708,2106,-0.011045499289693523,-0.009922573423472537,3247.974925607792,-4040.025588673132,29347,42004
4,225,71620,2105,-0.011079389032817176,-0.01027169470347864,3245.462782812298,-4038.9686253426726,29278,41993
4,226,71558,2105,-0.01100760764297379,-0.01001011774629989,3249.8978141945613,-4037.5802019104663,29239,41948
4,227,71595,2106,-0.011072896019822899,-0.010548712595178205,3251.517469061925,-4044.281459601143,29228,41967
4,228,71591,2106,-0.011009169045457502,-0.009753230573279464,3258.944244433924,-4047.1016655672893,29277,41940
4,229,71632,2106,-0.010900209760165364,-0.009605452924063904,3264.4109007680045,-4045.214726308176,29283,41934
4,230,71580,2103,-0.011095080786177257,-0.009858864378704198,3260.1259981088406,-4054.31188078341,29271,41905
4,231,71575,2104,-0.011184569114728923,-0.009888963261919405,3256.9659469127237,-4057.501481299446,29316,41897
4,232,71477,2104,-0.011267618088361082,-0.00988955948226906,3256.9675473320085,-4062.3430854337944,29246,41833
4,233,71522,2104,-0.011298100817365195,-0.01018435011115425,3259.9671989380595,-4068.029965597656,29263,41884
4,234,71498,2103,-0.011216394123529897,-0.009922805835997524,3266.228913456255,-4068.1786605003986,29232,41872
4,235,71486,2104,-0.011215614066820073,-0.010446564437130462,3271.6381703006664,-4073.397557481376,29187,41907
4,236,71498,2104,-0.011276660407536384,-0.010250401281940115,3273.2287988970006,-4079.4874647150345,29233,41879
4,237,71494,2104,-0.011281245546931783,-0.009793480998892217,3279.1388207016976,-4085.680189834042,29310,41817
4,238,71375,2102,-0.011543253371500929,-0.010021128095154623,3267.8162729138903,-4091.7159823047677,29208,41790
4,239,71350,2103,-0.011488654844244472,-0.01012838133546948,3274.955920705965,-4094.671443842813,29250,41737
4,240,71342,2102,-0.01160324140915431,-0.010416224897574104,3275.3907306305982,-4103.189179242473,29159,41800
4,241,71395,2102,-0.011787764516182119,-0.010477159538801994,3280.5828192200916,-4122.1702668529115,29136,41842
4,242,71472,2102,-0.011767286296858453,-0.010485494526286906,3292.7268319366763,-4133.75831814575,29279,41807
4,243,71450,2102,-0.011743173409756313,-0.010248555400427505,3301.744425452602,-4140.794165579694,29237,41807
4,244,71488,2102,-0.011827410251359135,-0.010182233811983896,3305.8786731434398,-4151.396577192614,29220,41887
4,245,71416,2102,-0.011937102606849805,-0.010586555188902036,3305.5162787617237,-4158.016398532507,29171,41858
4,246,71402,2101,-0.012053360869020216,-0.010673853051137617,3305.985456073948,-4166.619528843732,29101,41922
4,247,71426,2102,-0.012039466693251151,-0.010713132849049256,3312.218849926549,-4172.149797958715,29147,41902
4,248,71428,2102,-0.01201637121791538,-0.010446527169449866,3319.479549064835,-4177.784912418092,29126,41902
4,249,71385,2102,-0.01216228785303306,-0.010662781190539882,3320.8010678047053,-4189.005986193475,29018,41957
4,250,71442,2101,-0.012236575421207848,-0.010425462561265968,3322.5179491125814,-4196.723370354517,29046,42000
4,251,71342,2102,-0.012204741661222318,-0.01075991731663052,3322.5007600674803,-4193.211439662414,29010,41926
4,252,71304,2101,-0.012293961583368235,-0.011172632555438891,3323.6949254526626,-4200.30356219315,28950,41954
4,253,71322,2102,-0.012398578344568012,-0.01113761302587741,3321.5427440936146,-4205.834148784892,28987,41939
4,254,71228,2101,-0.01244106626046388,-0.010726049750506486,3321.802734978023,-4207.955002578337,28883,41989
4,255,71276,2101,-0.012569132395915643,-0.010646104390727686,3320.4716879677253,-4216.349168619009,28891,41991
4,256,71251,2101,-0.01266745094837742,-0.011388469949987365,3315.798579187505,-4218.367126710345,28888,41990
4,257,71213,2099,-0.012679112793672656,-0.010958412347277983,3316.28773554146,-4219.205394917284,28904,41958
4,258,71199,2099,-0.012761906611660974,-0.010998019209424722,3315.410573193517,-4224.045562037168,28825,42016
4,259,71174,2100,-0.012702116407145896,-0.011053817688887259,3320.986031110583,-4225.0464642727875,28882,41938
4,260,71049,2100,-0.012625510560218798,-0.010939176154738382,3324.5018577737683,-4221.531757566755,28843,41849
4,261,71058,2099,-0.0125626720589544,-0.010856162458446932,3333.8889023781635,-4226.567253543353,28824,41884
4,262,71011,2099,-0.012506412068863488,-0.010790817620607629,3339.348172021598,-4227.440999443662,28902,41777
4,263,70987,2098,-0.01245442866689229,-0.01073534082117245,3344.3989079443822,-4228.501435721074,28836,41820
4,264,70907,2098,-0.012431569868936218,-0.010774909077756512,3347.364948450904,-4228.850273147567,28784,41749
4,265,70847,2098,-0.012290855530489449,-0.010628880333866364,3356.384084020691,-4227.154325789259,28856,41627
4,266,70845,2097,-0.012329714931127594,-0.010817793891521866,3357.0422910909374,-4230.540945386687,28862,41633
4,267,70728,2097,-0.01207407456082584,-0.010697591886760243,3370.046705721664,-4224.021851259745,28851,41511
4,268,70677,2097,-0.011921251064968011,-0.010774239033893379,3379.0933399285536,-4221.651601447296,28769,41547
4,269,70529,2095,-0.011610665772813646,-0.010659333251487635,3396.1830191951585,-4215.07166548593,28713,41464
4,270,70497,2095,-0.01140767472777305,-0.010741827108172682,3410.631995228065,-4214.838840511888,28698,41452
4,271,70411,2095,-0.01124688789216568,-0.01048678432295505,3416.0573333236625,-4207.961956698946,28701,41342
4,272,70203,2095,-0.011328703682362804,-0.010414440210908106,3409.3534321122675,-4204.662416725191,28630,41206
4,273,70068,2094,-0.011413563138807726,-0.010728783199149817,3398.6723293285254,-4198.397871338513,28612,41099
4,274,69809,2094,-0.01153122746232702,-0.01084276804410797,3383.7979259084373,-4188.7813838260245,28522,40941
4,275,69621,2092,-0.01146368426826078,-0.010721860036481137,3378.3445661610426,-4176.457728601632,28478,40796
4,276,69416,2089,-0.011386918801360287,-0.010793151933873589,3373.1624221722445,-4163.596777687478,28319,40727
4,277,69111,2088,-0.011315665690643127,-0.01056783960291166,3362.147615981521,-4144.184587527554,28263,40505
4,278,68773,2087,-0.011216530834097304,-0.010230523968848416,3351.040818139871,-4122.435293193237,28150,40274
4,279,68410,2086,-0.011141784754364798,-0.010301410932985696,3336.740393343417,-4098.949888389518,28022,40033
4,280,68085,2084,-0.011127075653819422,-0.010458801124058479,3319.242821379689,-4076.8297672699778,27934,39769
4,281,67536,2082,-0.011081448714444163,-0.01007955408384006,3293.724595974056,-4042.121316352743,27750,39434
4,282,66983,2080,-0.011217761431880939,-0.010124241755405728,3257.4354290898746,-4008.8347430815547,27523,39139
4,283,66320,2078,-0.011400684471355166,-0.00979643855710327,3214.7159346701546,-3970.8093288104255,27167,38805
4,284,65619,2075,-0.011602033365612732,-0.009985925797500376,3172.9529653066575,-3934.2667927248076,26808,38476
4,285,63431,2075,-0.0118137764353129,-0.009934766619397064,3059.0189105776035,-3808.378563645934,25866,37244
4,286,61330,2072,-0.011833338889229852,-0.010644327767071705,2957.746048861726,-3683.4847229381794,24962,36038
4,287,59229,2068,-0.011720090066013638,-0.010130433161785959,2862.2010604666675,-3556.3702749865856,24069,34810
4,288,57105,2061,-0.011780597401498106,-0.009528391119775744,2758.696796618634,-3431.4278112311886,23214,33567
4,289,55051,2059,-0.011887636004488084,-0.010759897340479125,2656.8713071494035,-3311.2975568324878,22366,32393
4,290,52938,2056,-0.011941047638349413,-0.010887082919816398,2554.836297693279,-3186.9714775722164,21460,31181
4,291,50865,2051,-0.01190300173482918,-0.010252558943081184,2459.2519495461793,-3064.698132788258,20632,29954
4,292,48890,2041,-0.011849628501546108,-0.010077374823601078,2370.331126207015,-2949.6594636476066,19830,28792
4,293,46929,2033,-0.011908021286069251,-0.01016459109868945,2276.911025276585,-2835.742556210527,19017,27669
4,294,44968,2023,-0.0119607929623508,-0.010488393155811293,2183.466249800719,-2721.3191877317026,18203,26489
4,295,43073,2000,-0.012033809699961548,-0.009818162891963855,2091.833042149583,-2610.1653273560346,17409,25420
4,296,41271,1989,-0.012126153086531167,-0.011192726544346799,2008.568883773196,-2509.0273478074305,16700,24337
4,297,39539,1964,-0.01200330576062282,-0.011694014716371312,1931.3891031279595,-2405.9878095972313,15994,23297
4,298,37864,1933,-0.011781111109510302,-0.012355948578729039,1859.3014870319046,-2305.381478082401,15356,22256
4,299,36262,1042,-0.011543515561625884,-0.0075737033365612305,1787.929858926124,-2206.5208202218055,14713,21318
4,300,36074,1039,-0.011320903144395041,-0.007430193478797818,1787.994941709763,-2196.3852017406716,14663,21197
4,301,35903,1039,-0.011215344248019388,-0.007745595397355888,1785.4737422568019,-2188.138246793441,14579,21110
4,302,35751,1036,-0.01113944681849571,-0.007676862531670202,1781.3252717187443,-2179.5716349267827,14543,20980
4,303,35549,1035,-0.011012541450803853,-0.007633311107035777,1776.2159148419832,-2167.700750876607,14469,20849
4,304,35348,1035,-0.010920011052663313,-0.007645442212884394,1768.3282181931677,-2154.3287688827154,14404,20737
4,305,35157,1034,-0.010835685565898638,-0.007591102273367905,1761.4438136459937,-2142.3940110862936,14307,20644
4,306,34902,1031,-0.01062050412119452,-0.0069467139235771256,1754.4820025017725,-2125.1588373397026,14221,20468
4,307,34601,1029,-0.010350678404927571,-0.006878519489591807,1742.3165483837015,-2100.460371872598,14101,20294
4,308,34260,1027,-0.010149515149481416,-0.006820138554932123,1728.7387165393998,-2076.461105560632,13944,20082
4,309,33935,1026,-0.00991925569368108,-0.006608717683740701,1714.9247266482175,-2051.534668613284,13839,19896
4,310,33626,1025,-0.00973641078421907,-0.00708484865785778,1702.3384302894494,-2029.734979319598,13723,19691
4,311,33098,1022,-0.009251541378247212,-0.006803003629338617,1679.3390451351736,-1985.5465616723952,13535,19363
4,312,32564,1018,-0.008879642908847666,-0.008896887717464805,1654.1340979575043,-1943.2907896412198,13339,19026
4,313,32042,1017,-0.008446959564568257,-0.008733443290706182,1631.6680565869983,-1902.3255349548929,13131,18717
4,314,31470,1016,-0.00812899753384778,-0.008973842730607477,1607.5017713155041,-1863.3213237056957,12949,18338
4,315,29187,1016,-0.007994606775376039,-0.009307069869069175,1494.4173437729953,-1727.755931725896,11998,17011
4,316,26890,1013,-0.007920628523897109,-0.00894141019953429,1378.4313259566727,-1591.4170269642639,11043,15671
4,317,24612,1007,-0.0077533592185278005,-0.008754065247387189,1263.9490813398622,-1454.7747584262659,10101,14381
4,318,22372,1004,-0.007579043537100368,-0.00878025041149806,1152.3506729236317,-1321.9090349356416,9199,13035
4,319,20131,1001,-0.007339024875905206,-0.008831453104791259,1040.3728844253153,-1188.1147942021641,8284,11717
4,320,17907,994,-0.007044054324312367,-0.009013170138642057,929.2662422852048,-1055.4041230706694,7377,10421
4,321,15716,982,-0.006680171430302212,-0.008429383817787822,819.2411418865896,-924.2267160852185,6498,9138
4,322,13605,977,-0.006608863417665327,-0.008564504080404666,711.0184965638362,-800.9320833611735,5644,7884
4,323,11514,973,-0.006398898398843064,-0.008167908482455619,604.9239656602607,-678.6008818245392,4767,6672
4,324,9426,968,-0.006176751950100889,-0.008651331423808578,497.62088976382125,-555.8429536454728,3908,5461
4,325,7348,937,-0.005907370665524784,-0.005414124889372938,388.36665222723695,-431.7740118775128,3074,4233
4,326,5470,932,-0.00605452607937593,-0.005737657807582827,291.80179219975287,-324.92004985393845,2287,3160
4,327,3610,921,-0.006429973349413116,-0.0064378299440222735,194.42293654021813,-217.63514033159956,1503,2084
4,328,1782,902,-0.0067341532018632,-0.007983432195931374,96.95171021118865,-108.95197121690899,743,1031
5,0,87774,2127,0.0,0.0,0.0,0.0,0,0
5,1,78512,2127,-0.00006924004133283781,-0.00002384846417260886,347.95799228293384,-353.3941664080597,36100,37263
5,2,77898,2127,-0.00015450200834293422,-0.000034286719924054104,469.84585806358217,-481.8812555094777,36171,37941
5,3,77506,2127,-0.0002887662830565883,-0.0001879799596189974,557.0820553363538,-579.4631748709357,36199,38188
5,4,77238,2127,-0.00041321114514013236,-0.0002730931752104138,628.8162601794693,-660.7318626078057,36092,38537
5,5,77237,2127,-0.0005310971463177502,-0.0003744389872077621,696.5542792809057,-737.5746295710485,36233,38622
5,6,76989,2127,-0.0006359626507895075,-0.000470785211940837,756.5212237936825,-805.4833523153113,36168,38717
5,7,76874,2126,-0.0006842948277576347,-0.0004529944300969144,812.69787189527,-865.302352484307,36038,38822
5,8,76836,2126,-0.0007551341467182668,-0.0005393071882534602,863.2885653666714,-921.3100526639171,36038,38868
5,9,76725,2126,-0.0008094399187829415,-0.0005805147790707636,909.3373598026283,-971.4416375712442,36013,38951
5,10,76670,2126,-0.0008734174271036829,-0.000655868711223809,954.3201134174298,-1021.2850275534665,36021,38946
5,11,76528,2126,-0.0009422480994775028,-0.0006847813981369275,995.6628173491189,-1067.771179905929,35900,39026
5,12,76387,2126,-0.001027880266894067,-0.000830710837551462,1031.4114449107572,-1109.928134857994,35787,39064
5,13,76407,2126,-0.0011065318157605021,-0.000807374384138869,1067.4400069621433,-1151.9867834089584,35867,39021
5,14,76339,2125,-0.0012278887491336441,-0.0009244867041653736,1098.7187569854632,-1192.4545562055794,35705,39177
5,15,76279,2126,-0.001301412273875701,-0.0009687514143503075,1132.9404801903152,-1232.2109070292838,35607,39292
5,16,76176,2126,-0.001311917353823756,-0.000846708898668557,1168.8926485439188,-1268.8292648887978,35549,39281
5,17,76180,2126,-0.0013369269255021291,-0.0008850604994503104,1201.5380006554328,-1303.3850938401863,35432,39411
5,18,76146,2126,-0.0013433058308683116,-0.0008418144587196117,1234.2116306486375,-1336.4989964459382,35533,39340
5,19,76061,2126,-0.001368814910848032,-0.0009216924440777148,1262.4184964085923,-1366.5319273426064,35438,39407
5,20,76006,2125,-0.0014397484947557728,-0.00101374734403793,1287.7388114090822,-1397.1683355014895,35286,39573
5,21,76017,2126,-0.0015237570592921011,-0.0011393569664043374,1312.6913761434496,-1428.5228165196625,35163,39635
5,22,75943,2126,-0.0016032064378205943,-0.001246234335969569,1336.1617386293417,-1457.9140451367496,35087,39679
5,23,75930,2126,-0.0016551794159084467,-0.0012319045402288031,1359.5989691582859,-1485.2767422082197,34965,39781
5,24,75818,2126,-0.0017667538396170515,-0.0013184464066019607,1379.9867457245796,-1513.9384883366681,34813,39842
5,25,75712,2126,-0.0018542187215892846,-0.0013303232419521792,1400.4341099505273,-1540.8207177994948,34634,39995
5,26,75623,2125,-0.0019666017417516394,-0.0014590494754472033,1421.1491798624093,-1569.8695033788908,34551,40021
5,27,75601,2125,-0.0020399631881753795,-0.0015885205529086472,1443.2383921061642,-1597.4616490954031,34509,40060
5,28,75641,2126,-0.0020321646779652867,-0.0016221451332256577,1468.478940182981,-1622.1939085889478,34435,40102
5,29,75529,2126,-0.0020643290961005743,-0.0016853832034078278,1491.646107519539,-1647.5628198189233,34424,40064
5,30,75587,2126,-0.0021048867551545837,-0.0016697033365078479,1517.3278758537651,-1676.4299510156397,34441,40173
5,31,75514,2126,-0.002208239208217434,-0.0018899196005219396,1536.5494554200686,-1703.3024309893976,34283,40209
5,32,75393,2126,-0.0022443635156293587,-0.0018394615078578685,1557.571356570011,-1726.7806551038536,34289,40119
5,33,75280,2126,-0.0023003694438222975,-0.002011286687750476,1575.028372830255,-1748.200184561196,34247,40079
5,34,75243,2125,-0.0024280356143711714,-0.0020586324917251857,1588.5266536322804,-1771.2193373644075,34111,40137
5,35,75246,2126,-0.002418395222914495,-0.002009988862116734,1608.4618283012003,-1790.4363952446222,34124,40182
5,36,75185,2126,-0.002462841216135421,-0.0018322610480049272,1626.1044482218392,-1811.2731650569879,34182,40121
5,37,75197,2126,-0.0025394679352784676,-0.0019316599773171249,1643.9535175036435,-1834.9138878327794,34062,40241
5,38,75200,2126,-0.002491294918635324,-0.0019629008200780064,1670.9387681853202,-1858.2841460666982,34066,40261
5,39,75177,2126,-0.0025026975425884914,-0.0019533660184037262,1689.7393364754528,-1877.8846296346303,34025,40243
5,40,75075,2125,-0.002505916563837917,-0.0017698850501646703,1707.412591931221,-1895.5442779613518,33923,40276
5,41,74993,2126,-0.0025572210656713366,-0.001918032654633766,1721.640610051007,-1913.4142894288966,33773,40357
5,42,74985,2126,-0.002537890383053779,-0.0017974363752167747,1743.751599873443,-1934.0553102467222,33754,40397
5,43,75012,2126,-0.0025719877510979386,-0.0018234739228102743,1761.2259997473554,-1954.1559449327146,33776,40449
5,44,74979,2126,-0.0024736752301113443,-0.0016523390745830744,1784.901049185053,-1970.3747442635633,33702,40438
5,45,74843,2126,-0.0024977419821564234,-0.0016512253511142478,1800.9402327305813,-1987.8787359011164,33612,40399
5,46,74730,2126,-0.002522848337447778,-0.0017324687669865878,1812.7919695787198,-2001.3244258361967,33587,40399
5,47,74749,2126,-0.0025175494718696584,-0.0014770834843259566,1831.6161902000792,-2019.800495672873,33532,40470
5,48,74764,2126,-0.0025450841194185744,-0.0013945545961786695,1846.8456474907996,-2037.1263165950047,33511,40498
5,49,74643,2125,-0.0025519230252807235,-0.0015405963118772289,1863.9985332517992,-2054.481723627821,33344,40528
5,50,74708,2126,-0.002421866053327478,-0.0013417068208826865,1887.8404783747565,-2068.7732474867507,33358,40612
5,51,74639,2126,-0.002434643509764466,-0.0013581102097016396,1903.1181047806217,-2084.837461705935,33318,40620
5,52,74541,2126,-0.00238288769578857,-0.0012085988274719481,1919.8132057502228,-2097.4360374819953,33351,40461
5,53,74537,2126,-0.0023882614915871694,-0.0013081881772707066,1935.2794615096623,-2113.293308308094,33316,40528
5,54,74431,2126,-0.002380396514825726,-0.0013394539138729714,1952.0229142690785,-2129.198207264072,33146,40548
5,55,74516,2125,-0.002287336847010545,-0.0013295808070826795,1970.7764368019016,-2141.219629293744,33236,40532
5,56,74438,2125,-0.0022774288758836687,-0.001206276327477723,1985.324739641831,-2154.851990304861,33207,40499
5,57,74455,2125,-0.0023017312021434686,-0.0013884960842034217,2000.6486431682442,-2172.024039823847,33170,40569
5,58,74454,2125,-0.0022471089702811235,-0.0012392937305949567,2019.001064177898,-2186.307315451212,33180,40552
5,59,74336,2125,-0.0022556766707444577,-0.00127210200793144,2031.2870788356693,-2198.9650598321277,33050,40567
5,60,74295,2126,-0.0021674467641813544,-0.0013298611203288336,2049.4490403096183,-2210.479497654472,33061,40569
5,61,74290,2126,-0.002067187709079059,-0.0014653502248198698,2066.7278748873173,-2220.2992497947944,33034,40527
5,62,74215,2125,-0.0021552799078356217,-0.0013929668664143173,2075.332425252465,-2235.2865236124876,33025,40508
5,63,74231,2123,-0.00213519644127642,-0.0015307303351687264,2090.337714209538,-2248.8354812419266,32934,40583
5,64,74068,2124,-0.0022031442703999257,-0.001493068317714459,2100.478896636513,-2263.661386456494,32828,40521
5,65,74121,2124,-0.002203938223230408,-0.0013095703822977897,2118.4039291142954,-2281.7620341583556,32855,40590
5,66,74066,2124,-0.0021792930588991526,-0.00121955644461927,2136.904072272521,-2298.3155919729465,32776,40598
5,67,74006,2125,-0.002176381334468419,-0.0013228556396331142,2148.1583140346297,-2309.2235910732966,32785,40565
5,68,73904,2124,-0.001990024527108269,-0.0009380853375841412,2168.2229021334288,-2315.293674784841,32729,40515
5,69,73890,2124,-0.001959175358495654,-0.0011879937361428854,2181.6872708577926,-2326.4507380970376,32733,40503
5,70,73821,2123,-0.0019606246369609846,-0.001003696637659104,2190.08771019981,-2334.8229815249038,32646,40499
5,71,73864,2124,-0.0019178302743007043,-0.0007408850433033728,2202.5410751179306,-2344.199690498865,32697,40531
5,72,73753,2124,-0.001958682593117818,-0.0012875074535233489,2208.6890069875367,-2353.1477242777573,32631,40497
5,73,73802,2124,-0.0020301669281821747,-0.0013332139528331771,2217.7159687154967,-2367.5463483491994,32690,40474
5,74,73655,2125,-0.002132760683716518,-0.0018209134161180243,2222.1379072829386,-2379.22639544207,32613,40407
5,75,73707,2125,-0.002140924492932812,-0.001563460993161432,2231.6065318893034,-2389.4076534899054,32675,40386
5,76,73661,2125,-0.0021705243756108493,-0.0014849536052183893,2241.6379157115352,-2401.520911743408,32582,40426
5,77,73664,2124,-0.0022260775044070486,-0.0010915192091869872,2252.261107804842,-2416.2428810894903,32613,40424
5,78,73579,2125,-0.0022518952258887026,-0.0010763079397032975,2261.345673465154,-2427.037872290815,32563,40387
5,79,73542,2125,-0.002208947347090176,-0.001051269530477685,2275.0276083226636,-2437.478014122374,32610,40356
5,80,73484,2124,-0.0022033434714079326,-0.0008890460346587525,2284.48795565557,-2446.3984473085175,32641,40240
5,81,73509,2125,-0.002200301529446555,-0.0010071764863552456,2293.5920961937345,-2455.334061321829,32595,40290
5,82,73443,2125,-0.0022535074688160624,-0.001048361526436949,2302.158927174025,-2467.663276206291,32551,40257
5,83,73407,2124,-0.0023247721452849036,-0.0010898166501183781,2307.693459273802,-2478.348008142725,32562,40231
5,84,73379,2125,-0.0023207908902819975,-0.0011601081024622817,2321.4711219418623,-2491.768436679859,32472,40269
5,85,73290,2125,-0.0022780537847648893,-0.0011025598915527556,2336.1066176594472,-2503.0651795448653,32471,40197
5,86,73364,2125,-0.002267803768956855,-0.001202409779668702,2347.4957530426123,-2513.870908748355,32469,40255
5,87,73297,2124,-0.0023395307591268805,-0.001417673353278549,2356.8900050096167,-2528.3705910613367,32381,40291
5,88,73304,2124,-0.002391750494994714,-0.0014914337212029501,2363.360417540336,-2538.6852958254167,32392,40263
5,89,73345,2124,-0.0024404773844989877,-0.0015006631814237518,2371.773901438328,-2550.770715204407,32466,40259
5,90,73202,2124,-0.0024874237968581553,-0.0018878007506408201,2377.847925428033,-2559.932322205642,32455,40151
5,91,73252,2124,-0.002496970545844703,-0.0017462350392935394,2391.487286149349,-2574.3953725735714,32382,40277
5,92,73220,2124,-0.0024687184490540578,-0.0017155709596603384,2401.8770735620633,-2582.636638401811,32397,40242
5,93,73200,2124,-0.002456286630609527,-0.0020814718160783656,2413.6239295333426,-2593.4241108939646,32320,40299
5,94,73222,2124,-0.002462099153163135,-0.0019382308692828495,2428.0993379198007,-2608.3791621127025,32282,40371
5,95,73180,2123,-0.0024767455329920466,-0.0017955432009640966,2437.2262846617973,-2618.4745227661547,32231,40384
5,96,73104,2124,-0.002580686344545624,-0.002203932372853229,2443.047926030536,-2631.706420562193,32164,40358
5,97,73129,2124,-0.002582417337972687,-0.0020227714185680227,2452.841632842787,-2641.6912303513864,32187,40367
5,98,73071,2123,-0.0025809401018721478,-0.002313725470141993,2463.2395943187566,-2651.8314685026617,32207,40277
5,99,73005,2123,-0.002609057096893127,-0.0023730739033139933,2470.2650078568113,-2660.739221215488,32195,40221
5,100,72957,2123,-0.002618504434254939,-0.002440305191379801,2482.216905850661,-2673.255133860603,32156,40211
5,101,73027,2123,-0.0027421135494612985,-0.0024849722195674937,2492.3936247959214,-2692.641950972428,32162,40301
5,102,72938,2123,-0.0027661649222163096,-0.002617761731787709,2501.8434339524365,-2703.601971049062,32160,40185
5,103,72824,2123,-0.0029235065086487913,-0.002975013665313284,2501.9507658509733,-2714.8522038368187,32017,40249
5,104,72832,2115,-0.002945312707144112,-0.003014919657284674,2508.579568918947,-2723.0925840056602,31899,40352
5,105,72795,2116,-0.0029156146237049726,-0.003066173023950716,2516.8405876566044,-2729.082754189214,31897,40284
5,106,72791,2116,-0.0029866868300686047,-0.0030093158954957733,2522.824623285774,-2740.228544333296,31853,40319
5,107,72730,2115,-0.0029512082275631223,-0.0028433997244232136,2533.816856294007,-2748.4582306846764,31825,40325
5,108,72725,2116,-0.002955012233552442,-0.0028597415531534955,2542.660127577239,-2757.5633922623456,31838,40276
5,109,72624,2116,-0.003028110368030303,-0.0026456318393632116,2544.9654643425542,-2764.8789517103733,31791,40268
5,110,72650,2115,-0.003117123658232578,-0.003002011939068941,2546.8305468801,-2773.2895806507127,31810,40250
5,111,72565,2114,-0.0031654155937742763,-0.003133710394132306,2550.5017883843266,-2780.2001709465612,31727,40257
5,112,72479,2114,-0.0031913657335373947,-0.0031307361673955903,2556.2125810835737,-2787.519578084631,31651,40262
5,113,72471,2115,-0.003281770785387004,-0.003229493951527568,2558.7941442598726,-2796.6273548476597,31677,40259
5,114,72428,2115,-0.0032570774327432333,-0.0028147063973114586,2569.794967821487,-2805.698572120208,31593,40312
5,115,72352,2115,-0.0034160264889748233,-0.0034005374340707484,2566.316039332117,-2813.472387862427,31475,40339
5,116,72482,2116,-0.003437027518512575,-0.0030987231644360046,2576.896728469301,-2826.0193570661227,31592,40359
5,117,72395,2116,-0.0036032735374351005,-0.003275786910944216,2573.581143512729,-2834.440131255341,31530,40337
5,118,72256,2116,-0.003663224784094994,-0.0036054361086672176,2575.669941237693,-2840.359911237264,31377,40334
5,119,72231,2116,-0.003768945944719009,-0.003903260372106601,2575.9275951324516,-2848.162329665427,31414,40250
5,120,72219,2116,-0.0038048294391783786,-0.003797641570586408,2581.9674908383818,-2856.7484681064093,31370,40313
5,121,72142,2116,-0.003920409104321731,-0.0040188725367828635,2581.520851743424,-2864.3470053474075,31305,40325
5,122,72072,2115,-0.004067144266051493,-0.004113384837137651,2581.832457088926,-2874.959678631794,31192,40279
5,123,72161,2116,-0.004185620548556474,-0.003931830148241312,2587.6777554091,-2889.716319813479,31197,40445
5,124,72117,2114,-0.004167658532255098,-0.0039961038059116,2596.8421199185577,-2897.401150289201,31227,40376
5,125,72130,2116,-0.004084192481469545,-0.004181387463881918,2610.8350686115964,-2905.427872300004,31275,40369
5,126,72081,2116,-0.0042358102917736,-0.004463787033868544,2611.0423651212573,-2916.363806762594,31221,40401
5,127,72008,2116,-0.0042415874831925075,-0.004117476669748304,2621.0765531194943,-2926.504784609227,31229,40285
5,128,72066,2116,-0.004234083617326415,-0.004071532189849584,2631.4539822117263,-2936.5874521779774,31171,40390
5,129,71934,2115,-0.0042156190027521625,-0.004133648872920772,2638.748130614027,-2941.994467958006,31078,40374
5,130,71981,2114,-0.004161809718593011,-0.004059002430005106,2652.817816638943,-2952.3890419929844,31075,40426
5,131,71992,2116,-0.004258613495114781,-0.0041860277881781045,2656.14660549875,-2962.7327082390566,31041,40457
5,132,71918,2116,-0.004346113008593587,-0.004666121614840589,2662.3722267211283,-2974.935982073168,30857,40585
5,133,71875,2115,-0.004299331965984646,-0.004404996324740144,2671.707316847534,-2980.7218019026814,30796,40585
5,134,71870,2110,-0.0042730521357669205,-0.004537346321883038,2686.2263314792976,-2993.330588476873,30771,40635
5,135,71897,2110,-0.004190335788291588,-0.0044575055337509615,2702.979148941743,-3004.2517211125405,30832,40600
5,136,71851,2110,-0.0041237418772068464,-0.004384916402648269,2716.026317752026,-3012.3212953712123,30805,40587
5,137,71867,2110,-0.0041775342794726986,-0.004310302668428359,2724.944287690369,-3025.17114375322,30777,40582
5,138,71796,2110,-0.0041066240584209214,-0.0042742534931464946,2734.0510147892055,-3028.890195687593,30749,40580
5,139,71793,2109,-0.0041622395941166975,-0.004495712005875173,2746.2156425626613,-3045.035309743092,30754,40586
5,140,71936,2110,-0.004164456649225693,-0.004369654019829427,2763.3653087017,-3062.9396622204044,30699,40737
5,141,71934,2109,-0.004137884747086167,-0.00437366055761206,2773.6026298651736,-3071.257231262081,30774,40654
5,142,71884,2110,-0.004233644349644606,-0.004319749823743497,2776.6662651947872,-3080.997555624629,30794,40617
5,143,71892,2110,-0.004249477259031915,-0.004314555643898106,2784.56205451409,-3090.06547362041,30784,40609
5,144,71834,2110,-0.004360013080661941,-0.004312347220970928,2787.2169109761717,-3100.4140906124435,30700,40638
5,145,71878,2110,-0.004370940072665088,-0.004556968392360856,2798.4697588023573,-3112.6441893453834,30660,40731
5,146,71816,2109,-0.004309672480938547,-0.004569710228931255,2812.4251336701986,-3121.928572561272,30686,40666
5,147,71829,2110,-0.004283853195819232,-0.004499130765153397,2825.359388753654,-3133.0642799561565,30644,40689
5,148,71808,2110,-0.004363251944154252,-0.004668149631191539,2831.538885074013,-3144.8552806798302,30552,40756
5,149,71829,2110,-0.004423925678531642,-0.004336120087749228,2838.4286095836846,-3156.1947671469343,30533,40790
5,150,71832,2110,-0.0044960047060089,-0.00439085960702735,2840.9621398253466,-3163.9191498673817,30416,40902
5,151,71804,2110,-0.004556746599515218,-0.004444696860949706,2843.7337007513966,-3170.9263335829796,30394,40920
5,152,71796,2110,-0.004720275298741368,-0.004657918256512063,2842.871013218146,-3181.7678985665793,30355,40962
5,153,71844,2109,-0.004821398435401828,-0.005039344006588879,2847.6621013898807,-3194.0506505828807,30399,40966
5,154,71814,2109,-0.004930083201029135,-0.00509772759884479,2851.7818083255706,-3205.8308033242683,30332,40994
5,155,71784,2109,-0.0049578179084938286,-0.005128408689304217,2853.9905806327115,-3209.882581376026,30312,40996
5,156,71697,2109,-0.005127695223451214,-0.005153697791876204,2854.73215231343,-3222.3725167492175,30260,40980
5,157,71746,2109,-0.005109654551804693,-0.005126639258906997,2864.1060410561727,-3230.703316529946,30311,40980
5,158,71616,2109,-0.0053071824371589615,-0.005254253046089117,2862.1721810552117,-3242.2513584747912,30174,40966
5,159,71681,2109,-0.005507406261325076,-0.005428264038395968,2862.285562693129,-3257.0619509111625,30185,41016
5,160,71691,2109,-0.005683226407428859,-0.005569436154542381,2861.4215720032084,-3268.857756378189,30144,41034
5,161,71689,2109,-0.005710567446431456,-0.004810251361170349,2867.9930058581194,-3277.3778755253397,30124,41074
5,162,71514,2108,-0.005928046016776221,-0.0050281357150519035,2864.819474136431,-3288.7577569801683,30037,41006
5,163,71514,2108,-0.006031869777154965,-0.005111908079715793,2868.4018190860666,-3299.764954329522,30058,40992
5,164,71509,2107,-0.006113789137435907,-0.005383729949979289,2875.0577552508616,-3312.2487026797708,30062,40964
5,165,71505,2108,-0.006286515074504782,-0.00568684947392825,2876.074750102431,-3325.5920105048913,30054,40983
5,166,71519,2108,-0.006448441378133963,-0.005612544056342034,2875.7922759394314,-3336.9783548621936,29986,41072
5,167,71331,2108,-0.006439249957446866,-0.0055448752422543905,2881.903212616527,-3341.221351331169,29905,40948
5,168,71450,2107,-0.006440810169040874,-0.005705022269487749,2896.1339620275535,-3356.3298486055187,30014,41031
5,169,71354,2105,-0.006682432783967182,-0.0061785648257725026,2890.804954706823,-3367.6232635740184,29921,41007
5,170,71423,2107,-0.006814475895841833,-0.006148879469833854,2895.595556080825,-3382.3058679895476,29945,41037
5,171,71374,2108,-0.006999485250680173,-0.006481386034044436,2896.0336567442855,-3395.6149170263247,29861,41056
5,172,71298,2107,-0.007187911884059843,-0.00647515657868902,2889.578822639927,-3402.0625641496126,29752,41104
5,173,71288,2106,-0.007285995886688713,-0.006223384400933661,2893.0447826208824,-3412.448857391146,29789,41038
5,174,71364,2107,-0.007394777173419564,-0.006320711299159242,2897.7557752295625,-3425.4766534334735,29792,41137
5,175,71342,2106,-0.007512099802204691,-0.006560795536018586,2900.1123621844636,-3436.040586273351,29730,41183
5,176,71392,2106,-0.007533807685974849,-0.006723545900155334,2908.0817534762687,-3445.9353517933955,29767,41168
5,177,71353,2106,-0.007608441440695153,-0.007027811961824745,2906.424167142554,-3449.3092892604777,29798,41092
5,178,71292,2106,-0.007820443419358442,-0.006680127023895737,2901.151996273331,-3458.6870485262384,29708,41129
5,179,71330,2106,-0.008084527910382071,-0.006640011090082638,2894.1605826796335,-3470.8299585271902,29723,41167
5,180,71260,2105,-0.008180458977106753,-0.007043178043597641,2894.070444608565,-3477.0099513171986,29671,41160
5,181,71307,2106,-0.008283217715973967,-0.007398278213548032,2897.920932231107,-3488.572337904062,29741,41144
5,182,71183,2106,-0.00835636139022716,-0.007295985638969422,2897.6349595512106,-3492.465832391744,29769,40984
5,183,71195,2106,-0.008365685564457138,-0.0075552785016602874,2902.3845191098444,-3497.979502871375,29844,40901
5,184,71256,2105,-0.00833661696978408,-0.0073455691430654845,2911.538615342695,-3505.572594141628,29925,40901
5,185,71195,2105,-0.008505133504516985,-0.0072792755073708025,2905.1969331731243,-3510.719913027225,29961,40797
5,186,71252,2105,-0.008556035242837965,-0.007598402354179034,2909.203310932385,-3518.8379340550846,29937,40876
5,187,71262,2103,-0.008629079467038368,-0.007789515967238585,2916.747576926876,-3531.6730379069654,29997,40862
5,188,71217,2105,-0.008505008333291944,-0.007999146274612153,2929.5239503181797,-3535.225128790234,30023,40754
5,189,71239,2103,-0.008652881602791,-0.007961457450649877,2927.968489391625,-3544.391121892863,30012,40813
5,190,71167,2103,-0.008594603545562584,-0.007881922914101318,2937.480958249091,-3549.133108776143,30006,40754
5,191,71171,2103,-0.008667573856434976,-0.007901022340955357,2942.272332885483,-3559.1522318218035,29924,40838
5,192,71155,2102,-0.008660831079543725,-0.008001971103045263,2948.596376428208,-3564.857811893146,29977,40759
5,193,71199,2102,-0.008631907268384104,-0.0078501058536749,2960.199138545478,-3574.7823041471534,29970,40784
5,194,71207,2103,-0.008712867790521295,-0.007889881540407925,2968.743048335003,-3589.160225094665,30005,40802
5,195,71222,2102,-0.00876393404592534,-0.007928830284236799,2973.9639585416135,-3598.148869160499,29994,40815
5,196,71184,2101,-0.008825490445848334,-0.008116493496704479,2979.2893225514777,-3607.523034448748,29948,40778
5,197,71195,2101,-0.008853652102363658,-0.008113024097350853,2989.056546670718,-3619.392308098488,29987,40762
5,198,71171,2101,-0.008805046209470454,-0.007996177377950803,2999.487721653377,-3626.1516654275947,30010,40757
5,199,71143,2101,-0.008848121497599601,-0.007843645428181374,3003.1305467963334,-3632.6124545000603,29965,40777
5,200,71106,2101,-0.008847020002722005,-0.007948023555388086,3007.5501838478176,-3636.626388161355,29944,40695
5,201,71141,2101,-0.00885158965229426,-0.007811805959823747,3015.227444349883,-3644.938383803755,29999,40676
5,202,71078,2099,-0.008935954913725336,-0.007844357018209909,3017.6533182982826,-3652.8031216560603,29936,40691
5,203,71010,2100,-0.008916253162242743,-0.007810522015832725,3027.063449004552,-3660.206586055413,29926,40637
5,204,71079,2099,-0.00897634752744698,-0.008039915312670733,3032.62918320887,-3670.6589891122635,29906,40727
5,205,71038,2100,-0.008959279478717488,-0.008019977859747562,3041.5496547962957,-3677.9989504054192,29943,40679
5,206,70994,2100,-0.009020674089584142,-0.008528541435011633,3041.7848093053585,-3682.1985456212924,29852,40699
5,207,70994,2100,-0.00896028331308085,-0.007904250945111307,3053.8449126164587,-3689.9712661453204,29858,40710
5,208,71058,2099,-0.008918673478935867,-0.007916280151701816,3061.319295823946,-3695.0623958901715,29943,40700
5,209,70939,2098,-0.008813500033355855,-0.00798960831564841,3070.79982980004,-3696.0207086662645,29927,40586
5,210,70956,2097,-0.008845371313114128,-0.007958216027545194,3072.4119773939196,-3700.0441442872507,29962,40582
5,211,70944,2098,-0.008737866932505283,-0.007975496136726242,3081.85012065169,-3701.749352311339,29985,40533
5,212,70974,2098,-0.00879480471480027,-0.00793436197707031,3084.4350941828916,-3708.637564011118,29940,40592
5,213,70983,2098,-0.008834729436020393,-0.007966135610980888,3087.4019226322876,-3714.517522189329,30021,40536
5,214,70963,2096,-0.008900976085385065,-0.007877043658874363,3091.628525497245,-3723.2684914444276,29898,40636
5,215,70925,2098,-0.008942504741280848,-0.0077697201371618365,3096.9111907291363,-3731.158339504501,29871,40635
5,216,70936,2098,-0.008779558107234917,-0.007640103199463658,3108.8281737254924,-3731.6149076203137,29902,40641
5,217,70874,2097,-0.008914470814511424,-0.007633891405148503,3105.1570578973015,-3736.9612624049837,29792,40685
5,218,70842,2097,-0.008962751107733365,-0.008083973124624728,3108.483311570484,-3743.4225255445363,29761,40663
5,219,70794,2096,-0.008964222898971443,-0.008090523161314015,3114.210211167305,-3748.823407077091,29786,40589
5,220,70859,2096,-0.008995081230344686,-0.008031919770195966,3118.688481603771,-3756.0709425047694,29843,40630
5,221,70775,2097,-0.009087214258927605,-0.008126544321546305,3118.0133091582957,-3761.160898333888,29791,40575
5,222,70802,2097,-0.00913514669178002,-0.00806226230730521,3122.508784168175,-3769.2954402395835,29810,40592
5,223,70819,2096,-0.009213665983967353,-0.007927894153171085,3127.4253454620884,-3779.9279567806607,29806,40587
5,224,70716,2096,-0.009158715777286199,-0.008135124618418785,3132.2411755703847,-3779.9089204769484,29792,40549
5,225,70738,2097,-0.009226673172584292,-0.008265359697514378,3139.1744823816107,-3791.8508892638733,29723,40600
5,226,70760,2097,-0.009311476375382969,-0.008262825105383386,3144.088304510921,-3802.968372833026,29739,40595
5,227,70729,2097,-0.009320200386294301,-0.008219937768081158,3150.5935583850905,-3809.8020115073055,29725,40601
5,228,70680,2097,-0.009537278560469997,-0.008079218181156235,3147.70435945768,-3821.799208111714,29598,40660
5,229,70710,2096,-0.00956992385753043,-0.00798371582507733,3153.878048748128,-3830.5673647140993,29575,40748
5,230,70688,2096,-0.00967264467801783,-0.008081294418458578,3154.242047362229,-3837.9819543619506,29541,40728
5,231,70628,2096,-0.009793901304504462,-0.008114848933722881,3154.4245596040737,-3846.1482209386268,29545,40694
5,232,70640,2096,-0.009951903356045698,-0.008143131986051128,3152.659607091168,-3855.662060162235,29474,40716
5,233,70616,2096,-0.010031328992006072,-0.008324039682504916,3154.207799099975,-3862.5801271994746,29487,40739
5,234,70638,2096,-0.010165857728776696,-0.008552235002267932,3154.743027447975,-3872.8388856932925,29542,40676
5,235,70589,2095,-0.010243852840047127,-0.008548406111454873,3152.493005630894,-3875.596333756976,29497,40686
5,236,70471,2095,-0.010292110598725732,-0.008476215477558427,3151.353552645195,-3876.6488786479836,29500,40562
5,237,70428,2095,-0.010387313802238462,-0.008507122684347153,3152.0898030178364,-3883.64753948188,29433,40578
5,238,70494,2095,-0.01048917193888221,-0.008467270344809062,3152.818787873309,-3892.2424745328685,29478,40595
5,239,70477,2095,-0.01060081628232562,-0.00872852338473077,3149.169085853078,-3896.282814982534,29481,40622
5,240,70393,2095,-0.0107873355772447,-0.008588713295845518,3144.6980692846373,-3904.050982573616,29369,40657
5,241,70348,2094,-0.010768035880295398,-0.00859177013391761,3144.413864383298,-3901.9236524903195,29364,40589
5,242,70289,2094,-0.010799261634111343,-0.00846470401497152,3144.4968685819117,-3903.566169581963,29434,40478
5,243,70201,2094,-0.010806929651385987,-0.0084934990578329,3145.2887036662337,-3903.945972123181,29426,40393
5,244,70127,2094,-0.010691126777074835,-0.008666733627099065,3150.0570739552245,-3899.7937214511458,29469,40311
5,245,70137,2094,-0.010736467385268539,-0.008623886498486028,3152.0783327894387,-3905.101945790016,29458,40304
5,246,70096,2091,-0.010644278765579676,-0.009034783146796935,3161.0829318170486,-3907.204296169129,29420,40333
5,247,70037,2091,-0.010513912076277387,-0.008739101858149887,3164.888845494933,-3901.251705581185,29389,40266
5,248,69969,2093,-0.010511343145359479,-0.008695934705780558,3168.2756952488003,-3903.743863786455,29369,40243
5,249,69864,2092,-0.010217031231232491,-0.008687118862555934,3181.4861448942856,-3895.288814833105,29381,40125
5,250,69830,2091,-0.010155779097133793,-0.008586233480481407,3187.743411147089,-3896.921465499935,29350,40122
5,251,69780,2089,-0.010017278438200695,-0.008537885727319054,3197.2115772844872,-3896.2172667021377,29344,40085
5,252,69642,2088,-0.009921005411307708,-0.00811916138614454,3204.1838243084267,-3895.102483162731,29285,39973
5,253,69532,2089,-0.009787365361002425,-0.008372860238094517,3210.9645553746714,-3891.499643655884,29261,39893
5,254,69427,2088,-0.009678752897098783,-0.008210450853586312,3218.5026218855955,-3890.4693992724738,29217,39812
5,255,69310,2087,-0.009412895981171369,-0.008091821736747941,3230.0466446264745,-3882.4544650814637,29203,39742
5,256,69131,2086,-0.009280208129695062,-0.008167989880750504,3233.5638673883277,-3875.1139356022863,29109,39628
5,257,68957,2087,-0.00932826373595967,-0.008420532773645054,3229.13890996552,-3872.3879924060866,29020,39548
5,258,68715,2086,-0.009281800773354167,-0.008384976104051048,3224.7862536445236,-3862.5851937855587,28869,39439
5,259,68426,2085,-0.009313094937021418,-0.008506832257823104,3214.574020223182,-3851.8318543838063,28770,39262
5,260,68188,2083,-0.009344324721785839,-0.008701068155943839,3206.024259867537,-3843.195073996667,28705,39094
5,261,67894,2079,-0.009350258946995735,-0.008419651216591403,3193.550975041164,-3828.377455988487,28537,38983
5,262,67571,2078,-0.009379172323222319,-0.008242364599487014,3178.1951750421285,-3811.9552280945913,28370,38851
5,263,67203,2076,-0.009325642332465895,-0.00788662147901208,3163.7491862485335,-3790.4603279172297,28210,38618
5,264,66797,2077,-0.009276925263121637,-0.0076653132485584455,3147.0471364225095,-3766.717913223238,28073,38373
5,265,66365,2075,-0.009248874068780449,-0.007555897417428958,3129.336769321368,-3743.138296895986,27887,38149
5,266,65815,2073,-0.009247487081885664,-0.0075105464443216115,3103.20595715208,-3711.829319446383,27642,37808
5,267,65200,2069,-0.009389335813624314,-0.007336198874843633,3067.2515545049564,-3679.436249553252,27364,37487
5,268,64547,2069,-0.009524424540772892,-0.007631060217857998,3028.0979669762683,-3642.870997809532,27099,37100
5,269,63800,2060,-0.009691297969588604,-0.0076295490474402134,2986.9645355088137,-3605.269345968557,26785,36707
5,270,61759,2061,-0.009814069862945418,-0.008097632028930088,2882.614179192839,-3488.7213198584845,25888,35528
5,271,59663,2055,-0.00973800096433031,-0.01034093380196939,2786.8805572684696,-3367.8789088033077,24989,34337
5,272,57638,2048,-0.009681254439380607,-0.009358448870158253,2692.0520787210125,-3250.0602220980363,24130,33152
5,273,55540,2037,-0.009654199306319791,-0.00884327195973373,2593.2054769971187,-3129.399706470121,23223,32025
5,274,53540,2032,-0.009564692780847218,-0.009198065372635535,2501.1669542336217,-3013.2606057201792,22380,30863
5,275,51543,2029,-0.00957255240224848,-0.009370645306081862,2406.430658485787,-2899.8287269548828,21485,29779
5,276,49547,2021,-0.00941790899576693,-0.00868441532248265,2319.480825864511,-2786.1099628777656,20659,28609
5,277,47639,2012,-0.00940326398782037,-0.008190029296900249,2234.39436015809,-2682.3564532738637,19831,27562
5,278,45741,2006,-0.00937989178643499,-0.008048716667794064,2149.1725169432143,-2578.218147146536,18961,26495
5,279,43891,1996,-0.009375964685359374,-0.008074692155793513,2064.118400624361,-2475.638866629473,18196,25409
5,280,42017,1972,-0.00942608102631749,-0.007939211308541073,1975.5342034380565,-2371.5898499208433,17434,24327
5,281,40285,1959,-0.009504726358188297,-0.009357108174304863,1894.0416960210189,-2276.939597360634,16714,23322
5,282,38591,1930,-0.009347540039447237,-0.009533407976097138,1821.340580509469,-2182.0714981717792,16053,22278
5,283,36992,1898,-0.009059042030894622,-0.010892784266348491,1752.4502097580548,-2087.5622925649072,15441,21324
5,284,35465,1028,-0.008617439418633629,-0.00457629259357852,1688.277966598811,-1993.8954555806545,14796,20448
5,285,35318,1026,-0.008447187625803789,-0.006008805749206924,1686.9874074185134,-1985.32517998665,14737,20336
5,286,35150,1024,-0.008287874448029867,-0.006377615796866683,1684.7995212955057,-1976.118308143753,14723,20192
5,287,34986,1023,-0.008300144573397504,-0.0063578772573722065,1679.5794131153739,-1969.9682711602559,14647,20123
5,288,34780,1022,-0.008182245563484198,-0.006410900662863692,1674.8271071570307,-1959.4056078550104,14571,19977
5,289,34586,1022,-0.008053220903121952,-0.006569284895271999,1669.7586398705773,-1948.2873380259496,14505,19853
5,290,34389,1022,-0.007903594120370285,-0.006511087012244822,1664.9681299139727,-1936.7648281193879,14449,19709
5,291,34160,1021,-0.007765147478033953,-0.006115975043373068,1658.1464201882018,-1923.4038580378415,14401,19536
5,292,33850,1019,-0.007634184782654605,-0.007038487556803905,1645.351956534764,-1903.7691114276226,14269,19380
5,293,33505,1019,-0.007473347127712834,-0.006956869423842143,1632.1523986578181,-1882.5468941718357,14118,19177
5,294,33187,1017,-0.007291732800704182,-0.00715352075489885,1620.5730847676475,-1862.5638212246165,13934,19025
5,295,32864,1014,-0.007116972375134114,-0.007613481720417603,1608.7617444910213,-1842.653924627429,13804,18842
5,296,32354,1014,-0.006741987254579992,-0.007378531790361505,1585.9524438703027,-1804.0826995049824,13641,18494
5,297,31824,1010,-0.006389658547367025,-0.007726437148862241,1563.3728403685961,-1766.7173339799995,13460,18159
5,298,31274,1007,-0.006039783327961527,-0.006733179256041454,1539.9951136061493,-1728.8832974048153,13265,17827
5,299,30700,1003,-0.005832328718558629,-0.006488815994814192,1515.482487782316,-1694.5349794420674,13040,17476
5,300,28450,1001,-0.005796458416319964,-0.0072248404562917515,1406.4987988713735,-1571.4080408156804,12111,16177
5,301,26205,995,-0.005758549103402199,-0.007265307497898165,1296.3134289302018,-1447.2162081848576,11127,14913
5,302,24007,990,-0.005657703760869617,-0.007295098425532438,1188.9808796824552,-1324.8053738696517,10222,13659
5,303,21830,988,-0.005583491034861269,-0.007474339270915104,1083.5709377026108,-1205.4585469936326,9286,12420
5,304,19655,987,-0.005435819606741897,-0.007539011405826569,977.4643494604899,-1084.3053838310013,8385,11155
5,305,17477,981,-0.005232490496809391,-0.0076115300149175525,871.1305155836137,-962.5787519963524,7467,9889
5,306,15340,972,-0.005083675525280755,-0.00662975861142106,765.8006699038955,-843.7842524617027,6551,8694
5,307,13274,967,-0.005074914964452273,-0.007050241898737203,663.2265498836238,-730.590971121764,5681,7509
5,308,11221,965,-0.004945018721021069,-0.007439819096094476,561.3306887464129,-616.8187438149905,4787,6357
5,309,9184,958,-0.004716432489708363,-0.00771603947399293,459.79773992756907,-503.1134559130505,3929,5196
5,310,7157,918,-0.0042177193389946795,-0.004532433802586145,358.1287250745175,-388.3149423837015,3057,4054
5,311,5334,916,-0.004434337938541718,-0.004778045348281237,268.32209778983616,-291.97485635401785,2272,3028
5,312,3521,909,-0.004473311378940501,-0.005744296282498974,179.01706457134117,-194.76759393659094,1498,2004
5,313,1736,896,-0.004790316810166304,-0.0073039253252161285,89.08562681475249,-97.40161679720111,731,996
6,0,86369,2126,0.0,0.0,0.0,0.0,0,0
6,1,77562,2126,0.00004590703647164898,0.00008706551827977876,326.82303304055,-323.2623914777357,35555,36547
6,2,76868,2126,0.000042451997119273675,0.0001076708013911277,441.20406652861914,-437.94086641405295,35712,37259
6,3,76564,2125,0.00003344791176359551,0.00015867308183127558,526.3874887210992,-523.826582804831,35763,37572
6,4,76300,2125,-8.913081681887302e-7,0.0001045335571543972,594.7145949270414,-594.782601740275,35618,37830
6,5,76212,2125,-0.00005608190702812306,0.00005840522931596387,655.1821266553108,-659.4562409537381,35685,38012
6,6,76140,2124,-0.00010202908919666889,0.00005818744207841134,712.3162220099894,-720.0847168614231,35610,38216
6,7,76069,2125,-0.00020547005874194493,-0.00008567445490108919,759.1811948362763,-774.8110967347187,35664,38261
6,8,75976,2125,-0.00027294150713071043,-0.000147430539186166,802.4830962013602,-823.2201001471224,35550,38429
6,9,75814,2125,-0.0003560210375230885,-0.0002736595681760665,843.7390860836463,-870.7304650224224,35381,38535
6,10,75677,2125,-0.0004430090135772788,-0.00037236812099143436,881.9329392853037,-915.4585324057906,35233,38624
6,11,75658,2125,-0.00047820245972459666,-0.0003307001874633407,920.9333615371693,-957.1132032350107,35141,38786
6,12,75580,2125,-0.0005447401889054436,-0.0003693723044538379,956.3895588983092,-997.5610223757794,34967,38886
6,13,75535,2125,-0.0005520945713747158,-0.0003636216330255765,992.9812581115374,-1034.6837215603266,35036,38906
6,14,75471,2125,-0.0005951612216989726,-0.00030795002102513056,1026.8324685703406,-1071.7498811331855,34911,39009
6,15,75432,2124,-0.0006639511976461221,-0.0002822868378857706,1057.038006844901,-1107.1211735857453,34830,39095
6,16,75326,2125,-0.0007453341486069772,-0.0004919842864329689,1086.8534233916903,-1142.9964634696598,34641,39292
6,17,75280,2125,-0.0007714137908142857,-0.00045851086099640305,1115.5021962077408,-1173.5742263802367,34782,39060
6,18,75268,2125,-0.0008375730701726949,-0.0004835039867764004,1141.7340211750634,-1204.7764710208235,34734,39244
6,19,75232,2125,-0.00091435161071001,-0.0005048223151402168,1168.174237470322,-1236.962737847262,34660,39251
6,20,75130,2125,-0.000998010047542783,-0.0005632322395263913,1191.717709557713,-1266.6982044295974,34526,39263
6,21,75119,2125,-0.0010310742563259933,-0.000650730607126792,1218.3999287924082,-1295.853195853361,34590,39280
6,22,75050,2125,-0.0010959399996489112,-0.0007006821195970151,1242.66307535641,-1324.9133723300602,34466,39329
6,23,74976,2125,-0.001110813875218702,-0.0006414454528068634,1266.4905784901769,-1349.7749595985783,34392,39374
6,24,74925,2125,-0.0011433113713713492,-0.0005820695244698954,1288.1830235851648,-1373.8456280851665,34241,39474
6,25,74905,2125,-0.001156982352884557,-0.000580799611693317,1310.9898216607285,-1397.6535848035467,34258,39470
6,26,74791,2125,-0.001183332387207993,-0.0005809916374443611,1333.4949165005567,-1421.9975290722286,34209,39474
6,27,74737,2125,-0.0012106156360566418,-0.0007257924404838215,1357.4648441059246,-1447.942624897894,34262,39418
6,28,74652,2125,-0.0012495947257738361,-0.0006871725644131135,1379.0690964322025,-1472.3538419006707,34185,39456
6,29,74633,2123,-0.001276278206034089,-0.0006175170030417272,1399.469678857397,-1494.7221502083369,34179,39464
6,30,74531,2124,-0.0013031922099719085,-0.0006140099090065444,1419.2282886733492,-1516.3565072747672,34088,39504
6,31,74537,2124,-0.0013360561975765905,-0.0006131100444730162,1439.2141457845212,-1538.799766583288,34114,39493
6,32,74472,2124,-0.0013800679415074816,-0.0007120349776694895,1460.3121576038452,-1563.0885773437913,34007,39478
6,33,74337,2124,-0.0013547450617987864,-0.0007324705552091712,1481.1613414634317,-1581.869025122361,33974,39416
6,34,74424,2123,-0.0012403709651717888,-0.000551648832259702,1509.7363685211253,-1602.0497372330658,34008,39506
6,35,74320,2124,-0.0012021536084861682,-0.000672087335120744,1532.9892162285446,-1622.3332724112415,33931,39492
6,36,74316,2124,-0.001207736664284008,-0.0005826517824401415,1551.0425938172812,-1640.796751760212,33873,39521
6,37,74279,2123,-0.001076444821008182,-0.00042552404862697163,1572.9396555353924,-1652.896900395059,33882,39525
6,38,74225,2123,-0.001121167514590627,-0.0006141745325624067,1586.992753208711,-1670.2114119791975,33766,39573
6,39,74195,2123,-0.0011483904937540056,-0.0005623009219176103,1603.8911328324793,-1689.0959655165616,33796,39541
6,40,74191,2124,-0.0010509242346240324,-0.0006147340667542875,1628.2982425735843,-1706.2673624645786,33748,39547
6,41,74155,2124,-0.0010994592315327488,-0.00046170275037298497,1644.9179700880863,-1726.4483694023954,33624,39657
6,42,74093,2124,-0.001061949036186385,-0.0005637678110783459,1664.5244225403117,-1743.207412478468,33688,39607
6,43,74038,2124,-0.0010002858864885697,-0.0004647013278150661,1684.5534008466345,-1758.6125673104773,33608,39629
6,44,74026,2123,-0.001012439892580691,-0.0005172864552695399,1699.9773219032313,-1774.9241973914102,33550,39667
6,45,73982,2124,-0.0009569790694869864,-0.00041629556450076906,1716.3296162801767,-1787.1288417989629,33614,39597
6,46,73928,2124,-0.0009724358636773089,-0.0005483848673277686,1732.3248137219912,-1804.2150522519223,33591,39538
6,47,73845,2124,-0.0009640882484179451,-0.000445118343270703,1747.0077887974112,-1818.2008855018307,33568,39505
6,48,73786,2124,-0.0009871573036033556,-0.0003708071972292148,1763.7338715416854,-1836.572260345366,33464,39570
6,49,73811,2122,-0.00099477435816844,-0.0005125499658870694,1782.2141213281595,-1855.6394114789339,33480,39550
6,50,73742,2124,-0.000940834913534076,-0.00043571297682817075,1800.9114412381498,-1870.2904894319822,33431,39524
6,51,73713,2123,-0.0009256800445236877,-0.00030951188397564187,1820.9238484507846,-1889.1585015727576,33314,39681
6,52,73726,2124,-0.0008691364033447857,-0.00017385641797896335,1838.9342264945217,-1903.0121769675193,33267,39699
6,53,73647,2124,-0.0008248374686198279,-0.000035128049866498293,1853.4110535750842,-1914.1578586265325,33118,39711
6,54,73549,2124,-0.0007711599366857499,0.000011463794263075025,1868.4576690459696,-1925.175711229276,33101,39694
6,55,73556,2123,-0.000796229674862636,-0.00012623835489494636,1877.3721413514015,-1935.939611315598,33143,39641
6,56,73452,2124,-0.0007922379755935017,-0.00010546557679553761,1889.38243889574,-1947.573902679036,33086,39659
6,57,73438,2124,-0.0008191596722783994,-0.0000658168001800254,1900.8006484811688,-1960.9580964939466,33128,39566
6,58,73410,2124,-0.0009311943253496629,0.00014018243774876224,1908.8683907438142,-1977.227366167731,33137,39574
6,59,73354,2124,-0.0009578969083044292,-0.00016858397321428966,1920.276009891575,-1990.5415797033345,33154,39472
6,60,73381,2124,-0.0009795138777792963,-0.00034047565485874316,1931.738564193688,-2003.616272059006,33065,39597
6,61,73272,2124,-0.001007698099853838,-0.00005694848602544737,1943.8562220114588,-2017.692277183951,33064,39473
6,62,73274,2123,-0.0009396100840347414,-0.00034882503154757064,1959.6191133832158,-2028.4681026807705,32977,39547
6,63,73312,2122,-0.0009600853191565233,-0.00020865416910526238,1971.850661740943,-2042.2364366589463,32953,39626
6,64,73359,2124,-0.0008448781989579173,0.00001891879874458797,1987.512292180609,-2049.491711977966,33074,39573
6,65,73265,2124,-0.000920733367509587,-0.00012426855134000083,1993.075843362513,-2060.5333735331083,32898,39593
6,66,73273,2124,-0.0009442111052061088,-0.00010997660992546363,2003.4623180585393,-2072.647498370308,32914,39634
6,67,73177,2124,-0.0010551618043241175,-0.00018122899926268748,2011.4014005833922,-2088.614975938415,32785,39659
6,68,73228,2123,-0.0011958522410133315,-0.00044579526924582125,2018.9494880354482,-2106.5193559403665,32805,39711
6,69,73165,2123,-0.0013100858115812082,-0.00023127652642057026,2026.8581831490808,-2122.7106115534234,32840,39626
6,70,73113,2124,-0.0013350037632271373,-0.0002135919780975694,2037.6363058804034,-2135.2424360212303,32784,39622
6,71,73048,2124,-0.0013771453658379593,-0.00023028952806085557,2052.3189555013155,-2152.916670185052,32780,39569
6,72,73156,2122,-0.0013958251774992146,-0.0003996081333497648,2067.1915977980016,-2169.3045844831354,32863,39597
6,73,73018,2123,-0.001480142830389389,-0.0008278887415110315,2074.8177929612116,-2182.894862150585,32755,39604
6,74,73084,2122,-0.001430295684951129,-0.0006830147698304647,2092.3684881581153,-2196.900217997083,32791,39632
6,75,72946,2122,-0.0014298137005753244,-0.0006048052229659007,2104.0239371993503,-2208.323127401518,32676,39630
6,76,72930,2123,-0.0014881288504723033,-0.0008968132447657286,2113.987209991702,-2222.5164470566515,32650,39655
6,77,72852,2123,-0.0015470184140714523,-0.0007682624258155116,2118.9442434237685,-2231.6476289256975,32500,39689
6,78,72916,2122,-0.0015929901974592656,-0.0009187832500536552,2130.9293050000265,-2247.0837782379754,32483,39766
6,79,72931,2122,-0.0015595385713194773,-0.0008829417380454171,2144.711167245328,-2258.449874790241,32505,39779
6,80,73013,2122,-0.0016021402664394976,-0.0010058683991291354,2154.9143118811794,-2271.891379154726,32636,39724
6,81,72875,2123,-0.001620317557347804,-0.0011183034352475988,2163.9495175384113,-2282.0301595301416,32535,39749
6,82,72757,2122,-0.0016764586842924196,-0.001327763847596775,2172.4790619063606,-2294.453166399424,32462,39660
6,83,72831,2122,-0.0017605343906732344,-0.0012278423265316722,2179.7546043762536,-2307.9760845833803,32445,39750
6,84,72685,2122,-0.0017898801713768092,-0.0015414427565785933,2187.079104101655,-2317.1765443581708,32482,39580
6,85,72767,2122,-0.0017872334391588396,-0.0011775055275404145,2199.070102475366,-2329.121718142642,32534,39650
6,86,72548,2120,-0.0018354903926236493,-0.001492929782392337,2208.281783941347,-2341.4429409454046,32454,39513
6,87,72539,2121,-0.001981638592644186,-0.0014460189050274144,2215.3005661092793,-2359.046647981091,32365,39576
6,88,72573,2122,-0.001971323947113149,-0.0016369801932799024,2227.0656143705137,-2370.1305071843626,32393,39541
6,89,72507,2114,-0.0019568583204616213,-0.001515979593644756,2237.802989786324,-2379.6889160280457,32323,39593
6,90,72424,2114,-0.001945065409460524,-0.0015440355002907442,2248.5665596584563,-2389.435976873227,32300,39552
6,91,72415,2115,-0.002062640791807828,-0.0015397310472358258,2253.146005031184,-2402.5121379699513,32310,39537
6,92,72303,2111,-0.0020873025199732516,-0.0018078073786226621,2256.3860740896885,-2407.3043081913156,32231,39452
6,93,72361,2113,-0.0021686203932698156,-0.0018861406526655671,2262.5022106861265,-2419.4257509635227,32300,39464
6,94,72240,2113,-0.0022288275172769175,-0.0019612974692407017,2261.834155895398,-2422.8446557434913,32260,39381
6,95,72193,2114,-0.0022373844323035964,-0.0019044484371656884,2271.530524978665,-2433.05401929996,32210,39372
6,96,72164,2110,-0.0022282533816852398,-0.0018343363378923794,2279.023894617722,-2439.8235716536524,32163,39386
6,97,72117,2113,-0.0022607012432436175,-0.0019717943329652446,2287.1842073665607,-2450.21919892556,32220,39325
6,98,72046,2114,-0.002323412364847707,-0.0022172601274432083,2292.8605048395743,-2460.253072077394,32099,39346
6,99,72009,2113,-0.002378222615611192,-0.00224922957294841,2298.6656603732354,-2469.9190927007803,32069,39322
6,100,72075,2114,-0.0024292722040483825,-0.0021815220750366214,2303.791358530984,-2478.88115263777,32081,39410
6,101,72036,2115,-0.002479874907529454,-0.002250421316388152,2306.8015675873426,-2485.441836426142,31976,39487
6,102,72036,2115,-0.002552766759831467,-0.0022885515135710167,2310.91904034042,-2494.810146651641,31985,39442
6,103,72046,2115,-0.002731792539841255,-0.0026690513126480645,2309.4442116325417,-2506.258936957961,31911,39568
6,104,71959,2114,-0.002839302428645832,-0.002361082951933208,2313.8164793331707,-2518.129842796096,31834,39566
6,105,71904,2114,-0.002995451877501407,-0.0027697793054426755,2317.359782553627,-2532.7447543534918,31740,39610
6,106,71889,2114,-0.003024663582103622,-0.0027997733378750354,2325.2321045572558,-2542.6721448111066,31704,39622
6,107,71859,2113,-0.0031226770700833444,-0.0029191004413134727,2330.4572028457815,-2554.8496544248956,31661,39647
6,108,71910,2114,-0.00316753653338894,-0.0030310113318256855,2339.0358056358796,-2566.8133577518743,31679,39694
6,109,71871,2115,-0.003170702119492116,-0.003040213416298292,2351.871987502093,-2579.7535195321143,31631,39694
6,110,71740,2113,-0.003264152910060539,-0.0029969011427390915,2354.9153925891324,-2589.0857223568773,31539,39693
6,111,71657,2114,-0.003347885348781259,-0.003141649248350009,2359.093658507824,-2598.9930789454484,31552,39637
6,112,71677,2112,-0.0033381605997687175,-0.0032198234378944257,2369.766172358316,-2609.0355096679396,31429,39747
6,113,71714,2111,-0.003330853922261769,-0.003142237720180243,2380.258144203749,-2619.1270023848238,31390,39835
6,114,71701,2110,-0.0033902555342666574,-0.0034272342819005952,2389.4101446654035,-2632.494856727858,31392,39818
6,115,71629,2112,-0.0034285564347896038,-0.003261385228354089,2395.6614494741407,-2641.245518341682,31309,39849
6,116,71610,2110,-0.0034644997063011706,-0.003361258850626893,2403.901638021977,-2651.994461990201,31228,39907
6,117,71461,2111,-0.003556175920089566,-0.003464086031263565,2406.940554804641,-2661.068442230168,31150,39821
6,118,71481,2111,-0.0035424367286809363,-0.0034659104302940855,2418.3067537443817,-2671.523673547232,31201,39815
6,119,71555,2104,-0.003515870848447933,-0.003358570510840618,2429.049881867299,-2680.6280204279865,31139,39940
6,120,71509,2104,-0.0035363087088723637,-0.0033299780169051838,2439.0715123391324,-2691.9494118018797,31112,39911
6,121,71536,2104,-0.0034856424602701386,-0.003227339778307368,2451.2328620716526,-2700.5817811095344,31142,39921
6,122,71567,2105,-0.0035107565876529314,-0.0032805218298351145,2463.994622390363,-2715.2489390989113,31133,39943
6,123,71498,2104,-0.0033762816973438186,-0.0034307414024908113,2477.175396017564,-2718.572784814256,31107,39899
6,124,71490,2104,-0.0032835795654887353,-0.0034117214223422124,2490.378162205602,-2725.121265342391,31110,39853
6,125,71534,2104,-0.0032534716923092208,-0.003375951003154759,2504.0732703425533,-2736.807114380188,31104,39969
6,126,71513,2102,-0.0032464416688384725,-0.003070491007193739,2514.383602498657,-2746.546385562295,31053,39956
6,127,71579,2104,-0.003183097888984052,-0.0029347361116284446,2527.212365291579,-2755.055329087161,31150,39938
6,128,71544,2103,-0.003314331686130273,-0.0029908411671702544,2530.2031127245773,-2767.3236588770687,31080,39926
6,129,71543,2101,-0.003438015382006559,-0.0034119066782784544,2534.7891914023285,-2780.75512587722,31082,39953
6,130,71535,2102,-0.0033512147465713884,-0.0033339585897861138,2548.9566657454898,-2788.685812641488,31094,39925
6,131,71403,2103,-0.003434171941946561,-0.0034483774220218275,2557.140409125272,-2802.350588296082,30992,39890
6,132,71473,2102,-0.003411112864100983,-0.003286355242295975,2569.798799476578,-2813.6012692124673,31043,39918
6,133,71435,2102,-0.0034952301005467703,-0.003262540312581159,2577.625564646932,-2827.3073268794924,30985,39926
6,134,71525,2103,-0.003596741765350343,-0.003240057800328526,2582.352975628518,-2839.6099303951946,31056,39964
6,135,71501,2103,-0.0036622534746456967,-0.003491414293539932,2585.3307589096075,-2847.18554460024,31003,40021
6,136,71431,2102,-0.003689959685481558,-0.003425617425956146,2591.3511274577654,-2854.92863775139,30991,39980
6,137,71480,2102,-0.003868545289155308,-0.003930230865350299,2592.3392558005457,-2868.862873069369,30960,40037
6,138,71386,2103,-0.003984542621524244,-0.003945761521855622,2595.686210754472,-2880.126770334596,30826,40077
6,139,71378,2100,-0.0040222571820214955,-0.004035209360008249,2604.2664518624597,-2891.3671250007833,30834,40063
6,140,71260,2103,-0.00409419943440153,-0.003899068271358994,2605.086040034579,-2896.8386917300295,30771,40022
6,141,71280,2102,-0.004208124474200049,-0.004185740387855177,2609.5107461996417,-2909.4658587206145,30754,40041
6,142,71269,2101,-0.004285705657176644,-0.004201858840947865,2613.633521905743,-2919.071478387069,30691,40076
6,143,71273,2101,-0.004406745329497316,-0.0042373412740584135,2615.7830037628055,-2929.864963632066,30700,40054
6,144,71255,2100,-0.004561415993505069,-0.004371469270131072,2620.3188233793867,-2945.34251999659,30646,40097
6,145,71253,2101,-0.004677825326793035,-0.0047491289614204615,2624.123269621742,-2957.432357631719,30656,40073
6,146,71250,2101,-0.004852530942338259,-0.004876641568329627,2625.009235172712,-2970.7520648143122,30640,40149
6,147,71131,2101,-0.004870769010707105,-0.004915980980317947,2627.164886424387,-2973.6275569249997,30685,40012
6,148,71094,2100,-0.005104914509990172,-0.005045355021537496,2623.820502690198,-2986.7492948634267,30587,40023
6,149,71088,2102,-0.0052328287642685045,-0.005063664231711943,2626.2689253842505,-2998.2602565785664,30574,40025
6,150,71159,2102,-0.005491614218193965,-0.005386886963368914,2625.2164524876825,-3015.9942286401406,30485,40173
6,151,71137,2102,-0.005464524181538002,-0.004763433482476837,2633.308289257851,-3022.03814595992,30528,40155
6,152,71101,2101,-0.005611882369136686,-0.004899042033061457,2636.3382164644368,-3035.3486647924165,30408,40238
6,153,71072,2101,-0.005722929500164535,-0.005482913147529184,2638.1420600168904,-3044.882105452579,30339,40263
6,154,71036,2102,-0.0058313490485476255,-0.005358365340885182,2647.1403016307995,-3061.3760126434213,30279,40262
6,155,70982,2101,-0.006095438969701944,-0.0056945312950950795,2644.7712639956326,-3077.437712943004,30233,40264
6,156,70959,2102,-0.006285215951761289,-0.0060105618592192125,2643.7597201062385,-3089.752358827274,30207,40271
6,157,71026,2102,-0.006472505592897253,-0.005426323959650516,2644.540584839874,-3104.2567670809876,30258,40304
6,158,71016,2102,-0.0066776689796334875,-0.005512177905972034,2644.1819227920632,-3118.403263049719,30203,40366
6,159,70934,2101,-0.006741550761129527,-0.006041855066121477,2644.256234387633,-3122.4613960775832,30209,40251
6,160,70965,2099,-0.006819044582444746,-0.006407437863607576,2648.825404297375,-3132.738903090561,30214,40302
6,161,70948,2100,-0.006851078101632643,-0.006526095762818573,2654.750128594316,-3140.8204177489433,30178,40296
6,162,70900,2100,-0.006860293229641102,-0.006536268382393136,2662.406907079577,-3148.801697061131,30218,40237
6,163,70870,2099,-0.006899174806811206,-0.006156519176343712,2665.165450477564,-3154.1099690362694,30150,40248
6,164,70843,2100,-0.006990803235742721,-0.006479981233721556,2668.5841134938514,-3163.8335871235668,30166,40174
6,165,70821,2099,-0.007036847327150383,-0.0066750693072415695,2673.1284090471563,-3171.4849736032734,30195,40167
6,166,70727,2099,-0.007071612507013143,-0.006747643723754297,2677.2707691603227,-3177.4247069438306,30180,40064
6,167,70762,2098,-0.007125198127333055,-0.006829149403609527,2681.6834310243344,-3185.8767009106787,30139,40118
6,168,70762,2098,-0.007208397636592268,-0.006856536117293996,2683.3873606752895,-3193.4679942358366,30182,40132
6,169,70690,2097,-0.007319166509445836,-0.007033511143907423,2683.4330220824872,-3200.8249026352123,30175,40072
6,170,70748,2097,-0.00734218572078326,-0.006795418731229648,2690.0874468528564,-3209.5324022268283,30201,40100
6,171,70737,2097,-0.00742244837044998,-0.006595194796886033,2694.0775767264813,-3219.1193071069815,30135,40148
6,172,70759,2097,-0.00733712757718163,-0.006676934705018735,2706.9853555498767,-3226.1531657836667,30236,40057
6,173,70686,2097,-0.007411537945905816,-0.00661337411190456,2710.1514936457706,-3234.043464890075,30192,40063
6,174,70684,2097,-0.00736757600295972,-0.006494628984508218,2723.2068030706573,-3243.97654526387,30200,40025
6,175,70656,2097,-0.007425079624199199,-0.006762040888962389,2725.714772527613,-3250.341198455028,30213,39988
6,176,70596,2097,-0.007505205986238817,-0.006763461700113202,2730.792034128627,-3260.629555933143,30135,40018
6,177,70680,2097,-0.007498699162838899,-0.00699045817057242,2741.678686112603,-3271.68674294206,30118,40130
6,178,70670,2097,-0.007499868861821065,-0.007210034613631875,2752.164276668957,-3282.1800091338478,30086,40148
6,179,70690,2097,-0.0074439135370201505,-0.007117718365829718,2760.7500095939313,-3286.960257525872,30203,40053
6,180,70698,2097,-0.00749711156106678,-0.007144171175717261,2765.3056460714038,-3295.3364392157,30232,40021
6,181,70631,2097,-0.007641753989157578,-0.007201739433235011,2765.6056342824663,-3305.3503602906567,30114,40089
6,182,70622,2097,-0.007702839230609039,-0.007138553200195791,2767.3032303959917,-3311.2931425400793,30119,40081
6,183,70666,2097,-0.0077270884640143565,-0.007237599519756862,2772.935736617841,-3318.9781700158755,30144,40098
6,184,70605,2096,-0.00769106031337128,-0.006964412371479153,2782.346262015925,-3325.3735754414997,30122,40040
6,185,70511,2095,-0.00778080006148245,-0.0072352647799423355,2782.9118107106992,-3331.5438038458815,30114,39978
6,186,70536,2096,-0.007750852329856354,-0.007034679274322365,2795.3163165017518,-3342.030436440502,30048,40023
6,187,70524,2095,-0.007871101839364056,-0.007092589022734334,2794.8780542442933,-3349.9796403636024,30004,40091
6,188,70482,2095,-0.007989547488956267,-0.00726297018829526,2796.59904154591,-3359.7183276625224,29923,40115
6,189,70496,2095,-0.007951067952533739,-0.007253433024718932,2803.4619365734957,-3363.980422955312,30004,40080
6,190,70520,2095,-0.008004152098005292,-0.007239019958190569,2810.251435635511,-3374.7042415868514,29988,40118
6,191,70440,2095,-0.007989805473764289,-0.007414984559556741,2814.9319244257704,-3377.733821997721,29988,40045
6,192,70506,2095,-0.008147015410582494,-0.007238482515681237,2816.4843888470373,-3390.8978573855725,29991,40139
6,193,70473,2095,-0.008182568796941101,-0.007260489297078999,2820.0811218040844,-3396.731292630902,29968,40080
6,194,70442,2095,-0.008205828829847328,-0.007272888714168239,2825.9447035945077,-3403.979698026621,29993,40042
6,195,70501,2095,-0.00826031815634717,-0.007122612774865819,2829.9699925649793,-3412.3306829056105,30027,40079
6,196,70467,2095,-0.008299117084967793,-0.007316450584656442,2831.1104324525595,-3415.924316078999,30044,40011
6,197,70432,2094,-0.00830071540374124,-0.007523276029426382,2836.323512698204,-3420.9595000144973,30010,39981
6,198,70443,2094,-0.008359769679431753,-0.007435022344229406,2842.0520525100646,-3430.9393080382806,30019,39984
6,199,70359,2094,-0.00834886585506445,-0.007469547893793993,2849.419416519927,-3436.8372692163985,29925,40032
6,200,70333,2093,-0.00838093955484475,-0.007288217388960071,2858.344188167093,-3447.8008098779756,29931,40012
6,201,70327,2094,-0.008395048130538488,-0.007430023498403809,2862.0808439986567,-3452.479393875025,29912,40011
6,202,70299,2094,-0.008329590963833245,-0.0073834937228199685,2868.4387200957513,-3454.000635262274,29930,39959
6,203,70303,2094,-0.008459258077850272,-0.007205001261190901,2866.9008343200226,-3461.612054967127,29904,39979
6,204,70203,2093,-0.008534907167084561,-0.007150295972128692,2868.2901954607505,-3467.466283311586,29832,39947
6,205,70218,2094,-0.008600537875283941,-0.0072950131956142535,2869.7178090674483,-3473.63037759413,29862,39933
6,206,70181,2094,-0.00861894695261066,-0.00709791074542722,2876.1609149213864,-3481.0472310025616,29818,39958
6,207,70076,2094,-0.008635567589294806,-0.007249220213086855,2876.807758309068,-3481.9537926964813,29740,39904
6,208,70019,2093,-0.008763123870009513,-0.007190584297402479,2873.768380047689,-3487.3535503018793,29733,39893
6,209,70009,2094,-0.008808232851467805,-0.007105949400312865,2877.332114961621,-3493.987688660037,29741,39843
6,210,70000,2093,-0.008864046347808456,-0.006778403098929866,2881.4115789390735,-3501.894823285678,29654,39924
6,211,69946,2093,-0.008927098682013874,-0.007159197576596828,2886.4184934212603,-3510.8333378333964,29624,39883
6,212,69955,2092,-0.008998426523186361,-0.006907033587447639,2892.7724042648447,-3522.257331694346,29665,39885
6,213,69919,2093,-0.009152149101357423,-0.006964208713141726,2891.232491055437,-3531.1416040732515,29592,39920
6,214,69792,2092,-0.00914119163933076,-0.007022031637586034,2892.963886599597,-3530.9459334917665,29552,39833
6,215,69775,2091,-0.009252702395071997,-0.007186695903540817,2895.936261091717,-3541.5435707078614,29583,39800
6,216,69727,2091,-0.00933226923524092,-0.007251975824611738,2896.215461363013,-3546.9265983286564,29470,39869
6,217,69732,2091,-0.009352072485497997,-0.007260694796359361,2903.134661963704,-3555.2733805224443,29440,39887
6,218,69723,2091,-0.00943139680448196,-0.007449827957245604,2904.0531682527553,-3561.6384476516437,29451,39884
6,219,69678,2091,-0.009499897314209057,-0.007659910015899858,2905.957545517749,-3567.891390577205,29389,39872
6,220,69607,2090,-0.009475213984718466,-0.007410293073915888,2910.9176062437155,-3570.4588260780242,29339,39871
6,221,69549,2090,-0.00957080264611658,-0.0075386428043005636,2910.4204873232006,-3576.06024055796,29242,39920
6,222,69520,2088,-0.009608336503372922,-0.0075150800271524916,2913.3788080899835,-3581.350361804473,29273,39861
6,223,69542,2086,-0.009630985998259024,-0.007542077074116304,2917.8313439704584,-3587.589372261381,29205,39968
6,224,69466,2085,-0.009788300056582648,-0.007602016957361124,2913.4235626326163,-3593.3776143631985,29166,39920
6,225,69461,2084,-0.009830979211239672,-0.007648643400296449,2913.897334492803,-3596.766981484718,29151,39928
6,226,69377,2084,-0.009878594979054292,-0.007579148748439483,2912.7434433838484,-3598.090727245688,29101,39894
6,227,69389,2082,-0.009862559421272912,-0.007847913800028142,2917.09253148518,-3601.445667167879,29159,39867
6,228,69293,2083,-0.009883218537363445,-0.007876257354442867,2918.4276625805483,-3603.265524690074,29141,39780
6,229,69290,2081,-0.009743942329980002,-0.007914464882391255,2929.072506814693,-3604.2302708590073,29170,39742
6,230,69199,2081,-0.009677016209927234,-0.007582844708680659,2935.5536974922643,-3605.193542203017,29131,39656
6,231,69125,2081,-0.009492734928145062,-0.007064993798292071,2946.940751516923,-3603.1260534249445,29117,39607
6,232,69038,2080,-0.009398352411919124,-0.007312689635376853,2953.26937219912,-3602.11282601319,29114,39539
6,233,68968,2080,-0.00930846961512908,-0.00682930252764027,2959.2179408132106,-3601.2044732294316,29113,39459
6,234,68863,2080,-0.009226062639049336,-0.006929094770524794,2963.979414628369,-3599.313766141225,29121,39371
6,235,68729,2080,-0.009173997452180772,-0.007008029698246347,2966.50187348837,-3597.021544379293,29066,39294
6,236,68585,2079,-0.009079672083933212,-0.0070276330368919645,2971.3364818400137,-3594.065791716581,29026,39176
6,237,68498,2078,-0.008886374101756089,-0.006927398945092385,2981.1308905967962,-3589.8297438188833,28991,39142
6,238,68348,2078,-0.008723609687189268,-0.006890512029581379,2990.7955434967766,-3587.036818396793,28945,39030
6,239,68145,2078,-0.00857800807569406,-0.007002316513191836,2999.3516345520156,-3583.8999948701753,28863,38920
6,240,68008,2078,-0.008483185980772452,-0.007039294631736028,3002.9186204029234,-3579.843132583298,28841,38797
6,241,67807,2077,-0.008350863862683718,-0.007161150506426658,3007.3199697336518,-3573.566995670639,28764,38646
6,242,67601,2078,-0.008330127375521457,-0.007071342496994474,3004.100968402521,-3567.2259091151423,28629,38570
6,243,67356,2075,-0.008311301488814388,-0.007179613995061918,2998.9065773261295,-3558.7226004067134,28514,38439
6,244,67062,2072,-0.008281179573778136,-0.006806810687092276,2992.9081302201125,-3548.2605947968314,28367,38330
6,245,66722,2068,-0.008268819782327783,-0.0064757784221602735,2984.8711318408773,-3536.583325357356,28283,38069
6,246,66404,2065,-0.008364567993257898,-0.006782706094242886,2969.4568078520974,-3524.8975808763953,28127,37895
6,247,66026,2063,-0.008442919782163737,-0.006564369232678289,2951.265497750568,-3508.7177192877252,28018,37630
6,248,65665,2061,-0.008572961340769488,-0.0062738252850572445,2932.0927539615996,-3495.0362604032357,27836,37457
6,249,65256,2054,-0.008674498859059725,-0.006822008003828675,2913.244202885246,-3479.3073004320586,27644,37263
6,250,64811,2050,-0.008707067101345738,-0.006696448600110252,2894.809291273491,-3459.1230171788015,27455,37024
6,251,64248,2048,-0.008754317238434527,-0.006350937831203352,2867.6490468092447,-3430.0964207441953,27196,36661
6,252,63659,2043,-0.008897314757430953,-0.006469937460661359,2834.58475593989,-3400.978916083207,26886,36402
6,253,62971,2041,-0.009081403588150523,-0.00674705261266321,2796.9929719485203,-3368.858037297949,26610,36023
6,254,62190,2036,-0.009277558637857607,-0.006903233039802523,2756.729242600363,-3333.700614288715,26282,35564
6,255,60185,2032,-0.009343551734566354,-0.007048170616218602,2662.425121101245,-3224.7667822461344,25429,34422
6,256,58185,2027,-0.009351652146585758,-0.008993977428629039,2571.7769952733133,-3115.9028754224055,24611,33243
6,257,56141,2020,-0.009248320245406954,-0.008613233038303926,2484.9207701856953,-3004.1307170830905,23711,32091
6,258,54183,2015,-0.009223414554685913,-0.00823797797534335,2396.7368770077105,-2896.489147824261,22919,30939
6,259,52220,2011,-0.00918789672061531,-0.00921772458060137,2309.1264763755075,-2788.9184431260446,22049,29879
6,260,50292,2006,-0.009114166722565742,-0.009334790936975562,2225.4494380469328,-2683.819110858205,21200,28801
6,261,48371,1994,-0.009006871588947007,-0.008057258420777775,2143.4344907944637,-2579.1058764234226,20459,27617
6,262,46544,1983,-0.00884857986021065,-0.00786206860818637,2070.294261256961,-2482.1425622706006,19656,26618
6,263,44696,1972,-0.008733249968889316,-0.008147979168239913,1993.4445724424095,-2383.7859130518877,18869,25564
6,264,42874,1964,-0.008639145048940018,-0.009024460795893524,1915.9253313688412,-2286.320036197103,18107,24507
6,265,41103,1937,-0.00861920152564354,-0.00854798066765018,1835.2485861037121,-2189.5236264122445,17370,23482
6,266,39444,1918,-0.008590420076018415,-0.00944070588292119,1763.4145191286175,-2102.2550486070922,16684,22522
6,267,37822,1897,-0.00832871102784432,-0.009852566096657843,1697.5076122140708,-2012.516120709197,16006,21573
6,268,36267,1859,-0.008075623708692236,-0.009858768216088486,1635.237228570332,-1928.1158736134691,15377,20638
6,269,34801,1016,-0.0076919910609343925,-0.0043364372268045225,1574.6917834075284,-1842.3807643191026,14831,19736
6,270,34634,1015,-0.0074453244490878916,-0.005937362867972825,1574.2792407906798,-1832.140607760391,14770,19635
6,271,34495,1014,-0.007305199736578641,-0.005979081275850864,1571.4745808595499,-1823.467445772831,14671,19582
6,272,34326,1013,-0.007113093998372333,-0.005825329753042707,1569.238267708262,-1813.4023322963926,14603,19489
6,273,34134,1014,-0.00687669751622068,-0.006160201852522436,1566.0611072206775,-1800.7903002393548,14569,19337
6,274,33934,1014,-0.00664858101043757,-0.006079944086127715,1562.479680123301,-1788.0926281314873,14479,19230
6,275,33729,1013,-0.006456452230834828,-0.005985983483753962,1557.333639628618,-1775.1033169224427,14412,19085
6,276,33490,1013,-0.0062454949316901424,-0.004909838716022438,1551.1713475619224,-1760.3329728242293,14346,18921
6,277,33190,1012,-0.005948365288860585,-0.005130636620909537,1542.77345505437,-1740.19969899165,14258,18726
6,278,32874,1009,-0.005658357739468784,-0.004673119483123653,1533.086038623268,-1719.0988909505625,14147,18533
6,279,32564,1004,-0.00540023451241256,-0.004543721909061977,1523.2073290791288,-1699.060565741332,14041,18308
6,280,32248,1003,-0.005096777490873026,-0.00462942007174003,1515.8571586272276,-1680.2180391528982,13903,18129
6,281,31722,1003,-0.004683549963673009,-0.004487870252556026,1496.3820662155467,-1644.9536381631824,13715,17811
6,282,31182,998,-0.004260479068215611,-0.004137862183411102,1477.4531701356316,-1610.3034284407277,13489,17503
6,283,30655,997,-0.003918260503685387,-0.003843681286885661,1457.8924217459503,-1578.0066974864249,13295,17159
6,284,30071,993,-0.0036740260165254272,-0.004223262090587379,1435.8210295563729,-1546.3026658993108,13038,16818
6,285,27863,992,-0.003531159886796566,-0.004228625992073014,1335.4407930033547,-1433.8295009291712,12086,15599
6,286,25658,987,-0.0034477883630787435,-0.0039686096991331235,1233.7051881058235,-1322.1685419256953,11083,14411
6,287,23477,978,-0.003443015018268054,-0.004709779812565044,1130.8113896886503,-1211.6430532725294,10150,13181
6,288,21333,974,-0.0033563143405208563,-0.005072535357114881,1031.1619517916738,-1102.7622056180062,9240,11969
6,289,19201,973,-0.003171013519222385,-0.0049191430287273945,930.935946934642,-991.8225775172295,8313,10785
6,290,17070,968,-0.003032510431528813,-0.005599531228013929,829.5210706064869,-881.2860236726845,7396,9586
6,291,14976,957,-0.0027863734210601785,-0.005084509538365196,729.3030474857592,-771.0317758395563,6493,8403
6,292,12955,953,-0.0027825555072860672,-0.005749732477342514,631.302131730499,-667.35013832739,5614,7272
6,293,10951,947,-0.0026469053065358034,-0.006077848902095576,534.5336333334728,-563.5198933453461,4751,6152
6,294,8956,945,-0.002337494959788094,-0.006161313063034067,438.2655816944693,-459.2001865543309,3891,5015
6,295,6983,913,-0.0018866135938985016,-0.003257527361630475,341.6077867502981,-354.78200947649134,3042,3901
6,296,5191,905,-0.0022616823998807202,-0.003965543602657112,254.66212676303425,-266.4025201008153,2250,2913
6,297,3425,898,-0.002889231202211706,-0.0050741795883957165,168.64373831661348,-178.53935518418857,1486,1927
6,298,1688,879,-0.003130878107479192,-0.00670940852706259,83.8757885862718,-89.16071083169646,728,951
7,0,84935,2125,0.0,0.0,0.0,0.0,0,0
7,1,76481,2124,4.134993601643018e-6,0.000042867529313473004,300.528110516984,-300.21186207133707,34926,35818
7,2,76010,2124,-0.00005010554133887497,0.000011609778763379303,405.9825858070736,-409.7911080042418,35061,36732
7,3,75602,2124,-0.00013422269055577752,-0.00009571505255160063,482.66754318481446,-492.81504703621357,35025,37195
7,4,75347,2124,-0.00019074409024715774,-0.00013757650774330428,546.9079621871182,-561.2799571549723,34943,37388
7,5,75166,2124,-0.00026317968889424427,-0.00019842323140932907,603.9077300169375,-623.6898945123622,34994,37460
7,6,75064,2124,-0.000312858927678229,-0.00021927208962505665,657.7464829789069,-681.2309255261457,35056,37666
7,7,75017,2124,-0.0003320891508526849,-0.00012327295454002881,707.5507398781514,-732.4630717076712,35086,37750
7,8,74907,2123,-0.00030733564817213955,-0.00006636322456885247,752.9606041946282,-775.982195592261,35077,37743
7,9,74755,2124,-0.0003442184833025523,-0.00008768832817903326,790.7905817833889,-816.5226345026733,34827,37994
7,10,74661,2124,-0.00037050547155105166,-0.00016040811381589382,829.9599802039241,-857.6222892153937,34782,38030
7,11,74600,2124,-0.0004001537224055485,-0.00019413776714816865,868.0530368233701,-897.9045045148234,34792,38106
7,12,74600,2123,-0.00042691504020298253,-0.00012590921745239545,902.8614915441732,-934.7093535433163,34657,38232
7,13,74456,2123,-0.00044439879420444476,-0.00010942338210196748,937.8614150174243,-970.9495716387115,34571,38286
7,14,74395,2124,-0.00047044441577576607,-0.0000646198210088861,970.8521384631906,-1005.8508507748285,34600,38257
7,15,74413,2124,-0.0005106044208592048,-0.00011032047063070338,1002.7155501003597,-1040.7111568697526,34509,38446
7,16,74303,2124,-0.0005441911288010695,-0.00010495369147488646,1032.967510152287,-1073.40254359559,34392,38492
7,17,74325,2124,-0.0005675453593774894,-0.000058509407891761,1065.1259675284189,-1107.3087763641515,34345,38622
7,18,74270,2123,-0.0005804973128790343,-0.0000731617377025384,1096.4992649520714,-1139.6128003795986,34311,38674
7,19,74193,2124,-0.000530027587301093,-0.00011567601061889458,1127.5664055575758,-1166.890742342209,34205,38648
7,20,74121,2123,-0.00046399077691282743,-0.0000806967426851286,1160.8209714493742,-1195.212431824929,34184,38678
7,21,74065,2122,-0.00042020329409407815,-0.00012561793473572671,1191.3979368251694,-1222.5202938022464,34061,38787
7,22,74096,2122,-0.0003393184301267785,6.475039786422968e-6,1220.616156661847,-1245.758295060517,34043,38884
7,23,74085,2121,-0.00035649518064747665,-0.00004692652723072598,1243.091118311508,-1269.5020637697785,34013,38891
7,24,74081,2121,-0.0003616051334529095,-0.00007415590870979115,1263.8971782196181,-1290.6852481109377,34091,38873
7,25,73961,2121,-0.00040490937460593146,-0.000011500706470483662,1283.0427702321988,-1312.990272487426,34027,38816
7,26,73896,2121,-0.00039052740620030955,-0.000039809504985780396,1303.4627355832297,-1332.321148791808,33954,38836
7,27,73836,2121,-0.00039150948319131043,0.0001231725986012011,1325.5631437424545,-1354.4706379433696,33916,38837
7,28,73820,2120,-0.00043604849293321364,0.00014098887403510686,1344.4101078183753,-1376.5992075667032,33821,38953
7,29,73837,2121,-0.0004224003845905116,0.00013881836479136115,1365.1461375385582,-1396.3349147355707,33921,38855
7,30,73785,2120,-0.0004857256890698532,0.00015570579467854922,1380.5275252318215,-1416.3667951998373,33818,38912
7,31,73668,2120,-0.0004378887919928423,0.00031317068260207625,1401.855907701674,-1434.1142992302098,33719,38935
7,32,73681,2121,-0.00042685667179293127,0.00037754160928428715,1422.159672462237,-1453.6108988966105,33764,38928
7,33,73650,2120,-0.0004203288324847583,0.0003701694244362458,1441.125282533736,-1472.08250104624,33815,38845
7,34,73528,2121,-0.00040318878986686973,0.00043569536234012887,1462.198382171228,-1491.844047512554,33744,38798
7,35,73499,2120,-0.00036735892634479024,0.0003294864603434102,1482.9745796949414,-1509.9750934223657,33762,38754
7,36,73459,2121,-0.00035619068582414714,0.0004959856092021343,1503.8097085085317,-1529.9751200984908,33857,38645
7,37,73406,2120,-0.0003862855259399391,0.00047817487446483365,1519.7644155845633,-1548.1200909017066,33864,38597
7,38,73452,2119,-0.00038773496178606207,0.0005650708375338653,1537.7832985082844,-1566.2632069213937,33930,38592
7,39,73344,2120,-0.00042613513485388155,0.0005285271655445228,1550.6444581597086,-1581.8989134904327,33894,38559
7,40,73299,2119,-0.0005036558087290429,0.0004684694301213305,1563.868116929386,-1600.7855840534198,33977,38406
7,41,73149,2120,-0.0005829863666926661,0.00041764016479759174,1573.9847477859275,-1616.6296175231241,33940,38339
7,42,73164,2120,-0.0006231095515934597,0.000431548476763316,1587.8424330526177,-1633.4316202853981,34019,38276
7,43,73096,2117,-0.0007426948153807191,0.0002320921004064471,1596.6603344683726,-1650.9483546934375,34029,38274
7,44,73209,2118,-0.0008032020277870792,-0.00015407528910849975,1610.3345552679712,-1669.1361725202335,34090,38302
7,45,73230,2119,-0.0007436944532419514,-0.00015638294033015613,1628.8358534322483,-1683.2965982431574,34046,38353
7,46,73085,2119,-0.000748970051969822,-0.00012988355968295343,1641.7248396728694,-1696.463315921083,33921,38320
7,47,73086,2118,-0.0007218633094153248,-0.00009331994761101299,1658.0824352412294,-1710.8405370731587,33897,38352
7,48,73012,2119,-0.0007587757671050364,0.000033265239245817324,1671.8307456862349,-1727.2304819941055,33736,38433
7,49,73038,2118,-0.0007687582615574101,6.227688552362944e-6,1683.8298356813843,-1739.9784015890143,33783,38425
7,50,73065,2118,-0.0008473154513558191,0.000023258805660878347,1695.557155058128,-1757.4662585114374,33783,38456
7,51,73017,2119,-0.0009191536087230093,0.00003932738815232209,1704.554440479842,-1771.6682795279694,33734,38463
7,52,72983,2119,-0.0008644997793401252,0.00002188508200366275,1721.381583682451,-1784.4753710780328,33658,38466
7,53,72909,2118,-0.0008748021313820782,0.00006499179908785467,1734.481862637943,-1798.2628112348755,33622,38445
7,54,72880,2116,-0.0009134879722100151,-0.00003576901944003009,1751.189732097585,-1817.764735512255,33492,38547
7,55,72866,2116,-0.0009543223979441404,-0.00008299494265949869,1763.8362002341837,-1833.3738560827826,33386,38656
7,56,72873,2115,-0.0009108309154197888,8.998900694048696e-6,1780.54835428846,-1846.9233355878466,33402,38644
7,57,72837,2114,-0.0009531093755642701,-0.00012196602025263165,1792.621222084602,-1862.042849672579,33349,38672
7,58,72818,2115,-0.000997849470166363,-0.00033103298982289437,1802.2385365502573,-1874.89993926883,33215,38781
7,59,72793,2113,-0.0010089940340117615,-0.00042801151009792235,1813.5511270372492,-1886.9988297550628,33290,38731
7,60,72712,2113,-0.001087083214487861,-0.00042472214685121445,1819.8536547299864,-1898.897649421826,33247,38718
7,61,72684,2114,-0.0011014804999714234,-0.0004804141543087459,1830.3320117195904,-1910.3920203795117,33289,38618
7,62,72647,2115,-0.0010966829519014252,-0.00046037758799990223,1843.0189616074122,-1922.6896880142035,33265,38634
7,63,72610,2115,-0.0011280931667350534,-0.0006891066454858401,1855.390760381285,-1937.3016052179169,33269,38555
7,64,72612,2115,-0.001216552737619041,-0.0008721027206316323,1866.963103637795,-1955.2994310217894,33200,38614
7,65,72551,2114,-0.0012253167731273793,-0.0009967947211221248,1877.4223531661157,-1966.320310373285,33219,38563
7,66,72466,2114,-0.0012650543688949906,-0.0010555120786323706,1887.9724832755314,-1979.6459131718846,33203,38538
7,67,72473,2114,-0.0012818377006230158,-0.001140068510294024,1899.6273567173712,-1992.52598039462,33187,38519
7,68,72373,2114,-0.0012517474685026194,-0.0009508425421787748,1910.9145562965202,-2001.5072758344584,33113,38578
7,69,72363,2114,-0.001265437462093367,-0.0010524677590527287,1921.3405926425385,-2012.9114437120018,33121,38545
7,70,72290,2114,-0.001278007454635778,-0.001101589689598135,1928.5234706149843,-2020.910629510604,33027,38547
7,71,72203,2114,-0.0013607404475090698,-0.0011721113320733892,1933.0291144838468,-2031.2786570153505,32925,38553
7,72,72133,2114,-0.0014624598723503494,-0.001282375620630798,1938.6236369461285,-2044.1152549183748,32896,38551
7,73,72156,2113,-0.0014958546637965596,-0.001302902676545998,1949.8204228498903,-2057.755311970798,32854,38620
7,74,72077,2108,-0.001536887588371986,-0.0012481649849881852,1962.1925236477312,-2072.966770354817,32837,38548
7,75,72024,2108,-0.0015686147237861212,-0.0013603375343634863,1970.0462095324594,-2083.024116398423,32768,38584
7,76,72016,2107,-0.0015953557744040696,-0.0013524958579343514,1978.63231833108,-2093.523459780571,32765,38560
7,77,71933,2108,-0.00168494003523438,-0.0013820222642005663,1983.3364039363134,-2104.539195490829,32702,38578
7,78,71953,2107,-0.0016963911772161337,-0.0012918632613953369,1993.9569642067204,-2116.0173985809547,32637,38631
7,79,71919,2108,-0.0017022809755021838,-0.0012994970224958506,2002.4211183360412,-2124.8474638131856,32623,38608
7,80,71926,2109,-0.0017578196875382961,-0.0012219525084066465,2009.7156847207023,-2136.1486235665866,32599,38660
7,81,71789,2109,-0.0018049911197062162,-0.0015198998768205007,2015.683955759305,-2145.262463251884,32469,38629
7,82,71767,2108,-0.002002353252652091,-0.0018164371801073188,2014.8708069840382,-2158.5736928671186,32515,38613
7,83,71736,2107,-0.002096164481375733,-0.0017995027205458189,2017.6791705092849,-2168.049625745253,32464,38605
7,84,71717,2106,-0.0021519551034349747,-0.001955167954361718,2024.192749134767,-2178.5245132878135,32448,38597
7,85,71693,2106,-0.0022360977786525372,-0.0018800494333582752,2028.8914013926637,-2189.20395943759,32377,38641
7,86,71681,2107,-0.002268331055089471,-0.0020396071917450796,2036.247736897219,-2198.843975257089,32420,38599
7,87,71704,2107,-0.002400268547127368,-0.00229508776480814,2036.0993025653443,-2208.208158468562,32351,38708
7,88,71645,2107,-0.0024442282282343473,-0.002493680745707738,2040.6329900235814,-2215.749721435431,32338,38680
7,89,71528,2107,-0.002565343159904507,-0.002605076596607812,2042.5617115689524,-2226.0555771106065,32213,38671
7,90,71529,2106,-0.002687843970931597,-0.0024773457797030115,2047.3566978766796,-2239.6154892734444,32243,38630
7,91,71525,2106,-0.002755035175910607,-0.002739320381643416,2054.2214415495523,-2251.275332506548,32232,38644
7,92,71561,2106,-0.0028492916702909194,-0.002842361804637157,2061.400152526865,-2265.298313744549,32208,38754
7,93,71492,2105,-0.0029189845599130373,-0.0029059083898267456,2068.1281954844862,-2276.8122396418,32194,38696
7,94,71406,2105,-0.002993292778941728,-0.002877127383350985,2077.3695729695582,-2291.108637142665,32019,38718
7,95,71444,2105,-0.003046866450967529,-0.0029527248104768227,2087.910410991524,-2305.590737714448,32062,38773
7,96,71379,2105,-0.003054000023667887,-0.0030622874060274624,2100.3449490640146,-2318.3364167534023,32004,38753
7,97,71365,2105,-0.0030307523671861116,-0.003106551267796737,2111.5306314661325,-2327.8202741503596,32047,38735
7,98,71326,2105,-0.003068786530952832,-0.0030845382090691894,2123.0115473002656,-2341.895815407005,32046,38651
7,99,71294,2105,-0.00316084846679741,-0.0031772113727694794,2132.468536253187,-2357.8180668450364,31997,38699
7,100,71315,2105,-0.003238526239814398,-0.003202379131060668,2141.7069284430045,-2372.6624272353674,31929,38796
7,101,71260,2105,-0.0031921201621272714,-0.0032139062978155477,2154.7507876828404,-2382.221270436028,31900,38756
7,102,71287,2105,-0.0032063622419561755,-0.003180088643640275,2165.0084646261375,-2393.5804097684677,31887,38772
7,103,71229,2105,-0.0032231364656946774,-0.0031608528824816394,2172.678688061023,-2402.259475375987,31926,38736
7,104,71198,2098,-0.0032981213486522527,-0.003270546524872309,2179.415767706025,-2414.235411487368,31873,38739
7,105,71192,2099,-0.0031791138519626887,-0.0031078345426850647,2192.5504258257574,-2418.877899174683,31850,38791
7,106,71166,2098,-0.0032279676825744015,-0.0030384603676074083,2201.107410131012,-2430.8289582291072,31823,38738
7,107,71173,2098,-0.0032056076038444667,-0.003111206789536014,2215.078814480675,-2443.231524469101,31790,38852
7,108,71167,2099,-0.0032618180234727416,-0.003089901346899818,2225.791744580298,-2457.9255478567848,31678,38897
7,109,71188,2099,-0.003248558974409002,-0.003016041673761065,2238.5915462776497,-2469.849962547873,31633,38955
7,110,71193,2099,-0.003191435698910985,-0.003046157217757662,2252.4525227170675,-2479.6604044296405,31591,39013
7,111,71196,2099,-0.0031243818683308095,-0.002982676737753865,2267.727146733566,-2490.1706382312505,31510,39093
7,112,71169,2098,-0.003150826093304097,-0.0028578849875663644,2280.6266390214273,-2504.8677812557985,31481,39138
7,113,71213,2099,-0.0030532207970889102,-0.0028868367292064537,2296.262837698372,-2513.691850321462,31426,39218
7,114,71228,2098,-0.0031331043933177094,-0.003112678125223439,2305.3010006726913,-2528.4657603999235,31431,39264
7,115,71200,2098,-0.0031102052736036202,-0.0032650849832783807,2314.761672195472,-2536.2082876760496,31480,39169
7,116,71224,2099,-0.0030792107581993854,-0.0031857589331239764,2329.3594920834976,-2548.6731991254865,31493,39185
7,117,71172,2098,-0.003072773402136458,-0.0028992876695483932,2338.030964943423,-2556.726393520279,31424,39166
7,118,71146,2098,-0.0031407727627990796,-0.003052199545331635,2343.272256867592,-2566.725675849701,31413,39177
7,119,71129,2098,-0.003282505100512256,-0.003108269226175352,2346.047308490512,-2579.5286137848484,31318,39239
7,120,71086,2098,-0.0034017916109594006,-0.003359946131279449,2345.8892011020475,-2587.7089595586963,31318,39212
7,121,71047,2098,-0.0034797863829798114,-0.0035222919817318927,2352.8144995378925,-2600.0428826894567,31226,39255
7,122,71094,2098,-0.0035923825940763817,-0.0035918472580112586,2356.209905851834,-2611.6067539950955,31304,39269
7,123,71047,2098,-0.0037579726873122337,-0.0035801416791408267,2357.132954696354,-2624.125640211814,31216,39259
7,124,70982,2098,-0.003814282954204934,-0.003635909930416277,2363.654294868154,-2634.399727523527,31241,39201
7,125,70904,2098,-0.003914655999620942,-0.003703119943946526,2365.337257499088,-2642.902026496212,31158,39160
7,126,70889,2098,-0.004043599070974869,-0.003782688749203983,2366.2757932385507,-2652.9224877808924,31209,39115
7,127,70950,2098,-0.004207296814692523,-0.003868239815249236,2369.537635683812,-2668.045344686257,31139,39270
7,128,70892,2098,-0.004338936510105742,-0.004121796208219187,2370.347164351227,-2677.9430514256464,31110,39253
7,129,70832,2098,-0.004458561945899165,-0.004005909437005567,2372.23401846642,-2688.0428782183512,31089,39212
7,130,70824,2098,-0.004636839891672187,-0.004186706247546279,2372.384688423525,-2700.784236911316,31059,39264
7,131,70812,2098,-0.004772331853026325,-0.004259154086598569,2375.3390797070506,-2713.2774428835432,31062,39234
7,132,70777,2098,-0.004967290022824646,-0.004458233375466616,2376.7920811243534,-2728.361967069818,31104,39165
7,133,70729,2098,-0.005094727130308783,-0.004497900103190247,2380.879242954768,-2741.224198154369,30980,39229
7,134,70732,2098,-0.005211051054249508,-0.0046273341743816735,2388.2759450456606,-2756.8640082148286,30962,39241
7,135,70753,2098,-0.0053329462531181895,-0.004759386771702723,2395.0753006072705,-2772.3972468541465,30978,39226
7,136,70698,2098,-0.005453483211792579,-0.00494780148401868,2397.7038747985816,-2783.2542309058977,30954,39215
7,137,70619,2098,-0.005589857226047346,-0.005021041475615762,2401.3867101083333,-2796.136837554568,30897,39154
7,138,70631,2098,-0.005691562809321665,-0.0051957869789673455,2408.3044336370303,-2810.305206422231,30894,39213
7,139,70653,2098,-0.005746125484584743,-0.005204036709177666,2415.3314696000893,-2821.3124734624585,30872,39224
7,140,70605,2098,-0.005856238483440889,-0.005268942212940958,2419.246574485033,-2832.726292608385,30861,39211
7,141,70589,2098,-0.0059883662401926845,-0.005532090686009261,2424.3159690115353,-2847.0287535405023,30886,39140
7,142,70579,2097,-0.006133142504904561,-0.0055723547340649745,2423.4396770760054,-2856.3107419296693,30834,39199
7,143,70550,2097,-0.006244663912240318,-0.005690442102728251,2426.8099411256944,-2867.3709801342593,30848,39143
7,144,70542,2097,-0.006351623030677706,-0.00574084405499717,2428.9984289920358,-2877.0546208221026,30853,39113
7,145,70448,2097,-0.0064622992348953604,-0.0058828364995986045,2431.470019723405,-2886.726076223319,30834,39051
7,146,70448,2096,-0.006557789441090615,-0.006052189405005456,2434.493766522551,-2896.4769170685113,30800,39107
7,147,70394,2096,-0.00659872122892558,-0.006003369353351082,2441.0794247368403,-2905.58980692583,30826,39037
7,148,70397,2096,-0.006584884442497022,-0.005976208874619423,2450.113192492725,-2913.6693025911904,30895,38981
7,149,70384,2096,-0.0066037499774513975,-0.006009534322752743,2453.3811684849443,-2918.1795068978836,30857,39014
7,150,70378,2096,-0.006662133085523889,-0.006059997932942766,2458.469527470927,-2927.337129763922,30846,39013
7,151,70309,2096,-0.00680598425560444,-0.006134978640441363,2458.959049356464,-2937.4809963837642,30763,39035
7,152,70281,2096,-0.006722098651647524,-0.006157761624762478,2466.7342621661946,-2939.1700775026216,30807,38977
7,153,70226,2096,-0.006776857559102197,-0.0060813709016387515,2469.4191687362786,-2945.330767681801,30775,38945
7,154,70290,2096,-0.006796707938360396,-0.006019766194664252,2475.5223625580534,-2953.2629635454045,30830,38941
7,155,70244,2095,-0.006872237674359107,-0.0062181231689253024,2476.7349804675932,-2959.4684436652797,30807,38922
7,156,70261,2096,-0.0069239700113747455,-0.006134038129956469,2481.3433048866054,-2967.828361855815,30836,38897
7,157,70252,2096,-0.006955982236494458,-0.006229116891502928,2488.6475393970445,-2977.319203475246,30851,38878
7,158,70161,2096,-0.0069633709871257865,-0.006414025179858803,2492.350662149569,-2980.9077339773057,30748,38880
7,159,70138,2095,-0.006995993678486719,-0.006453479326968601,2497.0534118960527,-2987.73841651775,30737,38898
7,160,70123,2096,-0.007093975270716273,-0.00654480610135183,2499.226904838756,-2996.6777327471955,30758,38870
7,161,70055,2095,-0.007148892494666478,-0.006736706188177351,2503.268338201725,-3004.0840019155767,30679,38880
7,162,70057,2095,-0.007281790701878156,-0.006479571444123246,2508.105005727299,-3018.2454169287803,30658,38924
7,163,70147,2094,-0.007328437364916156,-0.0065662944269998785,2516.508257772136,-3030.576153608909,30684,39005
7,164,70118,2094,-0.007310798437007353,-0.0063588260089552364,2526.4470055394395,-3039.065570345509,30654,38980
7,165,70149,2093,-0.007362127794181561,-0.00630428295513164,2534.7326989793974,-3051.1786016134356,30709,38977
7,166,70149,2094,-0.007427399494369042,-0.006346290735195034,2539.076921778381,-3060.101568908879,30669,39023
7,167,70062,2092,-0.007468308450683807,-0.0064390035181692284,2542.808639572301,-3066.053266244107,30631,38983
7,168,70088,2092,-0.007538406555210539,-0.006342630942168356,2548.406617291618,-3076.7584559331976,30625,39015
7,169,70083,2092,-0.007575206419771427,-0.006297534080757414,2555.754739329952,-3086.6479308467897,30599,39002
7,170,70085,2091,-0.007697739196546339,-0.006555476783507649,2557.8189255460074,-3097.314977135965,30613,38972
7,171,70105,2091,-0.007741168325173788,-0.00650662699381431,2564.6855710656027,-3107.380176501905,30526,39088
7,172,70087,2091,-0.007766508560943205,-0.0064934637643820755,2571.050543477753,-3115.3818289885767,30495,39097
7,173,70067,2091,-0.007831133622454082,-0.006546331300774535,2576.5755366062076,-3125.2795761306897,30448,39123
7,174,70006,2091,-0.007896128755444029,-0.0066365746157900415,2581.657480140617,-3134.433869794235,30382,39136
7,175,69997,2091,-0.007979163928762346,-0.006633928675900141,2585.713866432777,-3144.2314039543535,30401,39133
7,176,69900,2091,-0.008044107204466135,-0.006560046275519978,2591.3683441566554,-3153.6514377488293,30373,39073
7,177,69897,2090,-0.008049957368003596,-0.006746998639789825,2597.4053000145054,-3160.073170165848,30320,39125
7,178,69947,2090,-0.008081987048280382,-0.006796071075886248,2600.962973707949,-3166.273721774019,30255,39225
7,179,69892,2090,-0.008166725395278414,-0.007014776757257191,2602.0940589496436,-3172.8828302764505,30268,39187
7,180,69816,2089,-0.00810092132641389,-0.007084197131830622,2608.284744756662,-3173.8586680815756,30306,39087
7,181,69772,2090,-0.00816366556601445,-0.006816282086898297,2608.0449929846345,-3177.6402668565966,30250,39056
7,182,69816,2089,-0.008229047301703983,-0.0069211125929296265,2611.306382538112,-3185.8255489538847,30293,39057
7,183,69696,2088,-0.008318038399156558,-0.006876120678813955,2613.202499488103,-3192.936503755726,30269,38997
7,184,69708,2089,-0.008295103771726329,-0.00682811441995137,2621.189443852752,-3199.4245375722476,30236,39048
7,185,69682,2089,-0.008261965338134523,-0.006832224489102832,2628.1162808788044,-3203.8265495706846,30284,38964
7,186,69626,2087,-0.008263817791822612,-0.00687470339252633,2633.1936435401,-3208.5702211135413,30242,38939
7,187,69598,2087,-0.008207605747716345,-0.006968436569785777,2640.787112722284,-3212.0200575518516,30235,38916
7,188,69564,2087,-0.008251232337182056,-0.007028241739232545,2646.559138856444,-3220.547865160185,30238,38894
7,189,69509,2087,-0.008308219511796482,-0.006930447044572048,2648.6411926809296,-3226.137222726395,30188,38869
7,190,69498,2086,-0.008372201856902456,-0.0069394143094892525,2652.444417193869,-3234.2957018448724,30181,38877
7,191,69429,2087,-0.008407811499001274,-0.007082580111984794,2655.807863734619,-3239.553808298778,30115,38846
7,192,69392,2087,-0.008424918245892483,-0.007146786471158556,2659.495397380131,-3244.1173242991117,30125,38825
7,193,69316,2087,-0.008618595098124375,-0.00711737578244213,2657.7690824554625,-3255.17562027705,30018,38852
7,194,69306,2085,-0.00858059935708311,-0.006825761935746713,2662.8571933417115,-3257.5442123837156,29954,38902
7,195,69252,2085,-0.008647560343188688,-0.0069406155693036336,2666.433089522154,-3265.2939384086753,29976,38857
7,196,69212,2086,-0.008704976330164595,-0.00714628282987438,2670.7953393823213,-3273.2841611456756,29893,38879
7,197,69160,2083,-0.008763500105127811,-0.007173552882637533,2674.650224390633,-3280.7338916612775,29851,38879
7,198,69154,2085,-0.008860989065270355,-0.00715064366512317,2676.4999967157323,-3289.272834535434,29789,38930
7,199,69103,2084,-0.008933673799380678,-0.0074094399762957095,2678.045751412362,-3295.3894119709666,29704,38968
7,200,69062,2080,-0.009116283191317204,-0.007426844729031856,2675.3361939961933,-3304.924943754938,29695,38954
7,201,69022,2080,-0.009159781356595665,-0.007627384415359596,2678.8939897928244,-3311.120418587773,29676,38916
7,202,68988,2078,-0.009219746980111257,-0.007463935677642014,2681.81562901138,-3317.8675336753013,29613,38936
7,203,68917,2078,-0.009316839760444907,-0.007407227611478035,2682.5930385298557,-3324.681684300433,29559,38951
7,204,68911,2077,-0.009339674613386821,-0.007408636021478813,2684.9516614994577,-3328.557978782555,29536,38937
7,205,68797,2076,-0.009399607035986732,-0.007269900838904012,2686.459639849632,-3333.1244051044105,29476,38889
7,206,68762,2076,-0.00940166262433254,-0.007311733376195188,2691.02032032343,-3337.4974456977793,29418,38905
7,207,68778,2076,-0.009460387071116254,-0.007431596734407174,2694.8615653330608,-3345.528067310288,29379,38916
7,208,68695,2076,-0.009453679722151285,-0.0075621725319971154,2696.94844033499,-3346.368968848173,29357,38868
7,209,68651,2076,-0.009578988543438171,-0.007897730016027843,2694.6998618631715,-3352.3070043587504,29271,38904
7,210,68589,2073,-0.00957556625249307,-0.007779224016730052,2697.868232251,-3354.6467459432497,29280,38886
7,211,68524,2074,-0.009519788078757056,-0.0077828128452501555,2702.3151799257585,-3354.6491382344952,29265,38836
7,212,68406,2073,-0.009438526781467657,-0.007641125069486559,2708.2351641522923,-3353.8870271653695,29259,38712
7,213,68322,2071,-0.009357417977234642,-0.0076326605857078966,2715.449452309041,-3354.766963349672,29198,38623
7,214,68203,2071,-0.009223490319720263,-0.0074596662311330305,2723.8382127598256,-3352.9079230357193,29157,38586
7,215,68118,2068,-0.009143243802824361,-0.0074351185594263795,2731.435786257332,-3354.2552676181226,29151,38540
7,216,67977,2068,-0.00903597168455417,-0.007023620255340605,2738.9308920223684,-3353.169139223314,29088,38442
7,217,67903,2067,-0.008925451220208316,-0.006821070041016484,2745.8981369018406,-3351.9630511076416,29120,38340
7,218,67775,2067,-0.008868358526089288,-0.0067144176896950045,2749.427355787763,-3350.4803548934538,29066,38265
7,219,67645,2065,-0.008794963641009396,-0.006722103889971288,2751.5165699416334,-3346.4518854377097,29076,38107
7,220,67554,2066,-0.008685760883844113,-0.006604169551478821,2756.6469002330064,-3343.4047909802093,29014,38127
7,221,67371,2065,-0.00855344710071109,-0.006480668031873298,2763.5435403185375,-3339.797824940543,28924,38040
7,222,67217,2065,-0.008393225325782738,-0.006397055666292339,2769.3229931835613,-3333.4904199066914,28853,37928
7,223,67044,2064,-0.008221008715039172,-0.006286481164866937,2779.6265570747987,-3330.795865365889,28782,37872
7,224,66820,2062,-0.008068973294327975,-0.006389506935792384,2784.8933575481497,-3324.06215307514,28655,37763
7,225,66631,2059,-0.007879388800920675,-0.006403587986212756,2792.682849305436,-3317.694404499585,28595,37614
7,226,66435,2056,-0.007815469544067019,-0.006011800258114351,2793.7726543944464,-3312.9933735545487,28587,37439
7,227,66155,2056,-0.00793555821996673,-0.006245167904512384,2783.9674780897976,-3308.9443321317,28438,37284
7,228,65934,2052,-0.007919462058683716,-0.006215339313879306,2779.8153558764507,-3301.9771672537026,28303,37209
7,229,65626,2051,-0.007984025690178614,-0.0058140746891252445,2770.102872584295,-3294.0625425279522,28190,37051
7,230,65380,2047,-0.008013661238368733,-0.0052260678252764895,2762.213675607008,-3286.1468473715527,28013,36925
7,231,65033,2044,-0.008086547361709925,-0.005677355391843121,2748.630667753093,-3274.5231023271667,27878,36715
7,232,64670,2040,-0.008058027025678068,-0.005514498446952281,2736.461820306779,-3257.574428057373,27783,36482
7,233,64246,2034,-0.008084558203710302,-0.0059099892484133715,2721.4414565511906,-3240.841982906771,27578,36291
7,234,63832,2031,-0.008106085009485203,-0.0057797872796641805,2704.7813332881874,-3222.2089516136475,27420,36058
7,235,63377,2028,-0.00819479914119743,-0.006071705608241275,2686.8015023849002,-3206.163287556575,27158,35860
7,236,62818,2024,-0.00828939784346293,-0.005994294631840497,2659.9949772981436,-3180.7183710287986,26907,35521
7,237,62147,2020,-0.008435993417748065,-0.006148596197427302,2628.0517487550537,-3152.32343168784,26574,35190
7,238,61480,2017,-0.008594075680980948,-0.0064216513418064065,2594.6436558523355,-3123.0074287190387,26261,34864
7,239,60743,2015,-0.00880059120609395,-0.006481921377079568,2557.4212632764707,-3091.9955749082214,25939,34458
7,240,58775,2013,-0.008759720817378053,-0.006757555744340768,2474.2329338193636,-2989.0855248607613,25103,33344
7,241,56843,2009,-0.008608352616663827,-0.00846811376257661,2396.5663667137915,-2885.890954502821,24224,32287
7,242,54848,2002,-0.00840948626388981,-0.007934180688125129,2319.1114597798214,-2780.3549623816457,23404,31125
7,243,52930,1998,-0.008313408913838484,-0.007567592573407586,2240.0158486139317,-2680.044582423401,22552,30076
7,244,51041,1994,-0.008204365092733854,-0.007901455283891533,2161.0453557572023,-2579.804354455433,21774,28959
7,245,49161,1985,-0.008118809896374448,-0.009116598587256755,2083.226662037475,-2482.3554753531416,20965,27870
7,246,47331,1973,-0.00792776302567399,-0.008356507580016303,2010.0064930413348,-2385.2354448095152,20209,26802
7,247,45538,1962,-0.007747760505505918,-0.008424698465425137,1941.573165990206,-2294.390683889936,19434,25809
7,248,43756,1954,-0.007491346344365109,-0.008756467187320016,1872.8723293811033,-2200.6636800251426,18712,24773
7,249,42007,1947,-0.007261891249965485,-0.008901762217075056,1802.8318358005579,-2107.8821015378526,17954,23759
7,250,40285,1914,-0.007020106398608718,-0.008233600352800947,1731.754020520387,-2014.5590067883393,17269,22738
7,251,38683,1898,-0.006846727755142554,-0.00867945152545618,1666.4911992453228,-1931.3431689975025,16618,21793
7,252,37134,1874,-0.006570515623148182,-0.009030910847000162,1604.1816807737032,-1848.1712079236893,15999,20859
7,253,35649,1831,-0.0061985965127693545,-0.00960971073430018,1546.0860087257163,-1767.0597758094368,15415,19981
7,254,34254,1011,-0.0056086952135587596,-0.0027875565154372216,1491.8609301996423,-1683.9811760448822,14911,19084
7,255,34113,1009,-0.005345147057306582,-0.003503673119019729,1493.5345555713263,-1675.873557137227,14923,18961
7,256,33957,1006,-0.005253168072467637,-0.0038379354239163146,1489.9504626551056,-1668.3322908918935,14855,18863
7,257,33812,1005,-0.005108486250105292,-0.004178197073132494,1487.6739669494398,-1660.4021040379987,14810,18758
7,258,33619,1004,-0.004891927812460541,-0.004269809747315164,1484.9362765362778,-1649.3979976633887,14757,18604
7,259,33412,1004,-0.004629315111975869,-0.0038815773179716336,1482.6980536039491,-1637.3727301252893,14699,18496
7,260,33209,1002,-0.004366253106574526,-0.0036989025153565977,1480.6074006283538,-1625.6063000445895,14655,18307
7,261,32992,1000,-0.004194510481073084,-0.0036656022871745424,1474.8110617677744,-1613.1963515593363,14589,18164
7,262,32688,1000,-0.003939410074776486,-0.003947283842404928,1465.2662174451543,-1594.03765396945,14503,17937
7,263,32374,997,-0.003675983016202013,-0.003546110405934865,1456.12804664457,-1575.134320811092,14398,17723
7,264,32052,995,-0.0034571386739742525,-0.0027897703727116996,1445.9130862543354,-1556.72129503256,14281,17528
7,265,31721,995,-0.003254850748472647,-0.0031504251043240525,1436.3726809813595,-1539.6198015736625,14125,17377
7,266,31188,992,-0.0027646017726924736,-0.003285935764713774,1419.6516057447575,-1505.874005831493,13924,17036
7,267,30642,988,-0.0023412656267271068,-0.003064493319102952,1401.631149699808,-1473.3722110339806,13655,16761
7,268,30104,984,-0.001957994731543397,-0.0022967233783754448,1383.4461281328943,-1442.3896015312753,13438,16431
7,269,29530,983,-0.0017429426371526817,-0.0023946120958936597,1363.5303921481122,-1414.9994882232315,13208,16119
7,270,27361,980,-0.0016072040425768107,-0.002173857101999284,1267.7783104802554,-1311.7530202892015,12232,14949
7,271,25193,975,-0.0014768181891843543,-0.0018375415441289884,1171.1246470984622,-1208.3301277385835,11260,13747
7,272,23045,969,-0.0013927465165827382,-0.0019109276767323546,1073.9414006046218,-1106.0372440792723,10297,12571
7,273,20923,969,-0.0012464993837764736,-0.002368450292190235,978.8280261046311,-1004.908532711385,9345,11429
7,274,18824,966,-0.0010910574430374057,-0.002577397981393665,883.0399282274551,-903.5779935351912,8391,10290
7,275,16729,963,-0.0009916142624263422,-0.0031723564976370022,786.3438266957914,-802.9325416919198,7442,9182
7,276,14658,947,-0.000964891410996855,-0.0034447611946123967,689.9760586081233,-704.1194369105141,6490,8058
7,277,12679,944,-0.0010616281496266808,-0.0036230672428178524,597.4952842884067,-610.9556675975232,5637,6958
7,278,10705,939,-0.0010706331435068124,-0.004057374090650512,505.61479384890333,-517.0759216501439,4732,5897
7,279,8737,936,-0.0009340727543963256,-0.004926245866671548,414.09001195440493,-422.25100560956554,3877,4818
7,280,6797,903,-0.0005453525740991859,-0.002008455893936234,322.99215731340763,-326.6989187595597,3027,3720
7,281,5053,894,-0.0010480604875295733,-0.002635505401718953,240.89465819509417,-246.19050783858077,2278,2763
7,282,3335,884,-0.0016468161930669465,-0.0037129440809081826,159.7679048622294,-165.26003686610747,1493,1820
7,283,1637,867,-0.0024795751988070294,-0.00576263132783189,78.69473891200448,-82.75380351245178,729,894
8,0,83422,2120,0.0,0.0,0.0,0.0,0,0
8,1,75487,2120,-0.000012359724007102477,-9.12404320474198e-6,285.5648114209615,-286.4978099070847,34171,35490
8,2,75023,2120,-0.00003365821954977994,-0.000014448663832342474,387.0341224527107,-389.55926305799215,34467,36368
8,3,74723,2119,-0.000046295325804682003,0.000010308488809783813,463.4290769145393,-466.88840254464196,34551,36709
8,4,74502,2119,-0.00004144740838725024,0.000022671425598959768,527.3365650268075,-530.4244798464744,34394,37136
8,5,74418,2119,-0.0000675605367015938,-0.00006729519820814633,583.7011825177076,-588.728902537968,34411,37340
8,6,74384,2119,-0.000017039158195716998,0.00004259190673385379,638.3989804656138,-639.6664212088434,34547,37393
8,7,74222,2119,-0.00003228937715879877,0.00003316589978757401,686.0185984431802,-688.4151805946617,34529,37466
8,8,74150,2119,-0.00008403447346555043,0.000014129307657759755,725.3764513954593,-731.6076076029268,34384,37666
8,9,74042,2119,-0.0001281117048903679,0.0000334749424182212,763.9799951227998,-773.4656419762903,34476,37594
8,10,73960,2119,-0.00016649926393583846,-0.0000868386936328538,799.072792533885,-811.3870780945798,34374,37734
8,11,73958,2119,-0.000144305440719607,-0.000012624350759719645,836.8395048453422,-847.5120466300856,34339,37842
8,12,73750,2119,-0.00011290742373362827,0.00006323294603200375,872.2252754979816,-880.5521979983404,34310,37760
8,13,73797,2118,-0.00013239988081785654,0.000043762517178881954,905.4791020232359,-915.2498160279519,34279,37863
8,14,73659,2118,-0.00019877373301011104,-0.0000134516781942582,933.05323973064,-947.6947141304303,34267,37833
8,15,73693,2118,-0.00020276662595353876,0.000021559447302941582,964.4695489792398,-979.4120299456329,34213,37945
8,16,73529,2119,-0.00019926020971830808,-0.00007675573449396834,995.3306999608878,-1009.9821039212611,34189,37884
8,17,73484,2119,-0.00021822252899327533,-0.00005177280788940161,1022.1451027704976,-1038.180967091045,34172,37870
8,18,73455,2119,-0.0002036529245899986,-8.812670593392277e-7,1049.8552338721818,-1064.8145594479397,34227,37830
8,19,73342,2118,-0.00018495300620186014,0.00003354247173299255,1074.962617806422,-1088.527441187279,34228,37750
8,20,73365,2117,-0.0002363524402325744,0.000017440750925863743,1098.550234199777,-1115.8902309774414,34237,37731
8,21,73323,2117,-0.0002460864268944986,0.000059837796028423004,1121.2337007677236,-1139.277495846905,34272,37788
8,22,73281,2117,-0.0002498177894639663,0.00008611148555126454,1143.2987168257232,-1161.6056142554312,34320,37702
8,23,73189,2115,-0.0002799633088171313,0.00019788273614893345,1162.514445059283,-1183.004679668301,34257,37658
8,24,73161,2115,-0.00030800980331117673,0.00020089680167732535,1182.9745434184988,-1205.5088486385466,34354,37567
8,25,73066,2116,-0.000341921657226552,0.0002043804521974312,1201.6838209013133,-1226.6666687082309,34237,37602
8,26,73133,2115,-0.0003793525243730294,0.00015380924903437266,1222.1314294423853,-1249.8746176073564,34189,37762
8,27,73036,2115,-0.0004475059648078623,0.00008267937035295791,1238.401789483187,-1271.0858351288932,34140,37734
8,28,73038,2115,-0.0004756330383035428,-0.00011308411523281673,1256.9363705079259,-1291.675656359538,34102,37787
8,29,73080,2115,-0.0005299426672191178,-0.0002463646440331513,1275.2279703319632,-1313.956180452344,34063,37883
8,30,72998,2115,-0.0005547120345235647,-0.0002358618243751226,1294.46409355864,-1334.956962654791,34001,37939
8,31,72971,2115,-0.0005996208975806422,-0.00025843134705395577,1312.6223699831285,-1356.3773065004912,33964,37986
8,32,72939,2115,-0.0005602974568891808,-0.000250834667330442,1331.875183331597,-1372.7427195396367,33985,37888
8,33,72830,2115,-0.0005805330446480071,-0.0003233887578603293,1348.663925225217,-1390.9441468669327,33795,37972
8,34,72792,2114,-0.0006139825231961839,-0.00017256315821624288,1365.028380652688,-1409.7213964811829,33769,37977
8,35,72824,2114,-0.0006901646125285881,-0.00040293110895519787,1380.5550216346649,-1430.8155693774415,33685,38156
8,36,72783,2113,-0.0008228646666065934,-0.0005704086371708844,1390.8401514292502,-1450.7307104588776,33547,38226
8,37,72631,2113,-0.0008750675909991074,-0.0006099429479923858,1402.9291607681967,-1466.4861949700482,33553,38121
8,38,72686,2112,-0.0009407108128376546,-0.0007375689465864442,1419.028940995928,-1487.405447137851,33443,38287
8,39,72564,2112,-0.0009725497583245705,-0.0007513105191174378,1435.7940833494104,-1506.3661840124732,33351,38257
8,40,72643,2112,-0.0009485134076290216,-0.0007268896060104114,1455.1507602740592,-1524.0536197444599,33419,38290
8,41,72593,2112,-0.0009630915696516746,-0.0007563968375307325,1470.290432485051,-1540.2041388007813,33310,38341
8,42,72644,2111,-0.0009382523709409883,-0.0007851863428091164,1487.6448402564051,-1555.8032454910413,33350,38401
8,43,72548,2111,-0.0009642525895904864,-0.0008671545386240901,1500.0729839482244,-1570.0275808178376,33417,38216
8,44,72411,2111,-0.0009984004614855455,-0.000949728515562489,1511.5944712569187,-1583.8896470735517,33306,38196
8,45,72422,2111,-0.0010514818002975348,-0.001070431460394873,1522.9135617998256,-1599.063976740977,33388,38160
8,46,72393,2111,-0.0011174792837568973,-0.0010576256658804222,1533.536513107998,-1614.434190897005,33296,38211
8,47,72312,2111,-0.0011542525399740634,-0.001141473516280175,1544.5055145620413,-1627.9718242326458,33296,38177
8,48,72321,2111,-0.0011894876880213508,-0.0010605776945872961,1557.2087608893826,-1643.2336999747752,33312,38128
8,49,72278,2111,-0.0012937618410082496,-0.0012515299032477584,1567.2839616363415,-1660.7944799807362,33169,38220
8,50,72216,2111,-0.0014076815846321069,-0.0014168413564530464,1576.7963954862525,-1678.4535288020443,33089,38288
8,51,72150,2111,-0.0014454817690846308,-0.0014718330992937517,1590.8042657961798,-1695.0957754356327,33044,38276
8,52,72102,2111,-0.0013911133609954916,-0.0014506506877794971,1605.8981956184086,-1706.2002511728997,33038,38213
8,53,72102,2111,-0.0013222316568208712,-0.001463826744320811,1623.7743463367544,-1719.1098932568486,33083,38171
8,54,72070,2111,-0.001375154903462131,-0.0014586274014833924,1632.098472018641,-1731.205885911159,33123,38156
8,55,72045,2111,-0.0014401932993653955,-0.001437186734440995,1642.7007151861606,-1746.4594414389464,33086,38156
8,56,71902,2111,-0.0014731354244584454,-0.0015103814006783968,1652.6336189407277,-1758.5550022301431,32924,38149
8,57,71852,2111,-0.0014781818709966458,-0.0015548576042136869,1664.083417042687,-1770.2937408375378,32974,38036
8,58,71796,2110,-0.0014543453052283464,-0.0015349959063110572,1676.6372628216268,-1781.0534383558077,32977,38015
8,59,71817,2105,-0.0015497169238321384,-0.0016338916628554903,1685.9927668168918,-1797.2887871357468,32953,38054
8,60,71751,2105,-0.0015765247146383463,-0.0014623449328113253,1697.0221918617908,-1810.1394166618009,32917,38023
8,61,71630,2105,-0.0016654649216486857,-0.001502382478445122,1706.29083467765,-1825.5880870153433,32886,37937
8,62,71720,2105,-0.0017751118192670357,-0.001515098177079844,1714.7180472391342,-1842.029066916957,32917,38024
8,63,71634,2105,-0.0017558566077707524,-0.001628675199259923,1727.5905390787684,-1853.3695713198179,32836,37962
8,64,71616,2105,-0.0017904739002812255,-0.0014385510580949372,1736.8563896490698,-1865.0829684916114,32793,38055
8,65,71583,2105,-0.0018099880528390938,-0.0016213320846032613,1746.4354672168902,-1875.9998420032744,32719,38103
8,66,71507,2104,-0.0018495318935592682,-0.0017269964851003687,1755.0134680218584,-1887.267945134604,32694,38069
8,67,71440,2104,-0.001928097829550379,-0.0017619793091622152,1762.2861213366668,-1900.0294302797456,32653,38044
8,68,71434,2104,-0.00201359160161794,-0.0019957516133428882,1769.3611806843112,-1913.2000831542937,32603,38069
8,69,71314,2103,-0.002069538460149652,-0.00201526235871379,1776.3374181024758,-1923.9244838495863,32490,38083
8,70,71357,2104,-0.0021865704352203915,-0.0021592995089840155,1784.1758108973017,-1940.202917443327,32476,38158
8,71,71388,2103,-0.0023014842051317826,-0.002350450322497078,1791.916101225456,-1956.2144556614023,32504,38160
8,72,71346,2104,-0.002364952885735941,-0.0024909999833204887,1799.9803599423817,-1968.710288528096,32406,38168
8,73,71283,2104,-0.0024471810518759156,-0.002476477995885912,1806.9864313983312,-1981.4288383191993,32419,38159
8,74,71268,2104,-0.002526733151981481,-0.00270237059694936,1814.149556564101,-1994.2247748395125,32412,38130
8,75,71321,2104,-0.0027360362261987952,-0.0028831863698908044,1816.2894339077427,-2011.4262735964649,32317,38259
8,76,71275,2104,-0.002868517950676132,-0.002981983485622082,1820.2465851408815,-2024.7002020753196,32244,38295
8,77,71271,2104,-0.003016136661379671,-0.0030327066841492694,1822.3818927935579,-2037.344968786745,32264,38300
8,78,71198,2104,-0.0031234151225341734,-0.0030057191528131055,1828.4744099487627,-2050.8553198429486,32169,38296
8,79,71179,2104,-0.0031286357554214366,-0.0030430914221435293,1842.0569106088485,-2064.750075043991,32181,38342
8,80,71101,2104,-0.003159181408575102,-0.0031197015523577593,1850.793094076528,-2075.4140514076216,32091,38317
8,81,71098,2104,-0.0031683619522109457,-0.003134299134185168,1863.4133941103541,-2088.677592188649,32111,38301
8,82,71016,2104,-0.0031495352769217726,-0.00319173834824636,1875.1512391757822,-2098.8186364016537,32044,38284
8,83,71017,2104,-0.0032317519005409926,-0.003152059183890816,1883.5775032271863,-2113.086827947907,32016,38315
8,84,71009,2104,-0.003272004339033261,-0.0031313214375128105,1893.9478556065287,-2126.289611716943,32039,38327
8,85,71020,2104,-0.003362661201114077,-0.003308739156818126,1901.1370524267872,-2139.953250929914,32030,38343
8,86,70933,2103,-0.0033804695333259083,-0.0033664089927393313,1909.6693046928629,-2149.4561501002668,31935,38329
8,87,70917,2104,-0.0033329903578066308,-0.003339547144363882,1921.308058584452,-2157.673735789023,31910,38279
8,88,70962,2104,-0.0032725246997414308,-0.003199652434269354,1933.511438386052,-2165.7363361291095,31956,38347
8,89,70889,2098,-0.0032177346505495737,-0.0032361229137651544,1947.6638651230344,-2175.765856765843,31970,38268
8,90,70880,2098,-0.0031670232330328588,-0.003126881517271673,1958.8719612914676,-2183.350568048841,31964,38261
8,91,70887,2098,-0.0031675159749052343,-0.003155811169644188,1969.8652243580962,-2194.4009292712026,31867,38359
8,92,70839,2098,-0.0031829548054964057,-0.003315676940578002,1979.151909639897,-2204.629245106452,31853,38288
8,93,70817,2098,-0.0031452015339293628,-0.0031725553203592574,1991.0836426287326,-2213.817379657002,31841,38267
8,94,70766,2098,-0.00324760038821399,-0.0032227345140505457,1999.1985065307279,-2229.0181956030724,31822,38289
8,95,70823,2097,-0.0032227288794194993,-0.003177834932336199,2013.1841475913222,-2241.427475018446,31794,38400
8,96,70809,2098,-0.0032495366401630085,-0.003173474305499111,2027.1135690293372,-2257.210008982641,31818,38337
8,97,70880,2097,-0.0031969282038696446,-0.0032146270341787903,2043.8744360175008,-2270.4727071077805,31808,38388
8,98,70790,2098,-0.0031787402852919426,-0.003072740596960568,2054.9873738875376,-2280.010398683357,31751,38375
8,99,70742,2098,-0.0032791037813880326,-0.003065298465231033,2061.9054490395183,-2293.875808742479,31768,38342
8,100,70663,2098,-0.0033196703213886265,-0.003093851483821472,2069.1324192008547,-2303.710283121145,31695,38324
8,101,70675,2096,-0.0034036564415556997,-0.0031315611638998184,2077.098813112598,-2317.6522321195453,31646,38377
8,102,70672,2097,-0.0034507930587647454,-0.0033140835273648118,2085.9997227247204,-2329.8741697737464,31623,38401
8,103,70622,2096,-0.0035078172447921495,-0.0034137402867748675,2093.852770206515,-2341.581839668224,31541,38472
8,104,70662,2095,-0.003540355308955366,-0.0033402050286398186,2102.9035323418175,-2353.0721191832195,31546,38501
8,105,70600,2096,-0.0036577091165653362,-0.003332453175221435,2105.8459420847157,-2364.0802057142278,31505,38427
8,106,70543,2096,-0.0037384702771286154,-0.003404244429537514,2111.572532755633,-2375.2954415151294,31437,38496
8,107,70504,2096,-0.003908506089200799,-0.003494713616045348,2113.4549158786267,-2389.0202291916385,31411,38516
8,108,70553,2096,-0.004015728275333851,-0.003872131544482779,2117.3049228918067,-2400.6265999014363,31443,38498
8,109,70469,2095,-0.004009680060858353,-0.0038900644435385613,2125.070497600531,-2407.628641809154,31455,38413
8,110,70512,2095,-0.004147775783618781,-0.004085163559122657,2127.456384994475,-2419.924351049008,31414,38471
8,111,70447,2095,-0.004263767347477471,-0.00417095267481591,2126.9921408107602,-2427.361759138502,31329,38491
8,112,70354,2094,-0.004405946933861801,-0.0041622873464387585,2128.0465962342155,-2438.0225868191283,31330,38441
8,113,70370,2093,-0.004551513997120072,-0.004251601886404598,2130.3039876984785,-2450.594027675813,31424,38354
8,114,70286,2094,-0.004680178489643422,-0.004515451237770033,2131.208410870078,-2460.1594361931575,31386,38308
8,115,70333,2093,-0.0047869601169957185,-0.004550886432645469,2134.4815369666294,-2471.162802875282,31350,38366
8,116,70230,2094,-0.0049533341769115264,-0.004726379978326851,2136.896971200987,-2484.7696304454794,31246,38396
8,117,70241,2093,-0.005059156416613984,-0.004872150168747991,2141.9087521992647,-2497.268958058651,31227,38386
8,118,70257,2094,-0.005163421849886575,-0.004929018168038377,2147.185356715147,-2509.951885622627,31235,38453
8,119,70237,2093,-0.005306937554079609,-0.005047760063573983,2150.8500281677116,-2523.593401153598,31147,38482
8,120,70243,2093,-0.00541055480977899,-0.005066877721108649,2157.0279960727617,-2537.0815975760615,31114,38530
8,121,70148,2094,-0.005464744476728997,-0.005241040196033263,2162.0650658631585,-2545.4059614167427,31011,38544
8,122,70091,2094,-0.005502806909411803,-0.005195229067885681,2170.4484076983313,-2556.1456467859143,31006,38466
8,123,70051,2093,-0.005630233855609979,-0.005401691348666671,2176.1566927591953,-2570.560204578532,30950,38488
8,124,70130,2094,-0.005778846462559411,-0.005501078161476348,2181.4191172759115,-2586.6896196951966,30985,38532
8,125,70146,2093,-0.005988555773974345,-0.005600240590334105,2184.6021995830265,-2604.6754329042237,30997,38570
8,126,70093,2093,-0.0062085169781320995,-0.0058012912058731285,2182.0360152844733,-2617.209595832686,30877,38675
8,127,70071,2093,-0.006303613339793298,-0.005912671752869288,2185.7308084808224,-2627.4312988134734,30886,38592
8,128,69978,2092,-0.0063590874764930215,-0.00596980883845615,2190.475618508117,-2635.4718419381516,30872,38511
8,129,69979,2092,-0.006429618928756171,-0.00602416130963586,2196.9283625782637,-2646.866665593694,30844,38561
8,130,69914,2090,-0.006555881960526422,-0.006134211107347822,2199.5389587305663,-2657.8868901188057,30825,38531
8,131,69940,2091,-0.0066272114847395844,-0.006168276080192622,2203.509444804771,-2667.016616047458,30836,38546
8,132,69841,2091,-0.006717461988244075,-0.006165531212949462,2207.2609101791286,-2676.4151729000796,30757,38524
8,133,69921,2091,-0.0067267931551245165,-0.006201602561597928,2215.8169526332485,-2686.1610568327087,30795,38564
8,134,69871,2091,-0.006819655691656666,-0.006510473462242141,2217.001305438873,-2693.4974682706206,30763,38530
8,135,69844,2090,-0.00676791068972055,-0.006108471218024775,2222.727678124186,-2695.425632337023,30844,38470
8,136,69778,2090,-0.006854108078220947,-0.006199967997301786,2227.625804578718,-2705.891758060816,30806,38410
8,137,69773,2091,-0.006898816411355142,-0.006372671033356284,2234.6633040381475,-2716.014421507628,30819,38407
8,138,69762,2091,-0.006855164477126039,-0.006257706060325891,2241.347834049439,-2719.577818302713,30829,38383
8,139,69733,2090,-0.006909230499548346,-0.006217458850943563,2246.1123111870143,-2727.9136816120126,30763,38430
8,140,69788,2091,-0.00691854007782148,-0.006358159410158292,2256.349701445756,-2739.180776396754,30794,38465
8,141,69771,2091,-0.006996650911915065,-0.006481464350552891,2259.476309823783,-2747.6396405990167,30844,38402
8,142,69758,2089,-0.0071242910662620805,-0.006294956566244759,2263.6259789645455,-2760.602275164858,30848,38399
8,143,69785,2089,-0.0071814386666080995,-0.006524930011236217,2267.0291070201274,-2768.1858043693755,30875,38392
8,144,69635,2089,-0.007340832136968222,-0.0066045250276022946,2264.400486356937,-2775.5793322147174,30685,38434
8,145,69664,2089,-0.0073740588833736236,-0.006609166902389221,2269.8117213240826,-2783.518159375421,30732,38396
8,146,69657,2089,-0.007413940106161604,-0.0067120815296472834,2275.5502726394943,-2791.983098614388,30690,38434
8,147,69606,2089,-0.00748846644443975,-0.006751314455530711,2279.361006400064,-2800.603201731729,30648,38420
8,148,69533,2088,-0.007616306448716473,-0.006809065474084511,2281.093091017774,-2810.677727316388,30597,38398
8,149,69563,2088,-0.007675360283583415,-0.006888778111595477,2286.3585242542163,-2820.279611661123,30547,38482
8,150,69585,2087,-0.007827838254504877,-0.006967184956188845,2289.0164317960857,-2833.7165567358165,30537,38497
8,151,69608,2085,-0.007954910060684816,-0.007093923802357483,2291.937239742169,-2845.662619246319,30517,38620
8,152,69513,2086,-0.008096192008649973,-0.0071255295401987185,2294.8770808097165,-2857.6676759070024,30411,38571
8,153,69496,2086,-0.008194664952217177,-0.007099217973819679,2299.018016996433,-2868.5144525157084,30374,38614
8,154,69462,2087,-0.008275745184905951,-0.007123304068945311,2302.1876902190716,-2877.0375022530025,30381,38560
8,155,69422,2086,-0.008324502376896145,-0.007145788373459858,2308.2130233232688,-2886.1166273321683,30365,38555
8,156,69407,2085,-0.008354321413126196,-0.007333353308708177,2317.0222728018834,-2896.870659122735,30334,38555
8,157,69371,2086,-0.008447718725941787,-0.007348481936392859,2322.5656446523676,-2908.5923403896772,30280,38580
8,158,69310,2085,-0.00845688461044272,-0.0072280704633156485,2333.1110080364556,-2919.257680386239,30242,38581
8,159,69294,2083,-0.008496531682796953,-0.007279735312169766,2341.7767715257437,-2930.535437953463,30192,38625
8,160,69288,2085,-0.008547550966215518,-0.007264109558615441,2348.530815497499,-2940.7735268446445,30216,38591
8,161,69294,2083,-0.008600786754807346,-0.00742026885634637,2355.190733545372,-2951.1736509329876,30184,38610
8,162,69250,2083,-0.008590240571142382,-0.007346183493731576,2361.0653764821636,-2955.9395360337685,30131,38622
8,163,69177,2084,-0.008585865354520725,-0.007467737737188703,2368.216239730252,-2962.1606473599254,30089,38563
8,164,69168,2082,-0.00860900311503525,-0.007680790081619761,2373.404553418017,-2968.872080878769,30098,38600
8,165,69157,2082,-0.008650726840763706,-0.007660337208149816,2376.914185388788,-2975.1725015154816,30050,38601
8,166,69111,2082,-0.008559646790916194,-0.007659281911674757,2384.1894740906837,-2975.755223457692,30045,38567
8,167,69058,2082,-0.008607312166579688,-0.007676931781215783,2388.781785589102,-2983.1855491887686,30013,38553
8,168,69023,2081,-0.008611973682973607,-0.007767208963336696,2395.25124925995,-2989.6755087798433,30003,38534
8,169,69036,2080,-0.008542871268337394,-0.007573443071753279,2406.6066729146532,-2996.372333795593,30066,38482
8,170,68923,2080,-0.008569818798685834,-0.007583256068426362,2410.306876460579,-3000.9644975224023,30015,38416
8,171,68985,2080,-0.00849112959604352,-0.007670873517227644,2420.6878958003813,-3006.4484709834546,30048,38425
8,172,68934,2079,-0.008429790342998553,-0.007709300411634872,2428.796293986938,-3009.895461491208,30076,38353
8,173,68914,2079,-0.00844367088836692,-0.007646475062873649,2436.288922590456,-3018.1760581913695,30160,38286
8,174,68887,2077,-0.008399830569036546,-0.007635096437411553,2444.5200792432156,-3023.15920765243,30147,38242
8,175,68846,2077,-0.008340160802963336,-0.00769281061335033,2454.411637570625,-3028.598348211443,30128,38239
8,176,68780,2076,-0.008373102597842247,-0.007766023759423785,2458.0582503348182,-3033.9602470144105,30105,38194
8,177,68786,2075,-0.00842490863917687,-0.00781855023901701,2461.6090622621214,-3041.124827916539,30119,38192
8,178,68741,2073,-0.00842581094634388,-0.007809551977987523,2465.682563018362,-3044.8812332809825,30110,38138
8,179,68696,2073,-0.00854081840745248,-0.007630574501353842,2464.0427160171794,-3050.762777335531,30060,38103
8,180,68594,2072,-0.008604848175637878,-0.007743014901400334,2465.190194134277,-3055.4311498939805,29977,38091
8,181,68586,2071,-0.008689382779512955,-0.007729544853831266,2469.651345127367,-3065.6213524430364,29984,38134
8,182,68565,2070,-0.008699412623337692,-0.007866498394002277,2476.632394569315,-3073.107621088462,29921,38165
8,183,68478,2070,-0.008797510520230707,-0.007882328055277587,2476.7736565807304,-3079.20958198509,29862,38161
8,184,68396,2070,-0.008889656857808308,-0.008023029075158738,2475.370495524141,-3083.3874659707963,29760,38154
8,185,68319,2068,-0.009001294548659345,-0.008073124243977027,2473.930017562941,-3088.889459832791,29591,38233
8,186,68276,2068,-0.009034508659844861,-0.007962457999304808,2475.778636005702,-3092.6187492652725,29610,38213
8,187,68189,2066,-0.00908752600184428,-0.007955413945686798,2478.103753593403,-3097.7730641331573,29525,38236
8,188,68097,2066,-0.009129141229182925,-0.00771337236484181,2477.57748200833,-3099.2446122919973,29517,38116
8,189,68072,2066,-0.009278110967516602,-0.007698083040417876,2479.04853187611,-3110.6281016569037,29532,38110
8,190,67970,2064,-0.009324330676234864,-0.007727496456497531,2479.461400007658,-3113.236156071333,29496,38049
8,191,67917,2064,-0.009389549624641506,-0.007662718056530732,2481.104336155244,-3118.8143780120263,29425,38035
8,192,67856,2064,-0.00933030991224936,-0.007736568454479307,2486.7429888656006,-3119.8604982711845,29455,37918
8,193,67796,2063,-0.009337712651703793,-0.00783158306733312,2488.5910008199,-3121.650567754812,29441,37904
8,194,67692,2063,-0.009405921027850065,-0.007910702273393633,2487.355020012337,-3124.0606262295664,29419,37800
8,195,67594,2062,-0.009516496849488593,-0.00807937610917215,2484.991187528523,-3128.249275572858,29371,37777
8,196,67461,2062,-0.009562846563775112,-0.008108703840438563,2483.9586079339624,-3129.0777999728048,29275,37728
8,197,67339,2060,-0.009560636646764271,-0.008054921132198668,2487.2882845758245,-3131.091995732292,29224,37690
8,198,67261,2060,-0.009509009608523978,-0.008108322249334754,2495.11491023923,-3134.7004055181606,29175,37620
8,199,67133,2060,-0.009367634216709707,-0.008184144528561773,2503.063860671782,-3131.941248542157,29152,37496
8,200,67019,2059,-0.009244943093788548,-0.007941844762227708,2513.0316698888264,-3132.6185110914435,29052,37470
8,201,66912,2059,-0.009189831820163358,-0.007504706024085084,2519.7275040314926,-3134.6375307822586,29035,37412
8,202,66786,2056,-0.009145095503915034,-0.007249705488893854,2526.2924971968687,-3137.0568455213433,29008,37280
8,203,66665,2053,-0.009118952036045836,-0.006992275733835788,2531.9094804267656,-3139.824417909762,28982,37256
8,204,66500,2054,-0.009066058707777191,-0.007026760358535022,2536.7849020938415,-3139.677806161013,28945,37067
8,205,66365,2053,-0.008921677264952247,-0.0071093600671887375,2544.8229790470723,-3136.9100907356233,28921,36977
8,206,66168,2052,-0.008860042351055664,-0.007210545143511239,2549.3086490247265,-3135.5599313093635,28827,36887
8,207,65989,2051,-0.00873089887505335,-0.007371272542909618,2554.4218376695508,-3130.5651235354394,28748,36799
8,208,65798,2051,-0.008544479583813273,-0.007471890395827243,2563.517288379891,-3125.7269560356417,28680,36685
8,209,65595,2047,-0.00835309285125247,-0.007005635109925956,2572.164325243647,-3120.0854508215516,28620,36539
8,210,65355,2043,-0.0082520105542731,-0.007001351504094195,2576.388848516801,-3115.698998291319,28497,36382
8,211,65157,2038,-0.008092016996787165,-0.006236468377955481,2582.247964255421,-3109.4995157150865,28497,36215
8,212,64907,2035,-0.008224744350446003,-0.006356552582382831,2572.5602257023897,-3106.403707256783,28357,36134
8,213,64663,2035,-0.008308480336736293,-0.006172309224591982,2563.864062055208,-3101.115326069577,28224,35994
8,214,64405,2033,-0.008345576145272815,-0.006186147998659687,2556.7527158854723,-3094.2495475217756,28103,35868
8,215,64095,2032,-0.008351776732934463,-0.006442910738765981,2550.29557984129,-3085.602709538719,28001,35658
8,216,63778,2029,-0.008370038968560652,-0.0068700557592396225,2540.62367202735,-3074.4480173642232,27828,35552
8,217,63380,2025,-0.008341936279343749,-0.006437594269193149,2528.079272974063,-3056.7911943588615,27606,35328
8,218,62953,2021,-0.00831874598291793,-0.006821818539323848,2513.9607456920185,-3037.650761554636,27414,35122
8,219,62549,2017,-0.008354293540947346,-0.007148008786030889,2497.2714096848536,-3019.824116377572,27243,34890
8,220,62075,2014,-0.00827647741700127,-0.007108678445377873,2484.213863875777,-2997.9761995361278,27070,34588
8,221,61521,2010,-0.0083018791567286,-0.007029382098485432,2463.025426502459,-2973.765334103557,26854,34254
8,222,60910,2007,-0.008488853328252423,-0.006980910935794675,2432.8770275700913,-2949.9330837939406,26568,33932
8,223,60224,2006,-0.008675506732601555,-0.00678839908059877,2398.368691275234,-2920.8424087394296,26274,33557
8,224,59476,2005,-0.008892776877363453,-0.006505940001359721,2360.3571222628107,-2889.2639198208803,25902,33158
8,225,57579,2004,-0.008939456719474308,-0.00659546061792692,2279.77398027569,-2794.498958726297,25076,32100
8,226,55646,2000,-0.008839145254673999,-0.008798855547172515,2205.819879945402,-2697.6829567869995,24226,31029
8,227,53740,1991,-0.008665117969696006,-0.008293691583991562,2135.0323736085506,-2600.6958133000126,23381,30004
8,228,51878,1984,-0.00855329533442919,-0.008079805008308133,2064.6101309189585,-2508.3379862784805,22541,29005
8,229,50031,1980,-0.008479516278755216,-0.009182386144540476,1991.4984360180515,-2415.7371149604555,21702,27992
8,230,48192,1969,-0.00832186122763172,-0.00989268711430276,1921.1350972312607,-2322.182233513291,20887,26991
8,231,46386,1954,-0.008088960319680885,-0.008801208046499469,1854.3482410259944,-2229.5627544147114,20114,25923
8,232,44672,1944,-0.00779120391074296,-0.008771081641755387,1794.707840940824,-2142.7565020415263,19419,24939
8,233,42938,1934,-0.007555902263959308,-0.00912872112300723,1731.5517752926444,-2055.987106702526,18685,23945
8,234,41261,1923,-0.007255124908548784,-0.009096196854693756,1670.7812642056556,-1970.1349730572892,17965,22986
8,235,39628,1887,-0.006933486625260202,-0.009335175077004283,1610.119350661311,-1884.8795586471115,17280,22051
8,236,38087,1865,-0.006665203692942045,-0.009806700491418891,1554.1369556560805,-1807.9945687091638,16629,21169
8,237,36591,1842,-0.006150069950987151,-0.010173755133232458,1504.1346768055064,-1729.1718863820752,16016,20303
8,238,35175,1797,-0.005592530343253135,-0.010793702897073494,1456.6939976511155,-1653.4112524750467,15405,19481
8,239,33830,1004,-0.004951336024980119,-0.00243515284847265,1410.3707137330894,-1577.8744114581675,14898,18657
8,240,33656,1002,-0.00473732820084363,-0.0034288347443850106,1411.1944772253455,-1570.6339951529385,14812,18571
8,241,33507,1001,-0.004540560758902894,-0.0035655447420080717,1412.4304032218906,-1564.5709725704507,14770,18482
8,242,33334,1001,-0.00436058011782185,-0.0037586634617783783,1411.7363443237005,-1557.091921971174,14696,18383
8,243,33132,999,-0.004105842841722106,-0.0037874630854482657,1410.4611963562102,-1546.4959813881467,14611,18248
8,244,32932,998,-0.0038413202662214265,-0.003261395626265856,1409.5435538533259,-1536.04591286053,14548,18114
8,245,32714,995,-0.0036316776764433894,-0.002874984487201031,1406.4587121006803,-1525.265415607852,14465,17988
8,246,32488,995,-0.003396896386815876,-0.002965246216580379,1402.8666169870844,-1513.2249868019574,14396,17845
8,247,32163,993,-0.0031029623552087837,-0.0027780556386291875,1394.9569988749736,-1494.757577105552,14281,17637
8,248,31841,992,-0.002822929448343827,-0.0029127710489898853,1386.6496940373918,-1476.5345906021073,14165,17433
8,249,31511,988,-0.0025349899601295133,-0.002458870738005746,1378.1581737141596,-1458.0382423478015,14042,17236
8,250,31178,987,-0.0022111437008351807,-0.0024522080525998325,1372.2861400926517,-1441.225178397289,13945,17000
8,251,30650,986,-0.0017330941629182675,-0.0020718225943572913,1356.7036728558721,-1409.8230089493197,13766,16655
8,252,30125,979,-0.0012623685333565174,-0.0018667914923380902,1341.3748035769108,-1379.403655644275,13524,16362
8,253,29582,979,-0.0008942325810578361,-0.0012926184039826474,1324.0275881309144,-1350.480776343767,13333,16018
8,254,28988,977,-0.0006457762398148328,-0.0015167890653001955,1304.1536476483657,-1322.8734092881211,13086,15685
8,255,26840,975,-0.0004756473332252613,-0.001538252226518989,1211.4096864024527,-1224.1760608262196,12136,14498
8,256,24700,969,-0.0003081330890634678,-0.0007041679514574207,1118.2988020296293,-1125.909689329494,11163,13349
8,257,22587,962,-0.00012643540389347625,-0.0013705911399642245,1025.8142076174006,-1028.6700040851417,10199,12214
8,258,20514,961,0.00006615628180834486,-0.0015874845624233073,935.5067669710065,-934.149637005991,9267,11091
8,259,18443,958,0.0003067138001559047,-0.0016172832819749492,844.4433698397573,-838.7866472234826,8381,9922
8,260,16380,954,0.0004922506194666935,-0.002184974793308478,752.504259293659,-744.4411941467952,7432,8823
8,261,14358,940,0.0006286294166099566,-0.0021758652687552033,660.8217749864064,-651.7959138227206,6511,7737
8,262,12409,936,0.000716759117662084,-0.003054814387526554,572.7137547951755,-563.8194909041058,5627,6684
8,263,10468,929,0.0008814295464087835,-0.0036505645114254678,484.89745300668324,-475.6706485148761,4758,5626
8,264,8541,926,0.0011667552626429612,-0.003979493549824415,397.45385902847477,-387.488602330241,3888,4587
8,265,6640,889,0.0016261110142621509,-0.00010160188460109298,309.8856352793894,-299.0882581446882,3004,3593
8,266,4932,884,0.0010254419133012306,-0.0008249900744301635,230.6015379415335,-225.5440584251317,2232,2669
8,267,3247,875,0.00045628711470429705,-0.002123575364298982,152.5429854339824,-151.06142117253765,1465,1759
8,268,1590,858,0.00003340921777365128,-0.004057821017792312,75.7844241947095,-75.73130353844945,713,866
9,0,82005,2117,0.0,0.0,0.0,0.0,0,0
9,1,74564,2117,0.00007014072026193254,0.00005940171800042748,273.11807133014605,-267.88809866453454,33925,34557
9,2,74099,2117,0.00006506285148452444,0.00007426990301705573,371.96224041103324,-367.1411481788827,34229,35484
9,3,73735,2116,0.00004329265115076436,0.00008395486080630684,444.222659915264,-441.03047628266347,34317,35833
9,4,73550,2115,8.023395153259463e-6,0.000023939697321034854,505.07878333738967,-504.4886626238672,34434,36087
9,5,73462,2115,-0.000018454059261439943,-0.000025607982384862207,559.2320798103575,-560.587751911822,34384,36389
9,6,73358,2115,2.8464324945595736e-6,-9.331787817044834e-6,611.534579889937,-611.3257712949999,34633,36264
9,7,73348,2115,0.00001626647198147445,0.0000472181977662034,659.0409810210282,-657.8478678341311,34768,36258
9,8,73253,2115,0.000022310344184961536,0.0001027352823962461,701.4580852939806,-699.8237856514029,34762,36424
9,9,73198,2115,-8.040421058055151e-6,0.00003507171971676925,739.8028406440743,-740.3913833846839,34759,36481
9,10,73116,2115,-0.000010886152249539768,0.00010485052960569249,775.6309782473628,-776.4269301552374,34692,36450
9,11,73154,2115,-0.000025941493070167914,0.000055568276474212665,810.2599067466804,-812.1576307307351,34817,36445
9,12,73167,2115,-0.000053081061048214426,1.2295746400107647e-6,842.5481392839505,-846.4319212776662,34880,36563
9,13,73030,2115,-0.00009649380145231552,-0.000026819857043136897,872.2007517315228,-879.2476940515866,34683,36577
9,14,73091,2114,-0.00011352068902363984,-0.00008658655993276122,904.9903126678237,-913.287653349253,34719,36762
9,15,73056,2114,-0.00013468065966603618,-0.00003460330034852389,934.69877856254,-944.5380088351026,34557,36881
9,16,72995,2114,-0.0001958376911213109,-0.0001476954957094139,958.8585810241059,-973.1537532875038,34521,37002
9,17,72913,2114,-0.00023482024172879272,-0.00011898497385517236,982.9367810993286,-1000.0582293845008,34368,37017
9,18,72816,2114,-0.0002612018783621411,-0.00013867767416142897,1005.1376622825098,-1024.1573382573242,34273,37121
9,19,72815,2114,-0.0002883606642582072,-0.0001476911370926472,1026.8098692670997,-1047.8068510350595,34221,37271
9,20,72681,2112,-0.0003782582744622446,-0.0004280717890267665,1047.3080282586893,-1074.8002179048722,34140,37216
9,21,72677,2112,-0.0004260445310672184,-0.0005054461204764493,1068.8322517342272,-1099.7958901186,34060,37250
9,22,72587,2112,-0.0004914113946168219,-0.0005587747654724035,1089.9455035357655,-1125.6155824368195,33978,37308
9,23,72541,2112,-0.0004990803371165142,-0.0005996028999805097,1114.7432420593955,-1150.947028794163,33968,37292
9,24,72549,2112,-0.0005585005367151519,-0.0007072756434361805,1135.238738968013,-1175.7573944061562,33856,37467
9,25,72587,2112,-0.0006050302032486453,-0.0007152955060820055,1156.180787257041,-1200.098114620253,33900,37504
9,26,72417,2112,-0.0006434508656102286,-0.0007405059502892016,1173.8807961899122,-1220.4775775248113,33839,37460
9,27,72507,2111,-0.0006827388344611815,-0.0007970006606484275,1192.2365750654765,-1241.739919735749,33834,37510
9,28,72454,2111,-0.0007020822753722709,-0.0008544031102795969,1210.3618562929043,-1261.2305254727246,33903,37426
9,29,72304,2111,-0.0007513221681544786,-0.0008826966990692186,1225.1725274991095,-1279.4961255453522,33948,37245
9,30,72257,2111,-0.0007948890281126717,-0.000843568878986351,1241.5803411084728,-1299.0166376128104,33857,37313
9,31,72168,2111,-0.0008713311832723306,-0.0009912388537463945,1256.2228593994878,-1319.1050882338825,33827,37257
9,32,72122,2110,-0.0009269031433565928,-0.0009669069131155226,1270.1178606375788,-1336.9679691427393,33777,37306
9,33,72146,2110,-0.0009372683687392219,-0.0010989558923646808,1286.0724274836064,-1353.6925912146683,33780,37297
9,34,72076,2110,-0.0010198189719774684,-0.0012217815744699479,1300.3286043337419,-1373.8330765579885,33566,37425
9,35,71980,2110,-0.0010791380338547602,-0.001185385921774368,1314.3264580239695,-1392.0028137008378,33538,37404
9,36,72005,2110,-0.0011039970647482103,-0.0013026356314209914,1329.5887079813147,-1409.0820166285075,33636,37376
9,37,71829,2110,-0.0011902385382454108,-0.0013097361588056747,1340.3997022227982,-1425.8933461864297,33493,37353
9,38,71831,2110,-0.0013004556410722984,-0.001282936345273813,1351.240508633863,-1444.6535377877244,33508,37315
9,39,71710,2110,-0.0013431786623500038,-0.0013536085015643995,1363.3366670793794,-1459.6560089564944,33443,37291
9,40,71727,2110,-0.0013935727184932513,-0.0013465432519691133,1376.4161842879882,-1476.372974667355,33419,37285
9,41,71599,2109,-0.001448474480414865,-0.0014598552022051137,1386.8569481881107,-1490.5662725113355,33269,37376
9,42,71613,2110,-0.0014925070573133452,-0.0014841760897078135,1401.3912699916357,-1508.274177887017,33278,37315
9,43,71446,2108,-0.0015587177742391251,-0.0014551678546209238,1413.7119533784448,-1525.0761034767327,33185,37305
9,44,71469,2104,-0.001464647093574407,-0.0013775385817932065,1434.8116991003192,-1539.488562230989,33241,37266
9,45,71442,2104,-0.0014517507747386458,-0.0013922977722071457,1451.275627458359,-1554.9916063072417,33135,37354
9,46,71395,2104,-0.001501797015737779,-0.0013228080175617576,1464.8822783228343,-1572.1030762614303,33034,37402
9,47,71332,2102,-0.0015353922137301941,-0.0015137918597897453,1478.551412624706,-1588.0740100145047,33005,37371
9,48,71303,2103,-0.0015878819771631123,-0.00174310976756225,1489.7290061225374,-1602.949754740195,32933,37394
9,49,71320,2103,-0.001572894938333812,-0.0016139875696785306,1505.372484566217,-1617.551351568185,32987,37445
9,50,71234,2103,-0.0015595017865975163,-0.0016474866617900155,1517.8486711359856,-1628.9382214024713,32895,37429
9,51,71163,2103,-0.0016040781271410333,-0.0016658600912462628,1528.4335556105032,-1642.5845673722372,32862,37442
9,52,71096,2103,-0.0017166485908555592,-0.0017477166189740093,1534.7264308911617,-1656.7732791066321,32799,37423
9,53,71144,2103,-0.0018286436414595125,-0.0018416270716107251,1543.829762765652,-1673.9267859936433,32813,37480
9,54,71095,2103,-0.001810878810730706,-0.0019230681784442795,1557.0621724323603,-1685.8066014812568,32750,37503
9,55,71025,2103,-0.0018267222598411898,-0.0019715294543878187,1569.1236324477468,-1698.8665809529687,32735,37528
9,56,71079,2103,-0.0019225475922703735,-0.0020963511459328216,1580.0296886224842,-1716.6824489334674,32701,37562
9,57,70999,2102,-0.0020355781887464765,-0.0023337980997609415,1585.4358015203295,-1729.959817343139,32661,37492
9,58,70967,2101,-0.002138810084482954,-0.0024960273231656093,1591.8309862833007,-1743.615921548796,32599,37572
9,59,70928,2102,-0.0022856014580119014,-0.0026045635737475792,1597.4821208323847,-1759.5952610462507,32464,37676
9,60,70856,2102,-0.002438603201016534,-0.0027619218668337954,1602.2279035867316,-1775.0175719979586,32389,37691
9,61,70868,2101,-0.002559535126750664,-0.002941310905597475,1608.4933252916408,-1789.882460654207,32419,37701
9,62,70739,2101,-0.0026631638991917767,-0.003113815473443261,1615.5260940233643,-1803.9156450882901,32175,37796
9,63,70845,2101,-0.002729453822774943,-0.003004341256838084,1626.5740224666115,-1819.9421785410989,32211,37910
9,64,70816,2101,-0.0028320083673868167,-0.0031439309027320008,1638.378848278752,-1838.9303528236094,32140,37912
9,65,70828,2101,-0.002856649947122522,-0.0032073198298448085,1652.787938280319,-1855.118740735112,32119,37961
9,66,70724,2100,-0.002959545007868656,-0.0032482672747464756,1659.4312065214228,-1868.742067657925,32091,37902
9,67,70716,2099,-0.002955850641034143,-0.003198045400497228,1672.8444624433841,-1881.8703963747573,32018,37926
9,68,70666,2100,-0.0030136122459422784,-0.003185646137403954,1682.7716572771644,-1895.7315802489259,31933,37932
9,69,70718,2100,-0.00310126892638651,-0.0032757513015940097,1691.5288550325079,-1910.8443909687128,32033,37929
9,70,70660,2100,-0.0031491327380463023,-0.003204471561134629,1701.0703291551663,-1923.5880484255208,31997,37904
9,71,70610,2100,-0.0032625695622792825,-0.0032347323616485134,1704.2042342830316,-1934.5742710755767,31984,37934
9,72,70545,2100,-0.003227307762448702,-0.0032441600073739017,1717.4412249529566,-1945.1116510548998,31933,37840
9,73,70509,2100,-0.003242896026672634,-0.003215862337973294,1726.5374074736242,-1955.190763418286,31838,37920
9,74,70571,2093,-0.0032759260609775197,-0.0032366848062056297,1738.9607040171716,-1970.1460820664156,31969,37856
9,75,70431,2094,-0.0032098563611436697,-0.0032634633831058555,1751.297859310614,-1977.3712526823194,31910,37784
9,76,70452,2092,-0.0032656980302464087,-0.003322050320833811,1762.2634142536945,-1992.3383718806178,31760,37961
9,77,70480,2094,-0.0031637176248986974,-0.003268955288030448,1781.1960651434304,-2004.174883346289,31853,37894
9,78,70429,2094,-0.0031092060083380366,-0.0032914578375835796,1796.648964146143,-2015.6272341073816,31913,37773
9,79,70320,2093,-0.003128311287175673,-0.003217963372752798,1807.0302885005303,-2027.013138214726,31751,37852
9,80,70399,2094,-0.003129413754184294,-0.0031708586880606865,1818.3595089050377,-2038.6671077858607,31885,37769
9,81,70343,2092,-0.0031911472446886323,-0.0031286990533375687,1825.3882131367322,-2049.863083769868,31863,37812
9,82,70343,2092,-0.0031139097575520816,-0.00308306362518268,1841.025536581357,-2060.067290656838,31860,37791
9,83,70257,2092,-0.0031977925084910055,-0.0030647497091581765,1844.1749467411657,-2068.8422550102223,31885,37671
9,84,70239,2092,-0.0032242092406546716,-0.003139262383102243,1853.9668058648272,-2080.4320387191783,31782,37788
9,85,70231,2091,-0.0031818191712021226,-0.0030422999200817548,1866.1328188731782,-2089.595161085873,31839,37729
9,86,70220,2091,-0.00324023355927088,-0.003174997812950163,1872.136481623022,-2099.6656821550228,31779,37759
9,87,70249,2090,-0.003256894334007249,-0.0031099862517934575,1882.5481774266,-2111.3417474962725,31825,37770
9,88,70142,2089,-0.0032642730219078465,-0.0031434571661473915,1892.051237126117,-2121.013875428787,31816,37655
9,89,70165,2090,-0.0033270220956954587,-0.0032222224595751933,1900.182989049256,-2133.6234943937225,31767,37719
9,90,70089,2089,-0.0034126359667424715,-0.0032565478849297777,1906.365018049505,-2145.5532603225165,31716,37703
9,91,70123,2090,-0.003463030269798286,-0.0033601834299608626,1914.1474712456456,-2156.985542854707,31717,37705
9,92,70022,2090,-0.003616028592714596,-0.0034805976860025397,1916.6205036188996,-2169.822057737957,31686,37650
9,93,70004,2090,-0.0037644872330828572,-0.0034295816925233283,1919.7737223738045,-2183.302886638539,31692,37641
9,94,70039,2089,-0.003930708938011247,-0.00372592395277152,1922.9145720284666,-2198.2174953378453,31660,37728
9,95,69899,2089,-0.0040777466677211875,-0.00387797035573733,1922.6920453944124,-2207.7224597214577,31489,37736
9,96,69914,2090,-0.004202288288618658,-0.004030033046521585,1928.8177905996627,-2222.6165740101424,31504,37742
9,97,69870,2090,-0.004298704198639719,-0.004228992104471781,1935.4827557670967,-2235.8332181260544,31470,37773
9,98,69883,2087,-0.004440759135769317,-0.004282205976194937,1941.280039397008,-2251.613610081972,31460,37791
9,99,69815,2089,-0.004558180002782487,-0.004371880336067321,1944.1644029553281,-2262.3937398495927,31404,37796
9,100,69847,2089,-0.0047639913140037305,-0.004507082771236658,1944.3466037128853,-2277.097105022105,31314,37952
9,101,69896,2089,-0.004904646280219181,-0.004677810623502589,1947.4626268599222,-2290.277783262119,31315,37970
9,102,69887,2089,-0.005039891559562823,-0.004686115439880983,1950.8087530858963,-2303.0316545090636,31234,38070
9,103,69783,2088,-0.005245273982329526,-0.00480794935956751,1953.5530630729402,-2319.584017381849,31084,38065
9,104,69762,2090,-0.005322464260122587,-0.004829619647306894,1960.2820017086356,-2331.587753423311,31129,38037
9,105,69772,2088,-0.005382979403927763,-0.004997941913173059,1968.5017938577557,-2344.083032828608,31098,38061
9,106,69699,2088,-0.00557952811537193,-0.005076324183807049,1968.0983301253434,-2356.9858602386494,31012,38103
9,107,69644,2087,-0.005714756433142474,-0.0051753721917026435,1971.758085583773,-2369.7565826135487,30977,38073
9,108,69705,2088,-0.005829103631637635,-0.005214441631572447,1978.3568087815481,-2384.674477424847,31007,38071
9,109,69725,2087,-0.00599801695842454,-0.005494190416260921,1981.4088648126888,-2399.6205972388475,30969,38181
9,110,69634,2086,-0.006071170314063702,-0.005638231176888209,1992.3622187601163,-2415.1220924096297,30882,38113
9,111,69607,2084,-0.0062606637697405305,-0.005718911881375358,1994.7704771674225,-2430.5565001877526,30816,38172
9,112,69655,2085,-0.006376994137398374,-0.005974952723332005,2001.4998141351343,-2445.689340775613,30738,38323
9,113,69640,2085,-0.006426891023822783,-0.005941335822137508,2009.6781870584493,-2457.246877957472,30698,38321
9,114,69588,2085,-0.006597886797250946,-0.005947525866454862,2010.9209835262511,-2470.0547299733544,30570,38428
9,115,69541,2085,-0.0067704812342429385,-0.00609491291970295,2011.944920464636,-2482.7709559751233,30559,38385
9,116,69532,2084,-0.006858922337970589,-0.006220536268572444,2015.5404834155277,-2492.4550714192956,30545,38386
9,117,69442,2085,-0.006976246188963942,-0.006278123623262762,2017.1026999590977,-2501.5471878131243,30503,38313
9,118,69433,2085,-0.007047246327452849,-0.0062837131911033265,2020.2013118578707,-2509.5127661119036,30566,38283
9,119,69369,2084,-0.007161832883156609,-0.006468843509351132,2022.2395125430025,-2519.048697814689,30513,38258
9,120,69253,2082,-0.007207550538713889,-0.00657544948088675,2027.3243510016493,-2526.468848459206,30441,38216
9,121,69303,2082,-0.007297736204796939,-0.006832752424118398,2032.148025819766,-2537.9030380208005,30424,38257
9,122,69290,2081,-0.007378857545627336,-0.006858701839166847,2038.3667689163399,-2549.647808252841,30423,38279
9,123,69298,2082,-0.007479910939260212,-0.006998707138110467,2042.5057649826992,-2560.848633251562,30519,38182
9,124,69237,2082,-0.007567897266871266,-0.006994441343309087,2043.5715191771808,-2567.550022243542,30462,38137
9,125,69214,2081,-0.007683702683246175,-0.007079550235199251,2046.121877813139,-2577.941675331346,30422,38161
9,126,69230,2082,-0.00782004204955955,-0.0072100576848104095,2048.6298590983033,-2590.0113701893224,30387,38231
9,127,69140,2082,-0.007859329647096621,-0.007256966152290809,2052.8422630473756,-2596.236314847639,30342,38219
9,128,69088,2082,-0.007909351462580342,-0.0073201584580204655,2058.189308807167,-2604.6305826539215,30287,38204
9,129,69055,2082,-0.007973240084842799,-0.007379238555448024,2063.801432160459,-2614.393526219277,30318,38154
9,130,69028,2081,-0.007934145004713945,-0.007270470670002638,2069.1708595218097,-2616.8490209072083,30260,38190
9,131,68996,2082,-0.0080201809852744,-0.007572396040193948,2075.996613194252,-2629.3570204542334,30181,38206
9,132,69031,2080,-0.008062458508410694,-0.007768615861963309,2083.1823735469816,-2639.7419468410867,30181,38282
9,133,68969,2080,-0.008143264439536599,-0.00794176733503488,2088.0634810475094,-2649.696286177914,30093,38305
9,134,69015,2080,-0.008152612962623226,-0.00793579283992263,2097.9417916674242,-2660.5943752828725,30142,38303
9,135,68979,2079,-0.008197865328870518,-0.007827970071196032,2105.3186460876873,-2670.7991986078496,30071,38339
9,136,68932,2078,-0.008323173286524072,-0.00785728540720829,2106.2783526535814,-2680.011333640263,29986,38373
9,137,68891,2077,-0.008409755381655757,-0.007937600417219868,2112.5751663403253,-2691.9316243379694,29979,38336
9,138,68891,2078,-0.008502911794384687,-0.008012016753842067,2118.8302507491653,-2704.6043471761145,30005,38324
9,139,68912,2077,-0.008565818326535449,-0.008027547057224797,2124.8109867201665,-2715.0986592383692,29938,38400
9,140,68846,2077,-0.008595534194917069,-0.007998072856924342,2130.5653066702002,-2722.333453853453,29976,38338
9,141,68807,2076,-0.008647179037912815,-0.008053928430634592,2138.1585716457084,-2733.1450197073727,29958,38304
9,142,68780,2076,-0.008656561675189247,-0.00801402765711425,2147.8511122363802,-2743.24942425589,29966,38254
9,143,68694,2073,-0.00861997163824497,-0.00800215717206736,2156.4201561137374,-2748.560487831334,29906,38243
9,144,68622,2073,-0.00857007577954333,-0.008116852133383194,2168.359217504633,-2756.454957648464,29924,38179
9,145,68645,2072,-0.008645548034886352,-0.00816949471184404,2175.5359132353005,-2769.009558090072,29888,38247
9,146,68554,2072,-0.00871167661938517,-0.008146373785278231,2179.876030380314,-2777.0963093456457,29839,38180
9,147,68596,2072,-0.008700040499429674,-0.008126694781118932,2189.149798687747,-2785.937776786617,29883,38222
9,148,68595,2072,-0.008620829490895487,-0.008045927154212545,2199.1265322968748,-2790.4723312248507,29885,38195
9,149,68609,2072,-0.008586359853867886,-0.008276114851749542,2210.7949444042165,-2799.896507618237,29923,38203
9,150,68574,2072,-0.008535482531462694,-0.008229187009767333,2218.3608493985225,-2803.673028511047,29932,38154
9,151,68588,2072,-0.008511322316181699,-0.008092245857905755,2227.1987851804383,-2810.9733602027068,29960,38111
9,152,68532,2072,-0.008411938799875075,-0.00803978603505453,2238.0433029110986,-2814.5302927441435,29994,38026
9,153,68503,2072,-0.00827429759267246,-0.007943909691814471,2250.352062279469,-2817.1662702703097,29982,38016
9,154,68426,2070,-0.008196942452391364,-0.007866304791884592,2260.4883165154993,-2821.372300762835,30033,37902
9,155,68428,2070,-0.008168853736345075,-0.007809569595425211,2269.852499950779,-2828.83082342141,30026,37934
9,156,68385,2069,-0.008005629218606378,-0.007718020693915213,2282.899211543699,-2830.3641656580867,30097,37790
9,157,68370,2069,-0.007959734977964327,-0.007677073200451544,2290.823072662192,-2835.0301531056125,30154,37719
9,158,68321,2069,-0.008006688536790336,-0.007703491300594247,2295.2540865586284,-2842.2790540806686,30091,37785
9,159,68258,2069,-0.007975725483886552,-0.007865109891513813,2300.4988441679284,-2844.9059142470524,30051,37721
9,160,68258,2069,-0.007985493405510196,-0.007934528719708574,2306.837331854135,-2851.9111407274518,30115,37668
9,161,68175,2068,-0.007971998331154556,-0.007842135950615815,2308.8655761830764,-2852.3565624095386,30102,37587
9,162,68112,2066,-0.007992164358941477,-0.007802831467591631,2311.474020655086,-2855.8363194712906,30125,37499
9,163,68025,2065,-0.008055790183014947,-0.007808248357732135,2313.425737689552,-2861.420864889151,30043,37502
9,164,68032,2064,-0.008043451927951736,-0.007590595546910723,2320.985703702879,-2868.1978252652875,30060,37470
9,165,67914,2063,-0.00805500577795332,-0.007739929283900694,2326.212940686746,-2873.260603090672,30068,37403
9,166,67906,2062,-0.008108761907066128,-0.007699379816846852,2333.321841700437,-2883.955427761669,30008,37421
9,167,67825,2061,-0.00809664936614096,-0.0078098342569565965,2340.8588515589317,-2890.0140948174485,29905,37437
9,168,67715,2061,-0.008156822005068318,-0.007660800942461309,2340.799078755963,-2893.138280829158,29839,37402
9,169,67627,2060,-0.008315164699912279,-0.007924047964777787,2337.2420119904655,-2899.571655151434,29758,37396
9,170,67570,2059,-0.008434179464823662,-0.008052648911426687,2335.6070646780927,-2905.504571116221,29733,37327
9,171,67442,2058,-0.008580121596425171,-0.008165204775995588,2332.134482735991,-2910.7950434421086,29613,37339
9,172,67367,2058,-0.008659692060579456,-0.008296211219631438,2332.9739238745206,-2916.3513989195744,29567,37356
9,173,67281,2058,-0.00878283217071701,-0.008236258724238884,2332.556759222996,-2923.474490501005,29448,37359
9,174,67190,2058,-0.008874290048516843,-0.008070277136862753,2331.3365605514555,-2927.600108911302,29332,37386
9,175,67080,2058,-0.009014554715256928,-0.008209565286086963,2326.9602119800406,-2931.6565422794824,29233,37389
9,176,66975,2057,-0.009134327348091617,-0.008274343369323851,2325.680032606283,-2937.451606744718,29136,37342
9,177,66869,2056,-0.009175995766305858,-0.008387184764378634,2325.9558871594654,-2939.5455480565756,29145,37275
9,178,66743,2055,-0.009186728659865244,-0.008505257129577722,2326.9730946855616,-2940.1229256309525,29043,37231
9,179,66656,2055,-0.009253864216577224,-0.008178927404533172,2328.3093274906946,-2945.134900710874,28991,37179
9,180,66558,2053,-0.009266197537416138,-0.008104253561148526,2330.3181183757624,-2947.0576940710907,28968,37149
9,181,66407,2053,-0.009330691272970858,-0.00813406644545532,2329.770336688293,-2949.3935520524647,28857,37071
9,182,66269,2052,-0.009368931824599407,-0.008063844626629261,2331.0230604420235,-2951.892803526412,28829,36937
9,183,66212,2051,-0.009257756146823178,-0.007964443528542132,2339.118310011166,-2952.0928600046173,28855,36885
9,184,66046,2048,-0.00920580002529495,-0.007959436058682125,2346.86693220969,-2954.8732006803193,28737,36852
9,185,65925,2046,-0.009042203552688534,-0.008014516294781908,2358.4594735279534,-2954.566742738946,28717,36722
9,186,65822,2044,-0.009007585141588293,-0.007967474278869683,2362.6353096897406,-2955.5325788793602,28747,36629
9,187,65669,2043,-0.00899636454067587,-0.007746276745571019,2365.81576137496,-2956.5980243966033,28717,36506
9,188,65561,2043,-0.008909219576693115,-0.007642183685289652,2372.8252826470903,-2956.922627314665,28692,36404
9,189,65410,2038,-0.008880432160343803,-0.007651026172270304,2376.578548499424,-2957.4476161075204,28645,36287
9,190,65252,2038,-0.00879433747550806,-0.007627564284994553,2381.924291048129,-2955.772399999979,28553,36218
9,191,65073,2037,-0.008692416600338782,-0.007650950188185254,2387.939301683793,-2953.580927117645,28510,36082
9,192,64907,2035,-0.008611620739558366,-0.007221615115076276,2393.669890020817,-2952.624357363325,28527,35964
9,193,64716,2034,-0.008443515933569424,-0.007075617174544658,2401.3233690996976,-2947.7539462565787,28422,35817
9,194,64516,2031,-0.008279388513152328,-0.007037738656154867,2410.9158302341243,-2945.068859548653,28296,35758
9,195,64332,2029,-0.008114049746958936,-0.006694204751934816,2420.38735428062,-2942.3804026019798,28234,35671
9,196,64095,2029,-0.008038191453340253,-0.0066584392559639145,2423.1118321024173,-2938.319713304259,28091,35578
9,197,63855,2027,-0.008189464191684079,-0.006718753539222538,2414.251496874108,-2937.189732834096,27924,35504
9,198,63597,2027,-0.008209013955923454,-0.006834796190821949,2408.2787965444777,-2930.347457099333,27844,35305
9,199,63301,2024,-0.0082494535759433,-0.006773657714867806,2400.8911226770397,-2923.089783487821,27689,35177
9,200,62993,2021,-0.008224598215312545,-0.0069136611298652294,2395.437825980201,-2913.529941357381,27577,34991
9,201,62652,2019,-0.00822024479449937,-0.007122327305852858,2387.3160702161817,-2902.3308470811594,27464,34761
9,202,62274,2016,-0.008256046411757563,-0.0070736023422379906,2371.8948031778095,-2886.031837423608,27221,34602
9,203,61885,2012,-0.008277860764977538,-0.0070829000749177,2360.222450880374,-2872.497864321009,27090,34365
9,204,61455,2011,-0.008284446093239934,-0.0069245841655968575,2346.7089058588294,-2855.8295405188874,26914,34090
9,205,60993,2010,-0.008255754047014839,-0.007105070595351883,2333.2172233907327,-2836.760429980317,26678,33865
9,206,60436,2007,-0.008253675851115616,-0.006863122542920455,2312.829869052198,-2811.649022790231,26461,33549
9,207,59791,2003,-0.008390055786189817,-0.006878007234887335,2284.2171733886216,-2785.8669989006917,26099,33265
9,208,59111,2000,-0.008588486591728743,-0.006762809390664004,2250.1718997545213,-2757.8459306781924,25804,32897
9,209,58317,1997,-0.008888086004793757,-0.006917130949973851,2209.925608821077,-2728.252120362634,25388,32514
9,210,56441,1993,-0.008926242326064844,-0.007241330299183473,2132.4097127350915,-2636.215755860515,24603,31433
9,211,54588,1985,-0.008801789865309243,-0.009166538838496368,2062.968013068142,-2543.4401182356482,23790,30392
9,212,52721,1975,-0.008618853062710699,-0.00842853187778591,1997.4096247785844,-2451.8041770977507,22984,29359
9,213,50929,1967,-0.008477198553456923,-0.008128783080716594,1932.5639110755924,-2364.2991562046004,22198,28356
9,214,49131,1959,-0.00836544136324395,-0.009246563494962536,1865.1006531778096,-2276.1031527953496,21424,27338
9,215,47366,1954,-0.008211489649766403,-0.009704869033027638,1800.0585197512278,-2189.0039385020627,20665,26334
9,216,45621,1933,-0.00801451765664449,-0.009444961963651936,1736.3516300404283,-2101.981940054206,19880,25367
9,217,43934,1923,-0.007766404011796281,-0.009731601117339247,1680.028394085208,-2021.2375879394663,19171,24431
9,218,42263,1909,-0.007434080626609624,-0.009958444528587252,1625.698567439575,-1939.8851169619727,18468,23452
9,219,40643,1902,-0.007084387567682695,-0.009761430381585365,1572.5619423944595,-1860.4927063077914,17802,22547
9,220,38996,1862,-0.00678732628279025,-0.010167038833518166,1514.4702014646123,-1779.1487771882987,17091,21618
9,221,37505,1838,-0.006454521645008279,-0.010494150499439853,1464.4039484480309,-1706.480782744069,16496,20729
9,222,36082,1818,-0.005955363413664888,-0.01056768912001453,1420.9285672188607,-1635.8099899107176,15876,19929
9,223,34691,1777,-0.00540227402813525,-0.010669985965606135,1379.0245020332275,-1566.434790343263,15294,19126
9,224,33392,998,-0.004747006165345448,-0.002545143233924023,1338.6422906554603,-1497.154320528677,14768,18319
9,225,33209,996,-0.004513722921720869,-0.003677918179032253,1341.2512903633037,-1491.1475148707332,14725,18211
9,226,33041,996,-0.004342765924095913,-0.003872742638991219,1340.532726401506,-1484.0220552995572,14660,18096
9,227,32884,995,-0.00415565941720778,-0.004056789989162205,1340.335244507588,-1476.9899487830537,14582,18013
9,228,32669,994,-0.0039017763096974027,-0.003991859375176126,1338.4727814547007,-1465.9399117162022,14501,17910
9,229,32465,992,-0.0036589912167098787,-0.0034268294159190203,1336.7607921718838,-1455.54994202237,14416,17760
9,230,32250,992,-0.0034191283631821285,-0.003220980254624283,1335.3109594403466,-1445.5778491529672,14313,17681
9,231,32014,990,-0.0031886303466095935,-0.003203359412933757,1331.40905758591,-1433.489869502272,14243,17515
9,232,31673,986,-0.0029311637752394825,-0.0035253519729613863,1323.0791729948062,-1415.9179232479657,14093,17318
9,233,31340,984,-0.0026737650656621687,-0.003691749197805202,1314.9797480194968,-1398.7755451773498,13954,17118
9,234,31004,981,-0.002426714466063456,-0.0029571378692929617,1306.5530989241388,-1381.790954229969,13820,16930
9,235,30661,980,-0.002160002497359524,-0.0032431333862362123,1299.3233284079845,-1365.5511649795253,13715,16694
9,236,30151,979,-0.0017075679601716413,-0.0033708179054495768,1284.7886200482565,-1336.2735016153913,13495,16404
9,237,29611,975,-0.001229634390271972,-0.003081702797973286,1269.7961664377078,-1306.2068703680475,13299,16080
9,238,29048,972,-0.0008897515265341115,-0.0030123158013416877,1251.862881989347,-1277.7083843321097,13045,15775
9,239,28446,972,-0.000627613371120239,-0.003185775504450262,1233.0168116031948,-1250.8699015580846,12774,15431
9,240,26330,971,-0.0003369483754105581,-0.0030732122024210197,1148.0984923722544,-1156.9703430968152,11847,14276
9,241,24224,963,-0.00006639650893582787,-0.0024308834361897926,1062.3246629990401,-1063.9330520315007,10922,13124
9,242,22163,956,0.0001751564005975731,-0.002164899340417435,976.5347318358923,-972.6527405294511,10007,11970
9,243,20135,955,0.0004791982115350448,-0.002196927343770268,893.2734734023209,-883.6248174130628,9113,10866
9,244,18100,952,0.0007767893570642425,-0.002862069650565667,807.6201359684211,-793.5602486055583,8220,9754
9,245,16086,948,0.0010983278147495455,-0.0028851890357900556,721.5765074106629,-703.9088061826016,7343,8637
9,246,14088,929,0.0013907964196375115,-0.002370811290993849,634.7268103192715,-615.1332703594198,6426,7563
9,247,12165,925,0.0015352224416697263,-0.0024895220769125233,550.4295102132397,-531.7535292103274,5517,6547
9,248,10257,922,0.0017830288772102988,-0.002617974005562351,466.84030472342823,-448.5517775298825,4633,5541
9,249,8362,919,0.002217892326111677,-0.0031899995442352625,383.3996274708083,-364.8536118398626,3784,4530
9,250,6497,883,0.0027608350417433615,0.0002971011325798353,299.2141281363738,-281.2769828701672,2935,3511
9,251,4824,879,0.0024285260091109484,-0.00010383221847506165,223.47321737045255,-211.7580079025016,2160,2626
9,252,3166,873,0.0018103439480807997,-0.0018595640182363237,147.4623685104439,-141.73081957082016,1404,1747
9,253,1542,855,0.0012830613413725763,-0.004208373248589512,72.7022066578181,-70.72372606942174,685,852
10,0,80622,2113,0.0,0.0,0.0,0.0,0,0
10,1,73804,2113,-5.460212781010065e-7,6.196184397270345e-6,260.2136055773474,-260.2539041317568,33338,34433
10,2,73367,2113,-0.000029406640084558916,-0.00002666168287139679,350.7933418388655,-352.95081880194834,33823,35149
10,3,73086,2112,-0.00005149401955044452,2.6552549514956138e-6,418.2551010808294,-422.0185929936929,34018,35405
10,4,72898,2112,-0.00009985621321975424,-0.00008549243131208914,474.17917666414274,-481.4584948954351,33913,35801
10,5,72791,2112,-0.00017764645702271598,-0.00016194694015026487,523.2133386175337,-536.1444018706725,33704,36194
10,6,72663,2112,-0.00023049833735160633,-0.00023459492416348274,568.0836523402531,-584.8323530272353,33822,36275
10,7,72626,2112,-0.00028992563738698457,-0.000282627551998281,607.7734294417677,-628.8295687826339,33819,36452
10,8,72534,2112,-0.0003363144472054258,-0.0003459117985448002,644.6316322089556,-669.0258643225546,33886,36526
10,9,72448,2111,-0.00038667094683920923,-0.0003788220499996497,680.0522386342793,-708.0657753908839,33820,36563
10,10,72330,2111,-0.0004711143662431457,-0.0004896132863634257,713.2176021742024,-747.2933042845697,33718,36647
10,11,72214,2110,-0.0005307672300210661,-0.0006247768851011596,746.6955876900174,-785.0244124387572,33595,36787
10,12,72266,2110,-0.0005393320424032879,-0.0006150320715096997,780.5269928757295,-819.5023622520481,33629,36845
10,13,72184,2110,-0.0006101148326670354,-0.0007454633096367247,809.9434624923434,-853.9839915735782,33650,36827
10,14,72057,2109,-0.0006489252749459564,-0.0007417151254729965,837.0252735904551,-883.7848821272354,33466,36874
10,15,72087,2109,-0.000673652786533636,-0.000749109255610409,864.2520322063539,-912.8136406292099,33512,36948
10,16,72001,2109,-0.0007531772064538186,-0.0008863024977452687,888.929621867144,-943.1591339090235,33437,37036
10,17,71899,2108,-0.0008061472926172085,-0.0009456191302263087,912.2921552831853,-970.2533394750672,33406,36955
10,18,71894,2107,-0.0008820272499014438,-0.0011186704184040993,933.7447975772922,-997.157264681708,33418,37064
10,19,71769,2107,-0.0009081522177364278,-0.0010007547482100752,955.3822302627428,-1020.5594067774699,33508,36846
10,20,71742,2107,-0.0009980743097876324,-0.0011138836107328313,973.1490145787135,-1044.7528617114938,33382,36923
10,21,71612,2106,-0.0010414986419423789,-0.0012284951424074574,992.7847810855128,-1067.3685818322879,33403,36754
10,22,71564,2106,-0.0010762068829489018,-0.0012495818721053574,1013.043016394963,-1090.060685766318,33290,36903
10,23,71599,2105,-0.001111641136083857,-0.001320552359402152,1033.3058867058396,-1112.8982804083096,33456,36852
10,24,71510,2106,-0.0012164454752216008,-0.0013913799238891211,1048.3239937213311,-1135.312009654428,33315,36918
10,25,71422,2104,-0.0012243064545363884,-0.0013214762163812094,1067.1906368232123,-1154.6330524191121,33336,36842
10,26,71360,2104,-0.001272329427616179,-0.001250864279549328,1082.6470619231543,-1173.4404898778507,33311,36816
10,27,71303,2103,-0.0013064638409000103,-0.0012768367099371984,1099.8426661915016,-1192.997457439198,33191,36912
10,28,71192,2103,-0.0013435455874733432,-0.0013533110204336355,1116.3834811479314,-1212.0331786113331,33187,36828
10,29,71146,2099,-0.0013339549749487704,-0.0014055401372428747,1135.3431397842305,-1230.2487004319357,33161,36830
10,30,71100,2099,-0.001290206350983683,-0.0013028152978835225,1155.4566433622483,-1247.1903149171872,33137,36800
10,31,71074,2099,-0.0013080832625123435,-0.0014070935768923775,1173.6091803762629,-1266.5798901760652,33126,36818
10,32,70929,2099,-0.0013577512655651243,-0.0014443366684794164,1190.0767217714024,-1286.3806612866715,32992,36776
10,33,70920,2099,-0.0014052021730864036,-0.001448455210940826,1206.7694906852935,-1306.4264288005797,32984,36774
10,34,70862,2099,-0.0014548195696024193,-0.0014586479055777356,1221.561213598035,-1324.6526379391985,32899,36878
10,35,70954,2099,-0.0014823755817366326,-0.001393596387076723,1239.3215005548425,-1344.5019775813794,32873,36992
10,36,70857,2099,-0.0015503461420786281,-0.001527661324591102,1251.9687804570935,-1361.8216570463621,32818,37001
10,37,70804,2098,-0.0016272746150377262,-0.0016049831801513792,1264.8444089439918,-1380.0619607871233,32777,36951
10,38,70851,2099,-0.0017159210334607461,-0.0018276584649278473,1278.2537194002057,-1399.8284405419329,32768,36993
10,39,70855,2099,-0.001751842841833305,-0.0019284907127295567,1292.634397879524,-1416.7612224376237,32684,37094
10,40,70777,2099,-0.0018498793584096566,-0.0018763128992630843,1304.0688415384143,-1434.9977528885772,32604,37136
10,41,70763,2099,-0.0019504188454634607,-0.002026025568792223,1315.5076637613195,-1453.525152522855,32649,37082
10,42,70806,2099,-0.002062209676314268,-0.002162558583398228,1325.5344022391555,-1471.5512205802647,32653,37096
10,43,70719,2099,-0.0022010271632940228,-0.002340840510236053,1335.871120662028,-1491.5255606230207,32554,37152
10,44,70788,2099,-0.0023447497336934278,-0.0023989978576533975,1346.0355006832424,-1512.0156448319315,32556,37261
10,45,70635,2099,-0.002492349866750464,-0.002621165098116312,1353.008732755087,-1529.0558655930108,32430,37187
10,46,70554,2099,-0.0025802331599250983,-0.0026677270553210827,1363.327585457248,-1545.3733558226038,32450,37156
10,47,70617,2099,-0.0026625846826074805,-0.0028437139437232045,1373.258165902312,-1561.2819084340024,32553,37139
10,48,70624,2099,-0.0028019999283185036,-0.0028442186441988964,1382.210002751763,-1580.0984456893332,32472,37213
10,49,70548,2099,-0.0028252473892793144,-0.002793522793914866,1395.4105134435363,-1594.7260662624105,32397,37249
10,50,70462,2098,-0.0029253832831943687,-0.002870076210914097,1406.6898965072628,-1612.8182534077048,32281,37321
10,51,70443,2099,-0.002980134996753001,-0.002877160852046808,1419.8646206574838,-1629.7942702337605,32261,37266
10,52,70438,2099,-0.0030091496977578975,-0.002867017573292292,1431.7053874245967,-1643.663873835268,32318,37220
10,53,70397,2099,-0.003025838497493851,-0.0029157742266581743,1442.8304148657814,-1655.840367573858,32230,37294
10,54,70401,2099,-0.0030634875917296806,-0.0029577827940410594,1454.0762582831424,-1669.7488482285073,32212,37309
10,55,70372,2099,-0.0031201378132522093,-0.0029850339010118712,1464.9122706316448,-1684.4826088258287,32266,37247
10,56,70285,2098,-0.003242918228209349,-0.0031665050677432156,1471.6437862462428,-1699.5722939159332,32224,37202
10,57,70257,2098,-0.003234036001360156,-0.0031342970844010446,1484.4260643945686,-1711.639731742128,32229,37173
10,58,70281,2095,-0.003272005569078167,-0.003075226057036272,1495.9718465230412,-1725.9316699234287,32247,37174
10,59,70181,2090,-0.003331527629664053,-0.003129812167342544,1505.1340409881254,-1738.9439815655787,32167,37154
10,60,70231,2090,-0.0032819531744870674,-0.0030874531612763907,1521.2313975739257,-1751.7262509713257,32099,37203
10,61,70184,2090,-0.0032512196244117086,-0.0030383786886492804,1534.5144738410559,-1762.6980719607623,32035,37292
10,62,70107,2089,-0.003237753945847384,-0.0031183101986155064,1547.6263237007122,-1774.615539582234,31944,37270
10,63,70168,2089,-0.003149289517613351,-0.0031759183327003523,1564.4346413543108,-1785.4139882262025,31940,37377
10,64,70164,2090,-0.0031006294432168444,-0.003078659236555099,1578.7677324348476,-1796.3202966887172,31948,37400
10,65,70081,2089,-0.003110873517712597,-0.0031338937670980158,1588.29533830654,-1806.3084653013539,31850,37390
10,66,70064,2088,-0.0030883739948596293,-0.003093331570333044,1600.944767852325,-1817.328603428169,31810,37413
10,67,69981,2089,-0.003116341952366899,-0.0030488467779594144,1611.770123580859,-1829.8548497494444,31771,37370
10,68,69891,2089,-0.0031591474559056307,-0.00307099165244518,1621.6286373243822,-1842.4246121650858,31637,37440
10,69,69900,2087,-0.0031648639197567577,-0.003211886988572408,1634.3614340850581,-1855.5854220760552,31730,37383
10,70,69867,2086,-0.003183574676687053,-0.003163679339649102,1645.7370754570918,-1868.1638873931875,31634,37386
10,71,69854,2087,-0.003172508517386108,-0.0032042804897757836,1658.8877089479251,-1880.5001189214076,31733,37308
10,72,69829,2085,-0.003288935691490281,-0.0032489808565822737,1665.0978106727937,-1894.76090107387,31652,37363
10,73,69837,2084,-0.0033750788812338724,-0.0033247158621421873,1674.3762259001319,-1910.0816097288562,31680,37326
10,74,69783,2085,-0.0034492490492942338,-0.0033858902484755703,1681.0065799293493,-1921.7055263362497,31661,37324
10,75,69745,2084,-0.003517364077487349,-0.003457114143237953,1689.5766146197313,-1934.8951722040863,31627,37318
10,76,69768,2084,-0.0035777878047057177,-0.003614727511880988,1697.5849336383426,-1947.2000331970492,31710,37244
10,77,69715,2084,-0.0037173301919799146,-0.0037148010801557395,1702.5274997973959,-1961.681174131273,31754,37180
10,78,69664,2084,-0.003865427694748803,-0.0037985607836596796,1703.254432395623,-1972.535587322598,31654,37265
10,79,69583,2084,-0.004061853338360039,-0.003965643335205799,1703.1890993628015,-1985.8250402059075,31592,37225
10,80,69612,2084,-0.004197117896342876,-0.004124158429863215,1705.7225056147602,-1997.892276614989,31675,37154
10,81,69540,2083,-0.004315191172485924,-0.004119924146306242,1710.6256007834481,-2010.7039949181233,31615,37165
10,82,69547,2084,-0.004500484573687215,-0.004278825119965919,1712.9393254943895,-2025.9345261406077,31529,37236
10,83,69471,2082,-0.004585989275291639,-0.004443564730415916,1719.3775965666862,-2037.970857510467,31500,37196
10,84,69471,2082,-0.004770420060943973,-0.004608987992430825,1722.0061898850483,-2053.4120419388923,31453,37251
10,85,69505,2082,-0.004876927501862732,-0.00469337085231912,1728.5524270727778,-2067.523273089745,31482,37301
10,86,69494,2082,-0.005035160389628175,-0.0048567139933627735,1733.4507913703094,-2083.3642274871327,31459,37301
10,87,69401,2082,-0.005167984617449871,-0.005015555832814655,1736.3629226416842,-2095.0262230773346,31275,37360
10,88,69360,2081,-0.0053108462319003845,-0.005077943926871843,1740.216481485936,-2108.576776130548,31210,37381
10,89,69377,2081,-0.005473927872426344,-0.005177166583899222,1746.113888585162,-2125.8785825904833,31177,37477
10,90,69386,2081,-0.005617488321787183,-0.00528093355953488,1751.287487119541,-2141.0625318150646,31130,37526
10,91,69329,2081,-0.00576322080048172,-0.005420756901662779,1755.4762289531557,-2155.034563829753,31110,37481
10,92,69354,2080,-0.00593613720207421,-0.005526622003543835,1760.8540794657326,-2172.5489389783834,31164,37450
10,93,69261,2080,-0.0060720315225000964,-0.0056942939798181515,1764.160208675063,-2184.715183954939,31049,37480
10,94,69221,2078,-0.0062082203776902415,-0.005787900188976593,1771.419951387484,-2201.1591741515917,30984,37534
10,95,69214,2078,-0.006333444364956904,-0.005860064818244694,1777.7283688202808,-2216.0913870964123,30960,37575
10,96,69171,2077,-0.006508639332344978,-0.006075206052292712,1780.500330339103,-2230.7094215967413,30838,37613
10,97,69139,2077,-0.006600818220310301,-0.0063008453190707345,1785.7354947651465,-2242.109465699184,30755,37659
10,98,69072,2077,-0.006728225624429626,-0.00636544888359284,1789.4794660141224,-2254.211466344721,30641,37733
10,99,69000,2077,-0.00686566209870332,-0.006347112478465512,1793.5748901404654,-2267.305574950997,30584,37748
10,100,69025,2077,-0.007026361229476608,-0.006485393212553306,1797.4812905073259,-2282.4758743719462,30540,37795
10,101,68976,2077,-0.007160352417577058,-0.006528795441555696,1802.129384383396,-2296.021852738198,30499,37811
10,102,68890,2077,-0.0072868289888368045,-0.006720208658003395,1804.7878299435658,-2306.777478984539,30433,37761
10,103,68864,2077,-0.0073568432486853805,-0.006793521456341719,1810.286117574437,-2316.9077710519073,30434,37739
10,104,68871,2077,-0.007452499375121649,-0.006876307511301638,1815.5052275561768,-2328.766312020172,30442,37742
10,105,68906,2076,-0.007532937852851581,-0.007004370095310192,1821.288231034306,-2340.3528467228966,30453,37762
10,106,68770,2076,-0.007616687608644382,-0.006969296188029513,1827.0158190436557,-2350.815425890134,30442,37637
10,107,68772,2076,-0.007608443298845846,-0.007130405540421465,1835.9408769539841,-2359.188739502216,30446,37688
10,108,68740,2076,-0.00772155583035751,-0.007338056518503167,1841.177022941743,-2371.9567707205224,30410,37648
10,109,68668,2076,-0.007786466095702558,-0.00734819548770596,1846.0698395837749,-2380.750893443483,30300,37699
10,110,68687,2076,-0.007868872152029017,-0.00736089540231164,1848.9453449285177,-2389.43456643494,30276,37774
10,111,68706,2075,-0.00790605007067037,-0.007240168132920761,1855.650672070615,-2398.8437482260947,30259,37812
10,112,68635,2075,-0.008079639230380437,-0.0077058998313436385,1854.9109636705002,-2409.4570022476473,30160,37830
10,113,68610,2075,-0.008137827054436159,-0.007792833544999735,1860.174673302471,-2418.5109875073344,30159,37806
10,114,68591,2074,-0.008165460961392835,-0.00789360975322278,1867.170820155267,-2427.247952958165,30126,37819
10,115,68517,2073,-0.008252226573213998,-0.008045906241960561,1870.6716375630467,-2436.0894456799515,30096,37775
10,116,68532,2073,-0.00833623777484164,-0.008172297606989976,1877.659975370654,-2448.959022556107,30096,37810
10,117,68532,2072,-0.008375777252162856,-0.008214790275581961,1886.4119359983765,-2460.4207026436043,30031,37846
10,118,68523,2071,-0.008444828427654882,-0.008070713211545896,1892.9391794507735,-2471.604157798964,29993,37914
10,119,68498,2071,-0.008460000686589104,-0.008226336799122347,1902.9270051853277,-2482.4201322153167,30080,37803
10,120,68520,2071,-0.008528589936825818,-0.008182880216693349,1910.1837358526268,-2494.562718323938,30029,37838
10,121,68388,2071,-0.008664612424904704,-0.008258002516305256,1912.6637445704914,-2505.219259084874,29904,37843
10,122,68433,2071,-0.008699015144359772,-0.008277725297330776,1919.956502927276,-2515.256206301249,29936,37843
10,123,68351,2071,-0.008777901455608663,-0.008516750378278336,1925.3432177270984,-2525.3215601194092,29937,37765
10,124,68377,2071,-0.008739242206799024,-0.008539832476732146,1937.919589883659,-2535.4827542579565,30015,37727
10,125,68324,2070,-0.008665032930479629,-0.00840094375050872,1949.5486124155157,-2541.5783223575995,29915,37774
10,126,68300,2070,-0.008668867625012186,-0.008397766816090843,1959.352128797619,-2551.4357875859564,29977,37685
10,127,68253,2070,-0.008606610157448132,-0.008315938709261787,1969.9677686671102,-2557.3947317434204,29936,37664
10,128,68217,2070,-0.00854767243558637,-0.00827461896029461,1980.6701962494249,-2563.7667667878163,30030,37572
10,129,68227,2070,-0.00861699383693694,-0.008330779484776915,1988.6878766717425,-2576.5995151844418,29944,37682
10,130,68114,2069,-0.008577362970580713,-0.008272294181866896,1998.4788723046188,-2582.71737368275,29887,37616
10,131,68197,2069,-0.008586308779916282,-0.008333312721063977,2008.3053785941588,-2593.865878458113,29873,37733
10,132,68131,2069,-0.00848163699043641,-0.008231160358206126,2018.4908948418838,-2596.3533046373072,29916,37640
10,133,68139,2069,-0.008446829284054868,-0.008253995871155361,2029.6642882772742,-2605.2227888634866,29865,37700
10,134,68138,2068,-0.00834112122984128,-0.008170993296803458,2042.3605221753983,-2610.7078405343163,30033,37538
10,135,67964,2067,-0.008245875573978052,-0.008042255025206807,2050.810930120083,-2611.233617629926,29971,37412
10,136,67936,2066,-0.008177509120048906,-0.007909329336193545,2059.988235234015,-2615.5354948136637,30008,37365
10,137,67956,2066,-0.008094397213947776,-0.007842005994643795,2072.1794747598424,-2622.2423318308856,30120,37273
10,138,67869,2066,-0.00804047574510391,-0.007762750880973865,2082.271248331732,-2627.97029667619,30043,37267
10,139,67876,2064,-0.007977736825720446,-0.007687540245922275,2093.2951550224307,-2634.7920198050306,30102,37207
10,140,67820,2064,-0.008015542063105402,-0.007557148801560539,2101.149659834277,-2644.763722554092,30091,37179
10,141,67786,2063,-0.007933869511164593,-0.007585048340881419,2112.0867713728103,-2649.892050056614,30148,37083
10,142,67680,2063,-0.007923510424176307,-0.0073576124578619345,2119.4782742640073,-2655.741459772264,30153,36995
10,143,67649,2061,-0.007925464050055247,-0.007422995317459235,2126.383623441125,-2662.533340963309,30118,37007
10,144,67551,2061,-0.0079451522014611,-0.007398161882499187,2132.1443714954844,-2668.8473478563837,30032,36967
10,145,67534,2060,-0.00794047550744462,-0.007503774481299868,2136.959245271468,-2673.2113181912246,29988,36985
10,146,67464,2058,-0.007983226415858836,-0.007449276206073859,2139.462769813242,-2678.0431567327473,29927,36992
10,147,67369,2056,-0.008006837695580684,-0.00704534187784088,2142.2540670719563,-2681.6667157855286,29885,36952
10,148,67269,2056,-0.008142105874311474,-0.007160030184915615,2143.600784249004,-2691.3121043080614,29838,36905
10,149,67168,2056,-0.008202882578674475,-0.0071747523959327306,2147.142840956032,-2698.114058000447,29732,36871
10,150,67041,2055,-0.008293175384368814,-0.0073124779767206015,2148.5015807324403,-2704.4843516759065,29668,36865
10,151,67026,2053,-0.00839245996360492,-0.007531875774220706,2152.563668641423,-2715.076690162,29591,36919
10,152,66934,2053,-0.00838875513394825,-0.007536818228909688,2158.4132280762806,-2719.9061642119796,29520,36910
10,153,66842,2053,-0.008461740059272214,-0.0076621419648278954,2159.395315730908,-2724.9949447727804,29431,36927
10,154,66726,2053,-0.008623887361418786,-0.008064775306793991,2155.800034789039,-2731.2375428670666,29331,36867
10,155,66596,2053,-0.008646297725930759,-0.008020713489779573,2154.6680289301867,-2730.476872286263,29261,36864
10,156,66475,2053,-0.008816709874443295,-0.00795222933065444,2150.560412531933,-2736.6512014355435,29144,36837
10,157,66408,2052,-0.008876198258790994,-0.008155628091083816,2151.2378829714253,-2740.688456941212,29132,36809
10,158,66279,2052,-0.00895920673285171,-0.008215775326349352,2149.491060362166,-2743.2983234088492,29012,36779
10,159,66185,2052,-0.008970864155618914,-0.008143126392674649,2151.175959464263,-2744.9126036039,28967,36709
10,160,66112,2051,-0.009138729642026354,-0.008264707717158922,2148.4287923765414,-2752.608486470181,28921,36724
10,161,66003,2050,-0.009187901911353904,-0.00829002627133753,2150.622940026638,-2757.0520298817355,28826,36680
10,162,65906,2048,-0.009267683008948965,-0.00845615217889566,2150.0293415715887,-2760.825257959367,28726,36659
10,163,65775,2050,-0.009317600463584642,-0.00849792465814004,2150.7400871157743,-2763.60525760806,28721,36567
10,164,65634,2048,-0.009430486986852763,-0.008301889879296568,2151.070103670227,-2770.0306865653206,28609,36488
10,165,65556,2045,-0.009494513655983963,-0.008390953735599234,2151.6405859329766,-2774.062923164664,28660,36403
10,166,65451,2043,-0.009534870091806128,-0.008279886024367725,2152.5294956949806,-2776.5962780737887,28607,36351
10,167,65312,2040,-0.009533261227806455,-0.008081840615439822,2154.469786960295,-2777.1061442707874,28551,36244
10,168,65206,2037,-0.009458756620434439,-0.007905235400918921,2162.1196054452666,-2778.8872896373123,28513,36162
10,169,65133,2035,-0.009303649157761136,-0.008027635384950329,2175.200930000518,-2781.1755105929706,28584,36068
10,170,65001,2034,-0.009229343046161124,-0.007971492366534952,2184.5320670871697,-2784.4485944306875,28552,35977
10,171,64893,2032,-0.009131441724361984,-0.0077403010333618565,2194.4459038880846,-2787.012551707107,28558,35872
10,172,64766,2030,-0.009127437332933157,-0.007701866055041159,2198.9227254375865,-2790.0703317423336,28484,35776
10,173,64633,2030,-0.009065674904831407,-0.007723966509196237,2204.7253336305257,-2790.667099754493,28454,35690
10,174,64465,2028,-0.008963558548633253,-0.00782794630860038,2211.471481716628,-2789.3072835542716,28349,35637
10,175,64305,2027,-0.008832183306914957,-0.007795395334855179,2218.887899007804,-2786.84144655897,28276,35536
10,176,64114,2025,-0.008730737471198447,-0.007715511179864598,2225.5577850291975,-2785.3202872576153,28247,35359
10,177,63946,2024,-0.008630317184782204,-0.007686477428660615,2231.2146464621405,-2783.0889091602303,28196,35292
10,178,63758,2023,-0.008518641067856356,-0.007493970065934307,2239.068520898643,-2782.2000381030357,28118,35161
10,179,63579,2023,-0.008377810777495892,-0.00776279438982117,2247.116055680489,-2779.768887102905,28020,35069
10,180,63375,2020,-0.008249467927265946,-0.007892899782673645,2254.31770548208,-2777.127735372561,27925,34934
10,181,63139,2019,-0.008140783113843093,-0.007688519891108734,2257.920277989426,-2771.9211830143586,27787,34832
10,182,62913,2017,-0.00819824975825865,-0.007806865813943084,2252.9010352484856,-2768.677522289812,27625,34766
10,183,62645,2016,-0.008218630576272394,-0.007653491765637803,2250.3741721432693,-2765.230284593855,27544,34626
10,184,62384,2015,-0.008294494097722954,-0.007507205141248286,2243.2270158803003,-2760.6707356726515,27476,34438
10,185,62058,2014,-0.008313491273048408,-0.007347591422109627,2236.843093618132,-2752.7617350409637,27299,34260
10,186,61742,2012,-0.008318773282960453,-0.00736329504510013,2229.644634086193,-2743.262334122742,27142,34141
10,187,61336,2009,-0.008311730354279989,-0.0072617036645986986,2218.3770985826336,-2728.1853915927595,26934,33909
10,188,60917,2005,-0.008378615012968854,-0.007454381697234294,2204.5840170878646,-2714.9841078328736,26716,33747
10,189,60470,2003,-0.008414573291799713,-0.007378206520269392,2192.0239521734284,-2700.853199128555,26565,33428
10,190,59991,2002,-0.00846409635947278,-0.007700001658563494,2176.6904059433355,-2684.460010644461,26369,33153
10,191,59410,1995,-0.008472065797429318,-0.007335505027772343,2156.9591462712733,-2660.2845752965504,26176,32794
10,192,58805,1988,-0.008652376383693544,-0.007547635623603731,2128.991634112397,-2637.7946273554967,25852,32501
10,193,58101,1981,-0.0088204258814581,-0.007264294180306583,2099.4459057304944,-2611.921469869089,25499,32146
10,194,57305,1980,-0.009018063155115576,-0.007621705192814986,2065.7021089204536,-2582.482218024353,25128,31716
10,195,55478,1975,-0.009002392664618051,-0.007606209002191524,1996.9532919979247,-2496.3880322456025,24366,30665
10,196,53630,1966,-0.008853294051315248,-0.009488971504177613,1934.525552970151,-2409.3277129421926,23591,29621
10,197,51833,1954,-0.008614556878494044,-0.009210021047186528,1876.5706395998757,-2323.0889662828577,22768,28633
10,198,50051,1946,-0.008405288554794735,-0.008809856433312807,1817.3734016261371,-2238.0664990821656,21982,27679
10,199,48302,1941,-0.00821227075789607,-0.009735067538945139,1756.6049381573234,-2153.274040305222,21228,26649
10,200,46559,1933,-0.008034693318557948,-0.01021398473514017,1696.9221050248175,-2071.009391243554,20385,25785
10,201,44839,1914,-0.007848586420408263,-0.010072614137450184,1638.5788438619088,-1990.5016103665926,19604,24888
10,202,43164,1905,-0.00753513982696488,-0.01003518594667786,1587.0803426160085,-1912.3271181071239,18910,23905
10,203,41551,1892,-0.007215019217082178,-0.010339899034172388,1535.6050291864942,-1835.3962926754784,18258,22981
10,204,39946,1885,-0.00688401796880764,-0.010148403194196812,1484.4700004404572,-1759.4589822224448,17564,22085
10,205,38378,1844,-0.006560584584004043,-0.01002761499624752,1431.1135123940487,-1682.8956275589526,16872,21166
10,206,36915,1817,-0.006292653515872628,-0.010300270297329278,1382.32630969327,-1614.6196142317076,16276,20323
10,207,35520,1795,-0.0058200738156335,-0.010224592902731396,1340.5178831938415,-1547.2469051251394,15709,19490
10,208,34173,1748,-0.005271970647100159,-0.010914159503876027,1301.9401404945038,-1482.0991934178564,15183,18688
10,209,32930,992,-0.0046056423277930384,-0.00333075322128001,1264.5828102973906,-1416.2466121516154,14699,17929
10,210,32756,989,-0.004321820934175115,-0.00424380391422125,1268.6424348625437,-1410.2080013823875,14630,17825
10,211,32587,990,-0.004169270683250369,-0.004470147946800038,1268.3575797778756,-1404.2216035329536,14585,17715
10,212,32411,988,-0.003998442250466528,-0.0047695351940958836,1267.38949651499,-1396.9830082948636,14460,17663
10,213,32212,987,-0.003784534937408399,-0.004666407173757835,1265.4556685695732,-1387.3631079733736,14409,17530
10,214,31982,984,-0.0035367107448535284,-0.004209487882023773,1263.79343219895,-1376.904515240858,14326,17393
10,215,31758,983,-0.0033783705970435347,-0.004312871723960486,1260.1973791092191,-1367.48767253013,14216,17261
10,216,31508,982,-0.003171637544230604,-0.004150938954056534,1256.061861768164,-1355.9938175117827,14117,17136
10,217,31182,982,-0.00294484809954233,-0.003914299109521943,1246.8987588082614,-1338.7250122481903,13996,16913
10,218,30841,980,-0.002751207346871191,-0.004151338277566693,1236.6841524673525,-1321.5341382522063,13857,16716
10,219,30516,977,-0.0025646906490149985,-0.003777674898846766,1227.1363792553482,-1305.4004791006894,13755,16518
10,220,30175,976,-0.002298655637378877,-0.0038312228480041066,1220.2430938732925,-1289.6050277312038,13596,16312
10,221,29651,975,-0.0019422904845768096,-0.003985826600996916,1204.0703202354673,-1261.661175393654,13431,15969
10,222,29117,970,-0.0015864130581763403,-0.0036659351360242287,1187.5910231222604,-1233.782612137176,13200,15654
10,223,28551,965,-0.0013267071041209173,-0.003943356079672714,1169.8358012055833,-1207.7146157353366,12958,15353
10,224,27948,963,-0.0011752945939960406,-0.003763391535834772,1150.4134372253795,-1183.2605705383814,12701,15003
10,225,25880,962,-0.0010157397142135868,-0.0036864587955574113,1068.9895871879125,-1095.2769309917624,11700,13942
10,226,23807,958,-0.0008713763584879153,-0.0028242144077534745,986.835589508304,-1007.5804464748268,10764,12847
10,227,21758,952,-0.0007827653281573636,-0.0023074039399313974,904.5746452617681,-921.606053271816,9810,11755
10,228,19756,951,-0.0006871434956110372,-0.0026750088847873896,824.3289769108787,-837.9041838101704,8906,10672
10,229,17743,948,-0.0006671287993455116,-0.0034602226232840765,741.6519520974115,-753.4888183841988,7974,9613
10,230,15751,943,-0.0006388565652392156,-0.003504117128292641,659.1291870067022,-669.1918167657873,7059,8545
10,231,13797,925,-0.0005507772888304627,-0.004019717551432464,578.0532504687158,-585.6523247227091,6188,7502
10,232,11918,918,-0.0005739967385993125,-0.004908821439142566,499.82878668090484,-506.6696798115317,5326,6489
10,233,10055,914,-0.00043347337790785727,-0.005146336241837575,423.10242673871255,-427.46100155357567,4483,5482
10,234,8205,911,-0.00008719970167376029,-0.004894233025995492,347.0415947096474,-347.75706826188036,3656,4477
10,235,6367,878,0.00033935279562048807,-0.0021049408749449026,270.5111658813862,-268.35050663167067,2836,3477
10,236,4718,874,0.00004003382428768446,-0.003614498266528975,202.15266973677797,-201.96379015378844,2099,2580
10,237,3090,864,-0.0006158492860686474,-0.004920524025513916,133.2062452985287,-135.109219592481,1358,1710
10,238,1515,853,-0.0006440025574753354,-0.00615283340804639,66.28197637371746,-67.2576402482926,666,838
11,0,78958,2106,0.0,0.0,0.0,0.0,0,0
11,1,72646,2106,-0.00005194173026210783,-0.00005067567616866923,248.685941423322,-252.45930035994294,32926,33702
11,2,72325,2105,-0.00006948779963703711,-0.000023844890771271365,338.58699394194264,-343.61269905069247,33248,34598
11,3,72005,2105,-0.00009352413009052214,-0.00007387110705351591,406.33945735674445,-413.0736623439132,33180,35081
11,4,71857,2105,-0.00013377452837364445,-0.0001771253296087005,460.43998754810514,-470.05262383345075,33341,35362
11,5,71813,2105,-0.00017967629304253596,-0.0002142342356778591,508.1638377548183,-521.0669313870819,33423,35541
11,6,71668,2104,-0.00020245630353790691,-0.00016925967292977289,551.3071112434876,-565.8167496054435,33432,35561
11,7,71564,2104,-0.00023872936942839022,-0.00016249780972205278,590.5953866154471,-607.6798152092233,33322,35804
11,8,71544,2104,-0.000265378332436895,-0.00016199966096961432,626.8597594383536,-645.8459868542185,33383,35865
11,9,71422,2103,-0.0003146461632392024,-0.00015608089376762082,659.6751411634768,-682.1477994343504,33346,35939
11,10,71320,2103,-0.00035150340050904837,-0.00020374385670788342,691.5085880164651,-716.5778105407726,33348,35897
11,11,71157,2102,-0.00039518755383040615,-0.00020403526296126654,720.1785024718115,-748.2988632397211,33221,35941
11,12,71161,2103,-0.00045481241455684525,-0.00025715545971480796,747.5079833808608,-779.8728896131413,33233,36080
11,13,71095,2102,-0.000523640105429935,-0.00038742663920675633,772.654215594778,-809.8824088903216,33269,35984
11,14,71080,2098,-0.0005492450752999614,-0.0004468062859775142,799.8668435275879,-838.9071834799072,33413,35959
11,15,71035,2097,-0.0005996101260102228,-0.0005180415558035317,823.9010755210326,-866.4943808221713,33278,36006
11,16,70906,2098,-0.0006135530017527914,-0.0005349775200552149,849.302530119597,-892.8071192618801,33228,36026
11,17,70852,2097,-0.0006857759413320797,-0.0006353690101096486,871.5638502738896,-920.152447269148,33169,36029
11,18,70896,2097,-0.0007155860082356767,-0.0006392762558472855,895.303980377094,-946.0361660169681,33163,36240
11,19,70863,2097,-0.0007459389536670988,-0.0006521988756968525,917.6584088399351,-970.5178809136481,33169,36170
11,20,70832,2096,-0.0008162220809871814,-0.0007715796684176628,938.849456082986,-996.6640985234723,32996,36273
11,21,70739,2096,-0.0008575389599507293,-0.0007788710091976133,960.0524362837588,-1020.7138847717108,32970,36299
11,22,70795,2095,-0.0009613607656639053,-0.0008916615282526095,978.4594484895345,-1046.5189838947108,32918,36464
11,23,70701,2095,-0.0010485707256019116,-0.0009942890545040805,995.9172338908037,-1070.052232761586,32905,36416
11,24,70683,2095,-0.0011327477025209446,-0.001100217090092303,1014.3061396892712,-1094.37214554656,32851,36512
11,25,70692,2095,-0.0012582899977336,-0.0012153943896510337,1030.6101996124669,-1119.5612361322487,32824,36509
11,26,70604,2094,-0.0013880066371270924,-0.0013867184551477447,1045.8151806467238,-1143.8140012544404,32696,36590
11,27,70678,2095,-0.001471397520228645,-0.0014715282718374425,1061.5294018068125,-1165.5248357415378,32792,36657
11,28,70595,2094,-0.0015918636835660948,-0.0016799553445449097,1075.3698653168537,-1187.7474820582045,32659,36701
11,29,70597,2095,-0.0017556859359436241,-0.0017969518280023862,1087.2419491511328,-1211.188109170943,32609,36673
11,30,70504,2094,-0.0019092246003947044,-0.0019585536104985424,1097.9847643563487,-1232.5927355825747,32531,36758
11,31,70556,2094,-0.002059976967284658,-0.0020660787972316724,1110.0995226416023,-1255.443257545341,32434,36950
11,32,70436,2094,-0.0021398399119472566,-0.0021008842442289603,1123.912935630899,-1274.634699668818,32429,36858
11,33,70433,2095,-0.0021803596723007084,-0.0021188866730573476,1138.7445395098323,-1292.31381230899,32483,36820
11,34,70421,2093,-0.0022398280061394133,-0.002187396636731423,1153.1849532574774,-1310.9158812778257,32429,36843
11,35,70317,2094,-0.0023489110297346292,-0.00222102055709833,1163.5444612389786,-1328.7128381168218,32313,36908
11,36,70372,2094,-0.0024538635023943632,-0.0023536530873177327,1175.6605722452898,-1348.3438546357845,32318,36937
11,37,70212,2094,-0.0025343644097967004,-0.002356648922923572,1186.7399739780556,-1364.6827679187013,32261,36809
11,38,70155,2094,-0.002567749859740794,-0.002345766583445488,1199.0744626631988,-1379.2149540733162,32248,36840
11,39,70114,2093,-0.002647586982841171,-0.002510258681905983,1209.9293566805338,-1395.562270395458,32149,36876
11,40,70032,2093,-0.002656679361614627,-0.0023778704124834326,1223.7819104592427,-1409.8344795118387,32144,36812
11,41,69965,2092,-0.002676868667751641,-0.0023212295080605153,1237.3489778808148,-1424.636094220059,32084,36798
11,42,69901,2091,-0.002682578846280128,-0.0022317856960039247,1252.262415284814,-1439.7773592186413,31996,36869
11,43,69860,2091,-0.002700695310647314,-0.002313475330028597,1264.9902684495771,-1453.660842851394,31924,36911
11,44,69863,2086,-0.0027511122970454516,-0.0023878003925079613,1278.354236759646,-1470.5551951681286,31929,36905
11,45,69790,2084,-0.002771414611378521,-0.0023842227092868945,1292.7197512220584,-1486.1367769501667,31882,36873
11,46,69795,2086,-0.0027853961872175495,-0.0023953128224338334,1306.8053160173024,-1501.212042904149,31840,36949
11,47,69827,2085,-0.002750355385727635,-0.002387386824171922,1324.3915873110739,-1516.4406528302793,31820,36995
11,48,69738,2086,-0.0027839898672801845,-0.0023903093385139644,1338.1384515118737,-1532.2883368762596,31678,37095
11,49,69709,2085,-0.0027293369318863183,-0.0023667066702295096,1355.4261244723593,-1545.6854726572265,31717,37006
11,50,69694,2084,-0.0027218054404279718,-0.0022720253769413857,1371.3925951691458,-1561.0861035343376,31656,37083
11,51,69643,2083,-0.0027107113709734913,-0.0022744477017767497,1383.113049476795,-1571.8951214854994,31698,36958
11,52,69629,2083,-0.002674352923452996,-0.0022277973360128297,1397.1560666877024,-1583.3685863948108,31706,36929
11,53,69576,2083,-0.00270096770203689,-0.0022974535501085656,1408.5381388453839,-1596.4606676823037,31642,37003
11,54,69455,2083,-0.002677268989987958,-0.0021978490096141246,1420.6670970630676,-1606.616814762685,31661,36863
11,55,69503,2082,-0.0027118145310469793,-0.002255469622452906,1432.7302769661808,-1621.2095223175388,31697,36908
11,56,69491,2081,-0.0027088524487750634,-0.0023049764810090315,1445.443549378549,-1633.6844148963794,31594,36959
11,57,69454,2081,-0.0027788432708331125,-0.0023744083374559826,1455.6753327495123,-1648.6771132819574,31530,36992
11,58,69445,2080,-0.0028523365226631784,-0.0024529339690635434,1464.6571379246377,-1662.7376477409775,31555,36941
11,59,69375,2079,-0.002930856914137838,-0.0026067256628828583,1472.624539828469,-1675.9527382467804,31563,36888
11,60,69317,2078,-0.0030396040915812855,-0.002664632806424966,1478.2825282809745,-1688.9787650971157,31617,36845
11,61,69317,2078,-0.0031118741337690992,-0.0028167821103382493,1486.727635644815,-1702.4334149752913,31579,36839
11,62,69247,2078,-0.0032817978145851284,-0.00301650821703303,1490.7198267495157,-1717.9744800160852,31516,36866
11,63,69257,2077,-0.003458883099101867,-0.003178705377762703,1494.1995517079624,-1733.751418502461,31523,36871
11,64,69164,2076,-0.0036229641164900856,-0.0033364869320274483,1498.2684161006941,-1748.8471062536225,31532,36791
11,65,69205,2077,-0.0037108962575692337,-0.0034486785715661843,1505.0988914458333,-1761.9114669509136,31579,36768
11,66,69124,2077,-0.003907186105396516,-0.003576533875728954,1509.0951593605155,-1779.1754917099397,31482,36757
11,67,69129,2076,-0.004046698459526595,-0.0037138116896981654,1515.3776078920973,-1795.1218257007151,31495,36814
11,68,69165,2075,-0.004205772894571758,-0.003852940766237189,1521.7159715029095,-1812.6082537559691,31491,36836
11,69,69103,2075,-0.004383933193566747,-0.003969490967388163,1528.2128271523677,-1831.15576262741,31351,36942
11,70,69071,2073,-0.00455198931798008,-0.004136376962183982,1531.3628407521003,-1845.7732949342983,31239,37010
11,71,69043,2073,-0.004692186512768079,-0.00422797396338593,1536.046780536831,-1860.0094139378787,31128,37046
11,72,68978,2073,-0.0048387263720362375,-0.004320008564182701,1540.634580249942,-1874.400247940256,31136,37024
11,73,68938,2073,-0.005008979328488344,-0.0044918419398355895,1544.6695113414141,-1889.9785282887499,31041,37087
11,74,68963,2073,-0.00513330871165205,-0.0045984260009902704,1551.2119347403159,-1905.2203034219813,31105,37050
11,75,68883,2073,-0.005327983203362331,-0.004741135925649836,1554.3530375659477,-1921.360504563155,30968,37082
11,76,68891,2073,-0.005490173725676942,-0.004936091209903204,1557.9953065341256,-1936.2188646697361,30982,37106
11,77,68873,2073,-0.005584288648072066,-0.004988211893420878,1566.5567170856682,-1951.1634291443356,30936,37093
11,78,68826,2073,-0.005812354167819876,-0.005167194060183215,1569.2904176569161,-1969.3315056112826,30883,37148
11,79,68781,2073,-0.00595447740766496,-0.005298397794586549,1575.731695956504,-1985.2866065331036,30895,37099
11,80,68666,2073,-0.006077939626027403,-0.005456261263357157,1581.9318430457956,-1999.2796454065872,30793,37107
11,81,68694,2073,-0.006267199420147068,-0.005614205002760375,1585.652143925331,-2016.171140892914,30769,37176
11,82,68658,2073,-0.006425876689529397,-0.00573852411037465,1590.284506895886,-2031.472348645599,30602,37253
11,83,68606,2073,-0.0065545864153111226,-0.0058029040368835485,1594.3546943615918,-2044.0386499704323,30526,37317
11,84,68572,2073,-0.006658327850915257,-0.005793768992691939,1597.4604303993938,-2054.035287792352,30558,37258
11,85,68490,2072,-0.00673663662417775,-0.0059451701220705885,1603.3919412112994,-2064.7841836012312,30485,37249
11,86,68432,2072,-0.006847667205196609,-0.00598502088441875,1609.2603711849738,-2077.859933370985,30412,37315
11,87,68432,2072,-0.00697845462595574,-0.0061512616565137755,1614.1827425481122,-2091.7323495115133,30436,37279
11,88,68477,2072,-0.007054911668760839,-0.006178347164172784,1622.3773840600309,-2105.476570401769,30385,37335
11,89,68406,2072,-0.007092645820735859,-0.006311085530600719,1628.8709364898796,-2114.0504665031362,30368,37260
11,90,68407,2071,-0.007161086789640929,-0.006365495935796227,1637.2238852527616,-2127.0923492717307,30430,37218
11,91,68311,2071,-0.007273226195266591,-0.00643044055551618,1643.3381993758671,-2140.1795540007183,30344,37252
11,92,68352,2071,-0.007314919388542564,-0.006467123681996168,1653.0549435084906,-2153.0443135541555,30312,37332
11,93,68233,2070,-0.007331973641301751,-0.006564314582218079,1661.625575324322,-2161.9081327912672,30315,37197
11,94,68217,2070,-0.0073922056260316525,-0.006668838461338578,1671.0635944875078,-2175.3376856785085,30362,37166
11,95,68248,2069,-0.007430272137954981,-0.006678894716507928,1677.465656587933,-2184.566869459088,30374,37193
11,96,68200,2070,-0.007492833134771766,-0.006695667944431796,1683.6611707008906,-2194.6723904923283,30298,37188
11,97,68165,2070,-0.007568478118392314,-0.006893279125623757,1689.5672067182875,-2205.4725176584943,30357,37132
11,98,68169,2069,-0.007660176868267712,-0.00701579031949837,1694.6420595192747,-2216.8286564522227,30314,37190
11,99,68118,2069,-0.007713171404967311,-0.007068543962063864,1702.6256187033284,-2228.031428466883,30284,37157
11,100,68112,2069,-0.007734965691069442,-0.007123639918595651,1713.4174699225587,-2240.261453072681,30318,37158
11,101,68088,2069,-0.007767262401869718,-0.007187758336502541,1722.5877357838467,-2251.445098202352,30237,37195
11,102,68101,2069,-0.00785915694669871,-0.007103447635587891,1731.4619373495154,-2266.6783845766445,30227,37228
11,103,68070,2069,-0.00793711141841827,-0.007157687616359087,1739.5391797344562,-2279.8183539861916,30127,37277
11,104,68069,2069,-0.007954328383774847,-0.0071801492760713665,1751.2373572292668,-2292.680535984437,30078,37343
11,105,68021,2069,-0.008031107483957781,-0.007290732617835417,1758.7960107117576,-2305.079972878042,30073,37308
11,106,68001,2069,-0.008058599397611043,-0.007192685937049521,1765.8733579651011,-2313.8661756020438,30051,37300
11,107,67905,2068,-0.008103663485230731,-0.007269243907176238,1771.9089428888255,-2322.188211853415,30017,37277
11,108,67892,2066,-0.00815655508739481,-0.007407147301869096,1779.3963383633838,-2333.161176356793,29950,37290
11,109,67847,2067,-0.008148060077178861,-0.007334484802706794,1787.8918029191357,-2340.713234975487,29931,37282
11,110,67792,2067,-0.008142060711019035,-0.007308192399353341,1797.9036164181714,-2349.870196139568,29906,37212
11,111,67750,2064,-0.008110573953619913,-0.007327392617633109,1810.607646743765,-2360.0990321015092,29941,37168
11,112,67729,2063,-0.008081763047111128,-0.00733422197072722,1821.1920733263646,-2368.5618027441565,29943,37183
11,113,67653,2062,-0.00806809965336416,-0.007253821765516639,1831.3622675961913,-2377.1934134452413,29903,37144
11,114,67623,2063,-0.008005740554639679,-0.007292394759348083,1843.0107215531805,-2384.3829150795746,29897,37115
11,115,67592,2062,-0.008027524928862996,-0.007287781442882713,1852.4270356888298,-2395.023500680537,29866,37084
11,116,67514,2062,-0.007982618398870338,-0.0072736431709492936,1861.6911917667583,-2400.629690348085,29864,37065
11,117,67490,2062,-0.00786274637965076,-0.007244827262617074,1874.237192683362,-2404.893945845994,29902,36964
11,118,67511,2062,-0.007804721537764326,-0.007154635325386598,1885.3197937011864,-2412.224349437196,29926,36990
11,119,67478,2060,-0.00773957150767695,-0.0070598787713490535,1895.0591808416257,-2417.309987036646,29858,37000
11,120,67426,2060,-0.0076825215751349495,-0.00709718600955816,1905.1522572100866,-2423.1539569351244,29817,37001
11,121,67381,2059,-0.007608115136493676,-0.006990079948245669,1915.0572532920032,-2427.6996593040762,29802,36982
11,122,67280,2059,-0.007517075126838658,-0.007016419663997622,1923.7559057138144,-2429.504720247518,29795,36850
11,123,67231,2057,-0.007424721833969163,-0.0068213245180601435,1936.4564633116454,-2435.627936931225,29792,36825
11,124,67223,2055,-0.007358565611138939,-0.006456077890063487,1946.5627378430609,-2441.2275939206456,29880,36762
11,125,67105,2053,-0.007375521736988724,-0.006328969668407893,1953.294092211168,-2448.2284783717823,29851,36733
11,126,67081,2054,-0.007359201429399238,-0.006256419831865141,1960.977408604897,-2454.6399996904343,29860,36658
11,127,66984,2053,-0.00739077473252921,-0.006327374962548378,1968.3254982646342,-2463.3891529483662,29840,36579
11,128,66941,2054,-0.00743788102095454,-0.006355893612939887,1975.483766092043,-2473.3829595157636,29841,36538
11,129,66843,2054,-0.0074226829305616415,-0.00634396732920684,1981.9680621462223,-2478.122457273756,29866,36398
11,130,66739,2051,-0.007483596931259088,-0.006443562636127893,1985.5811530736366,-2485.0289286689394,29782,36413
11,131,66646,2051,-0.007537022288855994,-0.006386546122956999,1990.7404386070064,-2493.0528260701108,29784,36309
11,132,66516,2051,-0.007543177040151901,-0.006374785258000479,1995.5828884365515,-2497.3248524392916,29685,36300
11,133,66407,2050,-0.0076383648257910474,-0.006227246075144961,1999.041000426307,-2506.2818934126126,29534,36360
11,134,66365,2051,-0.007703418718388392,-0.0063028749487777916,2004.7481460571237,-2515.9855293029655,29482,36365
11,135,66252,2049,-0.007775902702306812,-0.006439184140247038,2008.2360237965147,-2523.4051296297484,29407,36345
11,136,66206,2048,-0.00787354945862191,-0.00671501915746264,2012.656820428621,-2533.9330358861403,29333,36345
11,137,66118,2047,-0.007968916874776983,-0.006584464125184776,2015.425139223722,-2542.31398515023,29284,36284
11,138,65990,2047,-0.008112006134617496,-0.006729626184868549,2013.6147143657963,-2548.925999189208,29155,36287
11,139,65866,2046,-0.008253943712491333,-0.007006337315786404,2012.4131244303085,-2556.0673809972604,29027,36297
11,140,65776,2045,-0.008377870681130191,-0.007032625472605414,2010.6309395864123,-2561.693761508432,29004,36260
11,141,65648,2042,-0.008562488313595377,-0.007153623799824785,2006.1912082015779,-2568.3014410124874,28965,36192
11,142,65626,2041,-0.008731630505277073,-0.007175131906583215,2004.182708331512,-2577.204691870816,28894,36211
11,143,65538,2040,-0.00887974805001147,-0.007441501184345276,2002.4636661998188,-2584.4245939014672,28805,36229
11,144,65395,2039,-0.008991733199574421,-0.007672042176506593,2003.25517916834,-2591.269571754509,28743,36115
11,145,65259,2039,-0.00911045024837731,-0.007701208932541373,2001.5883686567674,-2596.127241415619,28621,36129
11,146,65167,2039,-0.009163684758547848,-0.007758652770454602,2002.2652341133503,-2599.4350787736494,28526,36083
11,147,65039,2036,-0.009236765312782261,-0.008082334588052038,2004.6547202230997,-2605.404699401152,28469,36034
11,148,64949,2035,-0.009259472382368223,-0.007898544664511504,2007.5965868445535,-2608.9900586069903,28515,35942
11,149,64838,2035,-0.009308264081071783,-0.007915405799800492,2010.0660397926883,-2613.5952662812183,28456,35880
11,150,64788,2033,-0.00926993250152534,-0.007862279016289995,2016.335179773832,-2616.9155666826523,28461,35765
11,151,64671,2032,-0.009255674672411809,-0.0077840817661595915,2020.414221377956,-2618.9879581174923,28451,35689
11,152,64531,2030,-0.009206271658889577,-0.007555882577430344,2025.091810515751,-2619.181726935551,28456,35550
11,153,64420,2029,-0.009152630655178417,-0.007404083192729758,2031.3391927268942,-2620.9516595334817,28415,35475
11,154,64319,2026,-0.009054022847331908,-0.007554028794293438,2042.9486957178035,-2625.2943912353394,28365,35444
11,155,64220,2026,-0.008982984530960388,-0.007514654788509726,2052.102216594411,-2628.989483172687,28371,35354
11,156,64056,2023,-0.008913316248388448,-0.007811705083654504,2059.677392196535,-2630.628777803309,28283,35235
11,157,63935,2021,-0.008872619038643396,-0.0077252739120185,2065.4458811181375,-2632.7167793537974,28247,35207
11,158,63806,2020,-0.008859354837588975,-0.007663661863386062,2071.5623271250806,-2636.842321892274,28177,35149
11,159,63641,2021,-0.008770954278924353,-0.007653582702125243,2078.085521285765,-2636.277822550792,28138,35023
11,160,63462,2020,-0.008671279516262597,-0.0076183622180148215,2087.3247989073543,-2637.6215395684185,28121,34806
11,161,63295,2016,-0.008586184391156904,-0.007498666095834716,2095.615640155891,-2639.0781811941615,28088,34716
11,162,63124,2014,-0.008505237060973912,-0.00742380938782348,2102.7653958125006,-2639.649980049416,27974,34671
11,163,62877,2014,-0.008426533394288909,-0.007416963927749418,2108.7147017856837,-2638.5498420183917,27918,34500
11,164,62685,2011,-0.008315951351102746,-0.007383078363232269,2116.3876064311203,-2637.6730168750028,27843,34358
11,165,62487,2009,-0.008204550895952163,-0.007395615865357786,2124.2408883483,-2636.9186601836614,27821,34187
11,166,62259,2009,-0.008143554914690447,-0.0072205556130652635,2129.4949007757937,-2636.5044862095015,27716,34042
11,167,62010,2006,-0.008265966048123978,-0.00723785766546458,2121.1035224860484,-2633.6760771302143,27619,33883
11,168,61709,2005,-0.008342318125054099,-0.007380130570282564,2113.9177622313787,-2628.7138714103517,27482,33732
11,169,61413,2005,-0.008415956595842154,-0.007430326070170187,2105.4595393247746,-2622.3086817452286,27372,33553
11,170,61078,2004,-0.00835431293150172,-0.007419431109892737,2102.629153887579,-2612.893879117826,27238,33336
11,171,60743,2003,-0.008354183428263334,-0.0074178001199666855,2095.4002677645885,-2602.8584317475866,27063,33191
11,172,60327,1997,-0.00837659620788497,-0.007285696260456051,2084.4781596037333,-2589.813079036816,26829,32997
11,173,59896,1989,-0.008387757005502617,-0.007526897052145359,2073.4374035536434,-2575.830497155229,26669,32744
11,174,59468,1985,-0.008481307709220107,-0.00772977065170291,2060.314347404972,-2564.6807542568786,26462,32537
11,175,59004,1983,-0.008489122151591913,-0.007779639838683916,2049.1877483228764,-2550.079911755396,26330,32228
11,176,58420,1975,-0.008483622423170566,-0.0075501641904227165,2032.2169654661627,-2527.83018742779,26031,31937
11,177,57797,1971,-0.00866276436574709,-0.007398960033975355,2006.1256445169192,-2506.8074365640005,25736,31602
11,178,57080,1967,-0.00882564824277384,-0.0072326035350824,1978.4142304907896,-2482.182232188324,25354,31257
11,179,56315,1965,-0.009052629991752001,-0.007851033165012627,1946.8016250272556,-2456.600483012771,24986,30884
11,180,54518,1964,-0.009001064951744818,-0.008176092815345967,1883.201535624423,-2373.921594663641,24208,29853
11,181,52742,1953,-0.008834339138917569,-0.009887239699836804,1826.1611653888217,-2292.1018802536137,23437,28851
11,182,50959,1942,-0.008584356123799382,-0.009293434555172592,1773.975073984391,-2211.4252776970848,22684,27845
11,183,49215,1936,-0.008334510934366463,-0.008914418003821305,1719.1602222600752,-2129.343177894924,21939,26860
11,184,47475,1928,-0.008159329916133702,-0.00975799363211446,1662.455737025371,-2049.81992479382,21193,25882
11,185,45774,1917,-0.007967621841738338,-0.010308582915073628,1607.0391666812332,-1971.7490888649634,20388,24990
11,186,44117,1894,-0.007732186444858119,-0.010417167617324327,1554.6836114807331,-1895.8044808685402,19650,24066
11,187,42507,1884,-0.007384400452877963,-0.010652502147092822,1509.2311435720396,-1823.119853622521,18990,23149
11,188,40922,1872,-0.006996451101622056,-0.01100005889594601,1463.9360655161067,-1750.2448374966793,18320,22238
11,189,39374,1862,-0.0065352386825867125,-0.010784064820964239,1419.4177503595308,-1676.7362382476965,17643,21367
11,190,37810,1817,-0.006163017115524894,-0.010267344659556444,1370.9166483473011,-1603.9403254852998,16956,20494
11,191,36393,1793,-0.005817478265887359,-0.010696879894791357,1328.8259389317482,-1540.5414254621899,16334,19724
11,192,35047,1770,-0.005236358735545372,-0.01007105507686783,1293.7443613105343,-1477.2630259151922,15790,18940
11,193,33753,1727,-0.004636394593262023,-0.010533467699523529,1260.0513727290347,-1416.543599435409,15199,18223
11,194,32537,988,-0.0039215005411580885,-0.0026722210440309375,1227.175516229698,-1354.7693793373571,14684,17525
11,195,32362,985,-0.0036681650548869246,-0.0036649184447335105,1230.5987135542678,-1349.3078710605182,14609,17453
11,196,32199,985,-0.003522280196111226,-0.0038167250955609467,1231.204828041596,-1344.6187280761833,14549,17330
11,197,32010,982,-0.003344229010228571,-0.003639077950706286,1230.6637741494746,-1337.712544766889,14480,17228
11,198,31801,981,-0.003123310551323134,-0.0036203652734121705,1229.8200405944103,-1329.1444394370355,14417,17127
11,199,31586,975,-0.002939731664575197,-0.0034826463478738207,1228.0251980090902,-1320.87956236636,14293,17012
11,200,31371,975,-0.0027574685870122954,-0.0034519449398254447,1226.067412680557,-1312.5719597237226,14189,16915
11,201,31138,975,-0.002533713660560197,-0.003435382569835327,1223.0633303244736,-1301.9581062869972,14069,16784
11,202,30803,974,-0.0022900937387323596,-0.003331566748067011,1214.275925441096,-1284.8176828752678,13943,16599
11,203,30462,973,-0.002128580136586912,-0.003506041175836688,1203.548867056855,-1268.3896751775637,13814,16369
11,204,30124,970,-0.0019252670041713207,-0.002907384562428178,1194.791657917118,-1252.788401150775,13667,16180
11,205,29781,970,-0.001693296988088726,-0.0029080146549264885,1187.4406083905246,-1237.8686859927932,13570,15912
11,206,29241,970,-0.0013361768926251087,-0.0032124707278698835,1171.3366686992354,-1210.407817216487,13381,15586
11,207,28697,966,-0.0009435524920600907,-0.0029320687109510354,1155.1982872895385,-1182.2754131541878,13167,15251
11,208,28115,961,-0.0006700762670610143,-0.002604892979780237,1136.4785415598483,-1155.3177358082692,12920,14948
11,209,27487,960,-0.0005306884679492526,-0.002644918407918742,1115.8250078613005,-1130.412041779821,12583,14650
11,210,25440,959,-0.0004014668380345602,-0.002623316993482231,1035.8067626666739,-1046.0200790262709,11663,13556
11,211,23393,952,-0.0003598597512292461,-0.0020679790270587564,953.9203294378846,-962.3385285983908,10693,12492
11,212,21371,948,-0.00035391151016467336,-0.0018453428558826285,872.5525422681086,-880.1159851518377,9766,11398
11,213,19384,947,-0.00029952128103992237,-0.002160916895748287,793.4655256825994,-799.2714461942761,8874,10343
11,214,17414,944,-0.0002801855956065947,-0.0030060400754701195,713.6956538149269,-718.5748057768193,7939,9320
11,215,15456,937,-0.00021651868102566472,-0.003146863634064668,633.6505572185152,-636.9970699524483,7055,8263
11,216,13529,918,-0.00020691565262479582,-0.004249254368551158,554.0278877899729,-556.8272496543331,6172,7229
11,217,11687,914,-0.00020158809028719837,-0.004712043862035424,479.0226242570572,-481.3785842682443,5328,6247
11,218,9852,910,-0.0001553945083436849,-0.005084966354390512,405.08108827391726,-406.61203497011917,4475,5283
11,219,8025,905,0.00016427841673153455,-0.005258599329361531,332.1079440619523,-330.7896097676819,3658,4282
11,220,6224,871,0.0005143650097476886,-0.0026679552988157027,258.3357430911673,-255.13433527049784,2830,3320
11,221,4610,867,0.00002495609465364521,-0.003928263319943409,191.968944477851,-191.8538968814979,2095,2472
11,222,3020,859,-0.0005324349944799162,-0.004987174854421613,126.75553140623215,-128.36348508956158,1370,1624
11,223,1479,848,-0.0009713014678650707,-0.0063835851249277745,62.60138685038023,-64.03794172135264,676,793
12,0,77342,2094,0.0,0.0,0.0,0.0,0,0
12,1,71674,2094,-0.00001765084889297911,-0.00003314794674137862,236.63682587061456,-237.90193281416938,32179,33198
12,2,71299,2094,-0.00007241970639202374,-0.00007667078471101207,320.3451966852301,-325.5086493312758,32511,34095
12,3,71091,2094,-0.00011137526107334175,-0.0001383551276780213,385.6210068363833,-393.5387855213485,32749,34504
12,4,71014,2093,-0.0001713614203495782,-0.00019118281642241933,437.68549334704335,-449.85455325174945,32813,34794
12,5,70834,2093,-0.000243815409122397,-0.0002530210385272831,484.0518208820311,-501.3222415718054,32734,35119
12,6,70780,2093,-0.00033290031224494774,-0.0003922641328225871,524.3473862452462,-547.9100703459438,32843,35150
12,7,70694,2093,-0.0004268361447763976,-0.0005161880382579875,561.8743133235358,-592.0490677423617,32784,35219
12,8,70671,2093,-0.0005457293459752186,-0.000595635630039034,596.8397183550231,-635.4069569644413,32712,35492
12,9,70578,2093,-0.0006348823461086623,-0.0007239861329738017,629.940344282134,-674.7490705057895,32654,35686
12,10,70572,2093,-0.0007318510815555123,-0.0008098896415567091,660.347960055233,-711.9961545827696,32610,35799
12,11,70635,2091,-0.0007998595998285426,-0.0008109288332528911,690.7998270037119,-747.2979098376001,32727,35855
12,12,70505,2092,-0.0008926794337638014,-0.0008827644749769102,717.1786201147642,-780.1169835922817,32621,35931
12,13,70454,2090,-0.0010255075631788596,-0.0010569839078010941,741.3891273163046,-813.6402371725092,32581,36043
12,14,70421,2091,-0.001121707262242335,-0.0010928908402169709,766.3804204005445,-845.372167514914,32576,36110
12,15,70328,2091,-0.00124064741268228,-0.0011895021942492769,787.8252104901723,-875.0774617292891,32524,36128
12,16,70255,2089,-0.0013539939738317927,-0.0013968141411737493,809.569819666237,-904.6946662977888,32569,36105
12,17,70308,2090,-0.0014329939113384362,-0.0014031038820876242,831.7540037707643,-932.5049396891516,32582,36153
12,18,70206,2089,-0.0015295612782586683,-0.0014235614096771518,853.0125839663982,-960.3969630678249,32550,36102
12,19,70114,2087,-0.0015936429375410454,-0.0015945143890607788,874.674791772784,-986.411472695539,32447,36204
12,20,70061,2088,-0.001706724626326743,-0.0016897056374969288,892.5295406948395,-1012.1043747399161,32392,36251
12,21,70075,2087,-0.001788285379442976,-0.0017325260169000134,910.6225061685002,-1035.936604132967,32363,36287
12,22,69921,2087,-0.00184679978538867,-0.0017330938962505198,928.0108075082053,-1057.14089530237,32322,36233
12,23,69884,2088,-0.001890198503606705,-0.001738031400510144,945.2483924914849,-1077.3430247175374,32379,36163
12,24,69821,2087,-0.0019482346553851735,-0.0017653625620438391,961.38846810814,-1097.4161599817892,32269,36186
12,25,69771,2088,-0.0020011929968586904,-0.0017750317508651073,978.2112941655139,-1117.8365307493482,32323,36153
12,26,69693,2086,-0.0020482155140656355,-0.0018267788683365227,993.461816690971,-1136.2081005127452,32357,36048
12,27,69659,2085,-0.002076908608032627,-0.0017761172571364543,1010.418686948423,-1155.0940636753653,32331,36020
12,28,69638,2085,-0.0021031354066498096,-0.0018050931381968715,1026.2892404894658,-1172.7473839377408,32373,35990
12,29,69550,2080,-0.002120768255554641,-0.0018352278541185112,1042.329989398388,-1189.8294215722144,32282,35982
12,30,69452,2078,-0.0021254359107871755,-0.001744299515969053,1058.4144435424887,-1206.0302184184752,32298,35965
12,31,69460,2077,-0.0021380835495847807,-0.0017812503924514132,1074.8182293417783,-1223.3295126959401,32258,35960
12,32,69451,2076,-0.0021107435367027673,-0.0017471532434993105,1094.7081379608924,-1241.3013873284344,32164,36106
12,33,69427,2077,-0.0020783203889291717,-0.0017088319587417434,1113.6633284163197,-1257.9548780585033,32179,36089
12,34,69346,2077,-0.0021108109245680674,-0.0017284431182878045,1128.7454532359452,-1275.1217476110428,32105,36067
12,35,69321,2076,-0.002098734158997938,-0.0016993569777419139,1145.2064474759554,-1290.6927981118522,32067,36069
12,36,69283,2076,-0.0021168545785168764,-0.0017098277832605828,1159.6791902089915,-1306.3412259723755,32078,36009
12,37,69239,2075,-0.0021462786247722766,-0.001697378905864555,1173.5339767592511,-1322.1401624598657,32081,35982
12,38,69182,2075,-0.002196684070899676,-0.0016822362686809108,1186.2117918665163,-1338.1827892594983,31911,36080
12,39,69178,2076,-0.0022225892908942406,-0.001799695360883096,1201.0261493968944,-1354.7804313623824,31919,36125
12,40,69154,2075,-0.002219604312603486,-0.0018099824364316264,1218.0133725508167,-1371.5078891845933,31935,36117
12,41,69177,2074,-0.0022318416368118437,-0.0019082053766358432,1231.7822168081482,-1386.1743257178744,31932,36150
12,42,69160,2074,-0.0022795207141249278,-0.0018934932433542883,1244.8421881941256,-1402.4938407830082,31941,36177
12,43,69110,2074,-0.0023918817614681062,-0.0019982341975761098,1254.7894939515486,-1420.092442486609,31874,36199
12,44,69007,2074,-0.002450468797617818,-0.0020856287758583077,1266.467475654671,-1435.5669759718842,31887,36111
12,45,68978,2074,-0.0025550775983375308,-0.002200199022782701,1276.6246242988468,-1452.8687668769771,31760,36190
12,46,68957,2073,-0.002577928094421536,-0.0022917918181471443,1289.0429918248562,-1466.8091794318798,31794,36136
12,47,68923,2073,-0.002751090882532158,-0.0024201664233094015,1294.7671793737204,-1484.380616270481,31747,36184
12,48,68895,2073,-0.002855662802736977,-0.0024671539526115436,1302.6251691101404,-1499.36605790471,31802,36128
12,49,68858,2072,-0.003009511693636498,-0.0025758277593810413,1309.4257169645903,-1516.654673165012,31762,36119
12,50,68836,2071,-0.0031489525700348076,-0.002789408638137806,1316.7472366655077,-1533.508535776421,31740,36159
12,51,68756,2071,-0.0033161971154891286,-0.0028927067929645557,1323.4982463296972,-1551.5066952022694,31632,36216
12,52,68767,2071,-0.003473923614273803,-0.00310113869883833,1331.0496229811915,-1569.9409281639491,31527,36309
12,53,68766,2071,-0.0035882630574145995,-0.003212403426024877,1340.1414158650157,-1586.8919132711937,31560,36240
12,54,68697,2071,-0.0037852737695649404,-0.003439297198674732,1345.6327810527744,-1605.6697332005776,31436,36353
12,55,68736,2071,-0.0039026491432863778,-0.0035558825574586984,1354.6417338490555,-1622.8942253619912,31388,36381
12,56,68655,2071,-0.004085788218053801,-0.0036957391050347695,1359.9246220196314,-1640.4344121301194,31301,36433
12,57,68695,2071,-0.004233605536106581,-0.0037485939316056773,1366.2012589377841,-1657.0287912406252,31296,36436
12,58,68589,2070,-0.00441223656400676,-0.003882952152338179,1371.7837166351894,-1674.4146103238427,31204,36444
12,59,68603,2070,-0.004618120684534785,-0.004033791898328137,1376.445447782824,-1693.2623811039632,31099,36581
12,60,68627,2070,-0.00477058503803593,-0.0043133509099000465,1382.122132300454,-1709.5130717057448,31123,36594
12,61,68478,2069,-0.004939597729534585,-0.004464515480559716,1386.09812508311,-1724.351898406171,30983,36597
12,62,68384,2069,-0.005048053353995883,-0.0045481764987411275,1392.3645409131827,-1737.5706214728398,30831,36704
12,63,68371,2069,-0.0052389117093559435,-0.004677635250583341,1398.0156307873765,-1756.2052632677517,30682,36748
12,64,68317,2068,-0.005372627796811991,-0.004823663858854136,1406.4878841190366,-1773.5296973138445,30608,36834
12,65,68333,2068,-0.00556016117891763,-0.004997369641306847,1411.9471250429826,-1791.8896188819658,30543,36895
12,66,68313,2068,-0.0057036183363403286,-0.00508536651800892,1418.346037492665,-1807.9773169030823,30554,36893
12,67,68276,2066,-0.005860146410077089,-0.005248219955050331,1423.0197427404767,-1823.1270990348983,30443,36940
12,68,68180,2066,-0.00599107662650586,-0.005341229126531879,1427.904013414501,-1836.3756178096692,30431,36898
12,69,68128,2065,-0.006106800069412473,-0.005411206173140445,1433.3688920760726,-1849.4129672050042,30359,36873
12,70,68064,2066,-0.006238441211312239,-0.005493018385392409,1439.0084377096207,-1863.6217003163763,30429,36815
12,71,68033,2066,-0.006325202937690805,-0.0055730273441564416,1446.683766129692,-1877.0062975896076,30402,36764
12,72,67977,2065,-0.006438406151555718,-0.005621708023032197,1454.2092223104296,-1891.8727572747293,30410,36740
12,73,67937,2065,-0.006524781045314296,-0.005668603556856475,1461.475539926456,-1904.7495898019818,30394,36710
12,74,67938,2065,-0.006574389269299839,-0.0057931539689577,1469.6008447120048,-1916.2517028897016,30382,36741
12,75,67929,2065,-0.006623036345204635,-0.005749277429258774,1480.2068882527635,-1930.1031241461671,30415,36717
12,76,67909,2065,-0.006704884691342945,-0.005887458735580411,1489.1751527955564,-1944.497167299964,30373,36730
12,77,67868,2065,-0.006746808199734399,-0.005967958802674823,1498.9082043429007,-1956.8005832424747,30378,36683
12,78,67814,2065,-0.006775020884897003,-0.006033860095811216,1511.234139191058,-1970.6754054794585,30408,36626
12,79,67817,2065,-0.0068342734198503455,-0.006114000151359095,1519.3097357409686,-1982.7896562549568,30506,36549
12,80,67754,2064,-0.0068995607926091,-0.006208932996435882,1525.583349765943,-1993.0561917083753,30455,36502
12,81,67763,2063,-0.006949332196546494,-0.006142492983856964,1533.7523358126036,-2004.6599334471853,30470,36522
12,82,67732,2061,-0.00705842071240811,-0.006544291385419499,1539.4113217098525,-2017.492273402682,30482,36491
12,83,67654,2060,-0.007123730874690505,-0.006516990532778143,1545.9337748633566,-2027.8826634596714,30425,36538
12,84,67694,2061,-0.007191740525051976,-0.006651407579671767,1556.1560192862403,-2042.9937023891116,30398,36544
12,85,67693,2061,-0.007177324620056564,-0.006633343850242818,1566.3495123812413,-2052.204147886729,30386,36524
12,86,67636,2060,-0.007205477500018595,-0.006690381205237268,1576.712254099813,-2064.0619302910727,30357,36529
12,87,67646,2059,-0.007238511890095187,-0.006704485296570782,1587.342395889062,-2076.998771206448,30330,36577
12,88,67630,2058,-0.007276524245255094,-0.006795440949070187,1597.1239480604472,-2089.2352827670497,30299,36643
12,89,67605,2058,-0.0073645656251479785,-0.0068099409810480896,1605.0781383588544,-2102.959597446979,30225,36652
12,90,67551,2057,-0.007397269461752642,-0.006942006482935843,1613.3541181425164,-2113.047067553361,30211,36630
12,91,67478,2056,-0.007456728866322192,-0.0068816621017806345,1620.448476520721,-2123.6136269624185,30130,36598
12,92,67453,2057,-0.007522014226987057,-0.006936547158237616,1629.3681912905433,-2136.7506169434987,30104,36666
12,93,67404,2057,-0.007552129956353642,-0.006962722643657985,1636.08242227845,-2145.126189856508,30100,36587
12,94,67347,2057,-0.007581952427051255,-0.00692917282559056,1642.3181168049794,-2152.939866909596,30038,36599
12,95,67391,2057,-0.007548160128698586,-0.006886011881658823,1655.3152066931505,-2163.9932659262713,30072,36619
12,96,67218,2057,-0.007541723894385293,-0.00672244567949785,1665.8330762615067,-2172.772672994294,29945,36557
12,97,67251,2057,-0.007512782525171668,-0.006792282418137258,1677.6226140961621,-2182.86475169648,29960,36609
12,98,67172,2057,-0.007465156501615962,-0.006751962426785,1690.0381549888225,-2191.487647515368,29919,36568
12,99,67103,2054,-0.007453626277222692,-0.006794397332140614,1699.2078974419496,-2199.3685815224267,29939,36456
12,100,67111,2055,-0.0074689126633694985,-0.006840639825531157,1708.1818968711696,-2209.428094622555,29941,36443
12,101,67061,2054,-0.0074477921925744,-0.006785292009815669,1715.8910252068406,-2215.347417433068,29909,36444
12,102,66962,2054,-0.007406752939276317,-0.006791336882042985,1724.6757067275457,-2220.6466970473716,29825,36384
12,103,66942,2054,-0.007324532500906773,-0.006748931016211843,1737.1755830066825,-2227.4944376823855,29864,36357
12,104,66928,2053,-0.007284223592546522,-0.0067920667913784335,1747.9126408612829,-2235.431157463234,29939,36321
12,105,66889,2053,-0.007229590339466992,-0.0064888658559204854,1757.100435823164,-2240.680504039779,29931,36296
12,106,66769,2053,-0.007187713187287812,-0.006423026238793695,1763.8609599095487,-2243.7773817115744,29914,36201
12,107,66734,2053,-0.0071546184580932115,-0.006406008688994108,1772.6682338825874,-2250.1245420649852,29839,36181
12,108,66649,2050,-0.007103236189285741,-0.00618508973403135,1782.2182544873629,-2255.641843267066,29886,36084
12,109,66562,2048,-0.006997233311708805,-0.0061290823862135526,1793.2098510177063,-2258.959694711682,29911,36039
12,110,66485,2047,-0.00698008616132627,-0.006063666117238273,1800.8760694278571,-2264.9470978636286,29838,35953
12,111,66410,2047,-0.0070049696693288725,-0.006059952166669363,1808.419143779388,-2273.6191795195186,29728,36033
12,112,66356,2046,-0.006991568515124472,-0.006034409247900133,1816.752277187183,-2280.68479757678,29749,35960
12,113,66244,2045,-0.0070570260284303545,-0.006092637689984991,1819.724181665622,-2287.2098138929678,29699,35899
12,114,66173,2045,-0.007103188418323812,-0.006058895510448731,1826.182352966552,-2296.2216401722885,29601,35899
12,115,66083,2043,-0.007189910079693414,-0.006153569170169828,1830.0100071870709,-2305.140834983451,29582,35828
12,116,65978,2043,-0.0072613397869735015,-0.0062294229447471625,1834.3343207373525,-2313.422997202295,29516,35866
12,117,65904,2041,-0.007336614107541696,-0.006302349239372382,1838.0425916118243,-2321.5548077552517,29445,35826
12,118,65812,2040,-0.0073974308811488075,-0.006266735110131509,1843.8594220678103,-2330.6991432179734,29325,35873
12,119,65651,2039,-0.007431863531270796,-0.0062701809602261245,1848.551343459298,-2336.4606161507504,29278,35772
12,120,65543,2039,-0.007532609519777381,-0.006459649253440718,1851.2021626808844,-2344.9119884356505,29175,35722
12,121,65422,2039,-0.007651463613401499,-0.006449446146957941,1854.4356992999353,-2355.0097518158905,29057,35698
12,122,65305,2039,-0.007711398260622384,-0.006462506872016836,1859.2091606317142,-2362.8020240416568,28956,35684
12,123,65259,2038,-0.007811266782207657,-0.0067321903714661815,1861.4050491511368,-2371.160508091227,28914,35689
12,124,65162,2037,-0.007954320413575026,-0.006977201388817553,1860.8328198207664,-2379.1522466101405,28808,35687
12,125,65062,2037,-0.008035364780588012,-0.0071102744514701215,1862.2869644409222,-2385.0838677955358,28774,35707
12,126,64968,2034,-0.00819814001191697,-0.007077470194527364,1862.1417098372838,-2394.7584701315063,28697,35703
12,127,64845,2034,-0.00832780228394006,-0.007049272651062512,1862.9903703627608,-2403.0067094648525,28675,35622
12,128,64789,2034,-0.008483041878205992,-0.007144245838252033,1863.929459652191,-2413.5372598992735,28611,35588
12,129,64715,2033,-0.00855252115588814,-0.007084788593438558,1866.8900194043224,-2420.366426007633,28536,35578
12,130,64594,2033,-0.008677125980804251,-0.007093908261925184,1866.8838708956262,-2427.374146499695,28422,35551
12,131,64491,2031,-0.008768126764538208,-0.007338716081773838,1868.2769941600689,-2433.742257331907,28383,35515
12,132,64372,2031,-0.008866916934047769,-0.007621529679161965,1869.7801508288092,-2440.561327707349,28364,35406
12,133,64297,2029,-0.00892524254910038,-0.007612441291848176,1872.3784017189582,-2446.2447218984735,28359,35332
12,134,64177,2026,-0.009012268520606784,-0.007678312852314771,1873.1881947513434,-2451.568551598324,28302,35296
12,135,64032,2023,-0.009063530433720523,-0.0076286919932188595,1874.7279644018822,-2455.08394513387,28270,35192
12,136,63936,2023,-0.009095698979813308,-0.007586238104685839,1877.656993984656,-2459.199603958004,28246,35095
12,137,63811,2022,-0.00912124194612262,-0.00750513289393661,1881.6305371427552,-2463.666106966787,28271,34973
12,138,63694,2020,-0.009038222335525115,-0.007532765991844127,1890.7171739035032,-2466.397707342433,28200,34900
12,139,63547,2018,-0.008946090017450021,-0.007677011038644228,1901.0955552803837,-2469.592737619275,28256,34760
12,140,63408,2017,-0.008822640258305868,-0.007617121256706843,1911.8156950030384,-2471.241668501704,28218,34619
12,141,63269,2017,-0.008779687993568151,-0.007692419710095337,1919.1490273631202,-2474.631107028184,28177,34531
12,142,63154,2015,-0.008769057189430022,-0.007661874922694258,1924.6778058673847,-2478.4788436086487,28210,34397
12,143,62967,2013,-0.00873509835052035,-0.007658391930830993,1930.1851852505554,-2480.2081230877707,28133,34267
12,144,62831,2012,-0.008593385730025169,-0.007632738039016047,1941.0864814691297,-2481.017500272339,28043,34230
12,145,62673,2010,-0.00846908788872364,-0.007405329807003724,1951.1601555227776,-2481.943300772761,27955,34160
12,146,62468,2008,-0.008415144401466648,-0.007383634899259132,1956.7184955175662,-2482.3957359883793,27921,34014
12,147,62303,2006,-0.008321369831484557,-0.007268420947988559,1962.9725950324605,-2481.418899643441,27842,33938
12,148,62094,2005,-0.008238600187860198,-0.0072866363164577315,1969.5599722920576,-2481.127612357049,27733,33839
12,149,61850,2005,-0.008101334142516313,-0.0072585611059711634,1976.9736732038766,-2478.0411899185146,27648,33698
12,150,61628,2003,-0.008025210714759454,-0.007413757401838829,1982.8934759406125,-2477.471161869804,27546,33582
12,151,61396,2002,-0.007982103029692095,-0.0073512829536487795,1987.8694300429784,-2477.9386276539535,27439,33437
12,152,61113,2001,-0.00809341689574805,-0.007360729435560786,1982.8404764054403,-2477.453463155292,27317,33304
12,153,60807,1996,-0.008169135441788468,-0.007332693536773989,1977.4614095371721,-2474.2020283460038,27224,33093
12,154,60484,1993,-0.008276215787185341,-0.007326585789925289,1970.5818707559865,-2471.1605064281025,27092,32917
12,155,60161,1991,-0.008302419828227993,-0.0072842306749423885,1966.4490577508654,-2465.9309370368924,26979,32684
12,156,59801,1987,-0.00831432985818579,-0.007600418360445741,1961.78551908922,-2458.9907589385925,26817,32469
12,157,59384,1978,-0.008273328616624352,-0.007623996631467306,1955.2624488942242,-2446.5657954638464,26637,32263
12,158,58970,1975,-0.008261210576884594,-0.007488277529168833,1946.1024775694964,-2433.2660652883883,26466,32035
12,159,58540,1970,-0.008334802337354792,-0.007592021339340577,1934.6187346301367,-2422.538063458893,26205,31875
12,160,58058,1968,-0.008356716437238128,-0.007642800834463658,1923.6897118562122,-2408.863954769379,25999,31584
12,161,57446,1962,-0.008338573097765003,-0.007294806548147327,1907.2341225444418,-2386.2517927186486,25748,31233
12,162,56816,1956,-0.00841187648350577,-0.007520722665926215,1886.1394576565451,-2364.068631943408,25456,30908
12,163,56140,1953,-0.00850664734795803,-0.007656556371600814,1863.9110676890489,-2341.4742498034134,25094,30588
12,164,55325,1950,-0.00868583721737062,-0.007740173782172237,1835.2956670118624,-2315.8396110628946,24701,30148
12,165,53565,1949,-0.008653049413893265,-0.008035956190466426,1775.8813954374782,-2239.381987292673,23955,29141
12,166,51797,1941,-0.008509661606997844,-0.009825889147437422,1721.4050210528837,-2162.1799633105525,23162,28192
12,167,50074,1927,-0.008272635676412858,-0.009373285228095041,1671.675860491033,-2085.919819351734,22376,27256
12,168,48376,1918,-0.008032356605361515,-0.008747679030870188,1622.5982453595775,-2011.1715285005464,21631,26315
12,169,46682,1908,-0.007815285805604954,-0.009630476988313888,1571.480565388759,-1936.3137373660081,20877,25366
12,170,45037,1895,-0.007642977795031295,-0.010646239469353754,1520.7672967901728,-1864.9840877449979,20132,24506
12,171,43410,1876,-0.007416909127805447,-0.010598703854407043,1472.5103717840304,-1794.4783970220672,19392,23598
12,172,41857,1868,-0.007079940618332823,-0.010724005572420713,1430.898673983509,-1727.2437484450652,18733,22739
12,173,40305,1859,-0.006701825332129523,-0.010883002700819329,1388.8480699924962,-1658.9651400039775,18059,21858
12,174,38795,1849,-0.006343138571257166,-0.010636884168204202,1345.422770728837,-1591.5048316007556,17376,21059
12,175,37298,1805,-0.006001906969452051,-0.009715313479573976,1300.5899210510474,-1524.449047197672,16736,20206
12,176,35928,1779,-0.005635681463503457,-0.010201905013363457,1261.9480987820814,-1464.4268624028375,16152,19418
12,177,34598,1751,-0.005100247312388106,-0.009812289537658581,1228.3862192190747,-1404.8445757330774,15563,18694
12,178,33348,1701,-0.004538948121977207,-0.01051408373594774,1197.4027529438415,-1348.7675949155396,15032,17947
12,179,32186,983,-0.003833448671912804,-0.0024672603813651536,1168.6726038491283,-1292.0559828033113,14568,17327
12,180,32028,979,-0.003594911895483177,-0.003528205968913193,1172.8739253840633,-1288.0117635725958,14475,17236
12,181,31857,979,-0.0034671192927427856,-0.0038302949090325993,1173.650073739551,-1284.1020930484597,14403,17126
12,182,31676,978,-0.003300022104772761,-0.0036768286224822307,1172.8172197016997,-1277.3487198924822,14324,17026
12,183,31467,977,-0.003112406420090933,-0.003842909812808949,1171.5659255179244,-1269.504018338926,14267,16886
12,184,31247,974,-0.002942040855930958,-0.0037572958497972585,1169.7701846270188,-1261.700135252294,14200,16744
12,185,31013,972,-0.0027865294085075254,-0.0033364986287243567,1166.7077289543563,-1253.126365500398,14076,16638
12,186,30767,972,-0.0025967866816246116,-0.0030834873746785844,1164.0984943555588,-1243.9938301891032,13994,16483
12,187,30430,971,-0.002397883453883578,-0.003270801148822029,1156.1963572405325,-1229.16395074221,13887,16242
12,188,30073,971,-0.0022201676438880213,-0.003276756313910719,1146.823607767811,-1213.5907093224546,13754,16039
12,189,29727,967,-0.0020195977028573463,-0.0030282674369629154,1138.6528690983805,-1198.68945001122,13592,15823
12,190,29367,967,-0.001831569670788811,-0.002681510996996761,1130.5358971728463,-1184.323603694902,13474,15617
12,191,28835,967,-0.0014873259218529447,-0.002950539744837867,1114.9531672850928,-1157.8402102417222,13232,15317
12,192,28288,964,-0.001151970113827712,-0.0027489835315680083,1098.540867852138,-1131.1277984320927,12996,15015
12,193,27710,960,-0.0009320712257141175,-0.0027571841927574526,1080.396248159594,-1106.2239418241313,12728,14709
12,194,27073,957,-0.0007911689096181369,-0.002861122617821192,1060.4672805954228,-1081.8865964855147,12438,14372
12,195,25048,956,-0.0006426828098090514,-0.0028898044837842767,984.1220619363421,-1000.2199809564379,11491,13305
12,196,23028,948,-0.0004938319327283047,-0.0027813783291365376,906.8135149319438,-918.1854766788097,10575,12211
12,197,21033,943,-0.00038869148874139104,-0.002754938063647567,830.5252367645235,-838.7005848472186,9657,11174
12,198,19064,941,-0.00024216847160374,-0.0028331344550923255,755.1879601432527,-759.8046598859056,8772,10099
12,199,17122,938,-0.00012055720173737849,-0.0033513032290063767,679.2562197503722,-681.3204001585185,7865,9072
12,200,15178,929,0.00008379305140709602,-0.0027841080642485184,603.8499384589016,-602.5781275246444,7007,8007
12,201,13265,907,0.00015344084572003802,-0.003806835047027586,528.4153479938897,-526.3799551754128,6136,6996
12,202,11452,906,0.00022244887092365815,-0.004174109980111414,457.9467492198592,-455.39926475004194,5298,6041
12,203,9646,904,0.0004439952807112007,-0.004376749294213094,387.44659393375775,-383.16381545601797,4445,5077
12,204,7848,899,0.0008302484310771423,-0.004262464290468382,316.64263381417504,-310.12684412708205,3636,4123
12,205,6076,867,0.0011233327500072133,-0.0010097244973839416,245.50982906365294,-238.68445927460905,2803,3210
12,206,4488,860,0.0006115798062603401,-0.00215887879759193,182.04112778945992,-179.29635761896367,2034,2405
12,207,2935,849,0.000017350800634654903,-0.0037110751053244864,119.53965190603095,-119.48872730616831,1333,1572
12,208,1427,834,-0.0003496026923265302,-0.004772536918876975,58.58796707332681,-59.086850115276775,635,779
13,0,75905,2086,0.0,0.0,0.0,0.0,0,0
13,1,70787,2086,-0.000050633164318890256,-0.000046662531117002776,231.21379515974647,-234.79796496238703,31957,32628
13,2,70550,2086,-0.00011345857190918453,-0.0000909275115100176,313.7148992789369,-321.7194015271298,32492,33487
13,3,70311,2086,-0.00019798096020064962,-0.0001675441736037639,376.53433300713004,-390.454572299798,32438,34147
13,4,70245,2085,-0.00024221351870146743,-0.0002302727774436544,430.1452059586659,-447.1594945798508,32584,34406
13,5,70038,2085,-0.00031217733710583095,-0.00027131598269730434,475.6234971108739,-497.4877734470902,32592,34564
13,6,70044,2085,-0.00037737188525470726,-0.00035040194929753817,517.8573535352385,-544.2899898660188,32658,34750
13,7,69931,2085,-0.0003918864775810563,-0.00027422657439151013,556.304118402287,-583.7091316660091,32785,34790
13,8,69882,2084,-0.00043031979043837103,-0.0002841937371307967,591.775842030793,-621.8474496262065,32712,34919
13,9,69702,2084,-0.00045982861304347434,-0.00021530595101830612,625.4643984160565,-657.5153724024102,32608,34931
13,10,69702,2083,-0.0005019016131902422,-0.0002434638137059304,655.6954039330578,-690.6789501756407,32622,35048
13,11,69593,2082,-0.000581131719366095,-0.0002933966205960418,681.3167652036591,-721.759464949503,32536,35102
13,12,69629,2081,-0.0005964044172475262,-0.00024202160109170902,709.0193011421333,-750.5463443106584,32604,35117
13,13,69407,2081,-0.0006357593195990077,-0.0002670407136638685,732.1115778449533,-776.2377249403615,32596,35018
13,14,69390,2074,-0.0006432451919534188,-0.0002641909559643737,756.3708058697365,-801.005589739387,32657,34983
13,15,69315,2074,-0.0006714009176448421,-0.0003450186985867393,779.6711401422614,-826.2092947488152,32546,34992
13,16,69303,2074,-0.0006836085931665865,-0.0002933071207217485,802.7082037463763,-850.084330078598,32671,34991
13,17,69161,2074,-0.0006710585101201557,-0.00031182370539231734,825.3055831570858,-871.7166607755016,32514,34997
13,18,69168,2072,-0.0006774765816913699,-0.00032912098149135354,848.244168876079,-895.103869078507,32471,35136
13,19,69230,2072,-0.0007208433536717493,-0.000350160047825661,869.5549189146291,-919.4589042893224,32460,35229
13,20,69039,2071,-0.000737726505914741,-0.00038270636869834444,889.2950685143594,-940.2269687562074,32352,35240
13,21,69067,2070,-0.0007629102965450516,-0.0004342412391263898,910.0242542390401,-962.7161796905195,32359,35259
13,22,68991,2068,-0.0007562908092803826,-0.0004376789824188366,931.4453596586062,-983.6226188816661,32361,35243
13,23,68999,2069,-0.0007895267992892937,-0.0004685178745722055,951.8498888342496,-1006.3264484584157,32231,35419
13,24,68938,2069,-0.0007842710090309968,-0.0004851340447210846,973.4700266753596,-1027.5361014959378,32171,35450
13,25,68926,2069,-0.000817640703382276,-0.0005196842085800584,991.8755657174937,-1048.2322688388192,32186,35414
13,26,68866,2069,-0.0008503052527712587,-0.0005268174648290948,1008.1743150779662,-1066.7314366153075,32089,35524
13,27,68837,2068,-0.00091999692110468,-0.0006199207946122868,1023.605098802807,-1086.9349268608887,32042,35527
13,28,68810,2067,-0.0009532366171926548,-0.0006114479682909952,1040.4285513097454,-1106.020762938772,32024,35582
13,29,68742,2067,-0.0010379093178824541,-0.0006497630367087499,1053.023498062047,-1124.3714603919234,32022,35526
13,30,68722,2068,-0.0011542640348777516,-0.0007420589080185314,1065.716333426438,-1145.0396664313078,32017,35489
13,31,68666,2067,-0.0012431421772695077,-0.0008887863120183798,1079.4894026957302,-1164.8510034401143,31974,35482
13,32,68668,2067,-0.001406852057828052,-0.0011096475705957823,1089.8733087359756,-1186.4790258429084,31920,35567
13,33,68599,2067,-0.001538213224950145,-0.0012215083653417719,1099.8893956057616,-1205.4092846241172,31877,35521
13,34,68587,2064,-0.0016701558644028603,-0.001295392820110604,1109.6993024717328,-1224.2502827435305,31828,35589
13,35,68553,2065,-0.0018175958494769746,-0.0014447529010984447,1120.1596375517236,-1244.7612858209193,31707,35725
13,36,68544,2065,-0.001947609533594457,-0.0015560875524102047,1130.90674661589,-1264.4036944865857,31648,35775
13,37,68550,2064,-0.0021079576695730486,-0.001724844924906958,1141.0376319421578,-1285.5381301913885,31528,35880
13,38,68490,2064,-0.002270966484713028,-0.001922821734052147,1150.6575110158649,-1306.1960055538625,31417,35953
13,39,68438,2064,-0.0023882720046174283,-0.001974382281004732,1161.9093094662137,-1325.3578689182218,31432,35969
13,40,68360,2064,-0.0025389932545381096,-0.0021338734335069973,1170.0449300031871,-1343.610508883417,31301,35969
13,41,68271,2064,-0.002690244010530171,-0.002264848602647906,1178.6194290074097,-1362.2850778503202,31214,35972
13,42,68255,2064,-0.002841587284373646,-0.002419971102756143,1187.4209110656025,-1381.3734511605273,31109,36083
13,43,68208,2064,-0.002999199149173982,-0.0025442033951189116,1196.8485762716955,-1401.4179518385592,31126,36044
13,44,68162,2064,-0.0031662874832352264,-0.002729380063182742,1205.0048092264435,-1420.8252966587208,31046,36089
13,45,68209,2063,-0.0033315588489898668,-0.0028510505057935983,1213.0582326785209,-1440.3005302092715,30993,36166
13,46,68133,2064,-0.0035227897220323416,-0.0030698701649926607,1219.771900823402,-1459.7901329546303,30872,36279
13,47,68096,2063,-0.003661236718534797,-0.003139538321616654,1229.4319076619586,-1478.7474832472994,30804,36300
13,48,68041,2062,-0.0037788974820122468,-0.00319107570086838,1239.1552093630225,-1496.2751729366148,30770,36305
13,49,68024,2062,-0.0039366705029394815,-0.003340964424785408,1247.150529746721,-1514.9386040386778,30691,36410
13,50,67949,2061,-0.004130573671628673,-0.0036136922760493266,1252.7905831763142,-1533.4589335898124,30596,36398
13,51,68000,2061,-0.004277793609858003,-0.003697900557684767,1259.9773144518429,-1550.867279922184,30564,36449
13,52,67865,2060,-0.004444482406669375,-0.0037950842901398676,1264.78462214309,-1566.4094206717082,30414,36493
13,53,67816,2060,-0.004569134357718076,-0.00392747520860635,1271.5426786520088,-1581.4030942550182,30457,36452
13,54,67759,2060,-0.004703526799098712,-0.003942027685660747,1277.105923257519,-1595.8121956376476,30334,36485
13,55,67703,2059,-0.004835593000321236,-0.004017179720140543,1283.2756374488986,-1610.6597903496481,30398,36357
13,56,67701,2060,-0.004943294732030137,-0.00403788785866974,1292.4345660396066,-1627.1005626927779,30378,36399
13,57,67561,2059,-0.005081744814907906,-0.004156089609979607,1297.3394862734392,-1640.6672477134261,30364,36318
13,58,67626,2059,-0.005167701788820088,-0.00429216699724216,1306.1198147268847,-1655.5908158976313,30375,36372
13,59,67593,2059,-0.0052642792580325105,-0.004382836468053414,1312.7006260148592,-1668.5290539030457,30302,36399
13,60,67547,2059,-0.005346772997723856,-0.004484454765950267,1322.3384344952035,-1683.4969101724566,30309,36292
13,61,67559,2059,-0.005423307415152018,-0.004695757990979208,1330.3111046403735,-1696.7043303006274,30424,36239
13,62,67515,2059,-0.005472823591663619,-0.004769755325536954,1340.1732743723908,-1709.6709591635563,30360,36238
13,63,67490,2056,-0.005540524555146251,-0.004812239677780753,1350.8422691030207,-1724.7722713298376,30399,36200
13,64,67445,2056,-0.005634501088670097,-0.0048935254002064,1358.6920777965902,-1738.711003721942,30377,36114
13,65,67424,2056,-0.005644976498355621,-0.004874061348362754,1369.1421534500366,-1749.7490488751705,30402,36127
13,66,67370,2056,-0.005721219443299462,-0.005060508774363007,1377.393962840379,-1762.832516735468,30406,36105
13,67,67353,2056,-0.00580837067538487,-0.005137805634778538,1386.185295668139,-1777.3964857673382,30346,36099
13,68,67307,2055,-0.005888165152441153,-0.005258875058151299,1392.2264227098924,-1788.5411546252424,30354,36062
13,69,67300,2053,-0.005893034024690035,-0.005263923820180377,1404.2799763563278,-1800.8811662179671,30432,36045
13,70,67271,2055,-0.005931513174997768,-0.005313537120239245,1412.9962597418296,-1812.015082537105,30479,35990
13,71,67245,2054,-0.005993644395015975,-0.005381077438392952,1423.4707017885341,-1826.5133191313862,30460,35951
13,72,67246,2053,-0.006057839854817914,-0.005344432060884871,1433.5627062342394,-1840.9282051113225,30357,36107
13,73,67203,2053,-0.0060599920668284665,-0.0052753080539000964,1443.973380491463,-1851.223027358538,30357,36060
13,74,67154,2052,-0.0060933487277129135,-0.00531206604487454,1453.829103780809,-1863.0218442416417,30307,36062
13,75,67078,2051,-0.0060891963120139675,-0.0052976229309588665,1465.2995325362238,-1873.7506427534925,30257,36041
13,76,67060,2052,-0.006127039681257947,-0.0052828067927094624,1474.339005553635,-1885.2182865787918,30144,36099
13,77,67014,2052,-0.0061501517808473126,-0.005301461442404038,1483.1856073508964,-1895.3318787925932,30195,35999
13,78,66974,2051,-0.006206405677993035,-0.005288793236110335,1492.0551016384618,-1907.722915516362,30187,36023
13,79,66908,2051,-0.0062221983582085826,-0.005274189169066798,1501.7418704201882,-1918.0567181712056,30141,35996
13,80,66835,2050,-0.006227698017338632,-0.005322800057253314,1511.6607108485848,-1927.8889078374127,30142,35925
13,81,66794,2050,-0.006193532119341182,-0.005232159051845116,1524.8735692103587,-1938.5643535896343,30148,35898
13,82,66764,2049,-0.006155622441332583,-0.00510089737113871,1538.5907924388255,-1949.5647691119582,30098,35896
13,83,66699,2050,-0.006087627076606206,-0.004995686431693508,1552.6529526629238,-1958.6915910454793,30103,35809
13,84,66641,2049,-0.006089966347938305,-0.005012238895268905,1562.3629882599919,-1968.2044356529475,30103,35763
13,85,66580,2047,-0.006111799980361072,-0.005032560286552732,1572.716407080582,-1979.6400497730206,30044,35768
13,86,66540,2046,-0.006089289170218425,-0.004791867543269242,1582.2331103151473,-1987.4144117014807,29990,35834
13,87,66453,2045,-0.0060102159115528915,-0.00473162403423,1593.6332816461818,-1993.0301596166048,30000,35717
13,88,66370,2045,-0.0059745075356926365,-0.004612378595099777,1604.2349627675285,-2000.7630279114467,29934,35698
13,89,66299,2044,-0.005939373728906203,-0.004719419057512187,1614.1586211579342,-2007.9331600106843,29932,35639
13,90,66238,2043,-0.0058998783997205925,-0.004797478358741702,1623.8156373872778,-2014.6117828279766,29986,35546
13,91,66202,2040,-0.005912162295249813,-0.004766954427088108,1631.634544742645,-2023.0315130127713,29967,35530
13,92,66092,2040,-0.005851809889533962,-0.0047348167739240795,1641.4583472794118,-2028.2161664984844,29953,35441
13,93,66026,2040,-0.005768622142785443,-0.004634171209570093,1651.4957210221728,-2032.3747666217212,29913,35445
13,94,65910,2038,-0.005766333315615284,-0.004638228516095915,1659.4427310576634,-2039.501759889874,29904,35328
13,95,65829,2037,-0.005822878682124939,-0.004733641243710916,1665.9835488678252,-2049.297829633428,29773,35367
13,96,65764,2036,-0.0057934014193852384,-0.004670820925791751,1674.009273530863,-2055.006524475317,29713,35362
13,97,65660,2036,-0.0058208867005177176,-0.00461423074638028,1680.4527217368502,-2062.6521424928396,29666,35301
13,98,65592,2035,-0.0058883803011602716,-0.004665706243140492,1684.8700556618303,-2071.1006963755294,29579,35307
13,99,65494,2035,-0.005921941845126567,-0.004677531510674893,1690.9078385894315,-2078.7594977941462,29510,35303
13,100,65455,2035,-0.0059581322756347595,-0.004691910682029357,1698.323847945173,-2088.313396046851,29494,35284
13,101,65320,2035,-0.00597851030786524,-0.0046654462292939685,1703.8074420957507,-2094.3237354055073,29475,35213
13,102,65241,2035,-0.006056339209818988,-0.004799782136750578,1706.6017857799372,-2101.723412167735,29354,35185
13,103,65120,2035,-0.006145942651703447,-0.004857369805379328,1710.4937334935748,-2110.7175189725017,29311,35125
13,104,65023,2035,-0.0062228231657545496,-0.004801411305249139,1713.3435723428013,-2117.9702030496646,29269,35070
13,105,64933,2033,-0.006343330530851602,-0.004994809098006474,1715.7797306182767,-2127.671211978057,29223,35046
13,106,64828,2031,-0.006457834472140824,-0.0050141756751781105,1719.3260842961201,-2137.9745774560683,29122,35025
13,107,64713,2031,-0.006526313800435644,-0.004934046005957965,1724.190209837234,-2146.527554804827,29060,34986
13,108,64651,2029,-0.006671922528947715,-0.004885521119006164,1726.3383208412076,-2157.6847842602115,29014,35011
13,109,64545,2028,-0.006804835313373674,-0.005220092159943178,1725.856386109493,-2165.074481411199,28946,34970
13,110,64433,2027,-0.006908117229498058,-0.005287169691505702,1726.7787237427456,-2171.889441190996,28856,34966
13,111,64330,2026,-0.007026728715773549,-0.005299505740027656,1727.6693664452748,-2179.698824730989,28807,34918
13,112,64203,2026,-0.007137223371992795,-0.005458329483484719,1729.4917538573425,-2187.7229060093955,28703,34911
13,113,64091,2024,-0.007204027122702273,-0.0056505103655205835,1733.9051632295198,-2195.6184655506327,28603,34841
13,114,63973,2024,-0.007313308911625599,-0.005765524686269439,1735.9915486799441,-2203.8458596833693,28515,34819
13,115,63880,2024,-0.0073777660256976385,-0.0056365550777394595,1738.772217843081,-2210.063911564644,28469,34765
13,116,63756,2023,-0.00742223763855602,-0.0057278899378160825,1742.8588274846345,-2216.0710103684028,28404,34660
13,117,63657,2021,-0.007461937698526683,-0.005768795008720198,1748.164024980767,-2223.168593055877,28365,34622
13,118,63573,2018,-0.007560386448442121,-0.005927446274342684,1749.6599093644095,-2230.2963570512156,28344,34595
13,119,63500,2018,-0.007638755518231011,-0.0060061913227348815,1752.6204513702157,-2237.681426777886,28253,34573
13,120,63384,2017,-0.007677803663637407,-0.0059801167896494185,1756.969348790962,-2243.6192562069546,28220,34548
13,121,63261,2016,-0.0076857615487811145,-0.005952928529886721,1762.2198315874523,-2248.428792924898,28226,34366
13,122,63139,2013,-0.007738832131888847,-0.005919911913176969,1766.5119525669122,-2255.134074542248,28179,34334
13,123,62978,2012,-0.00768551250740325,-0.0059730209210670645,1774.47080573062,-2258.4890124218605,28199,34179
13,124,62848,2010,-0.007598554521366557,-0.006129037920440206,1785.0425641355969,-2262.5965186944445,28146,34058
13,125,62698,2010,-0.007577850137964475,-0.006114494474817591,1792.7134589778102,-2267.8295069279097,28140,33961
13,126,62550,2008,-0.007536778524959223,-0.0060483960866963915,1800.8794086167973,-2272.304905352998,28080,33876
13,127,62377,2006,-0.007543732410889248,-0.0060723627562949516,1804.9391783943963,-2275.4945749884346,28027,33780
13,128,62264,2006,-0.0075477354188604046,-0.006102583971487349,1810.7707824087563,-2280.7229805286856,27997,33645
13,129,62037,2006,-0.007509661298100457,-0.006101081054178368,1815.397579335471,-2281.2744372857264,27955,33509
13,130,61859,2001,-0.007474550573785001,-0.006064688133675699,1821.6329001041067,-2284.0011240478766,27891,33400
13,131,61657,2000,-0.00746478669061658,-0.006213499346206802,1827.411626622936,-2287.6679796062886,27775,33284
13,132,61473,1997,-0.007404263083491275,-0.006004649983371124,1833.4387932271366,-2288.6010577585957,27724,33196
13,133,61253,1994,-0.007323733028808235,-0.006164505117598831,1841.938700030351,-2290.539319243938,27661,33040
13,134,61011,1991,-0.007239114825603132,-0.006100785646190166,1850.4901891520992,-2292.155823776964,27611,32871
13,135,60796,1991,-0.00719060863379415,-0.006211109854915063,1859.825763979266,-2296.986006479412,27470,32780
13,136,60524,1986,-0.00718655332115856,-0.005990104469305575,1863.6109869856714,-2298.5699401954726,27327,32665
13,137,60246,1986,-0.007295428936358797,-0.006383598927887521,1859.7331841663474,-2299.2535958662315,27180,32559
13,138,59966,1983,-0.007401417164988674,-0.007049019143192459,1855.979503635331,-2299.8128853510434,27132,32326
13,139,59665,1978,-0.007470272676623101,-0.00708574773926158,1851.9756226739737,-2297.6894419246983,26987,32172
13,140,59311,1976,-0.007471249755930199,-0.007336113004518669,1850.2884455670514,-2293.4157398410275,26807,31953
13,141,58942,1970,-0.007443172488934432,-0.007120912740297983,1847.2779251917352,-2285.993398034509,26683,31749
13,142,58537,1966,-0.007380788770216609,-0.006937305235972924,1843.5946244735944,-2275.6438567157657,26506,31502
13,143,58083,1959,-0.007408038614679616,-0.006851957977083713,1835.2979640860622,-2265.579070942501,26270,31293
13,144,57634,1958,-0.007461685595350154,-0.006765111463511858,1825.2590413008452,-2255.3058289032497,26077,31044
13,145,57140,1958,-0.0074456731349576135,-0.00680748134824215,1817.075929638693,-2242.52169257017,25842,30807
13,146,56561,1951,-0.007435516392300261,-0.006684114524994614,1803.014875585975,-2223.5751182508748,25560,30494
13,147,55917,1944,-0.007562159619934358,-0.006839489692052257,1782.6004571614374,-2205.453736629301,25247,30165
13,148,55235,1942,-0.007674997911023823,-0.006810674763707758,1760.4169048995307,-2184.345414514929,24940,29800
13,149,54413,1940,-0.007861693918518755,-0.00701307915321708,1732.1919110875078,-2159.970262275865,24523,29425
13,150,52680,1937,-0.007854697341447557,-0.007356330461078162,1675.5181074487762,-2089.3035633962395,23720,28499
13,151,50994,1925,-0.007749975771229761,-0.008582301194188503,1624.4621421381933,-2019.6644066162896,22978,27558
13,152,49312,1911,-0.007562385363573031,-0.008326846093574498,1578.2139084520452,-1951.1302555005573,22212,26653
13,153,47639,1897,-0.0073946493023917806,-0.008311459281815767,1530.4699397090078,-1882.7436378256527,21481,25715
13,154,46001,1890,-0.007249309870635312,-0.009100840079736792,1481.0851194052261,-1814.56062276432,20734,24830
13,155,44392,1883,-0.007118163473736787,-0.010088927679139957,1432.1508613193384,-1748.1403742454636,20046,23935
13,156,42814,1864,-0.006893293516689795,-0.009685540688930676,1387.2605846175663,-1682.3900532411233,19304,23099
13,157,41268,1854,-0.006635060062939693,-0.00994821826624969,1346.8094338501987,-1620.6250925275938,18660,22216
13,158,39756,1844,-0.006252158792177394,-0.010292063014508343,1308.69192143898,-1557.252746380785,17981,21416
13,159,38272,1833,-0.005865068061234003,-0.010116692576643762,1270.5609798322923,-1495.0288646718445,17336,20570
13,160,36827,1786,-0.005484044027331842,-0.008970195296844502,1230.189092988194,-1432.1499823827394,16712,19756
13,161,35481,1765,-0.005185900340438347,-0.00915875962076551,1193.7628552530373,-1377.763785232135,16100,18997
13,162,34212,1734,-0.0046946581818881825,-0.008876390199148085,1162.98071268511,-1323.5943584038648,15582,18278
13,163,32988,1681,-0.004223604483038082,-0.009692407158155013,1132.8907491027223,-1272.2190137891835,15066,17621
13,164,31870,979,-0.0036255556571603118,-0.0019960979534014212,1104.5443902332868,-1220.0908490269853,14585,16957
13,165,31707,976,-0.003450318719208801,-0.003075042069464287,1107.5094760622592,-1216.9087316922135,14487,16908
13,166,31534,975,-0.003375508076558525,-0.0033307525545516687,1107.549644384669,-1213.9929160708664,14422,16813
13,167,31354,973,-0.0032802142720979206,-0.0033998178576727205,1106.7317204287617,-1209.5795587161206,14349,16700
13,168,31131,972,-0.0031675466133328388,-0.003515073120940007,1105.456684704795,-1204.0655783244601,14237,16590
13,169,30904,970,-0.0030313855946886574,-0.0033670494094265955,1103.61353834421,-1197.2954787624662,14167,16420
13,170,30679,969,-0.002901559889781206,-0.003248761109823928,1101.3055428802743,-1190.3224987388735,14049,16326
13,171,30427,969,-0.0027374199613835605,-0.0030254817703685355,1098.1233815972553,-1181.4148587622747,14011,16130
13,172,30087,969,-0.002550377479972181,-0.0031933728028342495,1090.1437887507461,-1166.8769959906674,13858,15932
13,173,29728,968,-0.002401295260913866,-0.0029947154165583753,1080.9808177307998,-1152.366523247247,13714,15735
13,174,29371,965,-0.002234938432220136,-0.002554381135648587,1072.5089299488977,-1138.1513066416348,13580,15510
13,175,28995,965,-0.002055559171103101,-0.0024442359661008624,1064.481466505408,-1124.0824046715436,13382,15327
13,176,28430,964,-0.001774598334687216,-0.0028213275262919915,1048.088383384299,-1098.5402140394556,13133,15017
13,177,27859,958,-0.001476436934151659,-0.002595235043562933,1031.336748014165,-1072.4688045626965,12905,14716
13,178,27269,952,-0.001257100310291524,-0.0026341952205630355,1013.8115780210744,-1048.091446382415,12597,14407
13,179,26605,951,-0.0011788907942806572,-0.00271940662492997,992.7949560628755,-1024.1593456447108,12294,14068
13,180,24598,951,-0.001007552699858559,-0.0028665837160544677,922.6909108450127,-947.4746921561335,11414,12950
13,181,22593,943,-0.0008493422385168358,-0.0024853724182629065,851.6307984113937,-870.8199876062044,10466,11916
13,182,20625,939,-0.0007463816021665349,-0.0025830322861836643,780.4032134516448,-795.7973339963293,9550,10870
13,183,18692,937,-0.0006148422089660119,-0.002777985566757184,710.9562295179016,-722.4488600878949,8661,9843
13,184,16781,933,-0.00043920381793324765,-0.0029412558427279727,640.6922963329118,-648.0625756016507,7813,8803
13,185,14880,926,-0.0003250719784019196,-0.002697143274033705,570.5527566876206,-575.3898277262423,6924,7816
13,186,13005,904,-0.00027847078956124067,-0.0037264302149968382,499.66803312590264,-503.28954574414615,6064,6816
13,187,11215,902,-0.0003386978713783367,-0.004393154202508294,432.03914476095434,-435.83764138846186,5243,5877
13,188,9442,898,-0.0002538493145852026,-0.004695460916908092,366.00119134018826,-368.3980365685013,4386,4959
13,189,7680,892,-0.00006570274231219369,-0.005009334489020213,299.5977552042095,-300.10235226516687,3595,4024
13,190,5944,860,0.00030796462494978597,-0.0016715474386677152,233.2741372003567,-231.44359546965543,2775,3114
13,191,4391,853,-0.00021923213999774268,-0.0023224403242786016,173.06450175561577,-174.0271500823457,2020,2338
13,192,2875,844,-0.0008665076821747266,-0.0039030454091563173,113.7741975133687,-116.26540709962119,1310,1535
13,193,1394,825,-0.001451266619797236,-0.0058557226454431285,55.55880380210531,-57.581869470102575,641,745
14,0,74271,2070,0.0,0.0,0.0,0.0,0,0
14,1,69755,2070,0.000026333187592817406,0.00006149812598044888,224.47191664276608,-222.63504514222845,31557,31957
14,2,69486,2070,0.0000327678194848952,0.00009643713602039449,306.4934346611348,-304.21652995640824,31988,32865
14,3,69331,2070,0.00001697532661514134,0.00006582337720332605,365.6156785584282,-364.43876218887306,32036,33413
14,4,69196,2069,-2.817636950221405e-7,0.00009984025285814242,416.323921628097,-416.3434185487364,32123,33744
14,5,69091,2068,-8.226109399313067e-6,0.0000865666376868582,462.81927060961294,-463.3876207341195,32179,33920
14,6,69024,2067,-0.00002403803801100829,0.00006292800365778048,504.1901379951226,-505.8493395307963,32128,34106
14,7,68918,2067,-0.00004768311174438112,0.00004575517800828525,541.6313617035908,-544.9175863987911,32119,34200
14,8,68839,2067,-0.00011036994587407871,0.000021737223167356775,575.8175074822066,-583.4152641862329,32029,34442
14,9,68842,2066,-0.00017787070401180236,-0.00001667958489657125,606.0141812670535,-618.259156272636,32016,34579
14,10,68748,2066,-0.000247158383728276,-0.00009521499529547229,634.7169220873395,-651.7085666518916,31901,34685
14,11,68712,2066,-0.00030048995149010895,-0.00014336432801165816,661.6747353786999,-682.3220009254874,31859,34748
14,12,68667,2065,-0.00036741950340945547,-0.00019479197423299109,685.8515428708706,-711.0811379114856,31830,34793
14,13,68617,2065,-0.0004376956523055067,-0.0002194033993882237,709.0445218530049,-739.0778844272537,31779,34910
14,14,68511,2063,-0.0005088277089890024,-0.00025056245608089545,731.0166378666609,-765.8769330372037,31835,34843
14,15,68571,2062,-0.0005889879094372986,-0.00027627942971105845,751.1419114794079,-791.5294014174337,31800,34956
14,16,68501,2063,-0.0007168568897716249,-0.00047765056068543556,769.6546175962627,-818.7600314025093,31760,34997
14,17,68478,2062,-0.0008718580621525271,-0.0006194161211590802,786.9160862162878,-846.6191825963671,31762,35050
14,18,68437,2061,-0.0010160368575212466,-0.0007976735652587972,802.6584902007008,-872.193004618883,31766,34998
14,19,68388,2061,-0.0011254352012169879,-0.0009050318283526482,820.0289262742051,-896.9951888150374,31703,35040
14,20,68351,2060,-0.0012773236224411545,-0.0009801744210931583,836.6193455274756,-923.9256924449473,31672,35127
14,21,68327,2060,-0.001427008742981658,-0.0011810055065487406,852.7229163084652,-950.2261426901745,31603,35229
14,22,68283,2060,-0.0015772939373564791,-0.0013260373273810402,868.0620144570502,-975.764376381562,31476,35284
14,23,68213,2060,-0.001686948761319551,-0.0014188424931291367,884.4362450100205,-999.5080808659136,31381,35340
14,24,68181,2060,-0.001837663574342853,-0.0015435066453516279,899.6095096286807,-1024.9032497909543,31291,35486
14,25,68149,2060,-0.001977611579455711,-0.001613663850536614,913.0779053020834,-1047.8501568304123,31169,35541
14,26,68060,2060,-0.002135105315923443,-0.0017644640913125193,926.1793405390669,-1071.4946083408186,31208,35482
14,27,67996,2060,-0.0022791464270470164,-0.001917369133255692,939.3191581524515,-1094.2919986059362,31151,35487
14,28,67977,2060,-0.002462571660432607,-0.002053161225668627,951.4009409791837,-1118.7991747404133,31125,35558
14,29,67968,2060,-0.002598748442272813,-0.00222275489263726,966.7929629225986,-1143.4246970469983,31064,35602
14,30,67956,2060,-0.002731723657598506,-0.002321877434528768,980.0579425946479,-1165.694955470411,31027,35675
14,31,67841,2060,-0.002910727400001914,-0.0024894737447159047,991.7322283437069,-1189.1988858872373,30935,35655
14,32,67773,2059,-0.0030565834791523804,-0.0026495321569705893,1004.4647008352873,-1211.618532967885,30848,35692
14,33,67732,2059,-0.0032035361416543873,-0.0027387652910390403,1017.6443249338895,-1234.6262348804244,30786,35678
14,34,67682,2059,-0.003355141121062193,-0.002935068580769581,1029.7742875614701,-1256.856948917202,30788,35716
14,35,67702,2059,-0.003469225820488173,-0.003049930181873466,1042.7345245185977,-1277.6080510172853,30788,35728
14,36,67681,2058,-0.003629793347640258,-0.003282112547876413,1051.7522359424042,-1297.420279504044,30676,35798
14,37,67601,2058,-0.0037764533517768905,-0.0034075816241858512,1062.7106677118186,-1318.0026907452884,30744,35717
14,38,67538,2058,-0.003944807303525014,-0.003488576723970424,1071.1405787689816,-1337.5649744344526,30575,35814
14,39,67510,2058,-0.004088197600822622,-0.003586171413906564,1080.308928005527,-1356.3031480370587,30557,35816
14,40,67514,2058,-0.004238847708082698,-0.003672609377685429,1090.777886402302,-1376.959450565796,30490,35864
14,41,67416,2058,-0.004335323705394445,-0.0036869429011003414,1101.722807308246,-1393.9929902311123,30415,35905
14,42,67417,2057,-0.004463959633449566,-0.0037781178229512897,1110.8763628276583,-1411.8231294359289,30443,35930
14,43,67359,2057,-0.004571551874011724,-0.003848086405983958,1121.1181365278005,-1429.0532992093617,30420,35882
14,44,67377,2055,-0.004628226346838622,-0.003923922812012138,1132.0259911970763,-1443.8619977680194,30420,35926
14,45,67284,2053,-0.00471777488089931,-0.003935126251630113,1141.6775210706624,-1459.1082861570912,30368,35901
14,46,67253,2052,-0.004803129199502147,-0.004076713248835791,1149.9578941888828,-1472.9827422429978,30358,35852
14,47,67270,2051,-0.00484310428672204,-0.004107091425095415,1159.8653877287018,-1485.661013096494,30320,35895
14,48,67166,2051,-0.004945444170553129,-0.004168832470553539,1167.819510360046,-1499.9852135194178,30273,35912
14,49,67124,2051,-0.005024230232039303,-0.004161967700931583,1176.961244857177,-1514.2076749525806,30220,35902
14,50,67056,2050,-0.005102920525409085,-0.004257364723178297,1184.2527684629429,-1526.434207214775,30267,35820
14,51,67073,2050,-0.005170431345851894,-0.004445423302361283,1193.4594916271194,-1540.2558332874412,30314,35819
14,52,67036,2050,-0.005200738518662844,-0.0044963095348036705,1203.7603373608968,-1552.397044697981,30282,35811
14,53,67069,2049,-0.005288144913864651,-0.004574526429919555,1212.1772425063464,-1566.8478337343306,30285,35848
14,54,66993,2048,-0.005315119359020929,-0.004558660659897762,1221.9408719312103,-1578.0166631501006,30292,35735
14,55,66955,2047,-0.0053717373311738354,-0.00455420840257649,1230.028493593101,-1589.6931666018488,30244,35722
14,56,66855,2046,-0.00542600343686655,-0.004609749982844498,1238.4794395337176,-1601.2348993054263,30169,35723
14,57,66860,2047,-0.00550748866160815,-0.004621508933632069,1247.726173382695,-1615.956865297816,30026,35819
14,58,66792,2047,-0.005553983299572111,-0.004610808126734742,1257.9160754203763,-1628.8777279653966,30079,35786
14,59,66718,2044,-0.005555674759290139,-0.004626034834457866,1268.9116492115745,-1639.5751578018987,30034,35747
14,60,66693,2042,-0.005592266988556355,-0.00460432582100046,1277.918700898912,-1650.8837631667016,29985,35762
14,61,66607,2042,-0.0056398456457306435,-0.004681809754619215,1287.4354506977938,-1663.0886496229762,29978,35748
14,62,66505,2041,-0.0056957384982588575,-0.004757095227018767,1295.4197785247434,-1674.2148673514453,29989,35644
14,63,66411,2041,-0.005682527955820122,-0.004668963559736054,1305.2406929512747,-1682.6230570252396,30004,35524
14,64,66381,2040,-0.005748705948294991,-0.004706738431438741,1314.31872414862,-1695.9235737023885,29981,35503
14,65,66363,2040,-0.005797432776972704,-0.004760042246669882,1323.4825624372256,-1708.2175938154633,29958,35500
14,66,66317,2040,-0.005781638633917322,-0.004678158220921033,1335.0107838438857,-1718.4317131293824,30051,35401
14,67,66229,2039,-0.005755771802053961,-0.0046971022740058405,1347.1282135031918,-1728.3272241814248,30028,35314
14,68,66193,2037,-0.005673533658221113,-0.004661194021640999,1361.9433824337689,-1737.4915958724014,30036,35300
14,69,66103,2037,-0.005676729988712441,-0.004723363724109049,1373.8071039097754,-1749.0559863536341,30018,35223
14,70,66017,2037,-0.005701605155803181,-0.0047454238481191196,1384.0396022065916,-1760.442469777253,29929,35250
14,71,65944,2036,-0.005695964726890783,-0.004497345463786602,1393.2442566141585,-1768.85895456425,29847,35201
14,72,65887,2035,-0.005633837625725623,-0.004483705974444131,1404.7642543819393,-1775.9609140281189,29974,35084
14,73,65756,2034,-0.0055856062830424375,-0.004399908459832298,1415.8045815233784,-1783.0917082711155,29988,34919
14,74,65709,2033,-0.005529190329386607,-0.004404574066679631,1428.5035814192443,-1791.8211487729145,30021,34917
14,75,65619,2033,-0.005476490655078087,-0.004344456438423271,1439.0435163350753,-1798.405356630642,29973,34841
14,76,65557,2033,-0.005434859770986066,-0.004340502173433057,1449.1898409836358,-1805.4829429901724,29953,34794
14,77,65465,2032,-0.00541297689151743,-0.0043545360028640085,1457.8282988408976,-1812.1888310440893,29955,34724
14,78,65443,2032,-0.00538101006898522,-0.004299558632199657,1470.085654359072,-1822.235096303673,29904,34708
14,79,65327,2032,-0.005383425909366189,-0.004300831060948731,1477.7088342246434,-1829.3918986058104,29905,34628
14,80,65246,2031,-0.005400217238136546,-0.00434170041582257,1487.4703986244306,-1839.8129725438853,29825,34661
14,81,65181,2031,-0.005414174938869893,-0.004312280612174306,1495.1368022425286,-1848.0381389330007,29794,34594
14,82,65083,2030,-0.005447840984600781,-0.004450784523851808,1501.4214955253142,-1855.9833303260832,29746,34568
14,83,65044,2030,-0.0054706660730312094,-0.004439488158918436,1508.228676284366,-1864.0626803386112,29726,34540
14,84,64926,2029,-0.005505098629452697,-0.0045443856153842156,1515.2436015293877,-1872.6676351452338,29675,34480
14,85,64811,2029,-0.005496616259553847,-0.004483524078872223,1523.2390801705515,-1879.4802765684935,29606,34389
14,86,64716,2029,-0.005534002485091986,-0.004577866946101756,1529.5049677923494,-1887.6434726175562,29624,34332
14,87,64631,2028,-0.0055925305940193884,-0.004766546506317631,1535.1156418114415,-1896.5664866335078,29642,34222
14,88,64486,2027,-0.005661401508237555,-0.004746461815053628,1540.057271967075,-1905.138409627277,29514,34236
14,89,64445,2025,-0.005721005167097656,-0.004669091345567668,1547.3464885450228,-1916.03666653863,29449,34264
14,90,64388,2025,-0.005785043754533082,-0.0048067022073064024,1554.8922048344502,-1927.3796021013234,29406,34252
14,91,64260,2025,-0.005854070629804844,-0.004695814807462785,1561.4747572709796,-1937.6573359422343,29320,34260
14,92,64187,2025,-0.005879458094538687,-0.004708005861567986,1570.9862952052447,-1948.371071919399,29347,34100
14,93,64080,2024,-0.006001382728576139,-0.004533326892040075,1574.93394556493,-1959.5025508120823,29211,34155
14,94,63967,2021,-0.006108189415834162,-0.004632916609999166,1578.9737330884682,-1969.6962854511312,29138,34134
14,95,63835,2021,-0.006175549289335613,-0.004619445724597175,1583.2833781002566,-1977.4995669849925,29081,34058
14,96,63704,2021,-0.006276984188981271,-0.004674558191601631,1585.9885341997986,-1985.857534974659,29001,33978
14,97,63569,2021,-0.006340548797535427,-0.004816818644512381,1590.4041283737806,-1993.466474884307,28956,33938
14,98,63500,2019,-0.0064498149635247425,-0.004874424515851664,1594.9802280804781,-2004.543478264296,28920,33898
14,99,63365,2018,-0.006554057673745921,-0.005086023764053541,1598.3000896888186,-2013.5979541857305,28810,33863
14,100,63276,2016,-0.00665254122769494,-0.004968841836385281,1600.336321051609,-2021.2825197752368,28768,33814
14,101,63166,2015,-0.006703668487516963,-0.005000925454926322,1606.1250855096873,-2029.5690091921842,28678,33778
14,102,63081,2015,-0.006796620176962455,-0.005175493732030973,1610.221174025883,-2038.9587714088527,28640,33750
14,103,62954,2011,-0.006895880381984062,-0.00535112420019885,1612.4645962804605,-2046.587849847882,28581,33703
14,104,62821,2010,-0.006945718195077124,-0.005332302552730779,1615.4871794514343,-2051.824142184371,28532,33612
14,105,62684,2009,-0.007022614495066562,-0.005391643357310154,1618.4738676362063,-2058.679434644953,28480,33503
14,106,62589,2009,-0.007102720678763014,-0.005449897119844349,1619.8067630280186,-2064.3589475911203,28451,33417
14,107,62402,2005,-0.007101749740632077,-0.005572690092024261,1623.9211267473065,-2067.0845140622278,28470,33254
14,108,62273,2002,-0.007066107987668851,-0.005526354998109928,1631.9983350003533,-2072.026077716455,28406,33168
14,109,62126,2001,-0.006984196739997122,-0.005571192915977377,1642.2406239620266,-2076.140830631093,28405,33053
14,110,61998,1997,-0.0069612312905537425,-0.005486995640259782,1648.822707258307,-2080.4051248100523,28364,32973
14,111,61874,1997,-0.006932166879582634,-0.005568940521695392,1655.8569303064044,-2084.777823813696,28300,32915
14,112,61699,1996,-0.006970019254077594,-0.0056471727682912845,1659.562882921201,-2089.6061008785377,28236,32755
14,113,61540,1996,-0.00694557755798977,-0.005647740071475816,1666.130941610085,-2093.5617845287775,28204,32660
14,114,61372,1996,-0.006892303907237301,-0.005522321678639852,1673.1617469658186,-2096.1562223607834,28181,32516
14,115,61166,1995,-0.006876174566681569,-0.005414677859005154,1679.7488206737953,-2100.336914219442,28137,32406
14,116,60949,1992,-0.006831414288664081,-0.00537887463782593,1686.4532316506243,-2102.8211011304134,27990,32306
14,117,60715,1989,-0.0067850527458359474,-0.005508140800702098,1692.3580624035355,-2104.31253986696,27871,32221
14,118,60519,1986,-0.006713255478475978,-0.005717712532234464,1701.2491874862455,-2107.528695788142,27890,32046
14,119,60247,1986,-0.006624917508063705,-0.005683173847448186,1708.5997249581465,-2107.731130066459,27796,31847
14,120,59990,1984,-0.006584836809291006,-0.005618682271870063,1715.9064585175604,-2110.9308187069264,27675,31736
14,121,59713,1978,-0.0065905472726907515,-0.005732999188895359,1719.7026456051303,-2113.2439948993115,27515,31613
14,122,59424,1977,-0.006664677331389471,-0.0062701536082804725,1717.6393317800087,-2113.681117520502,27347,31492
14,123,59115,1974,-0.006785676661313373,-0.006609082598996958,1714.1834212150766,-2115.318697048605,27246,31328
14,124,58792,1970,-0.006898387058248531,-0.006753736897961973,1709.8143842221857,-2115.3843561507315,27061,31149
14,125,58441,1966,-0.006923170725032078,-0.006776526794917945,1708.5047044107584,-2113.1017247523637,26946,30936
14,126,58086,1963,-0.006930885343003331,-0.006625324638649993,1707.1616297728613,-2109.749035806552,26756,30758
14,127,57686,1960,-0.006938569338877741,-0.006538937632468572,1703.0807313954126,-2103.339042277915,26518,30623
14,128,57246,1953,-0.0069752523593759365,-0.006454146843554273,1696.8287211035642,-2096.1340176684016,26284,30445
14,129,56808,1950,-0.007035100671460859,-0.006465058445466209,1689.311934475761,-2088.961933420109,26021,30240
14,130,56317,1947,-0.00707163194787036,-0.006511210874083101,1681.3900210689637,-2079.643117477177,25770,30007
14,131,55732,1940,-0.007096445676288914,-0.006488027531861725,1668.588028468179,-2064.0871388991154,25453,29762
14,132,55122,1932,-0.007239887054594296,-0.006648987902049102,1649.6958841993685,-2048.7729384227196,25208,29394
14,133,54448,1928,-0.007379901122681398,-0.0067110320872074275,1628.3414893531417,-2030.1623456808945,24817,29146
14,134,53645,1924,-0.007589122963754209,-0.006866460428208641,1601.8037835165935,-2008.9222849071837,24381,28763
14,135,51953,1920,-0.007658480829131315,-0.007242378912974427,1547.1082638270568,-1944.9893183429174,23586,27905
14,136,50279,1911,-0.007549292508284119,-0.008605647882831205,1500.4307310403694,-1880.0016090643837,22846,26996
14,137,48631,1896,-0.007360262494234205,-0.008427545477028306,1456.9100133248419,-1814.8469386819459,22117,26045
14,138,47011,1884,-0.0071944672689034025,-0.00814247556584631,1412.6214037748832,-1750.8405045532977,21413,25150
14,139,45402,1876,-0.007084532828571883,-0.009166565336684576,1366.799360633522,-1688.4513201163436,20696,24291
14,140,43801,1869,-0.006966756758078459,-0.009435837838429195,1320.3983564709042,-1625.5492692314972,19946,23414
14,141,42223,1849,-0.006801823254493655,-0.008995703826626178,1277.5421053552259,-1564.735488629707,19258,22562
14,142,40724,1837,-0.006618317209525931,-0.009264597204180795,1238.299274385928,-1507.8236244266636,18545,21777
14,143,39268,1833,-0.006350040931491827,-0.009436663468596463,1201.1666818025956,-1450.5200891004167,17892,20992
14,144,37817,1824,-0.006052096978257697,-0.00932236463336053,1164.1596766020332,-1393.031828028806,17227,20242
14,145,36405,1772,-0.005798705323594692,-0.008139800059277618,1124.5525766830463,-1335.6544439885083,16560,19480
14,146,35082,1749,-0.005590737716718468,-0.008500337672498252,1089.1633992344728,-1285.2976598123878,15968,18774
14,147,33841,1721,-0.005169064669665815,-0.008179985684049837,1060.2061642466003,-1235.132481732765,15422,18096
14,148,32617,1665,-0.004745874979519897,-0.008764105657899014,1032.679236130316,-1187.4754403373192,14920,17361
14,149,31510,978,-0.004241176766092115,-0.002754863374076459,1006.3181259876278,-1139.9576058871905,14517,16694
14,150,31341,974,-0.00408326166084655,-0.003987679905053437,1008.8157684168168,-1136.7892721294102,14390,16653
14,151,31166,971,-0.004043071331697222,-0.004305960054539551,1008.2881515700059,-1134.2945126936834,14269,16580
14,152,30976,971,-0.003965090049489192,-0.004159864419533288,1006.8985235803467,-1129.7211529533233,14193,16483
14,153,30743,969,-0.0038424561117997554,-0.004180343122715888,1004.8798245832429,-1123.0084528283026,14139,16324
14,154,30508,967,-0.003734163408540545,-0.004012168141095271,1002.597893591976,-1116.5197508597312,14007,16222
14,155,30269,967,-0.0036547798475058267,-0.0038846686286311918,998.808159473926,-1109.4346906780795,13898,16083
14,156,30006,966,-0.0035562678314266173,-0.003695668727711273,994.4769496865356,-1101.1863222363233,13797,15922
14,157,29660,966,-0.003425424392091673,-0.0036840008604169636,986.0493015700127,-1087.6473890394511,13654,15706
14,158,29288,966,-0.0033336323243528827,-0.0035247203665633993,976.9222534229742,-1074.5576769386214,13531,15504
14,159,28926,962,-0.0031687832215922416,-0.0033447284167045514,969.7344925598431,-1061.39471602762,13356,15306
14,160,28556,960,-0.003000159170899397,-0.0036665856710593886,963.3425922282884,-1049.0151375124929,13206,15083
14,161,28002,958,-0.0026750786011805654,-0.0036123231854102793,950.6097987955117,-1025.5173497857697,12927,14819
14,162,27430,953,-0.0023814109759010137,-0.0037053373530683757,937.1171689071078,-1002.4392719760725,12680,14479
14,163,26827,950,-0.0021311533503449447,-0.003743475354165185,922.1029135572466,-979.2753644869495,12417,14147
14,164,26159,948,-0.002019422117730468,-0.004032456109371734,904.9559589344515,-957.7820221121654,12090,13810
14,165,24178,948,-0.0018627959192810415,-0.004113051668874565,840.7356749525317,-885.7743546889089,11228,12733
14,166,22207,940,-0.0017643716485389327,-0.003916436741644722,775.1359895581718,-814.3173907572748,10309,11697
14,167,20263,934,-0.0016093827601013832,-0.00404254816939785,711.878900230221,-744.4898230981541,9425,10657
14,168,18363,932,-0.0014315052810800867,-0.003595450511945249,649.0933444983665,-675.3800759748399,8538,9639
14,169,16469,927,-0.0012792311548787396,-0.004121676892463464,584.9741648693843,-606.0418227590826,7703,8626
14,170,14598,922,-0.0010397193539601198,-0.0033154945099857966,521.766067840997,-536.9438909701067,6833,7626
14,171,12749,899,-0.0009458182362067278,-0.003977058876787378,456.4649493542223,-468.5231860476214,5945,6676
14,172,10981,895,-0.0008814338339973571,-0.004121600162330344,394.79915398331946,-404.47817891444487,5120,5757
14,173,9231,894,-0.0008462201070081805,-0.004643929199342648,333.301945133103,-341.11340294089575,4299,4846
14,174,7497,888,-0.0007545513287555576,-0.00512561407770947,271.24061660513723,-276.8974879168178,3479,3943
14,175,5791,852,-0.0006477917320984711,-0.002919155278793334,209.17865883046053,-212.93002075104297,2668,3073
14,176,4278,847,-0.0011450378112055981,-0.0035218880988656318,155.26771154869428,-160.16618330503204,1974,2265
14,177,2792,834,-0.0016771459511794747,-0.004562866685586049,102.00611930130354,-106.68871079699655,1284,1483
14,178,1353,817,-0.002599425869985707,-0.007044151577606312,49.53271613931593,-53.04973934140666,607,730
15,0,72696,2060,0.0,0.0,0.0,0.0,0,0
15,1,68889,2060,-0.00009459643687377298,-0.00009037209118401171,213.26602340923625,-219.78267734903315,30948,31565
15,2,68686,2060,-0.00022227685071587932,-0.0002262046609806713,289.8578867070341,-305.12519447530417,31331,32575
15,3,68579,2059,-0.00032137514858902595,-0.00029946636015364586,348.97463743991136,-371.0142237549987,31463,33111
15,4,68421,2059,-0.00043697802658241436,-0.00041568863145854484,397.04344822555515,-426.94192178234835,31452,33574
15,5,68385,2059,-0.0005738545144625704,-0.0005253639539909001,439.32683366443973,-478.56987463596204,31343,33976
15,6,68301,2059,-0.0007463599109878593,-0.0007350150698691708,474.4866896014687,-525.4638178818492,31435,34052
15,7,68249,2059,-0.0009105719718895585,-0.0009054298784516666,506.14164563196647,-568.2872721414567,31405,34169
15,8,68179,2058,-0.0010744167632958292,-0.0010157444561900888,535.3030128645302,-608.5556733692783,31340,34430
15,9,68091,2058,-0.0012363221028451623,-0.001206131522982044,563.3915945648432,-647.5740028696716,31263,34452
15,10,68014,2058,-0.0013877851384372516,-0.00133966890401489,589.7269472526589,-684.1157656583266,31238,34640
15,11,68007,2058,-0.0015011054064582197,-0.001419371052938829,615.9907067218019,-718.076382098803,31244,34753
15,12,67951,2058,-0.0016459817088898614,-0.0015783338262970604,639.5801021466433,-751.4262052474187,31240,34727
15,13,67825,2058,-0.0018251591488570268,-0.0017190075469681772,658.7951968936463,-782.5866161648778,31268,34670
15,14,67770,2058,-0.001985013992802043,-0.001889659264756509,679.9532128173373,-814.477611109533,31196,34722
15,15,67732,2055,-0.0021490112336058657,-0.0020658027447172235,700.123912928394,-845.6807418029866,31163,34815
15,16,67629,2054,-0.0023003579779729342,-0.0022145131699610058,718.0370702288798,-873.6079799212068,31102,34781
15,17,67600,2052,-0.0024202204812406028,-0.0023084916967475097,736.5043473016746,-900.1112518335378,31072,34826
15,18,67529,2052,-0.0025431426291081124,-0.00247607840421513,752.8824333104557,-924.6183119114967,30924,34935
15,19,67509,2050,-0.0027172449213682336,-0.002638692891560896,769.6568711870016,-953.0953585836486,30846,35058
15,20,67470,2051,-0.00282488142749868,-0.002690651752746429,788.244957981781,-978.8397078951162,30767,35181
15,21,67506,2048,-0.0029713324400965314,-0.0028890703829012937,804.726112649803,-1005.3088803509603,30752,35237
15,22,67368,2048,-0.0030737103334257426,-0.002948014736585846,821.8233238372577,-1028.8930415794805,30713,35176
15,23,67313,2048,-0.0031972635047463204,-0.0030521693941399897,835.6575147716375,-1050.8749130666258,30658,35221
15,24,67310,2048,-0.003351800657878851,-0.003101061261274055,849.2741650429639,-1074.8838673247901,30712,35201
15,25,67240,2047,-0.0034772789103846126,-0.003181751878374499,863.1428254114961,-1096.9550593457582,30612,35271
15,26,67207,2047,-0.0035955884645635814,-0.0033264416676534268,878.4694877808713,-1120.118201718793,30524,35327
15,27,67179,2048,-0.0037123700086991434,-0.0034258331607166107,891.1043969897752,-1140.4977018041752,30579,35288
15,28,67148,2047,-0.003824106243732102,-0.003551999224992066,905.3016759957914,-1162.0827620499142,30560,35246
15,29,67093,2047,-0.0039085904822529875,-0.0036561852755661937,918.406550559503,-1180.6456117852995,30582,35196
15,30,67045,2046,-0.0039937062628231535,-0.0037133347179483297,930.8820580239369,-1198.6400944149136,30582,35193
15,31,67027,2046,-0.00411663602120471,-0.0038746618871432366,943.1696566724115,-1219.0954192656984,30564,35208
15,32,66946,2046,-0.0041734237591519955,-0.0038975740540718525,956.549280243476,-1235.9433072236675,30590,35132
15,33,66866,2044,-0.004238785762588619,-0.0039031176800216304,969.180722478556,-1252.611371279806,30571,35124
15,34,66884,2044,-0.004307703574020413,-0.003981518137638272,981.8265297515286,-1269.9429755963104,30640,35061
15,35,66848,2044,-0.004393757470988303,-0.004086219004513228,993.3314636569606,-1287.0453630775926,30620,35023
15,36,66773,2044,-0.004463989944839529,-0.004127518749609106,1005.5846208349221,-1303.6586214216939,30570,35025
15,37,66723,2043,-0.004514390829446307,-0.004140035014347306,1017.6617082973006,-1318.8754076104487,30617,34992
15,38,66707,2042,-0.004547975094346119,-0.004178428321106111,1031.294896823449,-1334.6766714419969,30566,35061
15,39,66659,2042,-0.004569543819691513,-0.004186911191619384,1043.1615569822143,-1347.7627784590268,30581,35000
15,40,66612,2042,-0.004587894056082664,-0.004140349707279915,1055.8527948958347,-1361.461593759613,30577,34942
15,41,66525,2041,-0.004647904884826929,-0.004172564149952771,1067.1160039652127,-1376.317876428328,30508,34963
15,42,66417,2040,-0.004686688548540459,-0.0042152427351553655,1079.0235090452204,-1390.2993023736299,30497,34869
15,43,66379,2039,-0.004697338231714436,-0.004280914534463004,1091.9437847319723,-1403.7483992149462,30554,34800
15,44,66316,2037,-0.00476767970272357,-0.004351980119201789,1102.4875976943451,-1418.6610448601668,30546,34770
15,45,66270,2036,-0.004745568001552505,-0.004306938543709845,1115.908831187585,-1430.3976226504685,30551,34724
15,46,66186,2036,-0.004763877726556978,-0.00437691908579909,1128.4504454981575,-1443.752456708059,30525,34639
15,47,66130,2035,-0.0047875282921241305,-0.004408267461991498,1141.027450923253,-1457.6266968814214,30528,34611
15,48,66072,2035,-0.004805101591855776,-0.004350489947790845,1152.3207018498008,-1469.8033742268926,30491,34572
15,49,66006,2035,-0.00480089898145088,-0.004347521172609136,1164.279731439677,-1481.1678696093243,30397,34615
15,50,65870,2035,-0.004813417783289804,-0.004362882425134134,1176.3099587479749,-1493.3697881332714,30388,34550
15,51,65839,2035,-0.004793834550574161,-0.004267720971690701,1188.5226835552958,-1504.143956530549,30422,34487
15,52,65721,2035,-0.004784502495666584,-0.00426601475435926,1200.4478496386457,-1514.8901381563553,30310,34493
15,53,65675,2034,-0.0047951589526125755,-0.004239260146667463,1211.491787626827,-1526.4138518396562,30243,34484
15,54,65552,2034,-0.004797993046702945,-0.004259725040109181,1222.5107000025998,-1537.0287402000654,30192,34423
15,55,65494,2032,-0.004829921632084766,-0.004403970699978107,1234.1528474751938,-1550.4837348469555,30181,34371
15,56,65443,2031,-0.004822035342550405,-0.004194629788957192,1245.4160319057614,-1560.9844908282903,30191,34361
15,57,65380,2030,-0.004791127055141272,-0.00420786318587099,1256.709642716355,-1569.9535295814871,30163,34363
15,58,65295,2028,-0.004728708421577507,-0.0042087016816066865,1268.6823138875766,-1577.4433302744758,30150,34236
15,59,65238,2028,-0.004683846941586302,-0.004213870659928006,1280.86833758804,-1586.433144363248,30136,34202
15,60,65150,2028,-0.004677037075452703,-0.004163808687784973,1288.880255275238,-1593.5892207409881,30099,34168
15,61,65035,2027,-0.004637679282717062,-0.004088564381653754,1298.5676445992513,-1600.1791167507547,30064,34093
15,62,64964,2027,-0.004536505356331904,-0.003968734889559223,1312.1282738499583,-1606.8378078186988,30132,33984
15,63,64868,2026,-0.004509966209673823,-0.0039664809004847715,1321.870650314359,-1614.423138403483,30084,33908
15,64,64798,2026,-0.0044728492120528094,-0.003979997410819828,1332.9485338758086,-1622.7802171184142,30047,33868
15,65,64732,2025,-0.004465244996200066,-0.004016276608051392,1343.7920049434715,-1632.8362440374915,30008,33835
15,66,64611,2024,-0.004433396778286323,-0.004007944181780068,1354.8951616054148,-1641.3413608472686,29955,33817
15,67,64567,2023,-0.004428173887430143,-0.003968507774978816,1364.1249649293006,-1650.0388683189983,30005,33704
15,68,64472,2023,-0.004472788651324102,-0.004083764198114973,1371.2400524015384,-1659.6096823297048,29999,33631
15,69,64391,2023,-0.004511308357899142,-0.004163023066187762,1378.8094755536433,-1669.2971320271304,29994,33564
15,70,64285,2022,-0.004515523254032757,-0.004158583388644449,1386.9404342635953,-1677.2208466490924,29998,33487
15,71,64191,2022,-0.004558132361468494,-0.004041518001558889,1393.8686859676275,-1686.4597603826512,30033,33332
15,72,64119,2021,-0.004608978972832497,-0.004086139091529555,1401.6093835226363,-1697.1325062816738,30026,33285
15,73,64010,2020,-0.004653287946173573,-0.004008119010598372,1409.480215403121,-1707.3371768376967,29996,33213
15,74,63937,2019,-0.004691394655755287,-0.004117470861442102,1418.7835416920836,-1718.73724179711,29912,33242
15,75,63844,2018,-0.004758022477949033,-0.003989018850020685,1426.9636710358614,-1730.7348581180431,29789,33264
15,76,63751,2017,-0.00483534475801803,-0.0040727101788190275,1436.2593088198576,-1744.517372488261,29751,33248
15,77,63697,2017,-0.004891409726212941,-0.004121226158903789,1445.5384893828161,-1757.1066147134047,29723,33208
15,78,63546,2017,-0.004989444448720196,-0.0040651380608510415,1451.8343682407976,-1768.8936051791688,29687,33108
15,79,63463,2014,-0.005091456643220301,-0.0043391927059731935,1456.08362559354,-1779.2027385422311,29590,33122
15,80,63317,2014,-0.005184671645540121,-0.004337540474924758,1461.6617631305169,-1789.9396177111753,29480,33086
15,81,63163,2014,-0.0052952107083626965,-0.004300956556551616,1464.643181371325,-1799.1045753436383,29436,33007
15,82,63096,2012,-0.00540419591490133,-0.004480378432012411,1470.1131324796672,-1811.0962779262807,29377,32987
15,83,62949,2012,-0.005509806494396205,-0.004536298540110881,1475.5897695360372,-1822.4265785517812,29303,32925
15,84,62857,2011,-0.00561487620640396,-0.004552577045466952,1480.7645802946145,-1833.698854000546,29228,32915
15,85,62702,2009,-0.005713812717735684,-0.0045197487753272985,1485.2265318954496,-1843.494016922914,29138,32839
15,86,62594,2008,-0.0057498109432440846,-0.004489278051453045,1493.8523409929314,-1853.7560071743485,29085,32856
15,87,62486,2007,-0.0058232723601956545,-0.00454001129813768,1500.3535104365608,-1864.2265071357451,28963,32831
15,88,62357,2004,-0.005912420865735258,-0.00455832078453146,1504.2218977754003,-1872.9027257000507,28905,32787
15,89,62209,2002,-0.00597859894550602,-0.004582820183739777,1508.8276484084229,-1880.7503102094065,28848,32707
15,90,62077,2001,-0.006011323345574576,-0.004725861067078455,1515.2046565675184,-1888.3695758907481,28734,32677
15,91,61907,2000,-0.006080859421753626,-0.004742350279331069,1517.68203543742,-1894.1297996599274,28717,32544
15,92,61783,1997,-0.006124026357654693,-0.004772933609818889,1523.3126015626005,-1901.6733220175784,28579,32518
15,93,61603,1997,-0.006088729827199516,-0.004799479602731928,1531.462484428632,-1906.5465079736011,28561,32399
15,94,61442,1994,-0.006051683359252392,-0.004832700544157637,1540.5604375771175,-1912.3879665363079,28478,32288
15,95,61260,1992,-0.006022005656841946,-0.004817717261910439,1549.1494779457532,-1918.0575444838894,28405,32208
15,96,61086,1992,-0.006009213632333883,-0.004832515626242517,1556.877577997339,-1923.9564019420886,28388,32069
15,97,60927,1991,-0.006041745166610533,-0.0050860427315148745,1561.1585501324935,-1929.2639578985759,28315,31945
15,98,60760,1991,-0.005987847007814713,-0.0049693467906673635,1568.7123576874062,-1932.5339418822223,28217,31844
15,99,60577,1990,-0.00593386239973705,-0.005130948702691701,1576.1977337452488,-1935.6533163341223,28167,31778
15,100,60404,1988,-0.0059005937033024935,-0.005197751729466643,1582.5503534206903,-1938.9698154749806,28091,31677
15,101,60194,1984,-0.005849510102590881,-0.0055012893899618965,1589.943360415163,-1942.0487715305123,27990,31529
15,102,59983,1984,-0.005812582102855104,-0.005511881104318448,1597.3259665283715,-1945.9820788039278,27972,31401
15,103,59774,1982,-0.005712837608705746,-0.00544562141855555,1607.9524298691163,-1949.4315850918972,27975,31188
15,104,59519,1978,-0.005593698692344294,-0.005421275373865004,1619.218612458854,-1952.1499649284979,27903,31024
15,105,59280,1975,-0.005527885817448637,-0.005444092420457483,1628.9715264889292,-1956.664597747286,27817,30914
15,106,59018,1972,-0.0055016749058679855,-0.005424412335267919,1636.0744892954092,-1960.77233888993,27720,30745
15,107,58744,1968,-0.0055860092540170785,-0.005995235844609503,1635.8927023727088,-1964.0372299906867,27608,30596
15,108,58433,1964,-0.005677323012206642,-0.006127249068286775,1633.7556102296624,-1965.4986258019317,27518,30386
15,109,58111,1962,-0.00575340928109865,-0.005972685962386322,1631.1573578212904,-1965.493724555212,27296,30256
15,110,57760,1959,-0.0057636060002131916,-0.00590718548377627,1631.1766847465287,-1964.082567318844,27119,30080
15,111,57398,1955,-0.005775139148803069,-0.005927000919422072,1630.04660368367,-1961.5280405466615,26936,29909
15,112,56970,1950,-0.0057943897543251185,-0.005990370810513586,1625.4190795046813,-1955.525463808584,26753,29695
15,113,56536,1942,-0.005838607318072464,-0.0059441427076748765,1618.619944130219,-1948.7114474647651,26470,29543
15,114,56095,1940,-0.005909624457046932,-0.005901967305182575,1609.9922726841146,-1941.492656602164,26176,29396
15,115,55612,1938,-0.005929701981608751,-0.005978989987266555,1603.311100314696,-1933.0736869159202,25989,29096
15,116,55026,1930,-0.005925824833194605,-0.005928127287675141,1592.0298533485875,-1918.1042906199532,25723,28796
15,117,54432,1920,-0.006055609120263968,-0.0058406077110289565,1575.1261924767284,-1904.7451081109355,25385,28503
15,118,53750,1913,-0.006185367352562635,-0.005893680416810721,1554.5930484030562,-1887.0565436032941,25025,28186
15,119,52935,1909,-0.006395628477102376,-0.00603918962939628,1528.96910621371,-1867.5216996491251,24641,27799
15,120,51271,1909,-0.00643778773826989,-0.0063979115021086394,1477.8004456352048,-1807.8722607640384,23892,26922
15,121,49627,1896,-0.006326602753344333,-0.007642761780546996,1433.107909763512,-1747.0782246037245,23122,26012
15,122,48010,1880,-0.0061592725696608145,-0.007184322970065885,1392.1240624480126,-1687.8307385174312,22351,25200
15,123,46396,1872,-0.006029084498053361,-0.007168233642984872,1349.63215439444,-1629.3575587661244,21622,24315
15,124,44817,1865,-0.005935694350387655,-0.007736081300829165,1306.1546970591398,-1572.1747107604642,20827,23531
15,125,43259,1860,-0.005893321630751814,-0.008205286240831581,1261.8371911676288,-1516.77639159232,20073,22777
15,126,41751,1842,-0.005795754326376621,-0.008134077886119945,1220.169357323482,-1462.1478962040273,19252,22102
15,127,40276,1828,-0.0055930270156427375,-0.008370999320197747,1183.4744341753271,-1408.7391902573554,18513,21362
15,128,38831,1818,-0.0053685405866176405,-0.008593321194451746,1147.9483170006454,-1356.414116519596,17880,20588
15,129,37409,1807,-0.005136740705238541,-0.00865066074931224,1111.59045986131,-1303.7507929035812,17157,19905
15,130,36004,1751,-0.004955426758727488,-0.007521091046031869,1072.8226639406691,-1251.2378489618936,16517,19102
15,131,34721,1733,-0.004797751260390952,-0.00806122107464021,1038.9990204513063,-1205.5817419633418,15970,18393
15,132,33468,1704,-0.004430125550998941,-0.007785197876896107,1011.543528898278,-1159.8109708391105,15376,17761
15,133,32265,1638,-0.004027016999521693,-0.00865083976267913,985.7996150716659,-1115.7313185612331,14844,17108
15,134,31190,973,-0.003550158491509941,-0.00216784415882322,961.7690531418225,-1072.4984964920184,14353,16504
15,135,31009,970,-0.0034428384081685074,-0.003233032726310398,963.5742719105914,-1070.3332481094887,14264,16433
15,136,30819,969,-0.0034185957828902795,-0.003453236349746788,962.8498538976492,-1068.2075573305438,14189,16335
15,137,30615,969,-0.003351998160910834,-0.0033494452207881655,961.7126064840775,-1064.334030180364,14088,16211
15,138,30381,968,-0.0032967170751354324,-0.0035352732324911407,959.1285470490467,-1059.2861085087343,13974,16078
15,139,30141,965,-0.003205986216116392,-0.003588675008023136,956.8016986767034,-1053.4333292166666,13904,15927
15,140,29894,964,-0.003101128229946919,-0.003744154042409667,954.0311203446022,-1046.7362476506348,13796,15782
15,141,29626,964,-0.0029682601228865233,-0.0035948783586140145,950.4684543181131,-1038.4061287187483,13713,15582
15,142,29278,962,-0.002828337983621202,-0.0037333200687191138,943.4153349693098,-1026.2234144537706,13586,15397
15,143,28929,961,-0.002666456847059152,-0.0038543911545706787,936.5232682331405,-1013.6611983617134,13478,15208
15,144,28568,957,-0.0025270423438540426,-0.004004403617459423,929.3437048127073,-1001.5362504919293,13317,14973
15,145,28185,956,-0.0023844681590982388,-0.004191433895623272,922.9787976245163,-990.185032688697,13117,14787
15,146,27627,951,-0.0021196158961153226,-0.004515481913256139,909.9351329482071,-968.4937613101865,12883,14477
15,147,27054,947,-0.0018911768654897778,-0.004201364881801343,895.6764649601507,-946.8403638791115,12629,14160
15,148,26448,943,-0.0017182942811293919,-0.0037913282135363306,879.8430445342167,-925.2884916815256,12330,13863
15,149,25766,942,-0.0016236545252576846,-0.003963363837700784,862.0796617716034,-903.914744269392,11989,13538
15,150,23807,940,-0.0016017270374680702,-0.004480583851924578,798.6110926434437,-836.7434082244461,11106,12496
15,151,21859,934,-0.0015758927506718584,-0.004255423488433626,734.8860737113812,-769.3335133483176,10163,11501
15,152,19944,928,-0.0015824391064505785,-0.004251756266827557,672.0167861136073,-703.5769516526578,9267,10504
15,153,18062,926,-0.0015539574971129163,-0.004746254832450213,610.6326542014148,-638.7002345142679,8370,9530
15,154,16199,922,-0.0014450857560253942,-0.004578640847498412,549.6755351412346,-573.0844793030899,7520,8547
15,155,14340,917,-0.0013689960532193058,-0.003991807519750131,488.15047551805117,-507.7818789212165,6635,7558
15,156,12515,894,-0.0013473098342927474,-0.004983192698841674,426.78804225528495,-443.649624831459,5768,6638
15,157,10780,892,-0.001432550366438734,-0.005450350330247032,368.19726071024905,-383.64015366045817,4965,5722
15,158,9057,888,-0.001332618226946566,-0.006143109726404216,311.13483767093203,-323.204360952388,4160,4809
15,159,7352,883,-0.0011418065904335226,-0.006374707239744467,253.8015695472742,-262.19613160014177,3400,3892
15,160,5667,844,-0.001003776083592703,-0.003991359017910934,195.9939228990444,-201.6823219647645,2600,3022
15,161,4187,838,-0.0014500096918749089,-0.004779310657707448,145.3226961541768,-151.3938867340569,1911,2242
15,162,2731,827,-0.001992917212719794,-0.005603515831152416,95.48661931855509,-100.92927622649277,1233,1477
15,163,1321,810,-0.002694050293572522,-0.007756316201371769,46.51286032321895,-50.071700761028225,601,709
16,0,71229,2048,0.0,0.0,0.0,0.0,0,0
16,1,67954,2048,-0.000128229127328321,-0.000133604018727413,209.10655803851625,-217.8202401569851,30313,31340
16,2,67727,2048,-0.00025139763845817055,-0.00023065686411021959,283.74466899560343,-300.77107685546,30724,32252
16,3,67643,2047,-0.0003854566210320934,-0.00034755980104026856,338.69740039954115,-364.7708426160155,30906,32781
16,4,67522,2047,-0.000532929440775859,-0.0004710260688334199,384.95960627114147,-420.9440679712085,30921,33241
16,5,67423,2047,-0.0006643585193844092,-0.0005546546436317793,425.790871039399,-470.5839154918533,30888,33507
16,6,67390,2046,-0.0008171283403202037,-0.000756940280729969,462.4262853709491,-517.4925642251277,30862,33768
16,7,67347,2046,-0.0009259773459324557,-0.0008285945850256851,497.6575978874824,-560.0193942039944,30868,33880
16,8,67242,2046,-0.0010251262374302874,-0.0008874327425349398,530.4161629953805,-599.3477014526666,30872,33996
16,9,67217,2045,-0.0011408969372116412,-0.0009892982666598476,559.5712345239233,-636.2589039524793,30812,34148
16,10,67145,2045,-0.0012894004324286645,-0.0011296889350281716,584.8941070669348,-671.4708991023576,30795,34172
16,11,67088,2045,-0.0013729202367013483,-0.0012372414795310985,612.2410045971797,-704.347477437,30943,34142
16,12,67002,2045,-0.001509417024650693,-0.001373502111962923,635.173775218876,-736.3077347045238,30874,34193
16,13,66978,2045,-0.0015528339412320777,-0.0014026515848663155,660.792003247019,-764.7977149628606,30870,34254
16,14,66907,2044,-0.0016157759866512618,-0.001437894414480149,682.5226310373231,-790.6293549761962,30834,34251
16,15,66785,2043,-0.0016977433507859485,-0.0014810315402532313,702.1401837899449,-815.5239734721863,30838,34215
16,16,66806,2041,-0.001778877169898428,-0.0016543465777364506,720.3408504223717,-839.1805186346032,30954,34170
16,17,66689,2042,-0.001842810407979482,-0.0016952457999319737,738.3518275111564,-861.2470108089004,30893,34171
16,18,66650,2042,-0.0018867419010913879,-0.001725349599328634,759.1310215619794,-884.882369269722,31029,34014
16,19,66628,2042,-0.0019345204339731002,-0.0017667837390608905,778.2803122003675,-907.1735396751259,31061,34041
16,20,66531,2042,-0.001970144844981264,-0.0018414932986332603,796.3756441170663,-927.4513507985155,31094,33897
16,21,66518,2041,-0.002039446712333749,-0.0018818801775497306,813.0962127137624,-948.7561291247799,31081,34008
16,22,66491,2039,-0.0021157039968900055,-0.0020297667971945097,827.8739766855377,-968.5492511427536,31093,33956
16,23,66405,2036,-0.002201130684289072,-0.0020836158215402248,842.2470590948874,-988.4131421851032,31086,33948
16,24,66352,2036,-0.002217996132342544,-0.0020727305959354863,858.4938287960789,-1005.66230816927,31038,33889
16,25,66282,2035,-0.002245035602619427,-0.0020989896485910115,874.0821101779252,-1022.8875599907475,31071,33895
16,26,66197,2034,-0.002298264578756417,-0.002198397822339367,888.7292944660128,-1040.8675147859549,31140,33742
16,27,66122,2034,-0.002301324706301371,-0.0021981117586660722,905.0942177931889,-1057.262410023242,31062,33811
16,28,66074,2034,-0.0023518324930599517,-0.0022284385328343727,920.35434496974,-1075.7493251161811,31134,33686
16,29,66054,2034,-0.0023583559832078905,-0.002277893347843534,937.6194791295684,-1093.3983252443822,31091,33697
16,30,65913,2033,-0.002368232363344491,-0.0022664895882541624,952.2102113294933,-1108.307511094619,31030,33628
16,31,65832,2032,-0.0023985873519165855,-0.0022488160094966225,966.6127702446917,-1124.5165727960618,30938,33628
16,32,65774,2032,-0.0023999603945962684,-0.002223958443681788,982.7467203210524,-1140.6017153152213,30973,33606
16,33,65738,2032,-0.002403377505041007,-0.0022396936780098584,998.4883647690599,-1156.4815951954458,30894,33619
16,34,65640,2032,-0.0024148038816162345,-0.0022916416056746143,1013.3417522203641,-1171.8494790096581,30866,33562
16,35,65580,2032,-0.002369336626179791,-0.002270723163333606,1030.2246404504115,-1185.6057363952789,30909,33534
16,36,65481,2032,-0.0023607346671353554,-0.002135289066062082,1047.7616754699905,-1202.3449422086787,30925,33425
16,37,65384,2032,-0.002373968952063255,-0.0021402860449592667,1064.0309031196487,-1219.250489081352,30944,33376
16,38,65278,2030,-0.0023714765183528185,-0.00198976114287161,1078.3325569281112,-1233.1378010931494,30886,33286
16,39,65224,2029,-0.0023908849457474446,-0.0020386183066598367,1092.5652099050874,-1248.508289606516,30846,33307
16,40,65104,2029,-0.0024305985884436154,-0.0020727979083606752,1104.837029561642,-1263.0787200636787,30822,33227
16,41,65042,2027,-0.0024259513747748843,-0.001935910048749629,1118.6493066241817,-1276.4380359422905,30785,33235
16,42,64965,2028,-0.0024219381909386666,-0.0019322140306745176,1131.8576237799143,-1289.1988383542455,30824,33174
16,43,64900,2024,-0.002379632711792261,-0.0019183069053517532,1145.9987337050377,-1300.436896700355,30811,33043
16,44,64822,2024,-0.00230519280504131,-0.0017898843070429185,1161.6117320501771,-1311.0389400585682,30789,32984
16,45,64737,2024,-0.002330477642030549,-0.0017443621770934716,1172.2446474995727,-1323.112778611704,30792,32930
16,46,64663,2023,-0.00228539664813361,-0.0018065831253492404,1184.208858557309,-1331.9894620155721,30743,32899
16,47,64539,2022,-0.0022255812960477782,-0.0017632482147793619,1196.5199356765359,-1340.1567269421625,30724,32794
16,48,64482,2022,-0.002224580166893514,-0.0016584280955468248,1208.3627159171774,-1351.8080942388024,30684,32782
16,49,64390,2022,-0.00217744750321425,-0.0016593027785870758,1221.100515775509,-1361.306360507473,30627,32764
16,50,64338,2021,-0.002168706654218942,-0.0015925453147374456,1232.6683707955922,-1372.1986195147276,30683,32675
16,51,64208,2020,-0.0021841298105782446,-0.0016645004568973795,1242.2391086467726,-1382.477715524384,30589,32669
16,52,64137,2019,-0.002209763793437849,-0.0017855003351762283,1252.0513801881302,-1393.7790006078535,30638,32533
16,53,64030,2019,-0.002224086167074523,-0.0019493013156016068,1261.2392496969246,-1403.647486974705,30575,32497
16,54,63992,2017,-0.002203331661704167,-0.001930735438831514,1272.18467513994,-1413.1802748357063,30621,32421
16,55,63918,2016,-0.0022281571338314834,-0.0020014994438783407,1279.069835814147,-1421.489183494387,30597,32390
16,56,63804,2016,-0.002244552424650552,-0.0019027025624627992,1287.8816195211443,-1431.0930424235476,30572,32352
16,57,63693,2014,-0.0023057646842151833,-0.0019319736419375385,1295.7981225459937,-1442.6591925777109,30571,32250
16,58,63599,2014,-0.002392832964864164,-0.0018787880507455616,1303.1497727025528,-1455.3315564349487,30384,32311
16,59,63512,2013,-0.002429119741699842,-0.0017538836788050212,1312.58028914053,-1466.8585421753705,30329,32289
16,60,63411,2012,-0.0025146485213539283,-0.001803702818876738,1320.615965577245,-1480.0723429648183,30247,32313
16,61,63270,2012,-0.002578288065381871,-0.0018015455177509433,1330.1658401148802,-1493.294126011594,30141,32283
16,62,63204,2012,-0.0026558437101092546,-0.0017640613806603163,1339.7543396627907,-1507.6142855165358,30033,32300
16,63,63106,2012,-0.002715909332928969,-0.0017099095351016745,1349.1860103289027,-1520.576184692721,30032,32236
16,64,62940,2012,-0.0028087894803361596,-0.0017267085440142067,1354.8176690567643,-1531.602878949123,29932,32186
16,65,62786,2011,-0.0028880697476053796,-0.0018189927163604987,1361.8174622670037,-1543.1478094401577,29845,32128
16,66,62656,2009,-0.0030175602826227107,-0.001901676645500617,1366.0825375568784,-1555.1507946248826,29808,32003
16,67,62540,2008,-0.003123214337602117,-0.0019993163846516223,1371.7640411455495,-1567.0898658191816,29666,32052
16,68,62413,2007,-0.0032455018289751472,-0.0020834830694911985,1378.0163499534654,-1580.5778556052912,29625,31982
16,69,62253,2007,-0.0033784542306751725,-0.002040598798343647,1382.6381445191753,-1592.9570557414008,29489,31960
16,70,62123,2005,-0.003501518719466433,-0.0020371644597705174,1387.2613439271338,-1604.7861913365455,29361,31946
16,71,61976,2003,-0.003571210371599832,-0.0021300438480675752,1395.1076196337244,-1616.436953623999,29237,31913
16,72,61879,2000,-0.0036238020318657914,-0.002351251356139231,1403.900328052649,-1628.1375739824684,29215,31867
16,73,61724,1998,-0.003703104626410605,-0.00248237788912812,1410.1549721646381,-1638.7254021252115,29117,31803
16,74,61560,1999,-0.0038162501685701645,-0.0026675043376925248,1413.4703235313364,-1648.3986839085132,29005,31745
16,75,61425,1996,-0.003916897333034082,-0.0028323949176688873,1418.2790372117129,-1658.874455893336,28993,31647
16,76,61263,1996,-0.003986777225415707,-0.0029559183195256183,1421.9865173039084,-1666.2284504645534,28960,31503
16,77,61093,1991,-0.004075289003121406,-0.0032215605390801937,1424.6109712390037,-1673.582602306696,28894,31472
16,78,60961,1989,-0.004013738531877716,-0.0031451344292306722,1435.5972004404034,-1680.2787150822026,28778,31438
16,79,60795,1987,-0.003943713775285674,-0.0032135748021020405,1448.7475874134661,-1688.505666381961,28706,31334
16,80,60654,1987,-0.003924910213627382,-0.003159316929709941,1457.692154183952,-1695.753658281304,28673,31265
16,81,60465,1985,-0.003896481603835648,-0.003190716996385344,1466.2098614427646,-1701.8106216186895,28621,31155
16,82,60300,1982,-0.003897218615593822,-0.003454437360358781,1474.0807945615009,-1709.0830770818113,28563,31013
16,83,60126,1981,-0.003843276256964905,-0.0035445382767885724,1484.5726827303029,-1715.6535109565773,28518,30854
16,84,59932,1978,-0.003785536652762921,-0.003545083480679204,1494.0003626093237,-1720.8751452827123,28440,30828
16,85,59736,1977,-0.0037022515214618925,-0.0034259352934307174,1504.6337305225077,-1725.7914274085533,28349,30668
16,86,59516,1973,-0.003626729322713013,-0.0034694689489170316,1514.2289908621196,-1730.077413232704,28341,30475
16,87,59300,1971,-0.003611365071713856,-0.003372133355641549,1520.7853017682244,-1734.9392505208511,28263,30361
16,88,59064,1967,-0.003531184714505489,-0.003381151132263146,1531.4597425957702,-1740.02563657332,28156,30260
16,89,58831,1964,-0.003451774344246984,-0.003795604261890098,1541.2234391408263,-1744.294775587219,28047,30118
16,90,58600,1964,-0.0033816418876566807,-0.0038606342960075058,1552.9794409902154,-1751.1436556068973,27939,29996
16,91,58359,1961,-0.003300569349948811,-0.003937435250526695,1566.0541378579428,-1758.672064551603,27799,29897
16,92,58094,1958,-0.003367035568970499,-0.004029011249405582,1568.8401257724313,-1764.444690116201,27621,29847
16,93,57808,1955,-0.0034471023603048563,-0.00390609296763043,1569.249458722836,-1768.5195519673402,27516,29692
16,94,57490,1954,-0.0035005698047383955,-0.003899593040221345,1568.9857186375837,-1770.2334767119885,27328,29549
16,95,57154,1948,-0.003584042277377549,-0.004029830762327561,1567.1671301542376,-1772.0094824754756,27218,29381
16,96,56797,1942,-0.00360046428494508,-0.003917593515666226,1567.0396014195899,-1771.5351714116198,27030,29195
16,97,56400,1937,-0.0036233978172384366,-0.0038625943802354265,1564.0208467722002,-1768.3804836644447,26896,28927
16,98,55961,1932,-0.003737421352314351,-0.003802741932270468,1555.3199752699948,-1764.4698115668589,26651,28747
16,99,55525,1929,-0.003805309932416273,-0.0036477581668203822,1549.0076264709555,-1760.2974604683695,26440,28521
16,100,55046,1923,-0.0038449303885320783,-0.0038053297144133337,1543.7803707847056,-1755.4284089518396,26224,28234
16,101,54449,1915,-0.00389406302816711,-0.0038174865804263265,1531.7425498650068,-1743.7703876856774,25946,27942
16,102,53832,1905,-0.0038788943908161302,-0.0036520102691845915,1523.131229631597,-1731.939872478006,25635,27660
16,103,53134,1902,-0.003996268293752525,-0.003514078576513772,1504.4136495342102,-1716.7513690544552,25286,27297
16,104,52339,1899,-0.004212442330106814,-0.003734900039106234,1479.0767174088612,-1699.5517365243215,24875,26954
16,105,50708,1894,-0.004216098318063961,-0.004389232559291034,1431.7325055291237,-1645.5224190415083,24078,26109
16,106,49096,1884,-0.004158640827514266,-0.005275397883503708,1386.6454993253333,-1590.8181293929758,23314,25266
16,107,47480,1870,-0.004027507800749101,-0.005237983842424156,1345.662201617585,-1536.888271997144,22610,24386
16,108,45892,1860,-0.0038695187787180637,-0.005274938471238831,1306.3759625524672,-1483.9559183453925,21871,23544
16,109,44340,1853,-0.0037992320830625933,-0.00589601994918218,1263.757733750384,-1432.2156843133787,21093,22772
16,110,42806,1847,-0.003711287110022193,-0.006464410743559336,1221.7281881519657,-1380.5935441835722,20317,22055
16,111,41305,1827,-0.003594501560828004,-0.0062208409158916785,1181.9765348768037,-1330.4474218468056,19595,21271
16,112,39862,1813,-0.0033869540942267585,-0.006792176763543538,1147.9209183269015,-1282.9316824309685,18912,20543
16,113,38432,1809,-0.003132849929628698,-0.00697665496974102,1113.99350983074,-1234.3951983262264,18254,19773
16,114,37024,1797,-0.0028591521850483024,-0.006938569142648139,1081.3202411815446,-1187.1774916807733,17616,19019
16,115,35626,1738,-0.002599622863017592,-0.0054298692214981925,1045.7435239260371,-1138.3576880439016,16913,18323
16,116,34354,1716,-0.0023911118979696015,-0.005939580412898129,1014.7443797029044,-1096.888637845751,16334,17669
16,117,33124,1682,-0.0020029478830196784,-0.0057750566379773174,989.2274322272914,-1055.5730779044331,15799,16997
16,118,31962,1618,-0.0016082172603461985,-0.006428775433636189,964.8062974485381,-1016.2081375237254,15282,16350
16,119,30907,970,-0.0010965388385493012,0.0009632836051988433,942.7818042034352,-976.6725300864812,14787,15763
16,120,30712,967,-0.0009775986829422937,-0.00028507622391745765,945.4411817108851,-975.4651924614096,14675,15718
16,121,30521,966,-0.0010115288597544608,-0.0005576470198781112,944.0244396167784,-974.8973119453437,14542,15650
16,122,30311,965,-0.0010162661121393658,-0.000867422624161971,941.6913075638693,-972.4953496889248,14444,15538
16,123,30065,963,-0.0009733475723453279,-0.0009690172721544795,938.8564347344371,-968.1201294969992,14323,15421
16,124,29813,960,-0.000922886722287347,-0.0010921258805578918,935.7881245783857,-963.3021464299385,14223,15273
16,125,29577,960,-0.0008688576865348594,-0.0012922384908052437,932.8836766882631,-958.5818804829066,14090,15189
16,126,29309,960,-0.0007662731326648745,-0.0012371338769648146,929.6060728147008,-952.0647720599759,13975,15021
16,127,28957,958,-0.0006818455276980626,-0.0016233664893949091,921.9910107873828,-941.7352117329365,13814,14849
16,128,28600,956,-0.0006019152431248908,-0.0018400840219878001,913.3195312234755,-930.5343071768466,13563,14722
16,129,28242,951,-0.0005077887038455246,-0.001899802663132568,905.735000878946,-920.07596945295,13445,14536
16,130,27862,951,-0.0004006748076572122,-0.0016695615452967404,898.5113935999976,-909.6749950909419,13247,14335
16,131,27307,948,-0.00033352028363867165,-0.0019741307744292162,881.1656099385601,-890.2730483238813,12971,14070
16,132,26731,942,-0.00012813559959703417,-0.0014459452579009592,866.8324190059197,-870.2576117187501,12706,13747
16,133,26128,940,0.000024856804889132643,-0.0013245688051167844,851.585023184509,-850.9355645863645,12411,13460
16,134,25440,940,0.0001351252110118276,-0.0015912809652045316,834.4135410096286,-830.9759556414873,12086,13111
16,135,23500,935,0.00032309547383948747,-0.0017832176664337007,776.9315653766229,-769.338821741394,11164,12108
16,136,21577,930,0.0003622915679680085,-0.0020301956339645166,715.7462810871906,-707.9291159251445,10211,11144
16,137,19683,925,0.0003804958211186823,-0.0017397326181077346,655.2274136040752,-647.7381143569949,9287,10194
16,138,17818,924,0.0004135343166758497,-0.0019778946419757425,596.1668464993057,-588.7984920447749,8419,9212
16,139,15969,920,0.0004175973907469208,-0.002272300815694372,536.5880312215546,-529.919418488717,7524,8270
16,140,14134,912,0.0004579637900558938,-0.0023257200621216606,476.96168915554523,-470.48882894689547,6681,7305
16,141,12334,890,0.00043609022878621467,-0.003346195750365821,417.2885393998619,-411.9098025180127,5844,6366
16,142,10614,889,0.0003578227469644017,-0.0036854558921453925,360.49013111899615,-356.6922004827163,5028,5461
16,143,8913,886,0.00036290775303519376,-0.003979302934046434,304.19916738990133,-300.96457058709916,4218,4597
16,144,7230,880,0.00044331138064286504,-0.004480225718303363,247.59762349000187,-244.39248220795423,3412,3742
16,145,5576,841,0.0005516055791265812,-0.002709703030796549,191.18978431529717,-188.1140316060873,2620,2897
16,146,4109,835,0.00004409120441943009,-0.0036141690423730373,141.05179561420107,-140.87062485524152,1928,2145
16,147,2669,820,-0.0002800184116304837,-0.004181697881462427,92.48985932440809,-93.23722846504974,1233,1411
16,148,1285,801,-0.0007940261172489673,-0.0048635471601145815,44.82715079773835,-45.847474358403275,589,678
17,0,69720,2040,0.0,0.0,0.0,0.0,0,0
17,1,67052,2040,-0.000035327247722927446,-0.00002772427100359338,209.82701109694924,-212.19577371126712,30327,30461
17,2,66878,2040,-0.00007711383049190893,-0.00006012051679594575,285.9222663673026,-291.0794851229406,30909,31391
17,3,66723,2040,-0.00012134261529636859,-0.00011234287244094207,344.51148240988715,-352.60782573030644,31137,31878
17,4,66616,2040,-0.00015958289129791293,-0.00016337304897888981,394.1709903771398,-404.8017642638406,31133,32187
17,5,66507,2039,-0.00022212421845236148,-0.00022419797521250882,436.26589309623665,-451.0387084928474,31261,32319
17,6,66455,2037,-0.0002484727483372255,-0.0002397858876049157,475.76660626516554,-492.2788627559153,31436,32350
17,7,66358,2036,-0.00029305560203816343,-0.0002718948313233999,509.20538167299696,-528.6519653130474,31367,32445
17,8,66310,2035,-0.00036546524918112,-0.0003643228665547696,539.7924923711923,-564.0264930443914,31510,32560
17,9,66176,2034,-0.00039437296338786063,-0.0004089588374896482,568.601801767883,-594.6998269930384,31361,32690
17,10,66101,2034,-0.0003941200591797826,-0.0003917023436664186,598.0007442562527,-624.0524742880962,31351,32776
17,11,66024,2033,-0.00042165985714397587,-0.00048435662247264257,625.7308663808066,-653.5705367888769,31290,32832
17,12,65935,2033,-0.0004310122790244616,-0.000424072203436965,651.5528627840637,-679.9716574015397,31332,32812
17,13,65846,2033,-0.0004544576218712898,-0.00035729879755361986,676.1107617126895,-706.0349782824264,31311,32762
17,14,65752,2031,-0.00046700739228997147,-0.000406499728962337,700.4429378592781,-731.1496079171295,31320,32675
17,15,65712,2031,-0.0004519104744051315,-0.0004165880807161091,725.759408681152,-755.4553497752651,31385,32661
17,16,65652,2031,-0.00044405195225511156,-0.00039150605812100905,750.019194890647,-779.1720936600951,31372,32652
17,17,65576,2030,-0.0004755022043113744,-0.00043079593567872285,769.8567353503338,-801.0382679002545,31268,32709
17,18,65480,2030,-0.0004889352996735651,-0.0004296725939910837,790.2573464267641,-822.272829849387,31270,32645
17,19,65368,2030,-0.0005155439569151445,-0.00044408415489984634,810.2787061067737,-843.9787834824041,31278,32614
17,20,65292,2030,-0.0005331034432373538,-0.0003871219405046168,830.0414599407839,-864.8488499566381,31192,32544
17,21,65212,2029,-0.0005600564097003369,-0.00033261814931606897,849.0208764352493,-885.5432750246273,31246,32555
17,22,65137,2027,-0.0005957915161570235,-0.00033574658648961414,868.106358917468,-906.9144309053881,31242,32482
17,23,65027,2026,-0.0005768008790111779,-0.0002511227848529723,886.7296077958939,-924.2372385553552,31209,32453
17,24,64924,2026,-0.0005881368196412838,-0.00029414610421322167,905.1966704238845,-943.3808653022768,31118,32498
17,25,64854,2026,-0.0005944179987746002,-0.00037852914251102247,924.1806366734695,-962.7310215659967,31087,32448
17,26,64770,2025,-0.0005921815731276304,-0.0002486394267483614,941.8578073233311,-980.213407814806,31112,32314
17,27,64720,2024,-0.0005680125980794336,-0.0002795392561203517,960.8639817672323,-997.6257571149329,31085,32411
17,28,64597,2023,-0.0005020920642110388,-0.0002212227143403653,978.1322385683668,-1010.5658796402084,31080,32256
17,29,64542,2022,-0.00045904165264568233,-0.00013641802595160094,995.3772260689548,-1025.0046924140154,31103,32190
17,30,64429,2022,-0.00043423725836035294,-0.00010191038381444447,1010.8263412318075,-1038.8038135507043,31129,32123
17,31,64297,2019,-0.00040363672091042003,-0.0001882508392937363,1025.364105776094,-1051.3167360204736,31079,32066
17,32,64235,2018,-0.0003595251018999814,0.000014812609110504671,1041.1921476247242,-1064.2862425452722,31081,31963
17,33,64163,2018,-0.0003543514871187899,0.00003756015504446658,1055.2173626723538,-1077.9536171403586,31102,31877
17,34,64069,2018,-0.000366398601675469,-7.20240421976138e-7,1067.5944398022227,-1091.0692318129682,31042,31881
17,35,63971,2017,-0.0003454017040307177,0.00009176405288378799,1082.661722734853,-1104.7574151433962,31085,31786
17,36,63863,2015,-0.00033216741824158684,0.00006907808754511637,1096.468880527781,-1117.6820883589423,31045,31667
17,37,63786,2014,-0.00031594754184720005,0.00009523426556312686,1109.4841077821852,-1129.63713768645,31108,31539
17,38,63668,2013,-0.00032085928030369475,0.0000891624052422144,1121.9962910221434,-1142.424759680517,30981,31547
17,39,63600,2013,-0.0003559944481798954,0.0001455655030625417,1132.9204076344338,-1155.5616545386704,30890,31638
17,40,63449,2012,-0.0003460724542718298,0.00009852757268345966,1145.0090711134585,-1166.9670222645527,30876,31460
17,41,63385,2012,-0.0004188357339565373,0.00008622397013890217,1153.869755198301,-1180.4176581951344,30789,31509
17,42,63230,2012,-0.0004822020486698865,0.00012771529732091805,1163.9701996110964,-1194.4598351484951,30700,31458
17,43,63135,2012,-0.0005152674155656272,0.000171719050056845,1175.9764304580533,-1208.5078387397905,30656,31431
17,44,62999,2009,-0.0005770148491536298,0.0001163540280515902,1187.5653536208301,-1223.9167121026562,30556,31464
17,45,62877,2009,-0.0006675019319651367,0.00002234360704640881,1197.715459066509,-1239.6859780426785,30457,31404
17,46,62783,2008,-0.0007484867377817913,-0.00006228578961917325,1208.718229943402,-1255.710472801549,30409,31434
17,47,62654,2008,-0.0008350545505256391,6.043389475821921e-6,1218.4972739806294,-1270.8167817892672,30249,31457
17,48,62490,2007,-0.0008909429168551387,-0.000035749735239261495,1228.7468274621087,-1284.421850336383,30141,31417
17,49,62360,2005,-0.0010361075542678702,-0.00006537159579109946,1234.133257248213,-1298.7449243323601,30030,31378
17,50,62237,2005,-0.0011412992174679806,-0.00013684339927685763,1242.5135530439863,-1313.5445924415446,29903,31408
17,51,62106,2004,-0.0012750075279812805,-0.0002302310859036356,1249.207050567569,-1328.3926681003777,29805,31393
17,52,61970,2004,-0.0014260140179125247,-0.0003368553698761611,1254.4610808048315,-1342.8311694948695,29714,31347
17,53,61838,2003,-0.0016010787502059298,-0.0004334079931156741,1259.536787662614,-1358.5442954178484,29713,31303
17,54,61711,2001,-0.0017196646495744458,-0.0004336341418820851,1267.3650628176617,-1373.48728800755,29546,31312
17,55,61550,1998,-0.0017863399042278,-0.0005637217277154655,1277.5472164365904,-1387.496437541812,29497,31213
17,56,61392,1994,-0.0018224560196476874,-0.0006808765792680737,1288.2135678055358,-1400.0977877637426,29371,31152
17,57,61300,1992,-0.0018603987047352557,-0.0007902645617080148,1298.7562228134236,-1412.798663413695,29340,31154
17,58,61150,1991,-0.0019284707577498237,-0.0009250384334599425,1306.3260206943282,-1424.2520075307311,29252,31044
17,59,60997,1990,-0.0019862594374206776,-0.001136877053628955,1314.8081106078912,-1435.9639775122444,29125,31008
17,60,60845,1989,-0.002021448483801618,-0.001202374519946147,1322.5273084747616,-1445.5223414716695,29101,30910
17,61,60671,1988,-0.0020422151248916704,-0.0013101499481844607,1330.1630530183388,-1454.0662868606373,29050,30788
17,62,60540,1983,-0.0020438281172983816,-0.0015802675675786165,1339.9460872934417,-1463.6794415146821,29042,30701
17,63,60411,1983,-0.002033283358671351,-0.001617559725478016,1349.0057582479878,-1471.838439228681,28965,30672
17,64,60274,1981,-0.002018198002093894,-0.0017572490994803643,1358.9393956086146,-1480.5842619868242,28858,30616
17,65,60110,1980,-0.0019988106920706015,-0.0017799748203498518,1369.1907211155715,-1489.339231815934,28822,30529
17,66,59965,1979,-0.0019460784438193855,-0.0017892266482373636,1381.1521999158574,-1497.8487937994837,28760,30445
17,67,59778,1978,-0.0019202680131015382,-0.00196114335246403,1392.2200677507226,-1507.0098490379094,28635,30399
17,68,59600,1976,-0.0019421579177617628,-0.0020029404340808936,1398.4299282737056,-1514.1825401723092,28554,30281
17,69,59410,1975,-0.0019792396188008958,-0.002083326901887286,1404.0960358260472,-1521.6826615790114,28503,30139
17,70,59221,1970,-0.0019588878593065724,-0.001813894992526113,1412.5515565534445,-1528.5588544694426,28521,29981
17,71,59017,1966,-0.0019645895258977673,-0.0018125376553756612,1419.0799019679575,-1535.0240820178637,28371,29879
17,72,58805,1964,-0.0019237366029206423,-0.0017422770774904231,1429.1178683231035,-1542.2431992578506,28312,29783
17,73,58541,1961,-0.0018928718635178618,-0.0023431093687875542,1438.0888935629328,-1548.8995053251392,28189,29634
17,74,58309,1956,-0.0018119682245546667,-0.00221976885419756,1449.4428536705354,-1555.0969088761024,28128,29470
17,75,58056,1950,-0.0017986315344230674,-0.002488912780224721,1459.7605381589995,-1564.1818905214627,28020,29377
17,76,57821,1948,-0.0017587743470793432,-0.002588111579126265,1471.1830493603766,-1572.8771408828588,28010,29157
17,77,57548,1945,-0.0017712420947857104,-0.0025029210872590975,1477.493623282123,-1579.4250633528486,27876,29002
17,78,57242,1941,-0.0017891145868413386,-0.0024405132224799026,1482.752069745582,-1585.1645669255588,27771,28880
17,79,56924,1940,-0.0018392340096392685,-0.0023882099266961136,1484.8645324136785,-1589.5610891783838,27570,28674
17,80,56584,1939,-0.0018816779793737813,-0.0023580964942670818,1486.3608086059128,-1592.8336753907936,27417,28507
17,81,56218,1936,-0.0019232739646840916,-0.002175964073112016,1486.273493065901,-1594.396108812508,27267,28309
17,82,55808,1929,-0.001949068151196113,-0.002160135479798344,1483.6767599760913,-1592.4503553580446,27054,28130
17,83,55387,1922,-0.001958268209505822,-0.0021438076371125205,1482.0787849139213,-1590.5413862338237,26874,27911
17,84,54951,1917,-0.0019608338421981675,-0.0019856496677184395,1480.1353738539992,-1587.8851543166284,26713,27659
17,85,54470,1914,-0.0019620896801086137,-0.0019171326983143408,1478.8060830071402,-1585.6811078826606,26556,27365
17,86,53898,1906,-0.002012629634210561,-0.0017851875792718908,1468.494474231091,-1576.9711862557708,26308,27017
17,87,53301,1898,-0.0020790306019665746,-0.0017897375085102428,1457.749682447727,-1568.5640925631471,25975,26757
17,88,52597,1895,-0.0021507517591478633,-0.0018677356860281242,1443.4569214463259,-1556.580011722218,25551,26464
17,89,51794,1892,-0.00227055491558557,-0.0021836328844199253,1425.1959045964918,-1542.7970258943358,25158,26066
17,90,50187,1881,-0.0021645642545661155,-0.002682674834576089,1387.918095567423,-1496.5510818113337,24355,25297
17,91,48575,1875,-0.00207792013619609,-0.0032799714996467454,1348.1416453013796,-1449.0766159171033,23625,24421
17,92,46981,1858,-0.002043677673925152,-0.003338829391446126,1307.0078657946224,-1403.021886593299,22868,23616
17,93,45421,1852,-0.0019405164808039119,-0.0032239938250346817,1269.225532195286,-1357.3657312698788,22140,22786
17,94,43882,1844,-0.0018710036549447957,-0.003911570888747396,1229.079103737346,-1311.182486123636,21375,21986
17,95,42365,1838,-0.0017475324851711463,-0.004576730575244534,1191.0536185048916,-1265.0878322391684,20694,21227
17,96,40869,1818,-0.0015668119233475347,-0.004657789027884491,1155.994009385303,-1220.0280458805933,19950,20480
17,97,39448,1807,-0.0014246464986161056,-0.004791055781669797,1120.0236962058905,-1176.2231512832975,19260,19731
17,98,38029,1799,-0.0012029934897889386,-0.005004007147651774,1086.5155478658164,-1132.2641872890013,18511,19096
17,99,36631,1788,-0.00099960807975865,-0.004850498333946497,1052.3158609237062,-1088.932504493346,17774,18452
17,100,35265,1723,-0.0007840810523939443,-0.003680567649471746,1016.7670462746323,-1044.4176645873038,17141,17746
17,101,34010,1698,-0.0005480056607709313,-0.003745522342238069,988.483505673123,-1007.1211781959431,16534,17100
17,102,32807,1665,-0.0003262652698402809,-0.0033879498614337146,959.3540026799669,-970.0577873876165,15923,16501
17,103,31663,1602,-0.00011716878672149158,-0.004435395076742274,931.5523815435215,-935.2622968374844,15423,15876
17,104,30626,968,0.00020884687793751552,0.0015756276026849666,907.5564382325707,-901.1602937488556,14982,15266
17,105,30434,964,0.00016108863429003533,0.00040127427717335975,905.8604140354756,-900.957842539491,14873,15203
17,106,30233,962,0.00018116267169136026,-0.00006797670917953038,905.8923474986912,-900.4152564454453,14737,15137
17,107,30016,961,0.00024816892437235546,-0.0002507163762461693,905.3925967406313,-897.9435583066695,14608,15075
17,108,29781,959,0.0003212856196055728,-0.00034844228175027163,904.5402204001031,-894.972013362632,14455,14991
17,109,29537,958,0.0004070598876109837,-0.00021140492660726585,903.3685637098173,-891.3452358094521,14342,14857
17,110,29287,957,0.0004986821941500324,-0.000256352680946221,901.843092564734,-887.2381871446618,14221,14718
17,111,29016,955,0.0006415972788503099,-0.00023489671501321905,900.8614529897399,-882.2448663466188,14126,14536
17,112,28665,955,0.0006576666754148656,-0.00029594075897817503,892.1531016244453,-873.3010863736783,13991,14360
17,113,28292,952,0.0006542961938429426,-0.0003695714666712224,882.6447767221629,-864.1334288059574,13757,14200
17,114,27909,946,0.0006862204478318528,-0.0007171390695341172,872.767009535985,-853.6152830574443,13572,14008
17,115,27527,946,0.0006866247859411053,-0.0006203540343524463,862.5762722598708,-843.6755517772698,13438,13797
17,116,26966,946,0.0007622871304305926,-0.0008807801623328288,846.4142900354603,-825.8584552762695,13144,13537
17,117,26378,941,0.0008277047602421739,-0.00026236065940277376,828.4515956819658,-806.6183995162968,12861,13235
17,118,25762,938,0.0008176323910142882,-0.000039500693363275647,809.0684708066337,-788.0046251493246,12584,12912
17,119,25074,936,0.0007804417476609983,-0.00030260411894787156,789.2521443304593,-769.6833479496082,12208,12617
17,120,23158,935,0.0007610083072114121,-0.0002581287429394682,729.1573162246522,-711.53388584625,11276,11656
17,121,21262,929,0.0007271913296761392,-0.00023134271128160634,669.834482753213,-654.3729407016403,10364,10684
17,122,19392,921,0.0006675275800457451,-0.00022179459425380552,610.7912031023176,-597.8465082700712,9428,9778
17,123,17563,918,0.0005295437771504277,-0.00021600808272502907,552.7683944352755,-543.4680170771826,8496,8890
17,124,15736,916,0.00038978020394540164,-0.0005559273201019183,494.19156277403806,-488.0579814847535,7612,7954
17,125,13920,910,0.00010419843408787775,-0.0007857008150402169,435.0869025786528,-433.63646037615047,6740,7037
17,126,12143,889,0.00008152651872006348,-0.001472572711086963,380.258657122287,-379.2686806054687,5879,6136
17,127,10449,887,0.0001006406556225952,-0.0020377136301138986,328.51938123336663,-327.46778702276544,5032,5316
17,128,8766,884,0.00008390866389276444,-0.0020480068330044326,276.92211940448817,-276.18657605680454,4209,4474
17,129,7098,875,0.00013444702878250497,-0.0027883960168167566,225.01317123397288,-224.05886622367476,3405,3618
17,130,5469,840,-0.00011845383682470746,-0.001796919233279567,171.91626207522373,-172.56408610881812,2598,2821
17,131,4020,830,-0.0006033636631477209,-0.0026861105040904007,127.16076338568402,-129.58628531153792,1909,2080
17,132,2607,812,-0.0009215007725633461,-0.00387154612982946,83.23991369631234,-85.64226621038496,1236,1350
17,133,1251,786,-0.0010157341919054923,-0.0032420995402503527,40.43808901147249,-41.70877248554625,596,645
18,0,67846,2029,0.0,0.0,0.0,0.0,0,0
18,1,65825,2029,0.00001861895779681883,0.0000268167344488163,204.68189388776133,-203.45630099078505,29739,29819
18,2,65633,2029,0.00002176418992959533,0.00005082661282290418,281.4876145673496,-280.0591654897004,30332,30806
18,3,65500,2027,-6.584688222764116e-6,0.00007057208901644435,338.5764576556857,-339.0077547342782,30519,31205
18,4,65357,2025,-0.000029575430358420677,0.00008676875124111186,387.422470172184,-389.35543157411956,30472,31634
18,5,65209,2025,-0.00005160803896478087,0.00006855620442832794,431.04277267926074,-434.4080812921164,30380,31861
18,6,65110,2025,-0.00009681547815809516,-0.000016955912068636273,469.6905566876943,-475.9942124705681,30401,32058
18,7,65022,2024,-0.00009494589546645395,0.000024946629242894973,508.04412610205395,-514.2176981170732,30514,32095
18,8,64873,2025,-0.00009961023198860586,0.000026402116357435943,540.4804852553511,-546.9424998351471,30586,32027
18,9,64788,2024,-0.00012574145077761423,8.45459247403033e-6,571.1886392756635,-579.335176388643,30560,32080
18,10,64700,2023,-0.0001418462242847139,4.7509067948336435e-6,600.6459786721234,-609.8234293833449,30572,32110
18,11,64615,2022,-0.00014116427096443824,0.000052674146485901646,628.2098610458138,-637.3311904141833,30617,32052
18,12,64464,2022,-0.00011520477622955263,0.00009914513100558519,655.4151664554139,-662.841727150274,30566,32102
18,13,64370,2019,-0.00006597433414219974,0.00015882265032959216,681.0086315951987,-685.255399483934,30527,31999
18,14,64294,2018,-0.00004386751874810545,0.0002068814029977422,706.0891778071731,-708.9095960575634,30429,32137
18,15,64169,2016,-0.000031746591316749455,0.00030824021614523565,730.0877201530183,-732.1248671712247,30391,32066
18,16,64043,2015,-0.00001670895887635939,0.00028240351514702446,751.418112519891,-752.4882043732117,30337,32074
18,17,63949,2014,7.218689743486973e-6,0.0003269092365013698,772.6374386745072,-772.1758106840998,30274,32088
18,18,63859,2014,0.00002680287535743348,0.0004228516107239049,793.9878085580893,-792.2762037406409,30309,32019
18,19,63758,2013,0.00004412464938867275,0.0004045001530565546,814.7732348534635,-811.9599354577379,30261,31972
18,20,63652,2011,0.000059632241940036345,0.0005037585044004592,836.5647384918168,-832.7690270278514,30307,31894
18,21,63588,2010,0.00012207155989950075,0.0005853328567189723,857.7064091363029,-849.9441227854129,30344,31837
18,22,63463,2010,0.00014919375014274923,0.0007454420077977361,875.4112253442926,-865.9429423789818,30277,31791
18,23,63332,2009,0.00016279520300527538,0.0007323354844857672,892.9303185220679,-882.6201727253411,30298,31664
18,24,63207,2008,0.0001619576512405269,0.0008125024354760104,909.2810199090674,-899.0441626471069,30202,31642
18,25,63117,2007,0.00013615174099346712,0.0008448871889356579,924.4793360019919,-915.8858465657063,30309,31494
18,26,62961,2006,0.00010532828279053958,0.0007704630605970803,939.045522217259,-932.4139482044818,30244,31440
18,27,62854,2006,0.00008022731490435939,0.0007693284249488906,954.6052901651927,-949.5626825141936,30205,31426
18,28,62759,2006,0.000041032237099827743,0.000693965772632019,969.5627221136198,-966.9875799454715,30197,31348
18,29,62611,2006,9.50600952568634e-6,0.000584754991682373,985.3998200956372,-984.8046393332255,30177,31180
18,30,62488,2006,-0.00005366803029651155,0.0005405527300123184,999.8163445968742,-1003.1699524740434,30156,31170
18,31,62335,2006,-0.00011959127224898055,0.0004605993201851169,1014.3754490155178,-1021.8301709711565,30047,31158
18,32,62220,2006,-0.00020884390045542068,0.0003660975432557863,1027.41899391767,-1040.413261404003,29907,31229
18,33,62088,2003,-0.00030365925814110004,0.00027146655696774194,1040.2843030513493,-1059.1378990708167,29771,31259
18,34,61981,2002,-0.00043315258817636066,0.0002309950925193249,1050.28742770606,-1077.134658273817,29713,31200
18,35,61842,2002,-0.0005532224822662229,0.00018698717808392866,1060.2245377085933,-1094.4369224568982,29708,31074
18,36,61691,2000,-0.0006946388341869002,0.0001655242774189645,1068.0230520060054,-1110.8760163258348,29635,31015
18,37,61554,1998,-0.0008155855960792145,0.0000337292044005575,1077.9155131402542,-1128.118068921316,29555,31035
18,38,61440,1996,-0.0009584940767839733,0.000027866391284952834,1086.5096714218266,-1145.3995474994397,29371,31072
18,39,61311,1995,-0.001084362059524289,-0.000011996144426506251,1096.0145547713082,-1162.4978770027976,29259,31077
18,40,61154,1994,-0.0012086728116523537,-0.00012482348025608987,1104.1008699762947,-1178.016047100082,29179,31033
18,41,61020,1992,-0.0012679957437590269,-0.0002469602473642957,1115.73367779241,-1193.1067780765864,29050,30996
18,42,60875,1990,-0.001328756129432006,-0.00034283487843765826,1126.1326090997788,-1207.0206384789553,28902,31035
18,43,60736,1988,-0.0013938977503864913,-0.0005084271430642022,1135.6790779693488,-1220.3388517368214,28852,30960
18,44,60586,1987,-0.001459277248680568,-0.0005041703582959559,1142.8258260521784,-1231.2375974407407,28779,30911
18,45,60456,1984,-0.0014996222373525607,-0.0006845888038968124,1150.674861692333,-1241.3360236737183,28688,30839
18,46,60278,1983,-0.001528047009293099,-0.0007544836941210274,1159.4965743833422,-1251.604192009511,28582,30776
18,47,60124,1978,-0.0015590686818510002,-0.0011208070686612591,1168.3907296892887,-1262.1281751168983,28605,30632
18,48,59998,1976,-0.0015509655173852755,-0.001735764000324482,1178.4633331914185,-1271.5181623035035,28581,30520
18,49,59868,1975,-0.0015263405037790308,-0.0016947666840204211,1190.5167147263649,-1281.8956680066083,28492,30502
18,50,59688,1975,-0.0015159922535924815,-0.0018347188853670877,1201.9310487470507,-1292.4175943794767,28429,30366
18,51,59517,1974,-0.001486778429822644,-0.001949867932167832,1213.90763785501,-1302.3962296627653,28381,30281
18,52,59353,1972,-0.0014293208424570856,-0.0020469171085957904,1226.5665787095459,-1311.4010586718996,28328,30118
18,53,59149,1968,-0.0013981541447691676,-0.0019713490117309316,1237.4013953494134,-1320.1008148583644,28253,30019
18,54,58964,1964,-0.0013734305080573043,-0.001942163391154334,1247.032777076319,-1328.0157335534125,28150,29947
18,55,58774,1958,-0.0013293618278436459,-0.0017470843163619337,1257.3216394249457,-1335.4535514946272,28017,29901
18,56,58580,1956,-0.0013098498648617687,-0.0017602390601916677,1265.0862774188167,-1341.8172825024183,28012,29748
18,57,58307,1953,-0.0013082567132452914,-0.0016279980478004184,1273.0001887888527,-1349.2807129680461,27817,29702
18,58,58073,1951,-0.0012687141972034255,-0.0017129985767587736,1283.1673736704417,-1356.845413244637,27703,29571
18,59,57835,1948,-0.0012317472511365099,-0.0016599127947592176,1292.8901531884153,-1364.1282554578954,27612,29430
18,60,57607,1945,-0.0012574691581753953,-0.0018387966397260152,1301.640494153983,-1374.0795199489937,27485,29355
18,61,57351,1943,-0.0012882372520215837,-0.00196483359915743,1310.6143032050986,-1384.4959978457855,27455,29154
18,62,57082,1938,-0.0013375703259676111,-0.0020415969540590402,1316.2142732076513,-1392.5654625545353,27347,28974
18,63,56763,1937,-0.00136060591426774,-0.0019400494777073317,1322.2086161145992,-1399.4406896261783,27283,28710
18,64,56425,1936,-0.001386622327239057,-0.001840279317169311,1325.9639447996472,-1404.2041096141086,27108,28561
18,65,56079,1929,-0.0014289321234611351,-0.001707398623556811,1329.9825499818812,-1410.1156345334587,27002,28365
18,66,55688,1925,-0.001481445453535138,-0.001694771419366472,1330.1449292958982,-1412.6436637123616,26804,28213
18,67,55284,1919,-0.0015736296525076696,-0.0018350615711004556,1327.7196776196702,-1414.7162193289025,26611,28004
18,68,54853,1914,-0.001553589354977872,-0.001534147222251684,1329.2174605871926,-1414.436497475793,26491,27729
18,69,54419,1911,-0.001537246574864752,-0.0013484359040890782,1330.9869940303545,-1414.6424153879182,26270,27489
18,70,53955,1906,-0.0015328978353324975,-0.0014620271351652651,1331.5910263517726,-1414.2985290571376,25992,27288
18,71,53366,1898,-0.0014784757277030852,-0.0013328811748619896,1331.014261914545,-1409.914597599152,25711,27019
18,72,52735,1891,-0.0015576073272700252,-0.0013581368601760157,1323.1304942483177,-1405.270916651902,25386,26720
18,73,52044,1887,-0.0016487166005477523,-0.0014210737945519593,1311.770902316138,-1397.5767090750455,25063,26356
18,74,51248,1881,-0.001761016339705039,-0.0016179505072679776,1297.4438695137599,-1387.6924348909647,24668,25949
18,75,49652,1874,-0.0017000573289010674,-0.0019028415947212939,1262.982425015182,-1347.3936715097784,23783,25229
18,76,48042,1866,-0.0016361924946907693,-0.002543688380640021,1227.1091109652853,-1305.7150707952187,23002,24454
18,77,46474,1848,-0.0015959253767954156,-0.0024941703449168073,1191.0629145580606,-1265.23195051925,22291,23609
18,78,44934,1841,-0.0015731280214015997,-0.002448704960459637,1155.5542457553247,-1226.241180268986,21590,22794
18,79,43424,1832,-0.001518778035419931,-0.003179970134672683,1121.61505785222,-1187.566475262296,20892,22003
18,80,41923,1826,-0.001410827686892324,-0.003946747572608357,1089.1668574703415,-1148.3129865879268,20172,21203
18,81,40470,1807,-0.001270715571710671,-0.0037635492652471924,1059.1129222874729,-1110.5387814746066,19486,20487
18,82,39061,1794,-0.0010535057511087554,-0.003898342095051987,1033.0176312350868,-1074.1686193791481,18803,19782
18,83,37680,1788,-0.0008644513130458336,-0.004085183847340563,1004.2461757112362,-1036.8187011868038,18118,19058
18,84,36311,1778,-0.0007168582867288248,-0.003908896262643032,973.0577210149468,-999.0875622643586,17521,18386
18,85,34948,1715,-0.0005336472900190533,-0.002891902952996006,941.0401921911663,-959.6900976827502,16826,17692
18,86,33701,1689,-0.000422106136974968,-0.003454105517087659,912.7277347557092,-926.9531336779032,16191,17095
18,87,32509,1645,-0.0002432378335792702,-0.0031504663720988094,886.3833144683315,-894.2907332001602,15655,16477
18,88,31388,1589,-0.00009872083957756127,-0.0038926558458535995,860.716524958569,-863.8151746712279,15123,15879
18,89,30365,965,0.0001510051278292885,0.0009777621036874673,837.3751346405386,-832.7898639340011,14704,15294
18,90,30169,960,0.00011761010853069618,-0.00015315776587311418,836.2760919080544,-832.7279125437923,14557,15248
18,91,29972,959,0.00012943388692518006,-0.0005319609264868153,836.438596282978,-832.5592038240566,14487,15124
18,92,29764,957,0.00020193222776453422,-0.0005432774746800496,836.805855378368,-830.7955445511858,14358,15089
18,93,29521,955,0.0002651434078387495,-0.0007196602252771583,835.633086155994,-827.8057876131867,14276,14901
18,94,29277,953,0.0003347626650469073,-0.0005174888992605553,834.9087681791328,-825.1079216345561,14131,14809
18,95,29032,953,0.0004167849749955338,-0.0005587710471940216,833.9873902762705,-821.8872888821993,14008,14706
18,96,28758,953,0.0005567040491689486,-0.0004261432497419993,832.9754981237171,-816.9658030777175,13883,14564
18,97,28405,952,0.000585582246684321,-0.0006126539217694993,825.8850228682936,-809.251559151223,13724,14359
18,98,28042,949,0.0005680922517578081,-0.000499917897236366,817.9329438640053,-802.0025009402129,13543,14198
18,99,27668,945,0.0005921472378292346,-0.0007628145261971337,810.1870223469338,-793.803492570675,13373,14005
18,100,27280,945,0.0005524561430691818,-0.0005404162240461476,801.5250226311298,-786.4540190482024,13161,13808
18,101,26715,944,0.000591461115749409,-0.0008735185209081836,786.724074419527,-770.9231907122811,12876,13565
18,102,26128,939,0.0005973654884631008,-0.0008008700590581989,770.2086090770238,-754.6006435944605,12586,13265
18,103,25509,937,0.0005390976513433838,-0.0007717237391823669,752.6341834824639,-738.8823414943448,12254,12968
18,104,24808,935,0.0005061460706569194,-0.0007583198480198906,733.9644841540373,-721.4080124331797,11923,12609
18,105,22908,933,0.0004956112738658469,-0.0006451742354453733,679.4204354601791,-668.0669723984603,11002,11658
18,106,21019,925,0.0004534182228806085,-0.0005587116026193007,624.4446748524593,-614.9142772257326,10126,10649
18,107,19163,917,0.00038320765205049844,-0.000559353919813505,570.14708062118,-562.8036723849362,9221,9732
18,108,17345,917,0.00026984827185538916,-0.000736978489756543,516.3701949979808,-511.68967672264887,8352,8798
18,109,15532,915,0.00016357606372516625,-0.0010726739825449034,461.8678816923182,-459.327218270539,7475,7898
18,110,13732,908,-9.03822589148552e-6,-0.0011152695221900348,407.0881195303042,-407.2122324482463,6614,6980
18,111,11966,887,-0.0002495467651338119,-0.002666451336699547,352.56687886205043,-355.5529554536409,5743,6077
18,112,10278,884,-0.0003451316264970124,-0.0034026886072590283,303.94460553130017,-307.4918683884367,4946,5223
18,113,8609,880,-0.00032833310278841763,-0.0034682164231796286,256.3381775639387,-259.16479724584417,4137,4389
18,114,6969,870,-0.0003099734194520385,-0.00404534194110347,208.42819900959753,-210.58840376975886,3341,3561
18,115,5363,828,-0.00017530176396561537,-0.0023701079746580134,161.03047827461177,-161.9706216347596,2578,2744
18,116,3945,822,-0.0005177060500287619,-0.0031671484574642217,119.27722717598265,-121.31957754334583,1874,2031
18,117,2560,807,-0.0009056970539699036,-0.0037555576763799695,78.56625202818864,-80.88483648635167,1212,1321
18,118,1229,780,-0.0007334149194117666,-0.0031870175454268256,38.39631434267268,-39.29768127862971,579,638
19,0,65686,2013,0.0,0.0,0.0,0.0,0,0
19,1,64170,2013,0.00003995980812907294,0.000029120599876544725,200.48724019651522,-197.92301930887297,29041,29057
19,2,64009,2012,0.00004698155331908255,0.00003299787494357874,276.48363485408004,-273.47639260767824,29761,29834
19,3,63861,2011,0.000048187413816148826,0.000015412666866625618,332.7000996424678,-329.62280320875516,29884,30298
19,4,63720,2010,0.00004033242047187772,-0.000027648679612761236,380.24222210456554,-377.67224027209767,30151,30457
19,5,63587,2009,0.00003798957717797316,-0.000030295421470884733,423.6526420340408,-421.2369987900251,30169,30584
19,6,63485,2008,0.00004870682921454045,-0.00002219467250964432,463.0685294331144,-459.97637638042767,30252,30627
19,7,63312,2007,0.00004205114696438268,8.266140582939487e-6,498.1933883234812,-495.531046106869,30205,30682
19,8,63194,2007,0.000026856990076748476,-0.000036224156771619514,531.5390661690202,-529.841865538111,30230,30745
19,9,63069,2007,0.00002748176201346288,0.000012629310318284485,562.0463238371776,-560.3130765887489,30186,30735
19,10,62919,2007,0.00004409171634871645,0.00007245455935498131,590.9147847029025,-588.1405780019581,30238,30657
19,11,62775,2006,0.000012030511377121883,0.00010637119590414873,617.9972391592187,-617.2420238075215,30134,30768
19,12,62642,2006,-0.000018302182516721235,0.00016519926885751455,643.6995496846658,-644.8460350018785,30044,30767
19,13,62511,2006,-0.0000650412840235335,0.00018053172615022304,667.6737076749267,-671.7395033805218,30073,30785
19,14,62398,2006,-0.00009748723525082164,0.00017898486145982096,690.3052315522685,-696.3882400574506,29948,30802
19,15,62239,2006,-0.00018638278460785055,0.00016542605942591903,710.4742768031664,-722.0745549343746,29854,30779
19,16,62103,2002,-0.00025117141004857567,0.00014802213935037845,731.7541661149558,-747.3526641932008,29768,30809
19,17,61986,2002,-0.0003289348096657554,0.0001655731408856094,752.0144286332853,-772.4037817452269,29591,30933
19,18,61853,2000,-0.0004059737178659075,0.00016458142014310384,771.2819926874066,-796.3926850585655,29600,30830
19,19,61709,1998,-0.0004882950326468839,0.0001317375904520668,788.9531438241735,-819.0853419937777,29444,30887
19,20,61584,1996,-0.0005872973198581382,0.000016975257872357903,805.0195548544182,-841.1876730005603,29446,30727
19,21,61449,1996,-0.0006861005368379444,-0.00005393490644066398,820.4378508763273,-862.5980427644831,29355,30761
19,22,61302,1994,-0.0008063051706605767,-0.0001743292661713813,834.5486844671351,-883.9768040389697,29285,30760
19,23,61168,1994,-0.0009243390703121372,-0.0002783879037122474,848.5079450071487,-905.0479172599998,29102,30868
19,24,61019,1992,-0.0010376107981638456,-0.00042013701488297854,861.8705860644046,-925.1845593575639,28959,30826
19,25,60911,1988,-0.0011271905740229558,-0.0005019423672864138,877.7288270616477,-946.3871321159609,28863,30855
19,26,60765,1985,-0.0011896542031497833,-0.0005739135654748234,892.8525519086809,-965.1418895630762,28787,30828
19,27,60639,1985,-0.0012416957170298766,-0.0006540686891518598,908.1965197793527,-983.491706364327,28640,30828
19,28,60492,1984,-0.0012719470764635328,-0.0007680607372057528,923.3670030282182,-1000.3096255776517,28556,30750
19,29,60356,1983,-0.001372297266088962,-0.0009355783225998963,934.0288227193229,-1016.8551965113872,28557,30702
19,30,60194,1981,-0.001461365280478451,-0.001144914863987391,942.7488995419776,-1030.714321235099,28506,30637
19,31,59983,1977,-0.0015290687016781585,-0.0013159882569189424,951.5297773367602,-1043.247905269521,28361,30588
19,32,59846,1974,-0.001599933175715918,-0.0019107412754578023,960.5906407958083,-1056.3402416297035,28350,30437
19,33,59693,1974,-0.0016060304525071633,-0.001953423127048898,973.6364026288317,-1069.505178430341,28295,30367
19,34,59533,1973,-0.0015654761125944033,-0.0019340540640991712,988.8140690468089,-1082.0115584578907,28184,30307
19,35,59383,1970,-0.0015519175555460264,-0.0018324536936428547,1002.1921199991177,-1094.3496402001056,28188,30161
19,36,59204,1968,-0.0015451308167622533,-0.0020012106760324247,1016.3366809999886,-1107.8146058755808,28026,30206
19,37,59019,1963,-0.0015461554898196402,-0.002131162445854416,1029.1986316560722,-1120.451182509738,28050,29998
19,38,58823,1961,-0.0015618950292396682,-0.002258790548590766,1039.8636172865827,-1131.7389685915475,28032,29824
19,39,58633,1957,-0.0015377469477514916,-0.0023737019131845564,1050.8980638551504,-1141.0607806426606,27922,29731
19,40,58434,1954,-0.0015446719591847983,-0.00227011223474541,1060.531008630588,-1150.7923698935926,27856,29597
19,41,58195,1952,-0.0015570719936910473,-0.0022477030035942262,1069.5471327885741,-1160.1609374614195,27746,29533
19,42,57947,1948,-0.0015705766477504997,-0.0022148959915186243,1078.7482006468585,-1169.758405654058,27666,29337
19,43,57710,1946,-0.0016279125279129853,-0.002236248638205237,1087.1189915236573,-1181.0658235095157,27472,29351
19,44,57458,1942,-0.0015976681248558674,-0.0022913760473399236,1098.735299770159,-1190.534114888128,27349,29215
19,45,57193,1938,-0.0016205120355544166,-0.0024287809570456283,1108.7077336671732,-1201.3896785166346,27200,29089
19,46,56927,1935,-0.0016494693640624711,-0.0025396650419245337,1118.348750206392,-1212.2480926943788,26999,29052
19,47,56635,1930,-0.0016347867017247827,-0.002616512467153263,1128.3643699001998,-1220.9505147523835,26948,28828
19,48,56316,1926,-0.0016642846687399465,-0.0026189976292575,1136.6139606247386,-1230.3398160295,26784,28708
19,49,55967,1923,-0.0016822307851030289,-0.0024765154826229853,1143.5641961645176,-1237.713606514379,26555,28593
19,50,55611,1920,-0.0016950449446049812,-0.00239085526161162,1149.7076378361855,-1243.9707822506168,26402,28413
19,51,55236,1917,-0.0017271462050629407,-0.0022986655810688017,1153.1053879972924,-1248.5060357801487,26254,28228
19,52,54836,1910,-0.001764072811641443,-0.002385442804687799,1155.9757902966458,-1252.7104869958139,26078,28004
19,53,54400,1906,-0.001807875034517507,-0.002217386880342102,1156.5864926169072,-1254.934894494661,25908,27772
19,54,53945,1905,-0.0018756505525802166,-0.0021449515989397216,1156.0050273777777,-1257.1869964367165,25686,27468
19,55,53467,1900,-0.0019097743390759801,-0.0023007378925360574,1156.4475754629284,-1258.5574800503036,25528,27165
19,56,52873,1890,-0.0019403803825632667,-0.002450988472149306,1153.9327175903481,-1256.5264495576155,25225,26887
19,57,52248,1880,-0.0020350511636483995,-0.00292776570492217,1147.7002537929955,-1254.0276069912998,24961,26554
19,58,51546,1875,-0.002064659387472401,-0.002789048412281867,1141.3405950206209,-1247.7655278072716,24581,26243
19,59,50748,1870,-0.002179283364415298,-0.002996695926275702,1129.9182653279595,-1240.512537505308,24120,25885
19,60,49153,1863,-0.0021176523157151153,-0.00322796350196015,1100.1120291857676,-1204.200993460111,23413,25034
19,61,47588,1854,-0.002079617098037812,-0.0030128687556582414,1068.751743981745,-1167.7165624431684,22719,24181
19,62,46020,1839,-0.0020963283302263334,-0.002798395059108004,1035.6924087944155,-1132.1654385514305,22031,23359
19,63,44482,1832,-0.002090486234589839,-0.0027653353727491005,1004.675365035228,-1097.664373722255,21267,22574
19,64,42981,1827,-0.0020610328327221616,-0.0035147377660516518,975.0636855131818,-1063.6489376964116,20579,21795
19,65,41508,1820,-0.002006054728058798,-0.004291772336362454,945.794553986749,-1029.0618736390143,19900,21038
19,66,40062,1795,-0.0019061070649868167,-0.004248340683856803,918.9548429612606,-995.3173041987649,19207,20310
19,67,38667,1785,-0.001725044920108641,-0.004471332066516487,896.2942947874712,-962.9966067133143,18525,19639
19,68,37299,1776,-0.0015543477245496958,-0.004613658226399417,872.6355504809952,-930.6111662589714,17902,18889
19,69,35936,1764,-0.0013989152644031746,-0.004684598027683395,847.3676311999103,-897.639050141505,17254,18194
19,70,34599,1700,-0.0012182739859964587,-0.0036071293352287,820.9247964097348,-863.0758580512269,16656,17500
19,71,33377,1673,-0.0010885937861110427,-0.0039488085423283,797.4144342526318,-833.748429051659,16127,16833
19,72,32218,1635,-0.0009394463601607149,-0.003569054964922501,774.4205093075926,-804.687592139249,15584,16240
19,73,31121,1580,-0.0008466879612091312,-0.004121294840711032,750.9410049335861,-777.2907809743738,15037,15730
19,74,30118,962,-0.0006963270252798656,-0.000522466112344723,728.990576250673,-749.9625535980506,14531,15199
19,75,29918,958,-0.0007567793120793927,-0.0007060841023435496,728.3833178159218,-751.0246412747125,14446,15092
19,76,29719,957,-0.0008058729064178062,-0.0011345884741815254,728.0471192403123,-751.9968561461436,14341,15018
19,77,29507,955,-0.0007921189681487084,-0.00116040121782998,728.6342737397753,-752.007328132939,14254,14877
19,78,29263,953,-0.0007404392228330287,-0.0009804045046682517,728.9550988562615,-750.6225718340248,14140,14779
19,79,29014,950,-0.0006798330682766404,-0.0008611419250782521,729.6280227415297,-749.3526993845089,14033,14604
19,80,28767,950,-0.0006009213503779515,-0.0008570532796145904,730.2000895611774,-747.4867940474998,13900,14517
19,81,28495,950,-0.0004630140485295099,-0.0007353717731576117,731.0840840254116,-744.2776693382616,13820,14345
19,82,28140,949,-0.00029339990324776235,-0.0008566823425002054,728.7777385776068,-737.0340118549996,13670,14102
19,83,27780,949,-0.00018551784861082954,-0.0009189229854224013,725.4643916557052,-730.6180774901128,13508,13919
19,84,27412,943,-0.000053887916142443986,-0.001188302507346425,721.6266679235423,-723.1038434808383,13352,13707
19,85,27034,942,0.000041355987545890935,-0.0010332027304348983,718.0965160095371,-716.9784982422218,13164,13530
19,86,26477,942,0.00014672454805385774,-0.0012982495173629693,707.4651004008458,-703.5802745420222,12878,13281
19,87,25893,937,0.0001872010833765087,-0.0010239148518539156,694.1856253638753,-689.3384277120073,12574,12996
19,88,25270,934,0.0002291148732317594,-0.0006853458674365402,680.9550149262006,-675.1652820796362,12225,12741
19,89,24563,931,0.00022403159172949605,-0.0006972699091006567,665.8354191620969,-660.3325311744464,11849,12429
19,90,22680,928,0.0003648429181638841,-0.0004256958102862539,619.1028255157072,-610.8281881317504,10957,11476
19,91,20807,924,0.0005012733932241166,-0.00034166384259280995,571.6189004723468,-561.1889049795319,10072,10503
19,92,18956,917,0.0005627886325021204,-0.00018646219236102804,523.3581504130359,-512.6899290953259,9159,9561
19,93,17148,916,0.0005721964528880997,-0.00030824618847874344,475.23016929747257,-465.4181445233466,8249,8694
19,94,15352,911,0.0005355628988256744,-0.0007617170903144231,425.6991946836022,-417.4772330608307,7407,7767
19,95,13570,905,0.00042133876881330186,-0.00022143219413171432,375.74124883535694,-370.0236817425598,6554,6853
19,96,11824,885,0.00017332896755054686,-0.0016579227718855184,325.64937681953705,-323.5999351072192,5693,5985
19,97,10152,883,0.00014630551299764892,-0.0019093786845603257,281.09823255868827,-279.6129389907364,4904,5137
19,98,8501,877,0.00014457554418289756,-0.002229014477025449,236.8933849108235,-235.66434820972475,4096,4306
19,99,6875,869,0.00018061385532827727,-0.0028284734116539607,192.85060214509835,-191.60888188971626,3303,3495
19,100,5281,826,0.0002273335994387503,-0.001682615066258766,148.77938615746524,-147.57883741882907,2507,2705
19,101,3878,822,-0.0001618370290004827,-0.002680750932422759,110.01007409588557,-110.63767809434948,1833,2002
19,102,2511,805,-0.000535264634588126,-0.0035366115365064645,72.17387725939172,-73.51792675684254,1176,1306
19,103,1203,771,-0.00055393340528733,-0.0028067518150846826,35.13722322564415,-35.803605112204856,558,635
20,0,63235,2001,0.0,0.0,0.0,0.0,0,0
20,1,62214,2001,-0.00007678432442152753,-0.00007649846073114723,193.96197358604377,-198.7390335456047,27801,28565
20,2,62017,2001,-0.0001447454026063824,-0.00011752856481579631,267.930114846717,-276.90679048015664,28341,29470
20,3,61858,1999,-0.00024073946077562454,-0.00019984312751838184,322.63870278786726,-337.5303643525242,28428,29934
20,4,61687,1994,-0.0003230256415642272,-0.00021137345049546913,368.9292262257858,-388.8557089769589,28524,30165
20,5,61531,1992,-0.00041552660806749175,-0.0003061535374581888,408.3568538797248,-433.92462160072694,28391,30445
20,6,61368,1992,-0.0005114689904564055,-0.0004092860496948333,444.58516369175334,-475.9729926980821,28351,30591
20,7,61235,1991,-0.0005937796022633108,-0.0005151968745972403,477.2515233419645,-513.6116172865571,28346,30646
20,8,61066,1986,-0.0006981102324068576,-0.0006893738758808704,506.3449951865773,-548.9757946387348,28421,30525
20,9,60923,1986,-0.0007733325638592977,-0.0007986961941122073,534.1123294014004,-581.2260691894,28382,30588
20,10,60767,1985,-0.0008609515199082739,-0.00091677017249951,560.0156740973648,-612.333115107633,28339,30480
20,11,60612,1984,-0.0009256323139808129,-0.0010092842971627905,585.4779772446948,-641.5824030596989,28368,30424
20,12,60498,1983,-0.0009834060392151665,-0.0010967395936000261,609.5738875856223,-669.0679861460636,28242,30515
20,13,60334,1982,-0.0010651374614609088,-0.001223712308293741,630.2506206478204,-694.514624247602,28082,30530
20,14,60174,1978,-0.0011298275251298336,-0.0014137500606616529,650.7862348245328,-718.7724763216956,28117,30456
20,15,60014,1978,-0.0011852888416833656,-0.0015590260029707012,671.3547518210505,-742.4886763658351,28098,30371
20,16,59824,1974,-0.001227082246939331,-0.0016732341137937424,690.2082654735839,-763.6172338144812,28083,30181
20,17,59644,1972,-0.0012584124810991087,-0.001872515029660088,709.5973474994478,-784.6541015221247,28098,30115
20,18,59478,1972,-0.0012809036173825397,-0.0019584294256360405,728.0124028026305,-804.1979881573084,28030,29991
20,19,59317,1969,-0.0012793225022536938,-0.002038548098622386,748.0164933654481,-823.902066231627,28051,29922
20,20,59125,1967,-0.001276577523624417,-0.0020265540313545135,766.4676800863334,-841.9453261706267,28001,29771
20,21,58924,1963,-0.0012923615569026688,-0.002139564286608461,784.164047214202,-860.3151595931328,27920,29701
20,22,58727,1956,-0.0013052192453146098,-0.0021572324060021384,801.2044066992466,-877.8560173188373,27808,29617
20,23,58548,1955,-0.001318089887622782,-0.0021957955383962668,817.9807953317011,-895.1523220722388,27811,29487
20,24,58340,1952,-0.0013060189445627693,-0.002300615146806136,834.5915607074719,-910.7847059332643,27802,29335
20,25,58127,1947,-0.0013085908659615053,-0.0022755571124670635,849.7724955963017,-925.8369568620483,27757,29235
20,26,57906,1944,-0.001314977457903468,-0.0023482912436369814,864.5390899643688,-940.6841746417279,27651,29133
20,27,57630,1940,-0.0013434660040822035,-0.0022503189767294055,877.2073651504022,-954.6313109656627,27568,28989
20,28,57374,1939,-0.001365128028870656,-0.002335544720463101,891.1284013631885,-969.4512568916117,27439,28887
20,29,57088,1933,-0.001399717876953667,-0.0024975433168582784,902.8214946563313,-982.7285888158605,27295,28785
20,30,56822,1930,-0.0014684145269028654,-0.0027234388859986463,914.6065589264823,-998.0448091741578,27156,28642
20,31,56571,1929,-0.0015151015718136939,-0.0027995035748235647,927.5395601800658,-1013.2503711991368,27025,28535
20,32,56293,1926,-0.0015528583259862324,-0.0027672010286731536,939.3907482538309,-1026.8058019985717,26807,28573
20,33,55945,1924,-0.0016008058121378653,-0.002808057754441875,949.9433138946382,-1039.5003950546884,26660,28337
20,34,55594,1918,-0.0016431454739128438,-0.002658303526579028,960.4012391100915,-1051.7502685867996,26473,28170
20,35,55240,1915,-0.0016925317391189114,-0.002772987142516194,970.0659415446937,-1063.5613948136227,26341,27997
20,36,54866,1911,-0.001731544211524083,-0.0026631997026446727,978.4649276491454,-1073.4678323586272,26136,27835
20,37,54447,1905,-0.0018127376373575101,-0.0027989167639462745,982.5691750918361,-1081.2673012330395,25844,27746
20,38,54013,1900,-0.0018966017912627373,-0.0024494232482991387,985.2020436545348,-1087.6431962060115,25574,27578
20,39,53544,1894,-0.0019980226426602986,-0.0023452883731793343,986.4872922323241,-1093.469416610928,25377,27331
20,40,53079,1888,-0.0021008626752787945,-0.002387715876608374,988.4726565629466,-1099.9843465040683,25147,27130
20,41,52499,1881,-0.0022027739723718175,-0.002611576231414251,987.575063151904,-1103.218493927453,24877,26833
20,42,51867,1873,-0.0023171931341281864,-0.003251054104226643,985.9054415561098,-1106.0912978439383,24546,26577
20,43,51171,1866,-0.00242396950392989,-0.003367765513973203,981.9491239188515,-1105.9860674044476,24187,26254
20,44,50367,1861,-0.0025404417582974245,-0.0036683494786847264,975.1289061258466,-1103.0833361660104,23795,25851
20,45,48790,1857,-0.0025217318730786638,-0.003975303884931702,952.9789606840006,-1076.0142587715093,23054,25065
20,46,47232,1847,-0.002490211872989432,-0.003886423230916688,929.5509110200207,-1047.1685982050556,22419,24148
20,47,45702,1832,-0.0025187453738153465,-0.003713563399420495,904.1658736163847,-1019.2775746904936,21693,23359
20,48,44191,1825,-0.002535167951994168,-0.003925808460456452,878.111655803726,-990.1432627703022,20981,22587
20,49,42707,1820,-0.002531469133175153,-0.004462142974242035,852.0337433288212,-960.1451955993325,20313,21762
20,50,41240,1813,-0.0025005220255709852,-0.005205868167597189,827.0470126073681,-930.1685409419136,19595,21062
20,51,39799,1789,-0.0024720676358764957,-0.0047824845331529186,802.1748903932767,-900.5607102335258,18893,20332
20,52,38405,1776,-0.0024196665689502697,-0.004881627681994351,779.3623451872918,-872.2896397678257,18255,19619
20,53,37042,1769,-0.002277904305161454,-0.005079821126767246,758.4830774443222,-842.8612087161137,17649,18868
20,54,35688,1759,-0.0021780488696562746,-0.005387908438523554,735.9881477588549,-813.7183558191477,17078,18107
20,55,34355,1688,-0.0020171192068684555,-0.0048376694841222485,713.0352637953316,-782.3333941472961,16460,17387
20,56,33141,1664,-0.001856753216334782,-0.00509938029186409,694.1206309330215,-755.6552892755727,15919,16768
20,57,31973,1623,-0.0016440687086678501,-0.004616458598694628,676.0229235473521,-728.588732369591,15374,16128
20,58,30881,1571,-0.0014333733867899856,-0.005051842385533176,659.2511450639482,-703.5151486214112,14928,15537
20,59,29894,960,-0.0011613930825035259,-0.0011168986851577396,643.9076923605469,-678.6263771689087,14508,14989
20,60,29691,956,-0.0011637643899834716,-0.0011096593494604528,646.2988026172022,-680.8521311202023,14363,14911
20,61,29484,954,-0.0011951161229722597,-0.0014760994175058348,648.4678848434011,-683.7046886131163,14235,14852
20,62,29264,953,-0.0011728875867830948,-0.0015248125420458734,650.80305763733,-685.126439976951,14052,14792
20,63,29017,951,-0.0011945199073178203,-0.0017322529190870787,651.2845642852075,-685.9459484358488,13890,14744
20,64,28770,950,-0.0012053261844664216,-0.001694613624073739,651.979419050488,-686.6566533775876,13780,14627
20,65,28507,950,-0.0011641574718633787,-0.0018900928229649535,652.8292285503488,-686.0158656007587,13648,14462
20,66,28217,948,-0.0010961438056950677,-0.0018050587297829938,653.2368092859853,-684.1666990512823,13500,14343
20,67,27859,946,-0.0010073902269476392,-0.002086751312236918,650.6624236009659,-678.7273079334987,13342,14148
20,68,27491,946,-0.0009430431403611509,-0.0022778637591864886,646.8803112960106,-672.8055102676793,13194,13950
20,69,27132,942,-0.0008694142348538318,-0.002185357815565545,642.8044900602936,-666.3934370803476,13068,13742
20,70,26760,941,-0.0008211427226734224,-0.002291653565908064,639.1771623972027,-661.1509416559451,12822,13600
20,71,26203,941,-0.0007741815853391948,-0.002578988772487445,628.5008974414901,-648.7867775221332,12528,13359
20,72,25619,937,-0.0007465752106521234,-0.0024967684307141465,616.4062043252231,-635.5327146469185,12257,13042
20,73,24987,931,-0.0007476976331279994,-0.0022672740851395947,603.8824852671656,-622.5652060261355,11902,12761
20,74,24266,930,-0.0008034821393937716,-0.0024661732423278504,589.6530015051325,-609.1502990996629,11539,12428
20,75,22400,925,-0.0007713392091578729,-0.002411615576175953,546.8781323220124,-564.1561306071494,10647,11486
20,76,20544,922,-0.000739294811327547,-0.0026020785638836454,503.76872617694175,-518.9567987808546,9753,10514
20,77,18717,916,-0.0006890903492408522,-0.0026362651600609,461.7644096498938,-474.6621137166347,8901,9607
20,78,16934,915,-0.000650983139269725,-0.0025436219982339216,420.29864343581124,-431.3223919162048,8017,8715
20,79,15162,910,-0.0006439077573591589,-0.0031019096682656424,378.17692780200576,-387.9398572190852,7175,7784
20,80,13400,902,-0.0006889859186721761,-0.002617019911041815,334.94741055579425,-344.17982186600074,6341,6897
20,81,11671,883,-0.000839463437643224,-0.002609107924328298,291.8242674791382,-301.62164525987225,5496,6026
20,82,10023,880,-0.0009921075988016993,-0.003291873678008409,251.28711439108307,-261.2310088538723,4687,5219
20,83,8394,876,-0.0011273386479667153,-0.003569692667336341,211.20729541689076,-220.67017602792345,3911,4382
20,84,6779,866,-0.0011587169972370262,-0.004054763826773154,172.08337401802297,-179.9383165422926,3152,3539
20,85,5201,822,-0.0013854832540660309,-0.003352910599296019,132.31407775989868,-139.51997616429625,2411,2732
20,86,3816,813,-0.001894532006547458,-0.004516723290914779,97.81890117596997,-105.04843531295498,1753,2022
20,87,2469,798,-0.0023942580078403835,-0.005257215971041495,64.13311517535713,-70.04453819671502,1113,1326
20,88,1178,762,-0.002510577453553778,-0.004341331370108412,31.29760020515709,-34.25506044544339,534,632
21,0,60401,1974,0.0,0.0,0.0,0.0,0,0
21,1,59870,1974,5.445730645632959e-7,-0.000029025729679524577,190.68927003058818,-190.65666644121265,27108,27249
21,2,59637,1972,-5.221671472704476e-7,-0.00004370737477154599,265.382834461933,-265.41397494409426,27686,27852
21,3,59439,1970,-6.1719743871957585e-6,-0.00011266487674218356,322.5539037517091,-322.92075973730874,27891,28218
21,4,59244,1967,-2.4515831779662357e-6,-0.00020606476549472717,370.53385813089,-370.6790997246853,27952,28424
21,5,59047,1963,0.000010886746623381183,-0.00019498162495843125,414.12871166135005,-413.48588193347933,27963,28452
21,6,58831,1961,-3.2737598308671903e-6,-0.0002242598601843726,451.92054427653414,-452.11314284114377,28075,28466
21,7,58632,1954,-0.00003942033793048412,-0.00028293568072653856,486.2275234536107,-488.5388167071509,28114,28421
21,8,58407,1952,-0.00008387861385018357,-0.0003409154890448019,516.3679088585948,-521.2670070577431,27975,28496
21,9,58196,1949,-0.00011934546021665546,-0.00036821569766892304,543.480280724484,-550.4257091272528,27925,28402
21,10,57964,1943,-0.00016873439739489547,-0.00045919071709245844,568.987629991182,-578.7681506017796,27832,28349
21,11,57733,1939,-0.00023051858090592452,-0.0004800067722802681,592.2114592685674,-605.5199885000088,27741,28329
21,12,57471,1936,-0.0003049454039235702,-0.00043400547536797643,613.0309365925805,-630.556453901474,27613,28266
21,13,57207,1935,-0.00035014799923937064,-0.0004905341081770248,634.4188341811828,-654.449750773672,27459,28240
21,14,56914,1931,-0.00039587368983222176,-0.0005599058752013111,653.6768613960916,-676.2076165792015,27385,28071
21,15,56641,1926,-0.000482626368382061,-0.0006485639341173287,671.9443023151193,-699.2807424466463,27266,27994
21,16,56356,1925,-0.0005540090698787835,-0.0007914613732589737,689.1625379668063,-720.3842731088948,27127,27886
21,17,56057,1923,-0.0006208380903627611,-0.0007998636154832546,704.9974060443539,-739.7997268758188,26904,27873
21,18,55728,1920,-0.0007019322045552095,-0.0008602837235258889,719.7013041965258,-758.8185820919786,26769,27755
21,19,55358,1915,-0.0007659172054231843,-0.000863040638235976,734.1944378299146,-776.5940824877309,26647,27530
21,20,54996,1910,-0.0008180000395959124,-0.0010007086624788197,749.0407208540526,-794.0274510316688,26444,27358
21,21,54629,1905,-0.0008630986402140735,-0.000918194033987369,762.8220403893097,-809.972256005565,26219,27279
21,22,54204,1901,-0.0009119610012149508,-0.0009633547864279341,775.1788534004673,-824.6107875103218,25999,27082
21,23,53762,1895,-0.0010017467175076637,-0.0010542410401439962,784.7739394382089,-838.629846464853,25782,26976
21,24,53293,1889,-0.0011050939781102147,-0.001101154452258003,792.6080651200945,-851.5018384955234,25582,26682
21,25,52814,1883,-0.0011724554830046833,-0.0010778966125172106,802.5240082452967,-864.4460721247061,25371,26528
21,26,52221,1877,-0.0012466366391001625,-0.0011059488955711962,810.0310755754958,-875.1316875059443,25024,26234
21,27,51602,1870,-0.0013419036573253783,-0.0012546591661908163,815.6359767756079,-884.8808893009151,24669,25949
21,28,50896,1863,-0.001453302543233156,-0.0013702931185110795,818.7946640705902,-892.7619503109875,24408,25601
21,29,50095,1858,-0.0016046422313368113,-0.0014204596009257083,817.2179613643523,-897.6025139431692,23983,25269
21,30,48525,1853,-0.0016928549580020086,-0.0017501960597580512,801.0698192789873,-883.215606116034,23220,24512
21,31,46974,1845,-0.001769521462308049,-0.001814290169560891,783.2182192198985,-866.3397203903586,22440,23731
21,32,45443,1826,-0.0018732909129903009,-0.001738838602478199,764.1445028346453,-849.2724617936655,21647,23002
21,33,43949,1821,-0.0019588024722824583,-0.0018523923458824095,744.873890072105,-830.9612999264484,20940,22259
21,34,42471,1814,-0.0020504063865337224,-0.0025428882209291856,725.2828994855967,-812.3657091280702,20260,21490
21,35,41017,1808,-0.0021492939982519703,-0.00327341090005138,704.4462143471094,-792.6038062734085,19597,20739
21,36,39572,1782,-0.0022059044750201355,-0.0032510642819248733,684.7245670645957,-772.0166189500943,18889,20040
21,37,38186,1771,-0.0022249158760442676,-0.0034596041398077277,666.6425120098997,-751.6031496525285,18207,19356
21,38,36824,1764,-0.0022032241987054624,-0.0036962801021883543,649.3045698009346,-730.4360976940653,17568,18679
21,39,35487,1751,-0.0021633511539759036,-0.00391196705990247,631.9052257784298,-708.6760681795732,16889,18019
21,40,34158,1684,-0.0021044298107636265,-0.0033244281438123864,612.833754805847,-684.7168682819114,16229,17388
21,41,32956,1660,-0.002064307864194294,-0.0037480748153254596,596.094445309176,-664.1257752815629,15659,16786
21,42,31802,1619,-0.0019623992757285464,-0.003285016159312156,580.338510928765,-642.7467326954842,15103,16173
21,43,30729,1566,-0.0018472841962979944,-0.0036398803660754697,566.3676158277048,-623.1328118957457,14667,15603
21,44,29746,958,-0.001697654606757066,-0.0012032673584840793,554.0266018140067,-604.5250357466018,14221,15077
21,45,29540,954,-0.001722087527185337,-0.0011478985615472929,557.0125510766667,-607.8830166297228,14085,15026
21,46,29335,953,-0.001738500991414094,-0.0014875901610481106,560.0345315466832,-611.0334581298174,14013,14894
21,47,29107,953,-0.0017060607855203175,-0.0016186478870409365,563.0549279194216,-612.7132392035603,13865,14797
21,48,28855,951,-0.001698618579556675,-0.0017245393799107357,565.1145273427413,-614.1281664558495,13728,14702
21,49,28595,949,-0.0016755179074489613,-0.001671779405183799,567.2858107649078,-615.197245328411,13540,14638
21,50,28337,949,-0.001629548157843847,-0.002015668774218166,569.7935550604948,-615.9700612093163,13455,14492
21,51,28047,948,-0.0015387235677328172,-0.001987532397928354,572.436103868456,-615.5926837726579,13346,14306
21,52,27685,946,-0.0013790632969491435,-0.0019545525591709062,573.369715396989,-611.5490827730265,13156,14142
21,53,27313,945,-0.0012715234017494578,-0.001976598004855207,571.9359800358918,-606.665098707875,12970,13947
21,54,26945,942,-0.0011499189811212136,-0.0015883744021992561,571.0088454656418,-601.9934124119543,12806,13748
21,55,26567,941,-0.0010564401857090593,-0.001808951167754249,569.7527406635575,-597.8191870772898,12667,13542
21,56,26000,940,-0.0009476880592876955,-0.001731744629474172,562.6844362446969,-587.3243257861764,12394,13261
21,57,25406,934,-0.0009048952081697702,-0.0017790650462057352,553.3776519127018,-576.3674195714632,12053,12989
21,58,24767,930,-0.0008622239209189625,-0.0012483950151645398,543.5588319788125,-564.9135318282126,11769,12666
21,59,24040,929,-0.0008456408489613658,-0.0012827597393558817,532.1559199089714,-552.4851259180037,11457,12277
21,60,22190,925,-0.0007755015992427572,-0.0012088073677142014,494.44852481399755,-511.6569053011947,10562,11335
21,61,20350,922,-0.0008069937885779722,-0.0018651461578263987,455.26300846323784,-471.68533206079996,9688,10398
21,62,18535,913,-0.00084670445022083,-0.0020128902410247304,416.5511962062332,-432.24486319107655,8817,9483
21,63,16766,911,-0.0008694953414890316,-0.002086545911502768,378.8452064389703,-393.42316533437634,7952,8631
21,64,14998,908,-0.000941170904999461,-0.002420549590862032,340.24270306042405,-354.3583842936064,7117,7689
21,65,13246,899,-0.0010197134578391856,-0.0020091004382510012,301.82693482157134,-315.33405928410923,6244,6822
21,66,11529,880,-0.0011428193644905894,-0.002121939690919482,263.51274143830216,-276.68830589151423,5434,5935
21,67,9893,877,-0.0012861653327090683,-0.0025827812772896397,227.20739066247003,-239.9314242989606,4637,5130
21,68,8273,873,-0.0014380684496531002,-0.003037660730274529,191.10166474193545,-202.99880502591554,3855,4305
21,69,6672,863,-0.001682154461634353,-0.00373698155655244,154.22494079985486,-165.4482753678795,3088,3483
21,70,5112,816,-0.0019617335377044667,-0.003926715454236633,117.71615227080858,-127.7445341155538,2352,2698
21,71,3749,811,-0.0023883411093354578,-0.004318588298781306,86.94316759060213,-95.89705840950076,1719,1980
21,72,2418,793,-0.002877950219617611,-0.005022977424357893,56.70040047002274,-63.65928410105808,1104,1282
21,73,1153,754,-0.0029143349260698885,-0.004206577408686469,27.69719673020201,-31.0574248999606,517,618
22,0,56660,1925,0.0,0.0,0.0,0.0,0,0
22,1,56386,1925,-6.055785650520313e-6,0.000024296733757318915,184.37593339181592,-184.71739492150513,25464,25889
22,2,56052,1922,-0.00005876468246290662,-0.00003907086377858517,255.68258389455562,-258.9764618759666,25659,26773
22,3,55688,1918,-0.00012184531337610299,-0.00015804338811828623,308.67031966965345,-315.4556414809418,25817,26927
22,4,55309,1911,-0.0001893683094998854,-0.00019598483909092783,352.9559005600529,-363.4296723901824,25623,27180
22,5,54928,1908,-0.0002603732981530811,-0.0002660836216719514,391.16353520182724,-405.46531972277916,25373,27343
22,6,54543,1904,-0.00028907562455567196,-0.000216250470062514,426.23664996740735,-442.003701757547,25319,27236
22,7,54106,1899,-0.0003352358537866235,-0.00022615182799243333,457.1125433848901,-475.25081448986913,25120,27171
22,8,53648,1893,-0.00042227438011232117,-0.0003190728493067401,482.66348478930496,-505.31766073357056,24933,27026
22,9,53176,1887,-0.0004913014886797016,-0.00034225072950215974,505.5235710899212,-531.6490190519532,24789,26830
22,10,52684,1883,-0.0005682955042735459,-0.0004163989234278307,526.2870698620654,-556.2271502092124,24487,26670
22,11,52083,1876,-0.0006703144720396692,-0.00044669650868096097,542.7690817101131,-577.6810703573533,24278,26362
22,12,51442,1866,-0.0007746745474232771,-0.0005789584815055882,558.1689245981104,-598.0197326666583,23931,26197
22,13,50748,1861,-0.0009243723162085697,-0.0006655238198893893,570.871413491137,-617.7814597940901,23596,25860
22,14,49946,1856,-0.0010812837584665814,-0.0007423552116559647,580.084064732659,-634.0898633330306,23151,25522
22,15,48388,1853,-0.0012053537007114788,-0.0008513382674592432,577.9194379692814,-636.2440928393099,22515,24739
22,16,46840,1841,-0.00134630021685301,-0.0010397878893093748,572.3348738802573,-635.3955760376515,21748,23985
22,17,45301,1824,-0.0014731421094257102,-0.0010135880211458023,567.054199378732,-633.7890100778255,20972,23303
22,18,43807,1819,-0.001576966351742071,-0.001059141882062867,560.78323075185,-629.8653957226161,20284,22558
22,19,42320,1812,-0.001731445199042877,-0.001590309837676037,550.2041726582352,-623.4789334817286,19589,21833
22,20,40851,1806,-0.0018744007234799964,-0.0018463297731214966,539.9299237951019,-616.5010677499813,18918,21103
22,21,39404,1777,-0.0020427011184743285,-0.0018733033531380834,528.5450589022823,-609.0356537746466,18221,20407
22,22,38027,1768,-0.0021567070608289533,-0.0021025191373794825,518.6105679169499,-600.6236673190933,17545,19679
22,23,36675,1758,-0.002205394678798738,-0.002227470243051564,509.5119797162458,-590.3948295611881,16969,19009
22,24,35341,1744,-0.0023026657743267422,-0.0023690151394698293,498.1160302697626,-579.4945414002442,16325,18305
22,25,34019,1676,-0.0023787606916029556,-0.0022026902754355157,485.3318461278922,-566.2549060955353,15691,17642
22,26,32826,1652,-0.0024472269970734497,-0.002499979192413273,474.29506495490773,-554.6277383608432,15115,17053
22,27,31682,1613,-0.002467297040347966,-0.0022964782639656096,464.55133509669406,-542.720239928999,14639,16406
22,28,30604,1561,-0.002464482658329525,-0.0023007924241357568,454.85934151853957,-530.2823687940578,14145,15878
22,29,29620,957,-0.0024732238256357356,-0.001889324052764545,445.7853810896429,-519.0422708049723,13764,15311
22,30,29404,954,-0.0025075118526828267,-0.002109826185208036,451.0407490108535,-524.7716275271391,13655,15190
22,31,29192,953,-0.002533512727428999,-0.0024180524464040495,456.22348940764334,-530.1817929467502,13574,15114
22,32,28968,952,-0.0025155549547449803,-0.0024003056173742114,461.08174350806644,-533.9523394371196,13442,15051
22,33,28714,950,-0.0025591281571727773,-0.0025087228011695553,464.5720125057496,-538.0548184108098,13304,14941
22,34,28454,949,-0.0025895414676112205,-0.0023328197245529856,467.8797422401899,-541.5625551595992,13197,14794
22,35,28198,945,-0.0026067559021552326,-0.002625487706473748,470.92237094168195,-544.4276738706534,13066,14686
22,36,27921,945,-0.0025659500707052767,-0.0025021367164372787,474.18234178924587,-545.8262337134084,13016,14457
22,37,27564,943,-0.0025297397503692906,-0.0027854716594082024,475.10536864063437,-544.8351151198134,12908,14249
22,38,27203,943,-0.002517425521056826,-0.0028643613681834483,475.57527869273497,-544.0568051420444,12705,14069
22,39,26830,942,-0.0025145267126336374,-0.003091376948152222,475.1294726354957,-542.5942243354554,12569,13855
22,40,26438,940,-0.0025066050139067723,-0.0030303587919745145,475.18457293454367,-541.454196292211,12372,13683
22,41,25866,938,-0.0025474822093099593,-0.0032389961390874634,468.3689526263851,-534.2621274523972,12011,13464
22,42,25267,934,-0.002551271592219019,-0.0032106362934376017,461.5462852965882,-526.009264617186,11654,13222
22,43,24614,929,-0.0026218715252438046,-0.003060025032807235,452.73434695185665,-517.2690926742074,11351,12895
22,44,23873,928,-0.002689322758642886,-0.0031019612574291425,443.31811970943465,-507.52032192651683,10924,12590
22,45,22032,925,-0.002711025876284268,-0.0031951240817416726,412.9402212139148,-472.6695433202097,10110,11614
22,46,20201,920,-0.0027729060130379634,-0.0034506857410459995,381.58194799104484,-437.59742236042507,9221,10675
22,47,18394,911,-0.0028143781850109464,-0.003975430259404626,350.68306146983224,-402.4507338049241,8403,9721
22,48,16626,910,-0.002822224708417877,-0.003996196661921247,320.53504260033566,-367.4573506024913,7604,8783
22,49,14869,907,-0.002802721581772144,-0.004376783556054554,289.2492830473216,-330.92295024669113,6805,7838
22,50,13124,896,-0.0027843108257659226,-0.00392480052568247,257.8562133542051,-294.39750863155757,5977,6961
22,51,11418,878,-0.0028416281168709393,-0.0038272037256904447,226.1317013521522,-258.57741119058426,5161,6076
22,52,9790,876,-0.0030283085773609233,-0.004532163550759881,194.7905363094049,-224.43767728176792,4404,5232
22,53,8183,872,-0.0032065862254151336,-0.004904693065922964,163.8219513703833,-190.06144645295495,3660,4408
22,54,6595,861,-0.0033294971602087432,-0.005504182775056485,132.28322595713684,-154.2412597287134,2947,3548
22,55,5047,812,-0.0034883305068388374,-0.005092419085342757,101.31577365226175,-118.92137772027745,2230,2734
22,56,3694,804,-0.003771686220578357,-0.005480860746852991,74.76997248955297,-88.7025813883694,1627,2012
22,57,2378,786,-0.003986927060110227,-0.005856635091940775,49.141650709057615,-58.62256325799981,1047,1287
22,58,1133,748,-0.0037272436758024846,-0.0052070561805691385,24.148523237671746,-28.371490322355978,494,619
23,0,46965,1841,0.0,0.0,0.0,0.0,0,0
23,1,46844,1841,-0.00018392745260489894,-0.0003441138309912269,151.2090583288416,-159.82495591866558,21147,21580
23,2,45288,1824,-0.00034556881551961666,-0.0005396048878287177,203.4752130537491,-219.12533357100168,20816,21569
23,3,43788,1819,-0.0004418698621938597,-0.0006725366763840506,239.03093567288468,-258.37953319862936,20388,21124
23,4,42287,1811,-0.000517392489762273,-0.0008519811725106562,264.77503576851285,-286.6540119830896,19714,20636
23,5,40823,1805,-0.0006216311207489178,-0.001076571540123541,284.3777743397074,-309.7546215820408,19119,20029
23,6,39380,1777,-0.0007413838967013237,-0.0012367374260340903,298.9913909510678,-328.18708880316564,18521,19453
23,7,37994,1768,-0.0008242777947921212,-0.0015549713941351972,309.81134710020814,-341.1289576355396,17906,18793
23,8,36625,1758,-0.000834875180160433,-0.0015617343119954613,318.36278927848235,-348.94009275185823,17250,18117
23,9,35282,1742,-0.0008360495571065989,-0.001691597506759304,324.8000535818245,-354.2975540556594,16702,17521
23,10,33967,1675,-0.0008310667950900436,-0.0016723477585674671,328.46827238690605,-356.6971182157299,16139,16835
23,11,32767,1649,-0.0008547122363293174,-0.0018512816994300592,330.9493393396029,-358.95569518740615,15603,16262
23,12,31620,1612,-0.0008403506843277357,-0.00178945924218291,333.53521641327654,-360.10710505171977,15082,15662
23,13,30535,1561,-0.0008066922045178561,-0.0018618659734508428,335.4998337819588,-360.1321802469106,14637,15146
23,14,29546,957,-0.0007335783648720114,-0.0007511969379528101,336.66980379652523,-358.3441101650337,14177,14644
23,15,29324,954,-0.0007313305288053836,-0.0008471629925975619,346.807481216853,-368.2530176435428,14061,14545
23,16,29105,951,-0.0007583604552897302,-0.0009048405221869843,356.16477296808466,-378.23685401929237,14025,14415
23,17,28883,951,-0.000769393037435267,-0.0009550712060612316,364.31861064384356,-386.54098974408686,13915,14317
23,18,28626,949,-0.0008288937963679357,-0.0010468893085412863,371.76219985024693,-395.4901136650764,13693,14277
23,19,28371,947,-0.0008641104448878212,-0.0012048864235137094,378.7920902963439,-403.3077677282561,13595,14196
23,20,28113,945,-0.0008857357177621406,-0.001318009727753225,385.12799669030375,-410.0286849237507,13437,14061
23,21,27825,945,-0.0008537978342968232,-0.001218685158297826,390.8815267189239,-414.63845145823336,13398,13881
23,22,27462,943,-0.0008195579348650593,-0.0012553307258860089,395.0363936740374,-417.5430936813001,13260,13717
23,23,27096,943,-0.0008294023989121415,-0.0013398787662902444,398.2502138770292,-420.72370127795244,13035,13556
23,24,26720,940,-0.0008237445363710895,-0.0015662567173969643,401.4570717381186,-423.4675257499548,12872,13380
23,25,26333,940,-0.0008043937576826236,-0.0017075816959585773,404.7863190979381,-425.96841991899447,12664,13189
23,26,25751,938,-0.0007726433874106001,-0.0018880893743755684,403.06939773602227,-422.9657376052322,12426,12897
23,27,25148,934,-0.0007656437939673404,-0.0016096025550881724,400.5174687502026,-419.77187888089367,12130,12570
23,28,24488,928,-0.0007954979800299249,-0.001572286097383686,396.09846781181744,-415.5786223467911,11822,12232
23,29,23738,928,-0.0008290979411723616,-0.0017341747939820624,389.796082270085,-409.4772091976333,11415,11898
23,30,21898,924,-0.0009161268910840387,-0.0017412032145601682,363.50016612337873,-383.56151278433714,10499,11051
23,31,20068,920,-0.0010463177861691167,-0.0021218465378553316,336.31547379948825,-357.31297913233055,9615,10115
23,32,18265,909,-0.001207185102208834,-0.0028540825462551,309.19064261498613,-331.23987850683034,8665,9282
23,33,16501,908,-0.0012597836874029913,-0.003152375200648557,282.6880447170762,-303.47573534291166,7784,8444
23,34,14748,905,-0.0012633263308928437,-0.0030705219651997874,256.08493145700396,-274.71646818501245,6952,7562
23,35,13009,895,-0.0013413080646600963,-0.002788032799406712,227.83625096621228,-245.28532757937538,6154,6650
23,36,11314,877,-0.001547698215453512,-0.0029190120984949434,199.27912169741592,-216.78977930705716,5323,5798
23,37,9698,876,-0.0018645565698361896,-0.0035567491125720343,170.87708744203337,-188.95955705630496,4524,5019
23,38,8100,870,-0.0021876667608536128,-0.0037748906309644495,142.57724165421916,-160.2973424171331,3743,4227
23,39,6522,861,-0.0024217590910906,-0.0043525657939433695,114.73888583066908,-130.5335986227619,2998,3438
23,40,4986,808,-0.002808562679851453,-0.004290879028840106,86.96102699328272,-100.964520515022,2261,2644
23,41,3648,800,-0.003209468689697236,-0.004514873915501665,64.33979174409191,-76.04793352410744,1647,1939
23,42,2344,781,-0.0036692005235473093,-0.005441042283342344,41.72958216987791,-50.33018819707279,1053,1261
23,43,1115,741,-0.003694735715409624,-0.0056429416563629105,20.36666295247402,-24.48629327515573,498,599
24,0,29142,951,0.0,0.0,0.0,0.0,0,0
24,1,29118,951,-6.43364322034471e-6,-0.0000592934207463726,94.24381435796576,-94.43114918125595,13225,13225
24,2,28885,951,9.120292336467094e-6,-0.00008135988425351009,131.37704353433233,-131.11360389019367,13320,13634
24,3,28619,948,-0.000048825157075868216,-0.00015861352937855252,159.49131976289644,-160.888646933251,13348,13732
24,4,28353,947,-0.00008730335267560043,-0.00025875435285850086,183.07080500278843,-185.54611696120008,13283,13775
24,5,28089,945,-0.00007988060782601692,-0.00028455082265628414,202.8685038093148,-205.11227020253963,13165,13768
24,6,27795,945,-0.0000646078996000043,-0.00029118106174111,220.15669386623017,-221.9524704356121,13102,13681
24,7,27425,943,-0.00004920312385744965,-0.00021722075570097975,233.77109625279837,-235.12049192458855,12927,13581
24,8,27058,942,-0.00005409803558289636,-0.0002469184101420402,246.04392650392796,-247.50771115072916,12797,13407
24,9,26675,940,-8.168698275767246e-6,-0.0005591629868093673,257.5941095025916,-257.8120095290972,12608,13258
24,10,26276,939,0.0000362116463481669,-0.000561186791996538,267.8239459408395,-266.87244872139524,12413,13108
24,11,25691,938,0.000053183415793319665,-0.0008278608308851755,273.9813330788093,-272.61499794366307,12156,12853
24,12,25080,933,0.00006335471163110186,-0.000639358532009911,278.04916833997004,-276.4602321722617,11830,12613
24,13,24411,927,0.000026923542236897008,-0.0006140254648639377,279.94911901765204,-279.2918884281075,11469,12312
24,14,23661,924,0.000010289726467580881,-0.0007078917903544836,280.77920269144016,-280.53573747349037,11131,11953
24,15,21825,923,0.00003610872977653574,-0.0007959748220209142,266.9031239008582,-266.11505087348513,10265,11066
24,16,19997,918,8.69002900160442e-6,-0.0010014841436135611,251.026593747258,-250.85281923731256,9347,10167
24,17,18196,908,-0.000046095460178684483,-0.001226088899770407,234.1593536697003,-234.9981066631116,8472,9296
24,18,16433,908,-0.000042436528529998486,-0.0012948041651011796,217.13786696608796,-217.83522643942146,7636,8418
24,19,14681,905,-0.000059428081792237264,-0.0014635021880157575,198.65606031058192,-199.52852397937352,6850,7518
24,20,12949,894,-0.00014678217210993506,-0.0013940053227049953,179.1668953109462,-181.06757765759792,6049,6636
24,21,11259,876,-0.0002952789686285415,-0.0014307634371966778,158.68639256228286,-162.0109384700721,5218,5826
24,22,9646,874,-0.0004976782962807891,-0.001862192011053052,138.26801148817688,-143.06861633410145,4467,4990
24,23,8048,869,-0.0006521809163710614,-0.0022061107669816608,117.57744090060534,-122.82619291555962,3711,4189
24,24,6479,859,-0.0007176076033783321,-0.002687922475302091,96.01655938413852,-100.6659390464267,2969,3393
24,25,4952,804,-0.0008765858594657886,-0.002007645453960359,73.89597731202875,-78.2368304881034,2251,2602
24,26,3618,797,-0.0010939561894155849,-0.0022218697356475078,55.48498713512463,-59.442920628430215,1653,1907
24,27,2322,776,-0.0013014906400626034,-0.0028472628700695894,36.60241625365906,-39.62447751988443,1034,1234
24,28,1102,734,-0.0010897068091568084,-0.002789647225939406,17.967935540608373,-19.168792444299175,499,584
25,0,19990,917,0.0,0.0,0.0,0.0,0,0
25,1,19989,917,-0.0001711544246444282,-0.00029519836496820007,64.21052474039054,-67.63173053460807,8923,9233
25,2,18186,908,-0.0003557820035526616,-0.000632562707340128,80.53966701887843,-87.0099185354873,8341,8696
25,3,16424,908,-0.00041819237898682723,-0.0007396097126067555,88.60137524376249,-95.46976687624226,7585,8039
25,4,14672,905,-0.0004388127282199227,-0.0007837776072316962,91.20583390797877,-97.64409425642128,6804,7181
25,5,12937,894,-0.0005698592002235413,-0.0012932114333398053,88.75659937217188,-96.12886784546366,6062,6372
25,6,11245,875,-0.0006430727830648114,-0.0015242923129843789,83.89000583262262,-91.12135927818665,5215,5639
25,7,9633,873,-0.0007266672473370947,-0.001658389240434562,77.535449574425,-84.53543516802323,4487,4865
25,8,8036,866,-0.000842573425148574,-0.0018297342986512497,69.06746097573051,-75.83838102022456,3708,4084
25,9,6469,857,-0.000858016100663463,-0.002129498302823197,58.84190236128538,-64.39240851647733,2974,3328
25,10,4940,803,-0.0009350684973377452,-0.0015977506426567405,47.01882667595375,-51.638065052802176,2274,2547
25,11,3609,796,-0.0013287086359893884,-0.0019319033502445066,35.58080116571762,-40.37611063300338,1644,1875
25,12,2314,773,-0.0018167963461420997,-0.0027486376010075484,23.772242976607508,-27.976309721580304,1018,1240
25,13,1098,732,-0.0018172244502504143,-0.002801747550589434,12.031113312019507,-14.026425758394462,474,593
