clock_bucket,h,n_pairs,n_member_states,mean_occ,mean_member,pos_sum,neg_sum,n_pos,n_neg
0,0,81544,1066,0.0,0.0,0.0,0.0,0,0
0,1,77538,1066,-0.000522825785142805,-0.00005784538190457514,625.7179332705908,-666.2567989989911,35911,38847
0,2,76363,1066,-0.0013272360953217692,-0.0006355279356923175,800.5909968014879,-901.9427267485446,34638,39671
0,3,75591,1066,-0.0021420115402712454,-0.0014050803601041867,906.7548425067,-1068.6716368473412,33769,40255
0,4,74959,1066,-0.002914131808082133,-0.0019109873155191911,988.6585351739814,-1207.0989413760115,32838,40717
0,5,75193,1066,-0.003657452384307387,-0.0029819978769623132,1081.5104231164773,-1356.5252402497042,32608,41308
0,6,75310,1066,-0.004120061208440889,-0.0030218878292327966,1187.290805969351,-1497.572615577035,32419,41772
0,7,75174,1066,-0.00466775437982046,-0.0031644497574888826,1263.141692875625,-1614.0354606242513,32120,41985
0,8,75069,1066,-0.005274411562355178,-0.00401962137887919,1320.681670375386,-1716.6264719498251,31851,42225
0,9,74920,1066,-0.005854776643636639,-0.004145839986739791,1370.7253774827873,-1809.3652436240427,31441,42503
0,10,75020,1066,-0.006408383830317498,-0.004558722052697949,1433.9834258264107,-1914.7403807768287,31304,42763
0,11,75111,1066,-0.0068015276377101,-0.004730328238186961,1503.3329404681313,-2014.2024828641765,31149,43075
0,12,75162,1066,-0.007126046263480311,-0.004535494338644959,1558.3446928225644,-2093.9525820782737,30876,43403
0,13,75106,1066,-0.007591497731898421,-0.005177386098972318,1597.3997428417842,-2167.566771493745,30690,43558
0,14,75073,1066,-0.008007563528671288,-0.005489444068026583,1636.798664753608,-2237.9504815415467,30522,43733
0,15,75048,1066,-0.008516056598893462,-0.006381520288410924,1672.6300680786824,-2311.7430837124375,30301,43955
0,16,75035,1066,-0.00890231200427243,-0.006634648773332451,1717.4802337863393,-2385.465215026927,30091,44192
0,17,75025,1066,-0.009138168833177324,-0.005981963486094376,1760.867356084641,-2446.458472793764,30043,44195
0,18,74956,1066,-0.009601021702384532,-0.0065763688245891695,1788.8770940686452,-2508.5312767925793,29945,44295
0,19,74991,1066,-0.00999726302412604,-0.007315194658392233,1817.6533777548511,-2567.358129197088,29824,44464
0,20,74906,1066,-0.010322013539838429,-0.007438920870843091,1849.128058858866,-2622.308805074002,29705,44547
0,21,74962,1066,-0.010552740360471251,-0.0069515858999598746,1893.3884225281006,-2684.442945429753,29635,44704
0,22,74976,1066,-0.010827022420649054,-0.006827457009229054,1927.3381703557056,-2739.105003366288,29464,44858
0,23,74907,1066,-0.011246683852920521,-0.0069796538727612475,1944.4417959524312,-2786.8971433231413,29345,44938
0,24,74797,1066,-0.01164902735588045,-0.008276543078538501,1966.0218081179403,-2837.334107255735,29249,44921
0,25,74788,1066,-0.011966788292126097,-0.00864185449870713,1993.325791572908,-2888.2979543644296,29154,45039
0,26,74836,1066,-0.012325521397471471,-0.0083472822181848,2020.9179184973846,-2943.3106377985596,29047,45176
0,27,74868,1066,-0.012598416101370755,-0.008906724289880904,2053.0483674073344,-2996.2665840847644,28923,45334
0,28,74789,1066,-0.012883434947232073,-0.008777527613692649,2078.2884296274833,-3041.8276458960227,28808,45401
0,29,74725,1066,-0.013194661948881161,-0.008855179189235124,2098.657289486915,-3084.628403617066,28746,45388
0,30,74737,1066,-0.013450450031599222,-0.008885356560195967,2120.674636115992,-3125.9209201276185,28535,45609
0,31,74666,1066,-0.013628640862607894,-0.008933653580860262,2148.1574686812983,-3165.753567328776,28461,45655
0,32,74670,1066,-0.013834478022783578,-0.009357245772142395,2176.870117285122,-3209.8905912463642,28394,45718
0,33,74617,1066,-0.013930411568619029,-0.009531781374928558,2210.9598352652656,-3250.4053552809237,28348,45738
0,34,74583,1066,-0.014164512923201058,-0.009764845267947464,2228.6785750522536,-3285.110442403361,28238,45758
0,35,74563,1066,-0.014320698647462991,-0.009622621893696559,2254.547659929978,-3322.3419131807545,28249,45767
0,36,74512,1066,-0.014497050007613092,-0.009954727885251287,2278.263780677604,-3358.467970844875,28103,45870
0,37,74583,1066,-0.014572683005195944,-0.010046472478695077,2305.3376554860015,-3392.2120720625317,28109,45918
0,38,74513,1066,-0.014674412191777224,-0.009335743300656046,2330.46359331524,-3423.898068961138,28074,45897
0,39,74461,1066,-0.014855498113044947,-0.010154983832344118,2349.1336026632507,-3455.288847658683,27966,45928
0,40,74350,1066,-0.015171365558907201,-0.010449557082428706,2358.59498245833,-3486.586011763078,27882,45946
0,41,74250,1066,-0.01535842227879703,-0.010201159092118836,2375.030675140074,-3515.3935293407694,27690,45994
0,42,74189,1066,-0.015534459524673761,-0.01040097501200755,2392.927624234866,-3545.41364191088,27604,46040
0,43,74180,1066,-0.015680585182823805,-0.010617202596536004,2415.5189102428017,-3578.7047191046768,27578,46064
0,44,74142,1066,-0.01580300377432664,-0.01051310867513587,2436.621609619043,-3608.2879154551783,27550,46048
0,45,74146,1066,-0.015937329837271298,-0.010342169550784841,2452.7141970752828,-3634.4034551895957,27541,46074
0,46,74107,1066,-0.016084519464782083,-0.01112032972074239,2469.4522341155566,-3661.427718092164,27397,46183
0,47,74001,1066,-0.016234853013762044,-0.011211643430806498,2484.8546106652702,-3686.2499685366847,27366,46158
0,48,74004,1066,-0.016315627245761185,-0.011141848210913496,2505.106679292508,-3712.5283579878123,27352,46179
0,49,73924,1066,-0.016509315658410885,-0.010961187318004958,2515.9304703131866,-3736.365121045547,27225,46215
0,50,73822,1066,-0.016545219419081256,-0.011051329491905793,2534.1874329212988,-3755.588620876701,27179,46199
0,51,73803,1066,-0.016573428567436942,-0.011185807700182532,2555.890683664165,-3779.0594322267148,27194,46151
0,52,73805,1066,-0.016679021110217705,-0.010920034668515348,2576.7476009462425,-3807.742753985864,27156,46195
0,53,73772,1066,-0.016827036579996055,-0.010994178006630835,2593.105340575519,-3834.4694831549814,27019,46324
0,54,73731,1066,-0.017094440496809117,-0.011485177936922875,2602.1450552585193,-3862.5352475287455,26934,46328
0,55,73710,1066,-0.017251505921974802,-0.011550772222842063,2612.3747904095203,-3883.983291918306,26888,46380
0,56,73664,1066,-0.017399431621214465,-0.011770599043723377,2618.775381163367,-3900.4871121085075,26845,46354
0,57,73578,1066,-0.017560411108025985,-0.012504367170469053,2626.7384281064506,-3918.7983566127928,26871,46246
0,58,73640,1066,-0.017678160046795163,-0.011953076161077424,2639.3386662587177,-3941.1583721047095,26783,46370
0,59,73554,1066,-0.01793555047470909,-0.012833667238357408,2640.0691808846905,-3959.3006605014325,26729,46347
0,60,73532,1066,-0.018136168459605324,-0.012712758037041427,2648.7189353913536,-3982.307674563047,26726,46385
0,61,73498,1066,-0.018358621179709662,-0.01206591727996204,2656.175066112613,-4005.4970055789167,26641,46414
0,62,73451,1066,-0.01848804462773304,-0.013343228316806535,2665.926670394964,-4023.8920363465763,26606,46404
0,63,73391,1066,-0.018560452047651728,-0.012814277087218152,2682.981753627705,-4045.151889856907,26558,46408
0,64,73347,1066,-0.018800888384818342,-0.012552434677177619,2690.3585118833275,-4069.347272244595,26438,46485
0,65,73330,1066,-0.018913334238601413,-0.012618031662830457,2704.298873687815,-4091.2136734044616,26393,46490
0,66,73263,1066,-0.019172638624753612,-0.01225975062754388,2710.2547251705405,-4114.899748735867,26381,46508
0,67,73163,1066,-0.019621812624311202,-0.013592059257356171,2700.544112001173,-4136.134789033659,26259,46467
0,68,73121,1066,-0.019819686778692863,-0.014474282290797912,2707.6863036852524,-4156.921620630044,26331,46383
0,69,73078,1066,-0.020043525921976894,-0.014690725124632943,2710.3585963525666,-4175.099383678797,26202,46462
0,70,73027,1066,-0.020203541885794474,-0.014752368262254035,2720.349041908091,-4195.7530952020115,26223,46406
0,71,73004,1066,-0.020261608520268436,-0.015291323734421521,2733.1257139962554,-4212.304182409925,26140,46451
0,72,73007,1066,-0.02045371635377078,-0.015559064293014369,2741.047438363448,-4234.311908203193,26154,46440
0,73,73009,1066,-0.020610730478214958,-0.014948909221532712,2749.671665167321,-4254.440486651316,26065,46505
0,74,72918,1066,-0.020800354178979755,-0.01557692401813768,2754.694052559383,-4271.4142785822205,26024,46472
0,75,72830,1066,-0.020898151376936493,-0.015348728010894661,2762.8934798623313,-4284.90584464461,25950,46477
0,76,72794,1066,-0.02099793477410178,-0.015630317239378053,2773.4994387416327,-4302.023102687602,25906,46498
0,77,72786,1066,-0.021105853942130937,-0.015085026852637387,2783.126348291069,-4319.337033323017,25838,46540
0,78,72723,1066,-0.021136572146273333,-0.016621457979079816,2795.2986690318467,-4332.413605225304,25765,46539
0,79,72659,1066,-0.021220128677591238,-0.016752147771064218,2809.1851804850858,-4351.018510070184,25745,46497
0,80,72647,1066,-0.021479643938998427,-0.01746655942740411,2812.3773427359715,-4372.809035972407,25621,46638
0,81,72638,1066,-0.021567316506899924,-0.017124826544467377,2821.3598009609805,-4387.966537389179,25577,46676
0,82,72632,1066,-0.021663674382867894,-0.017050023823715205,2834.720086544264,-4408.196084320725,25526,46716
0,83,72609,1066,-0.02175825743083132,-0.017438443209368423,2844.4621513382986,-4424.307465133532,25406,46828
0,84,72559,1066,-0.02170667681728725,-0.016712131499253265,2863.9278199104856,-4438.94258309603,25312,46840
0,85,72507,1066,-0.021839188398631672,-0.01718063925451421,2874.5971928943804,-4458.0912261139665,25236,46907
0,86,72457,1066,-0.02197069709034871,-0.01730266108245407,2882.14166867573,-4474.072467751134,25198,46874
0,87,72428,1066,-0.022063179840663694,-0.01712404484443829,2893.0774529682312,-4491.069442467828,25205,46841
0,88,72368,1066,-0.022341377470620958,-0.01740078461765495,2890.7333889669726,-4507.534193760867,25167,46807
0,89,72358,1066,-0.022533661235554378,-0.017354505108896308,2894.841513547105,-4525.332173229343,25116,46855
0,90,72286,1066,-0.022603751313922865,-0.01728986609809066,2905.2563837951698,-4539.191151273399,25038,46891
0,91,72165,1066,-0.02269882397759194,-0.017959331638037316,2909.1131699619605,-4547.173802304888,25037,46734
0,92,72164,1066,-0.02288860631433022,-0.018041056198570177,2912.974905774641,-4564.708291841965,24993,46782
0,93,72143,1066,-0.022930176994653904,-0.018548355263632105,2925.5976320629975,-4579.849390988324,24982,46769
0,94,72098,1066,-0.022992487304492774,-0.019420809895922427,2937.173085507552,-4594.885435186878,24955,46775
0,95,72089,1066,-0.02316182886814566,-0.019531786031108472,2944.1781549889497,-4613.891236264676,24879,46849
0,96,72017,1066,-0.02318431423789405,-0.018772114561463063,2956.924389515673,-4626.589147986095,24840,46814
0,97,71978,1066,-0.023238481547632563,-0.01845582287740696,2967.4733335347205,-4640.132758370213,24790,46822
0,98,71938,1066,-0.02334633412380604,-0.018698874153270855,2973.852485857032,-4653.341070055388,24785,46762
0,99,71926,1066,-0.023535886365688784,-0.019967458407527873,2974.4176311595484,-4667.259793898071,24759,46792
0,100,71877,1066,-0.02347589700948348,-0.019942579299374954,2993.476931110894,-4680.8539804615375,24778,46748
0,101,71821,1066,-0.023426846685783338,-0.019273107172337815,3010.1095925059517,-4692.649148325615,24836,46636
0,102,71793,1066,-0.023386943125816857,-0.01902176152651944,3025.224805146817,-4704.243612978599,24812,46640
0,103,71830,1066,-0.023265985645245346,-0.01890090009445073,3046.5409044380385,-4717.736653336016,24814,46647
0,104,71704,1066,-0.02338524501603128,-0.018729115873378846,3046.9928386219167,-4723.808447251426,24782,46563
0,105,71721,1066,-0.02349252662315127,-0.019733317847462885,3051.650803068549,-4736.55830500758,24755,46590
0,106,71687,1066,-0.023638688308911325,-0.020091181000969942,3055.344304897784,-4749.930953698704,24770,46542
0,107,71653,1066,-0.023744404244330258,-0.020131108121597564,3064.0307984314113,-4765.388595750401,24698,46552
0,108,71581,1066,-0.023750788373943402,-0.019614278936855096,3078.754362499264,-4778.85954509451,24688,46518
0,109,71558,1066,-0.02372696050268278,-0.01951723810498431,3089.4599303073524,-4787.313769958319,24672,46525
0,110,71516,1066,-0.02378870826908185,-0.020319916152381733,3095.967631484558,-4797.240892056217,24712,46452
0,111,71442,1066,-0.023822914271184156,-0.02027981279008016,3104.481660794496,-4806.438302156448,24656,46430
0,112,71388,1066,-0.023855314463577512,-0.020622930451111188,3112.1131648592473,-4815.096353785109,24668,46360
0,113,71441,1066,-0.02385166229945661,-0.019666981469637756,3123.338700652798,-4827.325306988275,24685,46382
0,114,71343,1066,-0.02380755853042242,-0.019313517007087447,3134.098581242321,-4832.601229478249,24649,46352
0,115,71345,1066,-0.023949333856048853,-0.01990110054760955,3135.0276168228406,-4843.692840782659,24662,46294
0,116,71259,1066,-0.023983278996780412,-0.020650197785589273,3139.313104876281,-4848.3375829078595,24635,46275
0,117,71196,1066,-0.02394459848883018,-0.020264994469999832,3150.9016206666483,-4855.661254677407,24595,46275
0,118,71235,1066,-0.023805194704701063,-0.020429652883793385,3168.56661772817,-4864.329662517565,24639,46280
0,119,71148,1066,-0.023764255586530655,-0.019324710866163268,3178.5766097407127,-4869.355866211186,24580,46227
0,120,71097,1066,-0.023647068342187907,-0.01899970034145603,3193.231546088496,-4874.4671640130455,24551,46214
0,121,71121,1066,-0.023715546987989812,-0.01978629865153763,3196.857239107985,-4883.530656440814,24544,46245
0,122,71107,1066,-0.02363641070233762,-0.01996881089794698,3206.0563695440633,-4886.770625355181,24593,46180
0,123,71050,1066,-0.023599738602289345,-0.019936001298507984,3217.152047660392,-4893.913475353031,24584,46132
0,124,70995,1066,-0.023532370762126928,-0.019246177805480574,3227.7562906119333,-4898.436952869115,24554,46106
0,125,71045,1066,-0.02355258379471434,-0.019396521458016614,3238.315224533451,-4911.608540228936,24645,46105
0,126,70999,1066,-0.023604624479995482,-0.019519370703051334,3242.7223980504605,-4918.627131505682,24600,46075
0,127,70940,1066,-0.023599594051712785,-0.01936904638655795,3245.5723121172623,-4919.727514145765,24633,45972
0,128,70907,1066,-0.023366164982616275,-0.0192544457063122,3261.031439473958,-4917.856099896315,24713,45878
0,129,70903,1066,-0.023340312321599936,-0.01928975487252735,3269.1021098313504,-4924.000274369751,24670,45906
0,130,70831,1066,-0.02322311222871839,-0.019392186954809938,3278.287138840139,-4923.203401112488,24647,45839
0,131,70820,1066,-0.023268452372279945,-0.019855537105060387,3282.652545675118,-4930.52434267999,24666,45853
0,132,70758,1066,-0.02334553169591909,-0.01941535417573473,3287.412576264646,-4939.295708004489,24669,45765
0,133,70740,1066,-0.023262138086966457,-0.01940406465239324,3303.3069907354984,-4948.8706390075085,24663,45767
0,134,70718,1066,-0.023198670906995567,-0.019823924083615732,3315.9060456540187,-4956.469654854933,24623,45777
0,135,70653,1066,-0.023006401958905808,-0.018924325934503668,3331.41248666275,-4956.883804265327,24615,45687
0,136,70680,1066,-0.02302056205500958,-0.019197359136707406,3337.094992359357,-4964.1883184074295,24741,45609
0,137,70639,1066,-0.0230989215160006,-0.02036543253547076,3333.5521377799137,-4965.236854748679,24732,45573
0,138,70652,1066,-0.023052589190985323,-0.020461492220147027,3339.7233635921034,-4968.4348951136,24730,45575
0,139,70591,1066,-0.0232039006680673,-0.02014152904162272,3334.6759471839314,-4972.662499243478,24749,45496
0,140,70572,1066,-0.023194321663946818,-0.019450025375440768,3341.713496171316,-4978.583164639377,24710,45504
0,141,70543,1066,-0.02323799661101886,-0.018898657722810405,3345.185858693625,-4984.463853624738,24739,45482
0,142,70525,1066,-0.02324618582789542,-0.019397750365722877,3349.914536392459,-4989.3517919047845,24732,45409
0,143,70484,1066,-0.023081883648523087,-0.01903235985509705,3361.6887158611275,-4988.592202943619,24736,45412
0,144,70519,1066,-0.023066828646983586,-0.01882220001758254,3374.6065605558847,-5001.256249912512,24746,45439
0,145,70437,1066,-0.023016543523744628,-0.019332783372567112,3387.49700113487,-5008.713277316872,24756,45326
0,146,70424,1066,-0.022969067057606145,-0.01947871168138822,3399.2037676251516,-5016.777346090017,24691,45375
0,147,70418,1066,-0.023127208006092484,-0.019995251042992754,3397.7505880281624,-5026.32232140121,24671,45422
0,148,70417,1066,-0.023233149551273768,-0.019445863047863665,3391.849477857036,-5027.858169809093,24702,45369
0,149,70418,1066,-0.023225925526937974,-0.01991193464252082,3398.091496043709,-5033.61471979962,24708,45362
0,150,70285,1066,-0.023275465247736882,-0.018904830952362225,3396.817783863938,-5032.733858801121,24639,45310
0,151,70304,1066,-0.023275324737712356,-0.01961082611492604,3407.3285021391166,-5043.676932499255,24634,45336
0,152,70222,1066,-0.02332892444277059,-0.019682682513839936,3410.1129174391667,-5048.316649659399,24631,45263
0,153,70217,1066,-0.023279755623460754,-0.020218606646804863,3412.6298684630406,-5047.26446907558,24621,45254
0,154,70178,1066,-0.023278009464190067,-0.02012582360649331,3420.1851099021155,-5053.789258080056,24610,45231
0,155,70122,1066,-0.0232218736199225,-0.020002354261737243,3425.921204440301,-5054.285426416507,24643,45142
0,156,70138,1066,-0.023017919316282765,-0.019277621567651313,3444.9166798582087,-5059.347504863649,24639,45168
0,157,70169,1066,-0.022888339685349895,-0.01924939573898727,3461.9334947488883,-5067.985402130218,24611,45218
0,158,70079,1066,-0.02295020962408894,-0.020000210266577768,3460.554071099927,-5068.881811346448,24581,45181
0,159,70097,1066,-0.022966647738366798,-0.0196110825853643,3468.276946157241,-5078.170052673549,24589,45201
0,160,70124,1066,-0.022980118493283026,-0.019852474847138108,3474.505975222055,-5085.963804445029,24627,45164
0,161,70046,1066,-0.022969895818327705,-0.01916721559333785,3479.090898049995,-5088.040220540578,24574,45115
0,162,70091,1066,-0.02282481861178289,-0.019394269532814562,3498.019273950316,-5097.833635268788,24592,45170
0,163,70080,1066,-0.0228831065662433,-0.019221796280276534,3502.4852216963513,-5106.133329858681,24597,45177
0,164,70047,1066,-0.022743934722408703,-0.01962403196870757,3516.006634874674,-5109.151030375239,24584,45131
0,165,70043,1066,-0.02273512734499599,-0.019192039929472802,3522.5780817275395,-5115.014606353097,24596,45131
0,166,69964,1066,-0.02262018123973818,-0.019776721227333694,3530.9777070311884,-5113.576067288232,24623,45045
0,167,69973,1066,-0.022464609761797528,-0.019303367087393063,3548.581148334241,-5120.497287196512,24589,45078
0,168,69957,1066,-0.02240513406844264,-0.01941955550646764,3560.111182098767,-5127.507146124798,24527,45125
0,169,69912,1066,-0.022263360975660663,-0.01899552452162904,3574.1974183532557,-5130.673510883634,24547,45031
0,170,69912,1066,-0.022143849222830143,-0.01929055883208633,3589.5383328222106,-5137.659119688719,24516,45071
0,171,69885,1066,-0.02205965670367274,-0.01943147108222238,3599.350217736307,-5140.989326472473,24500,45063
0,172,69930,1066,-0.02195964681871388,-0.019163687223069523,3610.4813160976796,-5146.1194181303445,24571,45033
0,173,69846,1066,-0.021987257262429092,-0.019260773655569878,3614.4988928789676,-5150.220863630592,24543,44978
0,174,69812,1066,-0.022042777185012498,-0.019139474743275636,3615.96250297917,-5154.812863819256,24446,44997
0,175,69833,1066,-0.02188781435014847,-0.018800154062868692,3629.714858398475,-5158.20659791241,24526,45004
0,176,69829,1066,-0.021827692773981715,-0.018888978290244992,3640.3868503089734,-5164.5928090233265,24567,44936
0,177,69825,1066,-0.02169203681353884,-0.018802678150389253,3649.206778477448,-5163.8532489828085,24521,44974
0,178,69799,1066,-0.02145250399291744,-0.018467733188726552,3666.8669811407367,-5164.230307342381,24491,44976
0,179,69768,1066,-0.021328918386164502,-0.01855551177536471,3676.9339745094135,-5165.009952475353,24563,44842
0,180,69749,1066,-0.021368203182917957,-0.01838567235703893,3678.505123641365,-5168.915927446707,24551,44875
0,181,69721,1066,-0.021452920099879952,-0.018787173032029703,3682.838035192808,-5178.557077476538,24505,44871
0,182,69743,1066,-0.02145036733860065,-0.018591325714395666,3687.0744626677406,-5183.087431963765,24573,44851
0,183,69717,1066,-0.021531841396679616,-0.01865598897315441,3692.4442081844322,-5193.579594836741,24602,44761
0,184,69687,1066,-0.021323577797465014,-0.018431121608158654,3707.286201936386,-5193.262367908328,24646,44717
0,185,69654,1066,-0.02116620069144958,-0.01837658117214048,3713.6002829961944,-5187.910825958417,24672,44675
0,186,69580,1066,-0.021288057744821155,-0.01894140339921318,3712.6159161439796,-5193.8389740286175,24640,44635
0,187,69547,1066,-0.021257339318068287,-0.018380068670404728,3719.4832776321264,-5197.867455185811,24586,44670
0,188,69542,1066,-0.02113640739913019,-0.018236270303783268,3735.5320305552946,-5205.400073905611,24549,44698
0,189,69517,1066,-0.020993563921714274,-0.018352594088211844,3749.491472593897,-5208.90105573972,24550,44662
0,190,69458,1066,-0.02102803811227521,-0.018387255675026862,3750.8460161634653,-5211.411487365876,24520,44659
0,191,69402,1066,-0.021007435538314412,-0.01818512687398211,3754.8100272153865,-5212.768068445497,24546,44575
0,192,69382,1066,-0.02108324800311187,-0.018525620378097893,3752.352162904393,-5215.150075856302,24525,44563
0,193,69307,1066,-0.02111533528565324,-0.01824635803889891,3750.4792755013323,-5213.919818144092,24471,44501
0,194,69266,1066,-0.021081982125260548,-0.018644289714504887,3755.650724437177,-5215.915298325481,24479,44466
0,195,69254,1066,-0.02111449591176655,-0.018882962877070128,3757.9135045319968,-5220.176804405493,24521,44426
0,196,69196,1066,-0.0210458955133289,-0.01831768883406736,3759.4289293353954,-5215.720715275693,24522,44399
0,197,69219,1066,-0.021195132788519422,-0.018393220010603575,3759.7612082795117,-5226.867104768029,24501,44437
0,198,69140,1066,-0.021170793609399417,-0.0182108374057995,3768.1279398215465,-5231.876609975425,24414,44430
0,199,69160,1066,-0.021088074752844427,-0.018175760472267835,3779.9985569933096,-5238.44980690003,24420,44420
0,200,69062,1066,-0.02112874543225032,-0.01863138238675474,3780.2163488710803,-5239.409765913153,24385,44374
0,201,69051,1066,-0.021325815330603865,-0.01865981849230253,3774.406436149273,-5246.975310542806,24318,44453
0,202,69009,1066,-0.021187881579638326,-0.019091149041932074,3782.086018235143,-5244.240538164391,24351,44358
0,203,68959,1066,-0.021284656772975374,-0.019402238080352362,3780.398528085554,-5248.1671744931555,24266,44396
0,204,68994,1066,-0.021149339318074268,-0.018413622238801757,3796.162295774183,-5255.3398126854,24250,44442
0,205,68930,1066,-0.021002191996420345,-0.018013916022743166,3806.698189884622,-5254.37928419786,24214,44403
0,206,68875,1066,-0.020974332181414142,-0.018459660822128854,3809.6020189185924,-5254.209147913474,24201,44349
0,207,68890,1066,-0.021101576473990195,-0.018465202182457417,3808.4203452189495,-5262.107948512111,24202,44419
0,208,68838,1066,-0.02101371605361836,-0.018630632439027277,3812.7576823726363,-5259.299868071602,24149,44394
0,209,68766,1059,-0.021060898709582103,-0.019737516943321452,3814.321481996778,-5262.595242659903,24103,44358
0,210,68709,1059,-0.020943824273209594,-0.018798034447449447,3824.1771157296816,-5263.206337717636,24032,44370
0,211,68699,1059,-0.020794511727052493,-0.018857381726982595,3837.2718476457167,-5265.8340087824845,24041,44338
0,212,68697,1059,-0.020891711226955344,-0.019289366230146827,3842.6936158071912,-5277.891501965339,24023,44377
0,213,68690,1059,-0.020926015735967852,-0.019499507042337345,3848.4696340274463,-5285.877654931077,24011,44384
0,214,68715,1059,-0.020988069684665246,-0.01889024040296294,3854.0692781860403,-5296.264486567822,24003,44437
0,215,68610,1059,-0.020951218414128458,-0.01950702858592854,3855.2177856110734,-5292.680881004418,23944,44366
0,216,68613,1059,-0.02082389292227129,-0.01939242852667679,3864.508404124358,-5293.298169200147,24033,44305
0,217,68658,1059,-0.02088865981341716,-0.019265566825041477,3869.3688855339788,-5303.542491003584,24030,44314
0,218,68631,1059,-0.02089512402798005,-0.018795271693743638,3873.869687324088,-5307.922944488394,24002,44338
0,219,68660,1059,-0.02079812050435804,-0.018652291598402895,3890.491184240799,-5318.490138070024,24064,44295
0,220,68626,1059,-0.02084329427532823,-0.01933977514683207,3892.3485854199753,-5322.740498358646,24059,44280
0,221,68647,1059,-0.02081973919914296,-0.018824714522062764,3894.4524849695076,-5323.665121773083,24066,44292
0,222,68653,1059,-0.020898774683640535,-0.01800183472367205,3898.094481519969,-5332.858059875945,24092,44248
0,223,68554,1059,-0.021200040053888095,-0.019071484401481438,3885.779228767112,-5339.12677462137,24060,44210
0,224,68608,1059,-0.021269612693288628,-0.018866398142278914,3886.8964807604198,-5346.162068421562,24093,44207
0,225,68628,1059,-0.02142576510083562,-0.018751864076701343,3891.499718210939,-5361.907125551083,24100,44259
0,226,68645,1059,-0.021324793254392974,-0.019193676180301475,3901.650719651262,-5365.491152599076,24142,44217
0,227,68638,1059,-0.021245609640059088,-0.019333471057874477,3913.411501444335,-5371.667655918701,24107,44247
0,228,68606,1059,-0.02139822259281923,-0.020062957711643743,3914.0471542509863,-5382.0936134539525,24051,44266
0,229,68629,1059,-0.02123086263706434,-0.019129221836272088,3927.893116472225,-5384.945988391321,24075,44242
0,230,68642,1059,-0.021425585373179023,-0.019690250241604205,3927.9165989525986,-5398.611630138355,24046,44316
0,231,68639,1059,-0.021564989259409455,-0.0192598427923304,3924.6395571330427,-5404.838854909643,24045,44330
0,232,68603,1059,-0.021734097483714104,-0.01929977931142852,3919.518827673866,-5410.543117349119,23985,44330
0,233,68572,1059,-0.021875953785495075,-0.0197702319808265,3915.8774137176747,-5415.9553166966425,23985,44307
0,234,68572,1059,-0.022073173495649683,-0.01977386056401044,3910.794357220929,-5424.396010164623,23952,44328
0,235,68527,1059,-0.022063942901695548,-0.019841906817344577,3914.4283788767043,-5426.404194101191,23938,44279
0,236,68556,1059,-0.022262396850870243,-0.01966489275593568,3909.8248608889407,-5436.045739397181,23971,44265
0,237,68504,1059,-0.022524912768073894,-0.019730294088806756,3898.2992275401293,-5441.3458518042435,23968,44244
0,238,68559,1059,-0.022695599014631314,-0.020004701679979003,3897.1647839318816,-5453.152356775984,23953,44334
0,239,68534,1059,-0.022907648900517334,-0.020160342216680553,3891.685626565995,-5461.638436314053,23903,44335
0,240,68549,1059,-0.022946005430276403,-0.0198366206483188,3893.6784569125516,-5466.604183152571,23932,44317
0,241,68570,1059,-0.022898287704729504,-0.020305047501646162,3901.977438674883,-5472.113026588193,24021,44285
0,242,68531,1059,-0.023073048810133567,-0.020318967211264374,3895.888393240121,-5477.107501247398,23892,44349
0,243,68557,1059,-0.023233974448194635,-0.020380818679236638,3889.585723523047,-5482.437309767926,23928,44366
0,244,68471,1059,-0.023387179663173736,-0.020976859701251353,3883.0543371054537,-5484.3979158226275,23886,44264
0,245,68526,1059,-0.023609076487885468,-0.021128245097231237,3877.9123244975435,-5495.747899906368,23870,44356
0,246,68533,1059,-0.023739333027667398,-0.021348787558950894,3879.7495684924565,-5506.677278877597,23866,44360
0,247,68547,1059,-0.02386707212882487,-0.020777586678336044,3883.5130508693387,-5519.529244083907,23861,44376
0,248,68557,1059,-0.023869313243248313,-0.021086179688670017,3888.900908795628,-5525.309416813005,23804,44443
0,249,68502,1059,-0.023916304241953765,-0.020822055316035377,3886.5342364198923,-5524.848909602204,23793,44425
0,250,68506,1059,-0.024111906093716617,-0.021302365260041076,3884.9762326094824,-5536.786471465646,23831,44369
0,251,68487,1059,-0.02422483064353344,-0.020956769775424246,3878.9064146292485,-5537.992390912942,23819,44361
0,252,68488,1059,-0.024294766027057095,-0.021690172592379996,3879.80219728982,-5543.7021329508925,23812,44385
0,253,68510,1059,-0.02441743477950171,-0.021433831475796278,3881.6489967824396,-5554.487453526104,23789,44407
0,254,68488,1059,-0.024489132015038724,-0.02196294333854707,3882.6089998704037,-5559.820673316381,23736,44447
0,255,68462,1059,-0.024600327984965434,-0.021762032880785053,3882.7439540804803,-5566.931608587182,23726,44427
0,256,68472,1059,-0.024654390561021058,-0.021476998297454867,3881.067397915329,-5569.202828409563,23690,44464
0,257,68439,1059,-0.024916026500535895,-0.02216417566949887,3866.3584503900993,-5571.586388060296,23705,44438
0,258,68448,1059,-0.02508162343097235,-0.02250684616606055,3861.886070846748,-5578.673031449938,23701,44460
0,259,68392,1059,-0.024962606948751867,-0.022383215804830974,3870.0741326186762,-5577.316747057713,23664,44425
0,260,68385,1059,-0.024877447885871342,-0.02187009559517772,3879.7395556741903,-5580.983829349512,23685,44393
0,261,68439,1059,-0.02468964455773209,-0.022214681558318614,3897.528759164505,-5587.263343051134,23740,44417
0,262,68469,1059,-0.024654509802669214,-0.022240886462363343,3906.2133295012477,-5594.282961180204,23706,44448
0,263,68425,1059,-0.024839560650270077,-0.022262331574666696,3900.6692349913187,-5600.316172486041,23732,44389
0,264,68454,1059,-0.02494523426392834,-0.0224044332476083,3901.642479240292,-5609.243545543233,23712,44443
0,265,68455,1059,-0.02490238829048675,-0.022548875703859095,3909.4896672675673,-5614.182657692828,23659,44493
0,266,68449,1059,-0.024781972771274315,-0.022156658806369137,3926.9233208247483,-5623.224575045706,23648,44505
0,267,68481,1059,-0.02476158936412947,-0.02177605954833686,3935.701348601799,-5631.399749846748,23656,44552
0,268,68527,1059,-0.024781430502381196,-0.022315680948387595,3944.0186340151695,-5642.215722051854,23704,44528
0,269,68496,1059,-0.024993877854150224,-0.022529306158592846,3938.618868382628,-5650.599525880523,23659,44558
0,270,68505,1059,-0.025003422872406714,-0.022345771585555365,3941.0689320827637,-5653.9284159569825,23689,44516
0,271,68479,1059,-0.025067477725837735,-0.022511242186792044,3943.3591963111066,-5659.955003498731,23621,44556
0,272,68457,1059,-0.025117642616663865,-0.022457590890723824,3945.169816639632,-5664.648277248591,23596,44516
0,273,68445,1059,-0.02510108755206436,-0.022615541034872143,3951.2516114264645,-5669.295548927541,23564,44585
0,274,68442,1059,-0.02500051223033682,-0.022697521251418853,3963.929764057237,-5675.014822125952,23588,44563
0,275,68378,1059,-0.02485391664765664,-0.0226826135685737,3975.1424935535224,-5674.603606086998,23613,44451
0,276,68439,1059,-0.024833551054703664,-0.021236002839657864,3985.1070823732057,-5684.690483006064,23581,44561
0,277,68439,1059,-0.024849358480883477,-0.022209847035264445,3991.6216437347134,-5692.286888807899,23592,44540
0,278,68387,1059,-0.024972676389629113,-0.022813010593080663,3991.425483137282,-5699.231903394837,23539,44549
0,279,68397,1059,-0.025046782942909036,-0.022328627321116568,3989.782127203427,-5702.906940149581,23498,44608
0,280,68342,1059,-0.025042410793311685,-0.022695128810199732,3987.9787694964125,-5699.427207932908,23485,44570
0,281,68361,1059,-0.024898698504995962,-0.021773852976611784,4003.389902732708,-5705.489831232735,23476,44612
0,282,68386,1059,-0.024777492811748198,-0.021614451218731335,4014.9589320547248,-5709.39255547894,23511,44605
0,283,68343,1059,-0.024960932004733347,-0.02179681416108423,4011.743080705161,-5717.648056704658,23441,44604
0,284,68410,1059,-0.0248884945018933,-0.02165399293798133,4023.731269062141,-5726.353177936661,23503,44634
0,285,68336,1059,-0.024796402531787203,-0.022139926836950586,4031.4642727823566,-5725.95123619457,23431,44600
0,286,68300,1059,-0.024764264668512323,-0.021327553654625082,4039.9795712770306,-5731.378848136415,23379,44615
0,287,68341,1059,-0.024689457986788794,-0.02222849132530509,4050.7204148843207,-5738.022663159451,23431,44597
0,288,68362,1059,-0.024764327851941194,-0.021973813597985645,4055.212861865685,-5748.151842480086,23447,44624
0,289,68340,1059,-0.024586255215464373,-0.022085976275772294,4068.3307329546024,-5748.555414379444,23440,44597
0,290,68354,1059,-0.024566982921602587,-0.021817985421313163,4078.947098525991,-5758.198649149214,23433,44622
0,291,68348,1059,-0.024255331593846026,-0.021233054977965158,4098.902107118106,-5756.705510894283,23435,44596
0,292,68401,1059,-0.023986772368773213,-0.020836017816209203,4121.121955496753,-5761.8411722932,23526,44582
0,293,68414,1059,-0.023914671266608133,-0.02058079187266134,4126.321001503857,-5762.419321537577,23614,44524
0,294,68464,1059,-0.023811841436656028,-0.02160057754899453,4132.908088914379,-5763.162001033607,23623,44547
0,295,68405,1059,-0.023883966522875312,-0.02120089187557232,4130.67213227754,-5764.454862274818,23582,44525
0,296,68441,1059,-0.023880473705336736,-0.020556922361887133,4133.916273487495,-5768.3197743544215,23534,44622
0,297,68414,1059,-0.02368481325173728,-0.020643713826803627,4143.556769454595,-5763.929583258949,23591,44531
0,298,68380,1059,-0.023884907565640042,-0.020292978068822295,4130.795919089334,-5764.045898427788,23578,44522
0,299,68425,1059,-0.024005156212487732,-0.020788523648834423,4129.67961128704,-5772.2324251265045,23538,44607
0,300,68451,1059,-0.024056272726302414,-0.020842171441636224,4133.159051996797,-5779.834976384935,23573,44566
0,301,68423,1059,-0.024065629242370018,-0.021562706999980728,4131.973775370052,-5778.616325020742,23624,44504
0,302,68483,1059,-0.023920399626502414,-0.02055738675917718,4144.786498809969,-5782.927226431722,23623,44585
0,303,68571,1059,-0.023996446993193914,-0.020626698790347914,4150.948950195975,-5796.4093169662865,23641,44631
0,304,68601,1059,-0.023895669524784766,-0.020227038683707305,4159.217521020496,-5798.4843460902475,23727,44584
0,305,68626,1059,-0.023744968001842157,-0.019672973926705247,4177.179773638621,-5806.701947733033,23714,44609
0,306,68661,1059,-0.023486716065982547,-0.02010493428003728,4197.308241494736,-5809.929653301169,23744,44620
0,307,68659,1059,-0.023101180499249564,-0.019713947630035537,4216.31626678171,-5802.42021867969,23793,44576
0,308,68709,1059,-0.02285236898430597,-0.01928963381232788,4235.0931740433425,-5805.256594586016,23811,44579
0,309,68762,1059,-0.022927995627544936,-0.01933943826961705,4234.694430049891,-5811.269265391149,23818,44625
0,310,68708,1059,-0.023019325694050883,-0.01980497220230619,4231.39450774615,-5813.006337532999,23765,44659
0,311,68800,1059,-0.02307958538041139,-0.020630732847649727,4234.48515634142,-5822.360630513729,23752,44746
0,312,68837,1059,-0.022980133711598693,-0.019564924033397366,4246.242376862654,-5828.125841167954,23808,44726
0,313,68887,1059,-0.02306958404835288,-0.01961552876278358,4244.0874862075125,-5833.281922546407,23838,44763
0,314,68957,1059,-0.022989547601383314,-0.019577826308543954,4253.634957516078,-5838.925191464672,23878,44791
0,315,68951,1059,-0.023021841542910284,-0.019889919429859525,4258.394597739494,-5845.773593964698,23928,44740
0,316,69014,1059,-0.02292380996993474,-0.020151171604139605,4270.11567264004,-5852.179493905124,23939,44785
0,317,69024,1059,-0.02288674963483443,-0.020503981980687074,4278.394942041712,-5858.129948836524,23959,44776
0,318,69027,1059,-0.02272076633586501,-0.019459269881717454,4295.20796476268,-5863.55430262844,24017,44732
0,319,69074,1059,-0.022898596919855706,-0.01913030696145652,4291.530821345684,-5873.228504987794,23957,44818
0,320,69153,1059,-0.02292600753296692,-0.019794918893175164,4295.015697123811,-5880.417896051083,24055,44795
0,321,69182,1059,-0.02286373016567892,-0.020028520799478977,4303.16805180454,-5884.926632126545,24048,44835
0,322,69230,1059,-0.023047637721297608,-0.020654178317233075,4302.470401273674,-5898.0583607191165,24061,44882
0,323,69305,1059,-0.022719352909382026,-0.019963339900182037,4324.1600815316015,-5898.72483491632,24121,44886
0,324,69301,1059,-0.022651314023988477,-0.019305564706293785,4328.447085663476,-5898.205798839903,24113,44903
0,325,69307,1059,-0.02274243849387808,-0.02058357052022799,4328.054985698753,-5904.2651703939455,24148,44887
0,326,69348,1059,-0.022630647856373032,-0.020002987304807904,4334.286343795632,-5903.676511339364,24219,44817
0,327,69408,1059,-0.022744106744819293,-0.02044754979703292,4338.796855386831,-5917.419816331246,24176,44958
0,328,69470,1059,-0.022762201817973036,-0.019719586728098953,4344.909838778732,-5926.1999990732975,24221,44932
0,329,69436,1059,-0.022832450641553054,-0.019921253301799474,4344.695775234597,-5930.089817981472,24182,44954
0,330,69559,1059,-0.022658053723423284,-0.019874356051951866,4361.519685141964,-5937.591244089561,24333,44944
0,331,69567,1059,-0.022597544474505,-0.02013690182374584,4372.88571018797,-5944.929086645845,24265,45006
0,332,69585,1059,-0.02272799658104576,-0.020449657482122272,4372.184356627505,-5953.711998719603,24280,44990
0,333,69676,1059,-0.022750332631876948,-0.020293386111257715,4380.961215035048,-5966.113391493699,24359,45004
0,334,69678,1059,-0.022601651824813312,-0.01901719113761573,4389.8679642875395,-5964.705860136884,24376,44986
0,335,69774,1059,-0.02266315061224264,-0.019315950259092118,4390.103269152579,-5971.401939971201,24471,45010
0,336,69788,1059,-0.022696133689428858,-0.01947230337814022,4395.199651014233,-5979.117428932091,24440,45035
0,337,69822,1059,-0.02274800563272285,-0.019574919569237334,4397.89195741868,-5986.203206706652,24495,45042
0,338,69895,1059,-0.022809913661417252,-0.01971548676671508,4404.675158720133,-5998.974074084894,24507,45096
0,339,69941,1059,-0.02273092918279318,-0.01898150078115652,4416.008586096554,-6005.832504070297,24545,45128
0,340,70039,1059,-0.02281919013881835,-0.019751463841930817,4424.056511340705,-6022.289769473395,24583,45194
0,341,70103,1059,-0.022921657184237824,-0.01905728779044354,4427.952705829777,-6034.82963941641,24584,45235
0,342,70171,1059,-0.023052039193060748,-0.019335249794777423,4430.35597868937,-6047.940620905656,24642,45252
0,343,70276,1059,-0.02304902115977032,-0.01995589565135083,4439.152034215467,-6058.945045239489,24724,45243
0,344,70357,1059,-0.023056031364613958,-0.019969722296362884,4449.657895758978,-6071.811094479123,24709,45349
0,345,70450,1059,-0.023012610716053643,-0.020161746612129466,4464.480464656832,-6085.718889602804,24789,45376
0,346,70579,1059,-0.022827219434673467,-0.018934119675953605,4485.110333515874,-6096.232653995695,24777,45489
0,347,70670,1059,-0.022967635710429205,-0.019040395835816737,4486.905021009619,-6110.027836665662,24898,45468
0,348,70715,1059,-0.022974187783461497,-0.019411488127234384,4494.233175043431,-6118.852864150907,24911,45519
0,349,70839,1059,-0.02290430318928714,-0.020010931575612005,4506.300287401248,-6128.81822102716,25013,45533
0,350,70989,1059,-0.02278561894475932,-0.01974341457674253,4522.716753646053,-6140.245056915573,25086,45594
0,351,71157,1059,-0.022706056783403074,-0.018859110282658496,4541.645967214901,-6157.34084975153,25222,45636
0,352,71283,1059,-0.022741349384608846,-0.018517106652040614,4549.072173481236,-6170.143781664298,25271,45697
0,353,71398,1059,-0.022646228142875976,-0.018753477601176582,4561.176195721857,-6178.071592666921,25402,45708
0,354,71519,1059,-0.022703639056530597,-0.01854715939126692,4572.0994090304075,-6195.840970714423,25417,45776
0,355,71712,1059,-0.022641558042017316,-0.01872665590360161,4586.897797389733,-6210.569207698895,25522,45886
0,356,71872,1059,-0.022478013733912453,-0.017644925020851798,4604.727847938663,-6220.2676510224055,25628,45962
0,357,72038,1059,-0.022205623430131206,-0.017786168870327603,4628.2496673537225,-6227.898368013503,25676,46060
0,358,72233,1059,-0.022224766242449664,-0.017913605620311655,4632.589269121043,-6237.950809111909,25827,46100
0,359,72358,1059,-0.022149992402318058,-0.018510109358901707,4646.049040179393,-6248.778190426325,25875,46186
0,360,72440,1059,-0.022073484485863763,-0.01816925047259529,4657.262667125943,-6256.265883281916,25908,46238
0,361,69997,1059,-0.02225407992556912,-0.017409895161951,4507.063194865346,-6064.782027415415,24983,44713
0,362,67582,1059,-0.02242369519916198,-0.017429896364883887,4359.30653253791,-5874.7447014876825,24116,43170
0,363,65137,1059,-0.02265145239511069,-0.0176078765504822,4203.221480172329,-5678.66913483266,23248,41605
0,364,62674,1059,-0.0230037296608555,-0.019840089260049158,4042.1611803518535,-5483.89693311632,22292,40115
0,365,60249,1059,-0.02307635190824778,-0.019951415751490564,3896.331115318128,-5286.658241438146,21491,38492
0,366,57766,1059,-0.023193732208254634,-0.01888152888884255,3746.2420702653244,-5086.051205007352,20577,36931
0,367,55255,1059,-0.023363800198115212,-0.018721403659775974,3591.2492414670774,-4882.216021413925,19673,35345
0,368,52821,1059,-0.02332353559163548,-0.019763342450158802,3439.2648472919404,-4671.2373207777155,18825,33776
0,369,50334,1059,-0.023521005439269087,-0.021304930390662318,3282.0069473488843,-4465.913235129053,17916,32203
0,370,47885,1059,-0.02338092087312158,-0.021014693173754186,3138.94761211195,-4258.543008121365,17009,30670
0,371,45440,1059,-0.02344935274271929,-0.021371807487119122,2985.6128738070965,-4051.151462436263,16144,29081
0,372,42992,1059,-0.02355941251634865,-0.020440232484384896,2832.9983770733415,-3845.8646399761988,15255,27558
0,373,40532,1059,-0.02358677127431582,-0.02040737337555424,2679.5679876651957,-3635.5870009557625,14326,26019
0,374,38064,1059,-0.024109705088634793,-0.021619800563777335,2510.1019088273883,-3427.8137233211805,13455,24437
0,375,35603,1059,-0.024463677841097636,-0.022812112262292492,2346.631168058722,-3217.611490235322,12580,22842
0,376,33196,1059,-0.02476790355480941,-0.022443575843784615,2185.80981154348,-3008.005137948938,11717,21342
0,377,30737,1059,-0.024961170955500836,-0.02317703021674359,2027.3095788027867,-2794.5410904620117,10834,19757
0,378,28304,1059,-0.025138795343555675,-0.023722894475363958,1867.402285366005,-2578.9307487700057,9982,18187
0,379,25808,1059,-0.025436943165046185,-0.02485468542872978,1703.5002677539264,-2359.9768969574366,9101,16575
0,380,23313,1059,-0.02557549592067545,-0.025286627993392128,1547.4560452540788,-2143.6975816527793,8212,14981
0,381,20807,1059,-0.025869337362528062,-0.025919992177989074,1388.1084061608606,-1926.3717086629836,7307,13394
0,382,18351,1059,-0.02603536310699029,-0.02666087445824239,1228.6484447201121,-1706.4233930964915,6422,11841
0,383,15847,1059,-0.02619162216057042,-0.027814565094231584,1069.6374819677076,-1484.696118346267,5534,10242
0,384,13344,1059,-0.02720023628984444,-0.02842929384846412,896.7564113034008,-1259.7163643550841,4650,8631
0,385,10769,1059,-0.028321527538223472,-0.029053219979295865,722.4583546726668,-1027.4528847317943,3739,6995
0,386,8189,1059,-0.03029011681707521,-0.031000342244154995,547.4202846867553,-795.466051301786,2817,5332
0,387,5575,1059,-0.0325537016810051,-0.03211280180992533,370.8004853045857,-552.2873721761891,1907,3648
0,388,2843,1057,-0.03476498783068082,-0.033885064390911906,188.53911855685692,-287.3759789594818,951,1877
1,0,158708,2132,0.0,0.0,0.0,0.0,0,0
1,1,150529,2132,-0.00021136875026608534,-0.00028599288701291494,953.8164668039739,-985.6335934127754,69793,73899
1,2,149107,2132,-0.0004458302683183113,-0.00013384918177806524,1277.2033679826425,-1343.6797818007842,69318,75003
1,3,148176,2131,-0.0007973017597441837,-0.0006108223361993465,1490.6151336504631,-1608.7561192023145,68762,75546
1,4,147540,2132,-0.0011487710801086207,-0.0008402043689095929,1663.3658358642708,-1832.8555210234938,67954,76249
1,5,147617,2132,-0.001507641327901872,-0.0011127261320215216,1829.383594552886,-2051.9370844537757,67447,77218
1,6,147652,2132,-0.0017577355705849567,-0.0013371877199702322,1997.5312123116087,-2257.0643847796186,67311,77723
1,7,147515,2131,-0.0019492264709341338,-0.0015291325733225347,2141.6694156084527,-2429.2095584682997,66841,78175
1,8,147362,2131,-0.0021234824331685335,-0.001527262350744131,2271.815407819537,-2584.736026136116,66509,78511
1,9,147188,2131,-0.0022768150502300247,-0.001570285343419706,2392.514634974987,-2727.634488588239,66294,78726
1,10,147134,2132,-0.0024493188657156756,-0.0019166846140269511,2511.739274429744,-2872.117356417949,66088,78940
1,11,147150,2132,-0.002617494564713004,-0.0023332983817607256,2628.0305835395557,-3013.1949087370763,65867,79286
1,12,146969,2132,-0.002711386944927112,-0.001974274768818229,2731.1486979271317,-3129.6385258361415,65706,79319
1,13,146871,2131,-0.002873978680596496,-0.0019390160962648169,2818.905126224597,-3241.009249022482,65498,79466
1,14,146706,2132,-0.0030366859475631377,-0.0019286188458627004,2897.2388726139166,-3342.738921237108,65176,79694
1,15,146606,2132,-0.0031706422488928083,-0.0019269042135492513,2976.805339012851,-3441.6405165540364,64719,80096
1,16,146472,2132,-0.0033529700587957385,-0.002476331559228226,3053.513294224405,-3544.629524676334,64386,80327
1,17,146382,2132,-0.0035450446495104092,-0.002546547473253903,3124.593699557989,-3643.524425442616,64120,80536
1,18,146183,2132,-0.0037604621745544165,-0.0026678120203634265,3186.842024899741,-3736.557666962631,63775,80808
1,19,146109,2132,-0.0039514723301080764,-0.0028607949239433136,3249.644563889666,-3826.990234569418,63521,80988
1,20,145976,2132,-0.004132155878836488,-0.0028371266210663517,3310.5683962495195,-3913.7639828185606,63413,80992
1,21,145896,2132,-0.00431367690450242,-0.003043985969397802,3370.939530717504,-4000.2877363767966,63306,81007
1,22,145838,2132,-0.004510059895933627,-0.003770417818002814,3421.252176385059,-4078.9902914882105,63032,81286
1,23,145764,2132,-0.004614644270385912,-0.0035170523268192137,3478.1966563987935,-4150.845663827356,62821,81476
1,24,145625,2132,-0.004697030197772438,-0.0032877394856638937,3535.90534948614,-4219.91037203676,62625,81484
1,25,145533,2132,-0.004795275099136356,-0.0029364737252384585,3594.603864235083,-4292.474635237698,62439,81651
1,26,145382,2132,-0.004946363343904766,-0.003551209142891355,3647.6103094016335,-4366.7225050652105,62304,81677
1,27,145268,2132,-0.00518166497042851,-0.003813650991452523,3693.156304138044,-4445.886411062272,61993,81849
1,28,145237,2132,-0.005342448309464222,-0.003815388367119695,3737.0759542222445,-4512.997119343905,61867,82000
1,29,145135,2132,-0.005481459561832731,-0.004075950526362281,3779.9684377903914,-4575.52007129697,61753,81964
1,30,144974,2132,-0.005601033814085404,-0.003822080063138529,3816.5603920500384,-4628.56466821324,61590,82045
1,31,144965,2131,-0.005688431725507526,-0.003882956994263978,3862.855861229663,-4687.479366317868,61263,82397
1,32,144903,2132,-0.005823666492403746,-0.004377825279600912,3904.6424079436547,-4748.509153692456,61099,82469
1,33,144841,2131,-0.00593858880634376,-0.0041292371288337935,3945.109243246241,-4805.260384545894,61005,82570
1,34,144679,2130,-0.006092619510459538,-0.004431989878799614,3980.222110822919,-4861.6962089767,60854,82552
1,35,144553,2132,-0.006202066779867712,-0.004456628412261366,4019.844347163438,-4916.371706393639,60896,82412
1,36,144482,2132,-0.006335006499011237,-0.004539602223199821,4059.23444977979,-4974.52885876994,60589,82671
1,37,144478,2130,-0.006446697503488678,-0.0042596937207511135,4104.689622733327,-5036.095584642347,60571,82726
1,38,144439,2131,-0.006589274119171002,-0.0047312037206868815,4138.910603332412,-5090.658767831384,60369,82850
1,39,144253,2132,-0.006703917951966029,-0.004811301588434505,4179.034953677278,-5146.0952300022345,60118,82874
1,40,144214,2132,-0.0067837393619321375,-0.004780299539344461,4216.691641032193,-5195.0018293739,59943,83021
1,41,144237,2131,-0.006917157255026739,-0.005176154481670946,4248.251351444718,-5245.961362438031,59915,83100
1,42,144075,2131,-0.0070465257209607005,-0.005400116851605315,4276.239540395999,-5291.467733643402,59764,83121
1,43,143962,2131,-0.007211682139841429,-0.0053234177713354066,4299.773275351233,-5337.981459567085,59542,83313
1,44,143857,2131,-0.00740138102884883,-0.005850968470917433,4321.894681787261,-5386.635152454382,59369,83310
1,45,143795,2129,-0.007540026592195149,-0.0058118309025100455,4350.6909266061375,-5434.909050430833,59385,83293
1,46,143790,2131,-0.007705387485362185,-0.006005406504974559,4383.056438831276,-5491.014105351512,59318,83352
1,47,143655,2132,-0.00782652426916992,-0.0058484287002082734,4411.625226410759,-5535.944570298362,59174,83348
1,48,143598,2131,-0.007926778103959534,-0.005769249805890404,4441.727065750078,-5579.996547922444,59003,83489
1,49,143486,2132,-0.008052246939984537,-0.006776076565260472,4465.136360005185,-5620.521064435779,58923,83546
1,50,143383,2132,-0.008181094730709734,-0.006707022350003525,4492.500891796641,-5665.530797569995,58612,83617
1,51,143301,2131,-0.008301220999399665,-0.007153974585814746,4519.367087492868,-5708.940357927861,58589,83662
1,52,143256,2132,-0.008425790142374595,-0.007333624406546882,4545.300186246013,-5752.345178882028,58524,83678
1,53,143278,2132,-0.00849091526666405,-0.006882132111910564,4580.524032076407,-5797.085389653497,58484,83703
1,54,143166,2131,-0.008588957740355632,-0.00686175079553731,4607.911446548846,-5837.558170404606,58309,83795
1,55,142996,2131,-0.008599330825831955,-0.006919343209101149,4642.338688744724,-5872.008599515427,58198,83756
1,56,142992,2131,-0.008682496203249996,-0.007116968379771364,4674.0125322548665,-5915.540029349992,58264,83691
1,57,142801,2131,-0.008760695322874226,-0.007468046242115849,4694.893537930054,-5945.929590731816,58017,83759
1,58,142776,2132,-0.008852333589167925,-0.007794750738581194,4718.286261637566,-5982.187042164603,57966,83791
1,59,142738,2131,-0.008855177122720735,-0.007774551048598477,4752.423145264212,-6016.393417407126,57986,83745
1,60,142570,2131,-0.008936247032846848,-0.007769643004068998,4779.11357868556,-6053.154318158531,57864,83697
1,61,142421,2132,-0.009039229614150195,-0.007979625685714916,4800.261208160025,-6087.6373290369165,57688,83710
1,62,142228,2132,-0.009099546229967405,-0.007893023184873803,4820.2162788832475,-6114.426540079054,57617,83627
1,63,142147,2132,-0.009229116821508796,-0.007596621707483929,4834.706129449011,-6146.597398276013,57478,83714
1,64,142067,2131,-0.009255796010070979,-0.007919450804992869,4862.725471244389,-6177.6686430071395,57400,83698
1,65,142010,2131,-0.00927715291271547,-0.00835729801350026,4894.313732626105,-6211.762217760841,57375,83623
1,66,142104,2131,-0.009240727234289824,-0.008412208763195013,4931.985674534912,-6245.129977436437,57543,83623
1,67,141901,2132,-0.009221137302207211,-0.008039432874239631,4966.467543163802,-6274.956147484321,57359,83568
1,68,141834,2132,-0.009298755194265476,-0.007874373544553484,4989.041383330336,-6307.92102755379,57358,83525
1,69,141753,2132,-0.009367281032952089,-0.008102687090464135,5003.126312929838,-6330.966501193871,57176,83591
1,70,141603,2132,-0.009490926277740602,-0.008492508388428318,5018.230924336754,-6362.174558043668,57083,83559
1,71,141484,2132,-0.009622881385311982,-0.008803154841971882,5032.570270186969,-6394.054020106469,57027,83525
1,72,141505,2132,-0.009639177029938162,-0.008860258022112185,5059.863453240682,-6423.855198862099,57018,83567
1,73,141411,2132,-0.009624270932070468,-0.008342367145778202,5086.908019810578,-6447.88579658559,56942,83538
1,74,141361,2132,-0.009678782240962277,-0.008805916549572435,5108.382718998739,-6476.585055363431,56924,83582
1,75,141270,2132,-0.009706368878332221,-0.008793433903081634,5131.788685246962,-6503.0074166889535,56673,83703
1,76,141299,2132,-0.009775476591964129,-0.009352033059923066,5157.279132513124,-6538.544199481056,56740,83689
1,77,141123,2132,-0.009846919661157902,-0.00901663208661299,5174.9343017586325,-6564.5611451002,56603,83650
1,78,141010,2132,-0.009828388410040951,-0.00925860138828484,5207.535370621385,-6593.43642032126,56391,83760
1,79,141017,2132,-0.009806341681908843,-0.008739659914348481,5237.316431509163,-6620.177316466914,56262,83880
1,80,140895,2132,-0.009882867946132775,-0.00910804076118215,5252.944510313771,-6645.391189584147,56081,83978
1,81,140894,2132,-0.009849216511482729,-0.009517331924007283,5284.7324704264665,-6672.427981595304,56146,83904
1,82,140716,2132,-0.009899859820276368,-0.0096594576830724,5300.2841259116585,-6693.352800381686,56044,83831
1,83,140640,2131,-0.009885574949371567,-0.009768517116944162,5320.577559110275,-6710.884819989899,56125,83728
1,84,140614,2130,-0.009952773183531303,-0.00963256976453446,5339.4044271038665,-6738.9036755329225,56097,83734
1,85,140509,2132,-0.009893376501089351,-0.009564533603355154,5368.098415737903,-6758.2068545294715,56037,83676
1,86,140411,2132,-0.00992549010508114,-0.00968796117623793,5386.749228229334,-6780.397219373884,55919,83665
1,87,140327,2132,-0.00997422268959756,-0.00981438470581845,5396.384629405432,-6796.0373767686215,55902,83591
1,88,140248,2132,-0.009963897602363686,-0.009959923130807563,5414.188831256002,-6811.6055421923165,55873,83601
1,89,140212,2132,-0.00992263920654872,-0.009574194393446468,5438.888517549984,-6830.1616059785865,55864,83604
1,90,140102,2132,-0.009927327281532275,-0.009129102820072788,5455.324677262907,-6846.163084060149,55868,83492
1,91,140058,2132,-0.00992944160597256,-0.009584120304337918,5480.184166691842,-6870.8818991411545,55847,83433
1,92,140067,2132,-0.00988401401489039,-0.00893362676686189,5507.751526035538,-6892.175717059187,55943,83366
1,93,139952,2132,-0.009930851319822704,-0.009146054133501403,5521.438800355327,-6911.281304267164,55857,83381
1,94,139967,2132,-0.010007225931137145,-0.009195917387152435,5531.668931218382,-6932.3503231218765,55872,83343
1,95,139814,2132,-0.009933692247956061,-0.009429439331333658,5552.213839136281,-6941.083087092009,55834,83227
1,96,139824,2131,-0.009824422492969607,-0.009324555389186723,5582.423529560032,-6956.1135802170065,55842,83152
1,97,139775,2131,-0.009765216392312861,-0.009405134385783148,5610.676327257528,-6975.609448493045,55799,83191
1,98,139575,2131,-0.009681570715096418,-0.00955969426655128,5637.28695168749,-6988.592184247052,55725,83053
1,99,139561,2131,-0.009660757452997187,-0.00910133465470523,5660.660310298693,-7008.925281196471,55922,82923
1,100,139533,2131,-0.00969431163478384,-0.009151042209012979,5683.089439347673,-7035.765824683953,55930,82882
1,101,139389,2128,-0.009706350700291216,-0.009211591632016887,5699.046132431783,-7052.0046501946745,55865,82803
1,102,139303,2132,-0.00963270367404523,-0.009123403079913146,5719.472719364841,-7061.337239270371,55785,82789
1,103,139151,2132,-0.009665237491833841,-0.009075520930507883,5729.44463769611,-7074.372099922288,55648,82756
1,104,139182,2132,-0.009666744931241745,-0.009225806399663554,5754.094909635045,-7099.5318026551395,55678,82757
1,105,139081,2131,-0.009702849796663266,-0.009657941650889953,5769.685398408213,-7119.167450977982,55574,82753
1,106,139061,2131,-0.009656755874692696,-0.00954136141144237,5789.207794838459,-7132.085923529118,55630,82689
1,107,138944,2131,-0.009621070028715938,-0.00949169345157464,5812.696778417031,-7149.486732486955,55543,82691
1,108,138832,2131,-0.009541812031979879,-0.009232530620125197,5829.373854065839,-7154.082702089657,55524,82591
1,109,138703,2132,-0.00961748031584267,-0.00931572095039214,5832.963717254521,-7166.93708950285,55538,82406
1,110,138615,2131,-0.009458885446033476,-0.009192477098380952,5864.343974763482,-7175.487380865399,55491,82404
1,111,138656,2131,-0.009519490117176238,-0.00925438644911306,5878.669301912726,-7198.603723599903,55475,82465
1,112,138629,2131,-0.009500589298599054,-0.008804578371011751,5903.396782134209,-7220.453976009683,55453,82433
1,113,138597,2130,-0.009382342126003688,-0.008561462360040491,5936.271773001155,-7236.636244638878,55448,82378
1,114,138540,2131,-0.009298547209033397,-0.008653535323968516,5957.679854426047,-7245.900584765554,55448,82364
1,115,138404,2130,-0.009349397538825268,-0.009221726142603567,5968.704402102737,-7262.698419066334,55437,82250
1,116,138341,2129,-0.00937383708510683,-0.008578445483155828,5982.36483085291,-7279.150827043643,55341,82311
1,117,138286,2130,-0.009318959867285715,-0.008309023775841204,6007.851581546704,-7296.533265754169,55262,82319
1,118,138162,2131,-0.00933006691093813,-0.008664650497394706,6017.941746921426,-7307.002451470439,55193,82209
1,119,138169,2129,-0.009441395255076644,-0.009010872147057248,6021.768197593883,-7326.276338592581,55209,82251
1,120,138086,2130,-0.009300346892211604,-0.008669632346571941,6048.058111801452,-7332.3058127594,55167,82222
1,121,138005,2129,-0.00933168829312074,-0.00877770377175002,6055.171101622902,-7342.990744515034,55091,82213
1,122,137888,2129,-0.009431821612019492,-0.008804236987291937,6066.458352443522,-7366.993370881651,55121,82041
1,123,137852,2132,-0.00939573678574236,-0.009166321726292937,6085.477791993899,-7380.698899382029,55131,82018
1,124,137747,2129,-0.009329311755805845,-0.008408671401640713,6105.650175225861,-7390.7348816528565,55047,81971
1,125,137736,2130,-0.009472253918872681,-0.00923515747939067,6110.686909252702,-7415.357275022543,54982,82050
1,126,137719,2129,-0.009371769680740228,-0.009181765684219812,6131.42481357916,-7422.095562241021,54967,82052
1,127,137616,2129,-0.009249360202557016,-0.008462990620049708,6156.808249126264,-7429.668202761355,54897,82005
1,128,137687,2130,-0.009243350488634937,-0.008502684078833101,6178.029587628482,-7450.718786357174,54899,82088
1,129,137609,2131,-0.009209665709450914,-0.008921701968108011,6191.574713808592,-7458.907602420452,54955,81953
1,130,137586,2131,-0.009197747536036962,-0.008828392818768554,6210.698541024968,-7476.179833518179,54876,82012
1,131,137479,2130,-0.009238798230993777,-0.009073162147633991,6219.439114962823,-7489.579856961619,54798,82011
1,132,137428,2131,-0.009165112634651347,-0.008991469044711205,6236.425697199611,-7495.96879635449,54799,81891
1,133,137486,2131,-0.009007136890336222,-0.008800691531483692,6269.422397508667,-7507.7776200134285,54935,81831
1,134,137329,2131,-0.008855764121555436,-0.009092510194905637,6295.645072580227,-7511.798303629303,54858,81785
1,135,137382,2131,-0.00876650701876217,-0.008413746022712887,6316.185723888192,-7520.5459911397675,54979,81734
1,136,137352,2130,-0.008645096257583236,-0.008350470434320514,6337.878240060791,-7525.299501232343,54889,81752
1,137,137296,2131,-0.00867723633301162,-0.008570812428166368,6349.215148693454,-7540.564988270613,54853,81765
1,138,137291,2129,-0.008670284228101725,-0.007959522210402957,6366.264038462049,-7556.61603042235,54799,81798
1,139,137266,2130,-0.008604276803283092,-0.00783446670044278,6394.020374379166,-7575.095034058628,54762,81801
1,140,137196,2131,-0.008656355226303512,-0.008325678862778295,6399.1388012153875,-7586.756112843294,54783,81717
1,141,137104,2130,-0.00860140339160061,-0.008532831821411731,6414.996203511867,-7594.28301411388,54775,81639
1,142,137084,2128,-0.008491166950732888,-0.008308845742945032,6434.624508516041,-7598.627638790319,54686,81665
1,143,136998,2129,-0.008540987705043919,-0.008431244957140451,6441.400336759582,-7611.498570375207,54597,81687
1,144,136988,2130,-0.008471209056364575,-0.008421262949157208,6459.602922172204,-7620.05690838549,54545,81735
1,145,136924,2130,-0.008418344781076519,-0.00864058233573901,6472.1126191279955,-7624.78605993209,54461,81787
1,146,136886,2131,-0.008328836691888922,-0.008972963384928857,6489.248348661034,-7629.34948806694,54461,81753
1,147,136856,2131,-0.008295714122621044,-0.008786306985890831,6508.254400006587,-7643.572651972011,54302,81840
1,148,136789,2130,-0.008307568306884342,-0.008974345177859812,6514.7461244111055,-7651.130085541494,54270,81851
1,149,136707,2132,-0.008285749585235992,-0.008416947972001789,6528.997444360678,-7661.717412909516,54259,81755
1,150,136666,2132,-0.008230058200496748,-0.008915970888017773,6548.702577181402,-7673.4717112105,54147,81770
1,151,136613,2131,-0.008181282876024817,-0.008278584033361031,6568.846657410769,-7686.51625495313,54088,81827
1,152,136536,2132,-0.00796931537749101,-0.008657844295218526,6602.22954979905,-7690.32799418017,54142,81746
1,153,136343,2130,-0.007896264592482416,-0.008480670533268907,6613.934645853603,-7690.535049186466,54088,81577
1,154,136365,2129,-0.007820220306012069,-0.007775184764102498,6635.263153790848,-7701.667495820182,54156,81492
1,155,136348,2130,-0.007798283808950481,-0.008256105703703403,6646.813179917212,-7710.0935807,54131,81557
1,156,136191,2130,-0.007890092788212455,-0.007988209772801978,6639.212415224131,-7713.7720421435415,54003,81542
1,157,136094,2130,-0.007902411288047785,-0.008211340313132824,6651.783103237841,-7727.253865073415,53963,81465
1,158,136117,2131,-0.007913144707541881,-0.008540970489770915,6670.1783676515315,-7747.291885808009,53844,81628
1,159,136009,2131,-0.007859301664156007,-0.008206837251610054,6687.919033602023,-7756.854793642229,53840,81526
1,160,135907,2131,-0.007774342864253083,-0.008295389923363579,6710.2783363166245,-7766.865951968652,53735,81492
1,161,135721,2130,-0.007808760808171023,-0.008281894062317751,6716.480973896605,-7776.29379954236,53697,81352
1,162,135727,2130,-0.007797232861227628,-0.008589985264874011,6725.545553390495,-7783.84057794633,53710,81357
1,163,135632,2131,-0.0077505507587582005,-0.008632510738825358,6735.6141214782565,-7786.836821990136,53727,81263
1,164,135592,2132,-0.007678926346060161,-0.008121775360775248,6754.303261001488,-7795.50424211646,53724,81219
1,165,135372,2131,-0.0076626770587744026,-0.007911514825442554,6765.363530173516,-7802.675448973923,53555,81148
1,166,135353,2128,-0.007724208701598187,-0.007754036443886074,6778.066882839271,-7823.561703226719,53527,81140
1,167,135299,2130,-0.007808918796489944,-0.007513270131180118,6782.247441980817,-7838.7863462271025,53399,81217
1,168,135234,2131,-0.007881228236469747,-0.007778408506316463,6788.715236919251,-7854.525256250012,53475,81117
1,169,135212,2130,-0.007952406905037413,-0.008045562115656383,6792.821511185433,-7868.082353629342,53520,81082
1,170,135143,2130,-0.007941272577299329,-0.008265320624591406,6806.1101579846445,-7879.317557898604,53378,81070
1,171,135039,2129,-0.007894469523339939,-0.008158941793159569,6826.595584083805,-7892.6568540460885,53357,81028
1,172,135009,2131,-0.00782978359086539,-0.00794802025825243,6849.867755709862,-7906.959008529021,53366,80981
1,173,134991,2131,-0.007720516233740816,-0.007923164416282508,6871.574079484956,-7913.774286393859,53337,80995
1,174,134860,2131,-0.007858551976682136,-0.008570428525057532,6863.429566139635,-7923.233885714981,53285,80917
1,175,134783,2131,-0.007805947853469282,-0.008356243555960905,6874.708025155328,-7926.817094689474,53283,80829
1,176,134762,2131,-0.007935185846761323,-0.007917774031203629,6876.6572016069,-7946.018716688172,53347,80771
1,177,134654,2131,-0.008030081246133362,-0.008414623862449868,6877.389864376076,-7958.672424492866,53339,80664
1,178,134686,2130,-0.008016641080283266,-0.008179732335372369,6896.031895653208,-7975.761216192213,53262,80752
1,179,134595,2122,-0.007941343690589039,-0.007895111532360128,6910.2014749354985,-7979.066628970385,53259,80650
1,180,134571,2117,-0.008037583846343265,-0.008267639165813407,6910.612944282173,-7992.2386400684245,53264,80620
1,181,134429,2115,-0.007950843910671175,-0.008214643264669946,6926.197949728593,-7995.0219457962085,53124,80642
1,182,134340,2117,-0.008012752501818408,-0.008972971270918608,6934.6305446004035,-8011.063715694677,53112,80603
1,183,134350,2116,-0.008132684383584046,-0.008863443003924245,6938.143206621049,-8030.769353555555,53033,80658
1,184,134326,2117,-0.008134050768134471,-0.008803060528414544,6955.786576856501,-8048.401080336912,52981,80711
1,185,134354,2117,-0.008200850409811384,-0.008841301866901548,6962.628756919395,-8064.445812879165,52927,80772
1,186,134232,2117,-0.008308399768936423,-0.008694626251339788,6957.356246678892,-8072.609364462771,52834,80734
1,187,134205,2117,-0.008334037554702212,-0.008070764281833122,6966.550505205757,-8085.02001523458,52788,80772
1,188,134188,2117,-0.008383908278182589,-0.008963259767462015,6965.295656210175,-8090.315540242931,52797,80771
1,189,134207,2116,-0.008408516432267235,-0.008704680561479872,6979.142471107095,-8107.624235932354,52795,80773
1,190,134152,2117,-0.008414528383479511,-0.008572038614873332,6991.6493900995765,-8120.475201800114,52795,80675
1,191,134210,2116,-0.008405992148461001,-0.00924839361494017,7010.364101382361,-8138.532307627313,52793,80793
1,192,134189,2117,-0.00845172407044877,-0.009134869836030103,7016.1573196563795,-8150.285720945808,52821,80688
1,193,134154,2117,-0.008581899517458004,-0.009315968712664493,7016.757586544999,-8168.053734410067,52714,80811
1,194,134162,2117,-0.008679413210546967,-0.009137156458195407,7021.770507117974,-8186.217942271433,52760,80775
1,195,134148,2115,-0.008602384139082297,-0.009148559046003346,7049.539227828199,-8203.531855317777,52645,80856
1,196,134087,2116,-0.008672531683231541,-0.009103889425008246,7054.239331446418,-8217.113087255895,52638,80839
1,197,134152,2117,-0.0086648731108366,-0.009508737711665542,7072.041565686318,-8234.451623251298,52661,80880
1,198,134086,2114,-0.008680979811770307,-0.009085676464996266,7077.196172595443,-8241.194031636547,52595,80803
1,199,134176,2117,-0.008859802397320383,-0.0091609905560666,7079.398044717247,-8268.170891180142,52641,80921
1,200,134051,2117,-0.008898812491682482,-0.009217998615234386,7089.767010339352,-8282.661723661862,52599,80787
1,201,134047,2115,-0.00896959061510221,-0.009753806517328349,7101.806502321735,-8304.153215504315,52617,80784
1,202,133979,2117,-0.00900379989270211,-0.009299121678064804,7112.903193705023,-8319.223299529362,52622,80759
1,203,133866,2114,-0.009241002698650237,-0.009613260153545241,7098.467840213344,-8335.52390747085,52570,80694
1,204,133880,2117,-0.009386364490051582,-0.00974481469269912,7098.731537704637,-8355.378015632736,52608,80662
1,205,133781,2117,-0.00943332133170369,-0.009710182551081482,7107.1453378253045,-8369.144498901926,52583,80566
1,206,133792,2117,-0.00942317079444794,-0.009897317339700937,7121.246487659548,-8381.99135459032,52489,80685
1,207,133756,2117,-0.009357911173674727,-0.009904095335225334,7146.909781982691,-8398.586548928759,52559,80576
1,208,133788,2117,-0.009369472278905446,-0.00968885093518599,7165.178176224421,-8418.701133474668,52537,80653
1,209,133839,2118,-0.009526387569500323,-0.010305376026286813,7169.82152807779,-8444.823713992166,52444,80768
1,210,133852,2117,-0.009683692818383468,-0.009849348830476097,7163.555202803661,-8459.736853929913,52582,80665
1,211,133803,2117,-0.009773829540943633,-0.010125808681515636,7168.072487250815,-8475.840201317718,52518,80668
1,212,133840,2117,-0.009857358500142627,-0.010030114593157637,7168.213571179782,-8487.522432838861,52519,80709
1,213,133787,2116,-0.009937255241599984,-0.009930406028677488,7170.599796219571,-8500.075363227517,52519,80687
1,214,133850,2116,-0.009920015804344304,-0.010466345214760218,7194.35023324965,-8522.144348661159,52587,80638
1,215,133816,2115,-0.009843210095342258,-0.010664825108821564,7219.499629302337,-8536.67863142067,52602,80598
1,216,133781,2117,-0.010095519028449304,-0.011349413097714044,7205.160006261992,-8555.748637406949,52523,80663
1,217,133811,2118,-0.010158444043069398,-0.01094210856840409,7217.681958174779,-8576.993514021953,52558,80661
1,218,133785,2117,-0.010341660152081785,-0.010914679161184082,7207.175688483777,-8590.73469193006,52557,80645
1,219,133759,2117,-0.010447210394702583,-0.011492084904685318,7199.274276481737,-8596.682691666761,52655,80560
1,220,133786,2116,-0.01060209952798304,-0.01115114060970905,7202.859992497835,-8621.27247994854,52523,80680
1,221,133729,2118,-0.010556286010839784,-0.010852788363190605,7217.0045770672305,-8628.686149010846,52608,80552
1,222,133706,2117,-0.010687494693594405,-0.011162159133220356,7223.105491027971,-8652.087656529693,52587,80553
1,223,133762,2118,-0.010842652857469997,-0.010826042011406925,7222.403773734395,-8672.738705255286,52614,80556
1,224,133791,2116,-0.010832414587037398,-0.01162990182786916,7236.871458243478,-8686.151038257794,52593,80609
1,225,133732,2116,-0.010856801798530952,-0.012045979390985005,7246.118232154114,-8698.020050275265,52648,80511
1,226,133676,2115,-0.010826781478519678,-0.012134446160610978,7255.326969786976,-8702.607810709575,52686,80387
1,227,133609,2117,-0.010833538155625596,-0.012133217061888604,7271.346346841093,-8718.804546276098,52620,80377
1,228,133751,2117,-0.01096548244183749,-0.01176515389658363,7278.137110743335,-8744.781352821581,52647,80501
1,229,133705,2117,-0.01112973417763062,-0.011664169006786743,7270.918731194733,-8759.019839414823,52544,80530
1,230,133667,2118,-0.01121862282846071,-0.011787114803623381,7266.292201561618,-8765.851859173472,52616,80450
1,231,133711,2117,-0.01117080878238357,-0.012401084669211606,7283.671769210383,-8777.331782311654,52602,80522
1,232,133672,2118,-0.011364764595552692,-0.01167552085572589,7274.991336187148,-8794.142149203873,52520,80562
1,233,133659,2117,-0.011478578480318644,-0.011850766992917915,7268.511941862703,-8802.727262963595,52489,80548
1,234,133641,2117,-0.011712185808001358,-0.011347707008677389,7254.192276343196,-8819.420499910302,52475,80546
1,235,133675,2118,-0.01188719566600142,-0.01141988134807753,7253.610511865007,-8842.63139251772,52400,80664
1,236,133668,2116,-0.011947769903453392,-0.011017955444262892,7252.540010054229,-8849.574517509049,52464,80592
1,237,133596,2117,-0.011804455261279758,-0.01197812465394688,7283.52105981002,-8860.549064895946,52487,80573
1,238,133599,2116,-0.0118654681140962,-0.011312386281179828,7290.268516571421,-8875.483191146559,52499,80535
1,239,133641,2116,-0.011752127073571284,-0.01105619401345551,7322.82184862359,-8893.387862862723,52526,80529
1,240,133581,2117,-0.011760972493840954,-0.011568731780914776,7332.5472187162895,-8903.589685416064,52450,80555
1,241,133549,2116,-0.011655589511346952,-0.010802754375458842,7356.84959922095,-8913.441922871845,52460,80507
1,242,133542,2117,-0.011728453246824004,-0.011879575831605283,7361.863035893478,-8928.104139380861,52486,80480
1,243,133558,2116,-0.011697124278950817,-0.011305640996330512,7377.573649918996,-8939.81817436711,52410,80547
1,244,133558,2117,-0.011873915545619248,-0.011496558153857315,7366.8856259534305,-8952.742038395258,52417,80550
1,245,133489,2116,-0.0119532579927615,-0.011947343347585303,7372.471370448432,-8968.099826644202,52330,80571
1,246,133555,2116,-0.012002372623961277,-0.011891720491083738,7383.77305063122,-8986.749926424392,52403,80598
1,247,133630,2116,-0.012190369267006103,-0.011618933994031322,7383.983519741831,-9012.98256489184,52379,80633
1,248,133617,2117,-0.01215636434797761,-0.011689654300458959,7398.363832706696,-9022.660767790412,52345,80692
1,249,133648,2115,-0.01209040875472305,-0.012137785293158558,7419.268650683788,-9035.127599934998,52381,80678
1,250,133558,2114,-0.012144727172796008,-0.012014758962185441,7423.013095806377,-9045.038567550662,52362,80641
1,251,133517,2115,-0.012186286527888212,-0.0120994975474053,7426.647908260133,-9053.724326604213,52335,80633
1,252,133452,2115,-0.012071138868943988,-0.011671720120717547,7454.717293950721,-9065.634918289,52274,80588
1,253,133547,2116,-0.012046897100335659,-0.011549908580329499,7477.170070396005,-9085.997037454537,52303,80640
1,254,133579,2116,-0.012044756069174605,-0.011464537636362715,7494.079936563162,-9103.006407527446,52313,80713
1,255,133652,2116,-0.01206573908989132,-0.01237977920593016,7517.9106609339005,-9130.520821776072,52292,80788
1,256,133641,2115,-0.01200451515537058,-0.011876080757419364,7540.586416600188,-9144.881826479077,52263,80794
1,257,133626,2114,-0.012045071317027,-0.011948652217901213,7548.280660998739,-9157.815360807763,52251,80797
1,258,133640,2114,-0.012010944568850693,-0.012050651176192905,7570.550610022397,-9175.693242203604,52207,80825
1,259,133626,2116,-0.012060102250040741,-0.011698597974079634,7575.704563694592,-9187.247786958535,52172,80862
1,260,133694,2114,-0.011990142717295526,-0.011647437821598449,7595.586022145437,-9198.596162591564,52235,80871
1,261,133739,2116,-0.012028479844585563,-0.01162180949220172,7606.069417249076,-9214.746283184119,52305,80862
1,262,133728,2117,-0.011962211593274942,-0.011622221189314143,7624.115395625259,-9223.798027570723,52305,80827
1,263,133774,2116,-0.011924399414367202,-0.011702304083034413,7639.471726986273,-9234.646334243811,52350,80809
1,264,133810,2114,-0.011925653261968665,-0.01161252901759827,7648.281918555432,-9244.053581539489,52428,80777
1,265,133810,2116,-0.011844871828056536,-0.011536002360132686,7671.6721260889935,-9256.63442540124,52468,80727
1,266,133800,2115,-0.011846500891765527,-0.011402455280986335,7680.527363263526,-9265.589182581758,52463,80733
1,267,133878,2115,-0.011986547975679667,-0.011963504407746491,7677.632317222676,-9282.36738711069,52499,80808
1,268,133871,2115,-0.011971121067310641,-0.011946964798118078,7687.468475669739,-9290.054424071664,52446,80843
1,269,133889,2117,-0.011847837856277427,-0.011478427096301824,7716.290888187201,-9302.586050926324,52431,80876
1,270,134012,2116,-0.011898566900727128,-0.011898014846688043,7722.7093062780295,-9317.260053778273,52519,80891
1,271,134103,2118,-0.011884981017804549,-0.011919566674357531,7737.687760607022,-9331.499370037636,52538,80994
1,272,134052,2116,-0.011851364644098897,-0.011655957871025769,7748.370793699231,-9337.06992697,52500,80928
1,273,134086,2116,-0.011859726958693632,-0.012026255883604632,7758.75561350716,-9348.978962490533,52535,80974
1,274,134158,2117,-0.011742327393742539,-0.01188009576310078,7782.35409430643,-9357.68125279617,52597,80982
1,275,134192,2115,-0.011735212488683444,-0.011823693288265045,7795.801340330962,-9370.5729746124,52639,81005
1,276,134269,2118,-0.011690835077004552,-0.011893360934622087,7807.036237219777,-9376.752972174078,52744,80941
1,277,134247,2117,-0.01158339851412858,-0.011410556373021831,7821.034924627617,-9376.071424953827,52725,80929
1,278,134335,2116,-0.01152624583462474,-0.011198084362594209,7835.852290209962,-9384.230524404282,52749,81035
1,279,134398,2118,-0.011480794545366796,-0.011698496890661254,7848.644000867121,-9391.639826175302,52860,80973
1,280,134442,2117,-0.011462227524871846,-0.011676178227959801,7863.12042454968,-9404.125217448469,52760,81097
1,281,134566,2117,-0.01134454484715145,-0.011428850119605708,7878.88577265103,-9405.47579455279,52894,81123
1,282,134635,2116,-0.011352388215121629,-0.01149204684511927,7886.525251414465,-9414.954038757332,52955,81142
1,283,134729,2117,-0.011423789844602279,-0.012017679754016498,7894.092388426046,-9433.208170399454,52953,81206
1,284,134810,2117,-0.011399751559763137,-0.01192069157859003,7909.255639542726,-9446.056147314368,53006,81258
1,285,134809,2117,-0.011267610798233218,-0.01179774073216801,7939.945457033466,-9458.920801132479,53025,81239
1,286,134955,2117,-0.011274007277523776,-0.01166144595569945,7944.883895076607,-9466.367547214826,53147,81254
1,287,135022,2118,-0.011306917719692822,-0.012032014187246963,7954.908601144393,-9481.591245492757,53179,81259
1,288,135148,2117,-0.011278222335847552,-0.012062822004593434,7969.292404844969,-9493.521597090083,53314,81273
1,289,135265,2118,-0.01124388653950325,-0.011640913186939291,7988.672790768632,-9509.577103534555,53338,81350
1,290,135402,2116,-0.011350401931173185,-0.012059297083339728,7989.540637374969,-9526.40775965971,53414,81413
1,291,135509,2118,-0.011249026421901221,-0.01222087858050987,8020.975934111245,-9545.320255516655,53463,81450
1,292,135622,2118,-0.011250099596504741,-0.011480700953379856,8030.46615478365,-9556.22716226081,53494,81552
1,293,135650,2117,-0.011326514946729805,-0.011227078802305099,8030.978471040871,-9567.420223564752,53542,81554
1,294,135761,2116,-0.011478798870137393,-0.011591312689255343,8034.147653743803,-9592.520867152498,53653,81546
1,295,135914,2118,-0.011401927037994499,-0.011970782294133436,8060.396611806933,-9610.078123248933,53690,81629
1,296,135960,2118,-0.01149428855140822,-0.011738926452928549,8059.1399427717415,-9621.903414221217,53771,81635
1,297,136050,2118,-0.011481271568585511,-0.011640051445957873,8075.849051028406,-9637.876047934458,53821,81657
1,298,136165,2117,-0.01155084762395877,-0.011813106326938418,8080.232923613691,-9653.05409033005,53824,81794
1,299,136186,2118,-0.011497833722623575,-0.011246520723202676,8097.22722997414,-9663.07121332334,53890,81744
1,300,136377,2117,-0.011558965551552664,-0.011307484176668756,8107.575316736315,-9683.952361760406,54055,81775
1,301,136481,2118,-0.0116698341542902,-0.01150429474644127,8112.606270992188,-9705.31690620385,53963,81919
1,302,136631,2118,-0.011671745220891337,-0.011803818906247349,8137.54586821736,-9732.268089492996,53983,82088
1,303,136719,2116,-0.01176284772120558,-0.011505586718367475,8139.4082892420865,-9747.613066837583,53975,82141
1,304,136899,2116,-0.01188881571646477,-0.01160069534772806,8141.349211113393,-9768.916193881647,54104,82174
1,305,137002,2116,-0.01207929209810762,-0.01185495477276877,8144.963878040639,-9799.851054065608,54049,82352
1,306,137132,2116,-0.012160806997762454,-0.011500941067675494,8155.130762859877,-9822.766548077012,54132,82413
1,307,137349,2116,-0.012234199243157834,-0.011858047102463609,8166.665816298193,-9847.020848146654,54274,82480
1,308,137436,2115,-0.012254984776947902,-0.01193215123972835,8184.7534607965035,-9869.029548601105,54259,82571
1,309,137561,2117,-0.012258241158688893,-0.011923907499227358,8202.538283046877,-9888.794195077295,54233,82787
1,310,137693,2117,-0.01221784234278403,-0.011924273877821388,8222.352750909678,-9904.66411661465,54295,82831
1,311,137911,2116,-0.012248194948002774,-0.011778779408379887,8235.620649416656,-9924.78146289066,54406,82962
1,312,138057,2117,-0.01230921053691321,-0.012263427602124455,8248.543401351553,-9947.916080446148,54415,83064
1,313,138181,2117,-0.012410613583203455,-0.011873474113648464,8260.394209957176,-9975.305205497836,54539,83034
1,314,138303,2117,-0.0126723881972573,-0.01196377890990611,8250.168256607272,-10002.797561452511,54523,83201
1,315,138545,2117,-0.012778652768146838,-0.012166204123033706,8265.674137512555,-10036.092585275468,54596,83366
1,316,138767,2117,-0.012898329215845153,-0.011977856001589286,8273.987944743512,-10063.8503950387,54659,83496
1,317,138944,2116,-0.01288515055598509,-0.011905738235818615,8294.609709795202,-10084.924068645996,54713,83597
1,318,139233,2116,-0.012856978038547894,-0.012204274972825408,8331.64071943337,-10121.756342674518,54822,83794
1,319,139400,2117,-0.012774534577572124,-0.012111486783941533,8359.306552423965,-10140.07667253753,54808,83974
1,320,139700,2116,-0.012906741113749247,-0.011616496620234167,8367.090509541322,-10170.162243132077,55037,84087
1,321,139967,2118,-0.012887353473520576,-0.011984845942981602,8391.40249848634,-10195.206702114569,55168,84211
1,322,140273,2117,-0.012984684323744843,-0.012336588874909486,8398.203000463767,-10219.603624608417,55207,84433
1,323,140528,2118,-0.013001443799130437,-0.011640620690311479,8417.41648321379,-10244.483377417973,55364,84526
1,324,140900,2117,-0.013016182394855937,-0.011849950053507452,8441.250205707696,-10275.230305142912,55585,84718
1,325,141205,2117,-0.01298310654690344,-0.011399710382563292,8467.759640093316,-10301.039200048855,55711,84894
1,326,141551,2116,-0.012971830883883428,-0.011795932753070457,8496.56989970854,-10332.745533153167,55820,85093
1,327,141849,2117,-0.012988151807752592,-0.011660069709014481,8511.701197356224,-10354.057543134111,56090,85177
1,328,142203,2118,-0.013036039073335202,-0.012195295581944642,8530.13543258281,-10383.899296928326,56141,85424
1,329,142545,2116,-0.012941648690790826,-0.011928911715496612,8563.294782560271,-10408.062095189063,56351,85531
1,330,142793,2118,-0.013195856881093584,-0.011806020578919978,8556.059013662447,-10440.33500528445,56435,85757
1,331,138038,2118,-0.013268375542621788,-0.012141465718612115,8292.056368954438,-10123.596392106836,54411,83012
1,332,133362,2116,-0.01329076225608204,-0.011828793827432103,8027.9738662114405,-9800.456502207118,52481,80320
1,333,128591,2116,-0.01334428712528622,-0.01174295546791699,7756.117306289333,-9472.072532017019,50639,77377
1,334,123922,2118,-0.013248854191765915,-0.012036280287091779,7504.019257709133,-9145.843766861137,48793,74567
1,335,119111,2117,-0.013269952415287998,-0.011986190192350605,7229.492872585888,-8810.09017472325,46828,71743
1,336,114399,2118,-0.013372703810451015,-0.012254400162708953,6949.741789852919,-8479.565733064675,45008,68893
1,337,109673,2117,-0.01344638924772879,-0.012161181457659839,6679.72329244892,-8154.429140415043,43084,66110
1,338,105052,2117,-0.013500201545892881,-0.01317821362048647,6407.247094540854,-7825.470267339992,41322,63318
1,339,100270,2118,-0.013563630608116302,-0.013195555157540137,6128.074455000055,-7488.099696075887,39369,60491
1,340,95521,2117,-0.013692505270070363,-0.01332858648051662,5847.031943492515,-7154.953739394909,37485,57634
1,341,90700,2117,-0.013624301509422964,-0.013076370697451059,5570.423240706926,-6806.147387611604,35608,54707
1,342,85930,2117,-0.013655959288935888,-0.012884840586925794,5288.5413780942945,-6461.997959792558,33650,51901
1,343,81215,2117,-0.013899093017599609,-0.013029327711628036,4991.614988624666,-6120.429828049018,31763,49108
1,344,76368,2117,-0.013893560777023486,-0.014132500877178806,4702.865557263449,-5763.88900668317,29848,46198
1,345,71494,2117,-0.013844127804374195,-0.013903749012124069,4416.46208070792,-5406.234153953829,27948,43249
1,346,66683,2117,-0.01386869984263057,-0.013883632081799666,4129.135396575571,-5053.941908181706,26021,40385
1,347,61891,2117,-0.013989505487183203,-0.014733961186703167,3836.1322877237585,-4701.956771831013,24143,37475
1,348,57043,2117,-0.014272323600901742,-0.014614456849766345,3531.662790176795,-4345.798945343026,22192,34583
1,349,52154,2116,-0.014449623671724305,-0.014803005890975935,3227.9587169026518,-3981.5643898777785,20270,31662
1,350,47195,2116,-0.014647698346626712,-0.015134778758221,2916.6659533129446,-3607.964076782001,18311,28683
1,351,42247,2116,-0.01493260554729278,-0.016426784957017413,2605.5944237225376,-3236.452210279016,16372,25702
1,352,37363,2116,-0.015127826298997853,-0.016962118318520784,2302.218656223811,-2867.4396302332657,14465,22741
1,353,32395,2115,-0.01523416013034381,-0.017069091422892105,1999.0194112055156,-2492.5300286280058,12482,19765
1,354,27504,2113,-0.014950337111097263,-0.017779134041298505,1707.9525312352541,-2119.1466031388845,10629,16761
1,355,22527,2112,-0.014559130602296806,-0.016573098312587284,1408.8419482154104,-1736.815483293352,8670,13779
1,356,17533,2107,-0.015022344783260387,-0.015604281624296624,1090.9883526935973,-1354.375123778501,6723,10738
1,357,12572,2101,-0.015697125080472878,-0.015784166131842216,777.2309873273806,-974.5752438390857,4800,7721
1,358,7592,2091,-0.016633417197289464,-0.016232283254040608,466.0877606415285,-592.3686640033509,2890,4673
1,359,2587,1039,-0.016538417346690922,-0.01618672428971758,158.25259723841927,-201.0374829143088,966,1603
2,0,158707,2132,0.0,0.0,0.0,0.0,0,0
2,1,149640,2132,-0.0000751006484840415,-0.0000806536185209837,759.0708728251165,-770.3089338642689,69310,72083
2,2,148789,2131,-0.00021709359077759806,-7.414764716832257e-6,1023.4464037604092,-1055.7475420386222,69239,73671
2,3,148034,2131,-0.000388169819697116,-0.0001179017674643553,1213.0189124529716,-1270.4812435420158,68809,74478
2,4,147507,2130,-0.0005642404072502915,-0.00026686183946560615,1365.520603382125,-1448.750013134395,68628,74725
2,5,147445,2132,-0.0007074161891066698,-0.0003178370665858588,1509.83099322527,-1614.135973228101,68617,75110
2,6,147337,2130,-0.0008451329876304724,-0.0003754416064690689,1643.43564726708,-1767.9550062655944,68434,75635
2,7,147095,2130,-0.0009894847274403622,-0.00029887648556243786,1759.0575042487803,-1904.6057602316214,68079,75989
2,8,146923,2132,-0.001192265659633804,-0.0003753020835168561,1859.1535833436526,-2034.3248308540367,67809,76119
2,9,146744,2130,-0.0014162279442627476,-0.0005184738471758165,1947.5283264339844,-2155.351279886888,67653,76336
2,10,146774,2131,-0.0016289230868090918,-0.001062395182369766,2036.8503626143404,-2275.933919757665,67447,76662
2,11,146694,2129,-0.0017790789594087759,-0.0011187340558680484,2123.8105997706957,-2384.790808642209,67131,76994
2,12,146572,2129,-0.00196799414787855,-0.0011371599987746108,2196.0878126616994,-2484.540650904554,66974,77133
2,13,146463,2128,-0.0021605611612973263,-0.0011983053517324546,2268.5791903594773,-2585.021459726565,66840,77318
2,14,146364,2128,-0.002396097385946102,-0.0012296215594713956,2327.513577255502,-2678.215975052122,66611,77420
2,15,146289,2131,-0.002663636072014544,-0.0019119667726530862,2382.555391658522,-2772.216048997458,66418,77633
2,16,146257,2129,-0.002833508004356008,-0.001901992073219538,2450.793227425525,-2865.2136076186102,66227,77937
2,17,146195,2130,-0.002980022696649006,-0.0018276845694329758,2512.3449311521726,-2948.009349288757,66057,78019
2,18,146181,2129,-0.0030656803551319224,-0.001659829715876337,2578.888320450411,-3027.0325404439554,66000,78207
2,19,146094,2130,-0.003201492166299455,-0.0019394022079223358,2638.2484293347893,-3105.967225878144,65798,78341
2,20,145978,2130,-0.0033707651146485523,-0.0024572442545773743,2692.307037651484,-3184.3645875576576,65628,78517
2,21,145904,2129,-0.0035242237410028424,-0.002684370464977517,2745.725207658856,-3259.9235483661405,65440,78500
2,22,145794,2130,-0.0036729522398266904,-0.0025859913888519113,2798.8430481575706,-3334.3374470108724,65248,78754
2,23,145779,2131,-0.0038854448086042587,-0.0029620736583882896,2838.4454494736883,-3404.861708227203,64989,78975
2,24,145659,2129,-0.004009695723928633,-0.0028052391924503956,2885.0016955583,-3469.049965010023,64746,79065
2,25,145524,2129,-0.004182762163046194,-0.0029449999206581172,2925.2839407768993,-3533.976221792036,64462,79345
2,26,145480,2129,-0.0043066275505504285,-0.0031968941765528726,2971.744013985419,-3598.272190039497,64268,79513
2,27,145410,2131,-0.004405502835627827,-0.0031602018084988274,3017.311066735524,-3657.9152340641526,64127,79614
2,28,145319,2130,-0.004476196392576125,-0.003123349142260749,3062.440871477311,-3712.9172550500807,63820,79845
2,29,145176,2129,-0.004555213106660698,-0.0034024865475634773,3105.590696001276,-3766.898313973868,63747,79772
2,30,145150,2130,-0.004662645938943241,-0.003594034190738793,3151.344551362259,-3828.1276093998636,63607,79916
2,31,145024,2129,-0.004745346701424226,-0.0037094756680068185,3192.604216380199,-3880.7933764075565,63522,79889
2,32,144933,2131,-0.00485396077927631,-0.0038139829998999637,3229.674047098819,-3933.1731447216575,63439,79867
2,33,144777,2131,-0.004976849977389461,-0.003995068013040165,3266.742446056943,-3987.275855233455,63215,79996
2,34,144751,2130,-0.005054962094372592,-0.004113812759078787,3309.1010510502383,-4040.8118691727714,63144,80041
2,35,144597,2130,-0.005135298380125553,-0.004148715303540804,3342.0233859393766,-4084.5721258103845,63090,79991
2,36,144584,2130,-0.005211805905455672,-0.003966264746405275,3380.2424946812994,-4133.7862397157205,63044,80088
2,37,144433,2127,-0.005310843766398373,-0.003928589188074661,3414.7876101335564,-4181.848707845794,62801,80150
2,38,144366,2130,-0.005422752972004298,-0.0041987306899902216,3449.9705050646817,-4232.8316606210665,62805,80139
2,39,144284,2130,-0.005533292928378401,-0.004331907656803707,3484.263909233015,-4282.6295461111495,62612,80249
2,40,144183,2132,-0.0056486434677795105,-0.004799348927481596,3516.347406804934,-4330.785767919818,62580,80156
2,41,144146,2130,-0.0057322908180051525,-0.00469679939136078,3553.752298740919,-4380.03909099309,62424,80302
2,42,144074,2129,-0.005771001683905034,-0.004554186620066683,3586.856974941574,-4418.308271548499,62245,80401
2,43,144043,2130,-0.0058410148049229,-0.004861329383086634,3618.3228259630196,-4459.680121508544,62263,80387
2,44,143977,2130,-0.005849611207178884,-0.004727439236461801,3654.2414725011527,-4496.45094527717,62201,80409
2,45,143992,2131,-0.0059139460893687145,-0.005101091338567439,3685.7740709035133,-4537.334996203895,62058,80600
2,46,143822,2130,-0.006014736336855992,-0.004804741414057388,3712.84522096259,-4577.89663040189,61909,80593
2,47,143730,2131,-0.006089460475451515,-0.00495305982761154,3740.533792685951,-4615.77194682259,61835,80575
2,48,143677,2130,-0.006229614207904141,-0.004930541127285095,3759.999800913475,-4655.052081462529,61687,80726
2,49,143627,2130,-0.006346382309661699,-0.005195374904486711,3778.7771455437,-4690.288997533488,61519,80806
2,50,143450,2131,-0.006389842629456788,-0.005534836085141834,3805.7352630846153,-4722.358188280204,61329,80842
2,51,143449,2130,-0.006482251460076863,-0.005505769709737746,3826.4710121704993,-4756.3435018670825,61380,80836
2,52,143342,2130,-0.006519146838551732,-0.0051898386607575064,3850.371738266144,-4784.839284397826,61349,80755
2,53,143286,2132,-0.006554160115814342,-0.005171800718415924,3872.9094593934005,-4812.028845747971,61369,80730
2,54,143204,2129,-0.006651636647626467,-0.005523732872988832,3892.55237727398,-4845.0933517606745,61233,80775
2,55,143125,2130,-0.006688413426755146,-0.005587015738182771,3915.9415820126733,-4873.220753717019,61210,80727
2,56,143126,2131,-0.006794710089455021,-0.005703381330002502,3931.6233070863123,-4904.122983349655,61156,80799
2,57,143039,2130,-0.006856414811438616,-0.006068314109200134,3951.587053446184,-4932.32177165954,61133,80718
2,58,142904,2131,-0.006896602471726379,-0.0060621313410292085,3972.2388350784063,-4957.790914698004,60941,80722
2,59,142861,2128,-0.0069599540164504625,-0.006033748533622985,3994.73542451681,-4989.041415260936,60910,80805
2,60,142790,2129,-0.006956671008146178,-0.005669053106658894,4022.6733258037416,-5016.016379056926,60885,80766
2,61,142729,2130,-0.006910860870843892,-0.0055136939496331396,4056.223559268901,-5042.603820503588,60810,80754
2,62,142704,2131,-0.006948806178116281,-0.005206656812911048,4082.701659531537,-5074.324096373459,60744,80804
2,63,142691,2130,-0.0069158584950227905,-0.005543447127500459,4108.093764936086,-5094.924529449379,60751,80740
2,64,142528,2130,-0.006888113769102483,-0.0054291937173817145,4133.9632513773,-5115.712330659921,60693,80655
2,65,142446,2128,-0.006919054443323277,-0.005652364398670558,4158.505732280404,-5144.097361514034,60622,80701
2,66,142434,2128,-0.006942443098675316,-0.005375183315484523,4183.755688866143,-5172.595629182888,60607,80665
2,67,142352,2129,-0.006942753420258708,-0.005426943461620613,4212.9733227883735,-5201.288157669055,60471,80783
2,68,142292,2126,-0.006916412108601141,-0.005496256669648849,4239.870544292402,-5224.020656049459,60412,80843
2,69,142105,2130,-0.006896335728365014,-0.0051483897582422465,4262.103144078621,-5242.10693275794,60390,80687
2,70,142104,2129,-0.006836957901155512,-0.005441874938962569,4289.857919424541,-5261.416985010348,60383,80691
2,71,142006,2132,-0.006880238162723158,-0.005492851014981458,4311.77027029792,-5288.805370833581,60211,80776
2,72,141929,2129,-0.006925947280940453,-0.005726955147108368,4334.2328388085925,-5317.22561044519,60232,80682
2,73,141799,2131,-0.0069040847863142555,-0.005928615360744093,4362.525927047321,-5341.518245661896,60090,80692
2,74,141773,2129,-0.00689779295659531,-0.005675537303777809,4393.627593772309,-5371.548394607688,60095,80678
2,75,141737,2130,-0.006861561269171568,-0.005424257997607324,4422.987891874018,-5395.525001482592,60035,80746
2,76,141737,2130,-0.006938016752988279,-0.00591063994575312,4445.71497731595,-5429.08865783425,59942,80795
2,77,141550,2130,-0.006964645262649565,-0.005686568749661322,4462.442221159048,-5448.287758087095,59883,80612
2,78,141469,2131,-0.006919593233094438,-0.005533486029660199,4488.57890704139,-5467.486842134023,59858,80565
2,79,141409,2130,-0.006963357668164435,-0.005838858346528801,4510.805315950011,-5495.4867604474875,59851,80563
2,80,141399,2130,-0.006889082121287685,-0.005790557032297036,4539.229989099172,-5513.339311967144,59896,80473
2,81,141316,2130,-0.00688937561841857,-0.005724558021219395,4560.11013010693,-5533.6891349993875,59763,80579
2,82,141233,2131,-0.006863308027112107,-0.005799035992586904,4588.473454152464,-5557.799036745563,59844,80420
2,83,141251,2130,-0.006896562147413899,-0.005764488871446381,4616.654043655735,-5590.800343540079,59810,80454
2,84,141327,2130,-0.006891388858152276,-0.005839844393052293,4645.887130908845,-5619.826444064931,59807,80561
2,85,141225,2131,-0.006852721610928532,-0.005905213000630432,4669.69658565936,-5637.472195162769,59817,80471
2,86,141045,2129,-0.006842749986782223,-0.00590402091901376,4688.787421023427,-5653.923092909131,59641,80379
2,87,140934,2129,-0.0068742077285756115,-0.005700957184963954,4705.437685251794,-5674.247277270854,59554,80401
2,88,140881,2130,-0.006888355559208449,-0.005987592201416868,4728.1402219323045,-5698.578641469133,59503,80343
2,89,140788,2128,-0.006839964263394319,-0.005869168362840491,4749.136401142478,-5712.121289857258,59493,80289
2,90,140733,2129,-0.00687844142933796,-0.005893956289884464,4769.286998060694,-5737.310695735719,59490,80311
2,91,140662,2128,-0.0069676978266236715,-0.006099400519109426,4776.880050148355,-5756.970361836913,59374,80340
2,92,140626,2129,-0.00702233881208559,-0.005863403825721947,4793.477593141307,-5781.001010929645,59312,80347
2,93,140599,2129,-0.006983934740605243,-0.005905688407227896,4815.517847197399,-5797.452087791754,59353,80277
2,94,140515,2130,-0.006979279622553235,-0.006454516495878299,4836.510963990904,-5817.204440153976,59237,80361
2,95,140422,2128,-0.006955192589089686,-0.006047770335915765,4858.9682436576595,-5835.630297402809,59268,80191
2,96,140421,2127,-0.006960741114730484,-0.0060950101255146105,4878.066269590817,-5855.5004976623695,59259,80219
2,97,140358,2127,-0.00696729639877892,-0.006331522902706509,4897.8756255621065,-5875.791413501914,59222,80213
2,98,140303,2129,-0.006967852005790856,-0.0058542974352979215,4915.858754717606,-5893.469294686082,59087,80266
2,99,140297,2128,-0.006965671558154418,-0.0062379340271120935,4936.229368275999,-5913.492190870377,59106,80242
2,100,140242,2128,-0.006914366447782513,-0.006019496801437432,4959.208656898513,-5928.893236268405,59004,80228
2,101,140149,2129,-0.006878123306124887,-0.005488205913718445,4977.898984108241,-5941.861087338351,59012,80206
2,102,140127,2128,-0.006889149431478876,-0.0055962200562724084,4991.498668504281,-5956.854510889146,59011,80158
2,103,140139,2129,-0.006826683501290493,-0.005708493530866996,5015.388715880703,-5972.073315068006,59073,80063
2,104,140000,2130,-0.006785676482651707,-0.006028861049766887,5031.982157753089,-5981.976865324352,58930,80110
2,105,140070,2129,-0.00674545966214642,-0.005710905772463909,5058.795660366777,-6003.63219524363,59033,80092
2,106,139993,2129,-0.006585705756010973,-0.005771434186162445,5089.866346242716,-6011.819052143959,59007,80017
2,107,139993,2128,-0.0065607371096759485,-0.005946611794954318,5108.517020789046,-6026.974290983922,59026,80029
2,108,140016,2127,-0.006498475652148332,-0.005530646066694087,5127.372071504367,-6037.262638415559,59073,79959
2,109,139995,2127,-0.006418507934605518,-0.005401373009364085,5155.017263240313,-6053.576281545413,59036,80060
2,110,139865,2128,-0.006443803319027534,-0.005504283693591262,5169.1861792180825,-6070.448730433859,58927,80020
2,111,139851,2128,-0.006435791003555276,-0.005311772369735275,5185.822615380497,-6085.874423018732,58848,80056
2,112,139740,2128,-0.006424708528243022,-0.0050164403989881815,5205.635543647122,-6103.424313383786,58748,80043
2,113,139780,2128,-0.006441984678518511,-0.005417508853172979,5213.711614541186,-6114.172232904483,58746,80099
2,114,139685,2129,-0.0064260247334008876,-0.006023195801406844,5226.344502492714,-6123.9637673778,58644,80114
2,115,139645,2131,-0.006386450253722436,-0.005521604141342216,5244.995350166399,-6136.831195847464,58553,80163
2,116,139580,2130,-0.006274910393114339,-0.005464060086764786,5270.000338527759,-6145.852331198633,58453,80213
2,117,139498,2129,-0.006314747657005617,-0.005977370134524224,5279.073302647914,-6159.967971304884,58406,80163
2,118,139462,2128,-0.006354505873229867,-0.005690287428657867,5290.749808604988,-6176.961906697386,58322,80214
2,119,139458,2128,-0.006422659364601161,-0.005922890051081814,5296.947648955474,-6192.638878624017,58333,80251
2,120,139379,2131,-0.006415233632742221,-0.005845266539400859,5311.203570380046,-6205.352418877998,58171,80282
2,121,139347,2128,-0.0063683880929471725,-0.005893024103716067,5331.251544369503,-6218.667319957397,58176,80339
2,122,139332,2126,-0.006235540894105841,-0.005706398078643544,5358.002097487409,-6226.812481344923,58089,80335
2,123,139177,2128,-0.006174477704167778,-0.005191040452209472,5374.052370898047,-6233.397654330994,58040,80226
2,124,139095,2130,-0.006253535274305191,-0.005518358588149178,5382.675756303776,-6252.511245283253,58172,80075
2,125,139032,2129,-0.006102149388452862,-0.004903243146650914,5409.838872231988,-6258.232906007364,58131,80043
2,126,139043,2129,-0.006074100802984395,-0.004880178662405169,5431.773150446942,-6276.334348396327,58117,80084
2,127,138918,2129,-0.006044657243351061,-0.005159977443235685,5447.151626360104,-6286.863321291912,58049,80023
2,128,138781,2128,-0.005981399085150985,-0.0052450147088921465,5468.876330264444,-6298.980876700775,57899,80047
2,129,138715,2126,-0.006086310567572096,-0.005197161156167265,5470.706252427848,-6314.96882280863,57682,80154
2,130,138642,2125,-0.006123795896141848,-0.005085978017727983,5481.085635656426,-6330.100946289333,57693,80097
2,131,138525,2126,-0.00618074309940904,-0.00523620451655516,5488.689213652267,-6344.876651497899,57527,80175
2,132,138378,2128,-0.006149501361063506,-0.005050402666440726,5502.658212504873,-6353.613911846138,57425,80131
2,133,138386,2128,-0.006168484153274687,-0.0050236356286875675,5513.212695291557,-6366.844543326654,57321,80211
2,134,138257,2127,-0.006211046284175929,-0.0051685460331667415,5522.74913132796,-6381.469757439277,57210,80239
2,135,138199,2128,-0.006238600856296323,-0.004964159353201493,5537.493515906112,-6399.661915645402,57169,80203
2,136,138139,2127,-0.006259686320239,-0.0051537306397223814,5551.061284518139,-6415.768093109622,57158,80199
2,137,138021,2127,-0.0061740530822915266,-0.005418690423368443,5574.049516814617,-6426.198497285566,57068,80122
2,138,137890,2130,-0.006235141123189402,-0.005170200347618869,5581.3528627297665,-6441.116472206336,56930,80152
2,139,137855,2129,-0.006278656926257903,-0.0059553168762763,5590.711186329417,-6456.255436898697,56777,80252
2,140,137884,2130,-0.006353395839502001,-0.005722090856311093,5600.239407781656,-6476.271039715534,56777,80316
2,141,137814,2130,-0.006354267193864637,-0.005961930828554896,5616.808275964495,-6492.515255019757,56657,80313
2,142,137741,2130,-0.006388976606538075,-0.005452356707922735,5630.769478548419,-6510.793505309582,56662,80303
2,143,137547,2129,-0.0063805414500324835,-0.005258727159324592,5643.779653940184,-6521.403988767803,56558,80194
2,144,137611,2129,-0.006374901990766555,-0.004985035455973889,5663.820575718928,-6541.077213570298,56582,80216
2,145,137510,2129,-0.006352346608299821,-0.005107243981355093,5684.010301032537,-6557.521483139852,56600,80124
2,146,137460,2129,-0.006345385317913318,-0.0053340051978507975,5697.637062226843,-6569.873728027196,56613,80071
2,147,137410,2128,-0.006376856136248941,-0.006079464463112001,5713.891816613677,-6590.135618295653,56495,80091
2,148,137379,2127,-0.006372553337279485,-0.005727301022822476,5731.188179350365,-6606.643184272455,56449,80108
2,149,137239,2130,-0.006454683612217384,-0.005456148911408233,5738.371072530645,-6624.205396787747,56248,80126
2,150,137171,2115,-0.0064818556233839746,-0.005882936897051213,5749.715915960034,-6638.838533675237,56133,80221
2,151,137139,2115,-0.006473727688732778,-0.0060908125904247995,5764.866361913967,-6652.666903419101,56228,80098
2,152,137084,2113,-0.006508749435671701,-0.005829543959306099,5781.0443340484935,-6673.289741688122,56081,80195
2,153,137176,2116,-0.006631309419903811,-0.006502465981167639,5787.865774900464,-6697.5222758852,56031,80298
2,154,137076,2115,-0.006655667753233162,-0.005743511379000637,5793.459119158036,-6705.7914321002245,55980,80264
2,155,137091,2114,-0.0067416646374195595,-0.006094630180930858,5802.492010358574,-6726.713557167076,55995,80293
2,156,136987,2114,-0.006753006747952623,-0.006552271412338423,5810.655330638798,-6735.729466020562,55987,80176
2,157,136916,2114,-0.006737774839839029,-0.00561438882290227,5825.46500354169,-6747.974183513073,55920,80194
2,158,136989,2115,-0.006808568306790346,-0.005641843835350779,5834.027322217985,-6766.7262859968805,56036,80151
2,159,136909,2114,-0.006912057503337712,-0.005327930945338052,5837.39261508773,-6783.715495812199,55962,80162
2,160,136945,2114,-0.0069223702268910465,-0.005314204264054098,5856.376191120487,-6804.360181842095,55858,80304
2,161,136924,2114,-0.0068724738323853105,-0.0061282097200074034,5877.331101628039,-6818.337708653575,55828,80284
2,162,136865,2115,-0.006880018522974328,-0.005842946385007827,5894.53099967078,-6836.164734817668,55808,80296
2,163,136915,2116,-0.007040256103641279,-0.006093379817133325,5896.645744530673,-6860.562408960726,55860,80280
2,164,136897,2116,-0.007191201187082836,-0.006091535863871759,5896.647868281166,-6881.10173718925,55821,80287
2,165,136846,2114,-0.007306351437662024,-0.006472781072839724,5897.987987967546,-6897.832956805867,55759,80319
2,166,136858,2115,-0.007348913446891597,-0.006302285918544577,5910.5418357375665,-6916.299432252262,55846,80246
2,167,136826,2114,-0.007410054171241023,-0.0068400287178140146,5919.836629655084,-6933.724701689281,55691,80341
2,168,136781,2116,-0.007489640267495812,-0.006372687625959353,5933.981585545591,-6958.42207097396,55679,80390
2,169,136728,2113,-0.007631524360358311,-0.006919157262485567,5930.751845030325,-6974.194907773414,55638,80332
2,170,136737,2116,-0.007837444989639229,-0.007117643110273409,5931.210107357091,-7002.878822905384,55676,80303
2,171,136642,2116,-0.007936486926785108,-0.006833521736274987,5941.949838033542,-7026.407284683317,55591,80268
2,172,136691,2115,-0.00802409411707709,-0.006815831495263655,5953.860591841826,-7050.682040799208,55605,80389
2,173,136569,2116,-0.00813112925248412,-0.0068688986387647885,5956.437100996266,-7066.897291878759,55451,80352
2,174,136580,2114,-0.008187339079178521,-0.006831508188520011,5967.931635199081,-7086.15840663327,55516,80384
2,175,136480,2116,-0.008379503274513075,-0.0067030706950468345,5964.1698577155075,-7107.804464621059,55363,80402
2,176,136583,2114,-0.008463634379163943,-0.007283550365785235,5976.592327055017,-7132.580901464354,55435,80424
2,177,136573,2115,-0.00860253720430421,-0.007698079952077867,5986.738760596485,-7161.613074199936,55458,80417
2,178,136444,2114,-0.008707858050461093,-0.007190716365338368,5985.508040601867,-7173.643024438966,55324,80368
2,179,136536,2115,-0.00877293199258333,-0.006761539246998908,6003.419664564095,-7201.24070710343,55371,80439
2,180,136455,2116,-0.008963679156115642,-0.006883315164137809,6000.373889548614,-7223.5127287963605,55313,80413
2,181,136475,2115,-0.009139587644487286,-0.007355884064038753,6001.619486042221,-7248.94470982363,55207,80545
2,182,136584,2115,-0.00911424884917196,-0.008219288412239427,6023.244175325443,-7268.104740140752,55298,80541
2,183,136530,2118,-0.009122970865027434,-0.007313736509682142,6040.352794147321,-7285.912006349493,55286,80535
2,184,136495,2114,-0.009123461514843119,-0.007595898850404514,6052.150077103666,-7297.456956572201,55251,80540
2,185,136386,2113,-0.009199098616535086,-0.00789849220574959,6053.287946242535,-7307.916210157306,55189,80486
2,186,136418,2116,-0.009372565307902972,-0.007492765840470538,6055.858348065739,-7334.444962239252,55085,80608
2,187,136402,2116,-0.00937975919961852,-0.008056136524353677,6073.791597488479,-7353.209511834864,55142,80539
2,188,136479,2118,-0.009396427126267948,-0.008062259575517781,6095.5476411345535,-7377.962618900474,55226,80560
2,189,136382,2115,-0.00962114728764232,-0.007868785789794646,6086.591381477135,-7398.742690860363,55111,80535
2,190,136380,2114,-0.009718073669030528,-0.00834394889877951,6093.850550777522,-7419.201437759917,55113,80549
2,191,136386,2114,-0.00982904629957772,-0.008389729046516147,6098.985418631647,-7439.529727245868,55084,80566
2,192,136444,2114,-0.009999329336748294,-0.008562158404028627,6105.432815353581,-7469.781307376852,55028,80696
2,193,136378,2114,-0.009978501877724382,-0.008229201232845974,6121.105516761815,-7481.953645842084,54949,80704
2,194,136412,2114,-0.01000233036685207,-0.008238541926269806,6139.107180026392,-7503.545070029399,55007,80714
2,195,136311,2113,-0.010152844671697858,-0.00884366287098591,6132.994574251344,-7516.938984295175,54894,80711
2,196,136380,2115,-0.010247558216205405,-0.009353150289917839,6141.234445301117,-7538.796434827219,54839,80839
2,197,136336,2115,-0.010273117538403728,-0.009188365401330252,6150.344964870566,-7550.940717586379,54766,80821
2,198,136372,2115,-0.010324158111542314,-0.009050969763069792,6157.19229843029,-7565.118388417515,54815,80865
2,199,136368,2114,-0.010406548439543577,-0.009109625491532838,6164.979293105546,-7584.099490709224,54812,80858
2,200,136274,2114,-0.01054513986214614,-0.00925235368989843,6161.1206763840355,-7598.149065958127,54805,80731
2,201,136265,2113,-0.01069243750053633,-0.009289475250136837,6156.965869107332,-7613.970865117909,54829,80705
2,202,136335,2113,-0.010771695751847391,-0.00963856819363584,6168.671156963599,-7637.230297291699,54848,80772
2,203,136222,2112,-0.0107724427147856,-0.009658687741156415,6180.641023850447,-7648.084715343979,54781,80721
2,204,136301,2113,-0.0107022126143257,-0.00835581129744682,6210.429310086951,-7669.151591632179,54781,80764
2,205,136357,2113,-0.010669019034742273,-0.008733686769099469,6233.741560696944,-7688.536989217298,54777,80870
2,206,136384,2114,-0.010761533122928312,-0.008521207886429197,6241.014636125975,-7708.715569563427,54890,80790
2,207,136387,2113,-0.010839729834686864,-0.008446161692453774,6247.915686047489,-7726.313919010932,54880,80781
2,208,136261,2115,-0.01093090803508557,-0.008762145788550732,6252.158813277663,-7741.615273046448,54805,80757
2,209,136320,2114,-0.010956976938101172,-0.008768668941056544,6262.437545339652,-7756.092641541632,54853,80732
2,210,136274,2115,-0.010930679160496875,-0.00857221446955053,6278.442560185806,-7768.009932103377,54859,80701
2,211,136234,2113,-0.01092630892467511,-0.008335850461318253,6293.107859917439,-7781.6426299616205,54900,80595
2,212,136179,2115,-0.01105055766901492,-0.009021745796569133,6296.7355680268065,-7801.589460835613,54759,80702
2,213,136232,2114,-0.011131536713887188,-0.008249234360626585,6300.929559856276,-7817.401069462594,54790,80722
2,214,136201,2113,-0.011129035185425957,-0.008217436845193063,6321.374428919153,-7837.160150209329,54769,80694
2,215,136251,2114,-0.011252497295765312,-0.009137216887072426,6324.744679983388,-7857.9086890286935,54836,80725
2,216,136224,2113,-0.01124482489024351,-0.00889126985917277,6341.771591456494,-7873.58661730503,54782,80715
2,217,136273,2115,-0.011320316600319815,-0.009071199865910163,6355.865066156693,-7898.518570232058,54678,80898
2,218,136205,2115,-0.01137537537404991,-0.00896814436117145,6358.185245302399,-7907.56824812484,54585,80895
2,219,136169,2114,-0.011446790060658787,-0.00917357471962331,6362.751492057513,-7921.449447827371,54673,80772
2,220,136192,2115,-0.011581317313321762,-0.009560323202764653,6365.012276459072,-7942.295043995024,54607,80889
2,221,136170,2115,-0.011556581388721515,-0.009107744470128376,6375.274500600204,-7948.934188302416,54661,80787
2,222,136133,2115,-0.011547260750672713,-0.009350113776974409,6390.155127095803,-7962.118374867119,54731,80743
2,223,136186,2115,-0.011558940817158365,-0.009290718337499821,6406.4316114361445,-7980.597525561682,54670,80812
2,224,136210,2116,-0.011618628109719765,-0.00976246238439131,6419.015622605178,-8001.588957430109,54688,80856
2,225,136206,2116,-0.011639701029399735,-0.009584319831683334,6433.298206056948,-8018.695324467364,54661,80857
2,226,136275,2115,-0.011767814282046348,-0.009350739461064135,6444.437088914537,-8048.095980200378,54653,80952
2,227,136264,2113,-0.011797368754259002,-0.009181706747956942,6462.356868824371,-8069.913524754716,54680,80901
2,228,136200,2114,-0.011737811073305536,-0.008918796688532222,6478.625548791213,-8077.315416975423,54641,80851
2,229,136271,2114,-0.0116274631899029,-0.009235137076457954,6507.330512123457,-8091.816548474698,54698,80889
2,230,136243,2116,-0.011684446879942632,-0.009118012505159697,6513.8639725025,-8105.78806876651,54703,80849
2,231,136272,2114,-0.011661605974632897,-0.009412078289479344,6529.023564108992,-8118.173933484156,54756,80858
2,232,136279,2114,-0.011684885796165613,-0.009300715638510216,6543.868119307892,-8136.272670723539,54774,80848
2,233,136347,2115,-0.011734089716689473,-0.009412367458071447,6552.077630483604,-8151.985561085089,54806,80877
2,234,136372,2115,-0.011762144360057892,-0.009798440398687802,6565.264067164392,-8169.291217834234,54853,80804
2,235,136412,2114,-0.011640649065137452,-0.009725669803423933,6590.840127590575,-8178.764347864121,54860,80891
2,236,136373,2116,-0.01161633760212613,-0.009801059481767455,6602.409437503147,-8186.564245317909,54882,80836
2,237,136393,2115,-0.011660710627692795,-0.009526158912998848,6606.500724475662,-8196.940029118556,54971,80745
2,238,136362,2114,-0.011657877278925359,-0.00952672876046443,6615.530024339927,-8205.221485848764,54958,80722
2,239,136360,2115,-0.011640873639566894,-0.009879787964018663,6637.021017358241,-8224.370546849641,54898,80824
2,240,136466,2116,-0.011737238682978976,-0.010001638616178159,6637.761909048371,-8239.495923159779,54917,80902
2,241,136545,2116,-0.011830752331586522,-0.009367748852568148,6639.104071323083,-8254.534148439516,54953,80920
2,242,136655,2113,-0.01167498345056011,-0.009723784047246902,6669.68273603359,-8265.127599469884,55075,80917
2,243,136600,2115,-0.011640536162879314,-0.009184766129786756,6681.099548107946,-8271.196787957277,55146,80823
2,244,136712,2115,-0.011614003800367185,-0.009423013375104696,6700.885716078401,-8288.659403634176,55231,80850
2,245,136816,2116,-0.011618919147652649,-0.009148335732629305,6711.318466086141,-8300.972508191364,55293,80890
2,246,136767,2114,-0.011533118920268369,-0.009395718483946037,6728.118314459389,-8305.468389827747,55222,80883
2,247,136884,2113,-0.011484908182021514,-0.009788035260310225,6741.556588448131,-8313.65676003597,55275,80963
2,248,136847,2115,-0.011353786185351192,-0.0090983374037613,6761.08410511799,-8314.815683224739,55252,80959
2,249,136950,2115,-0.01133191361362816,-0.009057976738439432,6776.171904636824,-8328.077474023183,55348,80927
2,250,136942,2115,-0.011200979795784917,-0.009048961611509752,6795.972631669275,-8329.857206863626,55375,80919
2,251,137094,2115,-0.011177965016346679,-0.00893943269232558,6810.905004751312,-8343.336940702316,55465,80986
2,252,137157,2116,-0.011204678202570319,-0.009249102670078446,6812.881789083686,-8349.681837313614,55531,80973
2,253,137297,2116,-0.011202936396039366,-0.009727652883312518,6827.7974331573905,-8365.926991524422,55596,81070
2,254,137334,2115,-0.011185617768635955,-0.00905218167900018,6837.328067150901,-8373.493697788732,55584,81096
2,255,137442,2116,-0.011154981241822907,-0.009409350686955347,6855.408892798442,-8388.57182463707,55609,81171
2,256,137417,2116,-0.01104180601278899,-0.00898852535278679,6874.088569576188,-8391.420426435652,55687,81057
2,257,137507,2116,-0.010968885872377482,-0.009012892986386419,6896.0428787561805,-8404.341468409171,55781,81078
2,258,137698,2116,-0.011022617237772299,-0.00884826703910548,6904.113031956741,-8421.905380363512,55828,81224
2,259,137787,2116,-0.010974867099164525,-0.009257788349157085,6923.694889065456,-8435.888902058057,55996,81123
2,260,137935,2114,-0.011053689219271537,-0.009468274192710398,6935.750624986532,-8460.441247446775,56004,81265
2,261,138065,2115,-0.011063940038195235,-0.009371207649995203,6946.392909507782,-8473.935790881234,56085,81342
2,262,138164,2115,-0.011028535867853177,-0.00932927367153863,6968.733646006174,-8492.480275652231,56151,81377
2,263,138213,2117,-0.01104538825616812,-0.009139681195990646,6978.4340505491255,-8505.050297598893,56153,81407
2,264,138339,2116,-0.011061049571094621,-0.0093182476409527,6992.715792178363,-8522.890328794012,56155,81527
2,265,138351,2114,-0.010996951241951035,-0.009321638305147557,7006.89803730641,-8528.337238581555,56259,81439
2,266,138465,2115,-0.011127098775554524,-0.009130750670542132,7005.741020354509,-8546.454752311667,56263,81547
2,267,138538,2115,-0.011115143909958082,-0.008846584618341785,7015.081358055455,-8554.951165053217,56245,81602
2,268,138567,2116,-0.011191868216126142,-0.008851467675842087,7017.906837028159,-8568.730440132113,56348,81549
2,269,138765,2114,-0.011303447442892163,-0.009017366360937841,7022.301066431182,-8590.823950844104,56377,81726
2,270,138873,2115,-0.011410308502983576,-0.00932204485956659,7025.441816427413,-8610.025589162258,56437,81763
2,271,138938,2115,-0.011479516441111783,-0.00877887084840294,7033.290080568541,-8628.23113586373,56415,81836
2,272,139069,2116,-0.011569884788219333,-0.009228159312331079,7046.910692999611,-8655.923000612444,56418,81942
2,273,139108,2115,-0.011709529021742713,-0.009470981082927182,7050.9939214296855,-8679.883084586269,56585,81847
2,274,139271,2114,-0.011779982596143499,-0.009224660745846864,7060.860667878399,-8701.470624025855,56662,81951
2,275,139477,2116,-0.01183198848268968,-0.009344675520993518,7078.393582507261,-8728.68384010741,56664,82138
2,276,139544,2116,-0.011880369128535951,-0.009346081440699766,7091.282122770209,-8749.116352442632,56604,82254
2,277,139667,2115,-0.011837520671333987,-0.009072146503086392,7119.302422707984,-8772.613422311164,56740,82301
2,278,139943,2116,-0.011823663185355215,-0.009547924295327595,7146.716056451326,-8801.354953599517,56741,82509
2,279,139965,2115,-0.011936643512555647,-0.009425609030417236,7154.717745511053,-8825.430054745895,56771,82506
2,280,140191,2116,-0.012083801369989489,-0.009322328837093566,7158.235894103664,-8852.276091963839,56892,82625
2,281,140192,2117,-0.0121264567746123,-0.009472973246013103,7168.310507909185,-8868.342736055592,56915,82577
2,282,140421,2116,-0.012223858953808085,-0.009888616162616362,7186.460061383011,-8902.946559535694,57077,82656
2,283,140461,2114,-0.012358354497314716,-0.009596715720467903,7195.103801001193,-8930.970632048495,57103,82694
2,284,140715,2117,-0.012406469417365498,-0.0094745004172182,7212.740314857013,-8958.516658921626,57178,82888
2,285,141040,2116,-0.012540517265705547,-0.009685809461219781,7229.4055548887845,-8998.120110043878,57222,83128
2,286,141028,2115,-0.01263717265864082,-0.009361504420465403,7236.0348466796895,-9018.230032382491,57189,83132
2,287,141257,2113,-0.012645691514098462,-0.009409845637437011,7257.234546888828,-9043.526993095795,57293,83274
2,288,141443,2115,-0.012646170525503226,-0.009179793854717304,7276.878680546554,-9065.590978185326,57420,83334
2,289,141673,2114,-0.012690216700431885,-0.00971607243034392,7292.899797393232,-9090.760867993526,57555,83419
2,290,141949,2114,-0.012677217239285398,-0.009661255923305277,7316.641810160536,-9116.160120059829,57671,83579
2,291,142200,2115,-0.012718146823996924,-0.009836744856950784,7336.552890388899,-9145.073368761252,57791,83743
2,292,142466,2115,-0.012638011817194091,-0.010020381849080181,7368.157363129759,-9168.644354678107,57975,83818
2,293,142747,2117,-0.012712651407706931,-0.009597684014473732,7384.988571649788,-9199.681422145717,58009,84047
2,294,142941,2114,-0.012588576065640632,-0.009906077336124782,7419.806369749523,-9219.230021148293,58012,84222
2,295,143235,2115,-0.012606911860824962,-0.01016787171763289,7439.5494930665045,-9245.300513451739,58095,84420
2,296,143653,2116,-0.012654682354026121,-0.00979253297273979,7460.952678881141,-9278.835763084042,58265,84667
2,297,143946,2117,-0.012752387277643905,-0.010213751972272953,7472.008159923772,-9307.663298991516,58417,84824
2,298,144286,2118,-0.012733679820534088,-0.009691599185997376,7495.800716701698,-9333.092443287293,58632,84937
2,299,144574,2116,-0.012750294644199673,-0.009610327874619481,7519.727791092846,-9363.08888898334,58664,85198
2,300,144680,2115,-0.012770655124961922,-0.009391894050215477,7534.30333938943,-9381.961722868924,58744,85229
2,301,139960,2115,-0.012761650310777542,-0.009184718916183257,7307.668500473546,-9093.789077969972,56736,82517
2,302,135299,2115,-0.012760988499932442,-0.009148290490704944,7079.673850174039,-8806.222833226413,54850,79786
2,303,130646,2115,-0.012828132107540805,-0.00943572232053475,6847.018609739293,-8522.962757061068,52927,77086
2,304,125904,2115,-0.012850047150452086,-0.009223223950933676,6613.469901816162,-8231.342238246689,51082,74250
2,305,121195,2117,-0.012900747083439312,-0.009556584390122563,6379.9722702939935,-7943.478313071439,49098,71519
2,306,116509,2116,-0.012947551367129403,-0.009517586597129042,6141.269983195493,-7649.77624542835,47165,68788
2,307,111818,2115,-0.013058764720903506,-0.009377093053576093,5898.843255922174,-7359.048209484152,45261,66002
2,308,107058,2115,-0.012988697147967783,-0.00945824036954266,5667.7441678277055,-7058.288107094843,43323,63171
2,309,102414,2115,-0.01310564616483262,-0.009306534473803328,5426.607292883668,-6768.80893920886,41443,60492
2,310,97745,2116,-0.013107725271800487,-0.009597789922154727,5187.653657299053,-6468.868263991165,39504,57732
2,311,93000,2116,-0.013071933703210567,-0.009415763416907556,4949.668136430064,-6165.357970828636,37554,54983
2,312,88180,2115,-0.013077308798079808,-0.009610284148453874,4701.751702277772,-5854.908792092431,35587,52151
2,313,83427,2116,-0.013034058585907954,-0.009423942918659665,4457.094683702848,-5544.4870893494,33635,49376
2,314,78720,2115,-0.012932328983541602,-0.009446492442669126,4216.140280896632,-5234.173218481016,31785,46556
2,315,73916,2116,-0.012830734717593115,-0.009265288268687315,3968.537797100096,-4916.934384485713,29819,43726
2,316,69035,2115,-0.01286671993676432,-0.009756424414715381,3709.81952651682,-4598.073537351336,27863,40842
2,317,64198,2116,-0.012999553662007205,-0.009770136105062232,3447.1727011557778,-4281.7180471493,25888,38014
2,318,59414,2115,-0.01317956223777236,-0.008805243899342244,3181.4615693545384,-3964.512080149539,23917,35193
2,319,54554,2113,-0.013395889042873334,-0.009642158383273307,2919.6195239858907,-3650.4188548308025,21945,32333
2,320,49662,2115,-0.013482068761410107,-0.010077491682772891,2658.0461045288816,-3327.5926033580226,19944,29491
2,321,44737,2114,-0.013726631791563972,-0.010352536490813576,2393.0239615224054,-3007.112287981601,17963,26587
2,322,39790,2114,-0.014044586222793143,-0.011180607699728562,2124.458830105588,-2683.292915910529,15985,23615
2,323,34889,2112,-0.014064446712724346,-0.011947548034224407,1865.7983867217781,-2356.4928680820126,13982,20736
2,324,29937,2114,-0.014158528777620598,-0.011464513773690337,1603.291321514231,-2027.1551975298617,12010,17776
2,325,24978,2112,-0.014542388216253147,-0.011949253953381688,1332.6101184511701,-1695.8498913167336,10059,14817
2,326,19964,2108,-0.01506342261333119,-0.012197829965881988,1058.757943231,-1359.484112283541,8008,11868
2,327,14953,2105,-0.015574191697136345,-0.013241900226261339,791.7272123658352,-1024.608100813117,6011,8875
2,328,9961,2099,-0.015798927308768345,-0.014353449336770154,528.2292477058144,-685.6023626284559,3978,5946
2,329,4960,2075,-0.01570115112972199,-0.014779745602844493,265.9290740470251,-343.8067836504468,1972,2964
3,0,155807,2132,0.0,0.0,0.0,0.0,0,0
3,1,146024,2130,-0.00004343315755952725,-0.00007609905958769829,641.5381582122317,-647.8804416117052,66888,69888
3,2,145115,2131,-0.00008884303297761785,-0.000035639541297635664,874.7736677586723,-887.6661244892215,67188,71314
3,3,144614,2129,-0.00018148808027789357,-0.00007725275830905776,1039.5905276385145,-1065.8362448798187,67320,71885
3,4,144231,2130,-0.00026983777574664545,-0.00006860314397073096,1175.111575058424,-1214.0305472921386,67017,72554
3,5,144131,2131,-0.0003874631856450217,-0.0002268353499542893,1296.9713305143857,-1352.8167869245844,67121,72869
3,6,144120,2130,-0.00046068438885264485,-0.00013821828812776593,1415.0930025511695,-1481.4868366726118,67271,73056
3,7,143963,2130,-0.0005320988051969028,-0.0002789107398324391,1518.3012129898016,-1594.903753282366,67047,73386
3,8,143798,2128,-0.0006268221632082173,-0.0003380521157696765,1605.7135374203615,-1695.849310845381,67093,73403
3,9,143624,2127,-0.0007085290771206617,-0.00020516440506035242,1687.1858595092397,-1788.9476396816233,66879,73592
3,10,143589,2127,-0.0008647370243999371,-0.0005191182029011221,1760.5975389748921,-1884.7642635714565,66678,73901
3,11,143571,2129,-0.0009797714976425554,-0.0006854619745838828,1833.245967362475,-1973.912741050522,66583,74144
3,12,143362,2129,-0.001039545536644617,-0.0006264758655822671,1906.065403256523,-2055.0967304809756,66262,74312
3,13,143388,2131,-0.001081178930006149,-0.0005193761927370438,1977.1741591393334,-2132.202243555064,66341,74343
3,14,143212,2128,-0.0011203819327361552,-0.000514894916817916,2041.9292126246546,-2202.381349975672,66227,74383
3,15,143169,2129,-0.0012051086238661296,-0.0008156883292756166,2101.375282070225,-2273.9094786405108,66164,74503
3,16,143022,2131,-0.001349874694521895,-0.0010026274739950438,2152.6892080619423,-2345.7509866218466,65911,74683
3,17,142876,2129,-0.0014529066259657056,-0.0009713678921913799,2207.287125097282,-2414.872612188759,65839,74693
3,18,142868,2129,-0.0015660356918882092,-0.0009750307676477781,2259.494951604345,-2483.2313388330244,65797,74811
3,19,142705,2129,-0.0016848639165515462,-0.0013450598071807433,2309.4205756640777,-2549.8590808755685,65520,74956
3,20,142597,2129,-0.0017688186581337805,-0.0013669119961933983,2361.820296503997,-2614.0485306979053,65276,75218
3,21,142621,2129,-0.001848668607956037,-0.0015221106892347688,2413.570653903902,-2677.2296194391934,65161,75352
3,22,142611,2129,-0.0019314482889707938,-0.0014103479101355704,2460.0074954143797,-2735.4532673528083,65128,75450
3,23,142484,2129,-0.002001679899760584,-0.0013665657013706644,2500.7020709271223,-2785.9094297646216,64923,75494
3,24,142424,2128,-0.002075709972929253,-0.0016534767772185019,2538.485337249801,-2834.1162544342737,64633,75779
3,25,142246,2128,-0.002157455959554171,-0.0016143649339050187,2573.9312365479223,-2880.820716970648,64535,75764
3,26,142251,2127,-0.0022097192631258503,-0.0018669068578583978,2616.3383167877196,-2930.673091686634,64540,75815
3,27,142239,2128,-0.0022832274573657764,-0.0016172197884226503,2655.6726046128565,-2980.4365949210996,64674,75770
3,28,142145,2127,-0.0023855733048267743,-0.0016578797363595533,2692.68434678493,-3031.7816641995278,64479,75884
3,29,142013,2130,-0.0024967056852692377,-0.0020867439233504537,2725.1000621594144,-3079.664726641554,64378,75883
3,30,141939,2130,-0.002540264489583044,-0.0021215281036907384,2760.7600316998064,-3121.32263308675,64350,75940
3,31,141972,2128,-0.002618333520594284,-0.0021340642314226525,2793.2147964596106,-3164.944843045423,64216,76063
3,32,141845,2128,-0.0026230397199759766,-0.0018802334264921116,2835.345895296815,-3207.4109643768033,64227,75942
3,33,141731,2129,-0.00260163697921878,-0.0017953669163405404,2877.954749097606,-3246.6873597992735,64244,75803
3,34,141625,2130,-0.002632206180251979,-0.001941722362999636,2913.1346768050466,-3285.920877083238,64237,75757
3,35,141580,2128,-0.002610712975561106,-0.0018738778837545018,2957.174372906329,-3326.7991159862727,64173,75774
3,36,141534,2130,-0.0026521101777042012,-0.0019037306608501688,2988.951733316442,-3364.3154952076343,64282,75648
3,37,141577,2126,-0.002725440954284647,-0.0020722572092393976,3019.8332903966993,-3405.693044381458,64211,75813
3,38,141431,2130,-0.0027274937852257534,-0.001971353140225849,3054.2879582386527,-3440.040131776919,64069,75805
3,39,141405,2129,-0.00275578171484385,-0.0017750654264503984,3086.4272163246505,-3476.108529712149,64291,75640
3,40,141366,2127,-0.002781139542474357,-0.0021039299835576833,3120.5296233250447,-3513.6881958864747,64260,75599
3,41,141210,2128,-0.002766306977465946,-0.002221242292753824,3152.8799126157405,-3543.5101209036966,64262,75505
3,42,141155,2127,-0.0027785061171028426,-0.0020137275416443248,3189.0456157243802,-3581.245646684029,64296,75445
3,43,141094,2130,-0.002818758832388321,-0.0023721099135118667,3218.093574436417,-3615.8035331333995,64247,75471
3,44,141028,2129,-0.0028839688263006687,-0.002388156274516706,3245.867147944351,-3652.587503579882,64199,75406
3,45,140956,2129,-0.0029192547781778837,-0.0020546668263221905,3277.527840134343,-3689.0143166471885,64139,75394
3,46,140894,2130,-0.002991053605880802,-0.0023014041874969107,3299.855265228111,-3721.276771975088,63999,75527
3,47,140846,2129,-0.0030265657776042025,-0.002619070180887333,3325.460519725434,-3751.7402032378873,64048,75476
3,48,140720,2130,-0.002974095723136531,-0.0023070885133518607,3359.3891301365325,-3777.90388029632,63916,75435
3,49,140703,2128,-0.00296848169889283,-0.0025316896480678057,3390.9886694961638,-3808.662949975475,63826,75539
3,50,140632,2127,-0.0029616999241734686,-0.0022838952927862117,3419.949588163969,-3836.459371900319,63747,75545
3,51,140612,2130,-0.0029978631392166837,-0.0023073350977617754,3447.1748492160373,-3868.710380947575,63561,75748
3,52,140530,2131,-0.00304814934361397,-0.002556944199952505,3470.176880741348,-3898.533307999425,63469,75724
3,53,140359,2131,-0.003005447839141487,-0.002484086748226756,3499.8549134326313,-3921.6965666867004,63393,75677
3,54,140413,2129,-0.0029293748440456426,-0.0024809468696327104,3542.8504976307577,-3954.1728076077375,63209,75850
3,55,140276,2128,-0.0028916766403246454,-0.0021310597429004263,3572.563699032775,-3978.196531430957,63173,75753
3,56,140176,2128,-0.002901724562750014,-0.0023490135260311896,3596.115117019748,-4002.8672593277947,63004,75852
3,57,140174,2130,-0.0029130173523723105,-0.002147052684924448,3623.8698262092284,-4032.199120560667,62973,75874
3,58,140132,2129,-0.002945455963651313,-0.002820790464071756,3647.7834790067946,-4060.5361141051944,62881,76013
3,59,140046,2130,-0.0029428353151650646,-0.0024478106486183916,3675.4768168926685,-4087.609131440276,62864,75880
3,60,140017,2131,-0.002904570989986464,-0.002544449145260836,3703.404822802599,-4110.094139107541,62876,75842
3,61,139825,2127,-0.002893469150217891,-0.0022206174224983625,3727.181855277573,-4131.761179206785,62890,75644
3,62,139807,2130,-0.0028921035292691134,-0.0024126351649210276,3752.293313194961,-4156.6296313114935,62753,75773
3,63,139777,2128,-0.002974715247841662,-0.002657383937499289,3771.8964285130796,-4187.693201710636,62594,75887
3,64,139734,2130,-0.002994497870206805,-0.0017570275510459903,3802.925670371965,-4221.358835767447,62542,75943
3,65,139703,2129,-0.002988476158937161,-0.00169761959285781,3834.002013578963,-4251.501098410969,62482,75937
3,66,139706,2128,-0.003071776733404704,-0.002007533871760648,3855.155393805371,-4284.3010341224035,62493,75989
3,67,139646,2130,-0.0031055979496952203,-0.0022695314221947197,3873.5435883613263,-4307.227919644465,62311,76086
3,68,139575,2126,-0.0031297630319244906,-0.002189796077705499,3896.480288389657,-4333.316963570497,62232,76127
3,69,139480,2128,-0.003093967246419207,-0.0023759168644355393,3921.7558779013216,-4353.302429431874,62257,76033
3,70,139548,2128,-0.0031021071737758373,-0.0026098552984570077,3945.675213126052,-4378.568065012118,62116,76225
3,71,139420,2126,-0.003079458797929617,-0.0022175392130553396,3971.454214997044,-4400.792360604386,62040,76204
3,72,139435,2127,-0.0030709979234024637,-0.001777175186114951,3997.876736860134,-4426.081332309741,62074,76168
3,73,139429,2130,-0.00303225023440043,-0.0023954618436416285,4018.30535512209,-4441.0889730543095,62096,76209
3,74,139358,2126,-0.003053519499637968,-0.002098101365295391,4035.080807459308,-4460.61317788986,62032,76170
3,75,139342,2128,-0.002989250083222895,-0.0019627534892412606,4061.6551623830055,-4478.183247479452,62188,75993
3,76,139306,2128,-0.0028814662442904183,-0.0021569153973045657,4091.942163644196,-4493.347700271305,62075,76065
3,77,139233,2129,-0.0028270720648548376,-0.001413465290132606,4115.057989560478,-4508.679714366414,62012,76119
3,78,139187,2127,-0.002775265795821476,-0.0015562377014455878,4142.508610707386,-4528.789531030392,61878,76107
3,79,139219,2128,-0.0027830628948796905,-0.0017987882379804185,4165.162883650592,-4552.618116812844,61865,76223
3,80,139141,2126,-0.002759106772992393,-0.0013385239256102285,4185.865028749524,-4569.769904250464,61839,76143
3,81,139200,2129,-0.0027527346609973794,-0.0015135315433039047,4208.812644088326,-4591.993308899153,61727,76374
3,82,139007,2128,-0.0026947837333965805,-0.0013521789946490104,4232.475048066382,-4607.068850494628,61597,76252
3,83,139025,2128,-0.0027379176664188427,-0.0011255283146555416,4243.752791047422,-4624.391794621315,61728,76161
3,84,138935,2127,-0.0027313594873575463,-0.00184113209954669,4263.888481605018,-4643.369911981041,61668,76118
3,85,138926,2125,-0.0027345935952097383,-0.0018165923270129915,4284.183411741816,-4664.089561549926,61569,76207
3,86,138861,2125,-0.002734778663972298,-0.0018624830261928303,4300.288580154033,-4680.042680211901,61686,76069
3,87,138819,2130,-0.002754999915006395,-0.0018325583634046835,4317.535342433684,-4699.98167563496,61581,76110
3,88,138807,2129,-0.0026700839050121166,-0.00193975706170256,4340.951100450761,-4711.5774370537665,61607,76059
3,89,138751,2126,-0.0026315233996419946,-0.0015697567626517612,4356.693118006656,-4721.819621230384,61571,76067
3,90,138643,2128,-0.002606175985614652,-0.001174336905878792,4377.291109305717,-4738.619166479292,61535,76009
3,91,138633,2126,-0.0025157469147076388,-0.001547755936409104,4405.400200784182,-4754.165742810852,61489,76014
3,92,138577,2130,-0.0025331118171281813,-0.001129862255107761,4417.263955296298,-4768.294991578474,61534,75947
3,93,138568,2130,-0.002581911032025378,-0.0012870300402280281,4432.33783782292,-4790.108085708606,61548,75947
3,94,138395,2131,-0.0026722939139873945,-0.0016620057070997713,4439.989753406248,-4809.821869632547,61407,75825
3,95,138363,2129,-0.002600675861359373,-0.0015665659220905714,4462.116699375214,-4821.954013580496,61465,75800
3,96,138250,2131,-0.002634409395646301,-0.001559330911745928,4475.632283681268,-4839.839382629372,61365,75767
3,97,138250,2128,-0.0025913230811409234,-0.0014936458358316795,4497.127818121692,-4855.3782340894295,61441,75742
3,98,138197,2126,-0.0025165681668145017,-0.0013818239788485232,4520.751612508818,-4868.533783458064,61414,75663
3,99,137972,2128,-0.0024858431656983064,-0.0008413610219341935,4533.038418996688,-4876.015172254441,61330,75534
3,100,137914,2130,-0.002508127247520446,-0.0012466641336815634,4551.36672071399,-4897.272581928541,61241,75597
3,101,137924,2128,-0.0025553207655593037,-0.0018374427615957208,4567.022570114148,-4919.462631383153,61187,75693
3,102,137686,2128,-0.002567919492506207,-0.0016384583093355274,4578.120667765348,-4931.687231010551,60946,75610
3,103,137751,2130,-0.002565009455844623,-0.0015373935967640659,4599.301630608405,-4952.634248160461,61049,75661
3,104,137652,2128,-0.0025785979567844643,-0.0010723954206456711,4614.5422456357555,-4969.491411583052,60875,75738
3,105,137461,2127,-0.0026424979391134256,-0.0014773292407961986,4621.915529192444,-4985.15593840092,60635,75769
3,106,137397,2126,-0.00265665891591316,-0.0019585600250615616,4638.658416605036,-5003.675381674758,60523,75825
3,107,137314,2127,-0.002668156900770623,-0.0016580400843337533,4653.095307045245,-5019.470603717665,60526,75786
3,108,137280,2129,-0.002743682204966053,-0.0019166927585347387,4663.423795041301,-5040.076488139039,60470,75809
3,109,137220,2130,-0.0027246691847011523,-0.0012904301288355128,4684.561491035918,-5058.440596560607,60423,75762
3,110,137083,2130,-0.002762629674824197,-0.0015218356423868011,4693.393946878421,-5072.103510592336,60228,75803
3,111,137040,2127,-0.0027973029929040803,-0.0017240508588491517,4706.723235288318,-5090.06563743589,60167,75871
3,112,136977,2130,-0.0027997737352440325,-0.001847731060222585,4718.879699629288,-5102.384306561815,60013,75891
3,113,136880,2129,-0.0027881115600904374,-0.001911175189718057,4738.584056726115,-5120.2207670713215,59946,75974
3,114,136933,2129,-0.0028262446109775085,-0.0015954652665027104,4757.761437623475,-5144.767590938473,59884,76091
3,115,136833,2129,-0.002804968840234584,-0.002114376908248192,4778.543605453002,-5162.355906768821,59835,76033
3,116,136845,2131,-0.002814210243365839,-0.0013854928729782133,4799.779682429592,-5184.890283182983,59717,76169
3,117,136765,2128,-0.002847899898806045,-0.002218091100404449,4814.135186874141,-5203.628216534332,59587,76184
3,118,136680,2129,-0.0028772200517479785,-0.002063860179506515,4828.162288154636,-5221.4207248275525,59560,76134
3,119,136636,2129,-0.0029091048653734383,-0.0022153344068079612,4846.543016423868,-5244.031468809016,59443,76196
3,120,136532,2116,-0.0029682866990516327,-0.0020427336286185024,4857.90475175298,-5263.170871347918,59415,76136
3,121,136484,2116,-0.0029586028355457483,-0.0015060113470571944,4877.997861960563,-5281.799811367189,59357,76161
3,122,136515,2115,-0.0030184089408758405,-0.0014432280288552881,4895.758437501897,-5307.816534065545,59379,76170
3,123,136532,2114,-0.0030508398436471635,-0.0021521225067106173,4907.792867252387,-5324.330132785236,59351,76214
3,124,136493,2115,-0.003127928761262789,-0.0022817165928212257,4913.746525620799,-5340.686906031838,59396,76156
3,125,136473,2112,-0.0032244483828675853,-0.002208505102087902,4921.953813035694,-5362.0039571907555,59208,76282
3,126,136381,2115,-0.0033232918541383208,-0.0022555776058056486,4922.163333115073,-5375.397199474289,59220,76213
3,127,136358,2114,-0.003299003323820524,-0.0019046670092962605,4942.5871066371155,-5392.432601866636,59348,76073
3,128,136289,2115,-0.0033454332186591096,-0.0025486489461964265,4954.058651299145,-5410.004399237008,59186,76137
3,129,136226,2112,-0.0034091543537645083,-0.001888021314853331,4965.010185967197,-5429.425646963116,59136,76178
3,130,136200,2115,-0.003462984752731235,-0.002081384299083568,4979.796916483472,-5451.455439805452,59102,76200
3,131,136267,2115,-0.003561553487303466,-0.0021774993799960904,4989.2437440242775,-5474.565953078673,59178,76198
3,132,136276,2115,-0.003587858319368033,-0.0011778088228308525,5006.503343946586,-5495.442324276776,59048,76312
3,133,136090,2113,-0.0036822430164136512,-0.00239491656531659,5010.569955542794,-5511.68640764653,58905,76240
3,134,136185,2113,-0.0037716580292123415,-0.002514377736669326,5020.293170130665,-5533.936418838939,58880,76386
3,135,136231,2114,-0.0038517255309321627,-0.002650459498736228,5035.989528472298,-5560.7139492767365,58811,76500
3,136,136217,2116,-0.003949906518632221,-0.0018230023641487476,5043.840604346878,-5581.885020595379,58734,76577
3,137,136154,2114,-0.004109732561644868,-0.0027976678366937145,5045.897503858972,-5605.45403105714,58588,76635
3,138,136094,2115,-0.00416233128235754,-0.0023396078888953675,5058.328001244605,-5624.796314785773,58490,76689
3,139,136008,2116,-0.004219950382361305,-0.002376057655681641,5069.434677652515,-5643.3816892567165,58483,76645
3,140,136045,2114,-0.004341043357764501,-0.0022944959581538376,5080.343263500582,-5670.920507107638,58324,76833
3,141,136097,2116,-0.004470526012846567,-0.002527850146655315,5086.235680518916,-5694.6608592893035,58346,76835
3,142,135970,2115,-0.00468591928998116,-0.002761162969189755,5080.919605777704,-5718.0640516364365,58225,76817
3,143,136002,2117,-0.004876171162612372,-0.002654916060615045,5079.894152198429,-5743.063182656037,58266,76793
3,144,135903,2112,-0.004989536114806889,-0.0032452786051014146,5084.461213408324,-5762.554140018945,58130,76842
3,145,135886,2115,-0.005125294887182039,-0.0032202745298007384,5089.115000800748,-5785.57082184036,58176,76786
3,146,135948,2113,-0.0052509094267144,-0.002778674978359649,5095.115986461484,-5808.966621204469,58309,76786
3,147,135876,2113,-0.0053063909624953345,-0.0035075729636645098,5106.482977888755,-5827.494156308785,58323,76686
3,148,135846,2113,-0.005479662412156425,-0.0035443401956503674,5107.424963385149,-5851.815183426952,58246,76712
3,149,135897,2113,-0.005563480143918099,-0.003995627076614336,5120.3543439270625,-5876.414605045098,58164,76828
3,150,135893,2115,-0.005573488014381063,-0.003848024036326693,5139.283556897541,-5896.681563635789,58038,76926
3,151,135999,2112,-0.0056611639205824855,-0.003255971169341999,5150.637707174469,-5920.550339209758,58063,77053
3,152,135847,2114,-0.005730586210154421,-0.0035268925364154336,5162.356163756278,-5940.839108647106,57961,77007
3,153,135892,2112,-0.005811933920421044,-0.0032312621527473342,5171.075107617802,-5960.870431931659,57955,77106
3,154,135884,2113,-0.005917198730511648,-0.003019566217399163,5181.28321140356,-5985.3358437004,57852,77156
3,155,135846,2116,-0.006049818590023852,-0.0039630621685977935,5179.753531622909,-6001.597187803294,57852,77084
3,156,135850,2114,-0.006242653241319433,-0.0039043287346908094,5179.565126577916,-6027.629569411173,57853,77142
3,157,135873,2112,-0.006419229225334295,-0.004360368478494387,5182.375432491844,-6054.575365025682,57881,77135
3,158,135753,2115,-0.006405245287339723,-0.004227460651304529,5201.370420301298,-6070.901683793535,57806,77068
3,159,135872,2115,-0.006543531506482721,-0.004871093949742604,5211.134061553727,-6100.21677440255,57806,77204
3,160,135773,2115,-0.006609983005404001,-0.005103802539829544,5216.860680600994,-6114.317903193703,57834,77043
3,161,135883,2116,-0.006650153606011733,-0.004640236845578421,5233.176298092357,-6136.819120538069,57898,77094
3,162,135756,2113,-0.006760606640108095,-0.005092314895200823,5240.616832560114,-6158.409747594614,57874,77025
3,163,135755,2116,-0.006854353984867362,-0.00488708808553217,5250.981300264177,-6181.49412547986,57804,77092
3,164,135761,2113,-0.006923083997704518,-0.005595560440010285,5268.257480089794,-6208.142286702177,57825,77048
3,165,135831,2113,-0.006924807862369806,-0.00526580975933061,5288.4346926607195,-6229.038269414281,57901,77063
3,166,135725,2116,-0.007004523692088631,-0.004846919324076942,5293.845248869444,-6244.534226978187,57709,77133
3,167,135708,2113,-0.007072140318463031,-0.0050041386136538005,5301.839973595391,-6261.585991933376,57682,77149
3,168,135785,2116,-0.007247504922025952,-0.005382008265453565,5298.410651416219,-6282.513107253523,57655,77260
3,169,135706,2114,-0.007311434961661204,-0.005452537508021179,5312.898904536843,-6305.104497444017,57650,77226
3,170,135762,2116,-0.0073907983892791485,-0.005305284625096458,5323.990941216483,-6327.3805121418,57617,77343
3,171,135676,2118,-0.007456496583455488,-0.005747932876289747,5328.421854867215,-6340.089485324122,57506,77342
3,172,135680,2113,-0.007476098973218297,-0.005386882487308242,5346.731648284527,-6361.088756970798,57502,77316
3,173,135841,2114,-0.007609330063036704,-0.006091807418208985,5353.111020860134,-6386.770025953129,57536,77465
3,174,135829,2115,-0.007684848874887261,-0.005825426747883321,5363.303848851927,-6407.129186679015,57454,77494
3,175,135837,2114,-0.007666826437677252,-0.0056566154413530195,5387.386016206598,-6428.824719021371,57427,77525
3,176,135852,2115,-0.007601167491825319,-0.004917437426082683,5412.24895202701,-6444.882758126461,57347,77624
3,177,135728,2115,-0.007651348404794306,-0.0049857827814489795,5422.063185175664,-6460.565401461581,57275,77631
3,178,135847,2114,-0.00774513612382229,-0.004754956914793009,5438.153110128222,-6490.306617141096,57318,77698
3,179,135797,2114,-0.00782311832454867,-0.005719990633965154,5441.853712501748,-6504.2097116204895,57370,77638
3,180,135772,2116,-0.007814655698741903,-0.005406738244181426,5460.882717099487,-6521.894150629047,57328,77605
3,181,135795,2114,-0.007781552041523424,-0.005053025418127669,5483.244673573308,-6539.940533051982,57305,77664
3,182,135692,2114,-0.00777003519586529,-0.0050709585073924176,5495.370198623715,-6549.701814421065,57424,77447
3,183,135739,2115,-0.007792444186606256,-0.004795464517728078,5512.001127786525,-6569.739709232275,57483,77439
3,184,135691,2115,-0.007905588670113785,-0.005069481136499637,5510.671234461615,-6583.38846669802,57451,77451
3,185,135588,2115,-0.007955440645270059,-0.005279642796908084,5520.902274045196,-6599.564560256063,57456,77321
3,186,135582,2116,-0.008081992866878739,-0.00534883113155311,5529.316467751513,-6625.089224628681,57351,77393
3,187,135614,2117,-0.008202919797958641,-0.005745905219457801,5538.141355106313,-6650.572120586683,57333,77465
3,188,135700,2116,-0.008165978458917233,-0.0057817336870374,5558.62503116913,-6666.748308044185,57348,77483
3,189,135601,2114,-0.008235392141324897,-0.005315437560296879,5563.599564442468,-6680.326974198269,57331,77478
3,190,135583,2115,-0.00830294881544293,-0.00550857237953947,5570.3990926702845,-6696.137801914492,57342,77456
3,191,135508,2116,-0.008253711464451495,-0.005630332181263995,5590.725911991237,-6709.169845116123,57211,77500
3,192,135525,2116,-0.008352871193777693,-0.006109488696158081,5597.928261792367,-6729.951130329088,57218,77578
3,193,135539,2114,-0.008394092619660894,-0.005771605209742557,5608.150084159344,-6745.877003735561,57171,77560
3,194,135564,2113,-0.008358002231904483,-0.005554170641216633,5627.347501480192,-6760.3917160460915,57164,77615
3,195,135623,2112,-0.008441568827888636,-0.006078867313344801,5641.114760304226,-6785.985649449014,57177,77694
3,196,135634,2114,-0.008449543474310005,-0.005857594068183931,5657.1068628006105,-6803.152242395172,57123,77707
3,197,135722,2113,-0.008411482867004183,-0.005652699480943685,5684.434373126282,-6826.057650801839,57244,77683
3,198,135655,2117,-0.008471589958666838,-0.005863041477077894,5698.307337314838,-6847.520873157773,57145,77690
3,199,135628,2115,-0.008392061278256036,-0.0058644970135851345,5718.049207207876,-6856.247694255193,57083,77745
3,200,135590,2115,-0.008331268204875834,-0.005565659560024821,5742.375451759832,-6872.012107658972,57168,77712
3,201,135667,2114,-0.00838835382997941,-0.005863878981096826,5754.87636323178,-6892.89916228362,57198,77659
3,202,135667,2115,-0.00836075120281736,-0.005615957002608079,5774.195564714008,-6908.473598146654,57143,77732
3,203,135741,2114,-0.008381427011759257,-0.005831435213468611,5789.794274645414,-6927.497558648608,57160,77797
3,204,135695,2113,-0.008497316930582616,-0.005285523277052936,5783.596524780898,-6936.639945676298,57070,77848
3,205,135721,2114,-0.008519812484695303,-0.005951450737109968,5796.096591630035,-6952.414061865375,57162,77801
3,206,135700,2113,-0.008438623253431995,-0.005838458760958535,5821.658059784255,-6966.779235274977,57093,77813
3,207,135713,2114,-0.008419695640624001,-0.005515536762544622,5836.179431863533,-6978.841586339551,57014,77861
3,208,135750,2113,-0.008318981174472693,-0.00577892405344495,5858.07467031222,-6987.37636474689,57083,77884
3,209,135605,2111,-0.008427328670709413,-0.005910889022984952,5858.542287735825,-7001.330192127378,57062,77756
3,210,135796,2114,-0.008496523867296197,-0.005613894987789135,5871.495010557009,-7025.2889656403695,57058,77982
3,211,135868,2114,-0.008510581307817719,-0.0057031802188879524,5882.263900606349,-7038.579561736919,57104,78026
3,212,135939,2114,-0.008416787387350508,-0.005833706949452763,5910.375696616839,-7054.545357265905,57194,77961
3,213,135948,2114,-0.00844178081680485,-0.006325335845524285,5923.792541485219,-7071.435759968203,57191,77959
3,214,135924,2112,-0.008369997003108101,-0.005466347406973346,5943.5337414917485,-7081.217214142219,57214,77930
3,215,136034,2112,-0.008391017932566055,-0.005777679129984107,5954.943550650114,-7096.407284088794,57351,77924
3,216,135999,2114,-0.008315319467502314,-0.005371947015128128,5972.781991205201,-7103.657123466041,57371,77885
3,217,136125,2116,-0.00819588918489175,-0.005606902466079628,5997.106166979288,-7112.771582272683,57467,77888
3,218,136169,2116,-0.00807566951692206,-0.00566973449068898,6022.63112105842,-7122.286963508201,57512,77903
3,219,136153,2115,-0.00809176171516125,-0.005217298761288038,6031.79824795361,-7133.51588075795,57502,77862
3,220,136248,2114,-0.008041120781021838,-0.005786479570151045,6049.990187822426,-7145.576811995082,57626,77929
3,221,136459,2115,-0.008057355525625294,-0.005424829335456054,6070.842332981289,-7170.341010652596,57704,78035
3,222,136478,2115,-0.00805904013829766,-0.005653586802693995,6081.031507353533,-7180.913187348105,57663,78051
3,223,136571,2113,-0.00806738762199322,-0.005801120618622134,6094.464516366212,-7196.235711289447,57765,78070
3,224,136619,2115,-0.008136097687828862,-0.005639105546303701,6102.935858779082,-7214.481388792553,57776,78148
3,225,136565,2114,-0.008120455718180009,-0.005394716840511802,6107.138855776136,-7216.108890929382,57709,78120
3,226,136688,2114,-0.008061716376454626,-0.005436102694755748,6125.6022498285665,-7227.542137893419,57873,78053
3,227,136804,2114,-0.007978971529352872,-0.005468459863175366,6145.820787547192,-7237.3760086487755,57978,78055
3,228,136837,2116,-0.0078882003496816,-0.005549150333756308,6168.711534163455,-7248.109205412825,58022,78039
3,229,137078,2117,-0.007871366073162309,-0.005124507097532286,6190.620776725407,-7269.611895302355,58086,78229
3,230,137115,2115,-0.007904168255685911,-0.00533341894832866,6200.755777373075,-7284.535807751434,58018,78243
3,231,137252,2114,-0.007935948160945816,-0.005510277168477777,6211.708718642625,-7300.93347562876,58157,78322
3,232,137366,2113,-0.00786906824168358,-0.005237109139455695,6230.587746879304,-7311.53017496644,58279,78271
3,233,137321,2117,-0.007956074556532801,-0.005306606891098024,6237.500708926148,-7330.036823103803,58224,78327
3,234,137526,2113,-0.007923888608225816,-0.005183225655403601,6259.851516332431,-7349.592221067295,58354,78405
3,235,137638,2115,-0.00787389245245211,-0.005076901660490629,6279.736939747507,-7363.483749118125,58431,78458
3,236,137666,2114,-0.007935256366542083,-0.005475066601702539,6284.671654393378,-7377.0866573497715,58503,78394
3,237,137665,2115,-0.007923676765241036,-0.00517024926411425,6301.068007451943,-7391.880969338858,58476,78437
3,238,137706,2116,-0.00803099406773804,-0.004903867833232959,6306.136423603893,-7412.0524926958615,58481,78495
3,239,137819,2113,-0.008001817180463621,-0.004850718779658498,6320.4688679737765,-7423.271309968108,58598,78498
3,240,137974,2117,-0.008135454180525406,-0.005557473017150327,6326.3561093894,-7448.837264493194,58666,78602
3,241,138087,2115,-0.008241454944869286,-0.005613362497965415,6331.522571581417,-7469.560360553567,58715,78599
3,242,138221,2114,-0.008349979204015048,-0.004923671332935334,6343.491322323402,-7497.633797881573,58817,78674
3,243,138254,2115,-0.008354094407501251,-0.0049881872130633645,6360.824664466114,-7515.811632680801,58789,78699
3,244,138412,2116,-0.008462290784507552,-0.0052892118199080775,6369.775575403175,-7541.0581674684345,58823,78845
3,245,138589,2114,-0.008566704655538096,-0.0051611558228527666,6382.250429235592,-7569.5014607419425,58931,78906
3,246,138666,2113,-0.00871116752696635,-0.005352274327801587,6388.655282445593,-7596.598038739922,58908,79005
3,247,138806,2115,-0.008727966435766113,-0.005521437247871666,6406.4555257344955,-7617.949634817462,59008,79030
3,248,138897,2116,-0.008823023647638893,-0.00558071612584796,6420.639519851798,-7646.1310354379275,59129,79038
3,249,139041,2115,-0.008807645059787607,-0.005801935855573977,6448.820908457381,-7673.444685215293,59213,79130
3,250,139218,2113,-0.008903778852752314,-0.005759120457333416,6459.582170602749,-7699.148454925235,59261,79218
3,251,139334,2116,-0.009061600315280187,-0.006013269721060073,6456.5640205027385,-7719.153038831981,59231,79298
3,252,139410,2115,-0.00912931005050414,-0.005893817376246126,6468.244371977549,-7740.961486118356,59200,79396
3,253,139608,2114,-0.009279892064918424,-0.00585216356975469,6477.050740483078,-7772.597911882243,59382,79448
3,254,139689,2114,-0.00936069680280482,-0.005774571851048942,6496.581955102539,-7804.168330789523,59374,79560
3,255,139961,2115,-0.009376434798559787,-0.005972750770143969,6520.355737755897,-7832.690928597123,59531,79706
3,256,140159,2115,-0.009467462337222274,-0.00614430775190312,6537.776991378789,-7864.727045101534,59565,79826
3,257,140293,2114,-0.009566808525973748,-0.006207403423143173,6548.554127294362,-7890.710395828822,59630,79897
3,258,140546,2115,-0.009679532254586598,-0.006237792264321338,6563.095018917873,-7923.514559170996,59659,80060
3,259,140796,2116,-0.009710608006341121,-0.006092399175227596,6582.662568380224,-7949.87733324104,59796,80266
3,260,140881,2116,-0.009725881272602946,-0.006250877412105039,6602.833036901748,-7973.024916467332,59819,80282
3,261,141014,2117,-0.009734144104120615,-0.006335781059319159,6623.331409252688,-7995.982005951149,59889,80362
3,262,141325,2117,-0.009757234943882873,-0.006276224891752394,6645.538940678566,-8024.4801691228195,60071,80503
3,263,141618,2115,-0.009797101354085963,-0.0065821482907023315,6663.288600348391,-8050.734499911303,60169,80686
3,264,141800,2115,-0.009773261628705066,-0.006124090078559245,6686.001130592002,-8071.849629542363,60287,80727
3,265,142118,2117,-0.009745812024761914,-0.006299752480903243,6712.462449240302,-8097.517762575422,60420,80925
3,266,142472,2117,-0.009850707642473564,-0.006567562998093054,6730.535204311155,-8133.985223549658,60564,81110
3,267,142670,2115,-0.009862552061981207,-0.006562486615582854,6757.27640010938,-8164.366702792221,60624,81268
3,268,142938,2116,-0.009905578777544142,-0.006587876858459103,6779.092833016268,-8194.976452320905,60661,81468
3,269,143121,2116,-0.009849705855756936,-0.006007410322607946,6811.167888740098,-8220.86764052187,60824,81555
3,270,143363,2114,-0.009884733250389896,-0.006312669450899037,6835.260900699845,-8252.365913675474,60866,81728
3,271,138654,2115,-0.009844471045306837,-0.006036895805609585,6630.635078630156,-7995.610366946154,58830,79045
3,272,133988,2116,-0.009916085651902527,-0.006898981310164322,6415.603645381071,-7744.240129708176,56747,76485
3,273,129407,2115,-0.009947501923324545,-0.007343141354969835,6203.242727092262,-7490.519108483918,54809,73908
3,274,124697,2116,-0.009994195900643101,-0.007204659617322612,5989.907922637425,-7236.154168859928,52716,71285
3,275,120011,2117,-0.010017767544762825,-0.007289828914317256,5780.367297481525,-6982.609598296077,50632,68754
3,276,115401,2116,-0.010078197421227843,-0.0074976056845721655,5568.7059792716045,-6731.740039878711,48599,66158
3,277,110629,2117,-0.010158703946903979,-0.006794976768948181,5351.522394029675,-6475.369652971705,46614,63448
3,278,105989,2115,-0.01019417186942039,-0.007208561477506153,5137.600736810855,-6218.070819078854,44605,60829
3,279,101351,2115,-0.010276031857239654,-0.00767814916395654,4919.301205170067,-5960.787309933184,42635,58161
3,280,96711,2115,-0.010222761106128821,-0.007485221429371031,4708.418702966336,-5697.072152301157,40701,55441
3,281,92014,2116,-0.010181526869529394,-0.00751034155603888,4495.383289587787,-5432.226302960653,38794,52748
3,282,87262,2115,-0.010089556578877237,-0.00698604517993967,4282.514226689387,-5162.9491128753825,36776,50025
3,283,82583,2115,-0.010094628303801765,-0.007197611687284729,4058.825854584876,-4892.470543797732,34741,47393
3,284,77903,2115,-0.01003685618875021,-0.00746152810036403,3835.5995760053856,-4617.500783677589,32735,44712
3,285,73109,2114,-0.010115797095439258,-0.006998832210912782,3605.2617681006363,-4344.817577951112,30713,41989
3,286,68300,2113,-0.0100225696974535,-0.007830849695598755,3382.1015008862564,-4066.6430112223325,28636,39284
3,287,63552,2114,-0.010168668564230862,-0.0074403053556173805,3149.8028616899865,-3796.042086283983,26604,36590
3,288,58714,2113,-0.010335344774602412,-0.007417167830769797,2912.395173662182,-3519.2246067581736,24599,33804
3,289,53918,2112,-0.010576499350451697,-0.008382006242648229,2670.7078885894352,-3240.9715805670953,22537,31123
3,290,49079,2112,-0.010764811825318616,-0.008538127104837515,2431.4588042359014,-2959.7850038107094,20525,28304
3,291,44221,2112,-0.010916897987884653,-0.00887035308335063,2192.4244654975714,-2675.180611419821,18536,25458
3,292,39353,2111,-0.011086902750312586,-0.008991372060412233,1953.6483113586787,-2389.9511952917155,16444,22719
3,293,34494,2112,-0.011286531748680361,-0.009510782002928953,1712.1759412901142,-2101.493567429098,14388,19955
3,294,29578,2111,-0.01157155909265612,-0.009547722937987531,1466.1718196620961,-1808.4353945046712,12304,17121
3,295,24720,2108,-0.011826190518875797,-0.01064944374963486,1221.7038742888913,-1514.047303915502,10266,14311
3,296,19731,2106,-0.012187737994559113,-0.010299893804170897,975.662816253636,-1216.1390746242794,8202,11429
3,297,14795,2099,-0.012774795410938468,-0.01085270954497415,729.3045496081802,-918.3076477130146,6115,8612
3,298,9845,2096,-0.013784921355339326,-0.01065391990433949,483.10694309619095,-618.8194938395033,4032,5755
3,299,4877,2070,-0.01426426107027607,-0.012180780956086039,239.78562568030455,-309.3524269200409,1984,2866
4,0,152883,2132,0.0,0.0,0.0,0.0,0,0
4,1,142555,2128,0.00003158916733129817,0.00010925102914441259,565.2294187384415,-560.7262249895327,65455,67086
4,2,141794,2130,8.058898878336672e-6,0.0001765419255901406,768.1523782252024,-767.0096747176493,65837,68853
4,3,141313,2128,-3.959823822388086e-6,0.000140950834345084,920.35847789197,-920.9180524757836,66112,69261
4,4,141021,2127,-0.000041963554931433445,-0.00002199132842946298,1046.1978599286222,-1052.115602408609,66110,69766
4,5,140986,2131,-0.00009013053194124015,-0.000033322916444815506,1157.8532413302826,-1170.5603845065468,66224,70222
4,6,140763,2131,-0.0001521532828036657,-0.00011184207123760501,1258.0330517890195,-1279.4506043363085,66192,70517
4,7,140782,2129,-0.00019788787168993353,-0.0003361202449755734,1348.5289995200649,-1376.388049872315,66426,70567
4,8,140610,2130,-0.00021379892297891448,-0.00011761370854943976,1433.3339733651385,-1463.3962399251968,66289,70770
4,9,140434,2130,-0.0002643900574795673,-0.00028907186035411836,1509.2132392831388,-1546.3425926152245,66095,71007
4,10,140453,2128,-0.00028162401417849883,-0.00015638273379094985,1583.9457636100317,-1623.5007012734432,66138,71104
4,11,140297,2129,-0.0003183304298837857,-0.00018967218562670804,1654.6062563661535,-1699.2670606875508,66038,71210
4,12,140142,2127,-0.0003787088643258319,-0.00017953136774889758,1717.0125385941744,-1770.0855562585186,65967,71255
4,13,140034,2129,-0.00042555356853243723,-0.00026708359441093545,1778.3707485811117,-1837.962716996982,65868,71319
4,14,139986,2130,-0.0005030602907499581,-0.0002226845958958864,1837.2913761444702,-1907.7127740053913,65801,71536
4,15,139919,2129,-0.0005513551824122991,-0.00043564635597272535,1893.8639310238946,-1971.0089967918398,65556,71764
4,16,139806,2129,-0.0005636188140881315,-0.000244525192630608,1952.409475710847,-2031.2067676332535,65443,71858
4,17,139865,2127,-0.0005799693718517825,-0.000178832602033897,2010.0635541214933,-2091.180970315533,65326,71972
4,18,139774,2130,-0.0005936767211161244,-0.0004147473895552437,2061.589201184557,-2144.569771201855,65261,72069
4,19,139652,2129,-0.0005967927308760839,-0.00034776153020279766,2112.81474510792,-2196.1580435602295,65148,72115
4,20,139591,2127,-0.0006382827622144886,-0.000637246863488715,2159.971667368707,-2249.0701964289938,64957,72157
4,21,139557,2127,-0.0005881891760923062,-0.0005243766039793856,2215.40746536533,-2297.493382213249,64969,72352
4,22,139434,2129,-0.0005728973161722639,-0.000477083619709617,2264.014325139744,-2343.8956895229053,64917,72234
4,23,139371,2129,-0.0005936233811335475,-0.00039115328135651755,2308.708974787883,-2391.4428590398497,64850,72332
4,24,139263,2130,-0.0005899241915896976,-0.0003544962420714821,2352.51103496061,-2434.6656476539765,64791,72362
4,25,139177,2126,-0.000633284389361533,-0.0002686951221869229,2388.77154707591,-2476.910168534081,64685,72421
4,26,139107,2126,-0.0006604483575291996,0.000012875632020574657,2428.4051422978155,-2520.2781319686374,64591,72519
4,27,139097,2129,-0.0007360855943780526,-0.00007842977433563053,2463.9639983071306,-2566.351296228327,64460,72660
4,28,138999,2128,-0.000740310251503238,0.00009757832651845093,2503.0812335048618,-2605.983618153556,64335,72747
4,29,138947,2129,-0.000770590116039808,-0.000193767552367833,2537.0413889788715,-2644.1125738322594,64303,72631
4,30,138890,2127,-0.0008002598743399472,-0.0005354062761245256,2572.4905326191997,-2683.6386265662754,64176,72795
4,31,138839,2129,-0.0008379535359466751,-0.0002834969092023983,2609.0418136425656,-2725.382444619876,64119,72870
4,32,138804,2129,-0.000884678984356701,-0.0003609265775467592,2643.682708202841,-2766.479689947481,64014,72910
4,33,138777,2126,-0.0009497616168000285,-0.00044965008768337803,2677.464555473223,-2809.2696233678735,63825,73090
4,34,138705,2129,-0.000985474167436427,-0.00035787576396623246,2709.839724285085,-2846.5299186793677,63857,72974
4,35,138607,2128,-0.001017406344062165,-0.0004720814374817524,2741.983224153275,-2883.0028652847072,63633,73200
4,36,138503,2126,-0.0010498344579333882,-0.0006413000072920683,2772.9426178372646,-2918.347839764415,63562,73173
4,37,138486,2128,-0.0010800285575195735,-0.0004867905633038836,2802.4495363975625,-2952.0183712142325,63613,73198
4,38,138532,2126,-0.0011319603105529328,-0.0005541794525373553,2832.7340345060557,-2989.546760247582,63466,73318
4,39,138423,2126,-0.0011677114247488046,-0.00048016173976954613,2861.1597324200293,-3022.7978509680324,63347,73365
4,40,138373,2130,-0.00115585631139038,-0.0006014372323138081,2890.8168876685495,-3050.7561930445604,63325,73322
4,41,138338,2129,-0.0011387604987105771,-0.0005526260827464255,2925.4455719621387,-3082.9794218327643,63208,73450
4,42,138309,2130,-0.0010853497843720701,-0.0005196879579322386,2960.8395144359915,-3110.9531577627054,63310,73365
4,43,138313,2128,-0.0010265137375810157,-0.0004260542845423961,2996.2318125572688,-3138.2120071433114,63448,73261
4,44,138188,2129,-0.0010073450767893008,-0.00037908230772571116,3027.4926993298345,-3166.6957008011814,63292,73304
4,45,138202,2125,-0.000987462952172287,-0.00020890524866971598,3055.2943225370236,-3191.7636774531275,63360,73224
4,46,138079,2128,-0.0009580530750913853,-0.0002745155456386902,3085.330550641267,-3217.6175611968115,63309,73138
4,47,138114,2127,-0.0008953365212579454,0.00004183446243668547,3120.3714759023046,-3244.029984199327,63308,73230
4,48,138018,2127,-0.0008608276960778515,-0.0003050985029528872,3153.6292811787857,-3272.4389981360496,63131,73238
4,49,137976,2127,-0.000840593148992811,-0.000056593876418054874,3187.5911438708836,-3303.572824196311,63110,73329
4,50,138078,2128,-0.0008655637105526675,-0.000032124160117240456,3214.331035406773,-3333.846341432469,63117,73399
4,51,137976,2129,-0.0008501497870176211,-0.00028243517467321035,3244.8651456819784,-3362.1654126955264,63149,73335
4,52,137944,2125,-0.0007686254310086078,-0.00010772235230201167,3279.5117002161305,-3385.5389666711803,63028,73409
4,53,137929,2126,-0.0008119461226063698,-0.0005055685504319076,3306.0480830975134,-3418.0389998424853,62903,73477
4,54,137845,2127,-0.0007685821814326283,-0.00041393466208003194,3337.001000254969,-3442.9462110545637,62917,73447
4,55,137706,2128,-0.0007483740845560175,-0.0005457533818587733,3361.480057888812,-3464.535659576673,62732,73529
4,56,137701,2129,-0.0007666023805312975,-0.0007409691835978567,3386.096353947208,-3491.658268348764,62717,73540
4,57,137658,2129,-0.0007398429319410953,-0.00023664088462241336,3409.7564883130535,-3511.601786638194,62805,73349
4,58,137542,2129,-0.0007229371829062699,-0.00019620494925975515,3430.0228827865863,-3529.4571087978675,62721,73373
4,59,137515,2124,-0.0007175825115724337,-0.00009624189793511612,3452.330845480703,-3551.009204559597,62791,73303
4,60,137526,2127,-0.0007102749888151476,0.00013998127189443897,3474.8393849316412,-3572.5206630434345,62673,73443
4,61,137440,2127,-0.0006799276758225933,-0.00022633919888461553,3501.264208886923,-3594.71346865197,62744,73292
4,62,137430,2126,-0.0006685072893341974,-0.0002249404290792345,3525.9598793904906,-3617.832836163691,62623,73428
4,63,137357,2126,-0.0005948891350151766,0.00006411286652906085,3556.797580676983,-3638.5097675952675,62702,73299
4,64,137249,2127,-0.0005366705002105774,0.0001639969276474041,3586.464226472769,-3660.121715956174,62653,73254
4,65,137163,2127,-0.0005530839092841356,0.0003750292802118881,3611.24911046822,-3687.111758717366,62453,73322
4,66,137160,2129,-0.0005192373328949902,0.0005961056499912319,3638.8031025216583,-3710.021695101535,62515,73336
4,67,137031,2129,-0.0005087928321490205,0.00038537773651612365,3658.5266132924753,-3728.2470038747,62359,73347
4,68,136991,2128,-0.0004903191650068226,-0.00010180904517102626,3679.284584787356,-3746.4538975208056,62356,73326
4,69,136924,2130,-0.0004820032623358498,-0.000010204445996072963,3699.3825589391927,-3765.3803736312752,62333,73241
4,70,136745,2130,-0.0004349612947359638,-0.000024539171976335282,3721.918560534474,-3781.3973427831297,62237,73227
4,71,136654,2129,-0.00042375250329345867,0.0005098577845016819,3743.7988756248496,-3801.7063502099177,62218,73148
4,72,136604,2127,-0.0004617929566309258,-0.000017915555632445294,3759.740087462678,-3822.8228525102754,62045,73224
4,73,136529,2130,-0.0005104724373445207,0.00025664827324776784,3779.783194061132,-3849.4774854593425,61986,73267
4,74,136443,2127,-0.0004876975845960412,0.0008720858772637278,3804.2309947180506,-3870.7739162530834,61967,73211
4,75,136374,2126,-0.0004951254652068643,0.00046163210404210524,3822.574871656065,-3890.097111848181,61852,73244
4,76,136260,2130,-0.0004914610368948929,0.00017746758554963932,3842.820330798403,-3909.7868116857094,61617,73349
4,77,136225,2129,-0.0005532429910100594,-0.0000604480432749531,3853.645309956353,-3929.0108364067055,61588,73340
4,78,136062,2128,-0.0006509203816391528,-0.000026243097724253087,3862.673988132372,-3951.239517098963,61423,73305
4,79,136047,2130,-0.0006208562278749122,0.00016733638601106607,3885.1753390305216,-3969.6409662642177,61474,73300
4,80,135900,2128,-0.0006804406429296648,0.0003482811095798533,3894.812322616543,-3987.284205990679,61321,73283
4,81,135889,2128,-0.0006667798264308101,0.00040753983126198785,3918.133706564209,-4008.741750398074,61382,73261
4,82,135802,2128,-0.0006526278381054137,0.0003165656210022672,3937.304269178714,-4025.9324348491077,61405,73143
4,83,135788,2129,-0.0006943389821172693,-0.00008205075606947457,3954.185320678097,-4048.468222381836,61416,73104
4,84,135691,2131,-0.000732380025520859,-0.00015762488536559934,3971.8442709022916,-4071.2216489452485,61426,73008
4,85,135799,2129,-0.0007084216801290792,-0.00010989152401631474,3995.9628231465504,-4092.165778886408,61493,73091
4,86,135657,2129,-0.0007117510449939291,0.00027327660781506675,4009.9341366712265,-4106.488148181969,61432,72997
4,87,135618,2130,-0.0007868225076091655,0.0003834844446252628,4023.688556120884,-4130.395850957831,61250,73117
4,88,135438,2128,-0.0008535693396117494,-0.0002144467517215408,4031.052887105271,-4146.658611323597,61114,73025
4,89,135411,2127,-0.0009395280858118214,0.00007685168221920998,4043.280357806053,-4170.502795433931,61147,73020
4,90,135303,2114,-0.001028815117359106,-0.000019300770785776085,4053.881527376575,-4193.083299200606,61041,73021
4,91,135277,2117,-0.0010905830092783903,0.00013729919799401326,4067.4367389265085,-4214.967536672661,61005,73003
4,92,135349,2116,-0.0011708907568277916,-0.00003452864541234082,4081.976985754839,-4240.455878800737,61048,73070
4,93,135319,2117,-0.0012188430313088384,-0.00037766014600598534,4099.344930215741,-4264.277550369412,60978,73090
4,94,135283,2116,-0.0012841180842850337,0.0002434722286789889,4112.400742958347,-4286.120089754663,60889,73168
4,95,135249,2116,-0.0013747319776410754,-0.000050574262231154143,4126.1717070975055,-4312.102832341475,60764,73289
4,96,135131,2116,-0.0013683471673153497,-0.00043315980199599557,4141.596399769079,-4326.502520835563,60732,73128
4,97,135127,2114,-0.0014390271441843704,-0.0007409611531130512,4157.663563891717,-4352.114984803906,60750,73187
4,98,134987,2114,-0.0014638243190571963,-0.0005996136761379569,4178.206377489722,-4375.80363084629,60719,73036
4,99,135049,2113,-0.0016338519351725591,-0.0003339612312480898,4183.798704543599,-4404.448774536705,60770,73106
4,100,135070,2115,-0.00177622375581143,-0.0006123664666345661,4188.87962047084,-4428.794163168277,60650,73250
4,101,135016,2117,-0.0019055931894169011,-0.0005141590945295126,4196.42591953677,-4453.711489599083,60542,73276
4,102,135147,2116,-0.0020193069122812902,-0.0008549585273261936,4208.18673004905,-4481.0900013231285,60600,73353
4,103,135015,2114,-0.0021528438697085255,-0.00082863442364523,4216.30362088683,-4506.969835955534,60390,73502
4,104,135063,2114,-0.0021913598837789415,-0.0004019196747963136,4232.444407685753,-4528.416047668572,60335,73600
4,105,134988,2114,-0.002269598917082656,-0.0012187103123412197,4244.672618410933,-4551.041237030095,60232,73613
4,106,135069,2115,-0.0023335587596576917,-0.0007617501111646882,4263.783002607684,-4578.974450715885,60234,73653
4,107,135018,2115,-0.002367142411410136,-0.0008112235545421475,4280.717501099361,-4600.3243352031295,60227,73668
4,108,134988,2114,-0.002488588577528912,-0.0011748538656417469,4293.066150751744,-4628.995745655233,60098,73740
4,109,134966,2114,-0.0025919733241050896,-0.0010623661859057495,4303.13347149668,-4652.961743157848,60001,73775
4,110,134965,2112,-0.0027562973225213317,-0.001154063196552878,4308.6322171100655,-4680.635885244152,59935,73894
4,111,134873,2115,-0.0028883360928098796,-0.0010776617009570144,4314.444016549257,-4704.00257039479,59836,73943
4,112,134765,2115,-0.002976501823612978,-0.0015141263349302753,4326.692103107777,-4727.8203713669645,59709,74006
4,113,134741,2115,-0.003085377012197961,-0.0017915753108099812,4335.775658377826,-4751.502442378401,59536,74088
4,114,134763,2115,-0.003131951677496902,-0.0009988792961413626,4352.338752056974,-4774.409955971471,59490,74216
4,115,134659,2116,-0.0032751298084335396,-0.001988258043586081,4354.2448688150735,-4795.270573688929,59435,74145
4,116,134746,2116,-0.003452808471561133,-0.0017032911207861682,4360.684131140827,-4825.936261449799,59365,74347
4,117,134728,2115,-0.0036177043229459432,-0.0013316320483941712,4363.163730831321,-4850.56979885317,59261,74338
4,118,134747,2116,-0.0037437294159128713,-0.001277986615309178,4374.032745212163,-4878.489052818168,59302,74415
4,119,134654,2116,-0.003879525928433454,-0.001753263017804316,4380.192645868655,-4902.586330235953,59174,74421
4,120,134701,2116,-0.0038955118598655593,-0.0013861603309289732,4400.379281328711,-4925.108624364452,59135,74477
4,121,134625,2114,-0.004007339684132562,-0.002064555272469899,4405.08090977854,-4944.569014754882,59056,74462
4,122,134768,2114,-0.00405380962065349,-0.002193849471162117,4424.922234164236,-4971.246049120469,59174,74516
4,123,134615,2114,-0.004158316548873037,-0.002021622777233029,4432.26861660247,-4992.040398829013,59044,74454
4,124,134650,2114,-0.00427217670847323,-0.0023540323352188998,4443.269490648838,-5018.518084444751,59047,74476
4,125,134679,2116,-0.004330373748736067,-0.0022318848314907304,4460.460292661282,-5043.670698767297,59100,74483
4,126,134628,2115,-0.004463754455246078,-0.0028042982365347907,4470.244387721112,-5071.190722521996,59005,74577
4,127,134708,2116,-0.004497530483591312,-0.002241493898895561,4488.826434758633,-5094.679771142238,58966,74625
4,128,134651,2115,-0.0045322652821108474,-0.0024577923742630336,4502.5332283103835,-5112.807280811901,58979,74550
4,129,134606,2116,-0.004619296962207832,-0.003117058211665018,4513.391008425658,-5135.176095320602,58986,74534
4,130,134643,2113,-0.004724823704646255,-0.003347116812763904,4522.215074251609,-5158.37951231628,58947,74651
4,131,134601,2114,-0.004825799592390404,-0.00308568728483833,4534.053618364466,-5183.611069299802,58924,74570
4,132,134616,2115,-0.0049049964895433625,-0.0033287155186461554,4545.338395892586,-5205.629403328934,58943,74624
4,133,134646,2115,-0.004989650392295131,-0.0026974192586004296,4561.260274136638,-5233.096740857617,58896,74681
4,134,134629,2114,-0.0050985396691603105,-0.0031027138152537083,4569.836290161277,-5256.247587280672,58878,74681
4,135,134684,2115,-0.0051791521582000176,-0.0030909844952354635,4581.021762595041,-5278.570691870052,58991,74664
4,136,134553,2115,-0.005283469443625837,-0.003663429111350151,4589.056040108764,-5299.962704156965,58939,74557
4,137,134698,2112,-0.005365114260170196,-0.0033163043662006162,4603.795124535121,-5326.465285151525,59050,74589
4,138,134515,2114,-0.005437301278341829,-0.0035135055500523137,4609.277096297846,-5340.675677754015,58955,74551
4,139,134533,2116,-0.005535069313505815,-0.0034496926577582986,4622.567284000836,-5367.216763954718,58870,74628
4,140,134624,2115,-0.005624894831216055,-0.003668004585706151,4634.872563894184,-5392.118405651806,58962,74670
4,141,134591,2116,-0.005727561158285749,-0.0040517212607428235,4645.8687405594455,-5416.746924414287,59061,74524
4,142,134671,2116,-0.005783829124980981,-0.0039635696333783325,4658.408544661132,-5437.3225967514645,58955,74655
4,143,134682,2115,-0.005825115904949158,-0.004074221875617275,4673.798736708886,-5458.336997019247,58970,74674
4,144,134670,2113,-0.005891648696596338,-0.0037820983704099447,4687.713932123009,-5481.142262093633,58922,74722
4,145,134662,2115,-0.005930256365236127,-0.0039917463628202495,4701.644736974529,-5500.2249196299545,58865,74780
4,146,134646,2113,-0.005961468671679795,-0.00416766025515702,4716.602637743377,-5519.290548510374,58917,74745
4,147,134600,2114,-0.00599789506575665,-0.00415862159998104,4730.817735267687,-5538.13441111852,58896,74727
4,148,134656,2113,-0.006065095650278506,-0.0038379452908846893,4746.632026413326,-5563.333546297229,58872,74830
4,149,134661,2112,-0.006126055581886809,-0.004248319142226159,4756.360926169691,-5581.301696882144,58843,74866
4,150,134668,2114,-0.006200144374916061,-0.0044979468134644755,4770.456225987622,-5605.417268668815,58717,75004
4,151,134614,2116,-0.006180633841130576,-0.004330637245875638,4785.1909032777385,-5617.19074716769,58654,74977
4,152,134628,2113,-0.006209820996932513,-0.004075410183272872,4801.5731726884,-5637.588953863428,58590,75077
4,153,134592,2114,-0.006260360725372552,-0.004207666412852296,4812.245529434645,-5654.840000183987,58476,75154
4,154,134565,2115,-0.006266935786919632,-0.0038564017328517842,4828.627164772556,-5671.937378939421,58532,75049
4,155,134497,2115,-0.006353886738082953,-0.00409450542593797,4836.902791278046,-5691.481495889995,58541,75039
4,156,134635,2113,-0.0063872670101921755,-0.004486187698272395,4856.6329049557235,-5716.582598872958,58671,74990
4,157,134603,2112,-0.006382198159890081,-0.003953551856323536,4876.17406895429,-5735.23708786997,58593,75069
4,158,134535,2114,-0.00643607109540977,-0.0036331432741887673,4889.285850001294,-5755.162674822239,58484,75139
4,159,134502,2113,-0.006512337825715918,-0.004701689533671782,4897.228235635791,-5773.15069787025,58455,75107
4,160,134508,2114,-0.006619240992352148,-0.004756610734734606,4906.991621155681,-5797.332488554968,58460,75133
4,161,134401,2113,-0.0066168950781812725,-0.004031056465386294,4921.4344518430935,-5810.751767245747,58346,75111
4,162,134452,2111,-0.006617770488245075,-0.0039045448610186525,4942.583025404073,-5832.355503089595,58321,75204
4,163,134400,2114,-0.006629699255038227,-0.004317582350844723,4958.210411837041,-5849.241991714179,58250,75202
4,164,134488,2116,-0.0066425040709565415,-0.004002977970245727,4981.466847433185,-5874.803934927972,58307,75254
4,165,134425,2114,-0.006699507527648517,-0.003982827375430503,4993.94130045611,-5894.522599860248,58278,75226
4,166,134559,2111,-0.006761277753622941,-0.0042521034891043995,5006.14343880775,-5915.934212057493,58268,75357
4,167,134505,2113,-0.006698331266178787,-0.004232105346106569,5032.5080047665215,-5933.467051723913,58213,75378
4,168,134561,2116,-0.006649256138613961,-0.004038760064607114,5060.3046229070715,-5955.03517817509,58194,75499
4,169,134528,2116,-0.006679949260148419,-0.004153521176270985,5073.303954214237,-5971.944168283478,58150,75432
4,170,134591,2115,-0.0065906673324067485,-0.0041215879935062195,5100.56542466738,-5987.609931603317,58186,75411
4,171,134576,2115,-0.006664562470570385,-0.004480234213244552,5111.852746936082,-6008.742905975558,58063,75551
4,172,134572,2114,-0.006642475717563277,-0.004054768890076287,5125.984310131725,-6019.875552395653,58096,75518
4,173,134634,2116,-0.006664662132100372,-0.003809656890988924,5144.600105956604,-6041.890227449826,58170,75515
4,174,134609,2115,-0.006687365881888392,-0.004229595132865388,5159.032990299584,-6059.212624294734,58114,75556
4,175,134618,2115,-0.006725934203990155,-0.0034246648799758288,5168.622799926506,-6074.054610599256,58136,75594
4,176,134585,2114,-0.006716476022307978,-0.0035406139505590093,5184.285712864318,-6088.222638326639,58047,75596
4,177,134697,2115,-0.006761196246317974,-0.003927611668176308,5196.340377099509,-6107.053227889796,58143,75629
4,178,134665,2115,-0.006793802175851395,-0.0038943954022129684,5206.479445199941,-6121.366815210959,58021,75701
4,179,134709,2114,-0.006861967903511565,-0.003575660286107586,5214.183597458792,-6138.552431772935,58157,75587
4,180,134748,2113,-0.006926296027229747,-0.00452174262520021,5222.293409949178,-6155.597947026325,58184,75643
4,181,134772,2113,-0.006916381813077206,-0.004725362263647405,5242.011264327202,-6174.145874039204,58204,75632
4,182,134778,2113,-0.006872068257692169,-0.003854313126690351,5259.5884463342845,-6185.792061969517,58238,75630
4,183,134857,2115,-0.006828329155965692,-0.003876330202494135,5283.104111781444,-6203.952096767492,58348,75673
4,184,134943,2116,-0.006755296875521644,-0.003960356745142056,5306.511124254977,-6218.0911505284885,58400,75670
4,185,134933,2116,-0.006760449656672381,-0.0037044912679893567,5314.65625910728,-6226.864012631055,58406,75646
4,186,134976,2114,-0.006719986267788669,-0.0035457409653192077,5327.383080762624,-6234.419947243667,58500,75609
4,187,135116,2116,-0.0066525905677381255,-0.003585702726687279,5348.293426480841,-6247.164853631351,58627,75652
4,188,135039,2114,-0.006610520979057194,-0.0037894295990822564,5363.537609398141,-6256.215751889045,58591,75594
4,189,135149,2115,-0.006576105521806914,-0.004292249002490726,5378.443749764103,-6267.197834930775,58718,75559
4,190,135227,2116,-0.006513945423100663,-0.0038372971228701194,5400.901619818927,-6281.762917548564,58767,75599
4,191,135250,2114,-0.0064847620180763935,-0.003618664966761701,5417.612795735179,-6294.676858680031,58785,75577
4,192,135379,2113,-0.006457633968083061,-0.003928466003570738,5435.000837266965,-6309.228866232068,58992,75496
4,193,135439,2115,-0.006411206415720505,-0.004363054880369339,5452.872538121002,-6321.199923859777,59013,75549
4,194,135503,2115,-0.006319340545875433,-0.0039856720201149375,5476.107515801083,-6332.397117788817,59065,75554
4,195,135600,2114,-0.006340991015231875,-0.0040239214325969485,5488.34677935653,-6348.185161021975,59219,75556
4,196,135558,2115,-0.006397863031166046,-0.0037728072792418553,5486.3411401274225,-6353.622656906204,59149,75503
4,197,135689,2115,-0.006511862785074172,-0.003871843846504519,5488.869776953068,-6372.457926397018,59128,75673
4,198,135814,2115,-0.006482361051921263,-0.003647113586017834,5506.345784499431,-6386.741168405074,59243,75672
4,199,135896,2115,-0.006498122030293167,-0.004644520358979646,5519.429753530388,-6402.498544959098,59223,75793
4,200,135925,2112,-0.006411217006488598,-0.003785765682971548,5547.354190009594,-6418.798861616545,59189,75811
4,201,136020,2115,-0.006367104623143829,-0.003816579245600521,5568.27451614143,-6434.328086981461,59265,75905
4,202,136151,2114,-0.00634513195089832,-0.004179161492411404,5587.514547366548,-6451.410607613293,59335,75917
4,203,136143,2113,-0.006356569316159604,-0.004137872848887411,5598.597622697896,-6464.000039107813,59410,75886
4,204,136215,2111,-0.006417974810450672,-0.0039491351963442415,5609.497865954817,-6483.722304760341,59366,75916
4,205,136267,2115,-0.0063638241000644035,-0.003986723349694512,5634.735018607733,-6501.914237251221,59400,75963
4,206,136392,2114,-0.006392450812705303,-0.003639795985719023,5648.60238022232,-6520.4815314688285,59416,76103
4,207,136432,2116,-0.006424993385825983,-0.003781611139789114,5660.01567416576,-6536.5903717807605,59429,76121
4,208,136549,2114,-0.006566368158144871,-0.003608883915404885,5658.558466733641,-6555.189472360176,59560,76110
4,209,136581,2114,-0.006612982616095618,-0.0039014471383710574,5666.203062980148,-6569.410841669129,59572,76112
4,210,136691,2113,-0.006696542760449477,-0.0043078048914328634,5672.13343666802,-6587.490563136628,59571,76213
4,211,136865,2115,-0.006700293290903867,-0.003470714815744076,5695.344660072964,-6612.380301332497,59742,76199
4,212,137023,2115,-0.006784815964205797,-0.0036836119213114215,5713.784556471635,-6643.460394335001,59755,76391
4,213,137107,2116,-0.006909675752336232,-0.0037443843316525027,5721.109883652344,-6668.474797027926,59749,76414
4,214,137111,2114,-0.006998070596378684,-0.004199629959220321,5731.100911764988,-6690.613369305078,59719,76487
4,215,137302,2118,-0.00710199236851593,-0.004292577405806688,5745.361203028373,-6720.478959210335,59841,76525
4,216,137371,2112,-0.007130835328709809,-0.003736339276249103,5762.90202167995,-6742.472001620157,59767,76739
4,217,137514,2114,-0.007153603554664753,-0.0036831932347044815,5787.311561162184,-6771.032200378375,59784,76832
4,218,137613,2116,-0.007303670550538339,-0.00402102064975231,5798.898739829077,-6803.978755300291,59810,76917
4,219,137719,2114,-0.00731811969312916,-0.004110950298586438,5817.674843118127,-6825.518969136186,59893,76929
4,220,137953,2115,-0.007430339891942169,-0.0038090589490470434,5833.299955859186,-6858.337634972305,59858,77214
4,221,137946,2115,-0.007600674400234132,-0.0038154723293032716,5837.632697006149,-6886.115327820858,59814,77274
4,222,138107,2115,-0.0075821618846602335,-0.003818719172312167,5864.900092308627,-6912.049723713383,59915,77326
4,223,138242,2114,-0.0076734769048293645,-0.004058213743382141,5886.946775792808,-6947.743570070222,59854,77548
4,224,138334,2116,-0.00770999870334479,-0.004097139222084329,5900.967680293104,-6967.522640921595,59905,77522
4,225,138594,2116,-0.007809697739979831,-0.0040536415512218,5919.412840902545,-7001.790089477331,60069,77645
4,226,138738,2115,-0.00789212596344005,-0.004013622486106521,5933.787071636125,-7028.724843551873,60055,77756
4,227,138879,2116,-0.00801488381354555,-0.004138200759737481,5945.234982296852,-7058.33403143823,60135,77880
4,228,139026,2115,-0.008041901063060899,-0.004288297681045494,5967.249162656587,-7085.282499849678,60136,78032
4,229,139227,2117,-0.007971505332768542,-0.00457312275446548,5998.322072857958,-7108.170845823347,60245,78108
4,230,139452,2114,-0.008068811669217002,-0.004549911434476921,6016.346733319003,-7141.558658214638,60278,78295
4,231,139655,2114,-0.008027488282464027,-0.004094956504843544,6043.569152269998,-7164.648028357506,60393,78366
4,232,139849,2117,-0.008020777910224604,-0.004042143381131905,6068.129609396654,-7189.827379363677,60470,78487
4,233,140137,2113,-0.008009708181761374,-0.004531215548870839,6096.64841475537,-7219.104890222885,60652,78614
4,234,140376,2115,-0.008026709234329363,-0.004458747086677202,6118.375868707023,-7245.133204185227,60794,78688
4,235,140614,2116,-0.008062899187863947,-0.0044691383142622665,6141.501433920753,-7275.257940323033,60868,78853
4,236,140808,2117,-0.00812204970353124,-0.004097722966825332,6159.50424119205,-7303.153815846904,60933,78939
4,237,141107,2116,-0.008094120625559639,-0.003823832458258651,6187.198509814447,-7329.335588925291,61037,79164
4,238,141425,2116,-0.008084943852007464,-0.0038883102969203345,6218.8196270361905,-7362.232811306333,61137,79364
4,239,141612,2116,-0.00814161779988505,-0.003986968012170421,6240.294136307493,-7393.244916184831,61293,79405
4,240,141551,2116,-0.008249867609563658,-0.0038874307372658654,6251.602637536261,-7419.379647537628,61190,79456
4,241,136924,2116,-0.008092628479272375,-0.004013970487540719,6083.440210818703,-7191.5152727146,59177,76889
4,242,132396,2116,-0.008008128815006255,-0.0037679603983260495,5905.001826096852,-6965.246048688413,57204,74320
4,243,127799,2117,-0.007974911493954398,-0.004110323830305482,5720.1638070474655,-6739.349521063348,55207,71756
4,244,123154,2117,-0.00795476017807726,-0.004285852083034051,5528.704504579774,-6508.365039550685,53190,69199
4,245,118459,2116,-0.007977410358249478,-0.0041099046483030945,5331.915310205511,-6276.911363833377,51176,66508
4,246,113916,2115,-0.00802755585131688,-0.0046537605365033876,5138.440872817936,-6052.907925176539,49171,64025
4,247,109294,2114,-0.008030583442331103,-0.0042020030149917354,4945.27572577327,-5822.970312519389,47185,61405
4,248,104735,2114,-0.008032849656377588,-0.004207920048643602,4755.343059382887,-5596.663568143597,45124,58912
4,249,100071,2115,-0.008016593420633562,-0.004134959102647094,4556.4629146766165,-5358.691434872841,43098,56340
4,250,95453,2114,-0.008014382215029321,-0.004166164193521124,4358.595183511006,-5123.592009082195,41139,53714
4,251,90780,2115,-0.007983850757873391,-0.0048540536458117735,4159.246256022011,-4884.020227821771,39163,51030
4,252,86104,2114,-0.008030215119451218,-0.005383829031596994,3956.0237782424515,-4647.457420887672,37074,48459
4,253,81490,2116,-0.007973729628493095,-0.005445273295981083,3750.2489936658426,-4400.028221091755,35171,45803
4,254,76819,2115,-0.007843616987823753,-0.005104849742828741,3549.5733458614936,-4152.112159249136,33238,43075
4,255,72129,2115,-0.007801214279022654,-0.004678054507057868,3343.448537073036,-3906.142321804655,31203,40449
4,256,67397,2112,-0.0077184516204690246,-0.005134039621266846,3134.023417676902,-3654.223901541653,29191,37787
4,257,62621,2115,-0.007766555242102047,-0.004256575137626948,2919.765069858134,-3406.1145256738087,27029,35180
4,258,57837,2115,-0.007811463826821626,-0.005203353267018771,2698.0989972489238,-3149.8906306008043,24934,32529
4,259,53043,2114,-0.007935370375013715,-0.005202563628177482,2474.5815457124204,-2895.4973965142635,22893,29797
4,260,48223,2113,-0.008038702196501818,-0.005350240843552137,2249.8350986869414,-2637.4854347088612,20788,27115
4,261,43471,2111,-0.00818641302530767,-0.006643778913455326,2025.3786186375949,-2381.2501792607404,18757,24416
4,262,38645,2108,-0.00838109934816022,-0.006080588295526004,1803.272093072763,-2127.159677382415,16620,21779
4,263,33816,2106,-0.008431104568816376,-0.006487212110020811,1578.8260175955486,-1863.9322496946368,14532,19071
4,264,28976,2104,-0.008732811122232993,-0.006261562535616855,1352.0520821334405,-1605.0940172112626,12443,16352
4,265,24140,2101,-0.009157581857498473,-0.007498249238707301,1122.6666900217542,-1343.7307160617643,10348,13666
4,266,19252,2097,-0.00938036723205097,-0.006472980278616087,897.354064443399,-1077.9448943948473,8247,10915
4,267,14387,2086,-0.009929651823494711,-0.007730123176613693,668.1668051542266,-811.0247059388439,6117,8179
4,268,9548,2076,-0.01025211076726232,-0.008551667652534033,445.151170874559,-543.0383244803793,4046,5435
4,269,4726,2049,-0.010996613420589833,-0.011091646754100876,220.70201362910183,-272.6720086548091,1997,2693
5,0,150386,2132,0.0,0.0,0.0,0.0,0,0
5,1,139480,2126,-0.00001612621056626846,-0.00005845119930374069,508.3466665648566,-510.5959504146397,63532,65475
5,2,138896,2127,-0.00003424944463069239,0.00011820511086551146,694.6443702188575,-699.4014810802801,63949,67351
5,3,138392,2127,-0.00010021577860604367,0.0000792895358983763,828.7637774098788,-842.6328394427281,64030,68107
5,4,138070,2127,-0.00014448199755585128,0.00008014403452414938,939.7095102701169,-959.6581396726511,63921,68799
5,5,138038,2125,-0.00017780550270391323,9.846302101810182e-6,1042.707486164682,-1067.251402146927,63838,69241
5,6,137987,2128,-0.0002170364063422565,-0.00014150091885436114,1135.1357362481488,-1165.0839388501026,63967,69493
5,7,137750,2130,-0.00020868367056958872,0.00010901289152645744,1221.3127152459922,-1250.0588908669536,64005,69563
5,8,137678,2127,-0.00021843339756298435,0.00012101748759959393,1297.9209804764023,-1327.9944537860847,64075,69762
5,9,137545,2127,-0.0002307006645631368,0.00013015144683223227,1370.4366735306464,-1402.1683964379897,64137,69762
5,10,137559,2127,-0.00025224715279073263,0.000024826686527413683,1441.1060989413352,-1475.8049650320797,64025,69979
5,11,137544,2127,-0.0002029749123079463,0.00015049888695271656,1512.9269071314159,-1540.8448884699014,64044,70128
5,12,137419,2123,-0.000168276034245667,0.00007861338072240902,1576.77052214921,-1599.894846499212,64052,70093
5,13,137351,2127,-0.00015210045754204718,-0.0001049075125188792,1639.8795297390348,-1660.7706796828982,64008,70181
5,14,137297,2125,-0.00012883160376645934,0.00016165562911502166,1699.8223459204712,-1717.5105386227876,64203,70086
5,15,137325,2126,-0.00012933649010970116,-0.000019028910481631642,1756.0455203339598,-1773.8066538382698,64131,70256
5,16,137169,2127,-0.00008858894640892746,0.00006272520854277752,1813.4675522463074,-1825.6192094362814,64176,70314
5,17,137147,2125,-0.00006264215344513877,0.00013376046680868277,1867.9230596158075,-1876.5142430343478,64285,70157
5,18,137204,2129,-0.00003560206275005774,0.00042537062790878866,1919.3889681704359,-1924.2737135879963,64493,70190
5,19,137110,2124,0.000022376476397053212,0.00036957949186376145,1971.1940220962288,-1968.1259834174289,64546,69999
5,20,137018,2128,-0.000012183996098742586,0.00021483123659280415,2014.2815783836938,-2015.9510051611478,64355,70110
5,21,137068,2129,-0.00004331952750919144,-0.00003731001840034707,2060.2962307161315,-2066.2339517127593,64417,70110
5,22,136973,2126,-0.000026097548914764155,0.00023604529216571617,2106.759614121486,-2110.3342736889936,64276,70258
5,23,136850,2127,-0.00003392125422059197,0.00032965620068440166,2145.8584538640257,-2150.5005775041163,64235,70219
5,24,136809,2127,-0.000014062345371126565,0.0004707418001564811,2191.013925213366,-2192.9377806212365,64223,70240
5,25,136761,2127,-0.000020097300091775872,0.000479776960909833,2233.13038109944,-2235.878907957275,64179,70268
5,26,136616,2129,-0.000012914704784807179,0.0005083301976867428,2273.3337944843374,-2275.098149793213,64114,70270
5,27,136565,2128,3.2539686108716934e-6,0.0005934911874880592,2313.8562381057714,-2313.4118598824175,64130,70224
5,28,136651,2128,0.000020495711379507604,0.0002222570687671034,2354.2315220699484,-2351.4307626142268,64246,70245
5,29,136602,2127,0.000023251190752795,0.00021818154370832821,2392.2380400556804,-2389.0618808964678,64192,70346
5,30,136544,2128,0.000023745243498040775,0.0002900065682799753,2428.6534792586544,-2425.411208730453,64116,70367
5,31,136437,2127,0.000041821353571740704,0.00018753321847260265,2465.0770715581625,-2459.3710915408797,64056,70329
5,32,136329,2127,0.00009517532638664049,0.0008886040139271589,2502.221496793204,-2489.246339722237,64096,70205
5,33,136222,2128,0.0001348111191629833,0.00043969401800062987,2535.1612651529695,-2516.7970248783477,64092,70113
5,34,136106,2124,0.00017341968369140458,0.0005234599486876874,2571.4923041750635,-2547.8888447065683,63860,70295
5,35,136087,2126,0.00016257156092022848,0.0005268518702579711,2601.8028840690827,-2579.6790080581354,63835,70330
5,36,135972,2127,0.00018277431581353366,0.0004439717363162836,2634.6955000063645,-2609.843310736566,63821,70293
5,37,135901,2129,0.00014138593182000527,0.00010028351394513637,2659.8474581255527,-2640.632968605277,63759,70232
5,38,135736,2125,0.00015267508894735654,0.00025736885370057346,2689.6933492956055,-2668.9698434222473,63634,70260
5,39,135650,2129,0.0001351930203268669,0.0004941288918152777,2719.172772279743,-2700.833839072389,63377,70386
5,40,135703,2126,0.00013678639832447417,0.0005578328838233553,2749.4070937817423,-2730.8447691699175,63450,70369
5,41,135516,2127,0.0001080781721847164,0.0008193814762205381,2773.963868432194,-2759.317546850395,63290,70396
5,42,135472,2129,0.0000876554385528485,0.0008407940659325979,2800.6104329084533,-2788.73557533683,63237,70321
5,43,135382,2126,0.00004409149131100392,0.00034930784598118184,2822.644749339552,-2816.6755550628995,63209,70384
5,44,135331,2126,0.000039427689723729994,0.0007531836447666966,2851.394606930372,-2846.058818252373,63049,70498
5,45,135214,2125,0.00006176025657062896,0.0006924831492208922,2876.5446870473093,-2868.193835715364,63052,70387
5,46,135147,2129,0.000012281026335496622,0.0007054995868440727,2899.0966674108276,-2897.4369235446793,62995,70412
5,47,134985,2126,-0.00004221921906250545,0.0006783259464511563,2918.2442113510056,-2923.9431726361536,62797,70435
5,48,134949,2126,-0.00010576772126914506,0.0005456267509711357,2938.400528482983,-2952.6737767005357,62590,70658
5,49,134983,2125,-0.00011621626253526512,0.0007160211573458075,2964.862213256893,-2980.5494330226848,62599,70584
5,50,134841,2126,-0.0001375701734704911,0.000999872323447753,2988.2276926107425,-3006.7777923716762,62469,70706
5,51,134903,2126,-0.0001439165121031977,0.000565017666918444,3015.5905471787864,-3035.0053164110577,62505,70680
5,52,134736,2127,-0.00018393280270298355,0.0005986687033474376,3033.282977726084,-3058.065347831068,62478,70569
5,53,134664,2126,-0.00017155620085319777,0.0006713201041980558,3058.284832716843,-3081.3872769485465,62411,70544
5,54,134506,2126,-0.0001902541359092415,0.0008190441393501867,3081.9446836506722,-3107.5350064552927,62302,70588
5,55,134616,2128,-0.0001846863384971481,0.0006085223570476977,3107.090205602526,-3131.9519417456554,62418,70640
5,56,134471,2126,-0.00018560920994794853,0.0005537125227894975,3129.853184650535,-3154.8122407214446,62298,70549
5,57,134469,2127,-0.00026560698963801313,0.00014133579426870232,3148.8690565025754,-3184.5849627921957,62256,70638
5,58,134328,2128,-0.00033935418412534696,0.0004364166765623942,3165.0404012729186,-3210.62517011811,62189,70553
5,59,134317,2127,-0.00037291287558095256,0.0005261015458024123,3187.999029187003,-3238.087567896407,62119,70664
5,60,134135,2114,-0.0004382625595586865,0.0003849045056129816,3204.6075936277816,-3263.3939420541874,61985,70606
5,61,134088,2115,-0.000507702529817028,0.0003764513974099502,3224.4579922814078,-3292.53480909951,61881,70612
5,62,134122,2112,-0.0006179852992270667,0.0004190748364412339,3241.653193764682,-3324.538618067627,61789,70766
5,63,134167,2114,-0.0006652150082050481,0.00009603920689213876,3261.4641081310815,-3350.7140101369164,61795,70773
5,64,134215,2114,-0.00077885274193773,0.00006925268163009683,3276.1764541197917,-3380.7101748789564,61715,70929
5,65,134117,2112,-0.0008327858993752902,0.0001383672669941523,3291.654648448679,-3403.345394915195,61629,70937
5,66,133994,2113,-0.000899827509341201,0.00022622255325407262,3305.396775523655,-3425.968262810327,61526,70882
5,67,133946,2115,-0.001009094729800711,0.00012204560221631324,3319.466705179712,-3454.6309078575878,61405,70963
5,68,133886,2113,-0.0010768935108274738,0.00018007836786257197,3336.849102005598,-3481.0300665962563,61347,71006
5,69,133924,2111,-0.0011740151653560503,0.00008208563849717588,3352.2146417781014,-3509.4434487832623,61398,71069
5,70,133951,2113,-0.001275449593788403,0.0000894525254549249,3366.932332142165,-3537.780080679721,61337,71049
5,71,133921,2113,-0.0013611810397681637,0.00043820691044446495,3383.17795756099,-3565.4686835877883,61370,71049
5,72,133931,2112,-0.0014811295466405083,0.0000615744935270647,3399.2843356491103,-3597.653496960213,61407,71014
5,73,133945,2111,-0.001583794160342937,-0.0002884252617559767,3415.636892980554,-3627.778201787698,61292,71146
5,74,133896,2113,-0.001659767146019588,-0.00009155824871238626,3432.675932550006,-3654.9121143334473,61393,71013
5,75,133905,2113,-0.0017710803140803522,-0.0002218696110793651,3445.569057694718,-3682.7255671516386,61227,71175
5,76,133858,2114,-0.0019257225114829007,-0.0005067841279300746,3455.019142933856,-3712.792506875945,61204,71203
5,77,133815,2111,-0.0020575549425119405,-0.00007987513427408612,3466.0926424367144,-3741.424357068943,61129,71214
5,78,133876,2111,-0.002190628943588187,-0.0002529668787326227,3481.39934129594,-3774.671981747744,61130,71358
5,79,133825,2110,-0.0023513862917067794,-0.0008919789064070463,3491.659787161602,-3806.33405764926,60927,71496
5,80,133860,2112,-0.0024770882787750353,-0.0007273142984097318,3500.570529415448,-3832.153566412272,61082,71407
5,81,133714,2113,-0.0026280057379249626,-0.0007829983784422316,3507.3062414002666,-3858.707400641176,60813,71526
5,82,133699,2115,-0.0028079805751644394,-0.0014762286568166167,3511.4097210666964,-3886.833915985623,60757,71533
5,83,133606,2111,-0.0030258984112888168,-0.0011949483335318885,3512.686847397589,-3916.9650305362406,60498,71748
5,84,133609,2109,-0.0031251825495363056,-0.0010714829757154285,3528.5679547545537,-3946.1204700155376,60439,71792
5,85,133527,2112,-0.0032696177817217393,-0.0008923778568479157,3541.3075472209557,-3977.8898007609096,60336,71844
5,86,133553,2112,-0.0033812588423150517,-0.0012662802223852,3554.4872356485766,-4006.0644978162727,60287,71909
5,87,133593,2109,-0.003497061868213719,-0.0013161619201563634,3569.071033350704,-4036.254019510985,60290,71931
5,88,133572,2112,-0.0035682179568706112,-0.001472634446365109,3584.405687930319,-4061.0196968654536,60256,71953
5,89,133495,2112,-0.0036656005455259124,-0.0016140918069959488,3600.3744379763834,-4089.713782801366,60214,71937
5,90,133561,2113,-0.0037318563879616255,-0.0014934682075854722,3621.0359996601073,-4119.466470692629,60241,71957
5,91,133617,2115,-0.0038619826357827345,-0.0015995942740946077,3633.6985006394834,-4149.725034484873,60152,72153
5,92,133599,2112,-0.003979783748941192,-0.001764049845299071,3644.732874724998,-4176.4280037998105,60197,72033
5,93,133552,2113,-0.004056656285922235,-0.0017003116986831065,3659.922937124989,-4201.6974974224695,60177,72024
5,94,133588,2111,-0.004159955792361324,-0.0020230316211628865,3673.7747959953085,-4229.494970385264,60214,72064
5,95,133529,2112,-0.00430929522076345,-0.0019561462449126923,3680.224401905774,-4255.640283439088,60014,72228
5,96,133386,2111,-0.00436804896221659,-0.002107039870593895,3699.5753009879295,-4282.211879862158,60035,72057
5,97,133552,2109,-0.004468867378725435,-0.0024311773876966878,3717.407549311034,-4314.2337254745735,59998,72253
5,98,133544,2113,-0.004571910735369422,-0.001774785364050979,3730.6211639846215,-4341.172411228798,59898,72389
5,99,133423,2113,-0.0046176279812661,-0.0024179331761955956,3751.4505215900494,-4367.54829973453,59815,72381
5,100,133540,2112,-0.004758086791344029,-0.0022441011256915827,3762.577663008175,-4397.972573124274,59775,72588
5,101,133567,2112,-0.004842427172811659,-0.0023906377329617505,3778.3726978038458,-4425.161167994769,59688,72676
5,102,133511,2113,-0.004929631937519284,-0.002197064610917667,3789.9387465039617,-4448.0988361140935,59588,72671
5,103,133499,2108,-0.005066991399536055,-0.002377077080001175,3797.9726005689918,-4474.410885415663,59550,72704
5,104,133455,2112,-0.005200056910431941,-0.0032395687034058817,3809.8382159908183,-4503.811810972495,59507,72701
5,105,133566,2109,-0.005252379558193509,-0.002735573018088235,3824.0632875337346,-4525.602615603406,59590,72741
5,106,133437,2110,-0.005371346325096358,-0.0030236473397600725,3829.6732178850984,-4546.409557466968,59543,72660
5,107,133441,2110,-0.005424245980020203,-0.0030980229071262133,3846.6111724480675,-4570.427980267946,59464,72828
5,108,133436,2114,-0.005576835268415557,-0.0033983254260672624,3850.1298106826116,-4594.28040155891,59421,72799
5,109,133499,2110,-0.0056383207849229336,-0.003027017105668967,3866.1439567448497,-4618.8541432112825,59449,72899
5,110,133441,2110,-0.005775169658111376,-0.003430163317115164,3875.003746451319,-4645.648160799377,59255,72951
5,111,133380,2112,-0.005891596631730525,-0.003224639032653223,3885.2410197235004,-4671.062178463728,59139,73024
5,112,133431,2111,-0.0059662650156593975,-0.003579532386847822,3902.35345793073,-4698.438165235195,59140,73175
5,113,133566,2110,-0.006016061355554187,-0.004028685383183778,3920.2307400149384,-4723.771991030878,59240,73176
5,114,133582,2112,-0.006018448934688805,-0.0037177376210732246,3940.666564794363,-4744.623010387958,59240,73191
5,115,133520,2113,-0.006124271788536018,-0.00354901712199207,3950.3269220495717,-4768.039691254875,59168,73166
5,116,133582,2111,-0.00614371712898239,-0.0032982316216173947,3970.9042982546507,-4791.594319778357,59229,73187
5,117,133513,2115,-0.006145705989728867,-0.003484719696807901,3987.3015974448094,-4807.833241251473,59203,73105
5,118,133497,2114,-0.006214268366989469,-0.003406187229984152,3997.568803347228,-4827.154987535226,59182,73144
5,119,133501,2112,-0.006248163849105939,-0.003971783441425842,4012.4613126368454,-4846.597434656328,59166,73122
5,120,133490,2112,-0.00628364012172352,-0.003696249826933186,4028.033798831311,-4866.83691868017,59109,73203
5,121,133467,2110,-0.0063260226315080175,-0.0034592947454516894,4042.4595486817034,-4886.774811241166,58916,73392
5,122,133545,2112,-0.006378912938234539,-0.004040489445289229,4059.584494934638,-4911.456423271161,58904,73463
5,123,133434,2112,-0.006419699666653679,-0.003856200176958109,4077.2928359167827,-4933.899041237048,58906,73383
5,124,133425,2113,-0.00645146742751049,-0.0038581520562600215,4092.572004329835,-4953.359045845432,58892,73331
5,125,133441,2111,-0.006570892918144515,-0.003973412941125697,4103.835681168058,-4980.662203058195,58878,73431
5,126,133445,2111,-0.006625009377156273,-0.003814312810749118,4122.057062309162,-5006.131438643763,58812,73461
5,127,133432,2114,-0.006709148209160012,-0.0042468529927760625,4133.9520501318975,-5029.167113976552,58771,73521
5,128,133412,2115,-0.006747588324029854,-0.003935130510766936,4149.599196904135,-5049.808450389622,58758,73514
5,129,133384,2113,-0.006713803963963449,-0.004018358484334509,4168.531743889626,-5064.045771818938,58783,73493
5,130,133391,2112,-0.006763057408935666,-0.00495588311484438,4185.655643440083,-5087.786634275417,58700,73565
5,131,133335,2113,-0.006853477804314983,-0.004775818935482671,4196.3724058656535,-5110.180868904003,58603,73633
5,132,133315,2110,-0.006921888240170812,-0.004354653997619615,4211.401499517219,-5134.193030255604,58473,73772
5,133,133327,2113,-0.006951891293607264,-0.004214598496110494,4227.349695853079,-5154.224506355884,58487,73822
5,134,133396,2110,-0.007000826835990137,-0.004644832124375465,4244.651784329706,-5178.5340809434265,58521,73785
5,135,133359,2112,-0.0069943929728606006,-0.0043319940249027,4265.044234469675,-5197.809486937412,58540,73740
5,136,133326,2113,-0.007003710586022473,-0.00430671162457319,4281.835576305871,-5215.612293897899,58429,73833
5,137,133363,2114,-0.0070559183058180545,-0.0043893811835068325,4302.50636636167,-5243.504799380474,58451,73834
5,138,133405,2110,-0.006984319736625679,-0.0044941114340411115,4328.799161802416,-5260.542336266961,58425,73888
5,139,133396,2114,-0.006977659107397996,-0.004911859197892828,4348.644264212757,-5279.436078503195,58364,73960
5,140,133402,2114,-0.006899295981985109,-0.004419369565558109,4377.833696616591,-5298.2135792053505,58418,73956
5,141,133369,2112,-0.006922858882206827,-0.004663955781616686,4392.32024072038,-5315.615006981408,58441,73891
5,142,133373,2111,-0.006902261655421709,-0.004748235143261108,4410.213345872584,-5330.78868964115,58565,73820
5,143,133403,2112,-0.00687236352877008,-0.0044917358093349465,4428.673863590211,-5345.4677754187505,58568,73845
5,144,133361,2110,-0.006940392500889878,-0.004851831629232992,4440.359698054504,-5365.937382365677,58480,73849
5,145,133499,2111,-0.00698859236806696,-0.004211503852956145,4455.073167366378,-5388.043259910968,58528,73912
5,146,133497,2113,-0.007047750833441669,-0.0044904620549974135,4468.116778395692,-5408.970371407636,58399,74037
5,147,133472,2113,-0.00707585957407532,-0.004988200005540616,4481.546208023431,-5425.975337094427,58449,74001
5,148,133440,2114,-0.007044766509784022,-0.004961254051085883,4496.647318710632,-5436.700961776195,58568,73837
5,149,133578,2115,-0.007090709731007745,-0.004729882299971759,4516.241956027896,-5463.404780476455,58632,73951
5,150,133591,2112,-0.007150837240035377,-0.004501427890238579,4524.13655723065,-5479.424054964184,58582,73937
5,151,133639,2112,-0.007188469842845121,-0.004572757405214388,4538.625383102777,-5499.285304430762,58712,73949
5,152,133624,2111,-0.007146503302697175,-0.004865282490220247,4554.388397201749,-5509.332754521375,58729,73881
5,153,133706,2115,-0.00703075544607173,-0.004667452361508394,4582.360865772848,-5522.4150534453065,58840,73826
5,154,133729,2111,-0.00701837590541312,-0.004644598488415767,4603.139698494642,-5541.700089949623,58943,73774
5,155,133755,2109,-0.006941472021484661,-0.005040282519843513,4626.673092517215,-5555.129682750903,59056,73730
5,156,133812,2108,-0.006866590881527418,-0.0045288749500086685,4649.43794177775,-5568.270200816702,59118,73710
5,157,133957,2111,-0.0068514060796683466,-0.004684325999565663,4664.706405946854,-5582.500210160986,59290,73677
5,158,133903,2113,-0.006912309500688571,-0.004542489346105018,4673.546095184649,-5599.125074255364,59215,73721
5,159,133983,2113,-0.0068488466463620095,-0.004408279419317886,4691.2294797842405,-5608.8585000037665,59289,73710
5,160,134020,2114,-0.006859509752083877,-0.004294657010255843,4702.393064852527,-5621.704561826786,59397,73659
5,161,134084,2112,-0.00679659574775604,-0.004265880170080416,4724.249760024939,-5635.564504267047,59444,73667
5,162,134107,2110,-0.006780651682268316,-0.004195559170206616,4737.215018364817,-5646.547873518754,59426,73699
5,163,134222,2112,-0.0066762938086362055,-0.004005191756884816,4760.377894743515,-5656.483402326293,59631,73581
5,164,134294,2110,-0.006615100454542008,-0.004269485021264867,4778.629308163725,-5666.99760860601,59649,73616
5,165,134346,2110,-0.006579744457168549,-0.003973744277659502,4793.708983763743,-5677.671332606516,59806,73566
5,166,134374,2112,-0.006571951426433589,-0.004404517113286325,4807.313020934143,-5690.412421909734,59881,73486
5,167,134388,2108,-0.006573597966238439,-0.0043657225781321895,4821.628037837761,-5705.040721324626,59888,73496
5,168,134483,2111,-0.006559121867104574,-0.004077109754501996,4835.99957316001,-5718.089959213839,60035,73424
5,169,134545,2112,-0.0065832511650930625,-0.004422934323397019,4848.498780843065,-5734.242308850525,60194,73392
5,170,134730,2114,-0.00664493111249206,-0.004002966119266297,4862.820373405909,-5758.091942191968,60339,73402
5,171,134821,2112,-0.006597604443533125,-0.004414447911681815,4883.930690527024,-5773.426319208589,60342,73502
5,172,134891,2112,-0.006605306996077929,-0.004739632975738004,4902.050051126001,-5793.046517133939,60447,73462
5,173,134903,2113,-0.00660633923359716,-0.004228049485036455,4918.098775531156,-5809.313757161089,60466,73479
5,174,135040,2114,-0.006598687864311387,-0.004061335122359468,4936.847817000758,-5827.934626197395,60451,73594
5,175,135087,2114,-0.006589392653073164,-0.004110389602007586,4957.15026069112,-5847.291546016817,60461,73647
5,176,135119,2112,-0.0066239180876410675,-0.004081835797395226,4970.510038876138,-5865.527226960115,60571,73580
5,177,135247,2113,-0.006650087066823991,-0.004290474863033796,4986.281844874209,-5885.686170400971,60653,73629
5,178,135312,2112,-0.0066931041343110155,-0.003975606614947176,4992.198899050904,-5897.856205672753,60636,73681
5,179,135448,2114,-0.006772791521195878,-0.004153228960224163,5002.255301022675,-5919.616366985631,60578,73861
5,180,135421,2112,-0.006860376975454621,-0.0037673833706599693,5004.811075505918,-5933.85018589896,60530,73841
5,181,135552,2113,-0.007023760869992804,-0.004062842076672828,5011.53955284944,-5963.624386298684,60455,74079
5,182,135671,2114,-0.007132635005983967,-0.004252082769749482,5020.5581581210445,-5988.249882017906,60442,74159
5,183,135728,2114,-0.007200918072290558,-0.004121297339320041,5034.591475701028,-6011.957683816844,60441,74269
5,184,135922,2114,-0.007308155165641657,-0.004479705581867084,5047.899011105207,-6041.2380775295505,60423,74479
5,185,135976,2114,-0.007373133990984613,-0.004339227211994583,5061.320367744753,-6063.889635302873,60311,74608
5,186,136117,2114,-0.00744253219878139,-0.004357429649498863,5077.279710504357,-6090.3348658058585,60291,74788
5,187,136163,2113,-0.0074775082908391105,-0.00429746303227973,5097.895438112246,-6116.055399517755,60388,74820
5,188,136189,2113,-0.007553422981850154,-0.0037743073294160246,5115.165615110594,-6143.858737585795,60292,74914
5,189,136370,2112,-0.007672846174643073,-0.004241580580211386,5131.9522547876,-6178.298287623682,60412,74951
5,190,136392,2114,-0.007772384706025464,-0.004400309862379675,5149.205502141151,-6209.296596965395,60303,75054
5,191,136482,2115,-0.007875948788365351,-0.004654822883298825,5161.197702807738,-6236.122945341425,60332,75123
5,192,136663,2111,-0.007931166981737047,-0.0043453733210157925,5183.5223487044,-6267.419421929534,60447,75226
5,193,136839,2114,-0.008070128339078431,-0.004538498535992472,5199.633800473079,-6303.942092264223,60410,75382
5,194,136949,2112,-0.008123030090714974,-0.004229351556636215,5223.518692090593,-6335.959539983922,60363,75560
5,195,137175,2112,-0.008200582591082969,-0.004359567838111308,5241.658926129663,-6366.57384306147,60525,75654
5,196,137220,2111,-0.008346916621247584,-0.004962225824966121,5252.863099783901,-6398.226998551504,60568,75652
5,197,137353,2116,-0.008442036839423983,-0.004448681055420235,5267.221459757298,-6426.760545762686,60560,75821
5,198,137586,2113,-0.008483101570978722,-0.004670542135085453,5294.7116341992905,-6461.867646943954,60640,75979
5,199,137681,2113,-0.008462932540203708,-0.0044675153579047285,5319.491747890741,-6484.676762958505,60673,76014
5,200,137916,2113,-0.008482729755948132,-0.004574791790906269,5348.8499038366235,-6518.754060857969,60758,76180
5,201,138220,2114,-0.008471965248278009,-0.004488064348719785,5374.79366412403,-6545.788700741036,60907,76329
5,202,138360,2114,-0.00845913319549092,-0.004602126705766072,5395.8578590339475,-6566.263527962078,60904,76443
5,203,138566,2115,-0.008562249315931214,-0.004705529588506842,5418.195556131376,-6604.632194842713,61057,76539
5,204,138801,2116,-0.008565738300743413,-0.004710720346250322,5444.305953734172,-6633.238995615664,61209,76611
5,205,139003,2114,-0.008541014926220131,-0.004626662929059219,5470.588129221882,-6657.814827011287,61286,76657
5,206,139215,2115,-0.008574214817175348,-0.004697202844588368,5496.990073045048,-6690.649388818122,61415,76791
5,207,139429,2113,-0.008590397984356148,-0.0049758347377828445,5520.980198979435,-6718.73079954022,61516,76887
5,208,139635,2113,-0.008518757113618299,-0.004396994143118649,5553.348776083264,-6742.865425643368,61660,76972
5,209,139853,2114,-0.008547057827577312,-0.004592294599967091,5580.615654821027,-6775.947333181202,61626,77185
5,210,139831,2114,-0.008508387932319618,-0.004447681148417429,5610.998157561493,-6800.734550525687,61643,77173
5,211,135265,2114,-0.008417577000786249,-0.004621377798272703,5455.05609490512,-6593.659647916489,59617,74672
5,212,130671,2114,-0.008434566072019008,-0.004654477580760009,5283.084497687423,-6385.237680884191,57538,72187
5,213,126135,2112,-0.008479880166651523,-0.004539178320779179,5111.167953080007,-6180.777637900576,55546,69692
5,214,121578,2112,-0.00853655855804843,-0.004750012909777212,4934.602842526497,-5972.460558896905,53454,67273
5,215,116976,2113,-0.008600856912815672,-0.004807594574425825,4756.929610754181,-5763.0234489877175,51390,64769
5,216,112437,2114,-0.008576629590281066,-0.0045992737384015405,4585.878589788845,-5550.209091031271,49390,62254
5,217,107853,2114,-0.008650953325709455,-0.004926738320704072,4405.932197232993,-5338.963466270729,47319,59746
5,218,103284,2113,-0.008632525396452758,-0.0045015282070011,4230.545793502743,-5122.147546549982,45280,57268
5,219,98715,2113,-0.008632015071463143,-0.00467231638253728,4054.6237950197883,-4906.733162799254,43354,54676
5,220,94069,2114,-0.008501660372534857,-0.004898985515993826,3881.172386695016,-4680.915076278982,41323,52069
5,221,89495,2112,-0.008459173223436825,-0.004258726831267227,3706.4324152231047,-4463.4861228545715,39348,49513
5,222,84944,2112,-0.008486834588928896,-0.005030276937126093,3524.8789558331086,-4245.784633155078,37365,46977
5,223,80350,2113,-0.008453605304548658,-0.004903742060369611,3344.2630671518086,-4023.5102533722948,35343,44456
5,224,75718,2112,-0.008413198596848461,-0.005038882710367611,3160.655461946958,-3797.6860333031304,33236,41924
5,225,71063,2111,-0.008380219262595306,-0.004629200329581529,2974.581875959169,-3570.1053974169863,31148,39383
5,226,66333,2113,-0.008291640450144489,-0.004584903492985695,2791.1996848073322,-3341.2090707867683,29082,36820
5,227,61639,2109,-0.008403126543582145,-0.00412731169307663,2597.3166454377933,-3115.2769624576663,26934,34249
5,228,56966,2108,-0.008562470400158593,-0.004203567618542549,2401.1803647803454,-2888.9500535957723,24859,31734
5,229,52252,2109,-0.008788088326333945,-0.004560915271911686,2201.074266195277,-2660.2694574228776,22757,29120
5,230,47569,2108,-0.008963135329547156,-0.004705191933453217,2001.506965858917,-2427.874350350145,20630,26610
5,231,42802,2106,-0.009224528334280897,-0.005344333132673444,1798.404824328348,-2193.233086092242,18574,23921
5,232,38068,2102,-0.00952026607284742,-0.005980220151732468,1597.4636477891934,-1959.8811366503428,16505,21303
5,233,33348,2105,-0.009585544328897818,-0.005829683649277427,1399.0466390479696,-1718.7053713280566,14431,18670
5,234,28554,2100,-0.00986177668735034,-0.0061293626564637846,1198.3273760129466,-1479.9205475435515,12321,16048
5,235,23791,2098,-0.01005733899565105,-0.006718617672069311,998.5286644239586,-1237.8028164694924,10258,13373
5,236,18996,2095,-0.01042856794336398,-0.006991636407959937,798.0483673372137,-996.1494439893571,8172,10693
5,237,14184,2089,-0.010990504494672749,-0.008878305171979397,594.335796218037,-750.2251119704733,6112,7992
5,238,9378,2074,-0.011623500585105374,-0.009597739414194971,392.46842164838483,-501.4736101355038,4020,5296
5,239,4628,2048,-0.01220421067923402,-0.012199953752315905,194.43751394729065,-250.91860097078558,1980,2616
6,0,148734,2132,0.0,0.0,0.0,0.0,0,0
6,1,137489,2127,0.00006252394258452515,0.0000218165457706297,481.10581116062554,-472.50945681862123,62704,63804
6,2,136777,2128,0.00011802319346996778,0.00023196158842517695,656.5108697779665,-640.3680114447246,63599,65111
6,3,136312,2127,0.00014023809875963664,0.00019099870511925945,790.2463617919489,-771.130226073828,63775,66024
6,4,136032,2127,0.000168794401353214,0.0002831069096235794,903.1201136726118,-880.1586736677299,63920,66374
6,5,135900,2129,0.0001742370933875446,0.00035435028032594867,1000.9243827075187,-977.2455617161521,63754,67074
6,6,135691,2125,0.00016698244682554296,0.0004127652355984409,1089.7031736773724,-1067.0451584851708,64129,66971
6,7,135621,2130,0.0001510391900632449,0.0004486822259674384,1169.7850959176421,-1149.3010099220737,64070,67308
6,8,135486,2126,0.00013867152203424725,0.00029187927075336904,1242.9964100513293,-1224.2083602169942,63870,67670
6,9,135358,2126,0.00011330533127143944,0.0002933751150228639,1310.8041152039539,-1295.4673321737127,63751,67862
6,10,135200,2130,0.00010770553925815404,0.0004446509568426838,1375.1700641488665,-1360.608275241162,63835,67800
6,11,135093,2128,0.00007800182853491258,0.00040601770495696097,1435.0660757501182,-1424.528574727849,63649,67988
6,12,135018,2126,0.000041806962332976584,0.0004002046894310722,1493.5327688939217,-1487.888076453654,63652,68154
6,13,134853,2126,-4.295015385956075e-6,0.00039375516579176164,1546.4978146627286,-1547.0770103725702,63534,68141
6,14,134828,2126,-0.000018758088566770656,0.0003754309033862785,1601.2399026904468,-1603.7690182557265,63615,68163
6,15,134779,2127,-0.000030162308795675726,0.00037264894374682185,1652.8525992948757,-1656.9178451120374,63494,68234
6,16,134581,2128,-0.00007801972471545052,0.0003784998300738862,1699.3100498355323,-1709.8100224074558,63379,68298
6,17,134568,2127,-0.0001122754863752089,0.00036832407924555826,1745.8287743657581,-1760.937462016288,63284,68421
6,18,134511,2126,-0.00016183008470571408,0.00017313095151033495,1787.6457386047762,-1809.4136651286265,63183,68616
6,19,134420,2126,-0.00017745093318539932,0.0001280517672013681,1834.322424245082,-1858.1753786838576,63266,68553
6,20,134309,2126,-0.00019640359470785338,0.0002065362519570887,1876.809693763003,-1903.1884641646295,63121,68614
6,21,134215,2126,-0.00020041906653073371,0.00012376034163635014,1922.4140615503295,-1949.3133065647467,63057,68623
6,22,134137,2128,-0.00022805792258528097,0.0001332115621493268,1961.9042304890147,-1992.4952360508285,63018,68707
6,23,134116,2126,-0.00024608833552909864,0.0003745431539913381,1999.7926015450503,-2032.796984752875,63207,68456
6,24,134019,2130,-0.00033220185696948817,0.00034622387702816005,2033.6459013364981,-2078.1672620056966,63063,68623
6,25,133966,2130,-0.0003738487172576873,0.00020403965024628476,2068.659249287585,-2118.7422665437243,63147,68526
6,26,133878,2128,-0.0003916534322691169,0.000268669192316663,2105.474576203656,-2157.908354408983,63136,68547
6,27,133924,2127,-0.00044251672894386437,0.00017436538066403073,2139.4404969133525,-2198.704107320427,62944,68724
6,28,133825,2126,-0.000512475777298776,0.00009313515381374764,2168.9416494541138,-2237.5237203511206,62866,68772
6,29,133722,2126,-0.0005731355719275381,0.00007733074288762455,2199.8161982183647,-2276.45703316766,62811,68701
6,30,133602,2111,-0.0006436364349680502,-0.000040080968938920894,2228.5853438195672,-2314.576458804166,62629,68821
6,31,133563,2114,-0.000715334276352251,0.000022527254797029605,2258.3512870383397,-2353.893478990769,62550,68891
6,32,133483,2112,-0.0007873003577830017,0.00011893253749622174,2288.6192602208052,-2393.71047387875,62358,69035
6,33,133484,2111,-0.0008547232269852706,-0.00003192650396616775,2318.88620036189,-2432.978075592789,62279,69135
6,34,133404,2115,-0.0009359152884118781,-0.0002535674000008374,2347.867622833636,-2472.7224659689405,61994,69299
6,35,133451,2109,-0.0009830924760330494,-0.00025243294539915135,2379.846259481652,-2511.0409335007294,61925,69516
6,36,133412,2114,-0.001025695205443323,-0.0002086166455722635,2410.3659719192337,-2547.206020667835,61927,69457
6,37,133281,2112,-0.001098313922119334,-0.0002887948877460853,2435.462783827875,-2581.847161681876,61856,69385
6,38,133232,2109,-0.0012047788942628965,-0.0002863029953802091,2459.693867164603,-2620.208968805026,61698,69486
6,39,133269,2116,-0.0012919332650374307,-0.00032005372328843874,2485.003249140354,-2657.177903438629,61693,69567
6,40,133316,2114,-0.001352431321532313,-0.0001030198733620899,2514.8519011950693,-2695.1526352564797,61659,69672
6,41,133163,2110,-0.0014295934593707709,-0.0003887125878964357,2537.6456223247396,-2728.0145761549234,61514,69687
6,42,133259,2114,-0.0014917317848725247,-0.00019377858874207798,2563.5934611474627,-2762.3801470677927,61484,69878
6,43,133221,2113,-0.0016162768035947067,-0.00019779175760209312,2586.146839908728,-2801.4688519604106,61442,69908
6,44,133206,2114,-0.001731481974707287,-0.00045997830320364925,2606.0072503320735,-2836.6510382549254,61450,69923
6,45,133268,2112,-0.001822542120305401,-0.0004315909573445702,2629.7969497156805,-2872.6834930045457,61411,69978
6,46,133190,2112,-0.0019870913303315523,-0.00046810539218800377,2646.441942390592,-2911.1026366774445,61163,70216
6,47,133140,2115,-0.0020607476937530974,-0.0004744880169023311,2669.3260508275553,-2943.6939987738424,61015,70321
6,48,133122,2115,-0.0021767930823110705,-0.0005143633720423136,2690.302868443144,-2980.0819171465523,61017,70340
6,49,133036,2113,-0.0022921833852334998,-0.0006163786331350029,2709.6889156598445,-3014.631824497778,60901,70438
6,50,133052,2112,-0.002424184054820335,-0.0007364151049549551,2730.3273690487827,-3052.8699059107466,60776,70568
6,51,132979,2114,-0.002607403012418449,-0.0007760951756751853,2743.889617862562,-3090.6194630509453,60638,70633
6,52,133002,2113,-0.002776766405512481,-0.0011067216475324397,2757.1453062079836,-3126.4607916739615,60563,70689
6,53,132958,2112,-0.002920395126324784,-0.001051405486492815,2772.0152666422205,-3160.3051618481118,60490,70822
6,54,132908,2108,-0.0030708041927912364,-0.0012875689248153749,2784.8601174284904,-3192.994561084001,60387,70840
6,55,132896,2114,-0.0032007747884017514,-0.001157051784762986,2800.2773764369736,-3225.64754271642,60404,70814
6,56,132735,2112,-0.003309776323349264,-0.0012437609032996768,2817.1256344550707,-3256.4487947348453,60202,70884
6,57,132843,2114,-0.0034548603019604815,-0.00138114939687926,2835.207311079531,-3294.161318172861,60163,70996
6,58,132830,2112,-0.003583060716516765,-0.00120410889579592,2848.0418914948195,-3323.9798464697287,60052,71101
6,59,132819,2115,-0.0036909442274623786,-0.001285081189622211,2865.6805143670695,-3355.9080357144035,60076,71067
6,60,132849,2112,-0.00385189020525013,-0.0012546983730238766,2875.8935614933666,-3387.6133233706487,60074,71096
6,61,132854,2113,-0.003955982529322958,-0.00187375061676748,2889.797962986026,-3415.366065936702,60087,71136
6,62,132795,2113,-0.0040922443344206996,-0.0019048267439236558,2899.6550872653384,-3443.084673654734,59978,71165
6,63,132844,2113,-0.004227001994771546,-0.0021325448116052263,2914.1932384301026,-3475.7250914235483,59849,71376
6,64,132864,2110,-0.004345987162614382,-0.002041580219091971,2931.1609949943672,-3508.58623336797,59927,71328
6,65,132773,2113,-0.004451867625114393,-0.0025128472562559894,2943.9415426335568,-3535.0293628228683,59888,71289
6,66,132747,2107,-0.00458526378244886,-0.0026366732829472724,2957.7791174223457,-3566.459128751074,59903,71284
6,67,132678,2111,-0.004669437333828034,-0.0024239373530745537,2974.5561143978684,-3594.0877209755104,59826,71254
6,68,132714,2112,-0.004814250183747862,-0.0024101110672980334,2988.711633590911,-3627.6300324768354,59850,71292
6,69,132664,2114,-0.0049666462568003075,-0.0025933801586334715,2999.8925508565235,-3658.7877098686777,59873,71244
6,70,132719,2113,-0.005079580451655251,-0.002741548323180489,3015.103457520264,-3689.2602954834965,59966,71261
6,71,132771,2111,-0.005197034775032726,-0.0029520081302189314,3029.5491613214613,-3719.5646654373295,59948,71255
6,72,132592,2112,-0.005257440010216708,-0.003100573003488041,3048.4469590546005,-3745.541444889261,59817,71257
6,73,132609,2111,-0.0053240690328950355,-0.003307796116728779,3067.1955694633866,-3773.215039846547,59846,71254
6,74,132702,2108,-0.005395374276386322,-0.0031495736156810263,3089.451386700641,-3805.4283439256624,59956,71266
6,75,132658,2112,-0.0055006554254392066,-0.0032822544275041264,3105.281074682404,-3834.987022110318,59829,71337
6,76,132618,2113,-0.00559359778151151,-0.003582248201021879,3121.4833896274376,-3863.2951402159338,59830,71273
6,77,132643,2113,-0.00568895255330498,-0.003583977541931335,3134.125943517852,-3888.725677045886,59797,71295
6,78,132648,2113,-0.005769234814436418,-0.00340512343201132,3152.602645370761,-3917.880105036128,59887,71302
6,79,132699,2110,-0.0058004460726411725,-0.0038873351457023655,3173.2008678847237,-3942.9142612781484,60016,71250
6,80,132655,2112,-0.005913196177741902,-0.0035125871129160755,3184.2192690426664,-3968.6343080010083,60035,71180
6,81,132644,2110,-0.005992153678526705,-0.0038255603700939034,3198.00031225372,-3992.823544788211,59996,71179
6,82,132708,2110,-0.006044784375090717,-0.004081298195247203,3216.839457198454,-4019.030702047996,59943,71330
6,83,132586,2113,-0.006161584020979447,-0.0037323061613560348,3228.2689628275934,-4045.2087418331735,59742,71390
6,84,132672,2113,-0.006194423902515893,-0.004043754837044625,3250.121908348456,-4071.9485163430463,59738,71496
6,85,132729,2111,-0.006185759923066918,-0.00405538196438013,3273.2171280803923,-4094.2468569091548,59815,71489
6,86,132737,2111,-0.006202176084479397,-0.004034477241099294,3296.476172518173,-4119.734419443701,59731,71604
6,87,132683,2112,-0.006243741277142268,-0.003999793960808464,3313.227018077917,-4141.665341952983,59705,71563
6,88,132718,2112,-0.006272137370639222,-0.003900862933194291,3334.7734487785774,-4167.198976335066,59722,71628
6,89,132773,2113,-0.00631488709381282,-0.003928435936191331,3351.614229456928,-4190.060733563721,59647,71757
6,90,132680,2114,-0.006384847169410137,-0.004133022435238607,3366.553123423074,-4213.694645860389,59573,71751
6,91,132638,2109,-0.0064306919262779,-0.004448307999172977,3384.766135809304,-4237.720251526964,59544,71724
6,92,132633,2110,-0.006489378684241415,-0.004471573775004068,3405.9621088024737,-4266.667871829465,59525,71771
6,93,132657,2112,-0.0065557828465466,-0.00429335311451663,3424.1107685354127,-4293.781253609748,59458,71863
6,94,132618,2112,-0.00657779544742682,-0.0044065546553492445,3446.677177742118,-4319.011254388986,59389,71949
6,95,132618,2110,-0.006620530841834341,-0.0043099141086569166,3465.139058789689,-4343.140617972071,59314,72019
6,96,132620,2114,-0.0067441446670666785,-0.00484692291714512,3477.17667686686,-4371.58514261325,59081,72187
6,97,132637,2114,-0.006740946167269575,-0.0046824144808934294,3497.6563342764,-4391.755211064534,59079,72231
6,98,132605,2113,-0.006741983731359151,-0.004700348481796859,3519.685062504929,-4413.705815201808,59027,72313
6,99,132540,2112,-0.006830774631560989,-0.004829485697741711,3530.1161776000226,-4435.4670472671105,58940,72289
6,100,132571,2109,-0.006845043842621911,-0.004727787447948872,3551.5847791110605,-4459.039086371285,58935,72334
6,101,132494,2111,-0.006870170567722544,-0.004923874430235743,3570.6191876057273,-4480.875566805555,58809,72333
6,102,132608,2113,-0.006934968835162238,-0.004724294750198562,3587.360827022068,-4506.993174315262,58811,72446
6,103,132566,2112,-0.006999127139515464,-0.004783886156150815,3603.1972226185558,-4531.0435109955715,58775,72479
6,104,132653,2112,-0.007001377056412384,-0.004658371398847541,3625.482504386457,-4554.236175050726,58830,72538
6,105,132627,2112,-0.007009501042156264,-0.004684552952737923,3648.3153628325426,-4577.964457550626,58811,72521
6,106,132635,2112,-0.007045133551942027,-0.004569889112960309,3666.6935010436778,-4601.12478970552,58893,72512
6,107,132509,2111,-0.007064504226898862,-0.0044090302530628385,3686.4506994426006,-4622.56109004473,58754,72505
6,108,132690,2113,-0.007039732752376471,-0.004602065725879681,3712.2773118900727,-4646.379450802912,58840,72575
6,109,132611,2113,-0.007101548495593687,-0.004987683284171542,3725.6516776356657,-4667.395125184852,58748,72636
6,110,132692,2113,-0.007043680772373,-0.00503983291905857,3748.214716708816,-4682.854805756548,58724,72679
6,111,132579,2109,-0.007062317548316688,-0.0050557919488306464,3762.9663318709654,-4699.281330109227,58628,72704
6,112,132729,2112,-0.0070959262114781,-0.004443627219853385,3777.835664418001,-4719.670854541272,58751,72725
6,113,132675,2112,-0.007095449852342043,-0.004673021249725516,3796.369004013563,-4737.757813173051,58733,72680
6,114,132601,2116,-0.007149470982223787,-0.005127224939204645,3810.6056044083402,-4758.632606122184,58503,72859
6,115,132663,2114,-0.007145907476872624,-0.004726942308796597,3828.4119018709625,-4776.409425475328,58613,72745
6,116,132630,2112,-0.007198828327449757,-0.004705483024540509,3843.4021693531877,-4798.182770422835,58570,72819
6,117,132724,2115,-0.007255204820669239,-0.004967070676898218,3859.805747094426,-4822.745551712933,58608,72831
6,118,132721,2114,-0.007290208203205418,-0.004686598107347989,3876.964539183652,-4844.5282621212755,58646,72902
6,119,132733,2116,-0.007309398120128538,-0.004352681560764621,3891.7874713652022,-4861.985812044201,58786,72745
6,120,132852,2115,-0.007347586778331833,-0.004916947999189849,3907.884651987799,-4884.026250662737,58832,72759
6,121,132826,2113,-0.007361442470245512,-0.005299920368998948,3924.6408779333833,-4902.43183548619,58831,72709
6,122,132885,2114,-0.007401656562959129,-0.005260510224409757,3937.3215679900654,-4920.8907003589,58986,72587
6,123,132968,2113,-0.007368723416378982,-0.00536785605697053,3959.092972966791,-4938.89738819586,59136,72580
6,124,132961,2114,-0.007332317228531283,-0.004744348520827894,3979.028982437665,-4953.941213460412,59252,72471
6,125,132987,2110,-0.0072599388861316365,-0.004773586333158535,4002.086075010903,-4967.563567660883,59291,72526
6,126,133072,2111,-0.007199910095300461,-0.00480534833049503,4022.381717908533,-4980.488154110392,59464,72461
6,127,133063,2111,-0.0071969853447681,-0.00475265837431634,4042.048751621527,-4999.701212552397,59566,72336
6,128,133093,2113,-0.007155729196657288,-0.004617322142815729,4061.2755634963255,-5013.653029467036,59689,72247
6,129,133172,2114,-0.007154822119982499,-0.004590994170617985,4080.8870368624166,-5033.70900822472,59719,72267
6,130,133214,2113,-0.00706786660302161,-0.004444845622983397,4101.690305164209,-5043.22908681915,59796,72282
6,131,133322,2112,-0.00704059152581792,-0.00437298606747809,4119.588743662624,-5058.25448706774,59922,72213
6,132,133315,2110,-0.006991149247737515,-0.0049640478077198485,4141.622331521287,-5073.647393483419,60020,72150
6,133,133371,2113,-0.0069335251831217845,-0.004674177175968326,4166.764249021988,-5091.495436220131,59994,72207
6,134,133480,2113,-0.006869566751139052,-0.004401448286850156,4190.822270088222,-5107.772040030258,60272,72071
6,135,133463,2112,-0.006800271377987353,-0.0045616564484414574,4214.063146923189,-5121.647765843511,60332,72023
6,136,133509,2111,-0.0067904940736644125,-0.00459655718282025,4229.387553748173,-5135.979627029047,60363,72037
6,137,133535,2109,-0.006824797473727975,-0.004559304537232342,4242.831772806045,-5154.181103460299,60517,71918
6,138,133620,2111,-0.006808836332245686,-0.0045754281676988725,4262.11743959352,-5171.9141503081955,60596,71962
6,139,133822,2114,-0.006787398775411856,-0.003925826023126859,4285.255855939769,-5193.559134862934,60751,71987
6,140,133916,2111,-0.006758588489160369,-0.003995151672490403,4307.334149460007,-5212.417285574414,60935,71900
6,141,133962,2111,-0.006751773347826312,-0.00446890678835486,4326.651868414749,-5231.132929636272,60994,71886
6,142,134035,2112,-0.006761713607584346,-0.004242207210583541,4345.289603067022,-5251.595886459596,61049,71852
6,143,134111,2111,-0.0067944883339933,-0.004296745341402741,4360.862116516844,-5272.077741477022,61062,71970
6,144,134092,2112,-0.006818509804275212,-0.004640165979123273,4379.622382055495,-5293.929998730383,61033,71964
6,145,134167,2113,-0.0067793665651153375,-0.00419483092018774,4406.344411968586,-5315.911685910429,60999,72082
6,146,134217,2110,-0.006767763728633159,-0.00412025939228354,4424.793721928532,-5333.142666294485,60925,72185
6,147,134306,2114,-0.006756858140293156,-0.004639192753977698,4446.849499162618,-5354.336088552854,60901,72279
6,148,134331,2113,-0.006778991661357421,-0.004424657619798789,4460.307544409709,-5370.936273271491,60996,72232
6,149,134442,2113,-0.006848745209086246,-0.0045174009506681895,4473.649717432885,-5394.408720832882,61042,72292
6,150,134636,2111,-0.006918037700481958,-0.0043188398085946935,4487.3950965214735,-5418.812020363595,61120,72448
6,151,134783,2114,-0.007048431055593844,-0.004361418396218038,4497.496916382444,-5447.505599348563,61048,72652
6,152,134883,2114,-0.007037357755894238,-0.0044511178658630515,4521.232782879324,-5470.452709067607,61160,72672
6,153,134879,2113,-0.007150856024714058,-0.004096520634909105,4533.653111012176,-5498.153420769556,61083,72751
6,154,134895,2115,-0.007246009003110732,-0.0039688680292356525,4545.896550649533,-5523.346935124156,61021,72793
6,155,134997,2113,-0.007379305560098413,-0.0047823921278181605,4553.541048231266,-5549.725160927868,60981,72981
6,156,135154,2111,-0.007491980192724205,-0.004817870374923633,4570.143701692581,-5582.71479266005,60927,73110
6,157,135298,2115,-0.007538512387677883,-0.004290814952708,4591.912895828639,-5611.8585448566655,60987,73263
6,158,135289,2115,-0.007652218756960617,-0.004428241147860868,4605.3259013425895,-5640.586924753027,60800,73461
6,159,135353,2114,-0.0077247390429694834,-0.004822901939175962,4621.975973248774,-5667.542576931805,60764,73533
6,160,135519,2115,-0.00780024464570934,-0.004548868865773742,4640.883148505567,-5697.964502647434,60870,73578
6,161,135677,2116,-0.007897876762855504,-0.0048936356988297305,4657.99534391869,-5729.555569472637,60846,73757
6,162,135767,2115,-0.007986131445741862,-0.0044417427649641236,4675.5570024196095,-5759.8101104136285,60875,73847
6,163,135809,2112,-0.008064671686037476,-0.004591531838953097,4695.337408073793,-5790.59240508287,60798,73998
6,164,135955,2114,-0.008197120052215815,-0.004494558968994622,4711.15907413104,-5825.598530830074,60798,74031
6,165,136125,2113,-0.008339514853957591,-0.004754963485387634,4725.866047869724,-5861.082507364699,60911,74157
6,166,136295,2114,-0.008421586714070986,-0.00494561044267354,4745.177065840362,-5892.99722703468,60898,74334
6,167,136408,2110,-0.00847291195975283,-0.005325514499696249,4766.482614835584,-5922.255589441535,60861,74439
6,168,136596,2114,-0.00849874346599118,-0.004954124279729411,4791.24561356707,-5952.139976047608,60846,74671
6,169,136763,2113,-0.008470819704934626,-0.004891594865421575,4822.9226533536375,-5981.417368659601,60931,74745
6,170,137002,2113,-0.008470348227712305,-0.005001782307457642,4850.465842064819,-6010.920489957857,60986,74924
6,171,137225,2114,-0.008519913934923004,-0.004891501750690625,4874.980032449441,-6044.125222169282,61081,75036
6,172,137414,2112,-0.008444981317627432,-0.004501474252522913,4904.339051143785,-6064.797713924261,61139,75166
6,173,137558,2113,-0.008447262111041774,-0.004575345375412917,4929.020299071763,-6091.008780542427,61211,75240
6,174,137885,2115,-0.008432602470905283,-0.004045523534897716,4960.113274240053,-6122.842665940837,61411,75397
6,175,138084,2113,-0.008474004136287842,-0.004512895710674486,4980.370090002071,-6150.494477157241,61481,75545
6,176,138191,2114,-0.008513203361942404,-0.004268466350261579,5001.945201251569,-6178.393287041741,61525,75551
6,177,138474,2113,-0.008481316041764962,-0.004422828321060741,5029.676987849636,-6204.118745417016,61623,75818
6,178,138715,2115,-0.008427180140696528,-0.003941955377229779,5064.70211583862,-6233.678409055348,61651,75930
6,179,138801,2113,-0.008467509137332964,-0.003801073399943958,5084.276828245875,-6259.575564016839,61710,76022
6,180,138751,2110,-0.008460657023408582,-0.004026319558242123,5110.802612349526,-6284.727235004511,61681,76009
6,181,134191,2111,-0.008446542735432543,-0.00442536598602934,4962.462303283934,-6095.912319494343,59571,73533
6,182,129626,2114,-0.008448315654035525,-0.0043977688836087225,4812.938876874691,-5908.0602418447,57569,70995
6,183,125190,2113,-0.00839724210617086,-0.0045194813553417765,4666.215135378769,-5717.465874650286,55690,68476
6,184,120577,2114,-0.008373568711608692,-0.0044855096092627535,4514.198706744947,-5523.858501284572,53731,65911
6,185,116065,2112,-0.00838065245689929,-0.004693457352973514,4360.742570561691,-5333.442997971701,51677,63467
6,186,111549,2110,-0.00840058542144793,-0.004747038203524952,4204.814078536546,-5141.890981713641,49709,60991
6,187,106970,2112,-0.008440961810652597,-0.004705501783372653,4041.083942497389,-4944.01362738289,47608,58503
6,188,102456,2112,-0.008455405429370047,-0.004965718646008063,3883.4594304249026,-4749.766449096448,45636,56006
6,189,97948,2109,-0.008465716541775315,-0.004756703170660988,3726.2697086662,-4555.469712500017,43659,53509
6,190,93370,2111,-0.008458512676667106,-0.004827606142020783,3564.375906126679,-4354.147234747099,41683,50980
6,191,88783,2111,-0.00843396406832692,-0.0049611546612654015,3402.1047778744137,-4150.8974097526725,39610,48498
6,192,84230,2111,-0.008372571303733723,-0.00438392217420675,3237.467815215399,-3942.6894961288917,37608,45993
6,193,79605,2111,-0.008339267247511124,-0.0040463555065856785,3071.257902082123,-3735.1052713202325,35531,43436
6,194,75021,2111,-0.008311380427245654,-0.00425914835679394,2902.3999361755277,-3525.9280072079214,33486,40924
6,195,70391,2110,-0.008284572193050265,-0.004567112790147561,2730.062719159508,-3313.222040400518,31398,38431
6,196,65765,2109,-0.00823379511508135,-0.004292186596054182,2559.246382950142,-3100.741918693465,29314,35938
6,197,61082,2108,-0.008317207470628762,-0.004584150391240895,2380.305280980898,-2888.3369477018277,27211,33395
6,198,56465,2109,-0.008365112058362609,-0.004099739215038863,2204.458462889604,-2676.7945152650523,25099,30937
6,199,51772,2109,-0.008429936623371433,-0.0041216106562151035,2024.175567008959,-2460.6102458741348,22985,28353
6,200,47109,2110,-0.008517051120149414,-0.004480814263787257,1843.644326274344,-2244.874087493467,20860,25869
6,201,42359,2107,-0.008655522261879399,-0.005216906002723753,1661.4154239589889,-2028.0546914499446,18734,23277
6,202,37613,2106,-0.008858617873161495,-0.0051812570677133565,1477.097210262072,-1810.2964043252994,16621,20701
6,203,32909,2102,-0.0090211388929343,-0.005068659407377272,1292.5494539206468,-1589.4261137482201,14522,18111
6,204,28234,2104,-0.009121985526116448,-0.005176565978331279,1111.6006769273072,-1369.1508162716782,12452,15552
6,205,23461,2098,-0.009492387574986246,-0.006128221775641878,922.5646761105684,-1145.265581007324,10303,12968
6,206,18696,2089,-0.009669143096515601,-0.0066265489220022605,736.4958133063817,-917.2701126388395,8182,10371
6,207,13957,2083,-0.010152649445997917,-0.00730689336544176,548.903249887174,-690.6037782049664,6071,7768
6,208,9240,2072,-0.01068308782484356,-0.008553681895551645,363.92739853464406,-462.63913003619854,4019,5159
6,209,4551,2047,-0.010920424644802562,-0.010054378414804652,181.02687752842442,-230.72573008692078,1960,2554
7,0,146229,2117,0.0,0.0,0.0,0.0,0,0
7,1,134723,2116,-0.00004377616736376984,-0.00006479518331836946,448.6099210394329,-454.5075776351836,60968,62241
7,2,134028,2116,-0.00010436046622310141,0.00006613662370688019,607.0956615592576,-621.0828861262066,61476,64050
7,3,133590,2114,-0.00019849598425070367,-0.00003943010641565743,724.1289917321996,-750.646070268252,61275,65152
7,4,133416,2112,-0.0002872254964011479,-0.0001421520851986208,820.4599691807969,-858.7804460086486,61483,65675
7,5,133333,2114,-0.000373651142741586,-0.00013903974472413298,906.8373654212202,-956.657393236383,61717,66063
7,6,133253,2113,-0.0004433487429937203,-0.00021561958144475238,985.6300264193292,-1044.7075764694707,61805,66232
7,7,133059,2114,-0.00048719728780208314,-0.00018904173926059093,1059.0447164089871,-1123.8707003266404,61740,66475
7,8,133062,2113,-0.0005564294484701284,-0.00024815765749231487,1126.70932466763,-1200.748939939962,61833,66773
7,9,132929,2115,-0.0006578727627196134,-0.00011731676701225086,1186.3581526067617,-1273.8085210823135,61765,66979
7,10,132845,2113,-0.0007894787850485946,-0.0005499437966885114,1242.5915762065817,-1347.4698854063572,61528,67310
7,11,132858,2114,-0.0008828444697617452,-0.0004834483962526065,1300.0054614301948,-1417.2984119937976,61693,67368
7,12,132862,2115,-0.0009535048735109766,-0.0004986711806753573,1354.8009880360773,-1481.4855525404917,61612,67586
7,13,132764,2114,-0.0010343052677238126,-0.0005026141496951587,1404.122416291409,-1541.440920855496,61729,67616
7,14,132815,2113,-0.0011598438292363452,-0.0005281283497299468,1448.2940863650542,-1602.338744545076,61685,67783
7,15,132767,2114,-0.0013064074315573635,-0.0006095409786190693,1485.9718474979522,-1659.4196429635301,61593,67899
7,16,132691,2112,-0.001446966489250134,-0.0008410185585738635,1524.2549067513212,-1716.2543371764111,61576,67910
7,17,132621,2114,-0.0015514008417160732,-0.0009974563878390717,1564.3646116407012,-1770.112942669933,61542,68072
7,18,132649,2114,-0.001657272957653979,-0.0008245527537380997,1604.7694091560566,-1824.6050097158968,61369,68290
7,19,132689,2114,-0.0017692833872580372,-0.0009694391046880903,1641.6728299155825,-1876.437273287464,61361,68395
7,20,132580,2114,-0.0019137988689464295,-0.0008652383352616834,1675.9423099546564,-1929.673763999573,61190,68591
7,21,132481,2114,-0.0020865386182956965,-0.001090253748913382,1704.4355253815502,-1980.862248071983,61130,68584
7,22,132454,2115,-0.00225752714470561,-0.001301524800859257,1733.295195987724,-2032.3136964125708,60942,68833
7,23,132402,2113,-0.0024144286119980934,-0.0015258490821863527,1761.0108769405024,-2080.6860540262714,60915,68926
7,24,132384,2111,-0.0025420685627484943,-0.0012576711920546308,1789.1689627354092,-2125.6981673463115,60680,69120
7,25,132412,2112,-0.0026591829123953146,-0.0016002537537590737,1821.0161960223058,-2173.1239238184035,60547,69333
7,26,132344,2111,-0.0028154854550056017,-0.0016189012575390062,1846.596468198678,-2219.2090752559366,60449,69491
7,27,132285,2113,-0.0029689753105885328,-0.0017717270757224156,1870.1922320115477,-2262.943130972749,60431,69437
7,28,132250,2114,-0.0031108046389936466,-0.002064030549808805,1895.926565336294,-2307.330478843206,60307,69578
7,29,132335,2113,-0.0031980084701862047,-0.001976552576281777,1924.5672672946355,-2347.7757181967304,60293,69630
7,30,132307,2114,-0.0032980026404905447,-0.0019605616806840217,1952.2144988407063,-2388.563334196083,60352,69674
7,31,132372,2112,-0.003436280165001838,-0.0019654659204281014,1976.6289443228577,-2431.49622232449,60208,69811
7,32,132279,2112,-0.003568931207678557,-0.002195372127972171,1998.994571668525,-2471.089222889034,60228,69752
7,33,132221,2113,-0.0036599597018394346,-0.0024085488557821105,2023.4832242136563,-2507.4067559505756,60245,69701
7,34,132313,2113,-0.0037905625500837268,-0.0024930106061654997,2045.2128515322113,-2546.7535542214337,60322,69815
7,35,132117,2115,-0.003914542678732448,-0.002587984857120531,2065.0557883611523,-2582.2334234472605,60071,69799
7,36,132179,2114,-0.004018685099101688,-0.0027665614840979643,2085.3139823801075,-2616.4997600942747,59975,69984
7,37,132130,2114,-0.004138616515751945,-0.0027250587451592458,2105.3462895978714,-2652.1816898241705,60001,69955
7,38,132188,2112,-0.0042496704361892155,-0.002994239759159463,2127.840299469024,-2689.595735087997,59840,70201
7,39,132137,2115,-0.004382661371664357,-0.0029322604236226074,2144.5939110239565,-2723.7056366915713,59762,70265
7,40,132024,2113,-0.0045121319408415825,-0.0027525134587588463,2163.515231961494,-2759.2249393191482,59698,70212
7,41,131948,2112,-0.004637920294270821,-0.0031587477340431465,2180.8648587458997,-2792.8291657343525,59593,70298
7,42,132071,2111,-0.004736417208051783,-0.0033324397999319965,2205.3249979030666,-2830.8683549876764,59681,70441
7,43,132094,2115,-0.004796294121015367,-0.003087153207415834,2232.4340692819214,-2865.9957449033254,59606,70524
7,44,132099,2113,-0.004854190619615261,-0.002915237886704278,2258.1138996615073,-2899.3476263220723,59664,70517
7,45,132052,2114,-0.004951188813274301,-0.0033438865010254086,2280.1237273080997,-2933.938112478594,59561,70528
7,46,132056,2115,-0.005045751242140675,-0.0036447846978937366,2298.7055509223005,-2965.027276954437,59527,70589
7,47,132030,2113,-0.005120221032754219,-0.003294045239989736,2315.3687878345727,-2991.3915707891097,59653,70431
7,48,131998,2113,-0.005227261160292654,-0.003552225265897644,2334.2676676099686,-3024.255686246283,59622,70532
7,49,132030,2113,-0.005379535403089863,-0.003926491817301519,2347.38015740039,-3057.640216670338,59513,70642
7,50,131985,2112,-0.005476137140114631,-0.0038945858666645248,2367.8234857041048,-3090.591446142139,59508,70688
7,51,131903,2116,-0.005543435470226321,-0.003962162247162247,2389.987483842996,-3121.1832526722737,59459,70648
7,52,131998,2110,-0.005550744301530378,-0.0038558659742100655,2416.451307408435,-3149.138453721837,59479,70724
7,53,132013,2112,-0.00559698486629302,-0.003880554545470713,2439.0321033679074,-3177.9068665218415,59405,70845
7,54,131987,2114,-0.005654623590529313,-0.00414428690948598,2458.32096688785,-3204.657770731045,59354,70846
7,55,132024,2111,-0.005747119973882044,-0.004102610349480666,2476.252105148417,-3235.0098725802154,59323,70837
7,56,131927,2115,-0.0058106186301800054,-0.00403584226441962,2498.069935489345,-3264.647419513101,59297,70811
7,57,131965,2116,-0.0058547215250234095,-0.004082038944843062,2518.6389707353846,-3291.257296785096,59296,70819
7,58,131978,2116,-0.0058973090137521755,-0.004056001228976604,2543.5167076974885,-3321.831756714479,59385,70736
7,59,132017,2112,-0.0059592526751889325,-0.004571074047024329,2565.142125666875,-3351.864786087281,59228,71021
7,60,132015,2115,-0.006012185158702522,-0.004170716452776662,2583.368725414886,-3377.067349141001,59214,70991
7,61,131974,2115,-0.006031861152529513,-0.0044437526141852075,2606.8510980084775,-3402.899941752402,59228,70997
7,62,131786,2114,-0.0061248965959565,-0.004325555925919663,2621.3138950973607,-3428.4895178920938,59078,71017
7,63,131946,2113,-0.006177306425584591,-0.004512753966447867,2645.1222346667964,-3460.1931082969586,59119,71069
7,64,131784,2114,-0.006202695806062908,-0.004341296672561117,2668.3805508716177,-3485.7966149778035,59041,70973
7,65,131954,2114,-0.006254087104090376,-0.004309093135828816,2690.7516435239804,-3516.0034532571317,59118,71140
7,66,131823,2111,-0.006321226355363416,-0.004225049132361145,2714.6557194327197,-3547.9387412757965,58996,71138
7,67,131928,2115,-0.0063563533450591205,-0.004839507402703282,2739.0721433216327,-3577.6531274285853,59066,71136
7,68,131897,2116,-0.0063928938249118925,-0.0043713919593790385,2759.1904660127034,-3602.3939828371026,59003,71183
7,69,131924,2115,-0.006423261706583158,-0.004535987810180312,2784.297200971334,-3631.679578350604,59014,71243
7,70,131811,2115,-0.006466767294925852,-0.0046667548772216195,2799.234322532815,-3651.6253864442792,58942,71257
7,71,131724,2114,-0.006528991360612787,-0.004518383725865631,2818.7941279353763,-3678.8189859207437,58856,71154
7,72,131831,2112,-0.006617461116597661,-0.004825304710353787,2834.330179601469,-3706.7166960636378,58909,71324
7,73,131728,2115,-0.006709958675242323,-0.0045845542745415685,2852.614250321673,-3736.503686693995,58806,71265
7,74,131770,2112,-0.006718906228481399,-0.004619779200121106,2877.1519437322336,-3762.5022174592214,58773,71387
7,75,131798,2113,-0.0067368881169445165,-0.004891139911567705,2902.9514136942685,-3790.8597937313284,58653,71565
7,76,131840,2113,-0.0067375787891776825,-0.004993125506040961,2928.8659257228715,-3817.1483132880517,58628,71621
7,77,131848,2114,-0.006762070029929825,-0.0049519872731834625,2953.862357630218,-3845.427766936411,58787,71513
7,78,131861,2111,-0.006779669489666354,-0.0049660663930181335,2975.1368452059796,-3869.1108437828666,58671,71596
7,79,131762,2115,-0.006819308565067486,-0.005383906841428709,2995.706326238844,-3894.2320613892725,58594,71615
7,80,131783,2112,-0.006804956996771439,-0.0051687320385033755,3019.5504588791455,-3916.32810678467,58589,71612
7,81,131815,2113,-0.0067871405164894975,-0.005209932958853081,3042.1449217659847,-3936.7918489470508,58669,71606
7,82,131751,2112,-0.00687291798365994,-0.004951052802989091,3057.217797988671,-3962.7316152538547,58605,71614
7,83,131858,2114,-0.00684715698314229,-0.004866731363784242,3078.8162564249174,-3981.668681908088,58790,71615
7,84,131776,2114,-0.006926338814339613,-0.005050316883506633,3094.474110648122,-4007.1993342465476,58730,71563
7,85,131898,2114,-0.006913415736957183,-0.005081210130920991,3118.5376481956464,-4030.4033570688225,58787,71608
7,86,131863,2113,-0.006898917375736242,-0.004996897026135484,3140.8195351658587,-4050.531477082579,58802,71707
7,87,131930,2112,-0.006929275453693731,-0.004905025473970027,3158.7358431462026,-4072.9151537520065,58868,71646
7,88,131891,2113,-0.006942182766076238,-0.0049679449905508,3175.090650315143,-4090.7020775157002,58863,71677
7,89,131943,2114,-0.00703908724088059,-0.004773359935065695,3187.927937650425,-4116.686225473932,58831,71694
7,90,132026,2115,-0.007069981515353078,-0.005020686162391062,3204.9541420318724,-4138.375521577876,58967,71684
7,91,132053,2114,-0.007069431342282981,-0.005219031206292216,3224.3310619291888,-4157.870678971683,58965,71702
7,92,132135,2113,-0.006983196778269547,-0.0046410289097080365,3253.127163696758,-4175.851869993411,59152,71636
7,93,132152,2111,-0.00691646348808993,-0.00466520026130516,3275.451570233052,-4189.476053111115,59288,71540
7,94,132149,2114,-0.0069631411731559895,-0.004945411315155342,3292.7763732411954,-4212.948516132571,59356,71452
7,95,132215,2116,-0.006894469412684824,-0.005124565594580143,3316.821154522402,-4228.373427920526,59395,71473
7,96,132204,2114,-0.006865297077429266,-0.0051855595735864025,3337.543457802595,-4245.163192627047,59463,71361
7,97,132242,2116,-0.006741090948254888,-0.004815541103055989,3368.4743238148862,-4259.929672994001,59652,71258
7,98,132245,2113,-0.006710228906396343,-0.004881489580450558,3390.0522050039144,-4277.446426730312,59662,71185
7,99,132346,2117,-0.006676801846115806,-0.0049027292063858465,3413.598359666961,-4297.246376792987,59784,71244
7,100,132408,2116,-0.00663025409533094,-0.004785799183114307,3435.8964685036417,-4313.795152758236,59906,71152
7,101,132504,2113,-0.006562208614558267,-0.004413174273998865,3458.5227292472396,-4328.0416195106645,60059,71125
7,102,132519,2115,-0.006535737747502049,-0.004666994008612214,3477.2905352376665,-4343.399965798892,60168,70982
7,103,132538,2116,-0.006527176690804556,-0.004603113844862856,3491.5028323263864,-4356.601776572253,60224,70941
7,104,132647,2113,-0.006519377086277015,-0.0044532156088977195,3512.969488184911,-4377.745300548296,60371,70981
7,105,132669,2114,-0.006528328034196287,-0.0046941183202901,3532.5161003439107,-4398.622852312707,60408,70954
7,106,132611,2114,-0.0065076257162345755,-0.004708556936550823,3551.4057904620227,-4414.388544317601,60454,70782
7,107,132646,2113,-0.006486355310580177,-0.00445785427614566,3573.1942095573254,-4433.5832960845455,60575,70731
7,108,132859,2113,-0.006478284866813055,-0.004494035743329175,3596.755561007004,-4457.4540101269295,60834,70685
7,109,132878,2114,-0.006395782205407433,-0.004454421297150196,3620.837059612892,-4470.695807503019,60976,70627
7,110,132980,2113,-0.006449341336310598,-0.004395292816092308,3636.8139285538155,-4494.447339456408,61039,70625
7,111,133203,2115,-0.00645306718664737,-0.004490885208529016,3660.6048192974463,-4520.172727760459,61159,70765
7,112,133174,2113,-0.006422072861010659,-0.004568351237571526,3685.3260827204695,-4540.579213912689,61066,70746
7,113,133302,2116,-0.006413721606228071,-0.004627376508725832,3708.756897855936,-4563.718815409341,61191,70751
7,114,133303,2112,-0.006378852136896069,-0.004526821769062633,3735.331842710851,-4585.6519691154945,61247,70693
7,115,133400,2114,-0.006405838056016636,-0.004419367251108517,3756.742551756076,-4611.2813484286835,61303,70782
7,116,133422,2112,-0.006334663309085499,-0.004393527536425907,3785.009682659561,-4630.1931306843535,61335,70784
7,117,133440,2114,-0.006358278544934077,-0.004426041935886323,3806.91745388625,-4655.366142922257,61316,70831
7,118,133579,2116,-0.006397637372377961,-0.004392633260286017,3826.2065389507825,-4680.796541515641,61260,71038
7,119,133692,2115,-0.006487000691154133,-0.004301564071659229,3837.3468409706393,-4704.606937372415,61201,71183
7,120,133734,2114,-0.006557417398967786,-0.004540666462569542,3851.938682638895,-4728.888341072446,61170,71303
7,121,133718,2115,-0.006697533938354388,-0.004802475383872772,3863.051091764546,-4758.631934933403,61074,71307
7,122,133813,2114,-0.006717015046286033,-0.004496327079058852,3887.768726508219,-4786.592660896907,61060,71435
7,123,133917,2114,-0.006780060318068009,-0.004585155742061253,3910.291737452445,-4818.257075067175,61163,71494
7,124,134049,2113,-0.006851442912962492,-0.004642617261689612,3931.8411580984125,-4850.2702291381165,61152,71602
7,125,134121,2114,-0.0069458433524029585,-0.004611782820221503,3950.2132896668923,-4881.796745934538,61202,71709
7,126,134267,2114,-0.007113700214990752,-0.00479473287644034,3961.184728152658,-4916.3199149188185,61028,71996
7,127,134460,2113,-0.007125214639293377,-0.004567957050894449,3986.031869211777,-4944.088229611161,61095,72158
7,128,134470,2113,-0.007216641815430357,-0.004389003298870482,4008.9158044473097,-4979.3376293682195,61051,72183
7,129,134613,2114,-0.007276812034179099,-0.004563348596148349,4030.211239143874,-5009.764737500811,61018,72369
7,130,134591,2113,-0.007377013745373336,-0.004728715451422202,4047.903450167549,-5040.783107171081,60833,72487
7,131,134794,2113,-0.00748343651157831,-0.004668476441812951,4068.5303526634507,-5077.25269380512,60849,72712
7,132,134787,2115,-0.007571904214101776,-0.0049480320446331815,4085.203009276598,-5105.79726258274,60871,72719
7,133,134976,2114,-0.007659419120120523,-0.005046894976428742,4110.421898144825,-5144.259653302198,60809,72984
7,134,135130,2114,-0.0077388315187961205,-0.005057611164666114,4135.165017503703,-5180.913320638608,60799,73162
7,135,135252,2115,-0.007823602177417528,-0.005025959882794072,4156.349808409501,-5214.507650109571,60716,73350
7,136,135435,2112,-0.007878598049663012,-0.004638488526669849,4180.220317377818,-5247.258244233921,60791,73470
7,137,135560,2115,-0.00794636205582674,-0.0049322561272717655,4202.941356009388,-5280.150196297268,60825,73515
7,138,135665,2115,-0.00799887625530078,-0.004760177643421948,4227.709525188624,-5312.877072364018,60797,73590
7,139,135875,2114,-0.008010452000662598,-0.004981482240840389,4256.847370593934,-5345.2675361839865,60971,73694
7,140,136025,2114,-0.008019983135599955,-0.004847295040015895,4284.741542173253,-5375.659748193247,60893,73843
7,141,136213,2113,-0.008001628623038234,-0.004962769380562457,4314.88366637902,-5404.8095060089245,61046,73896
7,142,136494,2117,-0.008041241991398924,-0.004703402347439026,4340.906086559729,-5438.487370933713,61262,74005
7,143,136672,2116,-0.008019689808988595,-0.005061212056089951,4368.027411959005,-5464.0944575330805,61313,74115
7,144,136719,2114,-0.007979282086882604,-0.004840204276699796,4397.393514248406,-5488.312981884901,61356,74137
7,145,136993,2116,-0.00796867127342151,-0.004875561128574013,4423.787489332798,-5515.439673092606,61383,74367
7,146,137144,2115,-0.007961320741248383,-0.004254500388083179,4450.636341042946,-5542.4837127806995,61525,74391
7,147,137360,2115,-0.00790836137030511,-0.0044760800076022785,4483.157992051769,-5569.450509876868,61653,74521
7,148,137493,2113,-0.007895635224367736,-0.004566926236368926,4515.10592336394,-5600.700497267925,61720,74561
7,149,137669,2114,-0.00783360423382303,-0.004225347898260366,4546.738338259124,-5625.182799525294,61741,74752
7,150,137554,2114,-0.007898220284793794,-0.0047288570562328824,4564.85252967055,-5651.2843227250605,61707,74696
7,151,133082,2115,-0.007912911995776702,-0.004411001287064399,4435.409398589466,-5488.47555281143,59603,72323
7,152,128544,2114,-0.007972831412060524,-0.004454648445402105,4298.582309411787,-5323.441950443683,57524,69915
7,153,123963,2113,-0.007982649775131507,-0.005048801273873032,4161.096693056063,-5150.649907130693,55572,67350
7,154,119587,2114,-0.007992508051287773,-0.0049103722619555715,4029.353605651765,-4985.1536659811045,53500,65080
7,155,115105,2115,-0.008060046261662748,-0.004985651629786041,3887.008459942554,-4814.760084891249,51453,62660
7,156,110442,2115,-0.008080295665052216,-0.004856688880184806,3746.7633393659457,-4639.1673532056675,49324,60146
7,157,105986,2115,-0.0081001876978759,-0.004724819907074586,3607.7682296073763,-4466.274722954447,47364,57712
7,158,101440,2115,-0.008080939998768051,-0.004763415617123655,3465.444641343646,-4285.175194818677,45380,55245
7,159,96910,2114,-0.008054713020147678,-0.004922707657009237,3323.8306641103463,-4104.412902892863,43341,52784
7,160,92384,2113,-0.008047289681486798,-0.004605684332620564,3182.753753072898,-3926.1945630073765,41317,50287
7,161,87865,2114,-0.007970817125883057,-0.00425182702607818,3044.1605480614953,-3744.516394827204,39276,47821
7,162,83274,2112,-0.007922212505800356,-0.004190929490787189,2902.0486256730783,-3561.7629498810943,37217,45317
7,163,78789,2113,-0.007915866432359853,-0.0041393482825022015,2755.6139208405025,-3379.2971211797008,35217,42931
7,164,74185,2114,-0.007883802210182617,-0.00422529772757396,2606.9078132149707,-3191.76768017737,33169,40401
7,165,69602,2110,-0.007857211613800635,-0.004260031661601133,2453.7017480277714,-3000.5793907715197,31161,37869
7,166,65054,2111,-0.007761113801853534,-0.003907713714255273,2304.307713899532,-2809.1992111653085,29173,35370
7,167,60432,2110,-0.007796903545621111,-0.004106043762467916,2146.9722439231123,-2618.1547189920893,27124,32804
7,168,55823,2110,-0.007678429264411725,-0.003978324034376659,1993.9496665035804,-2422.5826233308303,25073,30269
7,169,51213,2107,-0.007693787475411601,-0.0038509525707485755,1833.2288930199102,-2227.250830998166,23053,27718
7,170,46549,2105,-0.007647466173408163,-0.004119643765110625,1671.7951291244335,-2027.777032030404,20982,25165
7,171,41921,2105,-0.007799396016677421,-0.004494986893156257,1505.2045463531442,-1832.1630267682883,18892,22661
7,172,37258,2106,-0.007945785473192137,-0.004693425862177154,1341.2893619618517,-1637.3334371220462,16753,20188
7,173,32616,2101,-0.008118491414014982,-0.004810313667189323,1174.1133511107582,-1438.9060670702677,14683,17662
7,174,27896,2097,-0.008367339271441109,-0.0049708767374826756,1006.2616964229534,-1239.6769927390758,12482,15177
7,175,23134,2091,-0.008657267635640026,-0.00558125043874394,834.6516482456904,-1034.9288777285856,10291,12647
7,176,18429,2089,-0.00894406591264616,-0.006651093773056902,668.0238711857102,-832.8540618898666,8201,10077
7,177,13759,2081,-0.009354184118699345,-0.00821425130782581,497.4615122464455,-626.1657315356291,6102,7549
7,178,9119,2066,-0.010061277192228366,-0.009448395880690455,329.67217240576383,-421.4209591216948,3979,5051
7,179,4474,2028,-0.01133759997322513,-0.01203154409980404,160.83513201880615,-211.5595542990153,1949,2498
8,0,145343,2118,0.0,0.0,0.0,0.0,0,0
8,1,133795,2114,-0.00009340287723870755,-0.00007930647821244748,428.88438248495146,-441.38122044510465,60118,61574
8,2,133155,2113,-0.00017706797945579107,-0.000036538157158859265,580.0703527441372,-603.6478395485715,61031,63113
8,3,132759,2116,-0.0002694914056178293,-0.00009565259420188278,692.880922875398,-728.6583323938145,61186,64146
8,4,132520,2113,-0.0003509673831298448,1.9529291846111144e-7,787.356643951996,-833.8668415643654,61249,64889
8,5,132384,2114,-0.00048358839341708495,-0.00015172938844015883,869.94237125503,-933.9617371291602,61058,65619
8,6,132328,2114,-0.000593431216968092,-0.00021575044247087403,944.8905664477657,-1023.4181325267162,61048,66023
8,7,132129,2112,-0.0007175666453107794,-0.00031937197876319326,1011.3382043268277,-1106.1495676050974,61035,66111
8,8,132196,2111,-0.0008616380463461814,-0.0004504135552981147,1072.1337680488682,-1186.038871223655,60989,66639
8,9,132105,2114,-0.0010110659856407062,-0.0007370837351667975,1126.802034486931,-1260.3689065200028,60831,66964
8,10,131983,2114,-0.0011203825132867927,-0.0007385014128499203,1180.128532416917,-1327.99997766805,60779,67047
8,11,132054,2111,-0.0012186891583335678,-0.0009678142485896194,1232.8503325411077,-1393.7831106556876,60845,67359
8,12,131985,2112,-0.0013138303372392701,-0.0009648112352788016,1281.7448744655892,-1455.1507715261084,60893,67302
8,13,132082,2112,-0.0014228242637987069,-0.0010562519810652566,1327.258550857469,-1515.1880252685282,61014,67412
8,14,131933,2111,-0.0015215688334319097,-0.0010778265908110304,1369.5725756393733,-1570.3177165405448,60865,67510
8,15,132000,2112,-0.0015993088849226835,-0.0010451194383503367,1415.0697811454377,-1626.1785539552347,61105,67449
8,16,131901,2111,-0.001707473603865199,-0.0011869779267420783,1455.2994977762212,-1680.5169735996535,61083,67550
8,17,131879,2113,-0.001846562168906919,-0.0014402702435193616,1489.148029024771,-1732.6708012980425,60970,67649
8,18,131850,2110,-0.0019454612760606246,-0.001531919870649946,1525.466894389273,-1781.9759636378683,61035,67682
8,19,131850,2113,-0.0020649290914458007,-0.001545647597114783,1558.2588035714919,-1830.5197042786263,60968,67893
8,20,131823,2111,-0.002155272878253259,-0.0016584012641863396,1594.6622836848614,-1878.7768203148428,60916,67948
8,21,131844,2112,-0.0022522651859946973,-0.0018509822345808811,1630.7722059631735,-1927.719857145452,60824,68142
8,22,131759,2113,-0.0023051239201289818,-0.0018948854151657468,1669.7246296612598,-1973.4454522535398,60815,68101
8,23,131762,2114,-0.0023609236466336143,-0.0017608479494228778,1705.47981857634,-2016.5598401040693,60715,68355
8,24,131754,2111,-0.0024567303807241244,-0.0019100824520189507,1739.8800680081845,-2063.564122590111,60653,68417
8,25,131787,2111,-0.0025454022589394467,-0.001842175478543397,1771.6782821141987,-2107.1292096130474,60676,68504
8,26,131723,2115,-0.002654779398835815,-0.0021376089549197995,1801.7182368382316,-2151.41374359108,60763,68376
8,27,131758,2112,-0.0027371842892601893,-0.0021142905748518306,1835.5280202966596,-2196.173947881009,60674,68607
8,28,131770,2115,-0.002752958778844191,-0.002007026758686925,1870.8111435848416,-2233.568521873137,60852,68483
8,29,131700,2115,-0.002806152435553795,-0.002188515267800645,1901.9376196154908,-2271.5078953779207,60923,68366
8,30,131734,2115,-0.0028193538699280347,-0.0020742635200558194,1935.176547462729,-2306.5813101638323,61030,68301
8,31,131657,2111,-0.0028811713697088036,-0.0026376773549163257,1966.3988405294167,-2345.7252195511705,60996,68333
8,32,131651,2114,-0.00291077746417979,-0.0024704094570733607,2002.0660911927612,-2385.2728551294904,60949,68380
8,33,131681,2112,-0.0029737406698840613,-0.002451599000222206,2032.643427661297,-2424.228572812303,60985,68373
8,34,131598,2115,-0.0030723983479287575,-0.0025849632762031324,2057.66469018046,-2461.986167971198,60871,68464
8,35,131593,2114,-0.00314943101420572,-0.0024588390668885927,2087.6409543422697,-2502.084029794647,60955,68441
8,36,131734,2113,-0.0031989892324384424,-0.0025614537160591274,2117.448547001797,-2538.8641945478457,60984,68546
8,37,131649,2115,-0.0032706788468243758,-0.002673398402012359,2144.4188896827177,-2575.000489188307,60962,68546
8,38,131601,2111,-0.0033393785937929905,-0.0024917995111517605,2169.9610417383906,-2609.4266040601374,60865,68594
8,39,131573,2113,-0.0033813586773263353,-0.0025515721172863198,2196.3717745506783,-2641.2672798025305,60803,68685
8,40,131604,2113,-0.003439292401214203,-0.0024433495101920453,2222.319281298401,-2674.943918467806,60747,68740
8,41,131629,2113,-0.0034967517476308394,-0.0025885416472460018,2248.7648266077745,-2709.0387623966762,60734,68812
8,42,131589,2114,-0.003527144522136946,-0.0023089882704941927,2276.4556228693027,-2740.589043392782,60736,68873
8,43,131530,2115,-0.0036172972400462114,-0.0027334715555722136,2303.0337301548802,-2778.816836138165,60733,68726
8,44,131554,2114,-0.003633934888975732,-0.0028721141775386923,2332.860642137794,-2810.919312522103,60799,68723
8,45,131597,2110,-0.003674602329859417,-0.002940717256378524,2360.8104404767246,-2844.3770832792343,60810,68782
8,46,131558,2113,-0.0037183492280381055,-0.0029146411243202402,2385.126412554415,-2874.305000296644,60742,68790
8,47,131538,2116,-0.003769763404304627,-0.0031011664115097206,2415.07038758781,-2910.937526263232,60664,68901
8,48,131581,2113,-0.0037986137275220124,-0.0030052958726093973,2443.7253779465564,-2943.550770827623,60785,68871
8,49,131500,2112,-0.0037918286218825473,-0.0028300776304425305,2472.173492836791,-2970.798956614335,60719,68857
8,50,131574,2116,-0.0038284198110031726,-0.0029986247914356302,2498.7111223971433,-3002.431630610058,60851,68816
8,51,131563,2113,-0.0038663722227260046,-0.0030285479561130224,2519.637246463286,-3028.308775201797,60868,68836
8,52,131511,2111,-0.0038698299364360728,-0.0031086899551138612,2544.2229302427118,-3053.1481350133586,60806,68751
8,53,131524,2110,-0.003857504241894955,-0.002932717211381828,2570.478540119963,-3077.832928030951,60844,68788
8,54,131511,2114,-0.0038188108564708918,-0.002659711158752585,2599.606937839857,-3101.82257238519,60825,68768
8,55,131622,2115,-0.0038619133610827755,-0.002560927883738255,2620.8212106749697,-3129.1339710874145,60970,68780
8,56,131644,2115,-0.003913739873080823,-0.00296698793040935,2640.33152024651,-3155.551892098367,60967,68851
8,57,131577,2117,-0.00392030996260248,-0.0026764594265890696,2662.295737933076,-3178.11836188242,61061,68743
8,58,131669,2115,-0.003955525424823038,-0.0027786572448828786,2684.561946395732,-3205.382023556755,61084,68813
8,59,131586,2112,-0.003990471596176893,-0.0027789787170015745,2706.096784821713,-3231.1869802762494,61004,68771
8,60,131756,2116,-0.004004910393177679,-0.0028444566161168164,2732.975342535556,-3260.6463162990735,61098,68923
8,61,131748,2112,-0.003985435678075085,-0.0028921029795524523,2760.7878669881156,-3285.8610467031526,61197,68831
8,62,131736,2113,-0.0039324955808032625,-0.002723934740519838,2788.778577555456,-3306.8298153881487,61357,68647
8,63,131771,2114,-0.003887230196892764,-0.002747449351981136,2816.577816951626,-3328.8020272263816,61508,68551
8,64,131903,2114,-0.0038972647014334384,-0.0028630949677599304,2838.1277299551866,-3352.188635868353,61512,68622
8,65,131948,2116,-0.0038298077862516404,-0.0028394009951070933,2864.913594736926,-3370.2490725172634,61693,68504
8,66,131854,2112,-0.003749765667231666,-0.0025487924884932105,2891.166510499168,-3385.588112786332,61848,68316
8,67,131952,2115,-0.003738603569570533,-0.0029766687855737176,2919.096070171576,-3412.4122883835516,61891,68360
8,68,131898,2115,-0.003678285937171502,-0.0028888596587664708,2944.9939754888555,-3430.1525340298804,61987,68206
8,69,131984,2115,-0.0036630966663111983,-0.0027617945128922444,2967.773101803787,-3451.2432522101967,62104,68165
8,70,132054,2115,-0.00367316467416754,-0.002719918383199973,2987.827421984062,-3472.8835098665822,62252,68167
8,71,132105,2114,-0.0036225849634473335,-0.002447486730920076,3010.441995802404,-3489.0035823986127,62339,68036
8,72,132104,2114,-0.0036102624063487927,-0.0026947550104555224,3033.154355783874,-3510.084460712173,62547,67943
8,73,132190,2112,-0.003550062062059557,-0.0027916218761213276,3057.724596073119,-3527.0073000567572,62630,67883
8,74,132225,2110,-0.0035277980349611706,-0.0026460536644829793,3081.21213651921,-3547.6752316919665,62745,67882
8,75,132287,2114,-0.003511206134496249,-0.0026262763439488216,3104.457319552094,-3568.944245466201,62843,67829
8,76,132408,2113,-0.003489747251400823,-0.002419421306631722,3128.1864907557574,-3590.256944819236,62986,67760
8,77,132427,2113,-0.0034980016951389717,-0.002569135684744586,3150.6944621451944,-3613.9243326273413,63066,67801
8,78,132485,2115,-0.003479521489952975,-0.00251957222507611,3177.4424256074026,-3638.4268302038286,63194,67766
8,79,132568,2115,-0.003476060514670225,-0.0024100130780183426,3202.5652611924634,-3663.3796515012564,63283,67712
8,80,132670,2113,-0.00348077897970167,-0.0024968124951959703,3227.1526288297196,-3688.947576066754,63295,67829
8,81,132643,2112,-0.0034742233069812454,-0.0023596631186170282,3249.697919447982,-3710.529321555889,63400,67767
8,82,132754,2114,-0.003497315190454146,-0.002223746852755006,3277.885459295375,-3742.1680400889077,63364,67846
8,83,132854,2114,-0.0034561993165465104,-0.0024638443200792315,3304.210701538001,-3763.3806055384566,63491,67769
8,84,132929,2112,-0.0034574548279535785,-0.0023469855194155494,3331.4349317203114,-3791.030944545351,63596,67845
8,85,132941,2113,-0.0034386557821034446,-0.002380261722647563,3358.1005494592805,-3815.238887787898,63566,67811
8,86,132981,2114,-0.003446593980154116,-0.002703284941628412,3381.1456706185195,-3839.4771846933895,63606,67787
8,87,133048,2114,-0.0034579664409451465,-0.002111829414285086,3402.630227178647,-3862.705746213515,63584,67938
8,88,133146,2115,-0.003513347898918344,-0.002454160317962976,3423.0097823297024,-3890.7980016790634,63496,68134
8,89,133243,2113,-0.003579173447781354,-0.002199663520724249,3443.312847718897,-3920.212655421623,63501,68217
8,90,133344,2115,-0.0036267331891261536,-0.0022362919525084797,3464.7436585637997,-3948.3467689346476,63481,68329
8,91,133438,2114,-0.0037244253239400948,-0.0023296010450909554,3484.7166280296087,-3981.696494405517,63498,68465
8,92,133544,2115,-0.0038275317540952683,-0.002772550267980652,3502.557061818625,-4013.7009623875283,63312,68689
8,93,133513,2112,-0.0039030163726514145,-0.002609611206205088,3521.331275854572,-4042.434700816394,63318,68740
8,94,133590,2115,-0.0040272009134363854,-0.0026662966449204216,3539.911684698455,-4077.90545472442,63199,68877
8,95,133802,2113,-0.004127114081056253,-0.0026769753119314905,3561.5866199704647,-4113.802738243954,63297,69057
8,96,133804,2114,-0.004207028639840833,-0.002483254715120833,3583.6486404248744,-4146.565900550136,63230,69162
8,97,133901,2113,-0.004273763336245052,-0.0022736147859445796,3604.535416727611,-4176.796601214152,63364,69103
8,98,134002,2114,-0.004399074277517211,-0.0024896648627412833,3621.5094087098364,-4210.994160045711,63276,69261
8,99,134042,2112,-0.00449323219201364,-0.0026698119004433933,3643.4726737450255,-4245.754503226918,63149,69455
8,100,134190,2113,-0.004571081239952103,-0.002734454225112774,3668.806673786002,-4282.200065375168,63160,69557
8,101,134390,2114,-0.004623502455692972,-0.0028727340279600397,3696.8874963513767,-4318.23999137197,63122,69802
8,102,134405,2115,-0.004686819503950496,-0.002586116824216351,3721.3133639417756,-4351.245339370238,63079,69901
8,103,134582,2114,-0.0048123678935926084,-0.002631970107357534,3741.716808543098,-4389.374904398574,63191,69940
8,104,134643,2115,-0.004910098150506565,-0.003222313755760438,3760.917233149881,-4422.027578428536,63135,70027
8,105,134894,2114,-0.004985361486002589,-0.002481513516434288,3784.446020181006,-4456.94137247385,63318,70148
8,106,134963,2115,-0.005096982974677429,-0.0030980667252582797,3804.4789734205656,-4492.383086631967,63137,70364
8,107,135126,2111,-0.005166126066130827,-0.0035084623447499525,3828.9575786649407,-4527.035529476946,63214,70500
8,108,135253,2112,-0.005203415172270944,-0.003087763640298127,3858.503108296165,-4562.280620591324,63285,70569
8,109,135432,2115,-0.005201801842181738,-0.002855166422573702,3889.962834900115,-4594.453261990475,63268,70750
8,110,135593,2113,-0.005163814352357495,-0.0027499349661883254,3923.507003174759,-4623.684082653961,63294,70898
8,111,135741,2114,-0.005197506040050801,-0.002933019768295358,3951.580234855239,-4657.094902237791,63314,71014
8,112,135966,2114,-0.005195968255555738,-0.002915578323361212,3983.3365252792833,-4689.811545114178,63425,71206
8,113,136102,2116,-0.005162214902541539,-0.002528053663087007,4016.6261986475147,-4719.213971313243,63391,71364
8,114,136359,2115,-0.005151762146133084,-0.0023974842158801337,4047.7774150001387,-4750.266549484692,63521,71455
8,115,136479,2114,-0.005147950317470556,-0.002562504502955546,4076.215720909439,-4778.802832287499,63596,71555
8,116,136708,2115,-0.005138685693598219,-0.0030717945767377076,4109.632024663278,-4812.131468463715,63724,71647
8,117,136806,2116,-0.005100023549170942,-0.0030577156752125737,4142.445179111348,-4840.1590007792365,63790,71700
8,118,137065,2115,-0.005088163999983892,-0.0026804449321398247,4174.715692473029,-4872.124891130803,63991,71749
8,119,137131,2113,-0.005097392276185219,-0.002919318134348908,4204.605451132738,-4903.61595135831,63934,71847
8,120,136994,2113,-0.005148207660228572,-0.003039400492922061,4228.455510383506,-4933.729070588849,63866,71875
8,121,132519,2113,-0.005152020412144462,-0.0027596123943111656,4109.411134556667,-4792.151727553629,61735,69530
8,122,127936,2115,-0.005176629412212357,-0.0028292572393850478,3985.096990143524,-4647.374250624306,59479,67266
8,123,123422,2116,-0.005258070734772398,-0.0027662043885845855,3856.4496944019975,-4505.411300629084,57307,64910
8,124,119024,2114,-0.005331421718059304,-0.0031102231254069076,3728.953516297328,-4363.520654867627,55202,62601
8,125,114506,2116,-0.005409184233046207,-0.0030717245157594938,3600.843927642027,-4220.2279774312165,53040,60384
8,126,110024,2111,-0.005450505614073549,-0.0030450734535283543,3475.65216986356,-4075.3385995463736,50914,58063
8,127,105446,2115,-0.0055187772655837216,-0.002842054123203994,3344.2032414508717,-3926.13622899762,48647,55820
8,128,101093,2114,-0.005553714586338741,-0.0031406353805509945,3217.0109324833056,-3778.4526011600556,46520,53604
8,129,96591,2113,-0.00564734289889405,-0.00341511584016189,3081.937445936666,-3627.419943883724,44390,51326
8,130,91999,2114,-0.005679295635880123,-0.003122621653986923,2948.144630229672,-3470.6341494350154,42270,48865
8,131,87415,2115,-0.0058037320119762835,-0.0034594197455354234,2809.65071709484,-3316.983950921738,40101,46509
8,132,82925,2114,-0.005771467073220342,-0.003524138689449919,2679.849937583782,-3158.4488446305636,38051,44085
8,133,78397,2113,-0.005711720455808463,-0.0032530660553903835,2547.352110795544,-2995.1338593695627,35964,41718
8,134,73907,2115,-0.005703095672519686,-0.0034417775918589915,2411.2417060466532,-2832.740397915555,33901,39316
8,135,69260,2111,-0.005635169037927701,-0.0036980993808861506,2273.241943125584,-2663.533750692466,31780,36871
8,136,64655,2112,-0.005723048203525419,-0.003988447974198964,2127.5904014733574,-2497.6140830722966,29649,34406
8,137,60098,2112,-0.005874414026210809,-0.004168300894269569,1979.856369025557,-2332.8969031727734,27510,32023
8,138,55533,2110,-0.0059797692043596345,-0.0040071348459718445,1832.840118104587,-2164.914641330302,25447,29558
8,139,50929,2109,-0.006019036369731662,-0.003985693044366116,1687.6472636001486,-1994.190766874211,23319,27133
8,140,46263,2107,-0.006021475461762223,-0.00439946269646025,1540.3613454884485,-1818.9328647759526,21236,24556
8,141,41632,2108,-0.006239201868156881,-0.004482905706904838,1386.0793188473788,-1645.829771022484,19175,22064
8,142,36957,2104,-0.006564860110826422,-0.004787297598657632,1229.1447427219896,-1471.7622778377981,16971,19648
8,143,32299,2105,-0.006737807654346695,-0.0047840766660123555,1076.36270639146,-1293.987155819207,14824,17198
8,144,27681,2103,-0.006918301948158979,-0.005109762886213076,923.4347328741114,-1114.9402491010974,12670,14770
8,145,23012,2099,-0.0071321160456725005,-0.005164226306765885,769.8579458732904,-933.9822003163058,10532,12274
8,146,18284,2090,-0.007349838990709363,-0.005958649232860419,613.659419294357,-748.043875400485,8357,9774
8,147,13634,2080,-0.007919596094001002,-0.006751463098813424,456.5164402337371,-564.4922133793489,6187,7336
8,148,8992,2057,-0.008372828256013248,-0.007574154082359393,302.454978845738,-377.7434505238091,4055,4861
8,149,4396,2024,-0.008850462388468176,-0.009680175072779486,150.52462254192338,-189.43125520162948,1974,2390
9,0,145181,2117,0.0,0.0,0.0,0.0,0,0
9,1,133548,2111,-0.000010555623101193487,-3.1128306692759712e-6,433.3724738597394,-434.7821562136576,60270,60941
9,2,132954,2113,-0.00006157248079107426,0.000032676904486150254,585.4911866982865,-593.6774943093816,61138,62666
9,3,132721,2114,-0.0001224213648246431,-0.00003244720540860795,702.1220194699367,-718.369905430827,61483,63595
9,4,132382,2113,-0.0001775623731198436,-0.00010235971533883549,800.6968058783658,-824.2028679567184,61410,64398
9,5,132335,2113,-0.00024024089168726755,-0.00014016809618183057,888.788200177045,-920.5804785784819,61604,64725
9,6,132372,2112,-0.00029487563999033265,-9.91231179642599e-6,969.134198059148,-1008.1674762759484,61904,65058
9,7,132387,2112,-0.00031913296940568996,-0.0001916975993756242,1043.943961927918,-1086.1930183486259,62081,65280
9,8,132264,2110,-0.00037238453102958285,-0.0001727676070462925,1109.0248669699395,-1158.277934582036,62155,65464
9,9,132118,2113,-0.0003993279653575639,-0.0002332494069458379,1173.2562957407567,-1226.0147078678651,62129,65501
9,10,132096,2114,-0.00045840665762808124,-0.00015271772635017979,1232.3566557164131,-1292.9103415624531,62116,65850
9,11,131971,2114,-0.0005287568586452467,-0.00019862786202490105,1288.0655354365517,-1357.8461068288218,62091,65898
9,12,132088,2112,-0.0006088799888706174,-0.0003984963688037056,1340.1611311093661,-1420.5868710793027,62185,66127
9,13,131982,2111,-0.0006832111298251197,-0.0005185389999305698,1389.1530120312736,-1479.3245833678543,62049,66231
9,14,131979,2114,-0.000726629194298575,-0.00044622183907047766,1437.3630616875898,-1533.2628561219271,62033,66389
9,15,132017,2113,-0.0007613778007245563,-0.00044626376854032016,1485.7101861942062,-1586.2249993124558,61915,66638
9,16,131859,2111,-0.000796228336742957,-0.00045529151528872307,1531.922602770984,-1636.9124750255746,61927,66654
9,17,132025,2113,-0.000825321690571802,-0.0005594995247949545,1576.3489256713403,-1685.3120218690817,61906,66871
9,18,131947,2111,-0.0008500081401637095,-0.00036718028802229605,1620.644762320378,-1732.8007863905625,62041,66749
9,19,131897,2109,-0.0008623352952617918,-0.0005627100163269626,1665.271887138655,-1779.0113255777953,62040,66775
9,20,131979,2112,-0.000881740858264251,-0.0005764120210617345,1707.514714653824,-1823.8859913866802,62147,66784
9,21,131985,2112,-0.0009105904547566921,-0.0005987638137317109,1747.0752146281006,-1867.2594957991657,62137,66918
9,22,132042,2113,-0.0009666673704135525,-0.0008175167122636987,1781.2269489031578,-1908.8676418273105,62263,66908
9,23,131943,2111,-0.0009875573937137192,-0.0007419149166283403,1816.8370994789075,-1947.1383846776773,62250,66792
9,24,132009,2113,-0.0010357628697357563,-0.0007165920472667517,1850.8122116680117,-1987.5422323389596,62440,66778
9,25,131978,2115,-0.0010633323415087373,-0.0007606825956824244,1887.459780907489,-2027.7962566751353,62509,66688
9,26,131907,2113,-0.0010691205306384865,-0.0007163336063488678,1923.5895921435176,-2064.614073978444,62585,66505
9,27,131926,2113,-0.001088604485359098,-0.0005833204265926433,1960.0035320218574,-2103.618767357346,62654,66683
9,28,132026,2112,-0.0011037063390431556,-0.0006878158329397603,1996.4337905348966,-2142.151723653408,62708,66648
9,29,132000,2114,-0.0011062607586762277,-0.000557417244303777,2031.4974204607165,-2177.523840605974,62752,66616
9,30,131981,2112,-0.0011468586017054307,-0.0006650770645205883,2063.391799809744,-2214.755344921426,62837,66613
9,31,131996,2112,-0.0011265610548141592,-0.0006844337458313459,2100.1413464202315,-2248.8428994114715,62910,66617
9,32,131994,2112,-0.0011193498667463656,-0.0008995764806041757,2134.0041377859006,-2281.7516040972164,62950,66652
9,33,131982,2112,-0.001072161382088207,-0.0007523684054489301,2169.0211665014053,-2310.5271700321628,63064,66471
9,34,132043,2112,-0.001065338653170631,-0.0005863855255806624,2200.7607209867165,-2341.4312327673215,63208,66456
9,35,132169,2114,-0.0009667971445044161,-0.0004837624880981108,2241.7377971008405,-2369.518408892842,63546,66272
9,36,132063,2112,-0.000933836912557118,-0.0005348971231523223,2274.3313805490116,-2397.656684732055,63646,66066
9,37,131998,2112,-0.0008949198228261925,-0.0005466993688857223,2309.8737295844376,-2428.0013563578573,63820,65899
9,38,132142,2115,-0.0008616912699463018,-0.00026456818947732615,2344.29866612331,-2458.164273916561,63887,65955
9,39,132265,2114,-0.0008447110427533588,-0.0005226170410514638,2376.74340679465,-2488.469112864421,64030,66025
9,40,132324,2112,-0.000810851826914555,-0.00011237086682521513,2409.3539586882666,-2516.649115832908,64220,65846
9,41,132331,2114,-0.0007897790117924467,-0.00038596356361674905,2439.8853125417945,-2544.3975589513,64075,66001
9,42,132400,2113,-0.0007447144173165945,-0.0004900497334909889,2473.256087725525,-2571.85627657823,64254,65885
9,43,132432,2114,-0.0006952800203857543,-0.0005310760398543878,2504.494045207346,-2596.5713688670876,64393,65903
9,44,132505,2112,-0.0006669055867930021,-0.00046851001888058617,2535.9776633506162,-2624.3459881286126,64402,65948
9,45,132576,2115,-0.0006687004199564513,-0.0006601923016483364,2564.4223171124236,-2653.0759439885746,64317,66089
9,46,132530,2115,-0.0006545671329535632,-0.00026190033832909545,2591.685697886917,-2678.4354800172496,64352,66015
9,47,132666,2114,-0.0006489107222892812,-0.0003863004339512983,2620.908135506617,-2706.9965253898467,64609,65956
9,48,132762,2112,-0.0006545954662575922,-0.0003454279620172315,2650.3152784287913,-2737.22068172008,64545,66112
9,49,132876,2113,-0.000667159723222373,-0.0005073598654984519,2678.2083511115106,-2766.8578664944102,64579,66186
9,50,132848,2111,-0.0006702587709797084,-0.0003055600110410548,2705.505647354414,-2794.54818456152,64620,66220
9,51,132937,2113,-0.0007198197879130711,-0.0003404301752834863,2729.543343851543,-2825.2340269973483,64672,66255
9,52,132946,2113,-0.0006667443629229888,-0.00022437808704704317,2762.909899895976,-2851.5508959691347,64765,66183
9,53,133018,2114,-0.0006898452284199657,-0.00040778591106958384,2789.6785345178996,-2881.4403671118716,64821,66204
9,54,133057,2116,-0.0007232325519410758,-0.0003389749265592897,2814.158835176901,-2910.389988840523,64822,66234
9,55,133107,2114,-0.000707407859266117,-0.0001348336786475818,2845.0696037870775,-2939.230541710403,64960,66138
9,56,133232,2110,-0.0006981507178472063,-0.0001679138838287919,2876.4393765711534,-2969.455393011358,65049,66258
9,57,133331,2113,-0.0007611329697753912,-0.0002605361286287086,2899.3826398417605,-3000.865259834897,64976,66432
9,58,133416,2113,-0.0007682540883865549,-0.000034668439199649096,2929.2577941836635,-3031.7551816398523,64836,66658
9,59,133414,2111,-0.0008474197089414431,-0.00018801260131864485,2946.289795910051,-3059.347448958772,64742,66762
9,60,133604,2114,-0.0009270710021170778,-0.0005668739741907969,2968.119967569813,-3091.980361736676,64755,66869
9,61,133671,2112,-0.0010547467677092378,-0.000708700441765749,2986.2489718866645,-3127.238027073131,64781,66949
9,62,133655,2113,-0.0011231821033665002,-0.0003089698727843078,3009.8579350281047,-3159.9768390535637,64809,66998
9,63,133704,2112,-0.0012331376198670043,-0.00043909238243689734,3031.156728581874,-3196.0321609085686,64663,67133
9,64,133822,2116,-0.0013227627366263284,-0.00047300179577274665,3058.0794478683265,-3235.094202809128,64680,67312
9,65,134061,2111,-0.001431412127925518,-0.00046727194699787465,3083.7253872081947,-3275.621928490026,64750,67498
9,66,134047,2110,-0.0015490051850474025,-0.0003573753489176767,3103.7227126252856,-3311.362210665332,64631,67641
9,67,134109,2113,-0.0016161668780823454,-0.0006786130276733019,3132.740734932234,-3349.4832587849746,64569,67788
9,68,134259,2113,-0.0016636557946249574,-0.0005607493309876878,3161.021259072417,-3384.3820224029673,64674,67895
9,69,134257,2114,-0.0017591577908840333,-0.0005581605125497859,3187.3416396043167,-3423.520887135031,64604,67946
9,70,134377,2113,-0.0018256144349661017,-0.0009695283545414812,3216.6405643421485,-3461.961155269586,64610,68009
9,71,134475,2112,-0.001933016688085474,-0.0009039128533308727,3243.55834324786,-3503.5007623781426,64600,68186
9,72,134597,2114,-0.0020698041256810087,-0.0006545322873739475,3269.9443856480593,-3548.533811552329,64514,68404
9,73,134669,2113,-0.0021681840299501796,-0.00094472689019536,3297.396032691234,-3589.3832078205855,64574,68478
9,74,134828,2111,-0.002268351083893465,-0.0008962534850820735,3327.033837115208,-3632.871077054392,64499,68646
9,75,134873,2114,-0.0023370396517875297,-0.001212185635149654,3357.8453335572062,-3673.048882512736,64415,68791
9,76,135063,2114,-0.0024323194466161773,-0.0010350100017599447,3384.3832340715717,-3712.8995954899074,64481,68993
9,77,135258,2114,-0.002467015189607795,-0.0010087680236190392,3415.4099731863903,-3749.093513702349,64591,69034
9,78,135413,2114,-0.0025297551293013386,-0.0011638554307978985,3450.349004792799,-3792.910736116876,64705,69165
9,79,135496,2113,-0.0025504817533702944,-0.0010633061552987116,3484.4741889273073,-3830.054264581966,64616,69249
9,80,135674,2114,-0.002561661708881733,-0.0010518151575007362,3521.6313012907144,-3869.1821919815284,64744,69313
9,81,135842,2114,-0.002589095994384235,-0.0009278024639982481,3556.4435530263427,-3908.1515310954965,64870,69413
9,82,136035,2114,-0.002595239665092446,-0.0010148365711939787,3589.2856523771134,-3942.329080217959,64938,69492
9,83,136187,2115,-0.0025963416428949272,-0.0010709411465423902,3626.094704481114,-3979.6826838020334,64983,69557
9,84,136455,2114,-0.0026235326895923438,-0.0011146256580253525,3657.3825677080317,-4015.3767208663335,65195,69735
9,85,136654,2114,-0.0025927204285579267,-0.0009111575945317992,3693.710852285251,-4048.0164697293944,65261,69805
9,86,136826,2114,-0.0026054678868666797,-0.0006748171995194835,3728.0941083646458,-4084.589857453048,65380,69944
9,87,137041,2116,-0.0026117420441981913,-0.0007838277140561805,3760.6553388081275,-4118.5710802870935,65560,69945
9,88,137222,2114,-0.002621016310738191,-0.0009699458259069716,3796.126451667481,-4155.787551859608,65561,70119
9,89,137261,2116,-0.0026146622128240256,-0.000772653699096812,3829.8410379118386,-4188.73218790628,65618,70125
9,90,137167,2116,-0.0026695143156386814,-0.0006246763497080359,3857.9589287202452,-4224.128198853457,65460,70227
9,91,132572,2114,-0.0026218659333639136,-0.0007164231844496255,3763.8218544167116,-4111.4078649346375,63333,67807
9,92,128073,2114,-0.0026534111516682626,-0.000943878667251787,3658.3925291752716,-3998.222855602885,61111,65596
9,93,123541,2115,-0.0026815327116087246,-0.0007182331885430565,3549.8809953249115,-3881.1602280497596,58944,63230
9,94,118966,2114,-0.002707763103292241,-0.001055946956512493,3441.067310953709,-3763.1990562999767,56710,60948
9,95,114437,2112,-0.00274548051940616,-0.0011864852035136755,3328.2833192380835,-3642.4678734373606,54603,58667
9,96,109931,2112,-0.0027704694324062235,-0.0011357733688050994,3217.282640911927,-3521.8431160857644,52363,56410
9,97,105348,2114,-0.0027972882336343026,-0.0010869211337119556,3100.3695567845175,-3395.0582776214264,50184,54030
9,98,100929,2113,-0.0027991655760768275,-0.0011443022021261802,2988.947282048577,-3271.464264476444,47909,51948
9,99,96372,2113,-0.002849680434876634,-0.0012745879162452429,2869.7006645570273,-3144.3300674269535,45775,49595
9,100,91892,2111,-0.002938733982511167,-0.0010661257174207387,2748.2961844892943,-3018.342327610198,43622,47287
9,101,87349,2111,-0.0029455940724118527,-0.000851063531850524,2628.0050573603007,-2885.2997539913995,41455,45019
9,102,82840,2113,-0.002970027112780132,-0.0011225977499154127,2507.033191712068,-2753.070237734773,39219,42780
9,103,78254,2111,-0.0030135854459408472,-0.0014186192013042,2382.7988974150358,-2618.6240129016983,36989,40444
9,104,73733,2111,-0.0029537745196752453,-0.0014985916373929109,2260.131582138152,-2477.9222387973587,34993,37997
9,105,69170,2109,-0.0029418114647473013,-0.001722401303336333,2129.709543378446,-2333.1946423950267,32758,35707
9,106,64595,2108,-0.002951552697530907,-0.0016366289857723247,1998.3340720746269,-2188.9896185716407,30608,33324
9,107,60049,2110,-0.0029797716924829898,-0.0015589298715539596,1863.401845072501,-2042.3341554344136,28527,30946
9,108,55430,2109,-0.003046196776532871,-0.0015469632558508045,1727.5227235176026,-1896.3734108408134,26280,28605
9,109,50837,2106,-0.0031532276080590642,-0.0012447290428236476,1586.051835102071,-1746.3524670129693,24079,26241
9,110,46179,2103,-0.0032893618476308928,-0.0020527124251483665,1442.605631038264,-1594.5050718000136,21872,23853
9,111,41538,2100,-0.003371519761812892,-0.0028067967267172227,1301.072277851109,-1441.1184657172882,19673,21412
9,112,36859,2097,-0.0036275511714194703,-0.0026292217579731553,1156.6869811874099,-1290.3948898147573,17456,19051
9,113,32238,2101,-0.0038247076776228807,-0.002500732120705443,1013.1208853638278,-1136.4218114750324,15251,16695
9,114,27598,2092,-0.004100846710801455,-0.0028917418496437566,868.2798528726133,-981.4550203973134,12982,14344
9,115,22980,2096,-0.00446890851587839,-0.0036591325741455803,722.4233877741385,-825.118905469026,10833,11928
9,116,18328,2084,-0.0047277100534824645,-0.0035544629231790037,577.6855149512572,-664.3349848114839,8563,9602
9,117,13629,2074,-0.0052358626654217585,-0.004308024925183134,429.6981432824696,-501.05771554950155,6325,7159
9,118,9022,2060,-0.0054707037894234645,-0.004924658929631221,286.1205750088062,-335.47726459698436,4189,4763
9,119,4417,2026,-0.00574325302527514,-0.006863052426840591,142.28135501277632,-167.64930362541622,2056,2326
10,0,145450,2117,0.0,0.0,0.0,0.0,0,0
10,1,134050,2116,0.000020580889787945594,-1.1364771252880712e-6,433.14793803649997,-430.3890697604263,60304,60725
10,2,133502,2111,0.0000642962023970165,0.0001024218166173297,594.0026128993487,-585.4189412869429,61832,62104
10,3,133186,2111,0.00009899510319229128,0.00011621406658025872,712.4834755057473,-699.2987136919786,62261,62937
10,4,132991,2114,0.00011785707731845195,0.00001699573529788574,812.0269191188271,-796.352988549166,62529,63436
10,5,132942,2112,0.000164769347925668,0.00014616922033585823,906.7002758973537,-884.7955092454217,62894,63740
10,6,132831,2112,0.00021683457388305957,0.00011796213646313358,992.705364550445,-963.903011266984,63360,63759
10,7,132873,2114,0.00021941988858524322,0.00008982708468197021,1069.6807564558276,-1040.5257775998407,63559,64082
10,8,132851,2111,0.00024867859897566573,0.00024674219636077637,1141.6571563501511,-1108.6199557976386,64036,64036
10,9,132866,2115,0.0002533185157700235,0.00019002141478492124,1204.9086163418679,-1171.2511984255589,63970,64283
10,10,132847,2114,0.0002823770519379251,0.00019671643474517713,1267.9826621800703,-1230.469717961272,64269,64143
10,11,133078,2113,0.00030822155843911116,0.0002941641274930986,1329.124583441577,-1288.1070748876134,64449,64409
10,12,133048,2114,0.00036537012984929853,0.00039303379389341774,1386.7890366495635,-1338.1772716133719,64510,64464
10,13,133046,2112,0.0003822729518962035,0.0004612304565046577,1439.8057427729677,-1388.9458556149796,64490,64637
10,14,132970,2113,0.00040170400484804836,0.000500314203670607,1491.2565784146568,-1437.8419968900164,64544,64650
10,15,133062,2112,0.0004129826650565931,0.0005864652553403761,1544.0879016380477,-1489.1356022602836,64647,64773
10,16,133156,2111,0.00040255132288259204,0.0005012715706607677,1591.8214534846238,-1538.2193295348643,64753,64833
10,17,133126,2112,0.00041054772121553243,0.000549747319700645,1638.8401058051907,-1584.185529870649,64704,64989
10,18,133178,2114,0.00043084976157861925,0.000615596946339274,1685.217659977143,-1627.8379504296274,64920,64902
10,19,133251,2113,0.00040398700824572053,0.0006686785160775299,1727.0765908509206,-1673.2449180151664,64955,65050
10,20,133292,2113,0.00036722647917444883,0.0005846939915373869,1768.697092362382,-1719.7487405002678,65065,64979
10,21,133432,2113,0.0003246457156495283,0.0004983499310002777,1808.1071998863927,-1764.7890727558467,65215,65141
10,22,133317,2113,0.0003112071095414059,0.0005151106147380311,1849.6252823654045,-1808.136084142665,65057,65168
10,23,133412,2110,0.00028619116492473667,0.000333516671567822,1889.3145528646294,-1851.1332171696909,65106,65318
10,24,133492,2113,0.00025911968990370907,0.0005824146321948833,1927.7850949143442,-1893.1946892697176,65062,65489
10,25,133505,2112,0.0002236790545362857,0.0005782720134791567,1965.2907165524364,-1935.4284443765719,65082,65657
10,26,133572,2115,0.00015591717904259904,0.0004942564765883812,1999.275702510098,-1978.449533071016,65071,65754
10,27,133647,2115,0.00014356299716382855,0.0007501931502910518,2034.615374434866,-2015.4286105529145,65036,65864
10,28,133707,2114,0.0000732889794619652,0.00044324843116909634,2066.9282244830156,-2057.128974906101,65138,65866
10,29,133805,2114,-0.000026317788885273196,0.0005404891263312952,2097.1148134750574,-2100.636265216857,65220,65964
10,30,133845,2112,-0.00013604930416625686,0.00037650962457948576,2126.230760701836,-2144.4402798179726,65303,66052
10,31,133877,2115,-0.0002967524597377087,0.00024783517061599693,2150.077309608007,-2189.805638660323,64931,66472
10,32,133986,2113,-0.0004271148947148763,0.00018068641202286466,2177.5972063230356,-2234.8246226063143,64917,66618
10,33,134084,2111,-0.000550452946588317,0.0001473910022514872,2207.0958799084324,-2280.902812798784,64826,66869
10,34,134156,2113,-0.0005986181177027554,0.0003307804585656745,2243.313855289261,-2323.6220674877923,64787,66900
10,35,134308,2112,-0.0007092307447534808,0.00015331177630368024,2272.9402750415566,-2368.1956379079065,64933,66987
10,36,134364,2112,-0.0008569590834616969,0.00013823657935763803,2301.675526974192,-2416.819977264447,64782,67247
10,37,134498,2114,-0.0009696786258201834,-0.0001378512595003697,2332.692527557963,-2463.1123633735315,64764,67453
10,38,134665,2115,-0.0011108390158842377,-0.0003167909523936974,2359.8179791541424,-2509.4091152281985,64642,67725
10,39,134652,2113,-0.0012123274750488538,-0.00019278409328922665,2389.808260083897,-2553.0505792541726,64590,67820
10,40,134663,2115,-0.0013297505200769077,-0.00033199820971319366,2419.778415308288,-2598.8466095934164,64516,67966
10,41,134805,2112,-0.0014493171012201437,-0.00034646555692431863,2447.921945665239,-2643.297137495226,64461,68215
10,42,134852,2114,-0.0015919533882060362,-0.0005808249658385775,2476.027094688528,-2690.705192994879,64254,68428
10,43,134938,2114,-0.0017414444874978925,-0.0003828401247899319,2503.252221319492,-2738.2392575734816,64221,68614
10,44,135117,2115,-0.0018383281505767394,-0.00033004482845205217,2535.241735595649,-2783.6311203171144,64295,68749
10,45,135230,2115,-0.0019531211165485526,-0.0006312790554664078,2566.4850451760767,-2830.60561376693,64252,68905
10,46,135349,2114,-0.002030448322627966,-0.0005299184802186873,2599.2003326627428,-2874.019482682127,64329,69003
10,47,135535,2115,-0.002083638321104044,-0.0006461315729917644,2634.0266294928997,-2916.4325493437364,64426,69052
10,48,135594,2117,-0.0021456610742449133,-0.0005422391321193279,2666.4398814059914,-2957.378649107166,64441,69117
10,49,135895,2114,-0.0022315181505367485,-0.0005455820830415597,2700.524236638412,-3003.77639570559,64300,69590
10,50,135992,2115,-0.0022740059905343364,-0.00025706808053463804,2737.284650010664,-3046.5312726754037,64345,69625
10,51,136172,2113,-0.0023115190518795486,-0.000561373680957085,2774.5357116046603,-3089.2998839372044,64457,69768
10,52,136352,2113,-0.0023122766909951446,-0.0004097464010115757,2813.064037964985,-3128.3475893355594,64418,69946
10,53,136558,2114,-0.002316743009155029,-0.0004902017502108125,2852.1992083698647,-3168.5690002140573,64683,69919
10,54,136716,2114,-0.002315457617237177,-0.0005084976695111311,2889.415873289702,-3205.9759768879003,64779,69957
10,55,136995,2113,-0.002341817007169289,-0.0003218637683816817,2926.8197585348653,-3247.6369794320467,64890,70133
10,56,137134,2114,-0.002349158897778451,-0.0004174602696243878,2965.3881613504486,-3287.537717638399,64949,70246
10,57,137273,2114,-0.0023628707016618853,-0.0002666567788415819,3003.440193634706,-3327.79854346392,64947,70397
10,58,137420,2115,-0.002392348962631696,-0.0003377436725246993,3039.5810962801465,-3368.3376907250026,65167,70383
10,59,137594,2114,-0.00242556021331461,-0.00010190410940333587,3079.434443422866,-3413.1769754136812,65154,70501
10,60,137460,2114,-0.0024754388639712495,-0.00022405717858267754,3110.419669690081,-3450.69349593156,65055,70561
10,61,132801,2113,-0.0024878496613782693,-0.0003379505663569751,3033.4281465191725,-3363.8170693998477,62924,68152
10,62,128350,2113,-0.00251516221152024,-0.00025113026660468133,2958.6137304774197,-3281.434800326033,60702,65905
10,63,123845,2113,-0.002540519852427489,-0.000301260348556993,2880.001508572737,-3194.6321896966233,58597,63645
10,64,119239,2113,-0.002552317861517265,-0.0000838387317927875,2798.129103436215,-3102.4649329256627,56418,61252
10,65,114687,2115,-0.0025950975924366303,-0.00015954144110033342,2716.634069388873,-3014.258026972657,54183,58931
10,66,110176,2112,-0.0025881501690079543,-0.000268766336763934,2635.525713069739,-2920.6777460903554,52095,56646
10,67,105622,2114,-0.0026383014327912503,-0.000055093795558837485,2547.368231496176,-2826.030905430451,49956,54316
10,68,101126,2113,-0.002676250042682252,-0.00033239241335241077,2458.3191904319438,-2728.9576522482234,47806,52011
10,69,96520,2112,-0.0027130335978280064,-0.0005850934881722613,2363.586934737922,-2625.4489376002866,45643,49640
10,70,91941,2113,-0.0027172048936455755,-0.0007413532289140839,2270.7212832778337,-2520.5438184045074,43372,47419
10,71,87476,2111,-0.0026977714967573404,-0.0006090515969543448,2179.8666988865625,-2415.856958336901,41236,45160
10,72,82946,2111,-0.002658024517037514,-0.0006732817556804819,2085.8183383406576,-2306.2908399308462,39187,42728
10,73,78379,2112,-0.0026587497700592843,-0.0005642757611754938,1986.500517590854,-2194.890665818328,36971,40438
10,74,73808,2110,-0.00265176714266947,-0.0004309901742502761,1882.9598255363978,-2078.6814548025463,34837,38067
10,75,69194,2110,-0.0026655780203635273,-0.0004766288876690523,1775.7353174151324,-1960.1773229561713,32669,35672
10,76,64609,2111,-0.0027093072029689296,-0.0006119112077099321,1667.2621355708386,-1842.30776464746,30441,33346
10,77,59988,2109,-0.0028184462730843963,-0.0006147351218305061,1553.2883883107922,-1722.3613433405724,28285,30967
10,78,55373,2111,-0.0028086595048682126,-0.0005805670569610654,1446.1401717566678,-1601.6640745197324,26089,28607
10,79,50743,2110,-0.0028813521698830813,-0.0009229151539089929,1333.6818838776894,-1479.8903370340686,23928,26179
10,80,46155,2108,-0.003030016286748579,-0.0010965236697862443,1215.3172950055007,-1355.1676967203769,21738,23861
10,81,41540,2107,-0.0031739203411680445,-0.000997194684333019,1097.7182996242514,-1229.5629505963693,19599,21429
10,82,36876,2105,-0.0033889839367466632,-0.0015419953721521125,977.4691222088378,-1102.441293860307,17337,19105
10,83,32214,2107,-0.0034496955092061035,-0.0015066238768932543,861.2559985363173,-972.3844896698835,15190,16655
10,84,27572,2102,-0.0036303951358821083,-0.0016241318984939993,739.0741744180762,-839.1714291046203,12950,14304
10,85,22887,2096,-0.003870097309378964,-0.002167408551605337,617.1287446117873,-705.7036617315466,10770,11854
10,86,18233,2085,-0.004100052264571117,-0.00289476509085348,495.1377615144443,-569.8940144543701,8550,9482
10,87,13612,2076,-0.004697200335908451,-0.00398895113587945,368.69308043254017,-432.6313714049255,6309,7159
10,88,8963,2053,-0.0055038590913231876,-0.005810448191192239,241.38230956064757,-290.7133985961767,4103,4754
10,89,4399,2007,-0.005882828557622758,-0.007093576837392982,119.23796654466729,-145.1165293696499,2004,2357
11,0,148420,2118,0.0,0.0,0.0,0.0,0,0
11,1,137545,2113,-0.00007297196283613765,-0.00006203259226988135,446.47780971671426,-456.51473834500877,61119,62798
11,2,137091,2112,-0.0001853439142048104,-0.00007701357160514228,603.7189204020863,-629.1279029443375,62036,64935
11,3,136904,2115,-0.0002977703775520313,-0.0000503969618765933,723.8180334699595,-764.5839892383418,62610,66043
11,4,136886,2112,-0.0004285368877011815,-0.00023907563606662756,825.4024292220686,-884.0631296319309,62951,66946
11,5,136749,2111,-0.0005427852506004588,-0.00022971840150321364,915.614456734526,-989.8397969688916,62712,67678
11,6,136813,2113,-0.0006597131249285316,-0.00030638247254379067,999.6838986835459,-1089.941230444397,62835,68250
11,7,136909,2114,-0.0007343438408741834,-0.00020656809082131669,1080.0199063405196,-1180.558187250766,63112,68395
11,8,136898,2111,-0.000863318044678087,-0.0004204575328676868,1148.691757364573,-1266.87827104491,63121,68819
11,9,136957,2111,-0.0009933054591834513,-0.0005524564223544106,1214.5213766714448,-1350.5615124448377,63115,69190
11,10,137156,2114,-0.0011078712377475739,-0.0005491228078983064,1279.8199700075324,-1431.7711574920422,63257,69432
11,11,137199,2113,-0.0011980111397479197,-0.00046151622776627934,1342.6389620437158,-1507.004892405982,63368,69635
11,12,137293,2113,-0.0013254944742718366,-0.0006909808940956696,1398.4844058499004,-1580.4655187060932,63208,70001
11,13,137341,2115,-0.001411820923457149,-0.000614315378059817,1457.7430221684103,-1651.643919616945,63411,70165
11,14,137422,2115,-0.001507469432219256,-0.0007533624122425945,1512.3566265008997,-1719.5160908153414,63433,70271
11,15,137520,2113,-0.0016296103922142358,-0.0006559728293768341,1563.3011759991518,-1787.405197136456,63492,70462
11,16,137650,2114,-0.0017313612516333637,-0.0008777209353692327,1614.8929563819952,-1853.214832669319,63639,70443
11,17,137780,2114,-0.0018042754390452233,-0.000898274012292704,1666.560756114699,-1915.1538261063513,63841,70564
11,18,137915,2113,-0.0018773950847512453,-0.0008353992876280044,1716.8085043745625,-1975.7294474880284,63834,70778
11,19,138082,2114,-0.0019569432256533906,-0.0009895521260198852,1767.2880655908523,-2037.5067000755253,63904,71007
11,20,138252,2114,-0.001982641444375166,-0.0007924572434619159,1822.2258809196176,-2096.3300258873783,64107,70947
11,21,138547,2117,-0.002016115390344336,-0.0006305810023972882,1873.3139340585853,-2152.6406730446183,64362,71160
11,22,138733,2115,-0.0020131788272946343,-0.0004835063831038691,1926.4302717302342,-2205.7246099772974,64483,71217
11,23,138958,2114,-0.0020203337018125634,-0.0007136011272791239,1981.2469091050668,-2261.988439641537,64724,71440
11,24,139072,2114,-0.0020407107390034095,-0.0006738388766306719,2030.2259802053538,-2314.0317041000353,64817,71375
11,25,139364,2116,-0.002048912720148172,-0.0005964010480282063,2082.9116947276266,-2368.456367058357,65024,71543
11,26,139531,2116,-0.0021015745319883576,-0.00047327004478197904,2130.4725220729833,-2423.70731809586,65099,71691
11,27,139811,2114,-0.0021018452741339497,-0.0006415168330708978,2184.994889429146,-2478.8559790510903,65502,71564
11,28,139959,2115,-0.002143272030275759,-0.0006005435777164183,2235.438550269357,-2535.4087603547355,65557,71700
11,29,140087,2115,-0.0021643330669496212,-0.000636666200939285,2285.519061692005,-2588.7139880417767,65655,71790
11,30,140090,2114,-0.00221931563653837,-0.0005401758955719279,2328.4133182580094,-2639.3172457806672,65548,71961
11,31,135399,2116,-0.00227445619802169,-0.00039618031817524905,2290.0140089796587,-2597.973103735606,63464,69446
11,32,130656,2116,-0.002345328160024123,-0.0007109271119720075,2245.884140379706,-2552.3153364558048,61008,67335
11,33,126032,2115,-0.0024261997775609865,-0.0007840287544273962,2198.662963352391,-2504.441773717948,58749,65048
11,34,121443,2113,-0.002497295753886217,-0.000760499435445571,2150.142408545427,-2453.4214967846215,56614,62686
11,35,116780,2114,-0.002580583716923254,-0.0008186412215486545,2097.1892456652354,-2398.5498121275373,54444,60331
11,36,112270,2113,-0.0026830090628517616,-0.0010402224227385676,2041.575206707193,-2342.796634193555,52333,57996
11,37,107554,2114,-0.0027710647042768917,-0.0009341010770866985,1980.9307695043997,-2278.9698627081907,50153,55650
11,38,102967,2114,-0.0028728724604885217,-0.0011786003284936836,1918.8478659091058,-2214.6589245482214,47890,53362
11,39,98309,2115,-0.002914589383030772,-0.0010379879428011661,1855.531317881758,-2142.061685538134,45705,50983
11,40,93695,2115,-0.0029808365446455857,-0.0009966289777760882,1788.9724388978384,-2068.2619189484158,43488,48672
11,41,88962,2113,-0.003047965498705641,-0.0009160973729365519,1718.1152366330123,-1989.2683433288632,41257,46234
11,42,84346,2113,-0.003060237100477509,-0.0011275807893252742,1649.2988863932515,-1907.4176448701235,39080,43930
11,43,79621,2113,-0.0030876742962571584,-0.0013108560758327017,1576.9667865330596,-1822.8105016753486,36910,41482
11,44,75031,2111,-0.0030930716200033223,-0.0014887036893588717,1503.9283012824292,-1736.0045580028925,34709,39183
11,45,70256,2111,-0.0030964908997972488,-0.001420750827470901,1424.8978726391178,-1642.4449372952647,32548,36705
11,46,65615,2113,-0.0030948841622943286,-0.0014849508651225754,1346.1200794445997,-1549.1909037535456,30362,34272
11,47,60918,2112,-0.003147684583205998,-0.0013412209595955187,1263.1239351237937,-1454.8745845635365,28139,31871
11,48,56249,2112,-0.003187480833323071,-0.0011330706241644522,1178.0244374614094,-1357.3170468549995,25951,29471
11,49,51503,2112,-0.003153292599206966,-0.00107284164351043,1092.228273344911,-1254.6323020818636,23808,26929
11,50,46766,2113,-0.003188098556902863,-0.0015526213908858403,1001.7062058205534,-1150.8008229326713,21553,24543
11,51,42063,2111,-0.003271911598900834,-0.0012834626259101893,909.0956752853418,-1046.7220928699073,19290,22186
11,52,37347,2110,-0.003448540170731071,-0.0013100395706538595,814.1179541182324,-942.9105838745244,17138,19702
11,53,32714,2110,-0.003604444502284704,-0.0016052352983381257,716.7997639691562,-834.715561416898,14973,17334
11,54,27978,2108,-0.0037960425506632124,-0.0017836171176083349,616.4686323667542,-722.6743108492104,12793,14806
11,55,23253,2099,-0.003879902897615253,-0.001961781719825657,517.0951666511696,-607.3145487294179,10616,12321
11,56,18543,2091,-0.003989226725117637,-0.0026192377886950706,415.80144766753875,-489.7736788313962,8437,9856
11,57,13818,2083,-0.004430406075957713,-0.003065167719072705,311.0147290490949,-372.2340802066792,6274,7379
11,58,9147,2069,-0.004540936370119081,-0.0037658191587723357,208.2301764769022,-249.76612145438125,4146,4870
11,59,4491,2019,-0.004467623584806542,-0.0046154715530311585,104.43932067824434,-124.50341819761043,2043,2389
12,0,151308,2117,0.0,0.0,0.0,0.0,0,0
12,1,143152,2117,3.0701214912504873e-6,0.00014971320779004116,511.0718027420162,-510.6323087102999,64139,64279
12,2,137659,2116,-0.000046882320839209905,0.00007397044984975224,674.1126122272807,-680.5663856316861,63282,64265
12,3,132413,2117,-0.00006736593408415432,0.0001647175211991876,786.324476108507,-795.2446015383929,61752,62854
12,4,127400,2116,-0.00008648411605259677,0.00010292825431859438,867.7477781972624,-878.7658545823637,59590,61284
12,5,122172,2115,-0.00012894362888061687,0.00009019696597982845,926.122986783472,-941.876287811074,57372,59253
12,6,117205,2115,-0.00015069381921612834,0.0001234953736395857,972.0652299435878,-989.7272990248144,55262,57256
12,7,112227,2115,-0.00018478767784523898,0.00011461054407776403,1001.7035321312275,-1022.4416988527638,52947,55143
12,8,107319,2115,-0.00020257587174928428,0.00012204382631637003,1022.758603201568,-1044.4988431818263,50535,52956
12,9,102350,2114,-0.00013695720097446504,0.00017667539700248617,1036.5137337531007,-1050.5313032728384,48477,50517
12,10,97294,2114,-0.0001144595183545812,0.0002682438143955989,1037.8186110292922,-1048.9548354080862,46004,48187
12,11,92319,2114,-0.00013398372187422945,0.00014894673172859163,1030.8355615137996,-1043.2048047335038,43844,45716
12,12,87427,2115,-0.00012688373421619953,0.0003833836465853271,1019.5395753301384,-1030.6326395614597,41486,43519
12,13,82556,2114,-0.00010817000994843504,0.00031813179036632505,1000.6586835629572,-1009.5887669042623,39251,40987
12,14,77687,2114,-0.0000494031737853853,0.000511667469787314,976.6017267423357,-980.4397111042006,37107,38511
12,15,72722,2114,-0.000024240600475482565,0.0008457510786864505,946.3944193506617,-948.1572442984444,34835,36018
12,16,67910,2113,-0.00005109243193854778,0.0008270199002060432,909.0828205887098,-912.5525076416544,32496,33724
12,17,62969,2114,-0.00012138210651281697,0.0006155740147788482,865.1129212935598,-872.7562311585635,29960,31464
12,18,58132,2114,-0.00016283859508235663,0.0007218724261632979,821.365846329804,-830.83197953913,27663,29081
12,19,53257,2112,-0.00019257557242893575,0.0008115734933090604,771.5017123353473,-781.757709596194,25432,26633
12,20,48381,2110,-0.0002710788307393774,0.0007776916114400678,718.5056453761655,-731.6207102861683,23149,24175
12,21,43485,2111,-0.00038655038325914495,0.0006690665259564967,659.6564997434245,-676.4656431594511,20799,21775
12,22,38663,2110,-0.0006009284365920594,0.0001730150517640264,596.8809520186244,-620.114648162583,18495,19364
12,23,33806,2109,-0.000728139228628357,0.00029664770126836053,532.7413256933821,-557.356800456393,16157,17007
12,24,28963,2106,-0.0008703137521554075,0.00004389938158463883,465.08984673510076,-490.2967439387749,13826,14586
12,25,24117,2105,-0.0010184064798802223,-0.00011443517143039932,394.2460908866616,-418.80699996193283,11518,12142
12,26,19174,2101,-0.001006190660141979,-0.00011699296166055648,322.6198443274925,-341.91254404505395,9140,9697
12,27,14319,2090,-0.0011826410360179867,-0.0005783061947899274,245.44319809075395,-262.37743508549534,6761,7273
12,28,9473,2076,-0.0011793491001127617,-0.000860295298725762,166.71910407299544,-177.8910780983632,4501,4810
12,29,4701,2050,-0.0013382613634861748,-0.0015434319790754198,84.08023594699368,-90.37140261674199,2253,2370
