future_label,h,n_pairs,n_member_states,mean_occ,mean_member,pos_sum,neg_sum,n_pos,n_neg
future_peak_0..30,0,1504087,2094,0.0,0.0,0.0,0.0,0,0
future_peak_0..30,1,1397267,2094,-0.00023362674745154116,-0.00026609441129294407,4716.211357667698,-5042.650302199062,626503,648746
future_peak_0..30,2,1386984,2094,-0.0004529100897112703,-0.00045903102712997875,6284.169826326407,-6912.348874194529,631623,666010
future_peak_0..30,3,1379290,2094,-0.0006740888214373298,-0.0006743381762004087,7414.8991090446025,-8344.663079564913,631309,674938
future_peak_0..30,4,1373156,2094,-0.0008936763774671018,-0.0009120596564770579,8317.364079693854,-9544.521159471056,628925,681137
future_peak_0..30,5,1367998,2094,-0.0011220632302702987,-0.0011081749412796833,9098.2393362094,-10633.219591092755,626355,685123
future_peak_0..30,6,1363264,2094,-0.0013504225363345857,-0.0013793985915821567,9786.926300638597,-11627.908729212235,625262,686956
future_peak_0..30,7,1358445,2094,-0.0015667219370717712,-0.0015766802032890117,10386.808085096272,-12515.113666901754,622722,688404
future_peak_0..30,8,1353834,2094,-0.0017860981533997621,-0.0018005020072840144,10910.363598149199,-13328.444005558988,620072,689674
future_peak_0..30,9,1349044,2094,-0.0020040109796046414,-0.0020020452378117343,11381.485044346504,-14084.984032316226,617231,690340
future_peak_0..30,10,1344645,2094,-0.0022301231920046874,-0.002266327202971073,11809.5286773996,-14808.25267691272,614344,690669
future_peak_0..30,11,1340320,2094,-0.0024554976741611545,-0.0025018037943277203,12207.858476311278,-15499.011118942892,611802,691055
future_peak_0..30,12,1335903,2094,-0.002664261445531247,-0.002645071913246368,12571.76478534434,-16130.959643213882,608830,691185
future_peak_0..30,13,1331478,2094,-0.0028737432517977213,-0.002838166592576184,12911.761195725432,-16738.08711314252,606469,690479
future_peak_0..30,14,1327145,2094,-0.003077701017566341,-0.0030381439637069004,13224.178935192127,-17308.73445215025,603948,689980
future_peak_0..30,15,1323109,2094,-0.00328951295152777,-0.0032999086952664874,13508.592749199666,-17860.976940982677,600908,689987
future_peak_0..30,16,1318433,2094,-0.0035100635484396825,-0.003502120528441291,13767.17489484224,-18394.958509202217,598005,689534
future_peak_0..30,17,1314328,2094,-0.003712833757238869,-0.0036905760029930287,14023.90241940857,-18903.783785892796,595429,688738
future_peak_0..30,18,1310267,2094,-0.00391564343385799,-0.0038481974210616216,14261.030795005576,-19391.569170156403,593079,688330
future_peak_0..30,19,1306056,2094,-0.004115195561106585,-0.004048574896149402,14488.954347934216,-19863.630201690874,590387,687530
future_peak_0..30,20,1301675,2094,-0.004319627528483715,-0.00416211322329898,14702.868463038707,-20325.619626177784,587632,686507
future_peak_0..30,21,1297909,2094,-0.00452034933001959,-0.004428778575658971,14908.349793055775,-20775.351871632145,585291,685819
future_peak_0..30,22,1293713,2094,-0.004714897527702706,-0.004591076437170061,15095.579746665213,-21195.303971922094,582479,685182
future_peak_0..30,23,1289567,2094,-0.004900640930438933,-0.004786993652252607,15273.166200258916,-21592.871023002303,580024,684255
future_peak_0..30,24,1285393,2094,-0.005088289342562709,-0.0049640864251240665,15438.98227807877,-21979.43378098349,577249,683180
future_peak_0..30,25,1281348,2094,-0.005282104083185179,-0.005156488131012626,15596.714815499714,-22364.928318280872,574699,682498
future_peak_0..30,26,1276963,2094,-0.005473275103124597,-0.00540348460699837,15749.566758455165,-22738.736553966493,572463,680877
future_peak_0..30,27,1273262,2094,-0.005661039587842271,-0.005411189000224793,15899.258342191684,-23107.244929886943,570225,679923
future_peak_0..30,28,1269256,2094,-0.005853886064328049,-0.005615254207389708,16029.037516002065,-23459.117526466813,567715,678854
future_peak_0..30,29,1265161,2094,-0.006028724975208245,-0.005776849045980887,16158.899870579748,-23786.20758893924,565644,677000
future_peak_0..30,30,1260909,2094,-0.006212602262447876,-0.005956338516707854,16271.21684636781,-24104.742952508626,563069,676101
future_peak_0..30,31,1257032,2094,-0.006393370626756482,-0.006110407148995992,16389.20950461259,-24425.880970305614,560274,675358
future_peak_0..30,32,1252619,2094,-0.00656791974040931,-0.006309065039981181,16498.010764136463,-24725.111821448332,557421,674077
future_peak_0..30,33,1248638,2094,-0.006739509541273167,-0.006451906021286811,16610.208122309054,-25025.415836905202,555295,672582
future_peak_0..30,34,1244612,2094,-0.006913001910775247,-0.006540313127520316,16712.00838010735,-25316.013514281105,552761,671209
future_peak_0..30,35,1240688,2094,-0.007083778481090679,-0.0067367183976418735,16813.968144217793,-25602.727100365093,550767,669829
future_peak_0..30,36,1236866,2094,-0.007254541676641296,-0.006872575801862771,16903.718033492773,-25876.61397891332,548634,668380
future_peak_0..30,37,1232667,2094,-0.007424720068072105,-0.0069843475658482364,16988.222172670303,-26140.429584820493,546543,666786
future_peak_0..30,38,1228831,2094,-0.0075924634083229265,-0.007179525449539801,17066.64566719142,-26396.50006970435,543762,665709
future_peak_0..30,39,1224788,2094,-0.007757101399975884,-0.00735258367320107,17144.79620126363,-26645.60091073735,541351,664496
future_peak_0..30,40,1220896,2094,-0.007912661486493841,-0.007447313388331934,17226.070160076346,-26886.60691829074,539252,662728
future_peak_0..30,41,1216717,2094,-0.008071992537466722,-0.007622746790779059,17296.230799763358,-27117.561343972204,536593,661672
future_peak_0..30,42,1212904,2094,-0.008225830953639384,-0.0077265138541573715,17366.591409924786,-27343.734676917775,534366,660384
future_peak_0..30,43,1208881,2094,-0.008388752590277321,-0.007882287228263377,17434.335793186412,-27575.33941327351,532447,658775
future_peak_0..30,44,1205117,2093,-0.008542781579125882,-0.00802569681229226,17502.607018776245,-27797.658327067726,530308,657288
future_peak_0..30,45,1201356,2094,-0.008689241632391924,-0.008158903127660683,17565.997427279235,-28004.86999780309,528102,655814
future_peak_0..30,46,1197290,2094,-0.008857182300038385,-0.008357319714123962,17612.585467092184,-28217.201263105027,525702,654457
future_peak_0..30,47,1193324,2094,-0.009007637607554766,-0.008487902063896343,17664.85818552316,-28413.888325920925,523632,652761
future_peak_0..30,48,1189310,2094,-0.009165144468790928,-0.008582419620565851,17716.16944125356,-28616.367409431197,520942,651691
future_peak_0..30,49,1185617,2094,-0.009322116598357917,-0.008796012276277364,17761.885130636343,-28814.345045631548,518624,650565
future_peak_0..30,50,1181564,2094,-0.009472544887936104,-0.008938537003346063,17808.956545904453,-29001.37457387375,516171,649261
future_peak_0..30,51,1177628,2094,-0.009614025046906819,-0.009058652290578235,17858.347141525668,-29180.092229464448,514314,647509
future_peak_0..30,52,1173824,2094,-0.009756067538848731,-0.009074644928739991,17902.348169218676,-29354.25439194031,512225,645671
future_peak_0..30,53,1170010,2094,-0.00990171665650617,-0.009263965171604147,17941.869966007664,-29526.977471286304,510298,644136
future_peak_0..30,54,1166054,2094,-0.010056821659899831,-0.009478167777513034,17973.351487410397,-29700.148611223147,507915,642567
future_peak_0..30,55,1162223,2093,-0.010191709949136115,-0.00952941261477724,18003.889226612675,-29848.928938827645,506133,640734
future_peak_0..30,56,1158143,2094,-0.0103384632192656,-0.009776127966931796,18034.449978662127,-30007.86878681225,503932,639036
future_peak_0..30,57,1154374,2094,-0.010478139040727507,-0.009770512237207854,18063.124101261812,-30158.815378262545,502005,637291
future_peak_0..30,58,1150569,2094,-0.010617476177760024,-0.010014296124415572,18089.3381008242,-30305.4770491934,499734,635875
future_peak_0..30,59,1146708,2094,-0.010760348794234317,-0.010154581893567015,18115.051373618324,-30454.029418757145,497730,634192
future_peak_0..30,60,1142906,2094,-0.010901764531900273,-0.010285903121641073,18137.111998630236,-30596.804092726223,495602,632664
future_peak_0..30,61,1138743,2093,-0.011045749674076658,-0.010365265196918752,18159.251822695485,-30737.521943802596,493674,630646
future_peak_0..30,62,1134810,2094,-0.011190158790477748,-0.010480574704502527,18182.007163609458,-30880.711260631455,491338,629157
future_peak_0..30,63,1131497,2094,-0.011339495393063654,-0.010609795549170676,18201.38203403148,-31031.98705279684,489225,627973
future_peak_0..30,64,1127592,2093,-0.01148866255734145,-0.010742723902453595,18220.74598907254,-31175.269979430293,487208,626326
future_peak_0..30,65,1124007,2094,-0.011633185183851789,-0.010869148496754013,18241.46485304639,-31317.24643199215,485148,624837
future_peak_0..30,66,1120038,2093,-0.01178314795586802,-0.010926002532742942,18260.881128016692,-31458.454598211152,483424,623043
future_peak_0..30,67,1116051,2094,-0.01193765212050295,-0.011083817780222813,18275.13446873845,-31598.16305547791,480870,621539
future_peak_0..30,68,1112349,2093,-0.012080683205741486,-0.011263688479410554,18291.816820389497,-31729.752703612743,479023,620010
future_peak_0..30,69,1108394,2093,-0.012217033964066275,-0.011300979844062729,18303.637600634098,-31844.924744201373,477119,618098
future_peak_0..30,70,1104647,2094,-0.012353275963236689,-0.011410525389199688,18314.878232762363,-31960.887465723907,475103,616557
future_peak_0..30,71,1100826,2094,-0.012496969680070523,-0.011582148917012758,18327.531110905227,-32084.52025593843,473009,614785
future_peak_0..30,72,1097220,2094,-0.012642092274044102,-0.011688743465234916,18340.686286008546,-32211.842770935174,471216,613273
future_peak_0..30,73,1093373,2094,-0.012785810287816475,-0.011835190472565907,18344.02349680586,-32323.68324862665,468943,611772
future_peak_0..30,74,1089734,2094,-0.01293065734853173,-0.01195829766435221,18356.149071158587,-32447.126026203492,467308,609964
future_peak_0..30,75,1085771,2094,-0.013066545335429601,-0.012048103389593294,18361.23461939379,-32548.51061478855,464733,608620
future_peak_0..30,76,1082292,2094,-0.013222273036690557,-0.012314478130649632,18365.500376931694,-32675.860706357576,462675,607274
future_peak_0..30,77,1078429,2094,-0.013357153544358472,-0.01231070261294248,18363.08151163218,-32767.82325132102,460843,605384
future_peak_0..30,78,1074537,2094,-0.013504952165796816,-0.012486714882748978,18364.30640248557,-32875.877187864346,458575,603922
future_peak_0..30,79,1070898,2094,-0.013646475731879177,-0.012719884736103733,18373.737985779175,-32987.7215540971,456768,602178
future_peak_0..30,80,1067340,2094,-0.01377573470915458,-0.012799076455077114,18378.78353624414,-33082.17622071324,454858,600597
future_peak_0..30,81,1063592,2094,-0.013907307710579051,-0.012843916277746755,18382.806872519777,-33174.50809502984,452939,599108
future_peak_0..30,82,1059629,2094,-0.0140482761964206,-0.012938300019766832,18378.04312545071,-33264.0039831875,450738,597216
future_peak_0..30,83,1055905,2094,-0.014188172543314911,-0.013118176785602807,18368.07392845213,-33349.436257801135,448898,595486
future_peak_0..30,84,1052342,2093,-0.0143297632458576,-0.013364232899654651,18365.669256020978,-33445.48096969323,447014,594048
future_peak_0..30,85,1048721,2094,-0.014451226922591431,-0.013444570348150822,18369.908561866938,-33525.21371135397,445182,592289
future_peak_0..30,86,1044791,2093,-0.014586094345273344,-0.01351216267324986,18362.271816319193,-33601.69191341169,443167,590555
future_peak_0..30,87,1041157,2094,-0.014720316233669187,-0.013581901682635811,18356.885794499543,-33683.04608339781,441173,588878
future_peak_0..30,88,1037463,2092,-0.014837049488392352,-0.013783092956159152,18356.77346440116,-33749.66333777711,439273,587181
future_peak_0..30,89,1033777,2093,-0.0149614752160951,-0.013781952237074489,18350.232973908252,-33817.06193837724,437295,585628
future_peak_0..30,90,1030041,2094,-0.015097083396528476,-0.013890208341621278,18343.96406994043,-33894.57894878412,435319,584071
future_peak_0..30,91,1026276,2094,-0.015230853469594031,-0.014133088361545997,18336.630979942987,-33967.69035530398,433309,582350
future_peak_0..30,92,1022832,2094,-0.015376194562889054,-0.014350181401311625,18322.615421353254,-34049.87925850219,431481,580809
future_peak_0..30,93,1019002,2093,-0.01550536326806188,-0.014287210361931093,18312.840880503216,-34112.837061385035,429661,578968
future_peak_0..30,94,1015177,2093,-0.015656223357923185,-0.014547136727840752,18297.33150573511,-34191.16936556155,427519,577362
future_peak_0..30,95,1011626,2094,-0.01577662683713973,-0.01467946053831673,18288.737764244997,-34248.78366499325,425798,575703
future_peak_0..30,96,1007592,2093,-0.015917878083082718,-0.014896988484726108,18264.90453059308,-34303.6311440826,423640,573706
future_peak_0..30,97,1004104,2093,-0.016049747775116963,-0.015026122439382266,18250.825060685213,-34366.44100067116,422055,571993
future_peak_0..30,98,1000120,2094,-0.01617785442984368,-0.015060155154061517,18235.55668519011,-34415.35245756539,419758,570281
future_peak_0..30,99,996394,2094,-0.016309875004142205,-0.01512471685727446,18214.434538708876,-34465.496133586195,418040,568533
future_peak_0..30,100,993040,2092,-0.01645081553388303,-0.015190837126858533,18198.91567314175,-34535.23353090901,416237,566985
future_peak_0..30,101,989375,2092,-0.016584124122668912,-0.015347156725176817,18178.517525459087,-34586.43532932469,414279,565459
future_peak_0..30,102,985645,2093,-0.01669756792586336,-0.01536920938387767,18158.2017063404,-34616.07604462802,412169,563669
future_peak_0..30,103,981956,2093,-0.016843041967798695,-0.015482467487664612,18130.29027015276,-34669.41638868447,410314,561924
future_peak_0..30,104,978368,2094,-0.01697906782050383,-0.015659144189246,18102.771155149607,-34714.547780560315,408574,560293
future_peak_0..30,105,974829,2094,-0.017104471693226028,-0.015687088585119777,18082.214527690423,-34756.1495639263,406723,558613
future_peak_0..30,106,971033,2094,-0.017240886092562357,-0.015893161823035375,18051.28664748646,-34792.75599260551,404855,556624
future_peak_0..30,107,967210,2094,-0.017381469111440465,-0.01601708095604098,18018.195735587662,-34829.72647486399,402954,555048
future_peak_0..30,108,963829,2094,-0.01752343218912388,-0.016126881740590623,17989.094686955767,-34878.686810366824,401349,553167
future_peak_0..30,109,960108,2094,-0.01763478587119652,-0.016154883909643123,17969.97125965654,-34901.27025287927,399383,551602
future_peak_0..30,110,956442,2094,-0.017768832240660337,-0.016264905335027217,17940.052356624838,-34934.90980254649,397306,550004
future_peak_0..30,111,952723,2093,-0.017911589107629567,-0.01644356567428311,17899.48217552084,-34964.265084908904,395259,548419
future_peak_0..30,112,949099,2093,-0.018047890842658836,-0.016405784390113098,17870.866295198088,-35000.10144607489,393321,546979
future_peak_0..30,113,945660,2092,-0.01816604919338584,-0.016671301017068343,17848.31629740498,-35027.22237762217,391526,545270
future_peak_0..30,114,942054,2093,-0.018297675378425284,-0.016660137633646717,17810.179729637744,-35047.57801058486,389406,543942
future_peak_0..30,115,938249,2094,-0.018436921430005967,-0.016991318903616333,17772.623136311056,-35071.04623109268,387528,541958
future_peak_0..30,116,934737,2094,-0.01855893739747223,-0.01703486865690241,17745.510516010832,-35093.235982111786,385626,540618
future_peak_0..30,117,930813,2093,-0.01868615763249347,-0.017173508695962177,17710.021068173897,-35103.339512548,383614,538559
future_peak_0..30,118,927388,2093,-0.018809546703441846,-0.017150571616531537,17678.450360938463,-35122.198259149955,382086,536897
future_peak_0..30,119,923743,2094,-0.018943328011873165,-0.017264861266296366,17638.35657893153,-35137.12322660335,380209,535102
future_peak_0..30,120,920064,2092,-0.019078669660532104,-0.017328162144569836,17598.617948547064,-35152.215071095045,378145,533566
future_peak_0..30,121,916270,2093,-0.019223305796616654,-0.01752328450307165,17555.023519572063,-35168.761921838035,375854,532095
future_peak_0..30,122,912881,2094,-0.019357514762202647,-0.017724182597331568,17520.09754848748,-35191.20498212179,374290,530280
future_peak_0..30,123,909044,2094,-0.019488261782503614,-0.01774689003238686,17481.95426415696,-35197.641707971256,372526,528226
future_peak_0..30,124,905444,2094,-0.01961054571326798,-0.017858565702649647,17450.82104392451,-35207.07199672874,370962,526207
future_peak_0..30,125,901904,2094,-0.01974398782703199,-0.018032947745901345,17419.582744173636,-35226.764341325026,369173,524826
future_peak_0..30,126,898422,2094,-0.019885554692717893,-0.018081635089747933,17372.28647891216,-35237.90629705312,367358,523234
future_peak_0..30,127,894745,2094,-0.02000062130924061,-0.01825039957340292,17338.7006498173,-35234.15656315377,365529,521382
future_peak_0..30,128,891199,2094,-0.020112473667004718,-0.0182307409033794,17308.33275038144,-35232.54916994246,363831,519560
future_peak_0..30,129,887540,2094,-0.020262442276724347,-0.018681486961863874,17257.664156775685,-35241.39217505967,361891,517967
future_peak_0..30,130,883830,2094,-0.020397272327848354,-0.018706099448986085,17214.286731618733,-35242.00793314104,359899,516273
future_peak_0..30,131,880243,2094,-0.0205490189753723,-0.018854230539824095,17168.908138116007,-35257.03824805465,358000,514659
future_peak_0..30,132,876441,2094,-0.020675571890040885,-0.018839608955826374,17128.39577336788,-35249.31467624724,356157,512807
future_peak_0..30,133,872985,2094,-0.020799047793470603,-0.01894012675713677,17097.28084989778,-35254.53758788077,354325,511301
future_peak_0..30,134,869597,2094,-0.020925405754789177,-0.01916361915841671,17058.617780641547,-35255.287848788925,352734,509531
future_peak_0..30,135,865998,2094,-0.021053824658624928,-0.019182423950915285,17020.39725279517,-35252.96729951504,351075,507691
future_peak_0..30,136,862283,2093,-0.02118368658831801,-0.019258102815412275,16971.09231916524,-35237.42514159991,349125,505976
future_peak_0..30,137,858747,2092,-0.021309941649969164,-0.019488291751453564,16935.65933789862,-35235.50779998473,347523,504008
future_peak_0..30,138,855024,2094,-0.021435192250547186,-0.019446001405341237,16889.838031297655,-35217.44185012947,345554,502312
future_peak_0..30,139,851512,2094,-0.021573992680094717,-0.01973296077730053,16848.461025126882,-35218.97468013957,343779,500702
future_peak_0..30,140,848054,2094,-0.021711884833628792,-0.019729567078204852,16807.007594244835,-35219.858374942974,342217,498881
future_peak_0..30,141,844441,2093,-0.02184382351247224,-0.02017937352526354,16762.190905801133,-35208.01107649669,340852,496568
future_peak_0..30,142,840989,2093,-0.021961412574049634,-0.020203406488751477,16721.454785510425,-35190.76118474792,339231,494736
future_peak_0..30,143,837394,2094,-0.022086594665915987,-0.0203071111278314,16671.917453032365,-35167.099306702316,337467,493033
future_peak_0..30,144,833716,2093,-0.022232705022582996,-0.020425496459643522,16622.726910566966,-35158.488811174706,335519,491315
future_peak_0..30,145,830064,2093,-0.02236911366296861,-0.02034526773280826,16573.654800184537,-35141.450763722925,333672,489556
future_peak_0..30,146,826483,2094,-0.022499928731439117,-0.02054902440357652,16519.480771181486,-35115.289368927515,331987,487822
future_peak_0..30,147,822852,2093,-0.022638936439461823,-0.020693673679916855,16473.870526208582,-35102.36465329272,330147,486023
future_peak_0..30,148,819276,2094,-0.022774074947899025,-0.020823977255657575,16419.138300599883,-35077.39132761488,328634,484036
future_peak_0..30,149,815895,2093,-0.022893090400054605,-0.020835009014494355,16384.267887448026,-35062.62587940045,326875,482419
future_peak_0..30,150,812341,2093,-0.02302905138173115,-0.021083084273807968,16328.326067500162,-35035.76869598704,324907,480865
future_peak_0..30,151,808936,2094,-0.023152002550012787,-0.02131680466371455,16281.610314944755,-35010.098649741885,323401,479116
future_peak_0..30,152,805109,2093,-0.023288607614991807,-0.021291459157704768,16229.917000085648,-34979.78458838403,321607,477152
future_peak_0..30,153,801417,2093,-0.023394178624407416,-0.02143951741349845,16181.155922287246,-34929.64837292399,319880,475218
future_peak_0..30,154,797960,2093,-0.02353198487151623,-0.021359891619756162,16135.736105181666,-34913.31875325683,318383,473243
future_peak_0..30,155,794399,2093,-0.023669317936576593,-0.0215145402306226,16074.30588094959,-34877.18838044798,316832,471397
future_peak_0..30,156,790847,2091,-0.02379708129737442,-0.021757666380262344,16026.34229227767,-34846.19264506225,315194,469420
future_peak_0..30,157,787407,2091,-0.02392861364511855,-0.022024802848426187,15983.231595704778,-34824.78948016662,313630,467664
future_peak_0..30,158,783672,2092,-0.024065572309307084,-0.02186082442711009,15930.116759474133,-34789.63194225354,311792,465929
future_peak_0..30,159,780080,2092,-0.02418813364444563,-0.02198135231732822,15880.690163126481,-34749.36945648563,310147,463983
future_peak_0..30,160,776589,2092,-0.02431556145031672,-0.022098843038286898,15835.160495049844,-34718.35804618988,308666,461951
future_peak_0..30,161,772964,2091,-0.02444072275790148,-0.022314779150771607,15780.150968784023,-34671.949794622655,306940,460009
future_peak_0..30,162,769353,2094,-0.0245961098071027,-0.022531623260678264,15717.81870898206,-34640.90957740586,305288,458208
future_peak_0..30,163,765864,2094,-0.024727194142988983,-0.022671917666278435,15666.182904373727,-34603.85071949985,303768,456351
future_peak_0..30,164,762335,2094,-0.02486900651042774,-0.02266517603658018,15612.8898276651,-34571.40390579204,302169,454249
future_peak_0..30,165,758716,2093,-0.02501048317500639,-0.022817170138104057,15554.105723055205,-34529.95947566328,300759,452210
future_peak_0..30,166,755260,2094,-0.025133907404871123,-0.023013414781422842,15507.945585802952,-34490.58049240603,299207,450312
future_peak_0..30,167,751612,2093,-0.02528600288812287,-0.02340665511186189,15443.631697365166,-34448.89490011303,297295,448550
future_peak_0..30,168,748191,2094,-0.025434738375750516,-0.023246652121997283,15391.356011689102,-34421.398351780226,295777,446870
future_peak_0..30,169,744495,2092,-0.0255725714458241,-0.023449267436917474,15333.684420546875,-34372.335999105744,294347,444587
future_peak_0..30,170,741227,2094,-0.025697829172796144,-0.023670044191694006,15285.325621923386,-34333.25044618744,292749,442851
future_peak_0..30,171,737665,2093,-0.0258424769556278,-0.023739182838908652,15234.004653308471,-34297.0954167817,290933,441124
future_peak_0..30,172,734198,2093,-0.025958848827299756,-0.023795487133010485,15188.38581816317,-34247.32070946912,289406,439245
future_peak_0..30,173,730665,2092,-0.026098484578931803,-0.023927699244949627,15130.705822965407,-34199.95505783059,287776,437403
future_peak_0..30,174,727127,2093,-0.02623640023497215,-0.024019609018658173,15074.207226162081,-34151.40221981669,286056,435657
future_peak_0..30,175,723425,2093,-0.026356880950891948,-0.024082319771425376,15021.817514719814,-34089.044116618825,284389,433731
future_peak_0..30,176,719815,2091,-0.02649786120426372,-0.02428727313063147,14967.00726178297,-34040.56522453002,282894,431582
future_peak_0..30,177,716350,2092,-0.026637421024128423,-0.02431895475530815,14903.941541174589,-33985.65809180892,281333,429876
future_peak_0..30,178,712927,2092,-0.02676229419406751,-0.024404780843503983,14851.191161577317,-33930.75327447121,279478,428105
future_peak_0..30,179,709407,2085,-0.026888574770890843,-0.024578932550279715,14792.918539225962,-33867.861701719274,278107,426041
future_peak_0..30,180,705773,2085,-0.027013653442855983,-0.024571663961204488,14741.142483976537,-33806.64971530138,276485,424051
future_peak_0..30,181,702204,2087,-0.027160189475456033,-0.024684375178764872,14681.610913886854,-33753.60460431005,274521,422455
future_peak_0..30,182,698693,2087,-0.02729137725104012,-0.024797614699964846,14619.219913817049,-33687.514159478094,273235,420307
future_peak_0..30,183,695226,2086,-0.02743554297649189,-0.024878268120057744,14563.86116579822,-33637.76396717289,271812,418336
future_peak_0..30,184,691656,2087,-0.027565682924884385,-0.025043754758289318,14501.843960779257,-33567.81394987326,270261,416466
future_peak_0..30,185,687953,2085,-0.02767740723758778,-0.025125040952479364,14450.802277091308,-33491.55761841164,268567,414396
future_peak_0..30,186,684426,2086,-0.027814673056302166,-0.025314544173703067,14395.52977143482,-33432.61519266749,266885,412577
future_peak_0..30,187,680945,2085,-0.027957466736626576,-0.025345546780195002,14330.759256459209,-33368.25644343139,265452,410707
future_peak_0..30,188,677421,2085,-0.02809805586654074,-0.02549642256488587,14269.875448724142,-33304.08855189208,263785,408844
future_peak_0..30,189,673957,2087,-0.028231652531952287,-0.025614596135252955,14215.087350846,-33242.00719632309,262349,406814
future_peak_0..30,190,670283,2085,-0.028377102066199183,-0.02582139820909382,14148.40629254975,-33169.09539678805,260706,404856
future_peak_0..30,191,666658,2085,-0.028517280271885968,-0.025825698566641807,14085.193474600632,-33096.46650609558,259018,402955
future_peak_0..30,192,663416,2087,-0.02865905711545523,-0.026110304437969484,14025.039284772978,-33037.91632007974,257610,401218
future_peak_0..30,193,659828,2087,-0.028793931299919428,-0.026278647100090674,13964.195968939264,-32963.23807070254,255767,399332
future_peak_0..30,194,656384,2085,-0.028912757737972403,-0.02615954357193428,13912.300883786127,-32890.17245886749,254298,397466
future_peak_0..30,195,652979,2084,-0.029056629845074983,-0.026495552588448858,13855.042984314006,-32828.412083921205,252810,395706
future_peak_0..30,196,649305,2084,-0.0291954445640005,-0.026604491420509663,13790.461158176518,-32747.20929080484,251064,393801
future_peak_0..30,197,645963,2086,-0.029357719645730796,-0.02678404208450525,13721.542485289076,-32685.54314080424,249437,392073
future_peak_0..30,198,642444,2086,-0.02949695576063655,-0.026727634750576667,13666.176219525198,-32616.31846621162,247842,390157
future_peak_0..30,199,638903,2085,-0.02964265348121021,-0.026857379047906367,13599.209772395809,-32537.990009501453,246076,388422
future_peak_0..30,200,635141,2084,-0.029795151298461452,-0.027150287795166643,13535.222306877722,-32459.344497733924,244492,386266
future_peak_0..30,201,631797,2087,-0.029921991337376934,-0.027161405335967163,13480.677942991551,-32385.30230397219,243023,384421
future_peak_0..30,202,628267,2086,-0.030049121418284693,-0.027100841409308876,13420.830017855926,-32299.70138395732,241488,382460
future_peak_0..30,203,624606,2083,-0.03021560980621654,-0.027330982157221014,13352.950678159566,-32225.801856781276,239975,380459
future_peak_0..30,204,621213,2086,-0.030376833371249117,-0.02755762836650067,13283.200841404228,-32153.68463045789,238346,378576
future_peak_0..30,205,617525,2086,-0.030513424404055755,-0.02765496310013372,13220.135578781179,-32062.937983895616,236846,376446
future_peak_0..30,206,614005,2085,-0.030653124339461765,-0.027850186522266417,13157.29618766428,-31978.467797715537,235285,374549
future_peak_0..30,207,610483,2085,-0.03079316305517426,-0.027949577739616,13096.835905066113,-31895.538466478072,233652,372635
future_peak_0..30,208,606914,2086,-0.030919283907389575,-0.028088930967363653,13038.52833162403,-31803.874604993463,232235,370631
future_peak_0..30,209,603396,2079,-0.03108151089737147,-0.028201871169743837,12968.308106885492,-31722.767456315833,230541,368726
future_peak_0..30,210,599898,2080,-0.031223948071844792,-0.0283478320500433,12903.137736585599,-31634.32173698925,229099,366773
future_peak_0..30,211,596452,2080,-0.03134110042463092,-0.028369943111577207,12851.514580414847,-31544.976610886817,227702,364738
future_peak_0..30,212,593007,2080,-0.03149279230846334,-0.028468531980455892,12789.492195625418,-31464.938484090402,226117,362945
future_peak_0..30,213,589495,2078,-0.0316455775897259,-0.028744750380258068,12725.967202564516,-31380.87696381988,224611,360948
future_peak_0..30,214,585863,2079,-0.03182420073789848,-0.028939386795002464,12656.087195417798,-31300.708912325103,222923,359047
future_peak_0..30,215,582351,2078,-0.0319604796253197,-0.02901790095180067,12595.95729246127,-31208.174562745757,221561,356962
future_peak_0..30,216,578792,2078,-0.03209532358173203,-0.02901819580014672,12532.654000213568,-31109.170526731323,219980,355061
future_peak_0..30,217,575512,2080,-0.03225107941280372,-0.02934853993801806,12470.470546654962,-31031.353761676437,218431,353284
future_peak_0..30,218,571892,2078,-0.032405319830497555,-0.029393618644732413,12399.165587848684,-30931.50875635147,216758,351421
future_peak_0..30,219,568377,2078,-0.032533355998124354,-0.029570482927239954,12341.969180513182,-30833.180462659155,215588,349120
future_peak_0..30,220,564986,2079,-0.0326858907226855,-0.029821963343286156,12272.716663247613,-30739.78731909467,213988,347458
future_peak_0..30,221,561442,2076,-0.032824651719535226,-0.02960478598666055,12209.573618935829,-30638.711729655115,212582,345328
future_peak_0..30,222,557975,2080,-0.03298650149320663,-0.03007247304899245,12144.966582725612,-30550.60975339754,211153,343291
future_peak_0..30,223,554529,2078,-0.03315417570972614,-0.030123350518125713,12077.589524692774,-30462.541426831518,209641,341412
future_peak_0..30,224,551150,2078,-0.03331042461733459,-0.030477046733017963,12008.366105423513,-30367.40663326754,208104,339568
future_peak_0..30,225,547625,2078,-0.033449895534886996,-0.03047250112809262,11950.677901689973,-30268.676943982424,206625,337563
future_peak_0..30,226,544097,2078,-0.03358529604762579,-0.0308250208173263,11886.872001778716,-30160.530825403825,205296,335342
future_peak_0..30,227,540500,2077,-0.033760027408361294,-0.03072875845261993,11815.536004217689,-30062.83081843701,203614,333425
future_peak_0..30,228,536977,2077,-0.033921867837721095,-0.03098779363653706,11747.51568915001,-29962.77851504604,202084,331529
future_peak_0..30,229,533621,2079,-0.0340686239901731,-0.030913505371865588,11683.711015434348,-29863.444217694494,200497,329728
future_peak_0..30,230,530124,2079,-0.034235044766683945,-0.030948414149886475,11616.262296352024,-29765.08116824581,198950,327765
future_peak_0..30,231,526728,2077,-0.03437230481394984,-0.03115425363590224,11552.285924415872,-29657.141294458026,197629,325842
future_peak_0..30,232,523263,2077,-0.03454139002546706,-0.03134414224878141,11481.788303138888,-29556.01967203489,196099,323880
future_peak_0..30,233,519674,2079,-0.034676303468827725,-0.031547812361948174,11417.14629276062,-29437.51962162028,194618,321839
future_peak_0..30,234,516269,2076,-0.03484922294509152,-0.031643921041522735,11344.799946468513,-29336.373427107974,193201,319820
future_peak_0..30,235,512840,2078,-0.03498258598008774,-0.031902507403319944,11281.927680464387,-29222.397074492706,191580,318068
future_peak_0..30,236,509198,2079,-0.035134818324968065,-0.03204366938727006,11210.03868013769,-29100.617901574853,190242,315769
future_peak_0..30,237,505504,2079,-0.035307786023836746,-0.03218781294470246,11134.09642003059,-28982.323486224126,188758,313713
future_peak_0..30,238,502084,2078,-0.035458964177172723,-0.0323103602526099,11070.201475865404,-28873.580045797105,187258,311804
future_peak_0..30,239,498624,2077,-0.03562615046682721,-0.03223687515488832,11000.955626555147,-28765.009276926423,185912,309721
future_peak_0..30,240,495018,2077,-0.035802201981961025,-0.03257772098104779,10923.589888380864,-28646.324309087275,184320,307757
future_peak_0..30,241,491595,2078,-0.035963496926245966,-0.03285371030592875,10851.342827040977,-28530.818098498883,182991,305661
future_peak_0..30,242,488144,2076,-0.036133822848418845,-0.03302687140023502,10783.46746480909,-28421.976285327728,181606,303596
future_peak_0..30,243,484478,2078,-0.03630526593322087,-0.03319610482125937,10705.73552820496,-28294.838156999933,180029,301529
future_peak_0..30,244,480943,2077,-0.036470724744175925,-0.03306211202057955,10632.208686941365,-28172.54845757949,178618,299478
future_peak_0..30,245,477461,2077,-0.03665059446966919,-0.03321018273750008,10560.722256338093,-28059.951742420817,177183,297437
future_peak_0..30,246,473929,2076,-0.03684350258540152,-0.03352231336050321,10487.812358277237,-27949.01669507404,175602,295527
future_peak_0..30,247,470577,2077,-0.037009973453264684,-0.03373504906314913,10420.19922220262,-27836.241499919583,174248,293482
future_peak_0..30,248,467006,2079,-0.037185166007707035,-0.033940950147939505,10343.61406116945,-27709.309697764627,172658,291586
future_peak_0..30,249,463534,2078,-0.0373533449555091,-0.03407436615162709,10272.858296333969,-27587.403696940804,171285,289553
future_peak_0..30,250,459936,2077,-0.037541275897969066,-0.03418632727921925,10196.263432341673,-27462.84770374997,169855,287417
future_peak_0..30,251,456467,2076,-0.03769638756929109,-0.034260969623791146,10122.080398999587,-27329.23734359122,168421,285325
future_peak_0..30,252,452881,2078,-0.0378656792735787,-0.03462211913787794,10051.270032654236,-27199.916727751817,166899,283259
future_peak_0..30,253,449503,2079,-0.03806695388204289,-0.03483551895734943,9969.471761199438,-27080.681732039273,165574,281269
future_peak_0..30,254,445973,2076,-0.03824060261495546,-0.035127531399378686,9895.428352490424,-26949.704622490004,164164,279201
future_peak_0..30,255,442569,2078,-0.03843745229832628,-0.0352831958432062,9822.083355804336,-26833.308182022363,162712,277306
future_peak_0..30,256,438995,2076,-0.03858497022159131,-0.035341038303380874,9750.079897660598,-26688.68890008809,161249,275148
future_peak_0..30,257,435382,2078,-0.03878315325044397,-0.0355928782505008,9673.26790733602,-26558.75473582083,159708,273142
future_peak_0..30,258,431956,2077,-0.03897337993554448,-0.035530788324845214,9598.367493272419,-26433.152796710314,158136,271262
future_peak_0..30,259,428407,2080,-0.03912684310488744,-0.03570402969400531,9523.661414632494,-26285.87488866804,156824,269105
future_peak_0..30,260,424846,2077,-0.03932637998523304,-0.03617975142453569,9444.94934189451,-26152.604573100747,155251,267111
future_peak_0..30,261,421280,2076,-0.03950909661356253,-0.035842469795341905,9366.01473382149,-26010.406955183098,153934,264967
future_peak_0..30,262,417864,2078,-0.03971764285295777,-0.03640912453093055,9284.161418516751,-25880.7345316251,152454,263030
future_peak_0..30,263,414366,2079,-0.03989778104124527,-0.03658969993613074,9204.885985981826,-25737.16992491834,151021,260930
future_peak_0..30,264,410847,2078,-0.0400904024957868,-0.03706769917716793,9127.033976745519,-25598.055570931945,149550,258926
future_peak_0..30,265,407241,2079,-0.040260063171689134,-0.03699067051022848,9052.515775892158,-25448.064161993974,148136,256782
future_peak_0..30,266,403707,2077,-0.040465458689631514,-0.036824633821426665,8972.503244218271,-25308.69217543336,146639,254771
future_peak_0..30,267,400173,2077,-0.040652030923865476,-0.037148465995379965,8894.276848385023,-25162.122019280985,145144,252782
future_peak_0..30,268,396637,2078,-0.04084814617941891,-0.03764469196056036,8820.389578312837,-25022.275734479026,143763,250632
future_peak_0..30,269,393087,2078,-0.04106549526835806,-0.03787710031545593,8740.232009366538,-24882.544347919742,142247,248686
future_peak_0..30,270,389742,2079,-0.041242118471055175,-0.038067579427630754,8669.297761054293,-24743.08349820022,140906,246657
future_peak_0..30,271,386118,2078,-0.041465483569633095,-0.03831964630724897,8583.718467455543,-24594.288052394993,139247,244675
future_peak_0..30,272,382532,2079,-0.04167529231718535,-0.03848511569238852,8503.642580930482,-24445.775501608037,137678,242576
future_peak_0..30,273,378906,2077,-0.04188137878161693,-0.03875344180173176,8422.55203690954,-24291.657745536897,136334,240476
future_peak_0..30,274,375366,2076,-0.04205369298490877,-0.038725630030406896,8351.280298223457,-24136.80681919671,134893,238371
future_peak_0..30,275,371781,2078,-0.042277932813826045,-0.03906154944964342,8264.543795417867,-23982.67593487494,133362,236392
future_peak_0..30,276,368270,2080,-0.04245357103317393,-0.03918402477253428,8188.993165681472,-23823.36977006841,131825,234377
future_peak_0..30,277,364520,2078,-0.04269810338421876,-0.03937085947562578,8100.017704186339,-23664.330349801723,130370,232184
future_peak_0..30,278,361143,2077,-0.04287134436959443,-0.03971743779675537,8027.976379153416,-23510.662298821804,128881,230318
future_peak_0..30,279,357529,2078,-0.043110710800232994,-0.039955236744086235,7941.386197918942,-23354.7155196154,127454,228111
future_peak_0..30,280,354010,2077,-0.04329610790470089,-0.040100061387037034,7864.0466335791525,-23191.30179292224,126002,226028
future_peak_0..30,281,350412,2078,-0.043491483592764286,-0.04012523894224063,7782.82935778264,-23022.767106490395,124669,223880
future_peak_0..30,282,346899,2075,-0.04371739195555102,-0.04044380920458825,7705.592076439595,-22871.1116284283,123319,221751
future_peak_0..30,283,343293,2076,-0.04398344215127916,-0.04057810431908973,7616.044176697602,-22715.251983136564,121755,219679
future_peak_0..30,284,339864,2079,-0.04415555569093458,-0.040909658793834826,7543.076522019046,-22549.960301362862,120328,217737
future_peak_0..30,285,336277,2079,-0.04438438049307796,-0.04115860766329319,7458.254681942932,-22383.70100101367,118820,215629
future_peak_0..30,286,332511,2079,-0.044607576633969186,-0.04122102852819911,7371.511317503869,-22204.02123164157,117286,213413
future_peak_0..30,287,329006,2079,-0.04483292982419967,-0.04185894829093401,7290.052381929853,-22040.35529167047,115942,211245
future_peak_0..30,288,325358,2076,-0.0450800045538395,-0.04167698568039527,7204.586816070812,-21871.726937698975,114560,209051
future_peak_0..30,289,321830,2077,-0.045288194092977636,-0.04171518759747171,7126.435133559974,-21701.534638502948,113158,206940
future_peak_0..30,290,318285,2076,-0.04554901792147437,-0.04237075498459181,7039.766267830468,-21537.335436967005,111756,204837
future_peak_0..30,291,314743,2078,-0.0457559585035497,-0.04240794375509227,6963.202164985361,-21364.569812267997,110375,202670
future_peak_0..30,292,311192,2078,-0.045975647118712194,-0.04252660041412872,6881.980649559547,-21189.234227725836,108975,200601
future_peak_0..30,293,307616,2077,-0.046203556779744366,-0.04284359127264779,6799.4916394141965,-21012.444961772027,107587,198460
future_peak_0..30,294,303947,2077,-0.04645103033865494,-0.04332949388158215,6714.076109975884,-20832.727428319064,106092,196257
future_peak_0..30,295,300398,2078,-0.04666223001520594,-0.04352386362700278,6634.738139455743,-20651.97871156353,104656,194092
future_peak_0..30,296,296855,2078,-0.04690327620652978,-0.04370804882680184,6549.836456660603,-20473.308514950048,103280,192032
future_peak_0..30,297,293203,2079,-0.04713699519722496,-0.04380414269775845,6466.6222622475725,-20287.330665059555,101903,189757
future_peak_0..30,298,289633,2078,-0.047353213432466484,-0.04397198608306946,6382.592278602246,-20097.645544687883,100597,187533
future_peak_0..30,299,285966,2076,-0.047596328502677455,-0.04449181061380242,6297.978552474044,-19908.910229070774,99111,185372
future_peak_0..30,300,282302,2076,-0.04784689835625086,-0.04477993804089509,6210.435803195043,-19717.710902961302,97839,182998
future_peak_0..30,301,278614,2078,-0.0480555794291699,-0.04497473107517543,6128.784624351747,-19517.741831430554,96306,180799
future_peak_0..30,302,275045,2077,-0.04833914262772086,-0.04525828452698755,6038.9220927820725,-19334.361576823518,94874,178760
future_peak_0..30,303,271483,2076,-0.04860403941667208,-0.04539992618339464,5955.947750017148,-19151.11818297354,93455,176586
future_peak_0..30,304,267863,2077,-0.048843147866423346,-0.04573219222527563,5869.082437712471,-18952.35455465622,92235,174227
future_peak_0..30,305,264207,2077,-0.0491875745793403,-0.04600940016400022,5774.713198846362,-18770.41471573012,90714,172099
future_peak_0..30,306,260608,2077,-0.04942509161021909,-0.046284175114274136,5694.68428603661,-18575.258560392544,89392,169880
future_peak_0..30,307,256980,2076,-0.049679457903429085,-0.046648718323024356,5603.734271630284,-18370.361363653516,88104,167516
future_peak_0..30,308,253264,2077,-0.04997461853675822,-0.04699259604128299,5514.151267195654,-18170.923056289237,86617,165258
future_peak_0..30,309,249731,2079,-0.05025079853987015,-0.04737723789650242,5429.641573689901,-17978.82374385025,85209,163268
future_peak_0..30,310,246028,2076,-0.050511622809909465,-0.04745213481877047,5342.942227528927,-17770.21576420533,83747,161000
future_peak_0..30,311,242492,2076,-0.050771929998461744,-0.047771784262964585,5259.869178740713,-17571.656027927733,82334,158924
future_peak_0..30,312,238742,2077,-0.05106312498327888,-0.04809540479710433,5171.807129846606,-17362.719714604547,80904,156592
future_peak_0..30,313,235133,2076,-0.05131811133266587,-0.04856450953392037,5093.398350972206,-17159.97982295598,79610,154287
future_peak_0..30,314,231473,2078,-0.05157148504132031,-0.04880600355053509,5013.819705380625,-16951.226062350146,78260,152047
future_peak_0..30,315,227831,2078,-0.05188839520986056,-0.049120493553778954,4923.649667048137,-16745.434636105907,76891,149773
future_peak_0..30,316,224147,2076,-0.05216462400698149,-0.04938482373576306,4842.949343099279,-16535.493320392212,75505,147492
future_peak_0..30,317,220440,2076,-0.0524733059965416,-0.04963208825066303,4760.0404522750605,-16327.256026152747,74098,145193
future_peak_0..30,318,216825,2077,-0.0528051555734968,-0.0500228395786879,4675.46535536119,-16124.943212584692,72786,142925
future_peak_0..30,319,213100,2077,-0.053144452688559475,-0.05049754502084732,4589.566536491443,-15914.649404423442,71264,140714
future_peak_0..30,320,209455,2075,-0.05340930716054542,-0.05080163755458847,4510.653086432114,-15697.499517744158,70006,138401
future_peak_0..30,321,205743,2078,-0.05374974079243243,-0.05145793644771151,4422.183998175373,-15480.816918032771,68648,136089
future_peak_0..30,322,202078,2077,-0.05408267855034452,-0.05178227990529613,4337.234892538552,-15266.154408635059,67217,133809
future_peak_0..30,323,198406,2078,-0.05435311761022181,-0.05190572806839062,4255.960934860252,-15039.945587433916,65908,131456
future_peak_0..30,324,194739,2078,-0.05465102520219646,-0.0525518729940234,4173.360169817878,-14816.04616666844,64605,129164
future_peak_0..30,325,191002,2078,-0.0549582204129839,-0.05286419879443333,4088.8994744729257,-14586.02948979364,63298,126777
future_peak_0..30,326,187302,2077,-0.055214728260652435,-0.05317289174031872,4009.5524751729554,-14351.381507849732,61904,124406
future_peak_0..30,327,183511,2078,-0.05559374957663545,-0.05342371396233903,3917.2282488126816,-14119.292827370651,60589,122049
future_peak_0..30,328,179820,2078,-0.05596271326307444,-0.05397981285759082,3829.745790683962,-13892.960889649994,59103,119776
future_peak_0..30,329,176055,2077,-0.05628932673425142,-0.05432159767003155,3745.6762538321263,-13655.69367203078,57792,117345
future_peak_0..30,330,172355,2078,-0.05659234640928104,-0.054522024616164254,3664.4404432449314,-13418.414308616546,56484,115029
future_peak_0..30,331,168543,2076,-0.05702062021315324,-0.05524662983632323,3568.6078398409745,-13179.03423242642,54965,112717
future_peak_0..30,332,164794,2076,-0.05736788386577563,-0.055552819320999654,3482.2647280017277,-12936.147781778405,53583,110380
future_peak_0..30,333,161043,2077,-0.057790856879553834,-0.0563424146596625,3389.851967557507,-12696.664932011507,52291,107914
future_peak_0..30,334,157248,2077,-0.058087891058043926,-0.056361347434556716,3306.4149674922237,-12440.619660587547,50898,105528
future_peak_0..30,335,153498,2077,-0.05845170417362139,-0.05678027137561961,3217.850840090642,-12190.07052733318,49561,103151
future_peak_0..30,336,149707,2080,-0.058827896771557635,-0.05746480401954867,3130.296015790472,-11937.243957770052,48246,100701
future_peak_0..30,337,145903,2079,-0.05922456531107387,-0.057890289031849534,3045.410813207959,-11686.452565789556,46903,98276
future_peak_0..30,338,142224,2078,-0.0595941746256586,-0.058219295329269095,2963.05192095331,-11438.77381291301,45693,95878
future_peak_0..30,339,138392,2077,-0.05999722210053996,-0.05891769290386538,2876.999728941603,-11180.135289879518,44285,93468
future_peak_0..30,340,134608,2077,-0.060441698604662496,-0.059414436363464614,2790.3918961518543,-10926.328061928289,42951,91030
future_peak_0..30,341,130791,2079,-0.06082231104859971,-0.059852754960241575,2707.9784289808335,-10662.989313338196,41653,88506
future_peak_0..30,342,127011,2079,-0.06124480841591459,-0.06043462489889476,2624.926497434632,-10403.69085914838,40273,86113
future_peak_0..30,343,123278,2076,-0.06162991162807299,-0.06100293814504979,2541.930783737774,-10139.54302942334,39051,83618
future_peak_0..30,344,119383,2079,-0.06213305399004049,-0.06154367578441918,2447.8231579919016,-9865.453542484907,37668,81143
future_peak_0..30,345,115457,2077,-0.06264179049100674,-0.06160343926625557,2360.427653070765,-9592.860857790933,36326,78586
future_peak_0..30,346,111658,2075,-0.06305588902519699,-0.06226760677910135,2277.500103142635,-9318.194559918082,34953,76150
future_peak_0..30,347,107868,2077,-0.06351648691301402,-0.06303559030204336,2194.8535570469908,-9046.249967380016,33727,73607
future_peak_0..30,348,103955,2076,-0.0640393068278249,-0.06404204872309031,2106.0877375969435,-8763.293878883449,32346,71087
future_peak_0..30,349,100092,2075,-0.0644621384667381,-0.06477117178211042,2020.5977588782005,-8472.742122290956,31063,68542
future_peak_0..30,350,96142,2076,-0.06491650602185924,-0.06506134080238989,1937.1537689504287,-8178.356490904034,29714,65954
future_peak_0..30,351,92236,2077,-0.06549795010813865,-0.06586646748807287,1847.373255013672,-7888.64218118795,28436,63355
future_peak_0..30,352,88399,2075,-0.06603136774394507,-0.06656300136282238,1759.6923832694335,-7596.799260466426,27154,60804
future_peak_0..30,353,84446,2075,-0.06655077304872105,-0.06712942243810983,1673.8063822217814,-7293.752963094067,25887,58153
future_peak_0..30,354,80533,2073,-0.06711105067649496,-0.06806547427097423,1590.1333299836563,-6994.787574113833,24623,55502
future_peak_0..30,355,76626,2068,-0.06767882328445586,-0.06785596746117557,1505.6511163276766,-6691.608629322396,23293,52977
future_peak_0..30,356,72675,2063,-0.06819995679369106,-0.06760643535119705,1422.1368848089378,-6378.568744790453,22024,50325
future_peak_0..30,357,68783,2050,-0.06872797758783049,-0.06821225087566996,1340.8439631943297,-6068.160445618079,20724,47725
future_peak_0..30,358,64874,2041,-0.06930656791312902,-0.06916174986510537,1256.960037132217,-5753.154323928535,19524,45036
future_peak_0..30,359,60854,1042,-0.06984826975510709,-0.06894244929107782,1174.565535368195,-5425.112143045482,18221,42336
future_peak_0..30,360,58838,1041,-0.07040313460891905,-0.06961022992774896,1130.668561918871,-5273.048196038456,17568,40997
future_peak_0..30,361,56886,1041,-0.07080272294408257,-0.07003193226282578,1094.906523142563,-5122.590220539642,16908,39704
future_peak_0..30,362,54945,1042,-0.07132957210792101,-0.0708597277732395,1053.729492700247,-4972.932832169971,16309,38358
future_peak_0..30,363,52957,1042,-0.0717811199104345,-0.07108586807679101,1015.997063596375,-4817.309830693258,15682,37012
future_peak_0..30,364,50963,1042,-0.07231516353611785,-0.07153682837783804,976.9363413151096,-4662.334020606285,15030,35687
future_peak_0..30,365,49043,1042,-0.07270678141181082,-0.0724795993198987,940.857322722124,-4506.616003501571,14496,34299
future_peak_0..30,366,47025,1042,-0.07334228586457049,-0.07291942959737252,899.2052080432954,-4348.126200824727,13850,32930
future_peak_0..30,367,44986,1041,-0.07404011025663663,-0.07438944977066622,855.8210331571568,-4186.58943316221,13206,31558
future_peak_0..30,368,43040,1042,-0.07439046050629324,-0.07538157138062486,817.8918815908562,-4019.6573017817145,12630,30206
future_peak_0..30,369,41015,1041,-0.07498160493222793,-0.07626707061879127,779.1058950534463,-3854.476421348784,11998,28825
future_peak_0..30,370,39032,1042,-0.0754222814550843,-0.0762182180513559,743.3563913889021,-3687.2388811437504,11321,27518
future_peak_0..30,371,37032,1042,-0.07603131431448329,-0.07747360205915063,702.2566653606582,-3517.8482970545983,10716,26116
future_peak_0..30,372,35058,1041,-0.07667806613676331,-0.07823300444350187,662.4072133827765,-3350.5868560054223,10108,24790
future_peak_0..30,373,33056,1042,-0.07725106412941056,-0.07867234817004576,622.9931332668111,-3176.6043091286124,9442,23446
future_peak_0..30,374,31047,1042,-0.0779051153550166,-0.08045031104134269,583.8839562428697,-3002.6040726700744,8840,22044
future_peak_0..30,375,29031,1042,-0.07873319174487506,-0.08171384078352448,541.9287610212394,-2827.632050566712,8232,20629
future_peak_0..30,376,27064,1041,-0.07932674644422122,-0.08188576940881515,503.9465521702814,-2650.8456179366826,7637,19296
future_peak_0..30,377,25061,1041,-0.08007689382381426,-0.0834649716201537,465.6068360756398,-2472.41387219425,7039,17882
future_peak_0..30,378,23062,1040,-0.08067828175916385,-0.08453186826420184,427.0612895047016,-2287.6638234345323,6468,16465
future_peak_0..30,379,21030,1042,-0.08151935750253299,-0.08596493213475703,386.2409244981946,-2100.5930127764655,5871,15037
future_peak_0..30,380,18996,1042,-0.08241991206450888,-0.08627900140238881,348.8280367589201,-1914.4766863363293,5273,13607
future_peak_0..30,381,16951,1041,-0.08356646603630356,-0.08741096772370299,309.0143834147949,-1725.5495491961767,4679,12174
future_peak_0..30,382,14943,1040,-0.08434107645047433,-0.08859759398429429,271.88788493549407,-1532.1965903349296,4095,10766
future_peak_0..30,383,12894,1042,-0.08549897792187992,-0.09002440962745753,234.02285851958848,-1336.446679844308,3515,9312
future_peak_0..30,384,10848,1042,-0.08630853839025983,-0.09088374095675833,197.92648602051105,-1134.2015104780485,2957,7833
future_peak_0..30,385,8758,1040,-0.08741997968788144,-0.08973760391609975,161.6416432517671,-927.2658253582338,2363,6364
future_peak_0..30,386,6649,1040,-0.0898663308019862,-0.09078771969645379,120.91750371793444,-718.4387372203413,1768,4844
future_peak_0..30,387,4533,1041,-0.09218587736374066,-0.09253330309452151,81.84624729536577,-499.72482938520227,1194,3320
future_peak_0..30,388,2329,1036,-0.09467425275609198,-0.09623614753125674,41.729339424165076,-262.22567409310335,597,1718
future_peak_30..100,0,293744,743,0.0,0.0,0.0,0.0,0,0
future_peak_30..100,1,284522,743,0.00038512697964139905,0.00042209093247866635,1781.4082708771405,-1671.8311723756103,136050,137031
future_peak_30..100,2,282035,743,0.0006243031521302771,0.0006403494091455347,2453.2138221506953,-2277.1384826396293,135722,138710
future_peak_30..100,3,279989,743,0.0007954624167633433,0.0008193750363500364,2933.368029302158,-2710.6473026950116,135217,138572
future_peak_30..100,4,278154,743,0.0009610917330203582,0.0009557223163608233,3339.1835443115206,-3071.852034404977,134365,138404
future_peak_30..100,5,277616,743,0.0011260244945280997,0.0011087217411837025,3730.894118585725,-3418.291702512809,134213,138796
future_peak_30..100,6,276960,743,0.0013746821275331929,0.001367284540309126,4114.950815365323,-3734.2188533237286,134049,138784
future_peak_30..100,7,276082,743,0.0016095554697564075,0.001641326374307006,4449.940477460238,-4005.5711842589503,133867,138374
future_peak_30..100,8,275134,743,0.0018038683087500903,0.0017833350388401815,4749.7082388693725,-4253.402735609731,133684,138048
future_peak_30..100,9,274137,743,0.0019803875126845087,0.0019486472232040253,5022.632081742284,-4479.7345901775,133155,137710
future_peak_30..100,10,273369,743,0.0021547456247053777,0.002114396296838304,5293.8656158104595,-4704.824959130382,132848,137451
future_peak_30..100,11,272830,743,0.00237790729768204,0.002295712464515986,5564.438901874052,-4915.674453847465,132599,137299
future_peak_30..100,12,272037,743,0.002611496884068174,0.002506397772664487,5813.731123577577,-5103.307345726328,132253,136960
future_peak_30..100,13,271217,743,0.0027790180507967894,0.0026762734687205336,6033.452272567667,-5279.735333884714,131868,136647
future_peak_30..100,14,270386,743,0.0029433560969588973,0.0028267885284916213,6241.797686484521,-5445.955404852189,131490,136279
future_peak_30..100,15,269540,743,0.0030965584061669283,0.0030299520892714754,6439.4290954513945,-5604.78274265317,131097,135996
future_peak_30..100,16,268808,743,0.0032566660544139535,0.0031658357111339886,6640.078429004186,-5764.660540249273,130839,135643
future_peak_30..100,17,268106,743,0.0034191416267168604,0.0033360862649830718,6828.804676186944,-5912.112291214402,130252,135497
future_peak_30..100,18,267314,743,0.0035641373818717666,0.003460636888164626,7005.277464806219,-6052.533644708556,130132,134886
future_peak_30..100,19,266562,743,0.003689829730219642,0.00354141754778528,7175.025154459023,-6191.456761912212,129719,134724
future_peak_30..100,20,265762,743,0.0038089695842827118,0.0036697699783521803,7338.668751125122,-6326.389376466979,129207,134412
future_peak_30..100,21,265091,743,0.00392701608937104,0.003793835688657583,7499.6332731107605,-6458.6166509633,129014,134057
future_peak_30..100,22,264261,743,0.004073473516294471,0.003996235899184656,7657.623977445375,-6581.163792555879,128640,133605
future_peak_30..100,23,263435,743,0.004194133314156693,0.004106673514131963,7796.286547536454,-6691.4050379215905,128294,133172
future_peak_30..100,24,262627,743,0.004326601220130126,0.004264088917521748,7936.274435169689,-6799.9921365305745,127725,133018
future_peak_30..100,25,261842,743,0.004452829406370521,0.004375000169203893,8070.069111134121,-6904.131353711246,127464,132539
future_peak_30..100,26,261033,743,0.004555624890934894,0.004459243550104926,8200.476590869062,-7011.308158713665,126909,132376
future_peak_30..100,27,260372,743,0.004643781061378414,0.0044504128948984764,8329.732863244979,-7120.62230073176,126498,132071
future_peak_30..100,28,259594,743,0.004811473895332616,0.004714062642608229,8463.796120028703,-7214.766365643731,126209,131697
future_peak_30..100,29,258834,743,0.004922166541597466,0.004807730477159239,8583.3089787997,-7309.284924171854,125951,131196
future_peak_30..100,30,258080,743,0.005053929712259688,0.005061307434120946,8701.75807059076,-7397.439890450782,125574,130925
future_peak_30..100,31,257246,743,0.005186672425484704,0.005213483953870489,8816.79427536985,-7482.543540603623,125080,130552
future_peak_30..100,32,256575,743,0.0052645878494693285,0.005276585374096223,8930.41820807871,-7579.656580601116,124924,130091
future_peak_30..100,33,255772,743,0.005407323818927135,0.005477064648239417,9041.75606447248,-7658.714036657859,124412,129724
future_peak_30..100,34,254971,743,0.005463438006374405,0.005470512124078324,9137.390049774176,-7744.371797850896,124112,129353
future_peak_30..100,35,254217,743,0.005616105279593056,0.005608968394874286,9246.886438154996,-7819.177002292688,123876,128873
future_peak_30..100,36,253492,743,0.005709632755669257,0.005738502566994884,9348.676258960186,-7901.330032460033,123367,128688
future_peak_30..100,37,252683,743,0.0058026431506321375,0.00582562297654499,9447.572211213854,-7981.342931982672,123023,128240
future_peak_30..100,38,252043,743,0.00589261306384745,0.005883694367997819,9546.715660372125,-8061.52378592081,122535,128111
future_peak_30..100,39,251206,743,0.005976294670573035,0.006037963011341158,9637.484936711851,-8136.203857695878,122075,127681
future_peak_30..100,40,250475,743,0.006051889552673649,0.006041738396890713,9725.746296456118,-8209.899260750182,121726,127375
future_peak_30..100,41,249663,743,0.006118910252889365,0.00609292947968225,9805.624967453266,-8277.959476986138,121086,127160
future_peak_30..100,42,248917,743,0.006220598140319395,0.006255175729412529,9893.405238051846,-8344.992610757958,120832,126775
future_peak_30..100,43,248152,743,0.006298324026382482,0.006381911711602602,9970.529575540142,-8407.587871745269,120513,126342
future_peak_30..100,44,247321,743,0.006391237317627555,0.006448135501859376,10049.29019001778,-8468.602985384803,120042,125983
future_peak_30..100,45,246558,743,0.006457487201926944,0.006457040770700599,10125.000716220084,-8532.855586687367,119764,125545
future_peak_30..100,46,245806,743,0.0065160600223933465,0.006438584328549547,10197.851599894702,-8596.164950030296,119290,125224
future_peak_30..100,47,245009,743,0.006613289967290327,0.0065207079571897785,10270.058454066531,-8649.7428924707,119030,124748
future_peak_30..100,48,244347,743,0.006731391796755111,0.00663861190129606,10346.314470543648,-8701.51907918193,118797,124366
future_peak_30..100,49,243492,743,0.006838570143953988,0.006743539691075426,10411.120660182467,-8745.983538690809,118231,124026
future_peak_30..100,50,242714,743,0.006925019418405901,0.00687341278110876,10475.52034099241,-8794.721177873424,117837,123673
future_peak_30..100,51,242033,743,0.006986747432842654,0.006915594311920527,10542.486424426344,-8851.462983013125,117441,123418
future_peak_30..100,52,241258,743,0.007086730023091869,0.007015292826407478,10608.712091785334,-8898.981779874233,117015,123120
future_peak_30..100,53,240528,743,0.007170399539397417,0.007077871676373739,10670.32328653264,-8945.641426120463,116639,122742
future_peak_30..100,54,239664,743,0.007257737736948023,0.007128477640442381,10728.370539584701,-8988.952082596794,116176,122327
future_peak_30..100,55,238915,743,0.007338319750578377,0.007258275779023885,10783.192074693678,-9029.957411484247,115857,121874
future_peak_30..100,56,238209,743,0.0074154751775233835,0.0074474095520786,10839.00427628272,-9072.57134972005,115523,121573
future_peak_30..100,57,237431,743,0.007511342861780822,0.007482669558383924,10895.463437905779,-9112.037790890285,115150,121149
future_peak_30..100,58,236723,743,0.007576513126097769,0.007617792596705278,10948.338298287415,-9154.803381538184,114730,120906
future_peak_30..100,59,235974,743,0.00763936641057111,0.007629540448444439,10998.701436039859,-9196.009586671757,114368,120522
future_peak_30..100,60,235263,743,0.0077093123632423054,0.007702674861049514,11047.02586170745,-9233.309907194,114140,120081
future_peak_30..100,61,234520,743,0.00775235577160898,0.0076868825087348484,11089.092901985907,-9271.010426428176,113862,119558
future_peak_30..100,62,233677,743,0.007845739252974503,0.00786122446108441,11136.371033352298,-9303.00222193498,113508,119151
future_peak_30..100,63,232852,743,0.007941881823229956,0.00798469309347474,11186.00264436023,-9336.719578057486,113176,118707
future_peak_30..100,64,232064,743,0.008010946101826538,0.007995019903170811,11237.05422387135,-9378.002027697063,112670,118330
future_peak_30..100,65,231296,743,0.008066410932344984,0.008171311517073331,11284.389146307518,-9418.660563299858,112332,117913
future_peak_30..100,66,230528,743,0.008138679511174557,0.008269123329579343,11332.708501744692,-9456.514991392627,111992,117527
future_peak_30..100,67,229798,743,0.008207900195970692,0.008302230687034753,11377.444526655316,-9491.28547742165,111642,117172
future_peak_30..100,68,228981,743,0.00831505100280253,0.008552694673592882,11420.659476355026,-9516.670782682299,111404,116600
future_peak_30..100,69,228178,743,0.008392789322622144,0.008614612279199803,11462.64269665877,-9547.592814601478,111048,116147
future_peak_30..100,70,227446,743,0.008471050692415957,0.008713862368986674,11502.054824509903,-9575.348228722652,110664,115824
future_peak_30..100,71,226658,743,0.008522611563137638,0.008756036770982828,11535.765033684176,-9604.046942006515,110192,115507
future_peak_30..100,72,225864,743,0.008579390055521349,0.0087042782781929,11573.629880383047,-9635.854524882765,109991,114911
future_peak_30..100,73,225120,743,0.008626112012044957,0.008662343547509867,11608.119314358448,-9666.208978206856,109654,114545
future_peak_30..100,74,224378,743,0.00870712768018859,0.008875906870940878,11649.097980482342,-9695.410085856956,109288,114230
future_peak_30..100,75,223640,743,0.0087707080783627,0.008889017639414746,11683.482940789383,-9722.001786144347,108960,113832
future_peak_30..100,76,222889,743,0.008869691843959058,0.009107873436624756,11723.012991110909,-9746.05624570273,108574,113442
future_peak_30..100,77,222072,743,0.008920527451184686,0.009152334372312498,11753.892875625934,-9772.893503486464,108262,112922
future_peak_30..100,78,221330,743,0.008974596415638324,0.009278947672934053,11788.547920874445,-9802.20049620122,107957,112509
future_peak_30..100,79,220532,743,0.009048451726913757,0.009385270967219467,11820.789841305848,-9825.316685066104,107505,112203
future_peak_30..100,80,219708,743,0.009102734480278412,0.009530939396347868,11846.546319196106,-9846.602732003093,107195,111704
future_peak_30..100,81,218996,743,0.00917285643339759,0.009570640299641874,11879.241427751189,-9870.422560262861,106844,111346
future_peak_30..100,82,218259,743,0.009247363007989128,0.009766913451547236,11913.759224793814,-9895.439022033122,106554,110921
future_peak_30..100,83,217470,743,0.009330108848068763,0.009799179845583166,11941.983833848382,-9912.965062658885,106278,110414
future_peak_30..100,84,216713,743,0.009413177721902933,0.009729712372681413,11974.70933324685,-9934.751349600108,105990,109937
future_peak_30..100,85,215962,743,0.0094930146037599,0.009774396618784846,12000.468335459993,-9950.337915602791,105624,109559
future_peak_30..100,86,215157,743,0.009561721361494156,0.009844328006834373,12021.008343238893,-9963.7370602639,105222,109157
future_peak_30..100,87,214417,743,0.009633582816275488,0.010073787431290827,12039.98329628093,-9974.379369563583,104919,108747
future_peak_30..100,88,213607,743,0.00967497668356711,0.010103794275035728,12055.598606761982,-9988.955862315255,104401,108453
future_peak_30..100,89,212909,743,0.009694358165335239,0.010126805664502261,12069.970507201515,-10005.954404578151,104178,108008
future_peak_30..100,90,212086,743,0.009736660187247465,0.0100120026752961,12088.797027211749,-10023.787714739175,103843,107550
future_peak_30..100,91,211375,743,0.009782976640791804,0.010066626639065646,12104.883372452538,-10037.00668500518,103499,107135
future_peak_30..100,92,210623,743,0.009847774013970134,0.010233380093166555,12123.675499172108,-10049.507793027647,103301,106606
future_peak_30..100,93,209863,743,0.009996943564015792,0.010452982206602965,12152.631856345624,-10054.643289170597,102953,106186
future_peak_30..100,94,209111,743,0.010084440593378012,0.01035570895585039,12175.441306703375,-10066.67384978151,102576,105790
future_peak_30..100,95,208267,743,0.010196262005173087,0.0105810469626365,12196.888040944605,-10073.343141913236,102029,105565
future_peak_30..100,96,207542,743,0.010273466780776225,0.010725587625859045,12218.410557286223,-10086.234714670367,101683,105092
future_peak_30..100,97,206769,743,0.010350440160049842,0.010767921812358685,12237.27467796948,-10097.124516516173,101335,104729
future_peak_30..100,98,206043,743,0.010428585182385094,0.010869466369465534,12255.207809740248,-10106.470833006088,100973,104340
future_peak_30..100,99,205286,743,0.010444640113411757,0.010953390115226896,12268.95471952547,-10124.816329203628,100623,103983
future_peak_30..100,100,204565,743,0.010531301544666598,0.010943775675603526,12290.10997773212,-10135.774277247405,100226,103678
future_peak_30..100,101,203798,743,0.010655353361240797,0.01110874004410848,12314.341737715162,-10142.802033401025,99881,103202
future_peak_30..100,102,203058,743,0.010710011484815558,0.011283417684990459,12331.370246354832,-10156.61673427116,99532,102855
future_peak_30..100,103,202304,743,0.010815195225949176,0.01153197639129845,12350.216386660779,-10162.259131670371,99118,102527
future_peak_30..100,104,201516,743,0.010904764509488444,0.011454581084476988,12363.04016442742,-10165.555639533322,98735,102114
future_peak_30..100,105,200725,743,0.0109874416657764,0.011556742397283612,12378.156821576042,-10172.70259321308,98318,101755
future_peak_30..100,106,199980,743,0.01110845792045907,0.011689608374363449,12395.425189067355,-10173.95577413394,97968,101389
future_peak_30..100,107,199190,743,0.011176804550104443,0.01170372116366683,12408.325213922017,-10182.017515586715,97652,100943
future_peak_30..100,108,198447,743,0.011266718452055747,0.011788621928577278,12419.910652668068,-10184.06417601296,97267,100590
future_peak_30..100,109,197686,743,0.011374573120243084,0.011893159802952982,12433.811421154474,-10185.21755930611,96988,100109
future_peak_30..100,110,196924,743,0.011504217292546122,0.01198272717234171,12444.411355530417,-10178.954869413044,96528,99748
future_peak_30..100,111,196174,743,0.011617913782807097,0.012166274122646595,12464.013517335059,-10184.88089890666,96165,99423
future_peak_30..100,112,195435,743,0.011716275316285519,0.012303528046992761,12477.108939558055,-10187.338673119775,95811,98945
future_peak_30..100,113,194636,743,0.011841857935540349,0.012387864701869226,12491.03171478732,-10186.179853645492,95418,98622
future_peak_30..100,114,193833,743,0.0119668442814064,0.012356109338994056,12506.770039819205,-10187.200712221345,95047,98190
future_peak_30..100,115,193072,743,0.012064543298552168,0.012461812809337102,12513.5971639743,-10184.271660236222,94819,97685
future_peak_30..100,116,192296,743,0.012165812959861336,0.012697655694868302,12526.325151290597,-10186.887982361071,94307,97426
future_peak_30..100,117,191567,743,0.01224557792764694,0.012603465649033994,12535.582115090147,-10189.733488224609,93888,97090
future_peak_30..100,118,190796,743,0.012340272574597078,0.01285546914436081,12540.716833160737,-10186.24218701793,93496,96754
future_peak_30..100,119,190032,743,0.012393322527966877,0.012931684237564814,12539.960064212966,-10184.832197578364,93113,96368
future_peak_30..100,120,189225,743,0.012515275819779976,0.013163622149917929,12547.978608153668,-10179.775541155797,92715,95978
future_peak_30..100,121,188501,743,0.012676627684459778,0.013357067379683939,12560.951108472667,-10171.394113324317,92481,95454
future_peak_30..100,122,187769,743,0.01279786494269285,0.013441514261553586,12574.596448946084,-10171.55414652157,92154,95007
future_peak_30..100,123,186930,743,0.012889446259215636,0.013499362948924669,12574.78789351766,-10165.363704282487,91799,94602
future_peak_30..100,124,186182,743,0.012988475995385546,0.0136043126928748,12578.170458241211,-10159.950020468335,91500,94122
future_peak_30..100,125,185448,743,0.01305928779684432,0.013644827618397698,12582.185555451715,-10160.366752102527,91095,93840
future_peak_30..100,126,184695,743,0.013160042069270367,0.013893182863117082,12583.575511158975,-10152.981541175073,90732,93417
future_peak_30..100,127,183966,743,0.01326061005295122,0.013913691544435485,12586.9041933086,-10147.402804307352,90513,92950
future_peak_30..100,128,183156,743,0.013350570872156096,0.014018192318405667,12587.623612573114,-10142.386453912468,90065,92539
future_peak_30..100,129,182372,743,0.013443054274125139,0.013998220236652913,12582.087616421013,-10130.450922340267,89679,92152
future_peak_30..100,130,181644,743,0.013585197367298865,0.014231052960781523,12586.946542103822,-10119.276951518188,89370,91777
future_peak_30..100,131,180913,743,0.013651635287469432,0.014288366786364954,12584.766764125528,-10115.008469363576,89066,91406
future_peak_30..100,132,180128,743,0.013769644926964152,0.014401686236955069,12581.923651692841,-10101.625050288643,88684,90970
future_peak_30..100,133,179380,743,0.013914426404622277,0.014762373790988607,12588.686879570567,-10092.717071109431,88275,90562
future_peak_30..100,134,178634,743,0.014031062855300187,0.014848521896219019,12592.697380743874,-10086.272498650163,87971,90194
future_peak_30..100,135,177831,743,0.014255076713907607,0.015186199498938421,12601.553324300707,-10066.558777189792,87692,89677
future_peak_30..100,136,177102,743,0.014377214947681724,0.015262274820436395,12604.991096506916,-10058.757574842595,87405,89228
future_peak_30..100,137,176298,743,0.014483462398957796,0.015374613200188425,12600.946765435343,-10047.541311423904,87024,88784
future_peak_30..100,138,175585,743,0.014612046913375388,0.0155126770050426,12605.291129569723,-10039.634872284701,86694,88389
future_peak_30..100,139,174843,743,0.014739738780320016,0.015643276726991357,12606.475808223751,-10029.335660656256,86405,87925
future_peak_30..100,140,174070,743,0.0148364910436209,0.015689918814774936,12596.853123330871,-10014.265127367771,86035,87501
future_peak_30..100,141,173355,743,0.01492251372549154,0.01591503484202397,12597.053619637943,-10010.16125275537,85748,87145
future_peak_30..100,142,172485,743,0.015033444727781932,0.016029875025913565,12591.330996182647,-9998.287282311194,85314,86699
future_peak_30..100,143,171689,743,0.015149414305132815,0.016065002953771987,12585.139639363873,-9984.151846729943,84945,86290
future_peak_30..100,144,170902,743,0.015288001616413338,0.016388776160140513,12581.542424602678,-9968.792372354425,84570,85870
future_peak_30..100,145,170214,743,0.015449493325813376,0.016598614471121483,12584.858852711393,-9955.138795751383,84315,85461
future_peak_30..100,146,169418,743,0.015603525406324438,0.01671927489826396,12583.159669219925,-9939.641601931275,83992,84980
future_peak_30..100,147,168680,743,0.015744148399753195,0.016791584308804928,12580.474970287116,-9924.752018216723,83656,84626
future_peak_30..100,148,167906,743,0.015890068233700247,0.01705774175590922,12577.368670734022,-9909.330873886345,83289,84194
future_peak_30..100,149,167164,743,0.016017220224493128,0.01718603793446683,12572.865502753346,-9895.362901146163,82867,83893
future_peak_30..100,150,166367,743,0.01612846193276324,0.017190285926241076,12561.263212119184,-9878.019385751151,82409,83537
future_peak_30..100,151,165646,743,0.01616982788637621,0.017163949619604855,12549.175793439323,-9870.708483372653,81969,83230
future_peak_30..100,152,164801,743,0.016334548324482733,0.017253846847735406,12540.122655517584,-9848.172757094528,81589,82833
future_peak_30..100,153,164128,743,0.01643263303445998,0.017169711686871956,12535.411866670753,-9838.356671990903,81302,82444
future_peak_30..100,154,163296,743,0.016570801364019005,0.017320263944409935,12522.49817449194,-9816.552594953075,80806,82050
future_peak_30..100,155,162577,743,0.016741957168516487,0.01756066419451102,12518.59916026132,-9796.741989675402,80531,81679
future_peak_30..100,156,161795,743,0.016873279301690452,0.017656946674566923,12507.403754944346,-9777.391530327319,80202,81196
future_peak_30..100,157,161080,743,0.017021666613325857,0.017964047017276632,12498.735564314142,-9756.885506239612,79877,80835
future_peak_30..100,158,160282,743,0.017153168885419998,0.017984699176250205,12486.584943668282,-9737.240728375393,79448,80488
future_peak_30..100,159,159554,743,0.017224794052051864,0.017973400955188942,12472.486808327129,-9724.202018146052,79097,80118
future_peak_30..100,160,158835,743,0.01733635371742569,0.018117874950268037,12459.777501039633,-9706.157758332329,78737,79702
future_peak_30..100,161,158045,743,0.01744777122921483,0.01836245760723536,12443.940212094283,-9686.407208173028,78359,79289
future_peak_30..100,162,157254,743,0.017594612263984566,0.018235795320716213,12430.585075275996,-9663.761918315366,78025,78846
future_peak_30..100,163,156459,743,0.0177545944031126,0.018527516490885146,12418.179229529711,-9640.313143813128,77710,78365
future_peak_30..100,164,155772,743,0.017899094994901044,0.018647997687142016,12413.768886039054,-9625.591060493342,77343,78052
future_peak_30..100,165,154988,743,0.018035014697243282,0.018862950393460334,12397.651478979362,-9602.44062108302,76975,77679
future_peak_30..100,166,154235,743,0.018200444908967835,0.019133137367969993,12390.67908399598,-9583.533463461314,76608,77285
future_peak_30..100,167,153492,743,0.01831688359119418,0.019261045987032082,12377.159183715201,-9565.664087535624,76140,76982
future_peak_30..100,168,152755,743,0.018508572761496568,0.019458759683165575,12364.88035634251,-9537.603324160129,75775,76603
future_peak_30..100,169,152010,743,0.018576511767574504,0.019318479311847006,12344.784509805502,-9520.968956016479,75444,76212
future_peak_30..100,170,151243,743,0.01869772805566935,0.019636572755306485,12329.589465365798,-9501.688981042209,75111,75773
future_peak_30..100,171,150425,743,0.018816886934780147,0.019677783752084014,12306.332673704683,-9475.802456540394,74704,75391
future_peak_30..100,172,149697,743,0.018924691844562268,0.01990418899015348,12289.072873038434,-9456.103277982986,74414,74972
future_peak_30..100,173,148951,743,0.01908213350193946,0.019809216411432996,12275.770681317154,-9433.467814069767,74043,74571
future_peak_30..100,174,148223,743,0.01918171151813178,0.01982848184202695,12253.977049975128,-9410.806223623074,73654,74197
future_peak_30..100,175,147501,743,0.01934103762321179,0.020017318662646288,12239.426138890518,-9386.603748429168,73284,73885
future_peak_30..100,176,146743,743,0.019401385263786403,0.02006997806805295,12211.020724952072,-9364.003247188253,72889,73498
future_peak_30..100,177,145972,743,0.01948608653332761,0.02015161351098115,12186.514031634464,-9342.09100819157,72573,73062
future_peak_30..100,178,145152,743,0.019644925307213925,0.020384361008419144,12167.737173218055,-9316.236975025346,72135,72673
future_peak_30..100,179,144457,740,0.019756794898401486,0.01970406140439595,12147.428137791825,-9293.420817153443,71888,72246
future_peak_30..100,180,143631,740,0.019860779119919833,0.019870637183571335,12119.98608137929,-9267.362515606103,71501,71816
future_peak_30..100,181,142882,740,0.01996752191690755,0.019786175328518108,12097.96549780137,-9244.966031269774,71080,71479
future_peak_30..100,182,142101,740,0.02014698418938774,0.020062382729232057,12078.74384021753,-9215.837239921324,70762,71001
future_peak_30..100,183,141339,740,0.0202419696166305,0.02042117111760209,12053.569422356039,-9192.589678711098,70471,70583
future_peak_30..100,184,140642,740,0.020407178349420293,0.020535648901376165,12038.480715961356,-9168.374338542179,70129,70210
future_peak_30..100,185,139868,740,0.020578961148894247,0.020504184485651937,12015.759670052023,-9137.421532078479,69750,69818
future_peak_30..100,186,139070,740,0.020650258850053328,0.020487958895698297,11981.180273890772,-9109.348775613851,69339,69454
future_peak_30..100,187,138343,740,0.02080254059305172,0.020617893982182174,11962.003932724949,-9084.118059460412,68982,69066
future_peak_30..100,188,137628,740,0.021026511653676604,0.021011242830250364,11946.833864093589,-9052.997118221372,68722,68620
future_peak_30..100,189,136860,740,0.02108666197605033,0.020936378517432318,11916.260632561774,-9030.340074519525,68377,68190
future_peak_30..100,190,136131,740,0.02120778920954465,0.02105917708650374,11891.246553018542,-9004.209000134018,68103,67734
future_peak_30..100,191,135371,740,0.021391360330893422,0.02142289919529288,11871.196798010697,-8975.426958657317,67729,67338
future_peak_30..100,192,134650,740,0.021443321342133694,0.021606830876577804,11842.234612454175,-8954.891393735863,67496,66864
future_peak_30..100,193,133875,740,0.021585622205213047,0.021839933665767655,11812.162802820638,-8922.387630097757,67114,66475
future_peak_30..100,194,133119,740,0.021652842675573016,0.02185129021058557,11779.77964510372,-8897.374880974121,66749,66083
future_peak_30..100,195,132346,740,0.021759891955921647,0.02178446544481498,11745.923243071586,-8866.088582273189,66398,65663
future_peak_30..100,196,131625,740,0.02191405482478503,0.022013808464113695,11718.361645234165,-8833.924178921856,66060,65249
future_peak_30..100,197,130810,740,0.02193987341748165,0.022119042098949087,11670.727789171422,-8800.772947430647,65676,64862
future_peak_30..100,198,130106,740,0.022118117958327427,0.02213198322870274,11645.852004137127,-8768.152149050979,65312,64509
future_peak_30..100,199,129362,740,0.022264468841452074,0.0222417029670938,11618.236836961529,-8738.060618693604,65005,64071
future_peak_30..100,200,128569,740,0.02232448038561092,0.022045296721560814,11580.5356875322,-8710.299568834609,64612,63692
future_peak_30..100,201,127844,740,0.022447754728893047,0.022224823994474667,11554.47482930787,-8684.664073747286,64333,63267
future_peak_30..100,202,127115,740,0.02252481048291807,0.022157499767257786,11519.491096422482,-8656.249811886359,63969,62916
future_peak_30..100,203,126299,740,0.022630771943441683,0.022010543650355957,11479.898479376752,-8621.654613692013,63512,62512
future_peak_30..100,204,125548,740,0.02276899796924134,0.021990072073204435,11449.988491633905,-8591.386334591582,63180,62119
future_peak_30..100,205,124786,740,0.02282264362474294,0.022008691633481035,11411.142795205444,-8563.196387848282,62723,61786
future_peak_30..100,206,124087,740,0.022964860252095456,0.02219489136641965,11381.105590347448,-8531.464976245657,62416,61416
future_peak_30..100,207,123327,740,0.02308131505674505,0.022394443604107785,11344.372133374296,-8497.82279137109,62133,60960
future_peak_30..100,208,122584,740,0.023208102099960756,0.02244969539765147,11306.698666126193,-8461.756678304617,61791,60562
future_peak_30..100,209,121799,737,0.023295975589683066,0.022062219100288865,11269.232640407588,-8431.80610955977,61417,60128
future_peak_30..100,210,121070,737,0.023436989434911265,0.022347359523246655,11232.45119824878,-8394.934887364077,61074,59756
future_peak_30..100,211,120320,737,0.023559620261988913,0.0223875356519665,11196.908466904462,-8362.214956981932,60772,59290
future_peak_30..100,212,119558,737,0.023608223241999647,0.022480490670233638,11155.286489429885,-8332.73453506289,60311,58997
future_peak_30..100,213,118793,737,0.023628398706969495,0.022307159275919957,11108.367567228417,-8301.479199631402,59914,58628
future_peak_30..100,214,118085,737,0.02377444002653002,0.022359573926129035,11076.846671839454,-8269.441921306647,59613,58234
future_peak_30..100,215,117313,737,0.023832256282194365,0.022433909644397114,11032.264777958759,-8236.431296725692,59243,57827
future_peak_30..100,216,116572,737,0.02393165292090946,0.022572040964835324,10991.080021080701,-8201.319376784444,58874,57484
future_peak_30..100,217,115807,737,0.02403159527515052,0.022733934850442377,10953.486987483704,-8170.460033454351,58482,57094
future_peak_30..100,218,115063,737,0.024135308365655233,0.02290699342622582,10911.231679319915,-8134.150692842537,58150,56688
future_peak_30..100,219,114288,737,0.024324474625472707,0.023216056851637842,10874.490532693811,-8094.49497669779,57846,56210
future_peak_30..100,220,113549,737,0.024427331012207464,0.023224402932909206,10835.096880119112,-8061.397871013972,57454,55857
future_peak_30..100,221,112810,737,0.02456195031159935,0.02324217569827777,10791.110306406608,-8020.276691755089,57145,55445
future_peak_30..100,222,112040,737,0.02470982193972348,0.023380321683188095,10752.65038423667,-7984.161934110045,56802,55034
future_peak_30..100,223,111316,737,0.024754058018404728,0.023577709287565553,10710.293360922024,-7954.770638545273,56422,54712
future_peak_30..100,224,110550,737,0.024905504572996947,0.023552695116077094,10669.934379219683,-7916.630848674876,56064,54281
future_peak_30..100,225,109784,737,0.025003574862237345,0.023710742732333288,10627.657548628918,-7882.665085953066,55724,53858
future_peak_30..100,226,109058,737,0.025078405211990076,0.023699089580085705,10582.963998768793,-7847.963283159601,55347,53526
future_peak_30..100,227,108308,737,0.02520879371374933,0.023788169406966292,10541.884385120753,-7811.570355572004,55031,53101
future_peak_30..100,228,107539,737,0.02525102045231464,0.023835389414035894,10492.830851571905,-7777.361363150457,54554,52769
future_peak_30..100,229,106867,737,0.025440043538359252,0.024270315474120313,10455.298171195647,-7736.597038381811,54314,52352
future_peak_30..100,230,106075,737,0.025496338732570137,0.024246317310114004,10402.46635965337,-7697.942228595992,53878,52001
future_peak_30..100,231,105319,737,0.025680351057407336,0.02428709538836478,10357.878598299876,-7653.249705284788,53572,51547
future_peak_30..100,232,104535,737,0.02578014854092962,0.024271518315921975,10307.35489137169,-7612.427063645606,53217,51125
future_peak_30..100,233,103816,737,0.025856039304031575,0.0241927163167274,10260.295116301786,-7576.0245399144615,52864,50749
future_peak_30..100,234,103065,737,0.026038890979184996,0.024533108716429115,10217.672790355953,-7533.974491586243,52553,50325
future_peak_30..100,235,102319,737,0.02616334474141075,0.024673922788635498,10174.742234257623,-7497.734963661204,52257,49895
future_peak_30..100,236,101556,737,0.026355471881207633,0.024818483987740995,10130.872535825423,-7454.3162334575045,51902,49448
future_peak_30..100,237,100795,737,0.026592794621999944,0.024993905678926495,10087.297637965448,-7406.876904040946,51590,49034
future_peak_30..100,238,100016,737,0.0267295639066138,0.025092089309983696,10038.104475144413,-7364.720411460525,51206,48630
future_peak_30..100,239,99253,737,0.02692784852777529,0.025085635120512675,9993.589145219126,-7320.919395291856,50831,48256
future_peak_30..100,240,98501,737,0.02711682964179062,0.02513558077270164,9949.109950563736,-7278.075114017697,50484,47854
future_peak_30..100,241,97734,737,0.027324499164656717,0.025336825047332884,9903.238338799929,-7232.705737441375,50121,47436
future_peak_30..100,242,96995,737,0.027503061078564123,0.025457360710684364,9854.59494919777,-7186.935539882446,49782,47052
future_peak_30..100,243,96267,737,0.02762995935760128,0.025557759961676314,9804.781233505713,-7144.927936027526,49457,46662
future_peak_30..100,244,95510,737,0.027752059026210852,0.025550486337478258,9750.93165042621,-7100.332492832796,49046,46285
future_peak_30..100,245,94740,737,0.02783811431629013,0.025623130613564533,9696.72820875772,-7059.345258432391,48676,45889
future_peak_30..100,246,94019,737,0.028013842632530987,0.025849021934479046,9650.656312896135,-7016.822842428207,48360,45490
future_peak_30..100,247,93270,737,0.028125311654874596,0.025884336573748605,9601.611327388864,-6978.363509338714,47969,45130
future_peak_30..100,248,92519,737,0.028298237613207267,0.02613715204892975,9553.62862234113,-6935.503976604808,47594,44761
future_peak_30..100,249,91754,737,0.02852624596195336,0.026347572256332507,9503.767659754329,-6886.370487761252,47289,44306
future_peak_30..100,250,91007,737,0.02865280941343098,0.02638626927524908,9450.069196708679,-6842.462970420558,46947,43903
future_peak_30..100,251,90197,737,0.028837690871366284,0.026372625010112272,9395.226590464647,-6794.153386940011,46542,43504
future_peak_30..100,252,89440,737,0.02903275194551165,0.026719761871798538,9346.518945833517,-6749.829611826964,46121,43152
future_peak_30..100,253,88750,737,0.029104674796490097,0.02681482675626586,9294.781957989635,-6711.742069801139,45804,42794
future_peak_30..100,254,87953,737,0.02919657737307571,0.026980757802105088,9238.18702032676,-6670.2604506326325,45345,42459
future_peak_30..100,255,87215,737,0.029321121198765107,0.026948747498243913,9182.435492429078,-6625.19390707879,44971,42070
future_peak_30..100,256,86436,737,0.02946144833903007,0.02691321048164758,9127.453377524595,-6580.923628892205,44576,41722
future_peak_30..100,257,85679,737,0.02969777292221997,0.02715762132328569,9074.385018400251,-6529.909532197373,44249,41287
future_peak_30..100,258,84940,737,0.029860627647410366,0.027533755050887315,9020.579593264974,-6484.217880893938,43886,40890
future_peak_30..100,259,84201,737,0.029989084574772815,0.027620051926479497,8969.78668673946,-6444.675776459017,43481,40571
future_peak_30..100,260,83399,737,0.030151157993821252,0.027689686599588998,8912.403613028759,-6397.82718750205,43128,40118
future_peak_30..100,261,82716,736,0.030362877213736917,0.027531250925233664,8865.480541579816,-6353.984789968356,42812,39751
future_peak_30..100,262,81933,737,0.03062240042398067,0.02771421770339605,8815.066516015993,-6306.0813820779795,42483,39310
future_peak_30..100,263,81158,736,0.03087489174985332,0.027849368600706685,8760.168314035202,-6254.423849400602,42140,38903
future_peak_30..100,264,80414,737,0.031162397029015458,0.028361475520340518,8711.379405121277,-6205.4864104300295,41802,38477
future_peak_30..100,265,79672,736,0.031364173395410165,0.028507214224506354,8656.649800103765,-6157.803377344645,41432,38122
future_peak_30..100,266,78965,736,0.03157529724010192,0.02866413728323157,8608.064982037096,-6114.7216354724305,41129,37710
future_peak_30..100,267,78179,736,0.031713204878157375,0.028963502381086408,8547.54404866276,-6068.237404493294,40681,37365
future_peak_30..100,268,77414,736,0.03198543738230488,0.029034858470365504,8493.212558775089,-6017.091909261351,40270,36989
future_peak_30..100,269,76691,736,0.03222030110426371,0.02939180982740161,8440.860238602883,-5969.8531266157925,39955,36605
future_peak_30..100,270,75934,736,0.03257685559641871,0.029841100555096926,8393.037985549066,-5919.3470326906045,39616,36184
future_peak_30..100,271,75163,736,0.03283993217568809,0.030092503758330825,8337.086593255652,-5868.738771134412,39244,35795
future_peak_30..100,272,74405,736,0.03301768097257557,0.030091338416244385,8276.625952630491,-5819.945399866022,38856,35416
future_peak_30..100,273,73676,736,0.033254188001410584,0.030330622942245113,8223.048236806362,-5773.012681614447,38537,35014
future_peak_30..100,274,72904,736,0.03355313119069996,0.030389216857811735,8168.975944500633,-5722.818468173846,38166,34638
future_peak_30..100,275,72160,736,0.03384980274787108,0.03064200171542957,8115.610856834684,-5673.0090905482975,37773,34274
future_peak_30..100,276,71433,736,0.034089799455051376,0.03113413499744757,8064.101977573158,-5628.96533310047,37387,33931
future_peak_30..100,277,70675,736,0.03449371550627219,0.03169744409571125,8011.972122056863,-5574.128778651082,37078,33491
future_peak_30..100,278,69920,736,0.03475016055712632,0.03189020874136091,7953.966912950618,-5524.235686796343,36694,33103
future_peak_30..100,279,69168,736,0.034947892653848546,0.03220911340271968,7892.976762717812,-5475.7009236364265,36317,32734
future_peak_30..100,280,68416,736,0.0353164832413782,0.03215554443093849,7835.905069427691,-5419.692551985552,35985,32321
future_peak_30..100,281,67669,736,0.03565179639623172,0.03255135778451892,7777.868647362533,-5365.347237025924,35660,31901
future_peak_30..100,282,66929,737,0.03598726959654663,0.03284313089954445,7719.7998672217045,-5311.207900394439,35319,31496
future_peak_30..100,283,66161,736,0.0362973117591894,0.033096969859952516,7659.873395655914,-5258.406952356191,34970,31087
future_peak_30..100,284,65457,736,0.03659305325459499,0.033330200453732285,7603.93893301955,-5208.667446133525,34664,30682
future_peak_30..100,285,64704,736,0.036808559064012945,0.033542324483339284,7543.186641999507,-5161.525636321613,34287,30315
future_peak_30..100,286,63931,737,0.037161539927275306,0.034002959384403515,7479.520703866133,-5103.7462947754875,33892,29924
future_peak_30..100,287,63182,736,0.037425375029875044,0.034154032098210066,7417.64628728301,-5053.036242145441,33511,29560
future_peak_30..100,288,62458,737,0.037709292288219155,0.034451130010093735,7356.886073339313,-5001.639095601726,33223,29144
future_peak_30..100,289,61739,737,0.03801053624778391,0.03455686510996574,7294.120840564385,-4947.38834316246,32877,28778
future_peak_30..100,290,61022,736,0.0382822998449912,0.03468927540739717,7230.241605861775,-4894.179104720717,32559,28354
future_peak_30..100,291,60262,736,0.03850153118187131,0.03492826361981726,7162.164500275466,-4841.985228193545,32244,27927
future_peak_30..100,292,59525,736,0.03884181263607357,0.03515191158574738,7099.142502977664,-4787.083605815394,31913,27514
future_peak_30..100,293,58757,736,0.03923315430004641,0.03566135799557637,7034.522921995757,-4729.300474787928,31549,27126
future_peak_30..100,294,58017,736,0.03953907968106178,0.0359832259519699,6967.61543405798,-4673.676648201822,31164,26753
future_peak_30..100,295,57284,736,0.039855781881562684,0.03647171240925894,6901.297123180682,-4618.198513877247,30792,26402
future_peak_30..100,296,56573,737,0.040192905412631284,0.03672166239635537,6835.33293161548,-4561.499693706683,30458,26011
future_peak_30..100,297,55829,736,0.04056452181471213,0.03704076249745184,6769.245942155328,-4504.569253761762,30136,25610
future_peak_30..100,298,55067,736,0.04086520366061395,0.03737707990572923,6696.683619432248,-4446.359449453223,29714,25270
future_peak_30..100,299,54299,737,0.04124838472507486,0.03796439056310285,6624.087708508752,-4384.341666321913,29326,24899
future_peak_30..100,300,53555,736,0.04161254063879581,0.03829117046718353,6554.336412108699,-4325.776798197989,28999,24467
future_peak_30..100,301,52785,737,0.04190478948292225,0.03834726800046839,6482.209595400625,-4270.265282544583,28599,24106
future_peak_30..100,302,52048,736,0.04224494065431248,0.03835168452935926,6410.36015354924,-4211.595482373585,28245,23732
future_peak_30..100,303,51316,736,0.04273083378687359,0.03886485760650756,6344.575504570184,-4151.80003796298,27871,23368
future_peak_30..100,304,50574,736,0.04304694567293262,0.039373820368181225,6272.42549678442,-4095.3692663215293,27549,22956
future_peak_30..100,305,49851,736,0.04331760955235526,0.039727656555163915,6201.288324496549,-4041.8621707020898,27166,22610
future_peak_30..100,306,49140,736,0.04370002876326603,0.04039277409491657,6131.761345158787,-3984.3419317318903,26789,22267
future_peak_30..100,307,48420,736,0.0440319842704418,0.040577331919284275,6057.413894657325,-3925.3852162825233,26427,21923
future_peak_30..100,308,47687,736,0.044532233164101216,0.04069815418612436,5986.989325486883,-3863.380722590387,26081,21520
future_peak_30..100,309,46967,736,0.044951598961372435,0.04107034624369268,5915.357979732747,-3804.116231313969,25723,21170
future_peak_30..100,310,46238,736,0.04547574802339635,0.041448296500266456,5842.691738197347,-3739.984101091549,25383,20787
future_peak_30..100,311,45496,736,0.04592041651670049,0.04220904159261602,5768.1070208976225,-3678.9117510538167,25028,20400
future_peak_30..100,312,44789,737,0.04644413783615502,0.0429240096877817,5699.07640896703,-3618.8899194234905,24678,20049
future_peak_30..100,313,44029,736,0.04680479132163667,0.0430269269227928,5618.223509112851,-3557.455352012507,24309,19658
future_peak_30..100,314,43338,737,0.04712891108938159,0.04337114798427594,5545.062573437007,-3502.589824645385,23955,19316
future_peak_30..100,315,42613,736,0.047465632393332215,0.04358020309817628,5468.537940975084,-3445.884947798018,23600,18961
future_peak_30..100,316,41889,736,0.04795533198255504,0.044253096940186865,5393.382492169026,-3384.5815907517763,23230,18595
future_peak_30..100,317,41134,737,0.048509850064264746,0.044739921701585784,5312.461069964604,-3317.056897421136,22856,18218
future_peak_30..100,318,40398,737,0.04903215349244687,0.04544219576329244,5236.155765991734,-3255.354829203864,22482,17848
future_peak_30..100,319,39679,737,0.04956254746569753,0.046299664060355336,5160.099816719436,-3193.507495828026,22092,17532
future_peak_30..100,320,38978,737,0.0500662890286158,0.046540931904830676,5086.924622057391,-3135.440808300005,21786,17149
future_peak_30..100,321,38233,737,0.0506306922220557,0.047016399243205165,5010.121144560754,-3074.357888834891,21405,16772
future_peak_30..100,322,37472,736,0.051113948671045004,0.04774112469318783,4928.676604673252,-3013.334720071855,21030,16397
future_peak_30..100,323,36768,737,0.05168044760883117,0.04823114269930069,4853.961675193655,-2953.7749775121497,20673,16038
future_peak_30..100,324,36023,737,0.05225331172876816,0.04856988040503348,4775.166519212104,-2892.8454708066893,20332,15636
future_peak_30..100,325,35295,737,0.05253397195371092,0.049275728504234076,4689.689720834111,-2835.503180727887,19960,15294
future_peak_30..100,326,34558,736,0.05298611956508871,0.04970722668417572,4607.949698303065,-2776.855378372729,19596,14924
future_peak_30..100,327,33869,737,0.053433207979153456,0.050204908990903865,4530.490107989317,-2720.760786943369,19261,14569
future_peak_30..100,328,33138,737,0.05407013650423338,0.05053260091528178,4450.999235668416,-2659.2230521911324,18903,14191
future_peak_30..100,329,32400,735,0.05467054340547557,0.05151677754669407,4368.0781828192185,-2596.7525764818142,18519,13832
future_peak_30..100,330,31681,735,0.055073605972913484,0.052555143534349646,4286.249072126402,-2541.462161298528,18198,13453
future_peak_30..100,331,30945,735,0.05562071643453175,0.053343673260213734,4203.906071795042,-2482.723001728456,17787,13116
future_peak_30..100,332,30225,737,0.05630717276391486,0.05357129498780614,4123.198316071912,-2421.3140192825845,17402,12791
future_peak_30..100,333,29497,737,0.05703299066384846,0.054485014691990484,4042.237726330569,-2359.935600719031,17060,12396
future_peak_30..100,334,28771,736,0.05776428251223211,0.05447747153977047,3960.864816298321,-2298.92864413889,16713,12014
future_peak_30..100,335,28031,735,0.05833678731820503,0.056553552780525235,3870.951890387501,-2235.713405070896,16322,11672
future_peak_30..100,336,27315,736,0.05873280731573994,0.05711285315614886,3782.3602863623096,-2178.0736545328677,15926,11351
future_peak_30..100,337,26608,735,0.05898296795992909,0.057683560112827596,3693.502518858761,-2124.083707380964,15513,11060
future_peak_30..100,338,25893,736,0.059174261002717596,0.0586905647695096,3599.076060522284,-2066.876920378915,15110,10741
future_peak_30..100,339,25169,736,0.05956733951864026,0.05976612291360227,3506.625950956756,-2007.375582612102,14738,10401
future_peak_30..100,340,24454,736,0.05973837727291656,0.059881133530753014,3412.2292309866675,-1951.38695315477,14339,10087
future_peak_30..100,341,23720,734,0.060206068348361334,0.061871928926248994,3318.1401625651542,-1890.052221342025,13911,9779
future_peak_30..100,342,23023,735,0.06050011502390453,0.0630319287743786,3224.9813991609694,-1832.0872509656108,13538,9458
future_peak_30..100,343,22310,735,0.060778912488301924,0.0636443532340247,3130.1471369335673,-1774.1695993195515,13090,9186
future_peak_30..100,344,21626,735,0.06103595586835248,0.06480324461639339,3037.4346410626495,-1717.471059453659,12675,8911
future_peak_30..100,345,20897,733,0.06130188314141292,0.06542109705665604,2937.9869033968052,-1656.9614513906988,12287,8586
future_peak_30..100,346,20180,733,0.0613249010017265,0.06683156593764006,2837.2842778648856,-1599.7477756500464,11854,8302
future_peak_30..100,347,19466,730,0.06132191849920326,0.06873925620494334,2737.475593260673,-1543.7831277551802,11447,7992
future_peak_30..100,348,18758,729,0.06112833983501599,0.07098278228989505,2635.813138471126,-1489.1677398458928,11024,7713
future_peak_30..100,349,18057,728,0.06093944221801808,0.07291242442994882,2535.6004437600423,-1435.2169356292925,10617,7420
future_peak_30..100,350,17371,724,0.061195611160850975,0.0750993507846615,2439.7326989091757,-1376.7037374340314,10209,7133
future_peak_30..100,351,16656,723,0.06089819548687742,0.07532506745271828,2336.0866889337462,-1321.766344904318,9782,6854
future_peak_30..100,352,15943,723,0.06061468092225594,0.07585714930247364,2233.3954671595993,-1267.0156092160712,9348,6570
future_peak_30..100,353,15231,719,0.060534910607134056,0.07936988881979103,2134.0637888381943,-1212.0565653809342,8907,6303
future_peak_30..100,354,14530,718,0.060067125916043344,0.08065018405942448,2034.752343598465,-1161.9770040383542,8466,6039
future_peak_30..100,355,13823,701,0.059724399444202374,0.08631916311962906,1933.635312282075,-1108.0649387648655,8044,5758
future_peak_30..100,356,13118,694,0.05863759617624273,0.08782479236533766,1826.8220173530294,-1057.6140307130788,7610,5483
future_peak_30..100,357,12417,685,0.0577122522272643,0.0908974324160997,1722.3572662721604,-1005.7442303662198,7177,5221
future_peak_30..100,358,11720,674,0.05607260345361043,0.0925569989314138,1614.8335346769547,-957.6626222006403,6737,4966
future_peak_30..100,359,11022,384,0.054274219873849734,0.0410644442663275,1510.3547024307309,-912.1442509811601,6295,4711
future_peak_30..100,360,10640,384,0.055507787402775524,0.04161588392964924,1466.5473156991777,-875.9444577336467,6096,4527
future_peak_30..100,361,10280,384,0.05658505814741571,0.04221778423979539,1422.6790428783527,-840.9846451229189,5906,4352
future_peak_30..100,362,9912,384,0.05768626384034039,0.04327650414955043,1376.647970322978,-804.8617231375234,5723,4174
future_peak_30..100,363,9547,384,0.05905106810582424,0.044428312674758275,1333.5374770697654,-769.7769298634609,5535,3996
future_peak_30..100,364,9176,384,0.060555651468846214,0.04596687320166349,1290.3011485969855,-734.6424907188514,5334,3826
future_peak_30..100,365,8791,383,0.06204756255407085,0.04716668957761911,1243.9119565904991,-698.4518341776611,5144,3633
future_peak_30..100,366,8419,383,0.06383701923751263,0.050209565019135205,1198.5782888871481,-661.1344239265295,4947,3461
future_peak_30..100,367,8049,383,0.06552823922775831,0.052231083837992257,1152.2364183692084,-624.7996208249825,4756,3281
future_peak_30..100,368,7671,383,0.0673898899267869,0.0546833408055864,1104.387912505632,-587.4400668772493,4551,3105
future_peak_30..100,369,7295,383,0.06905481685863143,0.05656654068477067,1054.0761720623152,-550.3212830785989,4350,2927
future_peak_30..100,370,6936,383,0.07135307924837378,0.05799325432588775,1010.2834504262842,-515.3784927595635,4188,2738
future_peak_30..100,371,6578,383,0.07341237631894386,0.060169595001128354,964.0556406931262,-481.149029267114,3988,2579
future_peak_30..100,372,6210,382,0.07547478851489384,0.06119208143158405,915.3398110803847,-446.64137440289335,3798,2396
future_peak_30..100,373,5854,384,0.07738957658999897,0.06364229269265591,867.4357706634655,-414.39718930561145,3605,2235
future_peak_30..100,374,5492,384,0.07926877534610732,0.06622120574431212,817.22326399593,-381.87914979510987,3415,2069
future_peak_30..100,375,5130,382,0.08155314446044924,0.06791148675425648,767.6461004788379,-349.2784693967338,3211,1911
future_peak_30..100,376,4794,382,0.08402399009865176,0.06972953004921503,721.1847628285622,-318.37375429562564,3036,1752
future_peak_30..100,377,4448,382,0.08652451101920383,0.07209779204684712,673.3557787192244,-288.49475370580643,2823,1620
future_peak_30..100,378,4103,382,0.0890419783939822,0.0731354128684731,625.7203284262135,-260.3810910757046,2628,1471
future_peak_30..100,379,3739,383,0.0916064317210682,0.07637147139614715,574.2691149474731,-231.75266674239919,2420,1315
future_peak_30..100,380,3377,376,0.09346362976574765,0.07996968435648376,520.6449926026135,-205.0183148836835,2200,1174
future_peak_30..100,381,3015,376,0.09547720311532822,0.08262523028864674,467.16646810219305,-179.30270070947827,1970,1038
future_peak_30..100,382,2655,377,0.097457182831842,0.08572409619167022,412.86599721369083,-154.11717679515021,1742,908
future_peak_30..100,383,2297,376,0.09949448974523521,0.08853259734679635,359.430416127737,-130.8915731829321,1512,782
future_peak_30..100,384,1934,375,0.09965603549466426,0.0899500533599935,302.9285126884436,-110.19374004176301,1263,667
future_peak_30..100,385,1571,366,0.10039337678219586,0.09382845772808364,246.51009229020457,-88.79209736537476,1034,534
future_peak_30..100,386,1211,367,0.0990497172840332,0.09654336732118969,188.96841973987904,-69.01921210891491,788,421
future_peak_30..100,387,828,367,0.09957331686881592,0.09983650961822141,129.27435818493967,-46.82765181756007,542,285
future_peak_30..100,388,424,364,0.10013651509998313,0.10295959329589757,66.00895070025754,-23.551068297864724,272,151
future_peak>=100,0,57297,167,0.0,0.0,0.0,0.0,0,0
future_peak>=100,1,55809,167,0.0017731659858609883,0.0017850595778368889,564.9917885870095,-466.03316808209377,27497,27308
future_peak>=100,2,54789,167,0.0029976876421165533,0.0029315761171431736,781.9094962925907,-617.6691880686674,27101,27061
future_peak>=100,3,54005,167,0.003919141676788911,0.0037592479079137974,935.4561317276285,-723.8028854726432,26748,26690
future_peak>=100,4,53343,167,0.004834450757926581,0.004499202189342344,1067.0661451124959,-809.1820383324177,26566,26330
future_peak>=100,5,53433,167,0.005780355141163862,0.005357331087704372,1207.5706199885735,-898.7089037307649,26703,26296
future_peak>=100,6,53389,167,0.007112816008709942,0.006638861836592476,1362.7466903754134,-983.0005564863997,26942,26113
future_peak>=100,7,53138,167,0.008464077654409291,0.007882011284112228,1499.9525480539048,-1050.1883896539043,26839,25961
future_peak>=100,8,52845,167,0.009716781253739686,0.009065122796392187,1621.588564519853,-1108.10525916598,26748,25789
future_peak>=100,9,52534,167,0.010999720167956879,0.010172188828543831,1736.9513710593224,-1159.0920717558758,26631,25640
future_peak>=100,10,52483,167,0.012311071996447947,0.011288642778136888,1865.8932893287372,-1219.7712977391589,26738,25466
future_peak>=100,11,52423,167,0.013897233101500832,0.013121490903735461,2002.0467354878854,-1273.512084607907,26885,25294
future_peak>=100,12,52269,167,0.015345903272859406,0.014416314393974426,2116.8007981244386,-1314.68577995535,26959,25050
future_peak>=100,13,52089,167,0.016683466047192754,0.015719253715212197,2222.8985915530243,-1353.8735286208014,27055,24832
future_peak>=100,14,51817,167,0.017950033441474653,0.016887095343696253,2317.6275028195723,-1387.5106199826812,27002,24596
future_peak>=100,15,51642,167,0.01913998693370922,0.017858187291220462,2417.2930839699256,-1428.8658787393126,27009,24411
future_peak>=100,16,51531,167,0.020586046035437844,0.019233267330471294,2532.3822014008633,-1471.5626631487153,26976,24345
future_peak>=100,17,51358,167,0.02199303428007664,0.02063197805137044,2632.8727794158726,-1503.3545248596974,26924,24215
future_peak>=100,18,51202,167,0.02346528453197809,0.02213751941008239,2734.215337443139,-1532.7458388367959,26905,24143
future_peak>=100,19,51035,167,0.024857787970498126,0.02329400399356901,2831.3576396189205,-1562.7404305445489,26958,23901
future_peak>=100,20,50897,167,0.02623102110221724,0.02451665646890207,2927.7281358045043,-1592.647854764953,27010,23726
future_peak>=100,21,50797,167,0.027714628445201284,0.026020869695640443,3033.357786860763,-1625.537805729873,27026,23630
future_peak>=100,22,50632,167,0.029076706198390305,0.02711529681493603,3125.2703184943352,-1653.0585302574382,26912,23554
future_peak>=100,23,50429,167,0.030332214363257164,0.02834033034502433,3200.6550536039977,-1671.0318154793017,26867,23426
future_peak>=100,24,50288,167,0.03167746719441054,0.02969375538426266,3286.5878313481962,-1693.591361075679,26838,23283
future_peak>=100,25,50130,167,0.03317945739627772,0.031341288284244075,3378.4205714067457,-1715.1343721313433,26862,23117
future_peak>=100,26,49968,167,0.034508236276260026,0.03275024135732761,3464.4812129563343,-1740.1736627041719,26749,23075
future_peak>=100,27,49811,167,0.03584887075023618,0.03365160969090103,3552.207508952775,-1766.5394080127585,26703,22971
future_peak>=100,28,49678,167,0.037216843789637834,0.034924830327440815,3635.1095464835735,-1786.2511807019443,26741,22800
future_peak>=100,29,49481,167,0.038494309029667245,0.03593619759377151,3710.1779563918203,-1805.4410512948582,26686,22666
future_peak>=100,30,49311,167,0.03979752266610543,0.03727705005809051,3785.851285023153,-1823.3956448348295,26613,22562
future_peak>=100,31,49198,167,0.04119799316407541,0.03868908245449021,3869.59633891822,-1842.7374712320384,26615,22447
future_peak>=100,32,49058,167,0.04267532674660473,0.04015195335147088,3959.2631920382137,-1865.6970125032794,26592,22353
future_peak>=100,33,48908,167,0.04420559007320759,0.04157944358577714,4047.1461220517,-1885.1391227512622,26543,22242
future_peak>=100,34,48755,167,0.04585254793257453,0.04287659981143145,4133.4769237976525,-1897.9359493449824,26510,22103
future_peak>=100,35,48568,167,0.0474289117261381,0.04440724077280609,4213.87670188999,-1910.3493171749167,26499,21943
future_peak>=100,36,48446,167,0.04884754149178187,0.04568070415074922,4291.068184660755,-1924.6001895498903,26542,21795
future_peak>=100,37,48313,167,0.05021295698967549,0.04688791042960799,4365.905005135922,-1939.9664140937325,26562,21633
future_peak>=100,38,48170,167,0.05145694927056992,0.04799725057038832,4438.234003837323,-1959.5527574739713,26510,21563
future_peak>=100,39,48047,167,0.052756545572878184,0.04896635034385493,4510.939499071259,-1976.1457539311793,26485,21467
future_peak>=100,40,47860,167,0.05412873976885341,0.05040563701160336,4579.344585126606,-1988.7430997892818,26435,21309
future_peak>=100,41,47691,167,0.055551315906697256,0.05186938021930752,4649.612268689669,-2000.3144617833707,26471,21117
future_peak>=100,42,47530,167,0.057057410736921145,0.05368921572740675,4722.319285709767,-2010.3805533839063,26395,21025
future_peak>=100,43,47385,167,0.0583538891590809,0.05505388674272496,4788.530815656306,-2023.4317778532588,26312,20970
future_peak>=100,44,47264,167,0.0597383923266763,0.056470220399132465,4860.903891498242,-2037.428516570219,26292,20880
future_peak>=100,45,47143,167,0.061098522254999746,0.05760546446936314,4932.886624344092,-2052.518989676638,26242,20813
future_peak>=100,46,46975,167,0.06246308760709474,0.058687756922160814,4998.2217982920765,-2064.0182579488037,26141,20743
future_peak>=100,47,46809,167,0.06394320192913314,0.059972463593461305,5066.863868870584,-2073.746529769791,26086,20630
future_peak>=100,48,46659,167,0.06537980871666912,0.061223253853673804,5132.245623272829,-2081.6891283617633,26096,20464
future_peak>=100,49,46498,167,0.06673092290390198,0.062247870086906486,5192.743931167721,-2089.889477982083,26016,20400
future_peak>=100,50,46356,167,0.06833863633622116,0.06387491475966368,5267.291994639126,-2099.3861686372584,25986,20266
future_peak>=100,51,46196,167,0.06972013448972711,0.0651673512749252,5330.686966642857,-2109.895633755422,25919,20204
future_peak>=100,52,46051,167,0.07126456026403027,0.06689157901480353,5400.581465615941,-2118.777200897081,25881,20073
future_peak>=100,53,45914,167,0.07298630451396815,0.0689140166034705,5477.275339626585,-2126.1821541722557,25831,19996
future_peak>=100,54,45783,167,0.07451913773077432,0.07028894884471824,5544.130990815469,-2132.4213080874324,25800,19896
future_peak>=100,55,45656,167,0.07604412785223552,0.07149950598661253,5613.135783082722,-2141.2650818610628,25789,19785
future_peak>=100,56,45510,167,0.07752367751221265,0.07334183606827464,5673.3401197009525,-2145.237556120154,25797,19631
future_peak>=100,57,45341,167,0.07861919168915714,0.07406839386434107,5715.287665674977,-2150.614895296902,25708,19555
future_peak>=100,58,45159,167,0.07996687140107209,0.07567279461876614,5767.629581980367,-2156.4056363793507,25765,19308
future_peak>=100,59,45030,167,0.08148826684358763,0.0773729438304865,5830.256368251876,-2160.839712285125,25693,19259
future_peak>=100,60,44855,167,0.08299438129181459,0.07871353729533732,5886.536677405519,-2163.8237045611763,25650,19130
future_peak>=100,61,44716,167,0.08456386725360328,0.0805415622944147,5949.94205679144,-2168.5841686793156,25605,19048
future_peak>=100,62,44557,167,0.08586373492534306,0.08138836496090031,5996.531564900197,-2170.701127831684,25544,18949
future_peak>=100,63,44384,167,0.08734729418985972,0.08261839131258039,6051.353686830027,-2174.5313815072905,25545,18776
future_peak>=100,64,44238,167,0.08876704059657761,0.08350366808311299,6107.5636444983875,-2180.687302586985,25479,18683
future_peak>=100,65,44131,167,0.09032688161659203,0.08455857791711331,6173.639048121078,-2187.423435499257,25456,18605
future_peak>=100,66,44005,167,0.09201470945750362,0.08664414003192815,6241.562361131992,-2192.455071454545,25467,18475
future_peak>=100,67,43847,167,0.0935868999432761,0.08835844404440675,6298.174076807622,-2194.6692749947915,25373,18398
future_peak>=100,68,43658,167,0.0950532021358326,0.0899485760889318,6342.5296907979155,-2192.6969919517373,25349,18246
future_peak>=100,69,43457,167,0.09619670749316366,0.09076843919189401,6371.107988979775,-2190.6876714493637,25239,18153
future_peak>=100,70,43290,167,0.09748749674689508,0.09128330198346753,6412.767959853209,-2192.5342256801264,25209,18008
future_peak>=100,71,43143,167,0.09887159525196218,0.09275879998047905,6460.881515882823,-2195.264281927419,25210,17882
future_peak>=100,72,43014,167,0.1002336118603633,0.09364077099603338,6515.296656507659,-2203.848075945994,25168,17784
future_peak>=100,73,42895,167,0.10191553402380674,0.09539750143321328,6578.497621196872,-2206.8307892456833,25191,17642
future_peak>=100,74,42738,167,0.10365890052734272,0.09770264708664807,6633.5736226867175,-2203.39953194915,25157,17510
future_peak>=100,75,42586,167,0.10544002466979942,0.10012409579698198,6691.970496793259,-2201.701606205182,25141,17386
future_peak>=100,76,42456,167,0.10696553518729768,0.10175646677853874,6743.397504363134,-2202.068742451223,25116,17286
future_peak>=100,77,42321,167,0.10843582421825275,0.10301585945379854,6793.084195100701,-2203.97167836003,25091,17167
future_peak>=100,78,42187,167,0.11025386057225364,0.10482373063440854,6856.800990817628,-2205.521374855963,25058,17063
future_peak>=100,79,42049,167,0.11203695849159227,0.10688737833132789,6918.4543018253935,-2207.4122342124306,24967,17015
future_peak>=100,80,41882,167,0.11345320017065473,0.10786193007041436,6955.756535106665,-2204.109605559301,24897,16925
future_peak>=100,81,41744,167,0.11512872722262103,0.10970936278352027,7005.127535302442,-2199.193946121346,24896,16795
future_peak>=100,82,41624,167,0.11665467303120307,0.11044041632000516,7058.740964975656,-2203.106854724856,24805,16768
future_peak>=100,83,41518,167,0.11800959064529865,0.11131399506279802,7106.9582476575815,-2207.4360632460684,24781,16672
future_peak>=100,84,41393,167,0.11965599270726132,0.11322296177648966,7166.278907605751,-2213.3584014740813,24724,16611
future_peak>=100,85,41268,167,0.12160356391297128,0.11524749180971164,7232.431608817509,-2214.095733257016,24699,16523
future_peak>=100,86,41130,167,0.12323752900534922,0.11715145919695183,7281.396129476004,-2212.636561485992,24697,16380
future_peak>=100,87,40959,167,0.12472163189769178,0.11884278217032893,7320.89479012075,-2212.4214692231944,24589,16314
future_peak>=100,88,40790,167,0.1263655095653939,0.1206020698730064,7363.713453248955,-2209.2643180765335,24525,16208
future_peak>=100,89,40639,167,0.1278959747028508,0.12211644979020968,7404.382886524324,-2206.818370575167,24471,16115
future_peak>=100,90,40479,167,0.12953461243208392,0.12420137915349906,7447.928599272543,-2204.4970226342202,24459,15965
future_peak>=100,91,40315,167,0.13103162517410233,0.12568815952053838,7482.850730782009,-2200.310761888073,24431,15826
future_peak>=100,92,40177,167,0.132352133974336,0.12732599219301863,7517.967230805041,-2200.4555441181433,24354,15760
future_peak>=100,93,40028,167,0.13337959799261906,0.12770869765109824,7544.270523596413,-2205.351975147857,24278,15686
future_peak>=100,94,39846,167,0.13462133657188655,0.12904225218181628,7570.271287904638,-2206.1495108612507,24148,15641
future_peak>=100,95,39701,167,0.13587575383760653,0.1294954712204245,7603.958525653688,-2209.55522254687,24110,15547
future_peak>=100,96,39550,167,0.13765250352728567,0.1307871025415633,7650.644809718695,-2206.488295214545,24010,15484
future_peak>=100,97,39419,167,0.1394858153445729,0.13281858753355089,7699.382897768259,-2200.991542700541,23975,15391
future_peak>=100,98,39303,167,0.14123487282288702,0.13484398257557315,7750.784105151619,-2199.8298985936913,23931,15312
future_peak>=100,99,39129,167,0.14258295588618158,0.13620180793459943,7779.590410048103,-2200.461929177699,23829,15256
future_peak>=100,100,38994,167,0.14384243309221129,0.13752587104256142,7811.687094287806,-2202.69525829012,23741,15191
future_peak>=100,101,38834,167,0.1455896373835681,0.13978856660541017,7853.913585564638,-2200.085607411164,23640,15142
future_peak>=100,102,38687,167,0.1469993475518252,0.1411309309661378,7885.545341852454,-2198.581583114991,23556,15081
future_peak>=100,103,38531,167,0.14845540787857905,0.14307442043569735,7916.929001299705,-2196.7936803301795,23533,14953
future_peak>=100,104,38399,167,0.14977106396629414,0.1450190868196185,7945.383403654232,-2194.3243184125095,23491,14869
future_peak>=100,105,38268,167,0.1508874799758138,0.14626252662042655,7966.643907677121,-2192.48182396268,23466,14757
future_peak>=100,106,38110,167,0.15229463882095148,0.14777843193252507,7993.656355045391,-2189.707669578929,23400,14664
future_peak>=100,107,37975,167,0.15413908409453386,0.14994589516820533,8036.85765691556,-2183.4259384256384,23367,14565
future_peak>=100,108,37832,167,0.15579462249135326,0.15114836016949992,8072.1652294761525,-2178.143071383277,23298,14490
future_peak>=100,109,37681,167,0.15735170743503135,0.15266453407999922,8104.442674552458,-2175.272986693042,23228,14403
future_peak>=100,110,37528,167,0.1586634636593883,0.1538473457359688,8126.690996469201,-2172.3685322596766,23153,14331
future_peak>=100,111,37374,167,0.15985908116386582,0.1546806361598874,8147.435868157315,-2172.8625687389945,23049,14287
future_peak>=100,112,37206,167,0.16157234416347274,0.1566099002437034,8181.594151860487,-2170.1335149143183,22940,14215
future_peak>=100,113,37052,167,0.1631950177840448,0.15792305557291636,8211.476273758512,-2164.774474824081,22848,14157
future_peak>=100,114,36919,167,0.1650640436827472,0.16002699803880674,8252.353873841183,-2158.3544451178345,22783,14077
future_peak>=100,115,36766,167,0.16643411638691952,0.16049999217433922,8273.850892792212,-2154.7341697107327,22760,13961
future_peak>=100,116,36610,167,0.16778372638326858,0.1623729760441463,8293.066528874448,-2150.5043059829836,22678,13891
future_peak>=100,117,36461,167,0.1689388339929263,0.16378573163506702,8309.7000610915,-2150.0212348754176,22573,13841
future_peak>=100,118,36292,167,0.17058792683102614,0.1662040581500542,8338.29025982617,-2147.3132192745647,22510,13742
future_peak>=100,119,36117,167,0.17224098520831588,0.16793039344579383,8363.392048504838,-2142.564385736094,22418,13661
future_peak>=100,120,35967,167,0.17424410738995247,0.17009770782906322,8400.653126540914,-2133.615316046489,22378,13547
future_peak>=100,121,35820,167,0.17575610901909478,0.17097274528802328,8421.147732520545,-2125.5639074565706,22310,13474
future_peak>=100,122,35693,167,0.17762387512432085,0.17335642355454248,8459.218878249398,-2119.2899034370116,22254,13394
future_peak>=100,123,35569,167,0.1792964699395458,0.1756435534209564,8490.916313755157,-2113.5201744754486,22223,13307
future_peak>=100,124,35405,167,0.18047917483080572,0.1770174129083778,8500.669662809805,-2110.8044779251272,22145,13212
future_peak>=100,125,35259,167,0.181806019409109,0.17741810938969038,8519.645675317475,-2109.3472369716983,22057,13149
future_peak>=100,126,35113,167,0.1834724992350953,0.17914814022950235,8547.696846861672,-2105.4269812197676,21960,13112
future_peak>=100,127,34978,167,0.18488602471185206,0.18005352269089817,8569.789090173106,-2102.845717801943,21881,13048
future_peak>=100,128,34847,167,0.18693656109576234,0.18239006483124365,8611.581265856496,-2097.4029213524614,21838,12968
future_peak>=100,129,34690,167,0.18886951632919932,0.18462389161364826,8641.78194155847,-2089.8984200985496,21781,12873
future_peak>=100,130,34537,167,0.19066302352566036,0.1867864398270099,8668.786608042432,-2083.857764536705,21695,12807
future_peak>=100,131,34373,167,0.1921855289071312,0.188287797110514,8685.760609366136,-2079.76742424132,21626,12708
future_peak>=100,132,34239,167,0.19392351876172714,0.1898134174980645,8717.59065491399,-2077.843296031212,21575,12616
future_peak>=100,133,34101,167,0.19574245302579085,0.1915588684171513,8748.241106571826,-2073.2277159393334,21495,12572
future_peak>=100,134,33949,167,0.19743083823849966,0.19349598586183575,8772.243550067768,-2069.6640227089392,21420,12492
future_peak>=100,135,33814,167,0.19932039932099802,0.19587504415120627,8804.309050181666,-2064.4890675414326,21386,12391
future_peak>=100,136,33679,167,0.2006900806977727,0.19736130788141018,8819.547164507225,-2060.5059366869386,21359,12281
future_peak>=100,137,33541,167,0.20157720794920847,0.19805399690207579,8824.009758938224,-2062.9086271138212,21285,12209
future_peak>=100,138,33394,167,0.20297161851911727,0.20010101872610597,8838.96344068252,-2060.9292118551143,21226,12135
future_peak>=100,139,33252,167,0.2043222538884144,0.20167319566305705,8849.062241349295,-2054.9386550517343,21150,12058
future_peak>=100,140,33109,167,0.20597747293124063,0.20345827311399042,8870.302847783194,-2050.594696502748,21060,11998
future_peak>=100,141,32948,167,0.20756661917228073,0.20475125863036786,8880.336256589786,-2041.431288101484,20994,11916
future_peak>=100,142,32796,167,0.2092141805120411,0.20646094530907533,8900.178730307663,-2038.7904662347664,20911,11851
future_peak>=100,143,32660,167,0.21093050423202767,0.20833451283021157,8921.413239635622,-2032.422971417588,20884,11743
future_peak>=100,144,32534,167,0.21271278694091167,0.21008652129706462,8946.652469552138,-2026.2546592165163,20807,11697
future_peak>=100,145,32419,167,0.21441293618398602,0.21176715987674077,8970.061593886294,-2019.0086157376456,20774,11613
future_peak>=100,146,32263,167,0.21595863022734443,0.2134958739806405,8977.512561313182,-2010.0392742883723,20696,11532
future_peak>=100,147,32109,167,0.21754471956797333,0.2148204414601259,8985.645169435822,-2000.5017688277674,20590,11485
future_peak>=100,148,31954,167,0.2188364276916928,0.21580582682311714,8987.916809430095,-1995.21759896974,20514,11409
future_peak>=100,149,31778,167,0.22026018385499813,0.2177989617246807,8987.922446540942,-1988.4943239968209,20430,11312
future_peak>=100,150,31633,167,0.22205083941026577,0.21987235467063732,9004.741412533082,-1980.6072094681454,20344,11252
future_peak>=100,151,31509,167,0.22393439367011686,0.22149077193977623,9029.608457255703,-1973.6596471039957,20278,11206
future_peak>=100,152,31401,167,0.22598962445655932,0.2233974317515042,9061.171193075106,-1964.8709955146912,20268,11104
future_peak>=100,153,31253,167,0.22789066860804352,0.22500061021132253,9078.315706013404,-1956.048640006223,20186,11028
future_peak>=100,154,31087,167,0.22971665763047855,0.2268121419165322,9088.648689338572,-1947.4469535798873,20071,10985
future_peak>=100,155,30923,167,0.23106184835310864,0.22761635079786818,9083.609271932584,-1938.483735309405,20014,10874
future_peak>=100,156,30780,167,0.23270650123408199,0.2293347834518249,9093.822085064161,-1931.1159770791144,19927,10826
future_peak>=100,157,30622,167,0.23429036925168503,0.23114890355164738,9098.468332065208,-1924.0286448401098,19847,10742
future_peak>=100,158,30491,167,0.23569384066848903,0.23270800531174998,9106.571525472027,-1920.030629649124,19750,10710
future_peak>=100,159,30359,167,0.23743436208622798,0.23547762942261785,9123.157142538419,-1914.8873439626298,19704,10627
future_peak>=100,160,30194,167,0.23916421238189398,0.2374008130745899,9129.782028106558,-1908.4577994476554,19596,10577
future_peak>=100,161,30061,167,0.2409645183095115,0.23938802812555332,9145.216379153306,-1901.58199425108,19532,10493
future_peak>=100,162,29922,167,0.24302631585259007,0.2411714150400128,9165.345594621509,-1893.5121716803083,19441,10457
future_peak>=100,163,29791,167,0.24485607244648494,0.2415567648063363,9180.338280571164,-1885.831026317926,19389,10375
future_peak>=100,164,29665,167,0.24669021146843506,0.2426853169490231,9197.475745884562,-1879.410622673436,19347,10291
future_peak>=100,165,29499,167,0.24843913041919197,0.24379189357486616,9197.488392298059,-1868.7824840623139,19268,10212
future_peak>=100,166,29328,167,0.25033566997316503,0.24624160953817578,9199.37565457123,-1857.5311255982479,19173,10131
future_peak>=100,167,29188,167,0.2522787260051532,0.24904854571953416,9212.343814032494,-1848.8323593940888,19112,10052
future_peak>=100,168,29031,167,0.2540560768889725,0.2503982562602531,9214.717086835955,-1839.215118672195,19071,9940
future_peak>=100,169,28908,167,0.25579370921172334,0.25223565664767933,9228.087126866638,-1833.6025809741416,19049,9835
future_peak>=100,170,28772,167,0.25738103566419085,0.2530268921871405,9237.439104235176,-1832.071946105079,18959,9789
future_peak>=100,171,28618,167,0.25915796212378184,0.2545576552148026,9241.208969728787,-1824.6264096703915,18869,9723
future_peak>=100,172,28490,167,0.2612332679679524,0.25727597457902623,9259.646457137636,-1817.1106527306704,18822,9648
future_peak>=100,173,28337,167,0.26278571832333836,0.25919994942455726,9256.514412646859,-1809.955512518417,18747,9568
future_peak>=100,174,28174,167,0.26441802532993847,0.26109287945985205,9250.558475371501,-1800.8450297258064,18657,9501
future_peak>=100,175,28044,167,0.2659038866671115,0.26252569901842715,9254.29190817794,-1797.2833104854667,18570,9448
future_peak>=100,176,27915,167,0.26757822162453715,0.26392272925573124,9263.147234989872,-1793.7011783409166,18509,9390
future_peak>=100,177,27778,167,0.2694913369686801,0.26586835627341876,9271.623801806754,-1785.693443490757,18442,9317
future_peak>=100,178,27633,167,0.27146182498396915,0.2677204944748888,9279.15180599685,-1777.8471962148274,18329,9287
future_peak>=100,179,27473,167,0.27299662039638634,0.26898435570733525,9270.35038335439,-1770.314231204471,18236,9217
future_peak>=100,180,27320,167,0.274486705641261,0.2700117349790776,9263.289325411632,-1764.3125272923828,18151,9150
future_peak>=100,181,27162,167,0.27628699103398424,0.27170338218057705,9260.585030248327,-1756.077779783239,18086,9060
future_peak>=100,182,27037,167,0.27827569014667847,0.2733418321298029,9274.866751198508,-1751.1269167027604,18040,8970
future_peak>=100,183,26910,167,0.28028150355983933,0.27603040900650666,9284.171391519782,-1741.7961307245089,17971,8920
future_peak>=100,184,26758,167,0.2824224628948509,0.2783561235706699,9283.850481243617,-1726.7902191031963,17891,8848
future_peak>=100,185,26585,167,0.2840943517687985,0.280582194722595,9267.255416630214,-1714.6070748567051,17757,8806
future_peak>=100,186,26426,167,0.2854940740888942,0.2823457702156589,9251.764928487597,-1707.2985266144785,17659,8751
future_peak>=100,187,26274,167,0.2874149195556555,0.2841182126493952,9249.558444039283,-1698.0188476339936,17545,8714
future_peak>=100,188,26145,167,0.2891687218237394,0.28560654273569674,9251.334627441265,-1691.0183953595963,17500,8622
future_peak>=100,189,26011,167,0.2911546014604676,0.28761435798583196,9256.851078072481,-1683.6287394842539,17462,8532
future_peak>=100,190,25878,167,0.2931980066378922,0.2900611981372168,9262.860519466543,-1675.4825036911725,17389,8466
future_peak>=100,191,25730,167,0.29458007103902556,0.291020616718799,9246.26156930244,-1666.7163414683123,17296,8415
future_peak>=100,192,25559,167,0.2964700820576734,0.29295798958730196,9231.891463209753,-1654.4126358976755,17206,8329
future_peak>=100,193,25404,167,0.2981566426949278,0.2938258506884257,9218.38158232221,-1644.010231300261,17115,8276
future_peak>=100,194,25255,167,0.2998158624319875,0.2959349036764053,9207.230012781585,-1635.380407061734,17008,8231
future_peak>=100,195,25081,167,0.3019278004894607,0.29794887959917793,9196.118022172002,-1623.4668580958437,16919,8146
future_peak>=100,196,24940,167,0.3038599018152369,0.29908028826631194,9191.045844548105,-1612.7798932760884,16828,8088
future_peak>=100,197,24797,167,0.3059999827127445,0.3012326631429722,9189.792726312255,-1601.911154984328,16781,7995
future_peak>=100,198,24648,167,0.30815775693597164,0.30285222907435444,9185.396267660322,-1589.9238747024908,16672,7951
future_peak>=100,199,24505,167,0.30995672656368206,0.30487949154125443,9178.74581078395,-1583.2562263409238,16582,7907
future_peak>=100,200,24369,167,0.3120233333828793,0.30692648497419567,9177.20059692572,-1573.5039857183242,16502,7845
future_peak>=100,201,24202,167,0.3131746176493327,0.308102009204082,9146.885672684744,-1567.4335763355973,16383,7795
future_peak>=100,202,24045,167,0.31555374388503665,0.31117949198920136,9141.612655233788,-1554.1228835180866,16319,7701
future_peak>=100,203,23889,167,0.3176025923126848,0.3121483432556691,9129.799212640048,-1542.590884882317,16267,7608
future_peak>=100,204,23744,167,0.32003085719804125,0.31439960945033385,9128.064224854954,-1529.2515515446657,16210,7521
future_peak>=100,205,23604,167,0.32284646674911255,0.3173727097225154,9136.442342382457,-1515.9743412364062,16136,7442
future_peak>=100,206,23465,167,0.32517791323092354,0.31853944601346584,9136.161581210943,-1505.8618472473229,16073,7376
future_peak>=100,207,23312,167,0.32736123914874027,0.3215238637209775,9128.808281070542,-1497.3630740351123,15966,7330
future_peak>=100,208,23151,167,0.3297493725929275,0.3231856979269307,9117.760110168923,-1483.7323852700586,15894,7239
future_peak>=100,209,23008,167,0.33212841412480076,0.3252143132996539,9113.050544678847,-1471.4399924954387,15819,7170
future_peak>=100,210,22862,167,0.3342565880283229,0.3270895290727489,9101.626216167691,-1459.852100664169,15751,7097
future_peak>=100,211,22732,167,0.33678452342292203,0.32926440947972196,9104.176899960301,-1448.3911135104315,15704,7016
future_peak>=100,212,22599,167,0.3387340528659533,0.33102815495796406,9097.097775034541,-1442.0469143168636,15618,6969
future_peak>=100,213,22456,167,0.3404105637260016,0.3316800851543712,9078.016580366579,-1433.7569613354906,15548,6884
future_peak>=100,214,22313,167,0.342914968172237,0.33454899243304637,9075.014635321435,-1423.5529504943047,15485,6806
future_peak>=100,215,22166,167,0.34539041721290337,0.3375835364493296,9069.088504661344,-1413.164516720128,15419,6727
future_peak>=100,216,22013,167,0.3478628066674402,0.34003826708875723,9057.986578734064,-1400.4826155637,15353,6652
future_peak>=100,217,21873,167,0.35018202099127455,0.3423501349329321,9052.293286163149,-1392.7619410209982,15270,6596
future_peak>=100,218,21734,167,0.3516691708529906,0.3426854485949485,9028.885564605873,-1385.7078052869765,15176,6543
future_peak>=100,219,21591,167,0.3534089523022584,0.343877247008661,9008.070659402963,-1377.6179702449024,15087,6492
future_peak>=100,220,21457,167,0.3548828008307972,0.34446486512533697,8986.342045113777,-1371.6217876873575,14994,6451
future_peak>=100,221,21307,167,0.3566290565014364,0.34572455072814723,8960.618248043718,-1361.9229411676122,14906,6388
future_peak>=100,222,21175,167,0.35831274342633135,0.3468416061680786,8941.546151132023,-1354.2738090794535,14843,6323
future_peak>=100,223,21028,167,0.3598034464158329,0.34803551398361127,8913.3668561705,-1347.419984938368,14725,6280
future_peak>=100,224,20881,167,0.36194786956030667,0.3494008859754647,8893.939767801263,-1336.106303512503,14634,6233
future_peak>=100,225,20732,167,0.36381425603853507,0.3502034043984658,8868.301745908502,-1325.7045897175892,14543,6170
future_peak>=100,226,20595,167,0.36619922984075415,0.35236132029520645,8858.980039872431,-1317.1069013021001,14447,6134
future_peak>=100,227,20458,167,0.3687391003651209,0.3554449253960702,8853.39158154124,-1309.7270662715891,14393,6052
future_peak>=100,228,20309,167,0.3711051652980687,0.35852910719750075,8837.641178272546,-1300.866376234066,14300,5998
future_peak>=100,229,20165,167,0.37381354463919725,0.3617599380267566,8828.72651597396,-1290.7763883245477,14228,5922
future_peak>=100,230,20009,167,0.3763202385240785,0.36463228987633794,8808.729480991351,-1278.9378283630642,14127,5873
future_peak>=100,231,19848,167,0.3780820303732328,0.365937287144981,8772.142766109284,-1267.9706272613512,14028,5805
future_peak>=100,232,19700,167,0.3794526232603808,0.367248701067916,8733.349085603215,-1258.1324073737158,13940,5747
future_peak>=100,233,19541,167,0.3808329225299047,0.36780111352474415,8690.56911869052,-1248.7129795336452,13826,5699
future_peak>=100,234,19409,167,0.3819238464577428,0.36888255571244427,8654.133231323385,-1241.3732954250518,13745,5650
future_peak>=100,235,19260,167,0.38380693478191324,0.3711628796539324,8622.633548668002,-1230.5119847683538,13673,5581
future_peak>=100,236,19119,167,0.38531626424011756,0.372433508191273,8589.40341132239,-1222.541755315587,13566,5542
future_peak>=100,237,18973,167,0.3876618440714824,0.3735957061678769,8566.98949782933,-1211.8813302610956,13477,5480
future_peak>=100,238,18820,167,0.3895380395078375,0.374815698048599,8536.190483667098,-1205.084580129597,13407,5398
future_peak>=100,239,18678,167,0.39184359630918664,0.37654309668099906,8516.434293861086,-1197.5796019980974,13309,5357
future_peak>=100,240,18543,167,0.39481908713720393,0.3784893916451139,8507.801733569579,-1186.6714007844075,13208,5324
future_peak>=100,241,18405,167,0.397694517306653,0.3817061661084897,8494.060263045421,-1174.492672016474,13137,5254
future_peak>=100,242,18263,167,0.4000376727083263,0.38352230319403136,8468.487856684225,-1162.5998400120652,13050,5202
future_peak>=100,243,18111,167,0.4024490904511579,0.3850473830794769,8438.733865221375,-1149.978388060454,12948,5150
future_peak>=100,244,17948,167,0.4034589558591217,0.38666068354486843,8383.024708900864,-1141.743369141349,12828,5108
future_peak>=100,245,17805,167,0.4050204701384664,0.3881604620689836,8346.885875969045,-1135.4964051536515,12739,5051
future_peak>=100,246,17653,167,0.40700526537259074,0.38978854575853894,8311.86333093929,-1126.9993813169467,12630,5012
future_peak>=100,247,17512,167,0.4090244705838723,0.3914576659941676,8282.28815972812,-1119.4516308633486,12540,4958
future_peak>=100,248,17366,167,0.41205344826261714,0.3938171526216138,8264.712497282595,-1108.9923147539869,12454,4897
future_peak>=100,249,17224,167,0.4147335624192522,0.39575302769817133,8241.46444286813,-1098.0935637589319,12357,4853
future_peak>=100,250,17065,167,0.41750287481645765,0.39837453285618657,8209.866058494857,-1085.1794997520085,12251,4804
future_peak>=100,251,16910,167,0.41980709219030904,0.40049392985015736,8171.7672389726,-1072.8293100344733,12170,4733
future_peak>=100,252,16750,167,0.42212181351937467,0.40324245405221937,8131.097999501736,-1060.5576230522083,12047,4685
future_peak>=100,253,16615,167,0.42503198274679244,0.40631729142958045,8111.460988343861,-1049.55459500591,11982,4623
future_peak>=100,254,16488,167,0.4278050389118553,0.40911778928518067,8093.717329702615,-1040.0678481239459,11911,4572
future_peak>=100,255,16372,167,0.4303126009831313,0.41083223146606945,8079.519707900338,-1034.4418046045075,11877,4485
future_peak>=100,256,16241,167,0.4325115772652812,0.41218034063022063,8053.073131282961,-1028.6526049175309,11785,4447
future_peak>=100,257,16093,167,0.43432765637071047,0.4136190889725772,8009.114498178545,-1019.4795242047056,11709,4375
future_peak>=100,258,15940,167,0.43612996510363455,0.415020066792002,7961.864448291223,-1009.9528045392884,11601,4331
future_peak>=100,259,15777,167,0.4389317217696436,0.417387571880458,7921.827074732847,-996.8013003731799,11501,4267
future_peak>=100,260,15635,167,0.44168299447183323,0.4196925784643588,7890.230177496853,-984.5165589297426,11432,4195
future_peak>=100,261,15500,167,0.4448127239642797,0.4218060965159599,7868.243489172314,-973.6462677259793,11343,4151
future_peak>=100,262,15365,167,0.4475338329768609,0.4235406164370807,7839.6609157656485,-963.303572076183,11261,4094
future_peak>=100,263,15208,167,0.4503921447355272,0.4254931362004906,7802.203885520543,-952.6401483826462,11168,4035
future_peak>=100,264,15053,167,0.45293369136587613,0.4278990740232247,7759.689868787478,-941.6790126569392,11091,3955
future_peak>=100,265,14923,167,0.4564306685030304,0.43091173742949257,7740.274751067432,-928.9598849967086,11006,3910
future_peak>=100,266,14779,167,0.45919803150089905,0.43335521618670864,7704.911096392093,-918.423388840307,10908,3864
future_peak>=100,267,14651,167,0.46156554507464037,0.4356601036967987,7670.41524465323,-908.0184437646723,10820,3827
future_peak>=100,268,14497,167,0.4644630388739208,0.4380539674472401,7629.778028028306,-896.4573534730735,10711,3778
future_peak>=100,269,14349,167,0.4665731536573431,0.440062188569027,7578.584840909407,-883.7266590801956,10634,3712
future_peak>=100,270,14185,167,0.4691587490345592,0.44250120249114544,7524.799876358278,-869.7830213030574,10524,3650
future_peak>=100,271,14019,167,0.47278813825237753,0.44569966629193414,7483.274167279983,-855.2572571199017,10423,3591
future_peak>=100,272,13873,167,0.47538110817742085,0.44748420816118784,7438.367218777983,-843.4051050326228,10317,3547
future_peak>=100,273,13720,167,0.4780349109400362,0.44971887058937365,7392.161774352297,-833.5227962550013,10205,3509
future_peak>=100,274,13595,167,0.4809575556742497,0.4532237143031007,7363.089982532665,-824.4720131412424,10109,3480
future_peak>=100,275,13465,167,0.4835675475974956,0.4557377210925627,7328.191662055946,-816.9546336556764,10039,3416
future_peak>=100,276,13335,167,0.4866471021007823,0.4596898633065137,7298.25615592746,-808.817049413527,9945,3381
future_peak>=100,277,13204,167,0.48947010460305557,0.46273126226039335,7263.735354076151,-800.7720928974053,9859,3339
future_peak>=100,278,13053,167,0.4926620872074418,0.46552375990624545,7223.524765795384,-792.8065414766505,9745,3298
future_peak>=100,279,12903,167,0.4963387388306423,0.46725853359605096,7184.110724130197,-779.8519769984223,9656,3242
future_peak>=100,280,12766,167,0.4992432599628426,0.46963433804006416,7143.867331131975,-770.5278744463325,9578,3179
future_peak>=100,281,12630,167,0.5029515113829198,0.47236931985766273,7110.534564647787,-758.2569758815102,9504,3120
future_peak>=100,282,12498,167,0.5062815144203773,0.4747040978798726,7075.401982582107,-747.8956153562336,9423,3073
future_peak>=100,283,12361,167,0.5087232889831534,0.4774829568170328,7029.376946661602,-741.0483715408427,9336,3020
future_peak>=100,284,12210,167,0.5123749825134231,0.4797129552642091,6986.648171643887,-730.5496351549942,9235,2973
future_peak>=100,285,12076,167,0.5150487863230094,0.48246097809773886,6944.703512829788,-724.9743691931269,9128,2946
future_peak>=100,286,11953,167,0.5178984693691489,0.4849855732862323,6908.698081469107,-718.2576770996692,9031,2915
future_peak>=100,287,11809,167,0.5216447925720463,0.48889729573954777,6867.165913757427,-707.0625582741317,8936,2867
future_peak>=100,288,11677,167,0.5244178447004256,0.4911004729739485,6823.7564317316,-700.1292591647297,8853,2821
future_peak>=100,289,11537,167,0.5282355858431492,0.49425017624589307,6783.499471866082,-689.2455179936707,8757,2774
future_peak>=100,290,11395,167,0.5323248652911254,0.49737081503595265,6743.004054598768,-677.1622146063953,8666,2721
future_peak>=100,291,11267,167,0.535746690991982,0.49932638798132156,6705.960482966967,-669.702515560306,8585,2678
future_peak>=100,292,11130,167,0.5398001462350746,0.5024129644162421,6666.457386286683,-658.4817586903054,8493,2632
future_peak>=100,293,10988,167,0.5429872377911911,0.5047286779488612,6616.319773141356,-649.9760042917487,8382,2595
future_peak>=100,294,10862,167,0.5465418421832934,0.5078019107551364,6576.096696774423,-639.5592069794889,8312,2540
future_peak>=100,295,10701,167,0.5509232107580909,0.5106845021849684,6523.101332867781,-627.6720545454499,8190,2506
future_peak>=100,296,10553,167,0.5548164407632971,0.5131998456663271,6471.819039388785,-616.8411400137109,8089,2459
future_peak>=100,297,10400,167,0.559497236053084,0.5165222164580385,6424.498342965119,-605.7270880130445,7981,2417
future_peak>=100,298,10245,167,0.5628164429984215,0.5202471500733717,6363.9054918194915,-597.8510333006651,7867,2375
future_peak>=100,299,10116,167,0.5659933112757428,0.5236613701414501,6315.687667040159,-590.0993301747454,7767,2344
future_peak>=100,300,9964,167,0.5705644123691531,0.5282712603645794,6263.671522361444,-578.5677175152025,7670,2290
future_peak>=100,301,9837,167,0.5734989314629851,0.5315561477111596,6211.915119742974,-570.4061309415907,7578,2257
future_peak>=100,302,9707,167,0.5776109738572112,0.5335827146089315,6166.931296145621,-560.0615729136747,7489,2215
future_peak>=100,303,9572,167,0.5807337213361136,0.5359190227170552,6109.290651838929,-550.5074712096498,7397,2170
future_peak>=100,304,9447,167,0.58371652002788,0.537080171453316,6055.666956905418,-541.2969922020351,7316,2128
future_peak>=100,305,9301,167,0.5888255320883643,0.5412882794970909,6008.058564977082,-531.3922910232071,7216,2085
future_peak>=100,306,9167,167,0.5933258118039535,0.5455033069087429,5961.38478586248,-522.3670690556388,7124,2035
future_peak>=100,307,9040,167,0.5979307814373742,0.5489903303421961,5918.388462763272,-513.0941985694101,7050,1988
future_peak>=100,308,8912,167,0.6034236781071564,0.5526409152152337,5880.260894929878,-502.5490756389011,6959,1947
future_peak>=100,309,8787,167,0.607912762784027,0.55511732610377,5835.5443684071215,-493.8149218238761,6873,1913
future_peak>=100,310,8661,167,0.6120107873839841,0.5568111822129325,5785.613454837653,-484.98802530496584,6783,1876
future_peak>=100,311,8522,167,0.6165804560476599,0.5597731567157542,5727.945490341229,-473.4468439030696,6700,1821
future_peak>=100,312,8382,167,0.6215237349444988,0.563163080244658,5671.784193361958,-462.1722470571692,6607,1767
future_peak>=100,313,8238,167,0.6254255030797964,0.5667826461032108,5604.728946644425,-452.47365227306216,6507,1728
future_peak>=100,314,8103,167,0.6292252432295014,0.5719815426744892,5541.4424092506915,-442.83026336203943,6413,1689
future_peak>=100,315,7963,167,0.6342104599008291,0.575869072112846,5482.119199765022,-431.9013075747188,6312,1648
future_peak>=100,316,7829,167,0.6381730644922442,0.5783873677637864,5418.702537320374,-422.4456154105943,6214,1612
future_peak>=100,317,7705,167,0.6423593786062921,0.580251437289743,5360.9452031946785,-411.5661910331951,6125,1578
future_peak>=100,318,7579,167,0.6474470380466207,0.5821536575250785,5308.721844345877,-401.72074299054026,6030,1547
future_peak>=100,319,7450,167,0.651330656120369,0.5839668131015183,5245.774882644474,-393.3614945477255,5927,1518
future_peak>=100,320,7321,167,0.6554905887128306,0.5862850643720878,5183.712039898019,-384.8654399313845,5833,1484
future_peak>=100,321,7190,167,0.6600607247411487,0.5908541550106584,5120.001076022152,-374.1644651332954,5746,1441
future_peak>=100,322,7050,167,0.6635278938401741,0.5921942704459646,5042.125440185361,-364.2537886121305,5645,1403
future_peak>=100,323,6915,167,0.6682239302967583,0.5956153513171316,4974.203264534243,-353.4347865321605,5551,1363
future_peak>=100,324,6790,167,0.6729824421293809,0.6006601562050164,4913.670171075468,-344.11938901697187,5457,1329
future_peak>=100,325,6656,167,0.67852096816615,0.6051239362300623,4851.157262500336,-334.9216983864422,5361,1294
future_peak>=100,326,6535,167,0.6824987975085877,0.6094393205235022,4787.412442747946,-327.282801029327,5283,1251
future_peak>=100,327,6401,167,0.6881237311477962,0.6124638367659125,4722.64482357555,-317.9648204985062,5182,1217
future_peak>=100,328,6266,167,0.6951036511140285,0.6146339282589384,4662.309492218813,-306.79001433831456,5088,1176
future_peak>=100,329,6143,167,0.6998260133038372,0.6168873940978912,4596.772794355204,-297.7415946297337,4996,1142
future_peak>=100,330,6001,167,0.7062426239856907,0.6209925088821026,4526.881665353443,-288.7196788153154,4900,1097
future_peak>=100,331,5869,167,0.7126636129069214,0.6270980038480064,4462.7474728670695,-280.1247287163503,4801,1065
future_peak>=100,332,5727,167,0.7186207506212579,0.6326194091479426,4386.187126907462,-270.64608809951574,4692,1031
future_peak>=100,333,5581,167,0.7259461946907481,0.6376844184160948,4312.24249385909,-260.7367812900275,4580,999
future_peak>=100,334,5448,167,0.730841482643487,0.6406533535564691,4233.587741786589,-251.96334434487133,4481,963
future_peak>=100,335,5310,167,0.7360013647347534,0.6439902337742043,4150.435576952863,-242.26833021131998,4389,918
future_peak>=100,336,5174,167,0.7412474128132137,0.6500575058792418,4069.0955477859734,-233.88143389040712,4278,892
future_peak>=100,337,5044,166,0.745555265565752,0.6633925449656631,3986.127370109059,-225.54661059540615,4187,856
future_peak>=100,338,4915,166,0.7517188696542988,0.6681459005675461,3911.333836954123,-216.63559260324345,4082,832
future_peak>=100,339,4786,166,0.7586015839319518,0.6719053727459807,3837.932327908979,-207.26514721065777,3989,795
future_peak>=100,340,4652,166,0.7638597487422818,0.6763963726955003,3755.010434874772,-201.53488372567682,3883,767
future_peak>=100,341,4521,166,0.7701700541716178,0.6827496056501658,3676.0522781062173,-194.1134631963353,3773,744
future_peak>=100,342,4391,166,0.774009869102985,0.6867642237487978,3585.1551128230235,-186.47777759181716,3672,719
future_peak>=100,343,4263,166,0.7778505221868321,0.6899160667247117,3496.9749793109754,-180.99820322850965,3563,697
future_peak>=100,344,4137,166,0.7832754726266101,0.6936077781958527,3414.365790438539,-173.9551601822519,3462,673
future_peak>=100,345,4011,166,0.7895042460984621,0.6978905436899568,3333.1177290616893,-166.416197960758,3359,650
future_peak>=100,346,3878,165,0.7979538096464085,0.7066938915623355,3252.98336621164,-158.51849240286808,3264,613
future_peak>=100,347,3740,165,0.8064775165727318,0.7138429009445953,3167.1983822122847,-150.9724702302687,3156,580
future_peak>=100,348,3611,164,0.8116335067890373,0.7211156106114192,3076.167289707671,-145.35869669245676,3047,560
future_peak>=100,349,3475,164,0.8193762692568438,0.7265387875736418,2985.529276564498,-138.1967408969663,2940,534
future_peak>=100,350,3333,164,0.8252745128270277,0.7332638193613061,2882.0561680364763,-131.41621678399383,2821,511
future_peak>=100,351,3201,163,0.8327068256495542,0.7352029587272225,2790.0873227123902,-124.59277380816759,2718,482
future_peak>=100,352,3063,163,0.8424415527610247,0.7402663840009023,2697.6989352540845,-117.30045914706587,2611,451
future_peak>=100,353,2933,163,0.851062962282404,0.7438127545680683,2606.293023035566,-110.12535466127565,2504,429
future_peak>=100,354,2807,163,0.8604989859910486,0.7468744601280838,2520.3141861584636,-104.8935324815899,2393,414
future_peak>=100,355,2680,161,0.8696884182324781,0.7529122410129694,2429.432513198524,-98.66755233548201,2293,387
future_peak>=100,356,2550,157,0.876427049931898,0.7676318762762809,2326.362054532122,-91.47307720578141,2183,367
future_peak>=100,357,2422,156,0.8836804788805493,0.7771968722453514,2225.0268411699662,-84.7527213212755,2080,342
future_peak>=100,358,2292,155,0.8889388498680547,0.7842743104504774,2116.720884594618,-79.27304069703546,1974,317
future_peak>=100,359,2161,97,0.8987089692061677,0.7967789683152768,2015.7333658555747,-73.62328340104618,1860,301
future_peak>=100,360,2081,97,0.9072958252843958,0.805686157164519,1958.0280902902794,-69.94547787345144,1797,284
future_peak>=100,361,2001,97,0.911703932617198,0.8119497130931119,1891.2409002495292,-66.92133108251649,1733,268
future_peak>=100,362,1925,97,0.9178922149914475,0.8144754343255443,1830.3379262223364,-63.39541236379961,1672,253
future_peak>=100,363,1846,97,0.9234831970903872,0.8200206568513781,1763.6038557519555,-58.85387392310045,1614,232
future_peak>=100,364,1773,96,0.92631792175829,0.8151394668203084,1697.000388159593,-54.638712882145704,1554,219
future_peak>=100,365,1707,96,0.9296874288831105,0.821169670116999,1638.9278096032576,-51.95136849978812,1497,209
future_peak>=100,366,1639,97,0.9350735070142341,0.8404050113973872,1580.2504082261942,-47.66493022986395,1441,198
future_peak>=100,367,1561,97,0.9433576078370527,0.8482487490297234,1515.7652176991423,-43.18399186550384,1381,180
future_peak>=100,368,1488,97,0.9486374506915954,0.8507369140434901,1451.21061500542,-39.63808837632571,1321,167
future_peak>=100,369,1417,96,0.9525679514106207,0.8168332418001065,1386.547552071509,-36.75876492265913,1261,156
future_peak>=100,370,1346,96,0.9597296371732409,0.8212033593067961,1325.2313773648139,-33.435285729631346,1203,143
future_peak>=100,371,1276,96,0.9653724534917959,0.8284214431341802,1262.7044099915645,-30.8891593360331,1140,136
future_peak>=100,372,1205,96,0.9708307620920048,0.8329484600171378,1198.4834854458124,-28.63241712494635,1080,125
future_peak>=100,373,1133,96,0.9757849766200682,0.8365839632665047,1132.1622366963613,-26.5978581858242,1019,114
future_peak>=100,374,1066,96,0.9721699130592458,0.8362561216414259,1061.6900002579948,-25.3568729368388,958,108
future_peak>=100,375,1000,96,0.9729579403127164,0.8440939870018173,996.7583486155057,-23.800408302789485,900,100
future_peak>=100,376,928,96,0.9744720531107037,0.8539014337337044,926.4922763373105,-22.18221105057748,837,91
future_peak>=100,377,859,96,0.9781485654895936,0.8608456035270127,859.2426368838497,-19.013019128288825,778,81
future_peak>=100,378,785,96,0.9839761771709212,0.8681438490860036,789.0063030095517,-16.585003930378704,713,72
future_peak>=100,379,718,96,0.9843081169736264,0.8720023313088072,721.0106837342476,-14.277455747183934,653,64
future_peak>=100,380,656,94,0.9857875222025958,0.888819272778999,659.3070058590622,-12.630391294159391,597,59
future_peak>=100,381,596,94,0.982614586861005,0.892336480018827,597.0386920438859,-11.40039827472717,543,53
future_peak>=100,382,533,94,0.9782216849162645,0.8930047590390884,531.485672365601,-10.093514305232066,487,46
future_peak>=100,383,468,94,0.9772581285003303,0.8946443784021724,465.8163975484145,-8.45959341025986,429,39
future_peak>=100,384,393,94,0.9681882012777253,0.8979574520557524,387.5218694252838,-7.023906323137746,360,32
future_peak>=100,385,318,90,0.9542396273147209,0.9031265081869374,308.73416590533753,-5.285964419256146,293,25
future_peak>=100,386,248,89,0.9258522447818754,0.8855117023710212,233.8917068878293,-4.280350181924164,228,20
future_peak>=100,387,170,89,0.911449167890969,0.8836241769977904,158.098939718137,-3.1525811766722525,156,14
future_peak>=100,388,90,88,0.880017687376887,0.8823675616976842,80.80082843243405,-1.5992365685142143,82,8
unlabelled,0,33572,259,0.0,0.0,0.0,0.0,0,0
unlabelled,1,22470,250,0.0005418072879351473,0.00010224695754775217,173.7782383233548,-161.6038285634521,10461,10555
unlabelled,2,21422,251,0.0008561296341051697,0.0011120206808082696,220.52025628594524,-202.18024726414416,10117,10326
unlabelled,3,20721,247,0.0010263971399502778,-0.00003612292130466008,247.38268242978734,-226.1147072928776,9870,10083
unlabelled,4,20302,246,0.0013110272446967925,-0.000050948584229310255,271.7608097816022,-245.14433465976805,9744,9941
unlabelled,5,20178,248,0.001413400447890858,0.0006747530981400159,296.48303309645087,-267.96343885890917,9695,9905
unlabelled,6,20049,237,0.0017613335121866678,-0.0004458188410380875,325.7081075382294,-290.39513195239834,9684,9892
unlabelled,7,19819,241,0.002192765071407322,-0.0009940926722183162,350.82660338723616,-307.3681924370145,9634,9720
unlabelled,8,19703,243,0.0024708992928576235,-0.001013866485229868,370.93063791608614,-322.24650914891254,9661,9636
unlabelled,9,19423,244,0.002867605956855358,0.0013614417729363058,389.69993887150144,-334.0024283714998,9520,9532
unlabelled,10,19453,242,0.0031155148191575385,0.00004534139268051183,414.80295356362956,-354.1968437865579,9538,9532
unlabelled,11,19366,241,0.003635621389852723,-0.0009541413591571699,440.19565312228974,-369.7882092864021,9465,9562
unlabelled,12,19138,237,0.004156281537092995,-0.0008376690049680467,458.18574069949767,-378.642824642612,9341,9473
unlabelled,13,19053,244,0.004796591222177577,-0.00023906494095959777,477.4356793864753,-386.0462268303259,9331,9416
unlabelled,14,18924,240,0.005383575625364123,0.0009642304527227605,493.674482856724,-391.79569772233356,9382,9274
unlabelled,15,18932,245,0.005715730692984198,0.0013789023420429911,511.3485146774519,-403.1383011978747,9356,9286
unlabelled,16,18737,245,0.006037128533355675,0.0002181540811321623,527.30175379744,-414.18407646795487,9267,9201
unlabelled,17,18666,243,0.006496608188588399,0.001082703239435139,543.7039745340268,-422.4382860858358,9272,9152
unlabelled,18,18565,245,0.006783373112047001,0.0002163759887889318,556.4757782751598,-430.54245645000725,9200,9119
unlabelled,19,18454,235,0.007355943026899058,0.0015631218845046477,569.0308854833282,-433.2843128649333,9219,9014
unlabelled,20,18348,243,0.007907921239064992,0.0006951183321232689,583.1693057624539,-438.0747668680897,9180,8934
unlabelled,21,18200,241,0.00871462347913451,0.0010962157142847522,603.7612990741252,-445.1551517538768,9121,8862
unlabelled,22,18125,240,0.009111241467749585,0.0013954649171752445,618.8282981244814,-453.6870465215199,9107,8797
unlabelled,23,18123,235,0.009372596043526147,0.0016013474970647094,632.6687842084604,-462.8092261116359,9052,8875
unlabelled,24,17962,236,0.009810204964957188,0.002018842309949557,643.7026715924166,-467.49177001185586,8996,8758
unlabelled,25,17838,235,0.01017245459053668,0.0028762897852724813,655.104273765872,-473.6480287798795,8932,8727
unlabelled,26,17837,236,0.010776526436877116,0.003223082013348397,673.5718754684052,-481.3509734138283,8986,8703
unlabelled,27,17672,238,0.011434149404864166,0.0029295099996104928,686.027608115417,-483.9633198326577,8883,8638
unlabelled,28,17622,242,0.012101461376862107,0.0034470108207114037,701.0582029079702,-487.8062505249065,8819,8628
unlabelled,29,17472,239,0.0125230755682577,0.002898345854903015,710.7417254045356,-491.9385490759369,8745,8559
unlabelled,30,17493,240,0.013149747784986152,0.0036379248401455394,725.6696900168131,-495.64115201405,8817,8506
unlabelled,31,17291,233,0.01368709595490978,0.004254389760268881,736.9628459493739,-500.2992697930293,8727,8416
unlabelled,32,17281,236,0.014391605331101372,0.0032810295310207235,751.9099159377292,-503.20858421096665,8742,8362
unlabelled,33,17131,235,0.015011550975550892,0.002595949491079392,764.0746474581136,-506.91176769595063,8627,8359
unlabelled,34,17068,236,0.015525038266514902,0.0036343782100089514,774.5552378791729,-509.5738847462969,8603,8332
unlabelled,35,16932,236,0.016236673124228003,0.0050518187252811915,787.0549098914285,-512.1355605520005,8608,8175
unlabelled,36,16805,232,0.016958639041999124,0.004245516978594809,801.578714716629,-516.5887856158339,8505,8176
unlabelled,37,16905,235,0.017042060515782224,0.0038264965003713554,813.9707740079227,-525.874740988624,8492,8266
unlabelled,38,16768,238,0.017598532353471627,0.002733215676403162,824.924431910344,-529.8322414073314,8432,8209
unlabelled,39,16640,238,0.018178362396441043,0.003859618102083541,834.0234690265049,-531.5355187497264,8383,8143
unlabelled,40,16584,232,0.01836259014806082,0.004869457928331212,840.0178207610791,-535.4926257456384,8355,8109
unlabelled,41,16464,235,0.019001585961472393,0.006414265624523532,851.0534449479983,-538.2113336783171,8273,8045
unlabelled,42,16440,232,0.019910405958869754,0.005966606778631166,868.1599196819826,-540.8328457181642,8352,7944
unlabelled,43,16392,229,0.020675680950901616,0.005185092458762097,883.5166559128492,-544.60089376567,8320,7950
unlabelled,44,16333,236,0.02160746708104413,0.006539893664073966,896.8406101798347,-543.9258503451412,8337,7867
unlabelled,45,16227,232,0.022104990916511393,0.00615411892002547,901.1976288883117,-542.4999412860811,8326,7787
unlabelled,46,16066,232,0.022836518605307606,0.007538405909842927,908.257527772281,-541.3660198594091,8269,7666
unlabelled,47,16016,235,0.023258266855689092,0.008040608913592007,917.1332546536518,-544.6288526929354,8286,7615
unlabelled,48,15956,236,0.023550744832463767,0.006608017820991482,926.5984619802426,-550.8227774334504,8205,7647
unlabelled,49,15932,229,0.023830016163835635,0.007224160684562141,937.7397074913515,-558.079889969123,8151,7670
unlabelled,50,15789,232,0.024173098226885112,0.009372904154963065,944.5215027836781,-562.8524548793888,8112,7568
unlabelled,51,15804,235,0.023689371117921198,0.006111233009856631,944.5278717198687,-570.1410505722419,8088,7607
unlabelled,52,15636,236,0.024626047372483025,0.006117803123560537,951.6607933603497,-566.6079166442057,8052,7461
unlabelled,53,15621,235,0.025272779624457637,0.00877298964788181,961.4614861124455,-566.6753955987921,8027,7493
unlabelled,54,15521,235,0.026708938348991736,0.009075668935860077,981.3834057967547,-566.8339736820541,7973,7444
unlabelled,55,15532,232,0.027696906937186395,0.0077283132766606715,997.9071605354005,-567.7188019870217,8003,7415
unlabelled,56,15483,237,0.028134888643994892,0.007268041217065109,1002.8375772562775,-567.2250963813046,7933,7451
unlabelled,57,15380,231,0.0288307141123013,0.008568010959406175,1011.818767938593,-568.4023848913988,7909,7355
unlabelled,58,15331,233,0.02964404683582216,0.010109376000309016,1020.5941574777792,-566.1212754377899,7922,7294
unlabelled,59,15240,233,0.03015471950020641,0.009549038275941373,1026.1082491828615,-566.550323999716,7855,7282
unlabelled,60,15230,232,0.030328963376359142,0.008122163898005392,1033.460370203164,-571.5502579812145,7813,7304
unlabelled,61,15070,232,0.031292497071678714,0.0087270622055283,1044.3911549030533,-572.8132240328551,7730,7239
unlabelled,62,15020,236,0.031625543572791494,0.008284173944402291,1052.0604587216642,-577.044794258336,7666,7277
unlabelled,63,14907,230,0.032770883819660854,0.010448617693916288,1064.2529273152634,-575.7373622155787,7668,7139
unlabelled,64,14858,233,0.034058236128962804,0.012405305095222492,1081.1275551529336,-575.090282748804,7662,7112
unlabelled,65,14758,228,0.03507483284423255,0.012420818625545177,1094.497301106716,-576.8629179915326,7650,7017
unlabelled,66,14737,230,0.03498212096615327,0.013678951690926124,1093.0491425781345,-577.5176258999333,7655,6983
unlabelled,67,14632,232,0.035235626587783266,0.01175364557035868,1093.6021069048968,-578.034418672452,7587,6959
unlabelled,68,14605,227,0.03576739239136621,0.011691041547408326,1106.4427435449231,-584.0599776690195,7580,6941
unlabelled,69,14584,228,0.03638714133922879,0.013023262794167913,1114.444273680852,-583.7742043895389,7588,6923
unlabelled,70,14497,232,0.03712462246885119,0.012429605821098132,1122.7900240037332,-584.5943720727973,7545,6881
unlabelled,71,14413,230,0.03801328849192562,0.013944156761304687,1133.9299693854614,-586.0444423513388,7574,6770
unlabelled,72,14383,230,0.0380000003642495,0.01339272570543167,1134.1262859140165,-587.5722806750169,7529,6783
unlabelled,73,14309,230,0.03893741803137207,0.01405723673594751,1143.621587968029,-586.4660733571264,7510,6716
unlabelled,74,14232,232,0.03939087530775114,0.014327343552114659,1147.6805553338597,-587.0696179539443,7492,6670
unlabelled,75,14271,231,0.039717195831242606,0.016434982307256926,1157.0515506418626,-590.2474489341989,7500,6694
unlabelled,76,14155,231,0.040765838679261784,0.015367664201164484,1164.5454892899083,-587.5050427849571,7485,6590
unlabelled,77,14074,227,0.04024984444767152,0.01625012052080153,1152.6213555938764,-586.145044837348,7383,6612
unlabelled,78,14053,234,0.04166934014735239,0.015506036150208215,1170.0106653862492,-584.4314282955063,7401,6576
unlabelled,79,13965,230,0.04229541760670784,0.016663985213812207,1175.9513369976253,-585.2958301199502,7321,6568
unlabelled,80,13849,229,0.04234715502746464,0.016342850837145734,1172.5842854312484,-586.1185354558909,7291,6491
unlabelled,81,13803,226,0.0427460301819133,0.01652206050035562,1177.284164092086,-587.2607094911355,7263,6465
unlabelled,82,13701,229,0.042879124477606556,0.015468760120700973,1172.8208787684891,-585.3339943008016,7263,6377
unlabelled,83,13725,231,0.0426698602425308,0.01820753006484862,1173.9493270772255,-588.30549524849,7222,6437
unlabelled,84,13691,235,0.04308153700827424,0.015885390059109897,1179.3502811544777,-589.5209579741943,7230,6400
unlabelled,85,13651,230,0.04394220957237037,0.015529828332036043,1191.7323928888723,-591.8772900164444,7182,6392
unlabelled,86,13546,230,0.04519678911413459,0.01792940226136278,1199.3852295498543,-587.1495242097878,7146,6325
unlabelled,87,13500,228,0.04479591942488889,0.017605944614925272,1191.3723262729457,-586.627414036945,7127,6303
unlabelled,88,13394,230,0.044757251411024185,0.014332738519601556,1183.7692358811487,-584.2906104818903,7066,6258
unlabelled,89,13309,224,0.045828921101654006,0.02016097595474701,1190.5619976773341,-580.6248867354198,7062,6171
unlabelled,90,13239,234,0.046837490389357035,0.016721908690744285,1195.5968517753597,-575.5153165106631,7073,6086
unlabelled,91,13147,232,0.047798855957010326,0.01900344226739743,1205.9834241596059,-577.5718648927909,7005,6064
unlabelled,92,13135,231,0.04844261094139736,0.01841632086395136,1213.9585528903642,-577.6648581751099,6991,6062
unlabelled,93,13103,230,0.048577082183513996,0.018911027234344416,1215.1913342820333,-578.6858264314498,7011,6021
unlabelled,94,13035,233,0.04832819607151578,0.016677104566539824,1208.9067193690016,-578.9486835767932,6985,5969
unlabelled,95,12944,235,0.04864914165618521,0.018508280619983962,1206.11886783877,-576.4043782411079,6896,5985
unlabelled,96,12904,234,0.049624107595453576,0.018253674277966883,1215.9096915130335,-575.5602071013004,6877,5975
unlabelled,97,12876,231,0.051221959080458214,0.020562098414907894,1231.777212859191,-572.2432677392112,6914,5917
unlabelled,98,12859,230,0.051508892808132804,0.01865433426776263,1235.2227044305287,-572.869851810749,6840,5943
unlabelled,99,12719,231,0.0521888550132932,0.023586492817570307,1233.5031621511841,-569.7131152371078,6858,5789
unlabelled,100,12638,231,0.05327144065318667,0.023073111624723048,1242.4703922783165,-569.2259253033436,6797,5769
unlabelled,101,12596,230,0.05304488583265253,0.024045817436475787,1236.1375183264315,-567.9841363783407,6775,5766
unlabelled,102,12549,225,0.05287888866916132,0.023787851760721342,1230.322960700178,-566.7457867908732,6762,5725
unlabelled,103,12534,230,0.05276529207179829,0.022448349310788172,1226.7322128689711,-565.3720420410526,6738,5733
unlabelled,104,12449,227,0.054113657336065824,0.026453709465862493,1238.2008599505368,-564.5399397738527,6636,5736
unlabelled,105,12425,229,0.05410124594601661,0.024214466703081146,1238.755066772936,-566.5470858936794,6607,5763
unlabelled,106,12325,230,0.055473858526633744,0.025446868906893155,1247.0772284784339,-563.3619221376731,6576,5691
unlabelled,107,12318,224,0.05616801623380466,0.025402390009261405,1254.294304542314,-562.4166805743079,6581,5680
unlabelled,108,12257,229,0.05718016028426234,0.026912342470783505,1256.0081801559995,-555.1509555517962,6599,5603
unlabelled,109,12224,228,0.056474017933385294,0.02373159227536772,1245.5578819669124,-555.2194867492103,6591,5567
unlabelled,110,12035,233,0.05780570098197345,0.026973809582137267,1246.5142667570778,-550.8226554390275,6490,5496
unlabelled,111,12032,227,0.057261323484940195,0.026962614400446554,1240.673952510407,-551.7057083396061,6422,5555
unlabelled,112,11918,224,0.058079062148036695,0.03071995129957061,1242.686618296909,-550.5003556166071,6357,5497
unlabelled,113,11974,226,0.05840960021320439,0.027167336003156878,1251.9612432440388,-552.564690291129,6375,5538
unlabelled,114,11901,224,0.05986401547891215,0.03212944513086126,1261.5807643296982,-549.1391161151644,6372,5470
unlabelled,115,11841,227,0.059548691547401555,0.025671638207894625,1255.5651346427364,-550.4490780299548,6328,5457
unlabelled,116,11798,220,0.06135767859345185,0.0344864764191559,1273.8735815334283,-549.9756894878836,6321,5419
unlabelled,117,11744,222,0.06263303604727216,0.03325632372344492,1285.990299030474,-550.4279236913095,6278,5415
unlabelled,118,11694,219,0.06251409456737561,0.03475965723030824,1283.571901659456,-552.5320797885652,6192,5455
unlabelled,119,11647,224,0.06147311294236919,0.02704302432049636,1270.8018580514345,-554.8245116116601,6142,5438
unlabelled,120,11609,226,0.06301668342507621,0.03243603670182995,1279.8402219515654,-548.2795440698557,6178,5380
unlabelled,121,11521,225,0.0627524551323391,0.0344158788478968,1268.798949210485,-545.8279136308066,6135,5335
unlabelled,122,11446,228,0.06317948027222371,0.030271204360535667,1267.0563950345947,-543.9040638387228,6087,5312
unlabelled,123,11424,222,0.0637160963441017,0.03268801530114468,1272.2124637153436,-544.3197790803247,6114,5276
unlabelled,124,11408,226,0.06413744881904869,0.03466570764844179,1275.8327345989355,-544.1527184712282,6107,5248
unlabelled,125,11409,230,0.06417517480565751,0.031125784168896543,1276.8201102601035,-544.6455409023574,6152,5198
unlabelled,126,11348,217,0.06436699614938507,0.03559367514054023,1276.044924213798,-545.6082519105764,6077,5219
unlabelled,127,11252,220,0.06698618885832507,0.03643679518520188,1291.7877081164754,-538.0591110826023,6049,5153
unlabelled,128,11181,219,0.06748166508502955,0.036216656138332796,1293.793105496466,-539.2806081807513,5960,5181
unlabelled,129,11217,225,0.0672320260074639,0.03454706773208635,1289.8180215380285,-535.6763858123056,5988,5188
unlabelled,130,11086,229,0.06754897996992805,0.032142405166055696,1285.4574534930962,-536.6094615464737,5900,5141
unlabelled,131,11029,219,0.06662156240827298,0.03296680691968705,1268.7849443578632,-534.0157325570202,5876,5101
unlabelled,132,10990,227,0.06690184454379966,0.032487660002040605,1268.5049237324727,-533.2536521961149,5883,5056
unlabelled,133,10953,224,0.06779370033967776,0.036155639683534344,1275.4514309904164,-532.9070311699255,5879,5026
unlabelled,134,10851,223,0.06949539995818992,0.03587549278030044,1282.7517763692597,-528.6571914229407,5817,4985
unlabelled,135,10840,229,0.06962017173808385,0.03718210355604621,1284.5425231748125,-529.8598615339841,5780,5013
unlabelled,136,10802,226,0.069936604102406,0.03680741787022102,1282.3344301197844,-526.8792326055941,5804,4955
unlabelled,137,10778,228,0.06915332281597764,0.032510460765075765,1274.029433612479,-528.6949203018719,5762,4973
unlabelled,138,10662,228,0.07019671254768903,0.036007917464234505,1272.319005465598,-523.881656282138,5695,4927
unlabelled,139,10668,219,0.07142755954290074,0.03632180803967348,1285.805149192669,-523.8159439890036,5712,4911
unlabelled,140,10694,218,0.07174679185051365,0.0389241022069604,1292.414700942511,-525.1545088931186,5726,4915
unlabelled,141,10581,228,0.0726770219094169,0.0369214828150808,1289.4490715809943,-520.453502757454,5640,4901
unlabelled,142,10580,222,0.07072505332186704,0.03896675337114791,1267.2259401163515,-518.9548759709984,5651,4888
unlabelled,143,10455,217,0.07089138352308658,0.03856390239010265,1256.017361893909,-514.8479471600381,5598,4822
unlabelled,144,10392,221,0.07163415927365684,0.03852292954332716,1260.0937264890765,-515.6715433172351,5568,4792
unlabelled,145,10393,219,0.07180527479573211,0.029455471371924058,1260.8674268296054,-514.5952058775604,5539,4808
unlabelled,146,10342,220,0.0737703489682484,0.038813888077444944,1274.8610616648132,-511.9281126351883,5522,4783
unlabelled,147,10291,219,0.07511244035393888,0.03009781191581547,1285.2769913449713,-512.2948676625866,5484,4769
unlabelled,148,10207,228,0.0761253261748945,0.040154207656400466,1281.9327559830383,-504.92155171588917,5441,4722
unlabelled,149,10170,221,0.0768019466700571,0.04313353125614341,1284.2740805513488,-503.1982829168685,5439,4698
unlabelled,150,10123,223,0.07752262257460604,0.04252381622091223,1287.0295511607933,-502.26804283805706,5423,4658
unlabelled,151,10082,227,0.07802086993947627,0.04530039823083971,1288.0072643510073,-501.40085362120743,5382,4663
unlabelled,152,10057,225,0.07950156681598007,0.04393325775880135,1300.3087785459188,-500.7615210776071,5354,4667
unlabelled,153,9970,224,0.07841335791894982,0.03712425111416456,1279.9781011392654,-498.1969226873362,5298,4626
unlabelled,154,9936,218,0.08040668749049021,0.04361373215533136,1290.3246448109237,-491.4037979054126,5334,4561
unlabelled,155,9862,216,0.08022905435515806,0.0468354543122857,1282.5910051646208,-491.3720711140523,5275,4536
unlabelled,156,9787,220,0.07982486280570225,0.043902699397055864,1269.7593078049258,-488.51337552551786,5199,4542
unlabelled,157,9787,223,0.08110017287576755,0.0481686117398016,1281.683142273266,-487.95575033812963,5255,4492
unlabelled,158,9660,221,0.081729938427778,0.04913201558290642,1276.4594405285168,-486.9482353161822,5156,4467
unlabelled,159,9642,220,0.08070835091816758,0.04540641555341573,1262.6528951877954,-484.4629756348246,5098,4499
unlabelled,160,9562,222,0.08205316807514641,0.04502042076159753,1266.322746650784,-481.7303535162336,5099,4430
unlabelled,161,9531,224,0.08442678915571246,0.05078436603112836,1284.6118154836038,-479.94008804050793,5078,4410
unlabelled,162,9510,223,0.08662728574393191,0.0506511355268958,1302.3669525537011,-478.541465128909,5069,4404
unlabelled,163,9488,224,0.0853624464616553,0.04976075829279172,1290.565608989688,-480.6467169615015,5017,4433
unlabelled,164,9447,219,0.08601485822331088,0.05011217310794431,1289.243827601378,-476.66146196576005,5018,4395
unlabelled,165,9387,225,0.0868330933176292,0.04784129054841543,1292.3367783140868,-477.2345313415025,4965,4378
unlabelled,166,9359,219,0.08585352806304543,0.05348785746413819,1278.3725895890855,-474.86942044704335,4937,4383
unlabelled,167,9247,220,0.0883357130236674,0.055516650910247864,1286.9613998155924,-470.1210614857405,4900,4318
unlabelled,168,9243,218,0.0886255711882475,0.05544163036674015,1291.7646772499825,-472.5985227570117,4861,4342
unlabelled,169,9194,225,0.0887606583523853,0.05171770994426221,1282.0679033176816,-466.0024104258518,4843,4324
unlabelled,170,9184,224,0.08923324063973466,0.053914511961168046,1284.1421171185982,-464.62403508327503,4861,4276
unlabelled,171,9077,221,0.09140278424472684,0.05557591846718016,1290.7392142445553,-461.0761416551697,4826,4213
unlabelled,172,9060,219,0.09250895509222258,0.054914963028811575,1297.4989379580477,-459.3678048225118,4837,4188
unlabelled,173,9005,217,0.09362129853415221,0.054383010711476866,1298.4627089611674,-455.4029156611267,4831,4144
unlabelled,174,8987,219,0.09304470911000147,0.051719813715199354,1294.1405796244935,-457.94777885291023,4792,4161
unlabelled,175,8886,215,0.09292671419539725,0.05326338034498617,1281.237994553036,-455.49121221273697,4725,4129
unlabelled,176,8877,222,0.09402638098335764,0.049588313057875054,1289.4749334507294,-454.8027494614636,4748,4089
unlabelled,177,8857,219,0.0935750767969232,0.0505811020124587,1283.079936079669,-454.2854808893213,4766,4056
unlabelled,178,8875,216,0.09330776459300419,0.05315615015061745,1281.532519227002,-453.4261084640897,4740,4092
unlabelled,179,8791,223,0.09510049570218605,0.05489022657287437,1283.2626248848069,-447.23416716688973,4726,4033
unlabelled,180,8743,221,0.09395537286266399,0.055361173356219075,1263.8638816087798,-442.4120566705094,4714,3989
unlabelled,181,8687,220,0.0953440074183667,0.057313150629306316,1269.7518230609326,-441.4984306175817,4684,3972
unlabelled,182,8603,217,0.09543098748854342,0.05932181696458082,1260.5743573142652,-439.58157195032663,4619,3948
unlabelled,183,8636,221,0.09541726925962397,0.05620560524413258,1265.2500799264678,-441.22654260035563,4629,3972
unlabelled,184,8585,219,0.0964018265741934,0.05864453491757847,1270.327774479061,-442.7180933396108,4602,3955
unlabelled,185,8550,223,0.09507289637819712,0.05827658749597261,1253.3210938435382,-440.4478298099519,4564,3955
unlabelled,186,8532,218,0.09291878216171416,0.057864879375983606,1236.1488746304587,-443.365825226713,4527,3976
unlabelled,187,8455,226,0.0945485838499785,0.05226214399257156,1242.9179092997026,-443.5096328481344,4493,3934
unlabelled,188,8399,221,0.09607758775477593,0.05628467596935321,1249.1190737438046,-442.1634141914408,4432,3940
unlabelled,189,8346,224,0.09426153365682877,0.05407848883729178,1227.2915413582548,-440.58478145836176,4388,3931
unlabelled,190,8270,222,0.09372054840078951,0.05422361820444752,1218.7147127627643,-443.6457774882348,4325,3916
unlabelled,191,8262,222,0.09562594259700212,0.05448773263428162,1233.148893724175,-443.08735598774257,4318,3924
unlabelled,192,8187,218,0.09666673157094598,0.05549459040884981,1228.696200456522,-437.2856690851867,4327,3829
unlabelled,193,8154,219,0.09628412951753308,0.047989591132660825,1225.5163495615468,-440.4155574755815,4263,3860
unlabelled,194,8119,218,0.09966308297915831,0.05352882537056236,1246.5915154575116,-437.4269447497248,4269,3828
unlabelled,195,8096,219,0.09978994915300543,0.05120761120080953,1244.5462420038805,-436.6468136611496,4252,3813
unlabelled,196,7970,218,0.09750700789007369,0.05776207055070668,1210.5915437862648,-433.4606909023776,4201,3739
unlabelled,197,7983,217,0.09811729372809455,0.059034255019766044,1220.9156288812242,-437.6452730498454,4177,3780
unlabelled,198,7920,221,0.0974995447716645,0.06022650462410901,1208.9151384278289,-436.7187438362456,4125,3759
unlabelled,199,7911,221,0.09782368449151535,0.058683803277713775,1209.3297503127608,-435.4465823003828,4174,3704
unlabelled,200,7848,217,0.10051703558433661,0.05563062551700357,1220.3693161392252,-431.51162087335047,4158,3661
unlabelled,201,7786,222,0.1004020358957688,0.05181332249443683,1210.5003300503945,-428.77007856593747,4129,3629
unlabelled,202,7687,218,0.1026834378947793,0.05782354369403248,1216.3917807681762,-427.0641936710075,4048,3605
unlabelled,203,7612,213,0.1009868078124759,0.05730641210789331,1195.9959293682703,-427.28434829970377,4012,3565
unlabelled,204,7615,214,0.1004296311739696,0.05823643534287367,1193.0706070698482,-428.29896568007086,4000,3579
unlabelled,205,7605,219,0.10210230389692575,0.057484883940902905,1203.848787607991,-427.3607664718711,4020,3554
unlabelled,206,7497,211,0.10360736171534408,0.06006864199975222,1201.046109839407,-424.3017190594718,3912,3561
unlabelled,207,7442,212,0.10457638110737288,0.0588727453764622,1199.3080486341034,-421.05062043303474,3920,3488
unlabelled,208,7412,205,0.1055982024835718,0.06189787263855346,1201.0168756193636,-418.32299881112937,3893,3497
unlabelled,209,7312,217,0.10495965667676294,0.056207979775969974,1182.3771465077823,-414.91213688729255,3843,3441
unlabelled,210,7323,215,0.10490616611598778,0.05677097359108238,1183.5863325035807,-415.35847803620265,3821,3478
unlabelled,211,7230,213,0.10597001845785219,0.058817637594673934,1178.5169031188016,-412.3536696685296,3744,3454
unlabelled,212,7185,215,0.10612166333264401,0.05983348641246336,1173.011045699809,-410.52689465476163,3742,3416
unlabelled,213,7155,215,0.105630867984675,0.05935968764991823,1163.7180181613192,-407.92915773096934,3733,3398
unlabelled,214,7118,208,0.10746369624937568,0.06554679795100851,1171.082933559401,-406.1563436563442,3725,3372
unlabelled,215,7159,209,0.10476021325591202,0.06378137290557366,1159.3858842481056,-409.40751754903124,3741,3391
unlabelled,216,7048,218,0.10546011400942641,0.060856766795243634,1151.2820044885145,-407.9991209500772,3659,3364
unlabelled,217,7042,212,0.10647102057803941,0.06802640915147029,1157.0150149381482,-407.2460880275951,3653,3365
unlabelled,218,6998,210,0.10699507692274726,0.06557341694792015,1152.0234437260413,-403.27189542065605,3662,3314
unlabelled,219,6919,203,0.10622728509985391,0.06825029285165252,1132.0834662615903,-397.09688065570094,3620,3272
unlabelled,220,6882,210,0.10639308755020388,0.06715745163731589,1130.5277962730127,-398.33056775250986,3560,3295
unlabelled,221,6887,216,0.10745176079930402,0.06531136080468745,1140.336834461343,-400.316557836536,3568,3292
unlabelled,222,6831,211,0.10924262891852266,0.06875769151160563,1143.0025370447033,-396.76613890227515,3555,3250
unlabelled,223,6792,215,0.10951394900000812,0.06729276693469077,1139.0392314632106,-395.2204898551552,3518,3248
unlabelled,224,6699,221,0.110711146217617,0.06472262951628656,1135.1023101837325,-393.4483416719155,3489,3184
unlabelled,225,6647,212,0.11070141031566377,0.06782001471914569,1125.4125328324553,-389.5802584642379,3443,3184
unlabelled,226,6605,207,0.11129716250253868,0.06914058882165934,1123.1877442048249,-388.06998587555717,3401,3183
unlabelled,227,6567,213,0.11229338698010782,0.0686120747317544,1124.6751615119806,-387.24448921361164,3416,3131
unlabelled,228,6561,209,0.11346399462166322,0.07089471342913037,1129.9631563914106,-385.52588767867735,3418,3127
unlabelled,229,6509,213,0.11451941043732944,0.07071899180413226,1128.4237729650886,-383.01693042851116,3366,3116
unlabelled,230,6480,218,0.11064274126251215,0.06676228206503095,1099.2241125709618,-382.2591491898833,3336,3124
unlabelled,231,6436,210,0.11310018071605497,0.06725995438427393,1108.7102968683653,-380.79753377983593,3298,3125
unlabelled,232,6339,210,0.11617755512185862,0.07038567818906544,1112.0670071202624,-375.6174852028003,3277,3049
unlabelled,233,6353,214,0.11418135317311524,0.06822209898235183,1101.6522210405376,-376.25808433173603,3279,3056
unlabelled,234,6298,215,0.1133958410681439,0.06691932566132021,1090.1994936331105,-376.03248658594026,3250,3024
unlabelled,235,6238,216,0.1163260941909233,0.06721855276893268,1099.3425930344824,-373.700417471502,3245,2974
unlabelled,236,6194,212,0.11391433887975286,0.06686147022818376,1076.6839440834885,-371.0985290622998,3215,2960
unlabelled,237,6177,212,0.11548403334267664,0.07102463587805241,1082.5397694848903,-369.19489552717636,3226,2928
unlabelled,238,6109,211,0.11616638597690472,0.07124039448177036,1075.8913624547804,-366.23091052187004,3177,2914
unlabelled,239,6039,210,0.12128275313914026,0.07246246479334563,1095.7499451410488,-363.3233989337813,3146,2873
unlabelled,240,6059,211,0.11464084489501998,0.07338830668332101,1061.4447590887446,-366.8358798698184,3143,2897
unlabelled,241,5941,207,0.11801114955759512,0.07378788765934301,1064.25246273274,-363.1482232110674,3077,2849
unlabelled,242,5943,213,0.11907616043252305,0.06930754413612822,1069.3770428963514,-361.7074214458673,3036,2890
unlabelled,243,5912,212,0.1219769657278467,0.06808878603007563,1079.9967661315684,-358.8689447485383,3046,2850
unlabelled,244,5906,212,0.12234041102848606,0.0707425204879147,1083.1407128517712,-360.5982453175323,3055,2837
unlabelled,245,5873,209,0.12175922119835382,0.07065498818408589,1071.5315594083497,-356.4396533104183,3002,2854
unlabelled,246,5836,210,0.12214572421298363,0.06947381935695209,1068.4050867339347,-355.5626402269616,2978,2842
unlabelled,247,5802,214,0.12127780507074971,0.06918752353885688,1056.685701247496,-353.03187622700625,2951,2837
unlabelled,248,5762,214,0.12332554022485917,0.07105033675831537,1062.3762450618026,-351.7744822861634,2948,2800
unlabelled,249,5700,214,0.1264641860930857,0.06840060586729917,1069.1682159180607,-348.32235518747234,2902,2788
unlabelled,250,5669,215,0.12736074981282122,0.0691812268591277,1065.940626653706,-343.9325359648223,2915,2737
unlabelled,251,5638,209,0.12436830284163265,0.07275849879101855,1043.195375728661,-342.0068843075362,2880,2746
unlabelled,252,5540,211,0.1273733970444361,0.0731871449398412,1042.782452554741,-337.13383292856435,2824,2705
unlabelled,253,5584,215,0.12556273429785392,0.07327679623868431,1038.201526951896,-337.0592186326799,2881,2682
unlabelled,254,5495,216,0.12743789892703106,0.07088766784289063,1032.8396020286762,-332.5683474246396,2825,2659
unlabelled,255,5490,208,0.128217780475691,0.07225714881324682,1035.829226508025,-331.91361169648144,2801,2680
unlabelled,256,5414,214,0.13127918223302965,0.06926118406368893,1036.9363866792437,-326.19089406962087,2786,2611
unlabelled,257,5332,213,0.13124707742417982,0.06918009413379603,1022.2337633827057,-322.4243465569801,2730,2586
unlabelled,258,5333,214,0.13024167120172228,0.07482434314403026,1016.932194164045,-322.35336164525967,2706,2615
unlabelled,259,5259,210,0.1317676978583718,0.07651110770245503,1011.4425233665884,-318.47620032941063,2715,2530
unlabelled,260,5238,214,0.1337491284733336,0.07477311563870383,1016.1612059747472,-315.58327103142614,2720,2502
unlabelled,261,5232,217,0.13070006876665044,0.07307424888071097,998.9623492380225,-315.1395894509077,2687,2530
unlabelled,262,5169,212,0.13482354990451875,0.07249961385445985,1008.9845545855991,-312.08162512914197,2655,2500
unlabelled,263,5114,209,0.13355217319124627,0.07386619322440027,993.4314449330503,-310.4456312330174,2607,2494
unlabelled,264,5065,216,0.13320435210934747,0.07090668490443293,982.5901520452487,-307.9101086114038,2582,2468
unlabelled,265,5038,213,0.13262669052882065,0.0752452208564539,973.748642861641,-305.575375977443,2580,2436
unlabelled,266,4987,216,0.13038705081459356,0.07032674402308807,955.6016505498562,-305.3614281374779,2509,2465
unlabelled,267,4951,214,0.12843672879009257,0.07282933527406395,941.6220874424704,-305.7318432027219,2496,2435
unlabelled,268,4903,212,0.12789463994375483,0.07590796808388743,930.2577854876715,-303.1903658434412,2461,2424
unlabelled,269,4870,212,0.13305515262410067,0.07406222505656206,949.4036364913846,-301.4250432120145,2452,2405
unlabelled,270,4892,211,0.13000386593364432,0.07201471024763452,937.3453325264027,-301.36642037901487,2465,2407
unlabelled,271,4874,214,0.1321052713230979,0.07143695699500592,940.8928881256521,-297.0117956968733,2490,2370
unlabelled,272,4756,208,0.1355474912422267,0.07440293936258303,937.4191963805742,-292.7553280325443,2410,2332
unlabelled,273,4744,210,0.1340637319362296,0.07345527380428289,926.4818253873631,-290.48348108189003,2417,2315
unlabelled,274,4703,207,0.13342178531291768,0.07681278000407343,913.7062236227108,-286.2235672960589,2395,2292
unlabelled,275,4652,211,0.13704386060638468,0.0749998021563203,921.3583995647974,-283.8303600238958,2374,2266
unlabelled,276,4615,218,0.13426488137240014,0.07219677123885214,900.7801224526912,-281.1476949190643,2371,2225
unlabelled,277,4583,213,0.13760550667384874,0.07532866442794689,907.7562047806526,-277.1101676944036,2364,2204
unlabelled,278,4538,212,0.13903544189673306,0.07590259361737406,906.1265087100062,-275.18367338263164,2314,2203
unlabelled,279,4511,209,0.13821229954134387,0.0778486233805017,893.9713939847018,-270.4957107537001,2337,2161
unlabelled,280,4494,214,0.13408017505230113,0.07617262666957761,873.9347569772372,-271.3784502921958,2273,2205
unlabelled,281,4422,209,0.13785019395832998,0.07913637034442263,874.7369030877361,-265.1633454040004,2246,2159
unlabelled,282,4378,207,0.1392502107879747,0.08024181622122811,869.6645452981949,-260.0271224684414,2258,2108
unlabelled,283,4301,210,0.13831213898755798,0.07915570714211734,854.4706057021406,-259.5900959166537,2177,2111
unlabelled,284,4307,206,0.13661801429903128,0.08110627560046661,847.6631727847795,-259.2493851988517,2195,2100
unlabelled,285,4237,211,0.1421580120933075,0.07870400562335471,859.9322160330066,-257.60871879366266,2156,2066
unlabelled,286,4188,200,0.1400848795704826,0.08402020330181693,843.2697110804777,-256.5942354392966,2142,2033
unlabelled,287,4175,199,0.1387001067533599,0.08131229935234058,837.8018416372048,-258.7288959419276,2118,2048
unlabelled,288,4174,209,0.13789076850248966,0.07958965287042861,828.5497997776571,-252.99373204826543,2144,2019
unlabelled,289,4090,203,0.1381074075550071,0.08412537530373829,816.5557637154465,-251.69646681546732,2078,1997
unlabelled,290,4082,205,0.13515473925061014,0.08086065406016603,803.5764220063685,-251.87477638537786,2062,2006
unlabelled,291,4006,204,0.142662520798289,0.08178215457133602,817.5282488880094,-246.02219057006343,2021,1972
unlabelled,292,3995,203,0.14616995085171494,0.08204487702730122,825.813245944906,-241.86429229230507,2058,1924
unlabelled,293,3944,201,0.14321413719773093,0.08685601133449092,804.1296509333137,-239.2930938254624,2035,1899
unlabelled,294,3918,205,0.1423840456668717,0.08581370551448811,795.2456912615327,-237.38500033872901,2024,1886
unlabelled,295,3891,207,0.1431904376846474,0.07601006511508064,793.1855159356794,-236.03152290471593,1995,1885
unlabelled,296,3804,204,0.14172834019861916,0.07814544193588488,772.683283729153,-233.5486776136054,1945,1851
unlabelled,297,3773,202,0.14052542050977074,0.07705397179626794,760.3519826469462,-230.14957106358133,1924,1840
unlabelled,298,3731,203,0.13926540182365554,0.07698384618154794,746.7551126469036,-227.15589844284438,1888,1830
unlabelled,299,3681,207,0.1424266778662074,0.08927313451881057,748.6663300113534,-224.39372878584405,1872,1800
unlabelled,300,3687,207,0.14182270900940167,0.09151239205485687,746.5939704573726,-223.69364233970884,1864,1815
unlabelled,301,3628,199,0.14058162708448538,0.09346863163297488,729.3392073404086,-219.30906427789535,1840,1778
unlabelled,302,3613,206,0.1468013168237359,0.08894977358704004,745.7926747244292,-215.3995170402707,1848,1752
unlabelled,303,3565,206,0.14418022272996134,0.08888659257887825,727.5619427510944,-213.5594487187822,1820,1734
unlabelled,304,3520,205,0.14407380042866377,0.0895854160928999,716.8617425477333,-209.7219650388363,1813,1697
unlabelled,305,3464,205,0.14771757974557148,0.09228845051899792,718.055833653305,-206.3621374146455,1765,1686
unlabelled,306,3387,201,0.14920982724115484,0.09562324031195213,705.8785704922011,-200.5048856264096,1736,1639
unlabelled,307,3386,203,0.1484466072492783,0.09010340256055557,702.2887099511929,-199.6484978051369,1747,1631
unlabelled,308,3340,201,0.15283470637474128,0.09302761904979095,706.1893150551339,-195.72139576349798,1736,1596
unlabelled,309,3252,200,0.15103892418863377,0.09597344765938877,683.2960841506938,-192.1175026892569,1689,1553
unlabelled,310,3219,200,0.14874267407703057,0.09206117428524849,670.1534953909367,-191.35082753697571,1651,1559
unlabelled,311,3201,204,0.1485057203561799,0.09083563945692764,663.8522522085779,-188.48544134844593,1650,1546
unlabelled,312,3161,203,0.14764344058683895,0.09290957122758342,653.8697483163858,-187.16883262138748,1621,1533
unlabelled,313,3095,204,0.14929246623133594,0.09445530696110259,645.225573138067,-183.16539015208193,1586,1500
unlabelled,314,3066,201,0.14362980623319846,0.09610209377050727,619.618806951664,-179.24982104067797,1558,1496
unlabelled,315,3005,210,0.14732780443150353,0.09121001987486316,618.2997245639351,-175.57967224726679,1540,1450
unlabelled,316,2951,208,0.1448003631213564,0.09203124727423899,598.8887713117033,-171.58289974058061,1512,1424
unlabelled,317,2887,197,0.1447307507909716,0.09826316925854554,586.7306275583584,-168.89295002482345,1481,1398
unlabelled,318,2872,200,0.14629643007601445,0.09453792876031106,587.9672878517781,-167.80394067346452,1458,1399
unlabelled,319,2799,191,0.14748482470284505,0.10120411596741362,575.0156619001976,-162.20563755693445,1427,1361
unlabelled,320,2761,201,0.13708641298111338,0.09734776353249716,538.8625628064849,-160.36697656563058,1411,1339
unlabelled,321,2720,197,0.13874336133575602,0.09361755335231872,535.2882930549985,-157.90635022174203,1380,1331
unlabelled,322,2693,200,0.13363658021791294,0.09310440872187797,517.0952944458786,-157.21198391903923,1361,1321
unlabelled,323,2633,195,0.14079124494529013,0.0957321350268923,523.2490768790275,-152.5457289380784,1335,1291
unlabelled,324,2586,200,0.14045300764091778,0.09622549328350903,510.79175277993244,-147.58027502051883,1314,1268
unlabelled,325,2537,198,0.1395263671991887,0.09976319652062988,498.6782864358576,-144.69989285151607,1299,1233
unlabelled,326,2468,198,0.1395109809509327,0.09872373459157872,484.69957051120394,-140.3864695243021,1264,1197
unlabelled,327,2429,195,0.13742077367860242,0.10253705553125618,471.8620847313242,-138.06702546599897,1245,1175
unlabelled,328,2410,199,0.13422916931349466,0.09646226378451932,460.2200004961488,-136.72770245062662,1246,1159
unlabelled,329,2343,194,0.14153715200881842,0.09933863703410215,463.39240083534077,-131.77085367867934,1198,1130
unlabelled,330,2315,196,0.13420190817971955,0.09825557946172368,440.00751807961564,-129.33010064356486,1186,1122
unlabelled,331,2248,195,0.13480301546168927,0.09513506178483318,429.6806946393304,-126.64351588145288,1123,1120
unlabelled,332,2201,197,0.12832686964636753,0.09714024036618925,408.5080518578588,-126.06061176620389,1084,1108
unlabelled,333,2146,198,0.12669977823253,0.09879416272482788,392.74633357721626,-120.84860949020712,1067,1072
unlabelled,334,2133,200,0.12844900069986379,0.09738784395780754,393.01969641951706,-119.03797792670747,1077,1048
unlabelled,335,2046,194,0.13045844683695787,0.1035807296920455,380.3578343074681,-113.43985207905256,1027,1012
unlabelled,336,1991,192,0.12742615526113768,0.10200922648347253,363.1895909284028,-109.4841158034778,998,984
unlabelled,337,1940,192,0.12784798161650418,0.10341844062243204,352.5745476918065,-104.54946335578838,976,960
unlabelled,338,1915,197,0.12339551921751037,0.09293189514001356,338.46043483126556,-102.1580155297331,944,963
unlabelled,339,1864,197,0.1198330755608316,0.0887566182023233,322.5250332892787,-99.1561804438886,902,955
unlabelled,340,1846,191,0.11671900474556988,0.08718764787357464,313.4568928199307,-97.99361005960851,895,944
unlabelled,341,1771,192,0.11427614214178343,0.08764423567374187,296.20507688451715,-93.82202915141866,855,913
unlabelled,342,1676,189,0.11703559330111543,0.09793927573003687,283.83434736504785,-87.68269299237821,809,863
unlabelled,343,1640,190,0.10795736679313711,0.09596077027566298,261.7141228578291,-84.6640413170842,783,850
unlabelled,344,1579,182,0.1102466906192841,0.08139874675712708,252.89986352932806,-78.82033904147838,752,820
unlabelled,345,1579,188,0.11000362471261692,0.08645990024584889,249.41025983547607,-75.71453641425407,765,803
unlabelled,346,1546,189,0.11174919059888963,0.08597904862830201,246.47798287227963,-73.7137342063961,727,809
unlabelled,347,1487,186,0.10257614867667098,0.06999431053195808,223.50977621343574,-70.97904313122613,711,764
unlabelled,348,1434,182,0.09832378338379197,0.09159223078305898,207.82779944448995,-66.83149407213229,686,742
unlabelled,349,1369,177,0.09372148503538741,0.07494414768672997,192.53152510116055,-64.22681208771535,663,699
unlabelled,350,1338,171,0.08872001680673001,0.08010899604357341,180.4400710629239,-61.73268857551914,653,679
unlabelled,351,1311,170,0.08764406113465666,0.07117109674057029,173.69312427762526,-58.791760130090424,658,647
unlabelled,352,1241,168,0.08383236176784636,0.0649094605932784,160.50404402193166,-56.46808306803426,623,613
unlabelled,353,1183,170,0.07723218484631086,0.0492698465741866,146.03241283183425,-54.666738158648435,586,588
unlabelled,354,1153,162,0.07070478517394599,0.04731061659793843,134.85208052508185,-53.32946321952195,564,582
unlabelled,355,1110,153,0.07024975966429683,0.04182763944288812,127.02080379686805,-49.04357056949863,562,543
unlabelled,356,1062,140,0.0691227136031659,0.051921742131503135,120.39524393816274,-46.986922091600555,534,525
unlabelled,357,988,136,0.07432830920812333,0.05580583858271525,117.25258404463561,-43.81621454700975,495,493
unlabelled,358,939,115,0.07447613106468798,0.07340285701874943,110.16257335879126,-40.22948628904925,482,454
unlabelled,359,908,117,0.07126876415238724,0.049402749241759705,103.64803376331302,-38.93599591294542,465,441
unlabelled,360,881,109,0.07342899838962577,0.054528533259385954,102.01869921761393,-37.3277516363536,447,430
unlabelled,361,830,112,0.0770492746079165,0.07838408749351952,98.23672859490391,-34.285830670333226,436,389
unlabelled,362,800,108,0.08129551184494942,0.07846739371622566,98.59114329234939,-33.554733816389856,412,385
unlabelled,363,787,114,0.07287748843888615,0.07285418550259226,90.08308375423371,-32.72850035283031,417,365
unlabelled,364,762,110,0.059897104161582164,0.04635415809845168,77.92330228017006,-32.28170890904443,374,383
unlabelled,365,708,109,0.06072738862021366,0.04219521420587341,72.63402640224793,-29.639035259136673,354,351
unlabelled,366,683,110,0.05722183760240378,0.04264813720395728,68.20816510868181,-29.125650026240088,339,342
unlabelled,367,659,113,0.060369645948913794,0.05155711783065692,67.42657224157108,-27.642975561236888,330,326
unlabelled,368,622,106,0.06635462129840296,0.05127999448160749,65.77443819003776,-24.5018637424311,323,298
unlabelled,369,607,109,0.06247209618221221,0.0509479050428254,62.27732816161357,-24.356765779010733,307,295
unlabelled,370,571,110,0.06582494648602871,0.0501820702993645,60.07639293194623,-22.49034848842383,297,271
unlabelled,371,554,108,0.06377469491558373,0.050197212399434,56.5961577617527,-21.264976778519273,300,250
unlabelled,372,519,106,0.07083598212221719,0.0873190253170159,56.767867164370884,-20.003992442940177,269,247
unlabelled,373,489,100,0.07973252086470316,0.09347739684768154,56.97684703856042,-17.98764433572055,260,224
unlabelled,374,459,100,0.06390209239963678,0.09294751468437618,47.304688330593265,-17.973627919159973,242,216
unlabelled,375,442,106,0.05293528500915863,0.05569847749344712,40.29795794313549,-16.900561969087363,237,202
unlabelled,376,410,102,0.042884550100665095,0.054869795827175306,34.186220207323544,-16.603554666050844,207,203
unlabelled,377,369,99,0.03925442192522176,0.05616344741964826,29.104327124072665,-14.619445433665836,194,174
unlabelled,378,354,99,0.03195913586483865,0.04869737363281463,25.614364425539726,-14.30083032938685,173,179
unlabelled,379,321,97,0.026871597765173547,0.05200768607701719,21.979544574010966,-13.35376169139026,157,159
unlabelled,380,284,86,0.02501345385517663,0.04358893919021403,18.676010033479855,-11.572189138609694,142,141
unlabelled,381,245,83,0.019468580070953024,0.033690953987546735,14.88886259998571,-10.119060482602213,115,129
unlabelled,382,220,84,0.010876266109755794,0.011511120357813234,12.40889020532592,-10.016111661179647,98,121
unlabelled,383,188,76,0.00781669076169878,0.006862876472398081,10.3678097719661,-8.898271908766732,78,109
unlabelled,384,169,74,0.0004871932368496597,-0.0013032371494709242,8.379543169163025,-8.297207512135433,70,99
unlabelled,385,122,68,-0.00439790461944008,-0.0033772091143628863,5.572453225358393,-6.108997588930081,49,72
unlabelled,386,81,60,-0.0010505857962008647,0.0030564679854674054,3.6426543411132353,-3.727751790605504,33,47
unlabelled,387,44,42,-0.022758402059359358,-0.02710952313242655,1.5809401061431843,-2.5823097967549957,15,29
