vol_bin,label,h,n_pairs,n_member_states,mean_occ,mean_member,pos_sum,neg_sum,n_pos,n_neg
0,<=-0.5,0,312812,2132,0.0,0.0,0.0,0.0,0,0
0,<=-0.5,1,282043,2132,-0.00016610291736989034,-0.00018214658140987863,971.2523304012959,-1018.1004955250484,124683,129416
0,<=-0.5,2,280387,2131,-0.00018332653905644473,-0.00005189969018054506,1346.7596316174456,-1398.162009923866,127283,132539
0,<=-0.5,3,279463,2132,-0.00017888898176746126,-0.000019185473558327053,1634.1020632946297,-1684.094914806321,128315,134071
0,<=-0.5,4,278562,2132,-0.00019722984931239352,-0.000023544015058984726,1862.8800417390983,-1917.8207830232566,128663,135204
0,<=-0.5,5,277684,2131,-0.00024002010158138116,-0.0000622729840274597,2059.711651539849,-2126.3613934273812,128823,135885
0,<=-0.5,6,277206,2131,-0.00032752794257623406,-0.00023887495620420913,2230.2061647888763,-2320.9988756386547,128994,136519
0,<=-0.5,7,276423,2131,-0.00034286929097094405,-0.00012291187791617746,2390.3111860275108,-2485.088144045578,129053,136518
0,<=-0.5,8,275951,2131,-0.0003637013959423407,-0.00014905867762458249,2535.811388769317,-2636.1751526810162,129195,136521
0,<=-0.5,9,275288,2132,-0.00041269221136130946,-0.00006749005316966913,2663.991239158307,-2777.6004526395423,129028,136652
0,<=-0.5,10,274673,2132,-0.00048298946709769306,-0.000030843804926558515,2783.8466712913223,-2916.510837187441,128537,136927
0,<=-0.5,11,273958,2131,-0.0005472112091183968,-0.00002947719587600358,2895.2419669891833,-3045.1548554168257,128418,136816
0,<=-0.5,12,273139,2131,-0.0005728825240396429,-0.00003924985354035637,3003.9704431951604,-3160.4470029288286,127763,136988
0,<=-0.5,13,272370,2132,-0.0006467115309091168,-0.00013241401127899455,3098.2315284400024,-3274.376348113723,127357,137135
0,<=-0.5,14,271817,2132,-0.0006851918731621596,-0.0001306752494507136,3186.970608121027,-3373.2174075083562,127223,136915
0,<=-0.5,15,271231,2131,-0.0006810864798111293,-0.000153278985239935,3286.2899926855002,-3471.0217596911493,126944,136833
0,<=-0.5,16,270372,2131,-0.0006696054153208301,-0.00011589102777070475,3382.8438598998223,-3563.886415250934,126455,136603
0,<=-0.5,17,269513,2131,-0.0006846363241757293,-0.00009431626027703558,3469.116008815481,-3653.634398453075,126370,136057
0,<=-0.5,18,268784,2130,-0.0007510006394615958,0.00010188211401706169,3547.622308693753,-3749.4792645708194,126076,136017
0,<=-0.5,19,268028,2130,-0.0007541713556744994,0.00003297894254254078,3632.448800863997,-3834.587840982728,125761,135738
0,<=-0.5,20,267348,2131,-0.0007847425848750718,0.00010798667046800646,3712.5009078288144,-3922.3002684099865,125502,135454
0,<=-0.5,21,266788,2130,-0.0007823376514968528,0.00004561867025454564,3795.923623945878,-4004.6419213134063,125089,135446
0,<=-0.5,22,265962,2131,-0.0007874024182410907,0.0001352693677659125,3872.1783503860647,-4081.59747234631,124698,135124
0,<=-0.5,23,265234,2131,-0.0008388718485278622,0.00010796723769469371,3935.198202045109,-4157.695537917549,124310,134894
0,<=-0.5,24,264434,2131,-0.000914256676962503,0.00015615999144251777,3985.7363929917847,-4227.496943107706,123657,134928
0,<=-0.5,25,263661,2130,-0.000947976762123332,0.000035482113538193336,4048.5344461964437,-4298.478947274644,123150,134848
0,<=-0.5,26,263111,2131,-0.0009636292180355926,0.00019285004739965692,4115.378752968969,-4368.92020015552,122941,134640
0,<=-0.5,27,262224,2131,-0.0009487781967055623,0.00019725056304345043,4181.139863299598,-4429.932277152506,122711,134062
0,<=-0.5,28,261625,2131,-0.0009187476154565609,0.00025488323674165196,4252.41012134899,-4492.777466242818,122211,134012
0,<=-0.5,29,260608,2131,-0.0009439156017515621,0.00031189307966042495,4305.335153388467,-4551.327110529735,121948,133493
0,<=-0.5,30,259972,2131,-0.0009470435265481464,0.00044962863896053193,4363.618298131331,-4609.823097815099,121505,133364
0,<=-0.5,31,259191,2131,-0.0010534929799281428,0.00031571219097498827,4403.345731811523,-4676.401630772081,120930,133169
0,<=-0.5,32,258348,2131,-0.0011436552502125674,0.0002004238599629128,4443.567372154968,-4739.028418736883,120391,132931
0,<=-0.5,33,257700,2130,-0.001160243607124021,0.00018130914410715296,4493.9090331719535,-4792.903810727825,120332,132446
0,<=-0.5,34,256603,2131,-0.0011998476529253728,0.00016559687418499678,4540.140316609764,-4848.024823893369,119738,132021
0,<=-0.5,35,255901,2131,-0.0011929093311907337,0.0002252146352184562,4591.31328518818,-4896.579975949219,119523,131644
0,<=-0.5,36,255150,2131,-0.001187820683947261,0.000525106111203174,4643.359733152709,-4946.432180661858,119011,131412
0,<=-0.5,37,254161,2130,-0.0012359579987099632,0.0003865248463901797,4680.427212595092,-4994.559533505219,118420,131112
0,<=-0.5,38,253283,2131,-0.0012554831675271325,0.00044225128264491334,4720.889149699406,-5038.881692820216,117998,130712
0,<=-0.5,39,252663,2130,-0.0013115770048113932,0.0002562280706300104,4759.811820166046,-5091.1988009327115,117686,130487
0,<=-0.5,40,251852,2131,-0.0013743535878324,0.00023968983969277813,4788.65448686239,-5134.788186665144,117188,130136
0,<=-0.5,41,250945,2131,-0.0013626471778315744,0.0004339365204810479,4821.602188553852,-5163.551684594791,116569,129917
0,<=-0.5,42,249988,2131,-0.0013554797201119934,0.00038207842816393963,4856.941295655141,-5195.794959926502,116159,129581
0,<=-0.5,43,249214,2131,-0.0013694566387624269,0.0006079893274151231,4891.243946953917,-5232.531713726469,115893,129114
0,<=-0.5,44,248293,2131,-0.001412321591494883,0.000604224504498374,4922.529382022774,-5273.19894693981,115305,128864
0,<=-0.5,45,247700,2131,-0.0014178369185826856,0.0005463304910500714,4962.008977427365,-5313.207182160291,115002,128582
0,<=-0.5,46,246852,2131,-0.0014369311854789445,0.0007743152080815998,4992.509573288083,-5347.218910285936,114589,128228
0,<=-0.5,47,245861,2131,-0.0015137335684579345,0.0005688836524216113,5016.804910944984,-5388.972959819614,114061,127793
0,<=-0.5,48,244836,2131,-0.0015159540981262989,0.0006517819108673974,5047.4094297950605,-5418.569567363913,113515,127346
0,<=-0.5,49,244233,2131,-0.0015660813188929474,0.0005734515979927037,5076.724995238294,-5459.2137339955,113038,127292
0,<=-0.5,50,243275,2131,-0.001620884124192531,0.000598778304467304,5100.665636214595,-5494.986221527526,112541,126927
0,<=-0.5,51,242454,2131,-0.0016550508031078436,0.0005609143199215331,5127.089113433666,-5528.362800850382,112231,126441
0,<=-0.5,52,241654,2131,-0.0017540907456091567,0.0006559887070259495,5135.7504143574615,-5559.633459396892,111626,126314
0,<=-0.5,53,240951,2130,-0.0017479932595061752,0.0006531362185376932,5167.193744209816,-5588.374468081091,111250,125972
0,<=-0.5,54,239974,2131,-0.0016920242529945915,0.0005043122016424025,5203.210237831568,-5609.252065919697,110823,125455
0,<=-0.5,55,239388,2131,-0.0016579403195355227,0.00031019954614302977,5238.830022007188,-5635.721039220151,110564,125237
0,<=-0.5,56,238592,2131,-0.0016017310149921411,0.0006590272849019988,5277.350681247655,-5659.510887576665,110361,124682
0,<=-0.5,57,237724,2131,-0.0016696140900335425,0.0007068607660466401,5296.669173672657,-5693.576513611787,109736,124492
0,<=-0.5,58,237038,2131,-0.0017057908768458108,0.0007632100891295793,5320.366485668436,-5724.7037435342045,109451,124176
0,<=-0.5,59,236190,2129,-0.0017756413144313329,0.0007020233398533621,5339.797407045651,-5759.18612910119,108898,123804
0,<=-0.5,60,235475,2131,-0.0018316005663276862,0.0010181941067910205,5352.120721923046,-5783.416865279065,108601,123514
0,<=-0.5,61,234340,2131,-0.0019568726474384437,0.0006598024704281119,5359.23417474904,-5817.80771094978,108069,122983
0,<=-0.5,62,233411,2131,-0.0019625502798943516,0.0008277896001243189,5373.329000498516,-5831.409823878921,107814,122310
0,<=-0.5,63,232686,2131,-0.0020039295347811805,0.000659471568169882,5393.317536317449,-5859.603884047525,107367,122051
0,<=-0.5,64,231931,2131,-0.002008983905713942,0.000763557424891125,5417.924922248482,-5883.870568484611,107081,121538
0,<=-0.5,65,231151,2131,-0.0019673601196683703,0.0008482093628199973,5457.062860528583,-5911.820119550051,106946,121000
0,<=-0.5,66,230569,2131,-0.0019464727644484777,0.0009219754448213574,5494.0255609896285,-5942.8218398157815,106444,121048
0,<=-0.5,67,229752,2131,-0.0020249504190447925,0.0007731732924937298,5508.200119801878,-5973.436528478257,105774,120773
0,<=-0.5,68,228866,2130,-0.0020562474824579726,0.000646844798666146,5522.191625547629,-5992.796761867847,105319,120365
0,<=-0.5,69,228053,2131,-0.002116590842202462,0.0005989828772963897,5538.915089270869,-6021.609980607684,105071,119897
0,<=-0.5,70,227164,2131,-0.0021663872619024464,0.0008420015624956679,5551.086026645481,-6043.211222608322,104481,119622
0,<=-0.5,71,226186,2131,-0.0021615333008061116,0.0009803082155335119,5573.620132950879,-6062.528704127039,103847,119285
0,<=-0.5,72,225533,2131,-0.0021378638915503334,0.0007946269890930131,5598.74941380626,-6080.908270859279,103654,118937
0,<=-0.5,73,224645,2129,-0.002168596539764804,0.0008134764663999312,5612.014289915738,-6099.178659591221,103343,118366
0,<=-0.5,74,223878,2130,-0.00223163017505707,0.0006034778659814105,5620.263761333164,-6119.876661664629,102852,118066
0,<=-0.5,75,223166,2130,-0.0022807340401936427,0.0006394680056271874,5630.325144852284,-6139.307437666123,102559,117765
0,<=-0.5,76,222352,2128,-0.0023751517710740647,0.0006793575589913065,5633.520025927749,-6161.639772529609,102190,117253
0,<=-0.5,77,221483,2132,-0.002362580209078134,0.0009047766345905026,5647.039439734102,-6170.310792181361,102014,116642
0,<=-0.5,78,220785,2132,-0.0023805014440021494,0.0009619899440189113,5664.459212324155,-6190.03822363816,101535,116422
0,<=-0.5,79,219951,2129,-0.002370325420687504,0.001170564136509347,5684.071686323413,-6205.427132929047,101071,116089
0,<=-0.5,80,219111,2131,-0.002319151764380301,0.001374202612424824,5701.192011674839,-6209.343673919988,100835,115485
0,<=-0.5,81,218224,2130,-0.002342431125212744,0.00098989282389808,5712.668598408746,-6223.843288277181,100336,115216
0,<=-0.5,82,217079,2129,-0.002325819993126372,0.001160134010066814,5720.7353905213795,-6225.622068809277,99879,114542
0,<=-0.5,83,216191,2130,-0.002428519795646769,0.0012557993523544865,5714.012105184211,-6239.036228324874,99333,114221
0,<=-0.5,84,215311,2131,-0.0025287884296475295,0.0008851842407759502,5716.992689664053,-6261.468655239862,98944,113743
0,<=-0.5,85,214468,2130,-0.002516460406998005,0.000802531179660861,5728.3829482839565,-6268.083178852008,98558,113357
0,<=-0.5,86,213628,2129,-0.002570080081044637,0.0009072146437201696,5731.757679314962,-6280.7987468683905,98173,112928
0,<=-0.5,87,212992,2131,-0.002592713043718724,0.0010070928062478014,5741.708296732702,-6293.935433340467,97811,112631
0,<=-0.5,88,212167,2129,-0.0026099770870932908,0.0009178291435447106,5752.830328073952,-6306.581336711265,97364,112238
0,<=-0.5,89,211326,2129,-0.0025851326954910866,0.0010435168425127234,5766.163210368877,-6312.468962376252,96783,112018
0,<=-0.5,90,210551,2130,-0.0025439400809108533,0.0009950426059418547,5785.995115134148,-6321.624243110032,96578,111478
0,<=-0.5,91,209781,2131,-0.002580116935000715,0.000894065136883584,5786.543414011643,-6327.80292475301,96114,111142
0,<=-0.5,92,208830,2130,-0.002608791673214364,0.0010298560905871302,5796.451129759507,-6341.24509487686,95597,110777
0,<=-0.5,93,207968,2131,-0.002603039105248544,0.0011714849376000666,5809.128936001403,-6350.477772641763,95238,110298
0,<=-0.5,94,207258,2130,-0.002677751691274305,0.0008262801154208387,5810.518470845723,-6365.503930875888,94927,109894
0,<=-0.5,95,206396,2130,-0.0027140522577911988,0.001013839573593383,5816.0784973184145,-6376.248027117487,94383,109601
0,<=-0.5,96,205688,2131,-0.002753803463482356,0.0009093641840036465,5817.575580527139,-6383.9999073238805,93975,109236
0,<=-0.5,97,204865,2131,-0.002715681159874804,0.0010717582105282642,5826.035042438921,-6382.383063256673,93697,108823
0,<=-0.5,98,203998,2129,-0.00272944118490347,0.0015129445339810172,5824.477850394814,-6381.278393232791,93274,108280
0,<=-0.5,99,203047,2130,-0.002765764193050336,0.001641765282774363,5825.1021038120225,-6386.682225918289,92783,107899
0,<=-0.5,100,202448,2131,-0.0027143352268752404,0.001380286385281637,5851.009986895847,-6400.521724906297,92395,107703
0,<=-0.5,101,201651,2131,-0.002642458696315185,0.001643289722224504,5874.579512609893,-6407.433951180566,91982,107393
0,<=-0.5,102,200703,2130,-0.002642789173683658,0.002081063834942433,5872.755053097795,-6403.170768623606,91497,106870
0,<=-0.5,103,200021,2131,-0.002706898097702469,0.0019030857577878467,5870.0857571144425,-6411.5222215150225,91188,106531
0,<=-0.5,104,199179,2130,-0.002816783420247901,0.0014365924012850358,5857.347252363936,-6418.39135722552,90704,106194
0,<=-0.5,105,198396,2130,-0.0028970406216351097,0.0012230018485893262,5847.548086180881,-6422.3093573507995,90307,105891
0,<=-0.5,106,197355,2131,-0.002904036716033364,0.0012053243735088536,5845.685268099225,-6418.8114341919945,89812,105300
0,<=-0.5,107,196417,2130,-0.002819494760001056,0.0013061674135846023,5859.096969180303,-6412.893671455477,89472,104796
0,<=-0.5,108,195720,2130,-0.0028542847338572422,0.0010319593236664667,5861.426642590676,-6420.067250701208,88983,104542
0,<=-0.5,109,194840,2130,-0.0027997393496941602,0.0011331732284153178,5870.303071820865,-6415.804286715244,88642,104059
0,<=-0.5,110,194068,2130,-0.002816823431968798,0.0013744276662237675,5869.147458748277,-6415.802748543605,88211,103731
0,<=-0.5,111,193032,2129,-0.002897910564769201,0.0010700663980435965,5855.477356959819,-6414.86682909834,87638,103306
0,<=-0.5,112,192294,2132,-0.002982355013928034,0.0014539879088192964,5850.301495763712,-6423.790470811991,87289,102952
0,<=-0.5,113,191657,2130,-0.003006944716315688,0.001629806864213761,5850.495377550852,-6426.79738104574,86935,102692
0,<=-0.5,114,190780,2130,-0.0030437334121044173,0.0019462295074418744,5844.09886898651,-6424.782329347785,86441,102281
0,<=-0.5,115,190002,2129,-0.003126496743757932,0.0012226052857219095,5826.603260084561,-6420.643894392056,86030,101897
0,<=-0.5,116,189311,2130,-0.003150671680837589,0.0014254143628191062,5832.927158581961,-6429.3839651530125,85773,101510
0,<=-0.5,117,188329,2130,-0.0032336354068638884,0.001050522472348333,5820.394388854585,-6429.381711393833,85177,101185
0,<=-0.5,118,187843,2131,-0.003305035741175879,0.0006710320276185844,5820.854851144349,-6441.6826798740385,84936,100935
0,<=-0.5,119,187222,2131,-0.003324499605305161,0.0014931929150626237,5826.992437539268,-6449.4119026437065,84558,100663
0,<=-0.5,120,186182,2131,-0.003241217634898979,0.0016470282911776634,5825.289832745986,-6428.746214446751,84137,100089
0,<=-0.5,121,185271,2130,-0.003308494944514306,0.0014152799226034832,5816.207147598441,-6429.175314463563,83559,99851
0,<=-0.5,122,184458,2130,-0.0032767289527689068,0.0015974984492029033,5826.670100754953,-6431.088969924811,83114,99383
0,<=-0.5,123,183466,2130,-0.003255254159105589,0.001254804544347756,5820.031180057971,-6417.259639612408,82656,98800
0,<=-0.5,124,182823,2131,-0.0032572007540942432,0.0016517788852734878,5826.880710169004,-6422.371923634778,82365,98549
0,<=-0.5,125,182058,2130,-0.0032837248627586007,0.0013699936192335975,5830.635828349417,-6428.46420941354,81831,98322
0,<=-0.5,126,181436,2131,-0.003429211049573166,0.0013706632658764377,5814.468232891899,-6436.650568882232,81495,98123
0,<=-0.5,127,180486,2129,-0.003443286495885857,0.0013145721505163225,5803.696622129507,-6425.161628625976,81104,97542
0,<=-0.5,128,179646,2129,-0.0035179867927186757,0.0012655736702954898,5792.213615388094,-6424.205870752848,80725,97064
0,<=-0.5,129,178735,2130,-0.003489267535886254,0.0014426900765894407,5793.786833259278,-6417.441066285894,80249,96678
0,<=-0.5,130,177820,2130,-0.0034481657925246466,0.0014401864121808422,5796.98783543727,-6410.140676664018,79887,96152
0,<=-0.5,131,177241,2131,-0.0034202129163269875,0.0012417302406463886,5812.067877074367,-6418.269834577109,79673,95781
0,<=-0.5,132,176402,2131,-0.0033511462448984207,0.0013760341430674597,5822.904244109061,-6414.053144001637,79250,95426
0,<=-0.5,133,175664,2129,-0.0034188098146516652,0.001325065933457832,5814.749641618052,-6415.311448899024,78903,94977
0,<=-0.5,134,174933,2130,-0.0034352448152110615,0.001048904568639351,5810.701802742311,-6411.639484001644,78552,94649
0,<=-0.5,135,174231,2131,-0.003439912965785249,0.0012734076751808742,5808.545831991019,-6407.885307932785,78192,94362
0,<=-0.5,136,173400,2131,-0.0033941103961713007,0.0013235031022831802,5806.892990342206,-6395.431733038325,77677,94041
0,<=-0.5,137,172621,2129,-0.0034587970803858833,0.0008844259665063733,5797.879717181602,-6394.940727994865,77327,93591
0,<=-0.5,138,171598,2131,-0.003523233008960397,0.0012612361896992168,5774.761603631395,-6379.341341502993,76739,93137
0,<=-0.5,139,170887,2130,-0.0036213768915936448,0.0007814589142305005,5759.586045099091,-6378.432277972865,76416,92786
0,<=-0.5,140,169945,2130,-0.0037678454498996736,0.0008510656938725016,5730.93157349255,-6371.258068475758,75890,92446
0,<=-0.5,141,169226,2129,-0.0038239022319088356,0.0007925367901879511,5722.951456101448,-6370.055135198441,75442,92159
0,<=-0.5,142,168318,2128,-0.0038336255897431872,0.00034669311752412007,5720.256019042259,-6365.5242110566705,75146,91589
0,<=-0.5,143,167491,2128,-0.0038311757809351772,0.0004022308327106346,5713.803125585016,-6355.4905883096235,74834,91046
0,<=-0.5,144,166523,2128,-0.003762105526099542,0.0006466727528988791,5706.228618488452,-6332.705717011135,74355,90573
0,<=-0.5,145,165685,2130,-0.003732394798749408,0.00047249869136494675,5706.699056727799,-6325.100888958603,73812,90257
0,<=-0.5,146,165152,2130,-0.003759010859166592,0.0004982636966365417,5702.360496774919,-6323.168658188027,73578,90035
0,<=-0.5,147,164435,2129,-0.003716625010559549,0.0008526024621362415,5709.07730590439,-6320.220539515743,73316,89616
0,<=-0.5,148,163722,2128,-0.003594571213114634,0.000516161670380697,5725.704444187806,-6314.214832341329,72982,89199
0,<=-0.5,149,163085,2128,-0.003614712860776023,0.0005751451149479964,5721.846671548424,-6311.352118448072,72656,88895
0,<=-0.5,150,162168,2129,-0.003616440121031966,0.0005515628700979415,5702.366592304085,-6288.837453851622,72272,88385
0,<=-0.5,151,161381,2129,-0.0037181063340382676,0.0002519811357375699,5676.964882876633,-6276.996601170052,71891,88036
0,<=-0.5,152,160374,2127,-0.003802059408116099,0.0004572730446401079,5653.412133913096,-6263.163609430326,71401,87519
0,<=-0.5,153,159422,2128,-0.0036937655477137375,0.00046100158697686794,5653.406898687014,-6242.274389834615,70937,86980
0,<=-0.5,154,158889,2129,-0.0036612034405387114,0.0008626669400484502,5661.913454537898,-6243.638408001657,70654,86772
0,<=-0.5,155,158162,2129,-0.0035940127649445406,0.0006222718378730105,5660.725949208796,-6229.162196137965,70351,86375
0,<=-0.5,156,157219,2127,-0.003492810792108299,0.0008368293923413478,5663.908722319994,-6213.044942244449,69882,85898
0,<=-0.5,157,156651,2128,-0.003459707346785799,0.0003153906775277143,5662.188864032125,-6204.155479613429,69632,85619
0,<=-0.5,158,155667,2129,-0.0034805172310344314,0.00043107270246487236,5651.393872741354,-6193.195548544794,69257,85006
0,<=-0.5,159,154943,2128,-0.003517563237341478,0.00028146617924297335,5634.357224053977,-6179.379024737394,68865,84688
0,<=-0.5,160,154137,2129,-0.003555671778597256,0.0001703020147156942,5631.505872960306,-6179.566453897936,68448,84326
0,<=-0.5,161,153515,2127,-0.003587030151275304,0.00015450194661456113,5621.678243179977,-6172.341176853012,68105,84042
0,<=-0.5,162,152638,2125,-0.003583481246368089,0.000535610084834797,5613.253659046561,-6160.2290695297,67616,83637
0,<=-0.5,163,151764,2127,-0.0035414212022155016,0.0006870693409928029,5605.195449220583,-6142.6556965536265,67281,83131
0,<=-0.5,164,151023,2128,-0.0036614567286346643,0.0007008202210147721,5590.915536048871,-6143.879715577483,67018,82667
0,<=-0.5,165,150151,2127,-0.0036388053056554616,0.0010192693478724936,5571.810556097758,-6118.180811547232,66681,82173
0,<=-0.5,166,149423,2126,-0.003835377369995218,0.0005132610088962221,5535.739464531566,-6108.8330572883815,66211,81863
0,<=-0.5,167,148596,2124,-0.00378955443330967,0.0009293526475131882,5519.412642851776,-6082.525273423859,65824,81445
0,<=-0.5,168,147745,2126,-0.003775299994507189,0.0013143918225628096,5508.58740104823,-6066.36909873668,65397,81097
0,<=-0.5,169,146936,2122,-0.003802338005667774,0.0009947739965838723,5494.594972087182,-6053.295309287971,65140,80543
0,<=-0.5,170,146086,2124,-0.0037117203412404803,0.0011167606915593585,5497.62550744577,-6039.85588521621,64743,80068
0,<=-0.5,171,145312,2122,-0.0037003948781465304,0.0010125936439370313,5485.444617181833,-6023.156397715044,64354,79711
0,<=-0.5,172,144631,2122,-0.0037492721295326703,-0.00024155801365662158,5464.287537251467,-6006.548514617908,64019,79324
0,<=-0.5,173,143818,2122,-0.003704768825556314,0.0009490753200309023,5458.808668102082,-5991.621111055935,63720,78854
0,<=-0.5,174,143102,2123,-0.003686917719077058,0.0010797550027912986,5447.895304298956,-5975.500603734291,63294,78539
0,<=-0.5,175,142379,2122,-0.0036588197154766135,0.0007133512474065152,5434.531376204451,-5955.470468474305,63018,78095
0,<=-0.5,176,141639,2123,-0.0036337080222715048,0.0006144700940064532,5424.062785851785,-5938.737556418293,62717,77692
0,<=-0.5,177,140830,2122,-0.003808801601506349,0.0006724169020810415,5390.629086775265,-5927.02261631538,62403,77219
0,<=-0.5,178,140082,2122,-0.0039046364209061294,-0.0004875459312166348,5366.927677847873,-5913.896956961246,61928,76911
0,<=-0.5,179,139328,2122,-0.003934198721032901,0.00011435840821849958,5351.345615581668,-5899.48965498574,61631,76438
0,<=-0.5,180,138537,2123,-0.004046688696599841,-0.00008902593229920963,5332.2123200132155,-5892.828431974081,61275,76047
0,<=-0.5,181,137623,2122,-0.004014754771006743,0.000051236356558420154,5322.605060231369,-5875.127656081632,60765,75699
0,<=-0.5,182,136955,2122,-0.003934626890781117,-0.00009454746737533959,5315.0796629271035,-5853.946488754037,60431,75332
0,<=-0.5,183,136168,2122,-0.0039276769610420295,-0.00044685606571150257,5305.119742822044,-5839.943659253187,60147,74851
0,<=-0.5,184,135523,2123,-0.003896197845195263,-0.0005575578817941929,5292.82234745152,-5820.84676802594,59812,74578
0,<=-0.5,185,134549,2123,-0.003847265071580713,-0.0004811515819840716,5273.177003020573,-5790.822671136692,59447,73971
0,<=-0.5,186,133885,2120,-0.004059902451590537,-0.0000748575528998332,5240.177289610935,-5783.737329342127,59057,73733
0,<=-0.5,187,133167,2122,-0.004170102615032773,-0.000040092337065100605,5219.085838773631,-5774.405893709693,58785,73273
0,<=-0.5,188,132478,2122,-0.00428970558436736,-0.0005438912401507286,5196.741581439616,-5765.033197845406,58456,72930
0,<=-0.5,189,131578,2122,-0.0044466045532528045,-0.0007675317484595586,5165.560882256289,-5750.6362161642,58000,72513
0,<=-0.5,190,130667,2120,-0.004397170088218132,-0.0006400522788476483,5152.36118367991,-5726.9262075971055,57639,72006
0,<=-0.5,191,129800,2123,-0.004380672583622876,-0.001499739446102302,5137.025315979255,-5705.636617333469,57234,71517
0,<=-0.5,192,129090,2121,-0.004387943954297522,-0.0004674058841024625,5123.918168028073,-5690.357853088322,56842,71189
0,<=-0.5,193,128109,2121,-0.004227592166631728,-0.0013294190482006246,5110.387384073082,-5651.9799889480955,56371,70683
0,<=-0.5,194,127311,2120,-0.004146494166556167,-0.0014227314563106078,5099.642811079243,-5627.537129917681,55972,70292
0,<=-0.5,195,126642,2121,-0.004283060386874758,-0.0016532205379990597,5090.801496284649,-5633.216829799221,55555,70078
0,<=-0.5,196,125734,2119,-0.004186442190163805,-0.0012657094753908556,5080.438001423024,-5606.816123761095,55103,69583
0,<=-0.5,197,125010,2118,-0.004284963336894396,-0.0013652569073679098,5057.520909105569,-5593.184175850729,54684,69323
0,<=-0.5,198,124238,2118,-0.004421619044379333,-0.0018339259308444887,5029.456888334476,-5578.789995170078,54258,68943
0,<=-0.5,199,123562,2118,-0.004447290178432025,-0.001074738275655892,5015.525535706787,-5565.041604734212,54024,68547
0,<=-0.5,200,122848,2116,-0.004336291869478694,-0.0012221116867152512,5007.38317272874,-5540.087956310444,53794,68056
0,<=-0.5,201,122242,2115,-0.0042621214781156545,-0.0008876371481486523,4992.5127303059035,-5513.522984033707,53569,67633
0,<=-0.5,202,121416,2114,-0.004196429949286811,-0.0013172192389487407,4978.561473981501,-5488.075212704098,53132,67284
0,<=-0.5,203,120517,2117,-0.0042054951841021095,-0.00047646611110641366,4963.772966039044,-5470.60662914147,52763,66781
0,<=-0.5,204,119810,2114,-0.004114863240542981,-0.00123977513926524,4954.945388284754,-5447.947153134222,52402,66423
0,<=-0.5,205,119034,2117,-0.004030196854916517,-0.000782396645809548,4946.727077687023,-5426.457530115162,52038,66014
0,<=-0.5,206,118225,2115,-0.003815273523812825,-0.0008861246238123682,4955.4854932876,-5406.5462056403585,51674,65578
0,<=-0.5,207,117428,2116,-0.0038075888664572655,-0.0010021291460203664,4940.674431836242,-5387.791977246592,51299,65110
0,<=-0.5,208,116739,2114,-0.003773909683597738,-0.0008489539134521332,4929.372746455679,-5369.935189009176,51027,64753
0,<=-0.5,209,115874,2116,-0.004050452118183243,-0.0010792343273410819,4885.107533076358,-5354.449621818736,50599,64334
0,<=-0.5,210,115173,2115,-0.0040738971268212305,-0.0010681456630906867,4858.562249556565,-5327.765203343952,50331,63966
0,<=-0.5,211,114395,2115,-0.004250467141493677,-0.0014852527575580372,4824.8065080010365,-5311.038696652193,49936,63555
0,<=-0.5,212,113780,2115,-0.004282675591006224,-0.0016935551736506024,4808.412801037873,-5295.695629782556,49639,63275
0,<=-0.5,213,112914,2115,-0.004201147106036324,-0.0017145791256474733,4789.466247225046,-5263.834571556027,49321,62717
0,<=-0.5,214,112109,2118,-0.004219108418861742,-0.001554379166335874,4773.709398275762,-5246.709424005931,48886,62353
0,<=-0.5,215,111475,2115,-0.004214802278360254,-0.0018979984377354119,4763.8991271573595,-5233.744211137545,48707,61873
0,<=-0.5,216,110736,2115,-0.004303071421791969,-0.0020532058730611366,4741.211216242052,-5217.716133205608,48325,61555
0,<=-0.5,217,110026,2115,-0.004370770815311658,-0.001627918440368736,4725.4414035075115,-5206.339833232988,47922,61269
0,<=-0.5,218,109274,2117,-0.004415674971267628,-0.0013304315122152836,4699.945075481508,-5182.463542291798,47489,60935
0,<=-0.5,219,108537,2114,-0.004418213676601657,-0.0016221304780023478,4678.260778391191,-5157.800436208507,47243,60416
0,<=-0.5,220,107859,2115,-0.004612255884485331,-0.001988966515956558,4644.211578892782,-5141.684886337484,46892,60168
0,<=-0.5,221,107160,2114,-0.004720141355414163,-0.0014060113080319452,4617.6562451672,-5123.466592813366,46567,59759
0,<=-0.5,222,106411,2114,-0.004751260410243608,-0.001638068583239832,4602.779289844485,-5108.365661358916,46189,59389
0,<=-0.5,223,105744,2114,-0.004755268614025729,-0.001949640395101324,4586.27013536053,-5089.111259682048,45921,59042
0,<=-0.5,224,104940,2116,-0.0046785822876685155,-0.0020689265071664542,4576.309575043117,-5067.280000311055,45535,58599
0,<=-0.5,225,104245,2115,-0.004725403907336755,-0.001998686051930041,4554.107791515511,-5046.707521835862,45105,58321
0,<=-0.5,226,103385,2116,-0.004640664063964796,-0.0020637395925367057,4536.977953506213,-5016.753007759235,44755,57872
0,<=-0.5,227,102477,2115,-0.0048655666827139175,-0.002985240953149582,4500.32764560127,-4998.936322545741,44338,57408
0,<=-0.5,228,101631,2115,-0.004913990955261596,-0.003430017695820153,4469.804763339383,-4969.218578113558,43929,56940
0,<=-0.5,229,100956,2115,-0.004907546709601439,-0.00300345372180696,4450.345158941958,-4945.791444556479,43698,56513
0,<=-0.5,230,100155,2115,-0.005165093578590993,-0.0030440207673605797,4415.76252022701,-4933.072467590784,43128,56222
0,<=-0.5,231,99412,2114,-0.005295963422700756,-0.00308394148909715,4382.199191187078,-4908.681506964599,42827,55829
0,<=-0.5,232,98594,2117,-0.005408903659454706,-0.00291043826794247,4346.488847555078,-4879.774294955353,42529,55282
0,<=-0.5,233,97862,2114,-0.005421823496541768,-0.0029531144113195754,4311.2856051276785,-4841.876096146235,42341,54785
0,<=-0.5,234,97152,2115,-0.005264243579823117,-0.002844655507638541,4294.566136079418,-4805.997928346393,42027,54368
0,<=-0.5,235,96585,2115,-0.005171039583622358,-0.002673150636461959,4286.111757409919,-4785.556615594084,41810,54041
0,<=-0.5,236,95910,2115,-0.005059671517518377,-0.0027515581916421773,4271.555586080807,-4756.8286813259865,41606,53572
0,<=-0.5,237,95088,2115,-0.0050930015234536795,-0.0027786219821130708,4242.799394630106,-4727.082723492273,41235,53159
0,<=-0.5,238,94281,2113,-0.005119419198526217,-0.0028060451801688977,4215.992548045231,-4698.656509501469,40904,52674
0,<=-0.5,239,93631,2114,-0.005290727315010625,-0.0030862488335924743,4192.840826369407,-4688.216915601182,40507,52445
0,<=-0.5,240,92806,2114,-0.005194902899438679,-0.0028925345594304976,4181.987636053905,-4664.1057945392,40206,51972
0,<=-0.5,241,91997,2114,-0.005307252760481016,-0.003406237322099559,4162.791365347131,-4651.042697553116,39883,51480
0,<=-0.5,242,91296,2114,-0.00543603201896068,-0.003488564475078804,4142.691727517183,-4638.9797067202035,39381,51262
0,<=-0.5,243,90517,2115,-0.00533436949984079,-0.0036324165201989033,4122.322993792696,-4605.174117809777,39075,50798
0,<=-0.5,244,89697,2115,-0.00543779694898516,-0.003919662530428178,4084.2782043737197,-4572.032277306864,38669,50413
0,<=-0.5,245,88988,2115,-0.00558413689314008,-0.004126751563921529,4052.6266274923187,-4549.5478013390675,38260,50081
0,<=-0.5,246,88242,2114,-0.005444821697514141,-0.004340501576203063,4028.609445895872,-4509.071402127892,37960,49625
0,<=-0.5,247,87607,2115,-0.005431848933753025,-0.0041360681914947685,4010.9046176583665,-4486.772607197655,37708,49297
0,<=-0.5,248,86814,2114,-0.0055670525196762416,-0.00462862523278861,3979.1197447036343,-4462.417842146812,37302,48892
0,<=-0.5,249,86081,2114,-0.005569649056711501,-0.004049480631367653,3957.889216291218,-4437.330176741998,37056,48458
0,<=-0.5,250,85240,2115,-0.005665893363634255,-0.004479138454014093,3919.0710483097405,-4402.031798625929,36606,48055
0,<=-0.5,251,84565,2116,-0.005883090920769175,-0.004680196337331866,3886.2476617981933,-4383.751245513038,36297,47696
0,<=-0.5,252,83859,2115,-0.005950231427121297,-0.00462529337752842,3849.3416583286194,-4348.322115575592,35991,47296
0,<=-0.5,253,83142,2117,-0.00608319023279703,-0.004667487649041347,3814.695512265286,-4320.464114600496,35709,46885
0,<=-0.5,254,82317,2116,-0.006012330617858466,-0.004516607382602989,3795.8270244283194,-4290.74404389859,35296,46460
0,<=-0.5,255,81561,2115,-0.0060401053164003266,-0.004593511761398056,3770.5925260167796,-4263.229555727691,34911,46088
0,<=-0.5,256,80880,2115,-0.006034886474476236,-0.004277084327575682,3747.5926749068444,-4235.694292962468,34583,45709
0,<=-0.5,257,80092,2115,-0.006024066957828036,-0.003776402646873428,3723.046096518215,-4205.525667304579,34170,45352
0,<=-0.5,258,79315,2116,-0.00606931585077653,-0.003718674391149076,3697.306854550519,-4178.694641254866,33846,44913
0,<=-0.5,259,78473,2114,-0.006080671417013528,-0.004180111661872683,3664.0083772860107,-4141.176905393315,33558,44379
0,<=-0.5,260,77684,2115,-0.0059772400631147565,-0.004248077531839834,3639.4613046157074,-4103.797221678719,33246,43914
0,<=-0.5,261,76932,2116,-0.006010814575997859,-0.005071241503747437,3614.605978994495,-4077.029965955161,32960,43483
0,<=-0.5,262,76445,2113,-0.006065249156358539,-0.004468737955046498,3597.0592511251866,-4060.717222883028,32705,43214
0,<=-0.5,263,75780,2113,-0.006265209980018495,-0.004280688909130779,3568.507190717098,-4043.284803002895,32312,42944
0,<=-0.5,264,74989,2114,-0.006232067088938678,-0.005494168762588684,3544.439794909426,-4011.776273841841,32035,42456
0,<=-0.5,265,74201,2116,-0.006249985920199388,-0.005390322646279767,3514.7904770888285,-3978.5456823535387,31714,42016
0,<=-0.5,266,73486,2116,-0.006022936907485547,-0.00515267625218097,3503.2244569102677,-3945.825998493758,31408,41567
0,<=-0.5,267,72804,2115,-0.006308905230936002,-0.0054629754874045275,3460.9463136483923,-3920.2598500814615,31019,41283
0,<=-0.5,268,72113,2115,-0.006320079144134177,-0.005232223674361706,3438.898788933468,-3894.6586562544285,30703,40916
0,<=-0.5,269,71386,2113,-0.006443672856421283,-0.0057096825425812375,3399.139746165582,-3859.1277766940834,30329,40553
0,<=-0.5,270,70813,2113,-0.006481574096846045,-0.005860572183427575,3373.764222861753,-3832.743929381708,30150,40202
0,<=-0.5,271,69990,2113,-0.006502260976535851,-0.006018436552358904,3350.0165260746303,-3805.1097718223714,29746,39776
0,<=-0.5,272,69159,2112,-0.006498597757485439,-0.005410040634071801,3322.3063557474657,-3771.742878057402,29318,39357
0,<=-0.5,273,68462,2111,-0.0064756289187445654,-0.00610463362701986,3298.96835178024,-3742.3028588153243,29034,38983
0,<=-0.5,274,67778,2112,-0.006473812722563204,-0.005998685962857348,3270.5748744803495,-3709.356953190243,28735,38604
0,<=-0.5,275,67088,2112,-0.0068209482996999206,-0.0060478617782899514,3230.9732364028205,-3688.57701593309,28379,38285
0,<=-0.5,276,66333,2113,-0.006898686549729973,-0.005992968695890603,3196.0638139952875,-3653.6743888985297,28018,37881
0,<=-0.5,277,65520,2112,-0.007034510296330414,-0.0063116519561485585,3160.2096425793216,-3621.1107571948864,27674,37429
0,<=-0.5,278,64931,2113,-0.007241566602721165,-0.006272753968986661,3130.4223608882835,-3600.624521969571,27323,37209
0,<=-0.5,279,64239,2111,-0.007247189275830532,-0.006295215079965508,3109.2147794169055,-3574.7669713069754,27034,36788
0,<=-0.5,280,63449,2112,-0.007295543666237449,-0.006391681913858646,3078.4043453992786,-3541.2992954783717,26710,36314
0,<=-0.5,281,62580,2112,-0.007310693872492773,-0.006840292801739169,3047.856471838748,-3505.3596943793414,26302,35877
0,<=-0.5,282,61883,2113,-0.007269199315133455,-0.007594652025340927,3025.950946761993,-3475.7908079803956,25994,35487
0,<=-0.5,283,61190,2113,-0.007121861410095271,-0.007336427735836268,3002.985928932073,-3438.772628615805,25684,35101
0,<=-0.5,284,60488,2113,-0.007024681362176433,-0.0068901753452229285,2982.998742754539,-3407.90766898985,25414,34671
0,<=-0.5,285,59747,2111,-0.007044323814726831,-0.007264871785562554,2949.2979465315175,-3370.175161489999,25118,34241
0,<=-0.5,286,58930,2114,-0.007053368631032765,-0.006982077792565175,2918.7792001048056,-3334.434213531567,24741,33830
0,<=-0.5,287,58282,2115,-0.00681425785346305,-0.007494099674424802,2903.112409419022,-3300.260985634575,24525,33380
0,<=-0.5,288,57479,2112,-0.006614381682443278,-0.007361180879090446,2881.624242191861,-3261.8122869170274,24217,32911
0,<=-0.5,289,56841,2112,-0.006433341190048966,-0.007603186995097973,2861.7038072458904,-3227.3813538294635,23881,32604
0,<=-0.5,290,56030,2113,-0.006272016002405813,-0.007241940191480373,2839.708510633092,-3191.1295672478923,23514,32153
0,<=-0.5,291,55408,2113,-0.006059845929323372,-0.0071957854145744985,2822.0175198948755,-3157.7814631468227,23288,31737
0,<=-0.5,292,54633,2112,-0.006116350531348169,-0.007082073080663834,2793.4211166195178,-3127.5756951986527,22915,31372
0,<=-0.5,293,54028,2114,-0.00635375839631709,-0.007518644306322407,2759.8676922149907,-3103.1485508512087,22680,31020
0,<=-0.5,294,53300,2112,-0.006500606636934162,-0.0074249767065097325,2725.9035050706316,-3072.3858388192275,22304,30646
0,<=-0.5,295,52608,2113,-0.006498089922891326,-0.007136478757285644,2697.442776157087,-3039.2942908205505,21967,30311
0,<=-0.5,296,51872,2109,-0.006378596535727582,-0.007236205567765632,2672.380592554456,-3003.2511520557136,21713,29831
0,<=-0.5,297,51110,2109,-0.0060835344182412765,-0.006879307550323418,2646.9551400428722,-2957.884584159182,21395,29387
0,<=-0.5,298,50421,2110,-0.006000132727341753,-0.007145384359873214,2613.6017213023215,-2916.1344135476174,21128,28970
0,<=-0.5,299,49591,2110,-0.005896395363824915,-0.007329266996515473,2582.4441858802506,-2874.852328367715,20792,28492
0,<=-0.5,300,48801,2111,-0.006065297542744211,-0.007926836740012587,2537.8917162194684,-2833.884301602912,20494,28002
0,<=-0.5,301,48175,2110,-0.005982578326265981,-0.007410681258648841,2514.691672036708,-2802.902382904565,20240,27628
0,<=-0.5,302,47496,2111,-0.006083774144924922,-0.00790048666447665,2480.421130394655,-2769.3760671820123,19947,27255
0,<=-0.5,303,46828,2111,-0.006123513487401202,-0.008027490528668278,2445.8130638644275,-2732.5649534524446,19679,26844
0,<=-0.5,304,46124,2110,-0.006254127485335135,-0.00779211692626158,2408.8804542423914,-2697.3458303759826,19406,26439
0,<=-0.5,305,45334,2109,-0.006501512242256561,-0.007868054794882498,2371.068854737577,-2665.8084107280347,18974,26057
0,<=-0.5,306,44516,2107,-0.006672745087371102,-0.007842909307816913,2333.9460887464497,-2630.9900090558617,18574,25660
0,<=-0.5,307,43887,2108,-0.006846093285783401,-0.007801809605783839,2302.623646145436,-2603.0781421786214,18289,25295
0,<=-0.5,308,43115,2110,-0.006948044833533996,-0.007701535041304329,2267.3873504869525,-2566.9523034847675,17927,24899
0,<=-0.5,309,42429,2108,-0.00684778194988228,-0.007865560531452669,2240.776678548014,-2531.3212188995735,17638,24521
0,<=-0.5,310,41734,2107,-0.006455001448515669,-0.007852176675313375,2224.930340753206,-2494.323371205565,17298,24157
0,<=-0.5,311,41045,2107,-0.00630486474088341,-0.0076190039710300785,2200.7339024515554,-2459.517075741113,16983,23795
0,<=-0.5,312,40183,2107,-0.006090693094437503,-0.008434868770054907,2168.30187477865,-2413.0441953924287,16657,23279
0,<=-0.5,313,39471,2105,-0.0063351704777763,-0.009219700810416759,2124.045475055207,-2374.1009889835223,16338,22874
0,<=-0.5,314,38671,2102,-0.006578945136910517,-0.009242793306263743,2080.149221176227,-2334.563608565696,15965,22456
0,<=-0.5,315,37864,2105,-0.0070837154943606,-0.009399140040814831,2026.1418082667806,-2294.3596117452416,15600,22030
0,<=-0.5,316,37212,2103,-0.007021122747448112,-0.009315202852900498,1990.1286701496008,-2251.3986898276357,15378,21611
0,<=-0.5,317,36484,2103,-0.007072809877266444,-0.009106495775638558,1949.7280518548725,-2207.772447417055,15088,21162
0,<=-0.5,318,35699,2103,-0.007485977279230206,-0.008479696512345161,1901.6549393112173,-2168.896842202454,14732,20735
0,<=-0.5,319,34976,2101,-0.007553598345006112,-0.00844301446447872,1866.4763095240812,-2130.670965239016,14467,20291
0,<=-0.5,320,34218,2099,-0.006955252586741311,-0.00921160637442282,1841.5909552900468,-2079.585788303161,14261,19729
0,<=-0.5,321,33484,2096,-0.0068155332836449065,-0.009237520799651115,1810.5093065401911,-2038.720623009758,13936,19328
0,<=-0.5,322,32765,2095,-0.006716614414142034,-0.009508393059864863,1780.6256731111332,-2000.6955443905015,13631,18898
0,<=-0.5,323,32056,2095,-0.006422926603745002,-0.009493633434679178,1753.5806917710308,-1959.4740269806828,13332,18521
0,<=-0.5,324,31435,2095,-0.006222229961234825,-0.009092418222698432,1729.7369055193274,-1925.332704350745,13032,18213
0,<=-0.5,325,30669,2089,-0.006585946903224267,-0.009316621108015944,1688.8605241209873,-1890.844929695974,12697,17781
0,<=-0.5,326,29880,2086,-0.006303572585865672,-0.009395624302024553,1656.3589811872855,-1844.7097300529529,12335,17350
0,<=-0.5,327,29090,2087,-0.006271579433612268,-0.008423948170870561,1618.4213539707027,-1800.861599694486,11956,16967
0,<=-0.5,328,28524,2082,-0.006317320068449249,-0.008788924930603192,1587.7217403134903,-1767.916977945938,11672,16654
0,<=-0.5,329,27703,2081,-0.006223379109841847,-0.009356598322909278,1547.2676480602495,-1719.6739195401938,11327,16194
0,<=-0.5,330,26938,2077,-0.005890157329465259,-0.009506377046120756,1512.7215934181959,-1671.3906515593308,11070,15715
0,<=-0.5,331,26136,2073,-0.006420621332788577,-0.01024630645453104,1464.3169513219248,-1632.1263104756924,10654,15311
0,<=-0.5,332,25385,2067,-0.006249794930392172,-0.010094407058774943,1429.4589447870894,-1588.1099890950916,10366,14843
0,<=-0.5,333,24674,2058,-0.006656358283774681,-0.009528728248607279,1386.566497148689,-1550.8054814425445,10082,14419
0,<=-0.5,334,23904,2044,-0.006615716477472973,-0.010059530336954932,1345.0593476806434,-1503.2014343581575,9804,13940
0,<=-0.5,335,23169,2032,-0.007026227741881212,-0.010768443991366786,1301.7661615984885,-1464.5568321501314,9498,13513
0,<=-0.5,336,22428,2025,-0.007065563669391611,-0.010465586587124424,1267.01261849838,-1425.479080475499,9199,13078
0,<=-0.5,337,21735,2007,-0.0073138446190696375,-0.009494627768167252,1235.3518437149746,-1394.3182565104526,8916,12664
0,<=-0.5,338,21040,1984,-0.007479127208572885,-0.009490428959130204,1193.4946513265288,-1350.8554877949025,8615,12303
0,<=-0.5,339,20210,1972,-0.007804140477623951,-0.008668800540558136,1146.4764330301082,-1304.1981120828877,8236,11850
0,<=-0.5,340,19476,1952,-0.008307860997341352,-0.008637151978162089,1100.9204851356774,-1262.7243859198961,7894,11472
0,<=-0.5,341,18676,1926,-0.008519550522624833,-0.009132276882050708,1054.4651105988664,-1213.5762361594057,7535,11015
0,<=-0.5,342,17841,1895,-0.009016185458468658,-0.0105823986115388,1004.3157322476948,-1165.173497012233,7188,10537
0,<=-0.5,343,17127,1861,-0.008974493086558727,-0.011002283064576813,965.5841727188675,-1119.2903158123565,6889,10128
0,<=-0.5,344,16346,1819,-0.008807820689079055,-0.009149847847042546,925.2766997524393,-1069.2493367361267,6561,9689
0,<=-0.5,345,15598,1755,-0.00892585768547353,-0.010611738274354143,887.6395925733873,-1026.8651207514038,6215,9294
0,<=-0.5,346,14877,1671,-0.009469623520366854,-0.01009137457861725,844.3267677654484,-985.2063568779483,5890,8887
0,<=-0.5,347,14118,1609,-0.010618277329473602,-0.011488008513938263,794.1104955588164,-944.0193348963252,5570,8451
0,<=-0.5,348,13268,1524,-0.011313125036521541,-0.01119387516812605,744.4224128546115,-894.5249558391793,5200,7964
0,<=-0.5,349,12519,1423,-0.011371414838810217,-0.011167307497084592,709.2099195949097,-851.568661961973,4918,7510
0,<=-0.5,350,11688,1049,-0.01130258102442565,-0.014401769277304792,668.8466069167882,-800.9511739302739,4569,7031
0,<=-0.5,351,11330,1048,-0.010846744126378998,-0.015322805185415986,656.3020402164559,-779.1956511683292,4462,6791
0,<=-0.5,352,10966,1045,-0.011634455433697243,-0.014121128267535086,632.6734780509307,-760.2569163368559,4294,6589
0,<=-0.5,353,10582,1040,-0.012246917953543985,-0.015486504711949955,606.765541765116,-736.3624275495176,4126,6378
0,<=-0.5,354,10193,1036,-0.012129222954225449,-0.015510845549990623,588.5955139643103,-712.2286835367306,3956,6154
0,<=-0.5,355,9853,1033,-0.012049978435931233,-0.014260980962478739,574.0642920491305,-692.7927295783617,3836,5943
0,<=-0.5,356,9527,1035,-0.011716811869819845,-0.01517479109074417,559.666801328013,-671.2928680117883,3701,5761
0,<=-0.5,357,9223,1032,-0.011594947347790915,-0.015212603758884306,543.2871771043909,-650.2273764930667,3584,5570
0,<=-0.5,358,8855,1031,-0.010583221069292114,-0.014040256982938353,527.8929838906964,-621.607406459278,3476,5313
0,<=-0.5,359,8510,1032,-0.009686213235011754,-0.014214617677249674,513.7396020484638,-596.1692766784145,3355,5098
0,<=-0.5,360,8125,1026,-0.008720336525577061,-0.013351452517787422,496.25832189189305,-567.1110561622074,3209,4865
0,<=-0.5,361,7732,1024,-0.007921922109549805,-0.012303681768084046,480.1686207737762,-541.4209225248143,3045,4624
0,<=-0.5,362,7317,1017,-0.00782637137219102,-0.012593247747346418,461.1231861159279,-518.3887454462501,2877,4386
0,<=-0.5,363,6956,1014,-0.007814119879662296,-0.014458542726029621,438.59944319560896,-492.95446107853985,2751,4156
0,<=-0.5,364,6553,1013,-0.008311976047844862,-0.014206173384207491,408.49562593455835,-462.9640049760853,2587,3921
0,<=-0.5,365,6180,1006,-0.009663492260924503,-0.014212890482903131,378.74019584426105,-438.4605780167736,2445,3700
0,<=-0.5,366,5812,1004,-0.011904701450255828,-0.011675969493362429,344.9676824061632,-414.15780723505134,2265,3504
0,<=-0.5,367,5447,993,-0.012694959384750744,-0.010190215006268138,320.25965292580366,-389.40909669454106,2109,3287
0,<=-0.5,368,5095,977,-0.012886758296522296,-0.01062637328491562,298.4295847797288,-364.08761830051003,1968,3081
0,<=-0.5,369,4695,959,-0.0124819272007804,-0.009840192301529358,277.6525323819853,-336.2551805896492,1798,2866
0,<=-0.5,370,4310,947,-0.012967580150557883,-0.014413712675754534,255.43471903601696,-311.3249894849218,1643,2630
0,<=-0.5,371,3951,929,-0.01238067825332222,-0.015207383712872776,236.85755137765122,-285.7736111565276,1509,2413
0,<=-0.5,372,3562,899,-0.011240865225783152,-0.014500816769576543,216.66356007440908,-256.70352200864875,1371,2165
0,<=-0.5,373,3133,855,-0.011553194502390864,-0.011861273455776948,189.9390412777598,-226.13519965375025,1188,1915
0,<=-0.5,374,2708,826,-0.009141984829666756,-0.00942525630443689,168.3210621254036,-193.07755704414103,1039,1653
0,<=-0.5,375,2303,786,-0.007932322526511852,-0.008846361706320917,146.31598942215348,-164.58412820071038,881,1408
0,<=-0.5,376,1868,726,-0.00705615408582871,-0.00751397689485459,121.82822734327553,-135.00912317560372,705,1152
0,<=-0.5,377,1482,675,-0.007031946357898789,-0.007123617822631046,99.39234970026249,-109.8136942026686,549,922
0,<=-0.5,378,1077,599,-0.009947004212251899,-0.008930202020987639,70.09532555170728,-80.80824908830259,404,666
0,<=-0.5,379,623,511,-0.008084505157928643,-0.005082644239065865,41.218045140916914,-46.254691854306465,245,373
1,-0.5..0,0,671052,2132,0.0,0.0,0.0,0.0,0,0
1,-0.5..0,1,636338,2132,-0.00006485692023849011,-0.000039221313142805885,2574.282025498455,-2615.552948409178,291641,300387
1,-0.5..0,2,632305,2132,-0.00014021985512445057,-0.00009148689524717228,3551.2525431316676,-3639.914258626152,293437,307167
1,-0.5..0,3,629106,2132,-0.000221590491903029,-0.00010503211981496858,4262.6766097557265,-4402.080517754883,293344,310048
1,-0.5..0,4,626599,2131,-0.0002949507671883918,-0.00023729404824938646,4851.644597093647,-5036.460452863111,292959,311650
1,-0.5..0,5,624704,2132,-0.0003832286411485286,-0.00029745061058713526,5372.946613986412,-5612.3510790264445,292359,312475
1,-0.5..0,6,623097,2132,-0.0004444115203375735,-0.0003676507712003755,5850.96554697694,-6127.877032064763,292703,312697
1,-0.5..0,7,621212,2132,-0.000547706395859397,-0.0003696725412874545,6265.317229919889,-6605.559015504505,291773,313059
1,-0.5..0,8,619350,2132,-0.0006756252499152724,-0.0004987751817846315,6625.224559630229,-7043.673058165284,290119,314011
1,-0.5..0,9,617196,2132,-0.0007888392504382232,-0.0005984754655311734,6958.902027527686,-7445.770457541139,288697,314063
1,-0.5..0,10,615098,2132,-0.0008996046833395802,-0.0007156444513272856,7273.832359980823,-7827.177401493667,287571,313914
1,-0.5..0,11,613442,2132,-0.001002963312787888,-0.0009126616932097384,7575.129875797878,-8190.389696321115,286593,313858
1,-0.5..0,12,611616,2132,-0.00109054339797406,-0.0010153147575061995,7851.725591784002,-8518.719382679317,285148,313968
1,-0.5..0,13,610043,2132,-0.0011637661158759433,-0.0009441606444055231,8127.1516693652375,-8837.099041992578,284378,313675
1,-0.5..0,14,607986,2132,-0.0012766099249490689,-0.0009593174600413108,8360.59504656654,-9136.756008396613,283141,313196
1,-0.5..0,15,606181,2132,-0.0014372231193828626,-0.0012690081483940048,8563.59039567341,-9434.807743404039,281732,313312
1,-0.5..0,16,604269,2132,-0.0015811359993518263,-0.0013882776361047256,8766.766903417305,-9722.1983726096,280305,313251
1,-0.5..0,17,602741,2132,-0.0017130802870429771,-0.0016733263120950592,8966.756567596201,-9999.30029288877,278978,313264
1,-0.5..0,18,601086,2132,-0.0018107603288380772,-0.001540028285897912,9160.378161570003,-10248.800844589978,278025,313005
1,-0.5..0,19,599058,2132,-0.0019259567625561573,-0.0018084139171931067,9336.373863792303,-10490.133670055653,276852,312389
1,-0.5..0,20,597169,2132,-0.002049646898721262,-0.001711040897226768,9515.93502667795,-10739.920615540455,275443,312294
1,-0.5..0,21,595427,2132,-0.0022056746725543233,-0.001977736635030825,9670.113485629245,-10983.43173888424,274585,311774
1,-0.5..0,22,593474,2132,-0.002320691481429133,-0.00210153080196015,9829.020859743056,-11206.290915992682,273295,311250
1,-0.5..0,23,591774,2132,-0.002455600135364045,-0.0023477484811424993,9970.25838724804,-11423.41870175299,272183,310872
1,-0.5..0,24,589997,2132,-0.0025306356035094003,-0.002269751775954618,10130.620282690088,-11623.687696853873,271374,310044
1,-0.5..0,25,588360,2130,-0.0026153939880426223,-0.0024670710319894167,10281.149996159624,-11819.943202964378,270330,309794
1,-0.5..0,26,586242,2132,-0.0026847228420090238,-0.0024134857261543644,10433.188603089864,-12007.085891434908,268941,309287
1,-0.5..0,27,584922,2131,-0.002810022525021759,-0.0024105332828908044,10567.168450937466,-12210.812446318247,267648,309283
1,-0.5..0,28,583221,2131,-0.002928913885839347,-0.0027006985435240505,10689.731957222344,-12397.936042635465,266864,308745
1,-0.5..0,29,581876,2132,-0.003034784947648472,-0.002661199965971631,10816.733367279981,-12582.601893477906,266029,308234
1,-0.5..0,30,580043,2131,-0.0031378260384153913,-0.002742406839356418,10943.72464013577,-12763.798668936333,265048,307682
1,-0.5..0,31,578435,2132,-0.003230681754279477,-0.0028560836441326406,11070.344183432242,-12939.083583968899,263366,307785
1,-0.5..0,32,576542,2131,-0.0032524248741181185,-0.0027191797424307323,11209.599001427996,-13084.75854320183,262348,306913
1,-0.5..0,33,574574,2132,-0.0033258061443485944,-0.0027055705258157104,11337.049368249533,-13247.971107832462,261221,306234
1,-0.5..0,34,573020,2132,-0.003452244535397879,-0.002942433026721371,11432.868919716026,-13411.074083389813,260316,305706
1,-0.5..0,35,571095,2132,-0.003567477945444061,-0.003280025477787185,11534.252666209293,-13571.6214834627,259189,305027
1,-0.5..0,36,569398,2132,-0.0036621421521299204,-0.0033027762532809746,11633.306208752967,-13718.522625891464,258291,304328
1,-0.5..0,37,567901,2131,-0.00372615882117901,-0.0032531894656292765,11745.570509783985,-13861.659830490307,257496,303794
1,-0.5..0,38,566469,2132,-0.003782421665088566,-0.0032145448434780237,11858.411611868272,-14001.03623006937,256208,303559
1,-0.5..0,39,564490,2132,-0.003855758043799978,-0.0033300778922394562,11951.334783983122,-14127.871642127811,255207,302869
1,-0.5..0,40,562948,2131,-0.003923797224059869,-0.003558774550171431,12049.220148273473,-14258.113947963551,254357,302127
1,-0.5..0,41,561156,2131,-0.004038119103059299,-0.0035341621439915613,12133.039174053303,-14399.053937449706,252873,301906
1,-0.5..0,42,559578,2131,-0.004107759371467055,-0.003432760694918692,12225.23349877956,-14523.845272346345,252153,301137
1,-0.5..0,43,557994,2132,-0.004194165956961602,-0.003628380534656442,12305.120531692779,-14645.439970681591,251457,300485
1,-0.5..0,44,556557,2132,-0.0042488866586927205,-0.0038046540764171796,12397.333559995226,-14762.081172097272,250409,300207
1,-0.5..0,45,554707,2132,-0.0043137121284500275,-0.0036784651011620853,12479.348669157112,-14872.194982793304,249605,299155
1,-0.5..0,46,552806,2132,-0.0043925855800737105,-0.003913073352441047,12554.646232433379,-14982.893896611584,248343,298584
1,-0.5..0,47,551168,2132,-0.0044531801509404305,-0.0038907599182411564,12629.482579522597,-15083.932976956146,247483,297907
1,-0.5..0,48,549408,2131,-0.00453733257177687,-0.003895536931524576,12703.499576823595,-15196.346390418365,246248,297422
1,-0.5..0,49,547743,2131,-0.004621069852917675,-0.003969809178134209,12778.38881408395,-15309.547478530601,245204,296936
1,-0.5..0,50,545978,2132,-0.004682682909467185,-0.004221513750210998,12848.601018758005,-15405.242868303028,244263,296225
1,-0.5..0,51,544255,2131,-0.00474434482122343,-0.0042636545160038225,12923.532467223456,-15505.66585789844,243316,295716
1,-0.5..0,52,542438,2131,-0.004771335389453115,-0.004215327152761939,13008.13206033981,-15596.285686323985,242221,294770
1,-0.5..0,53,540855,2131,-0.004826702407794783,-0.004189478528504245,13082.315075920911,-15692.86120668877,241517,294070
1,-0.5..0,54,539365,2131,-0.00486751953030086,-0.004068074650535548,13161.335507947922,-15786.705179408627,240658,293404
1,-0.5..0,55,537557,2131,-0.004946700565950388,-0.0044708608584581545,13218.257580804415,-15877.391096935015,239677,292653
1,-0.5..0,56,536025,2132,-0.005017058216734454,-0.004530255089879544,13276.600105417585,-15965.868736042641,238687,292163
1,-0.5..0,57,534449,2132,-0.005059894793371324,-0.004454896599754404,13333.99624267558,-16038.251955098085,237825,291474
1,-0.5..0,58,532934,2132,-0.0051422166717067855,-0.0044412492476861055,13384.341723620726,-16124.803823340117,236846,290907
1,-0.5..0,59,531269,2132,-0.005168764073762564,-0.004440733533976735,13452.664745620881,-16198.668866324635,235875,290337
1,-0.5..0,60,529613,2131,-0.005214148598238475,-0.004773152366435933,13516.378108232988,-16277.858989791945,235044,289519
1,-0.5..0,61,527848,2132,-0.005247756589070666,-0.004502291571649212,13572.734795573488,-16342.752615601294,234054,288835
1,-0.5..0,62,526137,2131,-0.005327554758165292,-0.004617219322386666,13625.69188629844,-16428.715564095226,232899,288280
1,-0.5..0,63,524490,2132,-0.005419436163446009,-0.00473059869186079,13661.901071928845,-16504.34114529464,232152,287395
1,-0.5..0,64,522811,2131,-0.00550498629065016,-0.004552661991891404,13711.097715187767,-16589.165102788884,231355,286656
1,-0.5..0,65,521245,2132,-0.005603240392341869,-0.004779746479674751,13747.240884005987,-16667.901922312278,230318,286108
1,-0.5..0,66,519753,2130,-0.005678033458891073,-0.004795688773669131,13784.159706188508,-16735.33463054752,229870,285205
1,-0.5..0,67,518067,2132,-0.005756853985553093,-0.005000862928055729,13824.277149192532,-16806.713222926064,228838,284598
1,-0.5..0,68,516374,2132,-0.005810736595578427,-0.005132460705947564,13876.849061388133,-16877.36236019341,227983,283876
1,-0.5..0,69,514679,2130,-0.005876673388045823,-0.005101663954961696,13911.858341477018,-16936.45872416301,227255,282922
1,-0.5..0,70,513003,2130,-0.005974734752066403,-0.005195134868426993,13933.603673902739,-16998.660525917,226265,282211
1,-0.5..0,71,511307,2129,-0.0060101761088357354,-0.0048696873574123065,13984.062698310185,-17057.107813990624,225382,281465
1,-0.5..0,72,509688,2132,-0.006085467038178357,-0.0052221364204624665,14036.689742550912,-17138.37926630601,224628,280657
1,-0.5..0,73,507952,2131,-0.0061047014470716025,-0.005087053252468851,14091.073039024132,-17191.968348467013,223687,279982
1,-0.5..0,74,506191,2129,-0.006111608054429892,-0.005186521485639414,14153.851350271823,-17247.49234295174,222972,279013
1,-0.5..0,75,504593,2129,-0.006129673755991546,-0.005020698467585655,14207.155396042972,-17300.1458656,222049,278291
1,-0.5..0,76,502844,2130,-0.006192453840127168,-0.0053055120391660255,14235.846749008455,-17349.68500779336,220840,277817
1,-0.5..0,77,501242,2129,-0.006308501751877112,-0.005137999638061861,14236.836477508481,-17398.922512622885,219919,277101
1,-0.5..0,78,499414,2129,-0.00639681878538241,-0.005342834324851943,14254.076405312357,-17448.73726219527,218963,276251
1,-0.5..0,79,497796,2131,-0.006482942610299086,-0.005549331731415106,14276.823711913166,-17504.006611549554,218112,275631
1,-0.5..0,80,496164,2130,-0.006529790784633789,-0.005364404617865976,14300.375032536136,-17540.222147403172,217352,274790
1,-0.5..0,81,494473,2130,-0.0065268766193731335,-0.005312785045977421,14343.745617154324,-17571.109879765576,216537,273931
1,-0.5..0,82,492787,2132,-0.006618730923193731,-0.00563368720056987,14369.385154164665,-17631.009709612506,215429,273320
1,-0.5..0,83,491093,2130,-0.006662190241381019,-0.005691879439764426,14398.857239386143,-17670.612231596686,214779,272327
1,-0.5..0,84,489742,2131,-0.006730850567155204,-0.005814524665617273,14431.121905871976,-17727.502124331797,214039,271901
1,-0.5..0,85,488291,2131,-0.00681219478922882,-0.00584728322965915,14460.52003168199,-17786.8534375094,213250,271172
1,-0.5..0,86,486333,2132,-0.006863706603498543,-0.00570754892239659,14487.329010432184,-17825.376034031433,212056,270443
1,-0.5..0,87,484905,2131,-0.006971160653225673,-0.006053657567382142,14488.678367241424,-17869.02902379386,211257,269861
1,-0.5..0,88,483229,2130,-0.007031570100390362,-0.0057292646926521106,14504.77454499605,-17902.633133037627,210359,269086
1,-0.5..0,89,481786,2131,-0.007110211615915799,-0.005879742217908023,14517.999083278382,-17943.599496864077,209638,268397
1,-0.5..0,90,480107,2131,-0.007153062628658877,-0.006067687759210847,14545.222923032612,-17979.45836249001,208716,267809
1,-0.5..0,91,478318,2130,-0.0072005525776203255,-0.006082640788894814,14578.311115844215,-18022.465023666482,207727,267033
1,-0.5..0,92,476846,2131,-0.007204153989982454,-0.006021816190197779,14626.253396725164,-18061.52541023236,207271,265927
1,-0.5..0,93,475104,2130,-0.007234978473696626,-0.006025506305231029,14661.50538191995,-18098.872594687036,206629,264921
1,-0.5..0,94,473500,2131,-0.007273671095952093,-0.0058965769487290525,14681.746623778385,-18125.829887711774,205630,264301
1,-0.5..0,95,471808,2131,-0.007296432687062126,-0.0061972684573673685,14712.253343772196,-18154.768656989552,204670,263646
1,-0.5..0,96,470044,2131,-0.007323725743848669,-0.006132407624835104,14741.126508487467,-18183.599852029078,203774,262804
1,-0.5..0,97,468748,2131,-0.0073969012351392475,-0.006378150656164294,14756.075085991297,-18223.35774616043,202954,262243
1,-0.5..0,98,467000,2130,-0.007414921035538733,-0.006183718944706697,14784.668231914793,-18247.43635551141,201950,261555
1,-0.5..0,99,465377,2130,-0.0074469847874119996,-0.005940469502205732,14804.374600411484,-18270.030039822934,201107,260937
1,-0.5..0,100,463549,2130,-0.007574519170772629,-0.00592546212785426,14782.225350624158,-18293.38613771656,200175,259917
1,-0.5..0,101,462106,2129,-0.007659074572286972,-0.006030552311533818,14789.973663414994,-18329.27797771616,199443,259330
1,-0.5..0,102,460608,2131,-0.007710392273209337,-0.005960357362993627,14807.973580896098,-18359.441945074475,198426,258779
1,-0.5..0,103,458830,2131,-0.007801241599171899,-0.006257051639442509,14805.608628643578,-18385.052311591648,197541,257962
1,-0.5..0,104,457173,2132,-0.00783585516556311,-0.006195029106282508,14825.685510284944,-18408.026923890982,196649,257276
1,-0.5..0,105,455497,2130,-0.007862983083561922,-0.0061628499096228985,14850.401137122737,-18431.966342735963,195871,256276
1,-0.5..0,106,453950,2129,-0.007895255467827642,-0.006475386687661399,14858.544429748394,-18442.595649368734,195214,255440
1,-0.5..0,107,452260,2131,-0.00794883423747958,-0.006363518748176713,14862.135980927646,-18457.075753170175,194493,254709
1,-0.5..0,108,450683,2131,-0.008024089468762097,-0.006608807899916196,14857.008674273788,-18473.329388323913,193823,253718
1,-0.5..0,109,448941,2131,-0.008105826386329338,-0.006687678190433437,14858.846261092722,-18497.88406479783,192814,252975
1,-0.5..0,110,447153,2132,-0.008123212985456504,-0.006567248102726974,14869.122854604082,-18501.44191069001,191867,252157
1,-0.5..0,111,445726,2130,-0.00811184148341918,-0.00620833019975922,14893.081880839589,-18508.740537878133,191012,251561
1,-0.5..0,112,444199,2131,-0.008116300167224979,-0.006231938852266656,14907.587111195395,-18512.839529176574,190406,250727
1,-0.5..0,113,442610,2132,-0.008137258116250273,-0.00651063661228757,14932.550740907553,-18534.182555741125,189423,250114
1,-0.5..0,114,440975,2130,-0.008170570582324158,-0.006554633443926747,14942.25995772928,-18545.277320269703,188620,249311
1,-0.5..0,115,439348,2131,-0.008266576833989738,-0.006538955506952485,14937.49976065458,-18569.403759514364,187947,248339
1,-0.5..0,116,437905,2130,-0.008331103767096752,-0.006150300698161834,14942.356765333381,-18590.588760463866,186863,248122
1,-0.5..0,117,436285,2132,-0.008334035376084806,-0.00674009149249731,14970.084018692465,-18606.098642747642,186257,247065
1,-0.5..0,118,434588,2130,-0.008378882648956212,-0.006359096787857363,14978.918971550032,-18620.280824194586,185349,246343
1,-0.5..0,119,432948,2130,-0.008478725336952653,-0.006830038886128153,14958.732077738543,-18629.579254921493,184558,245541
1,-0.5..0,120,431354,2130,-0.008517943565612387,-0.006694490051057805,14975.06246865439,-18649.31149745556,183632,244869
1,-0.5..0,121,429784,2132,-0.008565389754591073,-0.006593403190037295,14978.635419664763,-18659.902889951907,182805,244139
1,-0.5..0,122,428435,2130,-0.008627556391980552,-0.0065949321749610235,14972.912453924937,-18669.259576723045,182055,243530
1,-0.5..0,123,426793,2132,-0.008632246851590416,-0.006323047407665781,14992.830804411826,-18677.013334942676,181209,242764
1,-0.5..0,124,425182,2130,-0.008754232849095357,-0.006420344302322719,14958.48861600668,-18680.63084725075,180376,241906
1,-0.5..0,125,423592,2131,-0.008802228364717814,-0.006503437684937353,14954.45210693533,-18683.005624402835,179785,241097
1,-0.5..0,126,422081,2131,-0.008862719129236534,-0.0066992649783531545,14951.608872416713,-18692.39422520404,178895,240519
1,-0.5..0,127,420726,2131,-0.008884840457830976,-0.006748783414123783,14962.00201479001,-18700.0854012514,178357,239720
1,-0.5..0,128,419001,2129,-0.00888471972291817,-0.006383625111618915,14973.947494257574,-18696.65394287997,177401,238944
1,-0.5..0,129,417520,2130,-0.008905110015855637,-0.006627839301564696,14980.085774283529,-18698.147308103587,176740,238093
1,-0.5..0,130,415798,2129,-0.008965607973344418,-0.006622254616763,14968.295781545905,-18696.17764564662,175880,237353
1,-0.5..0,131,414028,2130,-0.009095462753284348,-0.007128829479891691,14923.267435700196,-18689.043688517035,174896,236558
1,-0.5..0,132,412398,2130,-0.009154488888981085,-0.006675104011415077,14912.620033072059,-18687.91294191004,174083,235783
1,-0.5..0,133,410668,2130,-0.00915363148799555,-0.0062514464564691,14919.442060116717,-18678.545596028875,173197,234927
1,-0.5..0,134,409374,2129,-0.009171723865008273,-0.006088022967777177,14932.118540481952,-18686.783825995775,172577,234252
1,-0.5..0,135,407843,2131,-0.009155976278365036,-0.006709354152471057,14942.133979726,-18676.334813023223,171935,233451
1,-0.5..0,136,406085,2132,-0.009266238359020969,-0.006818842076350837,14909.668573626272,-18672.548977649323,171179,232460
1,-0.5..0,137,404471,2130,-0.009325894385030394,-0.0066402492434962605,14900.270360532668,-18672.32418834026,170350,231612
1,-0.5..0,138,402941,2130,-0.009382077081291322,-0.006830281045103324,14893.762785227673,-18674.18630644026,169577,230972
1,-0.5..0,139,401396,2129,-0.009385643150975313,-0.006902189695553993,14900.355061178001,-18667.7146794069,168737,230212
1,-0.5..0,140,399852,2131,-0.009389172774182074,-0.006671634367146444,14904.19126598775,-18658.47077808991,168001,229436
1,-0.5..0,141,398139,2129,-0.009436283834092314,-0.006934802963534345,14895.651105611258,-18652.60371503296,167602,228163
1,-0.5..0,142,396621,2129,-0.009510541383261748,-0.007061870818310473,14877.909019409788,-18649.98945338055,166773,227471
1,-0.5..0,143,394876,2131,-0.009551312022748277,-0.006890443253819566,14856.787116826443,-18628.37100312125,165698,226823
1,-0.5..0,144,393406,2130,-0.00951977831185346,-0.006880999910719537,14880.87668797461,-18626.014594527685,164961,226047
1,-0.5..0,145,391997,2130,-0.0095029751466087,-0.006762770567848976,14890.578922446924,-18615.71667099208,164287,225356
1,-0.5..0,146,390195,2130,-0.00951383590840257,-0.006656304405097974,14881.104218877266,-18593.355421156415,163508,224356
1,-0.5..0,147,388579,2131,-0.009552771670946838,-0.006693837947878371,14865.116982562206,-18577.123445687015,162562,223734
1,-0.5..0,148,386729,2132,-0.009662070980424285,-0.0069239629353543925,14814.482647146671,-18551.08569533517,161886,222554
1,-0.5..0,149,385178,2131,-0.009736161090469028,-0.006698164352645674,14772.709370199587,-18522.864426704324,161023,221817
1,-0.5..0,150,383545,2131,-0.009854067016692,-0.0070138189076380895,14733.923074266297,-18513.401208183495,159993,221292
1,-0.5..0,151,382033,2130,-0.009913482359449343,-0.007180129674290611,14709.69503260798,-18496.97243883535,159242,220562
1,-0.5..0,152,380336,2130,-0.009911381779347701,-0.006963175943036066,14714.482202434277,-18484.137502864196,158310,219838
1,-0.5..0,153,378706,2130,-0.009945499315591385,-0.006964938079610477,14696.80477787779,-18463.22504168811,157712,218883
1,-0.5..0,154,377137,2129,-0.010001392063642534,-0.006574121675481913,14675.426015757868,-18447.321014463847,156964,217998
1,-0.5..0,155,375479,2130,-0.01009388921687261,-0.0069945383540813465,14641.801849996831,-18431.845279259032,156226,217104
1,-0.5..0,156,373868,2130,-0.010186277649919941,-0.007120476779713834,14604.683887591007,-18413.007140011327,155459,216227
1,-0.5..0,157,372256,2130,-0.010293351409384088,-0.0072972297936493005,14575.08745016033,-18406.849272412077,154719,215381
1,-0.5..0,158,370706,2130,-0.010396397345080622,-0.007077810476832838,14539.265220284085,-18393.27209448952,153801,214838
1,-0.5..0,159,369215,2130,-0.01041282022440607,-0.00718304109090334,14532.638860306402,-18377.20827946052,153221,214015
1,-0.5..0,160,367698,2130,-0.010467679776630786,-0.006347027240470359,14513.269093396953,-18362.214011904587,152509,213112
1,-0.5..0,161,365877,2130,-0.01043607948624962,-0.006683085846148704,14500.611081124393,-18318.932535314943,151639,212154
1,-0.5..0,162,364400,2129,-0.010485414846376275,-0.006654811186138113,14485.581862368324,-18306.467032387885,150917,211499
1,-0.5..0,163,362723,2130,-0.010530906112872863,-0.006429469842188714,14468.324749723624,-18288.126607703187,150074,210752
1,-0.5..0,164,361205,2130,-0.010545999858694302,-0.006476198959816502,14457.791175224593,-18267.059054184174,149393,209787
1,-0.5..0,165,359825,2129,-0.010596937019797614,-0.006356490492710604,14435.883298680175,-18248.92616182887,148831,209026
1,-0.5..0,166,358084,2131,-0.010565467993786352,-0.006378993362843962,14426.510991478612,-18209.83603256555,148026,208101
1,-0.5..0,167,356465,2128,-0.01062344532991515,-0.007025810994906319,14409.739188598673,-18196.62562812689,147152,207328
1,-0.5..0,168,354908,2128,-0.01064836036092781,-0.006331902285186081,14400.096554015094,-18179.2848329913,146564,206419
1,-0.5..0,169,353261,2128,-0.010688519713975577,-0.006418185467888087,14378.8168723445,-18154.65403502326,145833,205524
1,-0.5..0,170,351725,2123,-0.010684752759824551,-0.006861515321159813,14370.562429776226,-18128.657094225564,145099,204662
1,-0.5..0,171,349809,2123,-0.0107043420788604,-0.0066286564811304,14345.066927571106,-18089.54212583524,144160,203698
1,-0.5..0,172,348252,2123,-0.010692728206957033,-0.006429726817735176,14349.000665445625,-18072.764648974844,143568,202788
1,-0.5..0,173,346582,2122,-0.01077626393317317,-0.006452127573676884,14307.756298488264,-18042.615404975273,142732,201922
1,-0.5..0,174,344972,2124,-0.010919254311456851,-0.006559178942415406,14248.89879371803,-18015.7357920499,142053,201056
1,-0.5..0,175,343309,2123,-0.011061488194831609,-0.006508803381878606,14205.21234143432,-18002.720792113756,141067,200353
1,-0.5..0,176,341704,2121,-0.011221953142299432,-0.006635548219380823,14139.929083062454,-17974.51535959876,140376,199451
1,-0.5..0,177,340130,2122,-0.011258699576103792,-0.006933628542552759,14109.70312510804,-17939.124611928168,139648,198739
1,-0.5..0,178,338486,2121,-0.011278531164054289,-0.006631665146360728,14084.876684391971,-17902.50158398803,138863,197779
1,-0.5..0,179,337068,2122,-0.01131371083069598,-0.00651103385905164,14060.613549729042,-17874.103432009993,138229,197081
1,-0.5..0,180,335535,2121,-0.011380915592376186,-0.006828147527359968,14028.35355151801,-17847.04906480601,137466,196263
1,-0.5..0,181,333854,2122,-0.011437420740878905,-0.00693941550952407,13998.854996732283,-17817.2836607577,136532,195503
1,-0.5..0,182,332157,2123,-0.01149734652886199,-0.006824761147281469,13968.735507017556,-17787.65963800473,136005,194372
1,-0.5..0,183,330694,2125,-0.011472846279821142,-0.00710845104783643,13962.371349711548,-17756.372777370623,135351,193645
1,-0.5..0,184,329090,2123,-0.011492686274502853,-0.007076969145118981,13936.111941124227,-17718.2400672004,134791,192641
1,-0.5..0,185,327472,2124,-0.011578799634840441,-0.0073407010288934794,13897.434768767225,-17689.167442787755,133974,191759
1,-0.5..0,186,325871,2123,-0.01157224076940924,-0.0070201724069727306,13887.437616609117,-17658.495288377173,133213,190916
1,-0.5..0,187,324187,2121,-0.011635558207505057,-0.007091422766284035,13852.607242290906,-17624.703950907406,132558,189974
1,-0.5..0,188,322617,2124,-0.011703978337578943,-0.007559218144135041,13815.796865943707,-17591.699245278345,131801,189159
1,-0.5..0,189,320941,2121,-0.01174946701995898,-0.00771502174628454,13791.923146257652,-17562.80884111025,131042,188251
1,-0.5..0,190,319405,2122,-0.011849042411899281,-0.007676009796873818,13756.467520225731,-17541.110911798474,130296,187454
1,-0.5..0,191,317848,2120,-0.011904976520653865,-0.007400578233617452,13713.006615683205,-17496.979592819975,129484,186714
1,-0.5..0,192,316245,2122,-0.011886770346251989,-0.007320929693440191,13696.002981457712,-17455.134669608175,128825,185821
1,-0.5..0,193,314674,2123,-0.011945682843497915,-0.007594578600141838,13663.656040004516,-17422.651843099426,127978,185061
1,-0.5..0,194,313007,2123,-0.011923218614733565,-0.007165860720571446,13645.32738497418,-17377.37827391614,127269,184157
1,-0.5..0,195,311195,2122,-0.011947320583857583,-0.00721551356770106,13596.371856512147,-17314.31828560569,126500,183134
1,-0.5..0,196,309777,2120,-0.01203783680975391,-0.007506327991579704,13544.880474692378,-17273.925448107435,125872,182394
1,-0.5..0,197,308084,2122,-0.012078738084556668,-0.007744564665507989,13511.883144423533,-17233.149088466114,125133,181409
1,-0.5..0,198,306659,2122,-0.012095896498700734,-0.007559912729433345,13479.307032607796,-17188.622557002862,124446,180745
1,-0.5..0,199,305020,2122,-0.012058117091265069,-0.007288678540786651,13456.485809557356,-17134.45268473498,123629,179917
1,-0.5..0,200,303281,2114,-0.01204050576422417,-0.006961055496563057,13436.952392781235,-17088.60902146097,122868,178872
1,-0.5..0,201,301495,2115,-0.012113928648398229,-0.00721406801547323,13394.204892193717,-17046.493810042568,122116,177983
1,-0.5..0,202,300023,2115,-0.012164627895341042,-0.007025796114265137,13362.580097731183,-17012.24825277508,121371,177212
1,-0.5..0,203,298347,2114,-0.012167451660126031,-0.007547126751176985,13330.128334494373,-16960.25103493803,120750,176141
1,-0.5..0,204,296800,2117,-0.012234064738135975,-0.007200545136571758,13301.391350911055,-16932.461765189888,120023,175265
1,-0.5..0,205,295090,2114,-0.012255589750751373,-0.006998792237522433,13270.55633143913,-16887.058310988334,119289,174318
1,-0.5..0,206,293541,2115,-0.012318621970925397,-0.007734180919273973,13228.076580037778,-16844.0971920052,118515,173599
1,-0.5..0,207,292074,2114,-0.012299570751122113,-0.00702738246654846,13204.336998091245,-16796.72182565449,117982,172643
1,-0.5..0,208,290322,2113,-0.012372557721847621,-0.007099384840619943,13158.874706267421,-16750.90040918972,117259,171672
1,-0.5..0,209,288661,2114,-0.012277192234799637,-0.007585641287053584,13143.32626465191,-16687.27285234137,116539,170695
1,-0.5..0,210,286882,2113,-0.012381012943864497,-0.007823358973274509,13084.706376071723,-16636.59613143343,115695,169757
1,-0.5..0,211,285227,2116,-0.012423347712942213,-0.007930978587075052,13029.978938519402,-16573.45313663875,115017,168788
1,-0.5..0,212,283644,2113,-0.012509880191428851,-0.0077787314495548696,12980.799663069363,-16529.152120087077,114232,168007
1,-0.5..0,213,282052,2113,-0.01272577903615307,-0.007455437617863171,12899.420959917843,-16488.7523886229,113386,167266
1,-0.5..0,214,280676,2113,-0.012733523011889618,-0.007317688402402131,12872.603393807909,-16446.597698692938,112813,166478
1,-0.5..0,215,278793,2114,-0.012765787577146049,-0.007502142705317875,12819.357504181682,-16378.369720176994,112077,165395
1,-0.5..0,216,277064,2114,-0.012827262250585048,-0.007790809540611366,12769.724830003233,-16323.697418199383,111313,164465
1,-0.5..0,217,275287,2118,-0.012937962927786498,-0.008356912261365456,12703.502148410133,-16265.155148911752,110497,163451
1,-0.5..0,218,273630,2116,-0.013040950073996142,-0.008100783277329751,12647.558545437267,-16215.953714184836,109689,162683
1,-0.5..0,219,271989,2117,-0.013115530266799002,-0.00814934577914863,12597.043072952925,-16164.323034689345,109164,161567
1,-0.5..0,220,270487,2114,-0.013092215923098532,-0.007992987073503178,12573.496544068996,-16114.770752460132,108372,160895
1,-0.5..0,221,268834,2116,-0.013156846068401968,-0.007721733607803717,12523.463193916245,-16060.470749869013,107618,159988
1,-0.5..0,222,267223,2114,-0.013128152229834527,-0.008896385985662066,12497.282518201082,-16005.4267415142,106992,159020
1,-0.5..0,223,265656,2115,-0.013207614832870421,-0.00839145234427275,12461.281814000864,-15969.963940041842,106265,158196
1,-0.5..0,224,264166,2114,-0.01329515186059983,-0.00877008752224624,12407.89034966423,-15920.017436071414,105470,157499
1,-0.5..0,225,262498,2115,-0.013355811377296993,-0.008182649322404936,12364.699061239546,-15870.572836157336,104868,156451
1,-0.5..0,226,260853,2114,-0.013497426384335976,-0.008440093514793568,12287.317355051831,-15808.161519685082,104162,155452
1,-0.5..0,227,259176,2113,-0.013466547042717573,-0.008214578922362313,12254.598095422387,-15744.803891765781,103407,154542
1,-0.5..0,228,257487,2116,-0.013512024306812264,-0.008412471114955645,12207.614510685786,-15686.785113373953,102711,153600
1,-0.5..0,229,255796,2115,-0.013696051666728503,-0.008376117020057592,12123.632197010062,-15627.02742915261,101871,152718
1,-0.5..0,230,254096,2112,-0.01378276417838302,-0.008153698487615565,12050.808454056321,-15552.953700726648,101267,151634
1,-0.5..0,231,252292,2114,-0.013795999879654497,-0.008182640892959118,11991.905243362193,-15472.52564499999,100547,150613
1,-0.5..0,232,250734,2115,-0.013877916535165657,-0.008129522697144531,11920.764053613457,-15400.429578141677,99795,149820
1,-0.5..0,233,249082,2115,-0.013856648212817542,-0.008357947624567697,11889.860584566812,-15341.302234711873,98887,149017
1,-0.5..0,234,247539,2115,-0.013975300998058394,-0.008698545510815177,11829.83440294435,-15289.266436702765,98345,148073
1,-0.5..0,235,245857,2115,-0.01394008591527843,-0.008498655382411012,11785.413876550154,-15212.681579422782,97694,147106
1,-0.5..0,236,244167,2114,-0.013945659431334394,-0.00857692619074956,11739.609755735608,-15144.679582106246,96933,146129
1,-0.5..0,237,242444,2116,-0.013927153758187334,-0.008051078771356331,11703.328565020245,-15079.88343077025,96269,145107
1,-0.5..0,238,240820,2115,-0.0140262481977398,-0.008166788753546456,11648.034678985972,-15025.83576996566,95482,144287
1,-0.5..0,239,239082,2114,-0.014038662177454456,-0.008416716181852916,11594.746228728043,-14951.137659438284,94861,143147
1,-0.5..0,240,237539,2114,-0.014197591308357732,-0.008835138634980066,11517.257039335767,-14889.738681131745,94149,142374
1,-0.5..0,241,235858,2112,-0.014327514048767817,-0.008939488261809788,11432.929388679568,-14812.188197193878,93420,141407
1,-0.5..0,242,234171,2113,-0.014365770286047548,-0.00881371080867596,11377.134016318265,-14741.180809972286,92817,140353
1,-0.5..0,243,232482,2117,-0.014439919773455056,-0.008879382723194116,11326.83451283888,-14683.855941611226,92063,139452
1,-0.5..0,244,230798,2115,-0.014498016916487378,-0.009316803175969673,11274.200239658145,-14620.313547949592,91203,138567
1,-0.5..0,245,229130,2115,-0.014554714176996528,-0.009324722993311363,11215.360422936727,-14550.282082311998,90502,137599
1,-0.5..0,246,227522,2113,-0.01459814874612626,-0.009111281593127235,11178.031404061521,-14499.431403077642,89798,136754
1,-0.5..0,247,225833,2112,-0.014622699816769627,-0.008769904358143576,11122.59967752501,-14424.887845245583,89120,135696
1,-0.5..0,248,224168,2114,-0.014652816749738654,-0.009035494272482628,11067.219112033721,-14351.911737189112,88392,134808
1,-0.5..0,249,222515,2113,-0.01457426872744149,-0.00877811724011866,11037.500780199476,-14280.49418608611,87768,133820
1,-0.5..0,250,220771,2114,-0.014660348505992803,-0.008686726205047627,10968.552645658667,-14205.132445675226,87133,132701
1,-0.5..0,251,218969,2115,-0.01479671171139179,-0.009358924093400745,10884.220519891043,-14124.241686622805,86343,131661
1,-0.5..0,252,217301,2115,-0.014755156363145186,-0.009283544334393686,10845.325753663386,-14051.635986531212,85616,130747
1,-0.5..0,253,215652,2115,-0.014746968716359799,-0.009323288414674351,10796.659151222688,-13976.87244884316,84960,129755
1,-0.5..0,254,213918,2114,-0.01481319451301952,-0.008919783300340612,10731.38570044049,-13900.194644276571,84209,128806
1,-0.5..0,255,212378,2114,-0.014796538222414059,-0.009242863533039169,10699.820547294707,-13842.279741894581,83518,127990
1,-0.5..0,256,210456,2115,-0.014822654620878964,-0.009728355454718231,10633.921857700776,-13753.438458592478,82744,126802
1,-0.5..0,257,208745,2113,-0.014842080553323452,-0.009258154085177156,10575.91349232006,-13674.123597423517,81974,125872
1,-0.5..0,258,207038,2112,-0.014904838431700058,-0.00936088702170915,10505.350488909953,-13591.218428132188,81213,124878
1,-0.5..0,259,205392,2115,-0.014938360036927669,-0.009210637948705736,10436.15787044389,-13504.37751514856,80636,123865
1,-0.5..0,260,203710,2114,-0.015110616403369834,-0.008817091345363225,10350.929611175841,-13429.113278706323,79917,122901
1,-0.5..0,261,202013,2115,-0.015258141601719658,-0.009218008631326451,10270.46519976543,-13352.808159153585,79311,121849
1,-0.5..0,262,200195,2112,-0.015409343861559698,-0.009501487148424512,10189.12763320955,-13274.00122757449,78479,120849
1,-0.5..0,263,198443,2114,-0.015489483066058069,-0.009826569064884957,10115.244901322149,-13189.024389399883,77837,119784
1,-0.5..0,264,196686,2115,-0.015483259323338903,-0.009560185383631783,10058.916844768948,-13104.25718803919,77025,118797
1,-0.5..0,265,195118,2114,-0.015535956397520251,-0.00964709808688562,9994.296560994855,-13025.641301366175,76304,118012
1,-0.5..0,266,193436,2115,-0.01566381901702736,-0.010085500845421199,9920.794697129033,-12950.741192506764,75531,117092
1,-0.5..0,267,191821,2114,-0.0155812376337978,-0.009779141577294707,9874.95471255782,-12863.763296710466,74856,116179
1,-0.5..0,268,190029,2114,-0.015619059107785868,-0.009672760804292031,9802.425059370576,-12770.499242564048,74112,115110
1,-0.5..0,269,188385,2113,-0.015569942941289666,-0.009535304399205377,9762.882206961947,-12696.025907956802,73437,114194
1,-0.5..0,270,186601,2113,-0.015490437080039068,-0.009551490089149047,9715.280640821127,-12605.811690393457,72686,113136
1,-0.5..0,271,184677,2114,-0.01561029406462475,-0.009915216379974999,9620.120588548083,-12502.982865520771,71893,111999
1,-0.5..0,272,183027,2113,-0.0156251325043959,-0.009378975185508913,9567.200786446063,-12427.021913328128,71273,110929
1,-0.5..0,273,181186,2115,-0.015742535566009578,-0.009294294876138276,9476.061353977277,-12328.388403040255,70610,109867
1,-0.5..0,274,179398,2114,-0.015663692423036776,-0.009485632959945197,9422.670026050671,-12232.705119358612,69899,108744
1,-0.5..0,275,177567,2114,-0.015581840587134028,-0.009785271776031203,9373.184291959575,-12140.004979495145,69070,107762
1,-0.5..0,276,175941,2115,-0.01561807674315054,-0.00943314793638927,9306.617859255042,-12054.477899521684,68399,106789
1,-0.5..0,277,174099,2114,-0.015803389650735692,-0.01018229763308606,9227.757744841607,-11979.112079645029,67598,105790
1,-0.5..0,278,172255,2113,-0.015844768572472634,-0.010142129581278506,9145.002597902347,-11874.343208353584,66835,104697
1,-0.5..0,279,170405,2113,-0.01597224595922986,-0.010086825824622177,9052.030169670224,-11773.780742352843,66120,103594
1,-0.5..0,280,168773,2113,-0.016097205377248403,-0.009723670800931708,8971.11225019178,-11687.885893326125,65380,102737
1,-0.5..0,281,167019,2114,-0.016181581921171452,-0.009725968261475537,8884.655320162523,-11587.286951054613,64651,101735
1,-0.5..0,282,165141,2113,-0.01632893736562964,-0.010039360524316218,8800.21351214137,-11496.79055763883,63822,100675
1,-0.5..0,283,163310,2113,-0.01662886953984044,-0.010183694752911835,8699.10402113837,-11414.76470568969,63023,99662
1,-0.5..0,284,161569,2113,-0.016670108252807056,-0.010239153170712327,8619.172840863002,-11312.545561160816,62292,98677
1,-0.5..0,285,159802,2116,-0.016769488121612778,-0.010307708294230267,8545.822303049144,-11225.620043859142,61491,97695
1,-0.5..0,286,158002,2113,-0.016789444499439147,-0.010502930612087107,8464.58443263288,-11117.35024243331,60717,96685
1,-0.5..0,287,156177,2115,-0.016929266817996984,-0.010358175295305532,8376.622355149837,-11020.584458984124,59919,95639
1,-0.5..0,288,154424,2115,-0.0169558249295337,-0.01049026123090767,8303.964775756434,-10922.351084674754,59187,94621
1,-0.5..0,289,152462,2111,-0.0170439638620909,-0.010082126184571553,8207.495084634189,-10806.051902976293,58415,93471
1,-0.5..0,290,150722,2115,-0.01711819353082625,-0.010196058788870959,8131.2748494077505,-10711.36321476094,57691,92460
1,-0.5..0,291,148879,2115,-0.017307944608741438,-0.01081060368831105,8040.276742798748,-10617.06622820357,56892,91437
1,-0.5..0,292,147024,2116,-0.017301846161591455,-0.010118053022673197,7970.421502605169,-10514.208132667,56227,90256
1,-0.5..0,293,145249,2115,-0.017369282061502296,-0.010479759939157264,7885.912192428098,-10408.783042579287,55426,89268
1,-0.5..0,294,143314,2114,-0.017428352821460925,-0.010123360304109336,7798.649592665599,-10296.376548920458,54657,88108
1,-0.5..0,295,141633,2112,-0.017585278869108198,-0.010068302286650357,7706.192928810587,-10196.848730878992,53993,87057
1,-0.5..0,296,140040,2115,-0.017750198553826133,-0.010668898254799272,7607.968901014066,-10093.70670649187,53258,86241
1,-0.5..0,297,138252,2116,-0.01796252815595268,-0.01054422037939209,7502.571655442146,-9985.927098058937,52584,85151
1,-0.5..0,298,136376,2115,-0.018009241023414217,-0.009935429849776137,7414.444382107118,-9870.472635916278,51915,83922
1,-0.5..0,299,134587,2113,-0.018099848355811354,-0.010749318293162526,7325.472060639882,-9761.476351303449,51179,82865
1,-0.5..0,300,132860,2112,-0.01819990003562158,-0.010357876792195747,7236.85352413251,-9654.89224286516,50523,81812
1,-0.5..0,301,130940,2115,-0.018146267446768085,-0.010812463261394987,7150.642868254625,-9526.715127734442,49679,80707
1,-0.5..0,302,129065,2114,-0.018307702025676796,-0.010578809173806816,7056.818872697661,-9419.70243464164,48923,79655
1,-0.5..0,303,127258,2113,-0.018325944813453763,-0.010236526817350747,6978.562152888071,-9310.685237958598,48101,78685
1,-0.5..0,304,125466,2114,-0.018163340309407958,-0.010214989548864347,6909.022801157713,-9187.904456417888,47452,77524
1,-0.5..0,305,123760,2114,-0.01834584004507591,-0.010263980499738765,6814.720458693128,-9085.201622671719,46720,76541
1,-0.5..0,306,121910,2113,-0.018437057343217253,-0.010306744998808114,6722.660760524904,-8970.322421236518,46102,75337
1,-0.5..0,307,120077,2112,-0.018573872614767634,-0.010676153250723075,6631.78847202031,-8862.083373983793,45448,74175
1,-0.5..0,308,118228,2112,-0.018630612369439317,-0.0105471943376615,6537.385411205922,-8740.04545042002,44656,73066
1,-0.5..0,309,116415,2113,-0.01882724139806588,-0.010643663735493697,6433.473606639885,-8625.246913995712,43894,72077
1,-0.5..0,310,114412,2113,-0.019091375953395863,-0.01058110052529918,6327.744333773294,-8512.026839353226,43032,70939
1,-0.5..0,311,112600,2113,-0.019104929012065067,-0.010503211228606958,6229.50324492303,-8380.718251681557,42355,69820
1,-0.5..0,312,110759,2111,-0.01915581113848261,-0.01061574978383066,6135.897979577869,-8257.576465465056,41586,68747
1,-0.5..0,313,108883,2110,-0.019059646791022643,-0.010414262603973446,6055.0376221405495,-8130.309143687465,40932,67534
1,-0.5..0,314,106972,2114,-0.019002656349890817,-0.01042374013237645,5962.316533839864,-7995.068688900374,40212,66377
1,-0.5..0,315,105091,2111,-0.01902515198481782,-0.01050423605505524,5871.9886333549075,-7871.360880591435,39511,65176
1,-0.5..0,316,103140,2111,-0.019067716002580913,-0.010085886885554816,5780.527379318607,-7747.171607824801,38708,64014
1,-0.5..0,317,101173,2111,-0.019137810802127217,-0.009784183664239386,5675.6552748168915,-7611.885007100495,37976,62806
1,-0.5..0,318,99257,2113,-0.019139681427496155,-0.01066126029810187,5590.85948906823,-7490.606848517224,37167,61700
1,-0.5..0,319,97373,2111,-0.019302132717881438,-0.010104267581280465,5489.20652464187,-7368.713093780159,36368,60621
1,-0.5..0,320,95454,2112,-0.019589157299735024,-0.009851669965615444,5383.367362915403,-7253.2307838043,35591,59531
1,-0.5..0,321,93498,2110,-0.019599812288717832,-0.009729326413800254,5296.734195106551,-7129.277444477114,34785,58351
1,-0.5..0,322,91587,2111,-0.019482908840833844,-0.010195370198327686,5217.353955583423,-7001.735127588882,34098,57145
1,-0.5..0,323,89628,2112,-0.01949032246591988,-0.010459421187088489,5125.107473821321,-6871.986095796786,33416,55858
1,-0.5..0,324,87656,2113,-0.019459503144480007,-0.009929695887015618,5038.538587830668,-6744.2807954632135,32689,54654
1,-0.5..0,325,85748,2109,-0.019327487919240424,-0.009847192095625191,4947.6561198509,-6604.9495539499285,31957,53489
1,-0.5..0,326,83953,2111,-0.019551288658412054,-0.009843878834975815,4841.108038179126,-6482.497374918801,31275,52333
1,-0.5..0,327,81950,2110,-0.019771976047176704,-0.010899036737419853,4727.252531938481,-6347.565969004605,30557,51115
1,-0.5..0,328,79905,2108,-0.019907364407194258,-0.011412070151889211,4611.31301683094,-6202.010969787796,29789,49795
1,-0.5..0,329,77984,2106,-0.019799643462594472,-0.011073422636294756,4518.342911407002,-6062.39830719398,29092,48566
1,-0.5..0,330,75997,2105,-0.020126228472589925,-0.011497978211430709,4401.410649197731,-5930.943634429162,28229,47478
1,-0.5..0,331,73967,2105,-0.02005294538210231,-0.01177098457581167,4299.242474149864,-5782.498685227804,27402,46272
1,-0.5..0,332,71922,2102,-0.02018577241460663,-0.01102648428740473,4184.095647625288,-5635.896771228626,26568,45073
1,-0.5..0,333,69866,2100,-0.020231480784165815,-0.01192178477539999,4072.14123001701,-5485.633866483552,25814,43756
1,-0.5..0,334,67877,2102,-0.020296247487926942,-0.010625818452853774,3968.841399689352,-5346.489790427363,24997,42590
1,-0.5..0,335,65843,2099,-0.020304895690903955,-0.011146398074588698,3854.625544900064,-5191.560791876266,24200,41390
1,-0.5..0,336,63754,2098,-0.020382961591606304,-0.01041941859031158,3736.9799226702894,-5036.475255981559,23401,40112
1,-0.5..0,337,61712,2094,-0.020383966604950694,-0.010552838157505042,3621.970516490982,-4879.905863615689,22559,38906
1,-0.5..0,338,59622,2095,-0.02085310471001541,-0.01113527245091035,3490.1190506436337,-4733.42285966414,21775,37639
1,-0.5..0,339,57524,2093,-0.02102412849638385,-0.011919548552706648,3375.0788744973493,-4584.470842123322,20947,36382
1,-0.5..0,340,55494,2089,-0.021173670558228566,-0.012962318316606644,3252.1908820391986,-4427.202555997531,20237,35057
1,-0.5..0,341,53380,2089,-0.021624643215796147,-0.011468532610404187,3116.9528080009904,-4271.276262860192,19431,33773
1,-0.5..0,342,51373,2080,-0.021893003492216193,-0.012372785651883059,2995.708576010286,-4120.4178444159,18620,32562
1,-0.5..0,343,49356,2073,-0.022338454563259433,-0.012534371419638793,2870.6793846296896,-3973.2161480539135,17877,31289
1,-0.5..0,344,47360,2058,-0.022786015979620402,-0.014804966324216665,2745.131519954906,-3824.277236749735,17088,30081
1,-0.5..0,345,45294,2036,-0.022723898702213155,-0.015804437794119837,2632.8030067272653,-3662.0592745453127,16379,28739
1,-0.5..0,346,43215,1989,-0.022530569430433814,-0.015061946114134564,2531.1414658512986,-3504.800023787504,15558,27479
1,-0.5..0,347,41202,1944,-0.022299128863541864,-0.016483789481039103,2434.0147474188943,-3352.783454854543,14859,26169
1,-0.5..0,348,39215,1877,-0.022273257500596663,-0.017006862042773158,2326.2986562102783,-3199.7444490961866,14118,24928
1,-0.5..0,349,37149,1729,-0.022431905736850787,-0.016516261658706736,2209.5488554767157,-3042.8717216949785,13369,23631
1,-0.5..0,350,35118,1058,-0.022702983933516184,-0.016783919495523415,2083.922968281114,-2881.206358058334,12577,22400
1,-0.5..0,351,34001,1059,-0.023005868107201767,-0.018695118602999626,2011.4061114993635,-2793.628633012332,12167,21700
1,-0.5..0,352,32873,1059,-0.02340148438300591,-0.01964650323286734,1943.2991689915382,-2712.5761651140892,11738,21006
1,-0.5..0,353,31776,1058,-0.02358491857722744,-0.01844269903575118,1879.1411720905044,-2628.5755448004716,11332,20324
1,-0.5..0,354,30677,1058,-0.023604440402156444,-0.01841910934878423,1818.985200470692,-2543.0986186876453,10949,19594
1,-0.5..0,355,29568,1056,-0.023294807502125,-0.01965946444430359,1761.7857333724535,-2450.5666015952875,10523,18929
1,-0.5..0,356,28445,1057,-0.023312023050679878,-0.018809771630746482,1697.422257674849,-2360.532753351434,10151,18208
1,-0.5..0,357,27337,1058,-0.02306221425798485,-0.019946306422694373,1638.7490060523135,-2269.2007572228467,9703,17530
1,-0.5..0,358,26256,1058,-0.023108861165096344,-0.017805355597198654,1575.5953924398107,-2182.341651190577,9336,16820
1,-0.5..0,359,25112,1056,-0.02322229762377183,-0.018000003048127843,1507.6610897640844,-2090.819427692237,8913,16103
1,-0.5..0,360,23935,1057,-0.023092203004505103,-0.01983176838169581,1441.89420961821,-1994.6060885310349,8477,15370
1,-0.5..0,361,22780,1055,-0.023426620590855585,-0.0188491577862411,1365.732161978687,-1899.3905790383747,8052,14652
1,-0.5..0,362,21638,1054,-0.023901369228917856,-0.020213381740362624,1287.7919908218314,-1804.9698181971544,7662,13885
1,-0.5..0,363,20454,1056,-0.024050175736436946,-0.019298579096210917,1216.9372792314975,-1708.859573744581,7247,13132
1,-0.5..0,364,19325,1056,-0.023745256141621058,-0.020377014442279198,1154.4446244503872,-1613.3216993872159,6830,12428
1,-0.5..0,365,18197,1055,-0.02309563964172368,-0.019369366452957126,1091.3089237334568,-1511.5802782939008,6458,11670
1,-0.5..0,366,17013,1054,-0.022719255760338158,-0.020329465042651335,1025.4073906949998,-1411.9300889456367,6041,10908
1,-0.5..0,367,15802,1047,-0.022231376709129738,-0.01863150908016036,957.7464254214673,-1309.0466401791352,5613,10126
1,-0.5..0,368,14623,1049,-0.022103182757486125,-0.018161218370234582,886.3512258463364,-1209.566067309056,5190,9378
1,-0.5..0,369,13450,1048,-0.022153891554483652,-0.018821673025131214,816.8308901192019,-1114.8007315270092,4801,8593
1,-0.5..0,370,12252,1047,-0.022099048901708343,-0.017993509471988443,743.8734926316755,-1014.6310397754067,4345,7862
1,-0.5..0,371,10993,1043,-0.02216168341838757,-0.018546543850885097,667.0078352961101,-910.6312211144439,3930,7016
1,-0.5..0,372,9744,1032,-0.02230452334817866,-0.01847867387529946,590.5244772683457,-807.8597527729996,3455,6251
1,-0.5..0,373,8569,1031,-0.021851921465834624,-0.018763322645437272,522.7404243180105,-709.9895393587474,3037,5494
1,-0.5..0,374,7358,1025,-0.021676877474476768,-0.017517424119006423,453.622188255757,-613.1206527129555,2580,4744
1,-0.5..0,375,6114,1008,-0.02058835015475652,-0.0170021781065307,381.5774171868888,-507.45459003307025,2160,3923
1,-0.5..0,376,4825,981,-0.021220976094281956,-0.017596259672981732,295.78114272816725,-398.17235238307694,1710,3101
1,-0.5..0,377,3596,952,-0.0210783847487304,-0.019091490411252212,221.94684130127624,-297.7447128577108,1269,2311
1,-0.5..0,378,2365,903,-0.023091552130390228,-0.022253751926324693,146.67921966650255,-201.29074045487545,821,1535
1,-0.5..0,379,1141,766,-0.025538483808495265,-0.026222813509281104,70.01865575957804,-99.1580657850711,385,749
2,0..1,0,561188,2132,0.0,0.0,0.0,0.0,0,0
2,0..1,1,528045,2131,-3.5451891415344124e-6,0.00007958910471179208,2111.5034763161443,-2113.3754957163824,242287,247125
2,0..1,2,523308,2132,-0.0000909596719083986,-0.00005081320011168968,2824.9687235068204,-2872.5686474938675,242903,252449
2,0..1,3,519367,2130,-0.0002106286297520184,-0.00008261271166137694,3339.4835602933517,-3448.8771198417767,242073,254656
2,0..1,4,516005,2131,-0.0003487024326389465,-0.00019925260347191786,3753.624179252814,-3933.556378006672,240409,256047
2,0..1,5,513989,2131,-0.0004939516962760306,-0.0004799907450869349,4136.903651079275,-4390.78938949651,238919,257580
2,0..1,6,511621,2132,-0.0006020218081841332,-0.0004128403030386199,4503.774316702063,-4811.781316227019,237993,257907
2,0..1,7,509357,2132,-0.0006894442303218896,-0.0005128785115316025,4828.369114297013,-5179.54235912108,236587,258090
2,0..1,8,506907,2132,-0.0007683297867209865,-0.0006048170716961247,5116.267686573325,-5505.739433770695,236008,257306
2,0..1,9,504803,2132,-0.0008394908073179157,-0.000664485398654483,5384.94292484726,-5808.720402853753,234797,257311
2,0..1,10,502984,2132,-0.0009285273264745076,-0.0007700719586892093,5636.860854978898,-6103.895243758328,233807,257032
2,0..1,11,501033,2132,-0.0009843089873950075,-0.0008718358817054144,5884.233445770671,-6377.404730652167,232875,256797
2,0..1,12,499175,2131,-0.0010740229803685316,-0.0009534923443444399,6105.008889627422,-6641.134310852861,232294,256038
2,0..1,13,497136,2131,-0.0011791294748635035,-0.000999285588829041,6305.119320676153,-6891.307031291905,230949,255625
2,0..1,14,495214,2132,-0.0012696942483739577,-0.0011847288672997799,6495.987010466952,-7124.757377981194,230071,255115
2,0..1,15,493575,2131,-0.0013642598946604668,-0.0012869261078969592,6674.569231328151,-7347.933808835167,229175,254623
2,0..1,16,491679,2131,-0.0014656782212000969,-0.001315918120601355,6849.803546985576,-7570.4467491070045,228158,254321
2,0..1,17,489956,2131,-0.0015429204097553067,-0.0012909164880039164,7014.278598615316,-7770.241710897402,226961,253990
2,0..1,18,488096,2132,-0.0016059643988295198,-0.0014357170548574662,7183.853529430824,-7967.718328641909,226085,253356
2,0..1,19,486680,2132,-0.001683437490487663,-0.0015273470716761514,7346.720690672006,-8166.016048542531,225158,253115
2,0..1,20,484867,2132,-0.0017652813321816204,-0.0015155145576300788,7490.5205038550475,-8346.447167545952,224199,252260
2,0..1,21,483027,2132,-0.0018439459051550517,-0.001787943202180529,7630.570189909874,-8521.245848639215,223114,251690
2,0..1,22,481338,2131,-0.001938431903428041,-0.0017781902865935616,7762.188549312237,-8695.229484844514,222271,251236
2,0..1,23,479650,2132,-0.0019843753196600485,-0.0018078685710551101,7898.85269116567,-8850.65831324062,221406,250816
2,0..1,24,478076,2131,-0.002052268223834101,-0.001713008553766917,8026.386511620988,-9007.526694998685,220211,250398
2,0..1,25,476469,2132,-0.002155293598110733,-0.001886736622758863,8133.501141690594,-9160.431727088859,219227,250100
2,0..1,26,474603,2131,-0.0022748342781782646,-0.0020884164075234708,8226.403230694046,-9306.046403620318,218255,249290
2,0..1,27,473088,2131,-0.0023520340735574195,-0.002219124756898763,8334.746790177212,-9447.46588596836,217364,248835
2,0..1,28,471340,2132,-0.0024421422533574726,-0.0022894601437025612,8433.598891156837,-9584.678220854355,216421,248187
2,0..1,29,469496,2131,-0.0024951867033458394,-0.0022427127600209962,8539.109537083903,-9710.58971355803,215728,247003
2,0..1,30,467998,2131,-0.002539421188732282,-0.0023501141409166776,8643.979440528063,-9832.423478012448,214748,246770
2,0..1,31,466206,2132,-0.002578523337209953,-0.002432012727496633,8747.854522709551,-9949.977573656888,214011,245872
2,0..1,32,464577,2131,-0.0026508976204168075,-0.002612028324602816,8846.883576717673,-10078.429640518038,213061,245373
2,0..1,33,462964,2131,-0.002757877591228584,-0.002476837545350479,8918.452773219295,-10195.250814364796,212090,244699
2,0..1,34,461414,2130,-0.0028016525684277805,-0.0024852242993018163,9012.202467017914,-10304.924185226482,211105,244179
2,0..1,35,459850,2132,-0.002832666983367185,-0.002438197326519286,9101.431182570026,-10404.033094871425,210135,243774
2,0..1,36,458445,2131,-0.0029558706386420925,-0.0027117158503887602,9166.891307478307,-10521.99542241061,209348,243312
2,0..1,37,456675,2130,-0.003067500061984555,-0.0027264821466451575,9236.855939063136,-10637.706529869916,208638,242335
2,0..1,38,455182,2130,-0.0031833706988316475,-0.0030191876718591547,9298.826896996668,-10747.83993843221,207589,241909
2,0..1,39,453516,2132,-0.003244487821852071,-0.0029594342697261806,9376.72869353127,-10848.15583254632,206584,241381
2,0..1,40,451905,2131,-0.003308051877180417,-0.0029942768985110023,9451.359672840706,-10946.28485639793,205654,240794
2,0..1,41,450474,2130,-0.003358334155008196,-0.003089737686199934,9529.946259532173,-11042.788479675353,204878,240169
2,0..1,42,449152,2132,-0.003381044206848069,-0.0030382942353269983,9616.639949931245,-11135.242717525458,204095,239705
2,0..1,43,447409,2131,-0.0034201051438624264,-0.0031157682570686247,9691.048734650965,-11221.234556961339,202978,239229
2,0..1,44,445956,2130,-0.0034572124105220516,-0.003129565509816783,9760.796874142754,-11302.561491889612,202414,238309
2,0..1,45,444390,2130,-0.0035414223486762274,-0.0031121344684447313,9808.70914233071,-11382.481819858918,201475,237789
2,0..1,46,442841,2132,-0.003625237143403356,-0.0034421663813566064,9862.087372506372,-11467.491014328236,200652,237079
2,0..1,47,441261,2132,-0.0036684280311261802,-0.0032701861183244236,9925.32693464454,-11544.061156087282,199920,236305
2,0..1,48,440118,2132,-0.0037402710417982323,-0.0033417995706626923,9981.947302185445,-11628.107912559575,199344,235829
2,0..1,49,438445,2131,-0.0037980763050191654,-0.0035381139817950414,10028.372060650207,-11693.619626204327,198450,235142
2,0..1,50,437117,2131,-0.003848676085380252,-0.0033879031808842362,10087.424753864361,-11769.746498277536,197546,234691
2,0..1,51,435526,2131,-0.00394751409409187,-0.003657628155906209,10120.995256322807,-11840.24027966634,196715,234061
2,0..1,52,434040,2131,-0.003992280956399428,-0.0034832567558982256,10171.2772577461,-11904.086884061717,196097,233225
2,0..1,53,432404,2128,-0.0040665356876437185,-0.0036910222466638304,10207.039810972921,-11965.426108452793,195119,232663
2,0..1,54,430678,2129,-0.004166077943648283,-0.003805300423639208,10233.207178719751,-12027.445295334237,194100,231968
2,0..1,55,429397,2129,-0.004232621286207319,-0.003935095978550396,10272.256631948116,-12089.731514381705,193536,231224
2,0..1,56,427813,2130,-0.004314462128547089,-0.003992402091595214,10306.816543881805,-12152.599530481957,192555,230685
2,0..1,57,426475,2132,-0.00440890155825059,-0.004029085581663804,10342.494473614983,-12222.780765669935,191983,229933
2,0..1,58,424908,2131,-0.004430236836558723,-0.004134488764188225,10395.741781111503,-12278.184854860008,191083,229383
2,0..1,59,423688,2131,-0.004504353569235913,-0.0041640263235106605,10435.350192417676,-12343.790747460127,190536,228805
2,0..1,60,422045,2130,-0.004608816938428689,-0.004432141485836372,10456.996033741749,-12402.124178520922,189601,228094
2,0..1,61,420782,2131,-0.004654798293826696,-0.00434792827881271,10511.348303828,-12470.003639500967,189180,227276
2,0..1,62,419227,2131,-0.0047031568694128395,-0.00416246648157106,10550.245096059862,-12521.93544095319,188249,226802
2,0..1,63,417986,2131,-0.004727424091163444,-0.004412061316564045,10605.46644076854,-12581.463526937641,187490,226392
2,0..1,64,416461,2132,-0.004739248776911002,-0.00428347941085116,10655.491255178238,-12629.203540059389,186704,225648
2,0..1,65,414980,2130,-0.004798127768233849,-0.004500025410098219,10685.851996739899,-12676.979058001622,185848,224970
2,0..1,66,413340,2130,-0.004894439517741889,-0.004426082881151845,10718.540316984261,-12741.607947247703,185077,224161
2,0..1,67,411760,2132,-0.004966500355108965,-0.004627790541544217,10742.310184596718,-12787.316370816357,184219,223464
2,0..1,68,410554,2131,-0.0050180276040621115,-0.004484140234318904,10776.338070999225,-12836.509375957308,183755,222921
2,0..1,69,408957,2132,-0.005050173416412459,-0.004655225366672597,10810.852093651778,-12876.155863507569,182635,222370
2,0..1,70,407475,2132,-0.005037140454621568,-0.004555981891041598,10856.158410735261,-12908.66721748223,181959,221740
2,0..1,71,406025,2131,-0.0051434315761147,-0.004611151064323606,10872.828573876135,-12961.190379568123,181242,221017
2,0..1,72,404522,2129,-0.005253098962617346,-0.004758541514715791,10882.99214807846,-13007.986246634298,180538,220306
2,0..1,73,403120,2130,-0.0053252481881096,-0.004822560218953328,10902.545040898562,-13049.259090489291,179644,219728
2,0..1,74,401977,2129,-0.005382428730438937,-0.004762378678929443,10935.160817520162,-13098.773371295836,179134,219181
2,0..1,75,400335,2130,-0.005376940176029868,-0.004810680504436639,10981.484675558175,-13134.06202092906,178121,218568
2,0..1,76,399235,2130,-0.005376891096091945,-0.0047033683712535,11042.419361486547,-13189.062478234806,177589,217998
2,0..1,77,397715,2131,-0.005386266664765755,-0.004789730080569581,11088.076715506599,-13230.2757620839,176901,217237
2,0..1,78,396449,2131,-0.005406368325572007,-0.00482084347455544,11134.323514674108,-13277.672830978783,176148,216766
2,0..1,79,395014,2129,-0.005451842746533648,-0.0046779431421321085,11162.624003737143,-13316.178214416374,175456,216041
2,0..1,80,393573,2130,-0.005579927131071836,-0.0049053059568831495,11175.158326335762,-13371.26698709304,174464,215590
2,0..1,81,392226,2129,-0.005653436667887272,-0.004917645450887879,11196.140583159784,-13413.565433658541,173858,215064
2,0..1,82,390790,2131,-0.005692290960325025,-0.005207847966396429,11215.490391982492,-13439.980776367885,173162,214247
2,0..1,83,389515,2130,-0.0057828685953714,-0.005189195690809187,11232.880130976155,-13485.39419190223,172500,213635
2,0..1,84,388131,2130,-0.005821286001671081,-0.005189779724577104,11253.642609742315,-13513.064166856884,171718,213055
2,0..1,85,386727,2131,-0.005809778067185922,-0.0048377558571288705,11283.448189712564,-13530.246232301173,171014,212387
2,0..1,86,385462,2131,-0.005815431606095342,-0.004949371636668985,11308.34050166394,-13549.96839941265,170498,211682
2,0..1,87,383736,2132,-0.005838549947556367,-0.0049526616289223575,11333.23006986189,-13573.691872537373,169697,210781
2,0..1,88,382341,2132,-0.005860362028517807,-0.005250073603191645,11351.9431858141,-13592.599864159632,168903,210205
2,0..1,89,380752,2131,-0.005871870857280798,-0.005237396943097277,11373.727672607823,-13609.45424525916,168252,209318
2,0..1,90,379434,2131,-0.0059696674747134445,-0.005424141395799294,11382.20068258553,-13647.295491186012,167676,208621
2,0..1,91,377899,2131,-0.00601200852362996,-0.005289158813799376,11396.017013968667,-13667.94902303983,166905,207821
2,0..1,92,376747,2131,-0.006058630246866818,-0.005244930596574658,11409.351928505137,-13691.922698121509,166177,207530
2,0..1,93,375464,2131,-0.006098352976308196,-0.005136361022928263,11418.57523967424,-13708.287241570824,165522,206931
2,0..1,94,373901,2129,-0.006174416426588843,-0.005005692717852701,11426.246370276556,-13734.866846594534,164538,206390
2,0..1,95,372536,2130,-0.006291100147691871,-0.005201904785492644,11408.499274215734,-13752.160558836282,163935,205686
2,0..1,96,370986,2131,-0.00642168821299267,-0.0055845576580222395,11394.732499028902,-13777.088922414223,162860,205123
2,0..1,97,369404,2131,-0.006416045856533312,-0.005680316896841665,11428.883439168063,-13798.996442754848,162434,204083
2,0..1,98,367976,2130,-0.006469390363385522,-0.005764725517868195,11440.485233696592,-13821.065622053697,161506,203584
2,0..1,99,366608,2132,-0.006512763843947056,-0.005610621946564732,11457.551389006323,-13845.182716308092,160944,202758
2,0..1,100,365621,2130,-0.006506236434318498,-0.005624110062741997,11492.459523324376,-13871.276194676357,160425,202384
2,0..1,101,364172,2130,-0.006556053120354497,-0.005685984369738575,11491.570127959447,-13879.101104905156,159530,201811
2,0..1,102,362704,2131,-0.006627665605845457,-0.005867111645759143,11487.386331397824,-13891.267157300419,158693,201171
2,0..1,103,361430,2130,-0.006653969007064471,-0.005802113563253379,11502.226916548883,-13907.170934772252,158065,200607
2,0..1,104,360222,2130,-0.006652494873123521,-0.005555580556731751,11535.405402346674,-13931.780410532929,157419,200060
2,0..1,105,358960,2129,-0.00664106766961168,-0.005516593477093037,11563.812032509659,-13947.689683193474,156746,199525
2,0..1,106,357550,2131,-0.006658486449083944,-0.005039069809620257,11582.632834774424,-13963.37466464437,156082,198727
2,0..1,107,356039,2129,-0.006770291601819803,-0.005539426456700167,11566.967744378746,-13977.455595999141,155190,198085
2,0..1,108,354702,2129,-0.0067900454778146374,-0.005375791544138474,11587.433330924896,-13995.876041996742,154718,197337
2,0..1,109,353346,2130,-0.006830311784666938,-0.005542400057465327,11576.201820156992,-13989.66516802185,154083,196672
2,0..1,110,351997,2128,-0.006941914232723503,-0.005737004740972568,11557.535762617428,-14001.068746793373,153169,196128
2,0..1,111,350591,2130,-0.007096877154060279,-0.005775178209007912,11529.453315027049,-14017.554573346148,152475,195528
2,0..1,112,349020,2131,-0.007194165567472463,-0.005718550420290662,11515.955786580518,-14026.8634529397,151451,194972
2,0..1,113,347711,2129,-0.007266504918713494,-0.005927397871126463,11496.392046313142,-14023.035738103872,150898,194250
2,0..1,114,346325,2130,-0.007287014026596569,-0.006238658470789613,11508.737497249313,-14032.412630010293,150080,193748
2,0..1,115,344873,2132,-0.007267511031272975,-0.006081265220726716,11531.188323603774,-14037.556655491928,149350,193036
2,0..1,116,343387,2132,-0.007230948955114758,-0.00590057627209776,11548.841131521502,-14031.855000371474,148551,192367
2,0..1,117,342125,2130,-0.007301278097542963,-0.006020515270718582,11540.487777976477,-14038.43754709834,147721,191869
2,0..1,118,340592,2132,-0.007347971328601404,-0.005491139288081704,11518.0058256653,-14020.666076416323,147073,191124
2,0..1,119,339179,2129,-0.007418080703720469,-0.005948911823636964,11500.243172251247,-14016.300367258504,146283,190484
2,0..1,120,337777,2130,-0.007469445687942368,-0.005578250871369594,11492.815311201204,-14015.822267337304,145442,189864
2,0..1,121,336497,2129,-0.007529521341388643,-0.0059003240269611444,11488.127349902155,-14021.788692715465,144759,189292
2,0..1,122,335053,2131,-0.0074688648293344435,-0.005763212664240182,11505.746343111954,-14008.211910774935,144226,188442
2,0..1,123,333751,2129,-0.007560983091264233,-0.005958959779959623,11490.953655978445,-14014.439323670986,143654,187852
2,0..1,124,332522,2131,-0.007547650165041231,-0.005887721532063515,11507.11247857458,-14016.872206754397,143206,186962
2,0..1,125,331124,2130,-0.007644436909636794,-0.006189587443011475,11495.009570435313,-14026.266097701893,142302,186556
2,0..1,126,329860,2130,-0.007672349935797744,-0.006198731804762449,11499.166050855394,-14029.967400677657,141747,185809
2,0..1,127,328225,2130,-0.00768681933665277,-0.006040015954334313,11499.480871047688,-14022.487147820506,140733,185191
2,0..1,128,326858,2130,-0.007692037795329265,-0.006140754376503917,11503.44744431062,-14017.651534016324,140171,184411
2,0..1,129,325454,2130,-0.007799184780383155,-0.006376214845455089,11483.892972649419,-14022.168856164282,139343,183967
2,0..1,130,324295,2131,-0.007821549741234156,-0.006006162947885287,11480.627133188513,-14017.116606522039,138724,183311
2,0..1,131,323015,2129,-0.00787876305838681,-0.006018092088051346,11477.843089476448,-14022.801738781181,138060,182774
2,0..1,132,321568,2130,-0.00795507298919889,-0.006224509882163526,11454.87208611603,-14012.968997106738,137410,181938
2,0..1,133,320233,2131,-0.008001172447620414,-0.006363240664279352,11452.74392391102,-14014.98338032986,136651,181478
2,0..1,134,318784,2129,-0.00807770150398003,-0.0068424257396488474,11430.301393649659,-14005.343389894493,136045,180640
2,0..1,135,317293,2131,-0.008202732345567995,-0.006491848017632794,11406.569151653424,-14009.238705775746,135386,179813
2,0..1,136,315880,2131,-0.008195114984046906,-0.006486596243486271,11406.874830226796,-13995.547751387461,134637,179162
2,0..1,137,314572,2130,-0.008252336267936422,-0.006511179159215158,11395.893075332206,-13991.846999809462,134058,178438
2,0..1,138,313143,2132,-0.008200588920325559,-0.006140284560580455,11411.717247306302,-13979.674263583769,133329,177707
2,0..1,139,311789,2132,-0.008236715517325842,-0.006614255937849903,11407.426187817558,-13975.543482249026,132740,177085
2,0..1,140,310568,2130,-0.0082549183576896,-0.006116023937618433,11408.984518544905,-13972.69800305576,132144,176382
2,0..1,141,309156,2128,-0.00830031157954175,-0.006297675808872293,11378.693489606669,-13944.784616291494,131619,175497
2,0..1,142,307937,2131,-0.0083764272596988,-0.006000803797355649,11353.221236634545,-13932.63311770448,131092,174784
2,0..1,143,306571,2131,-0.008482428012858026,-0.006130791683121312,11323.885060239538,-13924.35149856942,130494,174115
2,0..1,144,305067,2130,-0.008608552085949343,-0.006594094870406899,11291.957382004752,-13918.14254120909,129656,173500
2,0..1,145,303663,2130,-0.00872288556039914,-0.006840709247434307,11258.330119505867,-13907.14771743335,128983,172772
2,0..1,146,302265,2130,-0.008787081929568532,-0.006993179106209971,11233.552333653806,-13889.579653094868,128273,172109
2,0..1,147,300908,2130,-0.008787815052699759,-0.007094255012258726,11230.241029246246,-13874.564881124052,127729,171239
2,0..1,148,299525,2130,-0.008811607028731582,-0.007349210088262814,11219.169768031732,-13858.466363312598,127054,170589
2,0..1,149,298154,2129,-0.00879887695938015,-0.007135230120141532,11232.71799101255,-13856.138351959582,126307,170000
2,0..1,150,296948,2131,-0.008729491309439901,-0.006668233971720243,11251.582131349547,-13843.787116705087,125741,169332
2,0..1,151,295734,2130,-0.00872696132347143,-0.006788149985604305,11260.046947072518,-13840.90612710804,125158,168716
2,0..1,152,294240,2130,-0.008738493143973998,-0.007133589406416545,11247.45981995868,-13818.674042641598,124586,167821
2,0..1,153,293029,2129,-0.008828796875579298,-0.006950591775419054,11221.737477863726,-13808.83099751785,123779,167452
2,0..1,154,291602,2129,-0.008893028229455289,-0.007142785299908785,11198.342335191783,-13791.56715295742,123170,166624
2,0..1,155,290189,2129,-0.008988259523579194,-0.007066646637657979,11164.578580981331,-13772.872623869242,122492,165918
2,0..1,156,288916,2129,-0.009058589700712641,-0.007192816504423635,11138.148014403738,-13755.319516374811,122023,165166
2,0..1,157,287527,2130,-0.009086687555655962,-0.007128624834945275,11123.991672714665,-13736.659685529776,121467,164408
2,0..1,158,286122,2129,-0.009096835372491547,-0.007253571373431937,11114.21062247076,-13717.0153529188,120674,163798
2,0..1,159,284544,2131,-0.009142294032828652,-0.006897879093043573,11093.036929307344,-13694.421842584532,119919,162906
2,0..1,160,283325,2130,-0.009152745849112732,-0.006871273219412552,11086.221681008801,-13679.423398708672,119451,162171
2,0..1,161,281974,2130,-0.009211277434421239,-0.007153131172494492,11076.323333969629,-13673.664077263127,118787,161492
2,0..1,162,280584,2129,-0.009248512399484408,-0.007395260219020437,11056.04686311867,-13651.031466215618,118203,160728
2,0..1,163,279395,2127,-0.009265722314979347,-0.00726829812957063,11036.753760411772,-13625.55024660541,117702,160017
2,0..1,164,278097,2127,-0.009312973650883799,-0.007409237035806685,11015.828737414342,-13605.7387708042,116938,159418
2,0..1,165,276490,2127,-0.009328407639036066,-0.00764109363283417,11003.027444185216,-13582.238872302296,116291,158529
2,0..1,166,275254,2127,-0.009325899862349109,-0.007263390332416373,10996.012691685904,-13563.003932396921,115832,157842
2,0..1,167,273711,2125,-0.009359249058783384,-0.0077711646323397445,10976.04202734331,-13537.77144647199,115034,157053
2,0..1,168,272373,2127,-0.009387450429071879,-0.007472984109433768,10950.417912732204,-13507.305948449804,114429,156437
2,0..1,169,270992,2124,-0.009450368617437099,-0.007315725311149946,10916.524558727335,-13477.498851103835,113834,155625
2,0..1,170,269817,2121,-0.009559689971993583,-0.0075782550820290995,10885.322074641475,-13464.688943814826,113206,155018
2,0..1,171,268669,2121,-0.009650450916263549,-0.007678320128052955,10869.730120678058,-13462.5071178997,112612,154503
2,0..1,172,267229,2123,-0.009709086355754409,-0.007827368648492717,10845.923688817085,-13440.473126578945,111860,153806
2,0..1,173,265923,2121,-0.009721176703777031,-0.007137172032512225,10830.652433082076,-13415.736905680575,111194,153165
2,0..1,174,264504,2122,-0.009807432676903526,-0.007539791291923933,10802.92494681633,-13397.030119588066,110475,152505
2,0..1,175,263063,2121,-0.009800117569220166,-0.007701121001188281,10775.19416478341,-13353.242492895162,109788,151827
2,0..1,176,261568,2121,-0.009777386187113485,-0.0075510691548246935,10772.4311347833,-13329.88248497421,109219,150886
2,0..1,177,260229,2121,-0.009786489287020311,-0.007043726190930336,10763.186267065239,-13309.914587737301,108581,150173
2,0..1,178,258890,2122,-0.009785613021872449,-0.0071122269757836,10747.195442635368,-13280.59279786793,107848,149502
2,0..1,179,257544,2120,-0.009823469634515481,-0.007330269526589631,10715.893731196573,-13245.869394748284,107420,148666
2,0..1,180,255944,2124,-0.0097964221144328,-0.006824870559712204,10689.955387419925,-13197.29084907632,106753,147728
2,0..1,181,254904,2123,-0.00992740811726288,-0.0077638130999384105,10646.217881894361,-13176.753920617082,106152,147271
2,0..1,182,253491,2123,-0.009948649878696427,-0.0073234509367684835,10614.119853957274,-13136.01306035785,105635,146408
2,0..1,183,251948,2122,-0.009966804492485335,-0.007297193731418002,10582.086885532397,-13093.203343805064,105064,145448
2,0..1,184,250603,2122,-0.010148005648832337,-0.0070979541964021915,10533.61846229278,-13076.739121907069,104360,144869
2,0..1,185,249243,2121,-0.01017163247033419,-0.007409916811115932,10500.431083829551,-13035.639275633033,103578,144246
2,0..1,186,247867,2124,-0.010227630171733337,-0.007545957043729859,10461.162160779651,-12996.254168556674,103055,143478
2,0..1,187,246609,2125,-0.010167226676183118,-0.007276094973381366,10446.934085448507,-12954.263688835275,102339,142927
2,0..1,188,245215,2122,-0.010079051915317418,-0.007067864328279905,10442.88656946377,-12914.421284878305,101738,142168
2,0..1,189,244020,2119,-0.01016025715218572,-0.007631493380113508,10399.920261472264,-12879.226211748663,101278,141354
2,0..1,190,242622,2120,-0.010101179592468843,-0.0070387494860769655,10392.980396699128,-12843.748791783146,100733,140573
2,0..1,191,241269,2121,-0.010078140074275016,-0.007360682786606234,10385.716140866636,-12817.258918446916,100000,139956
2,0..1,192,240011,2117,-0.010199149406362774,-0.007249420594289139,10340.712900209484,-12788.620948380027,99622,139102
2,0..1,193,238676,2119,-0.010223692601310274,-0.007496826040935499,10318.942592166944,-12759.092647477226,98929,138422
2,0..1,194,237375,2117,-0.010302447950795024,-0.007154968668404423,10288.529853767839,-12734.073436087849,98308,137786
2,0..1,195,236134,2117,-0.0103507027761192,-0.00755067784517709,10258.253173812673,-12702.406023148758,97817,137076
2,0..1,196,234691,2118,-0.010402882796584776,-0.00774304285326651,10224.322843789845,-12665.785810203126,97122,136338
2,0..1,197,233374,2118,-0.010370181447509978,-0.007381725545874168,10197.701907849258,-12617.83263298043,96529,135587
2,0..1,198,231949,2114,-0.01038383619509592,-0.0073811790047754195,10175.27084164053,-12583.791263256835,95920,134742
2,0..1,199,230517,2118,-0.010492444927198303,-0.007636120005768677,10125.704763267358,-12544.39169055033,95181,134064
2,0..1,200,229016,2115,-0.010522473466421477,-0.007484791299819687,10097.331128053485,-12507.145911439451,94625,133194
2,0..1,201,227678,2114,-0.010607008951727923,-0.008046758519301977,10059.523097898995,-12474.505682010458,93950,132501
2,0..1,202,226420,2116,-0.010681632552866801,-0.007593896442501036,10026.076457692898,-12444.611700312978,93439,131771
2,0..1,203,225062,2116,-0.010833787498435986,-0.007781786252562685,9972.865062019544,-12411.138943992582,92711,131205
2,0..1,204,223699,2116,-0.010901095895048559,-0.007704176944731914,9916.155564352626,-12354.719814979086,92160,130366
2,0..1,205,222270,2115,-0.010906088767899622,-0.008468326219911976,9889.70692788067,-12313.803278321753,91593,129526
2,0..1,206,221088,2117,-0.010972669857602197,-0.007912333714520983,9846.416307546986,-12272.341941024484,91115,128866
2,0..1,207,219532,2115,-0.011082527022383867,-0.008138824482172933,9795.79769645841,-12228.767018736347,90374,128055
2,0..1,208,218280,2113,-0.01104428824743543,-0.008211836628916832,9764.280126986374,-12175.027365636566,89797,127346
2,0..1,209,216993,2116,-0.011167318089816898,-0.008122794975705538,9715.13651112603,-12138.36636538964,89169,126712
2,0..1,210,215862,2115,-0.01122363440262362,-0.00851960753022599,9687.20416850927,-12109.960337928376,88708,126051
2,0..1,211,214517,2115,-0.011225897421981814,-0.008365980758067108,9672.294257966483,-12080.440095237725,88089,125290
2,0..1,212,213017,2116,-0.011184446217629984,-0.00840389090162053,9655.422757195336,-12037.899937136222,87403,124514
2,0..1,213,211808,2113,-0.011129746102106045,-0.008468237636013353,9645.874382504317,-12003.243644899192,86947,123803
2,0..1,214,210181,2113,-0.011202392911114857,-0.008333083861527852,9599.961605817292,-11954.491750268317,86184,122922
2,0..1,215,209025,2116,-0.011272926693792956,-0.008165485437658047,9564.624457813161,-11920.947959983185,85691,122294
2,0..1,216,207559,2114,-0.01130232971795375,-0.008249528834273793,9520.639964411652,-11866.540218340426,85059,121444
2,0..1,217,206456,2114,-0.011308261145876096,-0.008502990137151513,9498.075565157102,-11832.733928290101,84520,120882
2,0..1,218,204987,2114,-0.011374828655929996,-0.008434328614127315,9442.576680649254,-11774.268682342386,83956,120037
2,0..1,219,203615,2112,-0.011477725725018635,-0.008445013357064036,9387.288164968262,-11724.325288467935,83256,119386
2,0..1,220,202136,2114,-0.011614754816698825,-0.008730216815571115,9327.041931095415,-11674.802010723657,82660,118491
2,0..1,221,200742,2114,-0.011695034826649015,-0.008298173358480434,9281.370771775497,-11629.055452946714,82197,117601
2,0..1,222,199332,2114,-0.011836745446956788,-0.008320484157367407,9223.36690405776,-11582.809047490526,81546,116838
2,0..1,223,197922,2115,-0.011950818488556487,-0.008683203476057187,9170.99720979076,-11536.327106682882,80893,116069
2,0..1,224,196510,2115,-0.011938849238563174,-0.008358217358479138,9137.211380205908,-11483.31464407602,80401,115152
2,0..1,225,195088,2115,-0.012006239626326624,-0.008211863601725614,9085.949426367579,-11428.222702588335,79760,114370
2,0..1,226,193841,2114,-0.012013724853305255,-0.00877491290684997,9057.151477754755,-11385.903917044314,79277,113668
2,0..1,227,192527,2114,-0.012016774177155534,-0.008880403692512502,9021.673960133508,-11335.22744213869,78687,112900
2,0..1,228,191345,2112,-0.012147153519215338,-0.008611731540494027,8967.73894793643,-11292.036038070693,78090,112328
2,0..1,229,189959,2114,-0.012126891316088515,-0.009270711539409436,8943.145617673177,-11246.75776518596,77433,111585
2,0..1,230,188687,2111,-0.012104138810802741,-0.00888396286902167,8918.438130473924,-11202.331770267845,76761,111014
2,0..1,231,187305,2111,-0.012147384592820862,-0.009032332094056178,8878.174531247876,-11153.440402406224,76225,110212
2,0..1,232,185875,2113,-0.012134805395882109,-0.009226482615649399,8854.388824528933,-11109.945777488532,75648,109372
2,0..1,233,184650,2111,-0.012371935411141623,-0.009224204165911777,8783.941933666605,-11068.41980733389,75139,108679
2,0..1,234,183195,2116,-0.012456494967011775,-0.009720438634741065,8738.14752709083,-11020.115122572508,74443,107905
2,0..1,235,181865,2113,-0.012616965689015523,-0.009879890373343058,8677.848999677633,-10972.433464710459,73745,107247
2,0..1,236,180356,2113,-0.012824375077462315,-0.009030274430723951,8605.812093238377,-10918.765084709114,73059,106429
2,0..1,237,179136,2115,-0.01294958960106249,-0.009871914127562564,8548.135053060108,-10867.872735836077,72581,105728
2,0..1,238,177778,2112,-0.012945342403397767,-0.009582364436177618,8504.171707598562,-10805.568789389828,72025,104957
2,0..1,239,176521,2113,-0.012990122808750046,-0.009805792888889431,8468.731078539007,-10761.76054686239,71463,104266
2,0..1,240,175040,2114,-0.012969883654258234,-0.009721114685500229,8429.304134968603,-10699.552569809963,70765,103449
2,0..1,241,173731,2114,-0.012836891850979493,-0.009594964185283971,8406.340368224315,-10636.506426386826,70247,102657
2,0..1,242,172451,2114,-0.012748048413221085,-0.009815242929017535,8372.243740013946,-10570.657436922316,69841,101814
2,0..1,243,171088,2116,-0.01280068389038309,-0.009651236069565588,8314.622381155494,-10504.665786593323,69214,101052
2,0..1,244,169727,2113,-0.012888012426128746,-0.010237894915069002,8261.636693572618,-10449.080378622157,68776,100158
2,0..1,245,168362,2112,-0.01291630440379817,-0.010247748017932285,8207.198048416982,-10381.812890449248,68246,99382
2,0..1,246,166816,2112,-0.01304270709782255,-0.01036929494196312,8138.8241305917345,-10314.556357822039,67609,98490
2,0..1,247,165499,2114,-0.013149653703139044,-0.010450143714635504,8086.132451094015,-10262.38698930983,66969,97746
2,0..1,248,164099,2115,-0.01309278482510243,-0.010029059582687235,8046.239230662309,-10194.752127676735,66379,96965
2,0..1,249,162749,2114,-0.013181948567105473,-0.010376029240625804,7987.997464150624,-10133.34641149852,65703,96296
2,0..1,250,161500,2111,-0.013071637750370067,-0.010967996222693732,7961.021954562474,-10072.091451247219,65254,95511
2,0..1,251,160189,2113,-0.013055439861164347,-0.010887288609844647,7919.65843872033,-10010.99629464042,64711,94724
2,0..1,252,158659,2113,-0.013081388714705457,-0.01066566073747057,7862.680526200229,-9938.160578286683,63989,93905
2,0..1,253,157389,2112,-0.013088507382489725,-0.010754303168934899,7824.268612214411,-9884.255700637068,63445,93211
2,0..1,254,155995,2113,-0.013149448578743329,-0.010792906862517656,7765.003845873559,-9816.252076914623,62917,92371
2,0..1,255,154696,2114,-0.013187684636093376,-0.0108478478634238,7715.2483854349575,-9755.33044790007,62444,91547
2,0..1,256,153376,2113,-0.013236826304321799,-0.010472073829229586,7669.193235848863,-9699.404707100528,61823,90856
2,0..1,257,151838,2115,-0.013314241288544434,-0.010444555579291475,7606.074915072595,-9627.682683842588,61285,89853
2,0..1,258,150446,2114,-0.013447609007569538,-0.01087982951715539,7545.199863108018,-9568.338847860858,60608,89159
2,0..1,259,149220,2112,-0.013593139546606178,-0.01062172443032575,7489.662593985267,-9518.030877129804,60018,88536
2,0..1,260,147710,2111,-0.013707522292201525,-0.011349056801653603,7440.481124380167,-9465.219242161256,59277,87764
2,0..1,261,146347,2114,-0.013717862196526015,-0.0108574419904551,7393.916216133773,-9401.484195008788,58638,87036
2,0..1,262,144808,2114,-0.013750269869962535,-0.011542916773890924,7340.276338720567,-9331.425418050096,58069,86135
2,0..1,263,143441,2114,-0.013924847714220558,-0.011769101354697048,7273.763442875226,-9271.157523850718,57437,85353
2,0..1,264,142054,2114,-0.014065202182703723,-0.011520748949594593,7206.71894334253,-9204.737174204312,56939,84480
2,0..1,265,140691,2114,-0.014099646283077603,-0.01164162420598159,7153.870945176875,-9137.564280389332,56357,83704
2,0..1,266,139308,2114,-0.014248365775487106,-0.011490646819220962,7081.890550127967,-9066.801889579474,55779,82920
2,0..1,267,137703,2112,-0.014374916092098206,-0.011707086483188064,7016.620410268457,-8996.089480898665,55084,81990
2,0..1,268,136345,2114,-0.014417881224688211,-0.012073293352929072,6959.609534630743,-8925.415550210875,54444,81292
2,0..1,269,134962,2113,-0.014578157168561949,-0.011689864445459023,6886.761204394427,-8854.258452177877,53877,80524
2,0..1,270,133715,2113,-0.014842168229202942,-0.01244519396490012,6808.685431026369,-8793.305955794265,53224,79897
2,0..1,271,132511,2114,-0.014829527771279404,-0.012061516778705433,6771.309834248126,-8736.385388748155,52674,79261
2,0..1,272,131128,2116,-0.014877910150881963,-0.01223223751181363,6702.901297977614,-8653.811900242436,52033,78500
2,0..1,273,129777,2113,-0.01487162781317257,-0.01209185954532518,6658.211765701616,-8588.207008411737,51518,77696
2,0..1,274,128392,2114,-0.015074486750579248,-0.012351713759104484,6595.579486331345,-8531.02298921171,50851,76986
2,0..1,275,127129,2116,-0.015060665360221239,-0.011923283758748729,6548.108482989819,-8462.755809569408,50328,76252
2,0..1,276,125620,2114,-0.01506670878567748,-0.012095294347972367,6493.182548528151,-8385.862506184954,49616,75451
2,0..1,277,124208,2115,-0.014926788344231074,-0.011630846012670759,6449.336888294779,-8303.363414955047,49104,74567
2,0..1,278,122982,2110,-0.014967430654466938,-0.011488944262981417,6404.361349672576,-8245.0859064202,48482,73954
2,0..1,279,121630,2113,-0.015115865919315354,-0.01168531592971375,6338.188239479961,-8176.731011246288,47880,73224
2,0..1,280,120125,2112,-0.01507367828113112,-0.012005650054981052,6282.061198424167,-8092.786801945022,47237,72309
2,0..1,281,118782,2113,-0.01509530135112845,-0.011926287796957086,6228.906245732933,-8021.956330822637,46789,71463
2,0..1,282,117473,2113,-0.015157282146541572,-0.011762786553602822,6169.423543627863,-7949.99494922855,46350,70646
2,0..1,283,116036,2110,-0.015243249275959596,-0.012041149955890024,6100.761415185126,-7869.527088170374,45722,69822
2,0..1,284,114672,2112,-0.015273858302268427,-0.01204166961927876,6043.731062487573,-7795.214941725322,45184,68995
2,0..1,285,113251,2112,-0.015415636732891059,-0.012040624436373243,5976.659037225424,-7722.49531286207,44506,68248
2,0..1,286,111895,2111,-0.01561156926744177,-0.012409099243595444,5907.567241005745,-7654.423784186159,43992,67381
2,0..1,287,110425,2113,-0.015561267942294534,-0.01172902956425067,5855.7336462185895,-7574.0866587464625,43380,66525
2,0..1,288,109054,2112,-0.015581169502809005,-0.011776027859240326,5799.736400008164,-7498.92525896751,42884,65677
2,0..1,289,107752,2112,-0.01569166132378764,-0.012367100285897778,5735.395376083343,-7426.203267044131,42353,64915
2,0..1,290,106358,2111,-0.015851602105716567,-0.01296990320653667,5664.598786991067,-7350.543483750864,41771,64122
2,0..1,291,104891,2111,-0.015988550747260164,-0.01272402810035486,5597.476344401811,-7274.5314208326345,41192,63243
2,0..1,292,103503,2109,-0.015968940979847957,-0.01227041198998875,5533.685861966071,-7186.519160203252,40670,62407
2,0..1,293,102027,2108,-0.016188671218972082,-0.012148270212187931,5453.636472548124,-7105.3180310061725,40120,61496
2,0..1,294,100641,2110,-0.01631483585340654,-0.012763044251234031,5379.980420025624,-7021.921815148326,39442,60770
2,0..1,295,99149,2110,-0.016317624985230806,-0.012493257112987419,5314.685443472867,-6932.561643133522,38818,59887
2,0..1,296,97577,2110,-0.01647850975524212,-0.012756389148370727,5240.88015982427,-6848.8037062115245,38245,58909
2,0..1,297,96166,2110,-0.016605139380364016,-0.012635622183695698,5180.317156098186,-6777.166989750259,37636,58102
2,0..1,298,94804,2112,-0.01669414384162927,-0.012644553849091954,5122.086522248157,-6704.758135009975,36997,57423
2,0..1,299,93342,2111,-0.016579865716455786,-0.012732879446738808,5073.0787015990845,-6620.676527304498,36382,56581
2,0..1,300,91923,2111,-0.016498657976651607,-0.0124654716500669,5017.84749084431,-6534.453628032052,35794,55719
2,0..1,301,90559,2112,-0.01657995651197426,-0.012538183788120966,4949.012035604183,-6450.476317372067,35242,54926
2,0..1,302,89053,2112,-0.016571581779229926,-0.013017473986223951,4881.591153385347,-6357.340225571123,34565,54096
2,0..1,303,87561,2111,-0.01679842688092582,-0.013127333136544501,4807.19794469079,-6278.08500081153,33947,53221
2,0..1,304,86061,2112,-0.01721236704681748,-0.012908456102565852,4715.171821676861,-6196.485342093042,33393,52305
2,0..1,305,84505,2112,-0.017122677582571414,-0.01291222916414167,4648.377239735703,-6095.329108850917,32800,51352
2,0..1,306,83124,2111,-0.017183794674794882,-0.01284335999376042,4576.677076007816,-6005.062824555452,32245,50528
2,0..1,307,81653,2110,-0.016993282679491007,-0.013066106371567375,4511.243202753394,-5898.7957133818645,31748,49569
2,0..1,308,80279,2109,-0.01712604088296626,-0.013352596196773843,4443.608765123044,-5818.470201166697,31167,48770
2,0..1,309,78842,2111,-0.017027913252988875,-0.01332499000322925,4387.927902668519,-5730.442639360683,30574,47977
2,0..1,310,77556,2109,-0.016776741519902112,-0.013698537703613645,4333.522044362868,-5634.659009680382,30082,47132
2,0..1,311,76113,2110,-0.016839527951960788,-0.013060123338801662,4268.138855157382,-5549.845846164975,29493,46313
2,0..1,312,74665,2111,-0.016903570796578636,-0.012785661792707867,4202.24059142387,-5464.345704950413,28906,45446
2,0..1,313,73216,2110,-0.01702772119211301,-0.013009351947126619,4131.934393532316,-5378.636028334049,28335,44572
2,0..1,314,71807,2111,-0.01725256237516259,-0.012601452679707631,4049.1589144415807,-5288.013660914888,27822,43691
2,0..1,315,70364,2111,-0.01712829427486755,-0.0133957854633399,3986.0225377274674,-5191.237836084241,27188,42884
2,0..1,316,68981,2111,-0.017411710441316057,-0.012891959824277672,3901.358104095074,-5102.435302047508,26635,42059
2,0..1,317,67542,2107,-0.017583682796453465,-0.013324192525894726,3827.4620478203037,-5015.099151258375,26048,41207
2,0..1,318,66205,2108,-0.01745312509279543,-0.012604794353471616,3762.7708600780625,-4918.255006846583,25567,40366
2,0..1,319,64747,2108,-0.017501150569988876,-0.013940982557236479,3683.7930103721737,-4816.940006327234,24852,39604
2,0..1,320,63363,2107,-0.01749569019095538,-0.014835259162752069,3605.6574354594363,-4714.2368530289505,24348,38749
2,0..1,321,61909,2107,-0.01763619573369783,-0.014441520576590216,3520.3244205022875,-4612.163662179798,23812,37869
2,0..1,322,60460,2109,-0.017739306431844952,-0.013781215977948303,3438.332993143336,-4510.851460012701,23155,37051
2,0..1,323,58991,2109,-0.017865369895877663,-0.012797186313780103,3360.3837178477334,-4414.279753375455,22579,36147
2,0..1,324,57560,2108,-0.017984771966481572,-0.014397205008045096,3273.6683151930392,-4308.871789583728,22069,35245
2,0..1,325,56081,2109,-0.018152795019607138,-0.014124065513143639,3187.877078069067,-4205.903975563644,21518,34333
2,0..1,326,54566,2108,-0.018457304385420016,-0.014160505484333119,3096.613218986151,-4103.754490080978,20867,33465
2,0..1,327,53095,2110,-0.018495630966305337,-0.013228394171877834,3021.163133348322,-4003.18865950431,20383,32484
2,0..1,328,51640,2108,-0.01838418347201942,-0.013143948456182001,2959.8958704945944,-3909.255104989681,19746,31689
2,0..1,329,50197,2108,-0.018274205218478112,-0.01282819378806874,2894.583041187076,-3811.893320539019,19151,30836
2,0..1,330,48771,2104,-0.017993922305662585,-0.014083879540326026,2832.549825955229,-3710.1314107246985,18601,29963
2,0..1,331,47326,2104,-0.018073032024159354,-0.013656861390545642,2760.2573645646467,-3615.581678140006,18006,29116
2,0..1,332,45916,2100,-0.018194850975682977,-0.013387054218926208,2678.3742458437114,-3513.809023243159,17438,28288
2,0..1,333,44469,2098,-0.018464019254748536,-0.013508884343863072,2594.4500154513426,-3415.526487690753,16866,27408
2,0..1,334,43054,2094,-0.01839351327177745,-0.013299902668604568,2517.0035153522617,-3308.9178357553897,16392,26467
2,0..1,335,41581,2097,-0.018636491301065383,-0.014604836855332698,2429.219361623768,-3204.1433064133716,15824,25563
2,0..1,336,40083,2094,-0.01884956797327401,-0.014561378341048087,2340.576623036924,-3096.123856109659,15252,24651
2,0..1,337,38596,2089,-0.019294290442681633,-0.015504936239300266,2247.4925567430896,-2992.174990668835,14693,23753
2,0..1,338,37236,2078,-0.019499820332650943,-0.014860680499408127,2166.7406032274166,-2892.835913134013,14150,22931
2,0..1,339,35876,2069,-0.01983935797396617,-0.01670991287202239,2084.090327563172,-2795.847134237185,13613,22133
2,0..1,340,34467,2063,-0.019962058016355973,-0.01536784827414868,2008.8154949389068,-2696.847748588648,13042,21290
2,0..1,341,33029,2046,-0.0197469234993107,-0.015181037959955417,1938.8908746416716,-2591.1120109004078,12519,20373
2,0..1,342,31615,2034,-0.019551320600532985,-0.013789317754196168,1868.8626003547108,-2486.977601140575,11913,19568
2,0..1,343,30203,2009,-0.019650409986987707,-0.015177186325742296,1790.014212477396,-2383.515545314382,11309,18768
2,0..1,344,28813,1968,-0.01968441951423172,-0.014164236372445273,1712.532117385298,-2279.6992968488557,10765,17919
2,0..1,345,27435,1919,-0.02027520451747805,-0.016566308557951697,1625.0647709909047,-2181.3150069279154,10229,17081
2,0..1,346,26022,1848,-0.02045417617936533,-0.01780134521146781,1536.0833856232166,-2068.341958162663,9678,16241
2,0..1,347,24580,1752,-0.02057289010534156,-0.018081712385061254,1453.1001228246787,-1958.7817616139757,9155,15326
2,0..1,348,23194,1640,-0.020482121365465237,-0.016656387457737145,1379.1554378834278,-1854.217760834028,8617,14490
2,0..1,349,21848,1482,-0.021096982836251884,-0.01912586293229676,1291.4181093488576,-1752.344990355282,8114,13661
2,0..1,350,20632,1059,-0.02133508570778918,-0.017811638171987776,1224.3090036221297,-1664.4944919452353,7581,12966
2,0..1,351,19855,1058,-0.021386112945047425,-0.018304258137334065,1185.1914276760538,-1609.8127001999692,7290,12478
2,0..1,352,19059,1058,-0.02078122875650085,-0.01942579080857734,1152.284982524118,-1548.3544213942696,6994,11985
2,0..1,353,18361,1059,-0.020326700906530902,-0.02016155052736816,1118.8879787274836,-1492.106534072302,6785,11520
2,0..1,354,17578,1059,-0.02034347142867585,-0.019191047665409716,1078.558027994937,-1436.1555687682005,6480,11033
2,0..1,355,16835,1059,-0.02076673101836034,-0.017855146166936262,1031.9198998151885,-1381.5278165092836,6152,10629
2,0..1,356,16033,1056,-0.02143283300253743,-0.019370673194379254,977.8665952648641,-1321.499206794549,5876,10102
2,0..1,357,15190,1057,-0.02253062166985985,-0.019612421100537698,919.9262242612464,-1262.166367426417,5542,9592
2,0..1,358,14374,1059,-0.02347237967421901,-0.021135333716811446,863.7835079358174,-1201.175493373038,5192,9133
2,0..1,359,13625,1057,-0.024887682377923954,-0.021653038993961832,809.5230021201568,-1148.6176745193695,4892,8687
2,0..1,360,12919,1057,-0.026227754202073066,-0.022019675824295405,755.9209777212898,-1094.757334257875,4625,8246
2,0..1,361,12188,1055,-0.02623267641365402,-0.02331826094172104,715.0421711841382,-1034.766031313755,4364,7777
2,0..1,362,11487,1055,-0.02610677472837889,-0.023916133151325642,675.4382859922634,-975.3268072971532,4100,7341
2,0..1,363,10783,1050,-0.025975303805664453,-0.02126824993238739,635.4501367504768,-915.5418376869569,3846,6890
2,0..1,364,10066,1048,-0.026743309475995868,-0.02138893095564785,591.3830971765109,-860.5812503618861,3573,6448
2,0..1,365,9351,1045,-0.02668826467857216,-0.021568031177808356,553.7909798143029,-803.3529428236303,3327,5979
2,0..1,366,8594,1041,-0.02626010790158703,-0.020754559122583924,515.1924882526248,-740.8718555588638,3063,5498
2,0..1,367,7900,1038,-0.026162489900237448,-0.020156795204577627,475.1772896440533,-681.8609598559289,2825,5043
2,0..1,368,7212,1035,-0.02583457058988643,-0.018969485788626592,435.82795940468424,-622.146882498944,2576,4606
2,0..1,369,6477,1028,-0.025900148908070953,-0.02036927712033147,393.3289660498617,-561.0842305274379,2270,4171
2,0..1,370,5799,1013,-0.024750938737307493,-0.021833298018876155,355.6533086185206,-499.1840023561662,2069,3708
2,0..1,371,5128,995,-0.02523936560929806,-0.02412237153228665,310.2643613683362,-439.6918282128163,1833,3275
2,0..1,372,4479,968,-0.024129219675395313,-0.023821762856454078,275.07631363025354,-383.15108855634804,1612,2844
2,0..1,373,3819,938,-0.02456101085966739,-0.02426290553640746,237.83916935749969,-331.63766983056877,1359,2445
2,0..1,374,3194,900,-0.02505626983535029,-0.019871063099708423,198.86693005136996,-278.89665590547827,1133,2044
2,0..1,375,2561,831,-0.0258757148213635,-0.022457205663099736,159.68144337161365,-225.94914902912555,900,1650
2,0..1,376,1982,750,-0.022891756805385542,-0.016026529689935762,129.10156525671462,-174.47302724498863,695,1280
2,0..1,377,1436,665,-0.027668072298607203,-0.022585954315880917,88.42656202123986,-128.15791384203976,491,932
2,0..1,378,893,538,-0.02933776981869411,-0.02726525483152946,52.49887005716445,-78.69749850525827,307,578
2,0..1,379,402,367,-0.030320647709959476,-0.027922657915410966,23.79504525524437,-35.98394563464807,144,255
3,>=1,0,288232,2132,0.0,0.0,0.0,0.0,0,0
3,>=1,1,262677,2132,0.000048489204064633555,0.000028581853650150848,1094.346209258062,-1081.6092106019798,118500,120938
3,>=1,2,259522,2132,-0.00007004238463123587,-0.000018861935054921307,1407.0508679577692,-1425.2284077020324,118500,123869
3,>=1,3,257089,2130,-0.00026377981987102286,-0.00014051976191015248,1614.2287300212156,-1682.043620132035,117610,125241
3,>=1,4,255483,2131,-0.0004570304727711972,-0.000433365971097222,1787.6517558793964,-1904.4152721544044,116453,126523
3,>=1,5,254271,2131,-0.0005737341862480375,-0.0003859352990422383,1954.5840906651783,-2100.468055936665,115908,127258
3,>=1,6,252966,2131,-0.0006752495825271183,-0.000555479210714573,2110.509229441713,-2281.3244153352725,115389,127344
3,>=1,7,251845,2131,-0.000743669122661985,-0.0006452673221146821,2250.1698899796083,-2437.4592401764176,114993,127401
3,>=1,8,250783,2130,-0.0008573265293434904,-0.0006188190333196144,2373.99904036701,-2589.0019593753555,114361,127794
3,>=1,9,249444,2130,-0.000993709861740589,-0.0008276702044913342,2477.02645372873,-2724.9014164807445,113677,127620
3,>=1,10,248666,2131,-0.001096149688366805,-0.0009899314033998282,2586.017811730301,-2858.592970137738,113276,127496
3,>=1,11,247772,2130,-0.0012151611710827816,-0.00116702023565426,2689.3317545455993,-2990.4146682271194,112600,127774
3,>=1,12,246730,2130,-0.0013151335546017747,-0.0011690249432057631,2781.108192843332,-3105.591094770211,112030,127573
3,>=1,13,245676,2131,-0.001393793115918378,-0.0012497371164487184,2868.1500492394325,-3210.571566785795,111864,126978
3,>=1,14,244697,2131,-0.0014698409608765166,-0.001307493544413767,2951.6880749190223,-3311.3537485226148,111293,126828
3,>=1,15,243697,2130,-0.0015280834842053735,-0.0013447087264593313,3036.9615012463846,-3409.350862096767,110583,126701
3,>=1,16,242639,2130,-0.0016070651385406316,-0.0015286667248133648,3112.6748915926964,-3502.6115697430514,110306,126260
3,>=1,17,241704,2128,-0.0016736649315386436,-0.001628886665420195,3187.148618318554,-3591.680126931184,109743,125986
3,>=1,18,240875,2130,-0.0017396202177384255,-0.001438385216694482,3256.686369855086,-3675.7173898028295,109309,125821
3,>=1,19,239844,2131,-0.0018124897699169677,-0.0014503842919145683,3321.584214099745,-3756.29901047572,108806,125516
3,>=1,20,238884,2129,-0.0019007122672707211,-0.001672890595373453,3379.283727819359,-3833.3334770740466,108199,125206
3,>=1,21,238274,2130,-0.0018872414874114474,-0.0016237364317948282,3459.183422238733,-3908.86400041021,108037,124957
3,>=1,22,237452,2130,-0.0019176207620848127,-0.001608265747322281,3520.8379378052114,-3976.1808230037805,107339,124929
3,>=1,23,236472,2130,-0.00196207965346144,-0.0017144644008553023,3573.0671807324725,-4037.044080545786,106854,124579
3,>=1,24,235403,2128,-0.001999960426967658,-0.0016512828297529007,3626.5749967252564,-4097.371681114738,106192,124231
3,>=1,25,234344,2131,-0.0020375371107847744,-0.0016022856131562696,3681.6113846578196,-4159.0959813475565,105877,123526
3,>=1,26,233446,2131,-0.002095058738145223,-0.0016332227199575833,3738.736294389713,-4227.819376574753,105623,123112
3,>=1,27,232457,2131,-0.0021308417448658596,-0.0016945902730035709,3794.3148881220427,-4289.643967608331,105281,122631
3,>=1,28,231579,2130,-0.0021202621642349515,-0.001516381580403532,3851.305954354283,-4342.314146085649,104832,122160
3,>=1,29,230630,2131,-0.0021591001175625796,-0.0016317823458735828,3895.33859912425,-4393.291859237706,104178,121835
3,>=1,30,229550,2131,-0.002264709614455514,-0.0019341774788726133,3921.643710785245,-4441.507802783505,103699,121446
3,>=1,31,228686,2130,-0.0023256525059451687,-0.0018159929996499845,3956.384076657196,-4488.2282456317735,103278,121113
3,>=1,32,227802,2131,-0.002444547914520309,-0.0018273988438387847,3987.1473258497294,-4544.020229873292,102763,120834
3,>=1,33,226974,2132,-0.002462497762301053,-0.0021101783463936025,4030.8984371584856,-4589.821404259004,102166,120650
3,>=1,34,226236,2130,-0.0024909625128264794,-0.002025596361907097,4070.579844724622,-4634.125239776442,101824,120242
3,>=1,35,225431,2130,-0.002515024932237379,-0.0018936003349670919,4114.369161332528,-4681.333746831722,101839,119604
3,>=1,36,224521,2131,-0.0025048310940710443,-0.0018428420631999634,4159.230937562974,-4721.618119634916,101392,119175
3,>=1,37,223745,2131,-0.0025397979522374667,-0.0018837989628486414,4192.053629888351,-4760.320722711725,101113,118828
3,>=1,38,222779,2130,-0.002616029665169322,-0.0019243439661464795,4222.653388807219,-4805.44986158398,100485,118548
3,>=1,39,221950,2129,-0.002673539880587082,-0.0020806269181229014,4250.134029562095,-4843.526206058401,99985,118116
3,>=1,40,221128,2131,-0.0026811300116445893,-0.0020865799981758886,4291.325683232765,-4884.198600447704,99785,117535
3,>=1,41,220019,2131,-0.0026831902691580216,-0.0020087548574139052,4322.433891949813,-4912.786731779712,99431,117037
3,>=1,42,219226,2130,-0.0027589186833045123,-0.0019404851162017401,4348.184889504986,-4953.0115967711145,98949,116736
3,>=1,43,218370,2130,-0.00286592557206084,-0.0022249333044582304,4373.894784824835,-4999.726951995771,98734,116206
3,>=1,44,217476,2130,-0.002973880500133094,-0.0024551466445525607,4392.292273756205,-5039.03990940315,98352,115676
3,>=1,45,216651,2131,-0.0030353182468560638,-0.0023569634429897054,4416.900599299863,-5074.5053327994665,97815,115414
3,>=1,46,215819,2129,-0.003119045409889146,-0.002586475940095512,4434.98610845313,-5108.135369769998,97315,115156
3,>=1,47,215036,2130,-0.003144181176063138,-0.002536606379105013,4457.785290921224,-5133.897434297152,97027,114717
3,>=1,48,214127,2129,-0.003143692125934039,-0.0025545258675376196,4487.275996158763,-5160.425360008649,96485,114487
3,>=1,49,213402,2128,-0.0031730321776240193,-0.00255961492309478,4513.151767925619,-5190.28318069494,95914,114250
3,>=1,50,212407,2130,-0.003225039400302744,-0.002706252131269357,4535.771003729995,-5220.791947630109,95414,113882
3,>=1,51,211775,2129,-0.0032673188706799257,-0.002778597121142724,4562.789242369271,-5254.725696207508,95070,113549
3,>=1,52,210925,2129,-0.003259331192764121,-0.0025075921597944163,4591.41827830445,-5278.892710138215,94784,113024
3,>=1,53,210094,2129,-0.0032263969153694958,-0.0025727801653391224,4620.166548549658,-5298.0131820872875,94503,112558
3,>=1,54,209260,2130,-0.003233577732449601,-0.0025801874224329457,4647.372325716657,-5324.030802009069,93963,112239
3,>=1,55,208256,2130,-0.00316014890818907,-0.002508238389063596,4672.817366348354,-5330.93733737216,93602,111598
3,>=1,56,207195,2129,-0.0031765401393644404,-0.0026058597844828978,4688.940567582612,-5347.10380175822,93191,111093
3,>=1,57,206294,2129,-0.003174550057681917,-0.002607787356284232,4708.78229604177,-5363.672925641193,92928,110425
3,>=1,58,205245,2129,-0.0031814914107799836,-0.002419000890760957,4717.689582234381,-5370.674786839927,92462,109816
3,>=1,59,204248,2130,-0.0032253834070810846,-0.0023853786539915853,4727.133894025239,-5385.9120041547385,91997,109329
3,>=1,60,203644,2131,-0.0031896903771219333,-0.002493360719372694,4752.050707321165,-5401.612014479802,91685,109089
3,>=1,61,202633,2131,-0.0031689412542937256,-0.0022898884492286516,4766.004421964584,-5408.136495145886,91296,108465
3,>=1,62,201914,2131,-0.003242090131467457,-0.0024569662420768326,4775.148820265262,-5429.772207070386,90873,108224
3,>=1,63,201190,2129,-0.0032677775612405956,-0.002919322256699937,4786.597520487293,-5444.041688033283,90465,107841
3,>=1,64,200316,2131,-0.0033347540117452164,-0.002779248471728858,4795.8759726531425,-5463.880557269894,89873,107633
3,>=1,65,199532,2129,-0.003336516869384531,-0.002787177694300119,4819.130189462809,-5484.8720734448525,89424,107318
3,>=1,66,198403,2128,-0.0033013172119963734,-0.0028077455467235795,4837.298719115172,-5492.2899579268615,89060,106685
3,>=1,67,197615,2129,-0.0032239317997723,-0.0028077867536032666,4871.284420715667,-5508.381703327675,88642,106368
3,>=1,68,196671,2130,-0.0032511362578559054,-0.002946416391970468,4880.436846145401,-5519.841065114178,88216,105815
3,>=1,69,195851,2130,-0.00324096162526766,-0.002946369324508096,4893.662395392998,-5528.407970663308,88057,105274
3,>=1,70,195181,2131,-0.00322796399414459,-0.0027837565284661338,4912.8215082562665,-5542.858748597427,87840,104852
3,>=1,71,194485,2130,-0.003209747443605049,-0.0026833300100731878,4933.7362508756505,-5557.983982445204,87622,104262
3,>=1,72,193758,2129,-0.0031881287954512584,-0.0028270229493710577,4953.3584127052845,-5571.08387185434,87199,103999
3,>=1,73,193022,2129,-0.0032077039310208027,-0.0027818149795222507,4971.037970440552,-5590.19539861405,86793,103724
3,>=1,74,192136,2129,-0.003313806699953836,-0.0029859225932297013,4971.504070998607,-5608.205635100934,86393,103354
3,>=1,75,191306,2130,-0.003424364156291935,-0.0029177922160210745,4964.631465114141,-5619.732874397732,85825,103053
3,>=1,76,190480,2130,-0.0034520518218669437,-0.003200074732525277,4973.263869990329,-5630.81070101954,85426,102686
3,>=1,77,189610,2129,-0.003467947558474105,-0.0029476737934029107,4980.457500433875,-5638.01503699617,84984,102258
3,>=1,78,188655,2128,-0.003426190248285133,-0.0027505397245572555,5003.814119644018,-5650.18204093424,84620,101788
3,>=1,79,187878,2129,-0.003441178361746634,-0.0030234687599893623,5018.94198175731,-5665.463690005553,84208,101338
3,>=1,80,187099,2129,-0.0034359065582032448,-0.0031198019458359115,5024.945646633177,-5667.800327766444,83970,100861
3,>=1,81,186376,2130,-0.003531581914793421,-0.003004184853356271,5022.026790198668,-5680.22890115022,83593,100519
3,>=1,82,185702,2130,-0.003537746127158879,-0.0027586760881257695,5036.830808796236,-5693.797340101892,83179,100251
3,>=1,83,184987,2130,-0.0034615901651361526,-0.0030678870224925803,5056.279817797019,-5696.628997675079,82904,99871
3,>=1,84,184120,2129,-0.003440723822219451,-0.0030869973868079812,5071.093347755412,-5704.599417902433,82565,99383
3,>=1,85,183371,2128,-0.0033871612908320174,-0.003340929347213958,5090.200264503315,-5711.307417564494,82245,98924
3,>=1,86,182551,2129,-0.0034146788994491,-0.003135609525379204,5092.5042020261,-5715.857249799417,81938,98503
3,>=1,87,181788,2130,-0.0034360196665667807,-0.0029899368825598844,5096.323907066315,-5720.951050212155,81472,98121
3,>=1,88,180938,2129,-0.0034145317409780573,-0.003135405026370673,5104.865536266747,-5722.68408041585,81085,97759
3,>=1,89,180212,2131,-0.003511852036907699,-0.003070875464298479,5102.101867184066,-5734.979746459287,80741,97409
3,>=1,90,179296,2131,-0.0035370166435314157,-0.0028737094307939573,5101.868371818545,-5736.04130793713,80196,97045
3,>=1,91,178708,2130,-0.003573725103705033,-0.0033325516256486895,5106.592224774398,-5745.245490607333,79940,96729
3,>=1,92,177935,2131,-0.0037118040464499437,-0.003358048818751254,5090.0810913185705,-5750.540944323666,79590,96285
3,>=1,93,177083,2131,-0.0037720339278821562,-0.003494210340317799,5083.927833833092,-5751.890917884247,79036,95992
3,>=1,94,176117,2128,-0.003837626767405922,-0.003663284883497959,5082.557014116066,-5758.4283275112875,78666,95449
3,>=1,95,175369,2130,-0.003732818437558764,-0.003635945891689347,5101.018303499631,-5755.638940075865,78414,95056
3,>=1,96,174498,2129,-0.0036224330653856903,-0.0035743547837707576,5123.035342006782,-5755.142667050453,78149,94365
3,>=1,97,173834,2128,-0.003630416804244958,-0.003495679227834734,5124.41927334938,-5755.509148098488,77793,94146
3,>=1,98,173103,2130,-0.00364534327059822,-0.0034213456751685713,5134.806729057871,-5765.826585228252,77399,93798
3,>=1,99,172250,2127,-0.003798719377374423,-0.003445906219593004,5117.903514203587,-5772.232926956327,77117,93310
3,>=1,100,171389,2127,-0.0038861729732921767,-0.0039031923560814688,5112.258697001028,-5778.305996720585,76553,93015
3,>=1,101,170509,2128,-0.0039049927081402105,-0.0038559097789144124,5110.956161197971,-5776.792562870248,76158,92506
3,>=1,102,169811,2129,-0.003897072933907413,-0.004016360576090098,5111.8083644205635,-5773.574216400334,75962,92029
3,>=1,103,168931,2128,-0.003917457859523165,-0.0037704141015198014,5109.701252764306,-5771.4813264314025,75496,91529
3,>=1,104,168160,2131,-0.0039210340799243435,-0.0035648928586872156,5099.333141895584,-5758.6942327756915,75268,91059
3,>=1,105,167350,2129,-0.004029366498143927,-0.003682770732628991,5075.327121396506,-5749.641604860888,74870,90652
3,>=1,106,166549,2127,-0.004063107476695462,-0.003502378880432106,5073.611237772027,-5750.317724908196,74379,90351
3,>=1,107,165967,2128,-0.003957635779646551,-0.0036488571013573836,5097.8435685301165,-5754.680505970712,74162,90074
3,>=1,108,165282,2128,-0.003955949308203951,-0.0033726885172460897,5091.348402036739,-5745.1956155953,73832,89640
3,>=1,109,164601,2130,-0.003889100015118758,-0.0035865165080972926,5105.055453624287,-5745.205205212889,73536,89336
3,>=1,110,163793,2129,-0.0038941269935959394,-0.003761099723725628,5108.3170138424875,-5746.147756504542,73111,88976
3,>=1,111,163052,2130,-0.003932255520272353,-0.0038669798401341085,5109.336765529563,-5750.498892621006,72629,88714
3,>=1,112,162301,2130,-0.0039224698611425675,-0.003806352287413207,5119.978274688788,-5756.599055622108,72150,88457
3,>=1,113,161461,2130,-0.0038699745135004826,-0.003725013221943195,5127.685687121555,-5752.535642045864,71761,88007
3,>=1,114,160771,2130,-0.003888202700823122,-0.0037049475788272957,5121.58765230372,-5746.697888717763,71370,87768
3,>=1,115,159868,2130,-0.00395775537036496,-0.00405332955328964,5100.845414953556,-5733.563850503073,70970,87290
3,>=1,116,159039,2129,-0.004004760023372485,-0.004019066326821419,5089.586792672944,-5726.499822030096,70614,86877
3,>=1,117,158133,2130,-0.004039983643127603,-0.004207694090806472,5074.806665262788,-5713.6613987015,70073,86390
3,>=1,118,157417,2131,-0.0039863288029436846,-0.003981219043087375,5080.262502417369,-5707.778423590368,69780,86030
3,>=1,119,156496,2130,-0.003867202085702708,-0.0037929357254702133,5091.851152845655,-5697.052810449782,69385,85464
3,>=1,120,155914,2129,-0.0038454972560159357,-0.003926085978934337,5090.689298184911,-5690.256157359409,69111,85251
3,>=1,121,154996,2128,-0.0037735473641147335,-0.003891705542104092,5084.8565134822875,-5669.741260730606,68682,84673
3,>=1,122,154287,2129,-0.0039179797245596,-0.0038879017897661496,5073.45455303291,-5677.947890796057,68362,84262
3,>=1,123,153463,2129,-0.003921575658150294,-0.003995974901190162,5068.715658929526,-5670.532424156242,68130,83698
3,>=1,124,152407,2128,-0.0039552253122002385,-0.004251883727675683,5052.700834747946,-5655.504858904424,67753,83069
3,>=1,125,151751,2128,-0.0038268864371692143,-0.004236875293721421,5063.884250995132,-5644.618094721979,67575,82694
3,>=1,126,150855,2131,-0.003699550833443072,-0.00398938681960161,5067.035096508011,-5625.130837487068,67091,82260
3,>=1,127,150194,2131,-0.0037233368324432275,-0.003875237780889144,5062.641548104085,-5621.864400316077,66831,81891
3,>=1,128,149593,2129,-0.0037690450449431178,-0.004296743638349325,5054.9501747850745,-5618.7729301932395,66427,81679
3,>=1,129,148816,2129,-0.003849786907933516,-0.004488384141110545,5028.460588185957,-5601.370476676997,66099,81245
3,>=1,130,147913,2129,-0.004009479898982106,-0.00509114212985838,5005.052530001183,-5598.10673029932,65454,80996
3,>=1,131,147052,2128,-0.0040751260721297,-0.004787685939062947,4990.851908189033,-5590.107347347852,65061,80584
3,>=1,132,146199,2126,-0.003952304195496525,-0.004874289765511694,4998.596753708297,-5576.419674785711,64648,80148
3,>=1,133,145663,2128,-0.003910973300324839,-0.0046641150378323015,5004.050765294171,-5573.734869139386,64314,79959
3,>=1,134,144757,2129,-0.003926575886969824,-0.0047995979270362595,4993.139364876647,-5561.538710546697,63876,79522
3,>=1,135,143975,2130,-0.0038206435933582253,-0.004760244253432752,4998.923314277457,-5549.0004756312,63486,79103
3,>=1,136,143329,2129,-0.00387737743633104,-0.005062419196456419,4993.345258542398,-5549.0858891142725,63224,78738
3,>=1,137,142521,2126,-0.0039206027583418976,-0.005204034943645217,4984.171269064617,-5542.939494786272,62861,78301
3,>=1,138,141772,2129,-0.003942570093443794,-0.00528002241180802,4969.328058503448,-5528.274105791141,62545,77861
3,>=1,139,141006,2127,-0.003981475180629286,-0.0056236877567306205,4956.165046138643,-5517.576935458467,62190,77467
3,>=1,140,140318,2129,-0.003971626562322029,-0.0053502870739158504,4954.099651906004,-5511.3903478778775,62009,76964
3,>=1,141,139592,2130,-0.0039536005238904335,-0.0053094115794918295,4960.679189401633,-5512.570193732524,61604,76619
3,>=1,142,138827,2128,-0.0039537170318258655,-0.005458887229481392,4954.530124222436,-5503.412798599709,61169,76324
3,>=1,143,138054,2129,-0.0038707612910197963,-0.005199494961822874,4956.828449070624,-5491.202528341067,60943,75807
3,>=1,144,137345,2128,-0.0039517129436991245,-0.005069706485051521,4941.433020328706,-5484.181034581066,60623,75410
3,>=1,145,136558,2129,-0.003955669389431662,-0.005679932804522307,4929.867950668683,-5470.0462511507085,60318,74960
3,>=1,146,135735,2127,-0.0039669390319848315,-0.0050911575609870275,4918.360594940424,-5456.813064446878,59971,74509
3,>=1,147,134875,2127,-0.004011644256444981,-0.005449605792725953,4906.080630258353,-5447.1511493463895,59456,74180
3,>=1,148,134223,2128,-0.003966883029673858,-0.004948910057464231,4906.28619483705,-5438.733135728961,59156,73854
3,>=1,149,133490,2127,-0.003972410073316126,-0.004532506854169784,4898.2869357970785,-5428.563956484044,58840,73464
3,>=1,150,132797,2126,-0.004091954296329983,-0.005543672833457436,4880.56420172225,-5423.963456411964,58382,73184
3,>=1,151,132067,2128,-0.004011454053349312,-0.005214424816131486,4876.808867407876,-5406.589569871522,58068,72775
3,>=1,152,131472,2126,-0.003970282171897059,-0.004815948127181194,4870.9546821536405,-5392.935619857309,57855,72453
3,>=1,153,130729,2126,-0.0039020938577485867,-0.005373422752719642,4867.704670559792,-5377.821498489433,57595,71921
3,>=1,154,129803,2126,-0.0038518897230555168,-0.005390997015196049,4860.07719764555,-5360.064039367328,57119,71455
3,>=1,155,129101,2126,-0.0038195466799102198,-0.005669868593839986,4851.300327629916,-5344.407623553008,56865,71126
3,>=1,156,128375,2127,-0.0037754478558085914,-0.00574512261400243,4850.902245006152,-5335.575363495589,56435,70753
3,>=1,157,127608,2127,-0.003680276404419404,-0.005047745109392768,4846.684188730568,-5316.316900145739,56095,70347
3,>=1,158,126786,2123,-0.0036454963901433684,-0.004907394608378448,4836.133497488719,-5298.331402809446,55712,69986
3,>=1,159,126084,2125,-0.0036943105624642186,-0.005688824581191172,4814.892448527883,-5280.685901485625,55344,69621
3,>=1,160,125215,2126,-0.003689291110425353,-0.00569284005059556,4790.353321614111,-5252.307908005997,54999,69105
3,>=1,161,124479,2123,-0.0036814090993188596,-0.005027121923850903,4776.275403830287,-5234.533527104391,54703,68634
3,>=1,162,123682,2124,-0.0035749507434521786,-0.0050832875407051895,4770.358328719212,-5212.5153865708635,54399,68179
3,>=1,163,123048,2124,-0.0035734431125672567,-0.005281614689760001,4765.147354685468,-5204.852382800657,54100,67858
3,>=1,164,122203,2124,-0.003507371152034787,-0.0056193371911767865,4755.661084025902,-5184.272360918,53802,67326
3,>=1,165,121513,2124,-0.00356899422315402,-0.006196254979032805,4743.4464925870325,-5177.125687625144,53469,67014
3,>=1,166,120865,2124,-0.00354433420576269,-0.006121548003408245,4740.4249920124075,-5168.810945791938,53178,66600
3,>=1,167,120248,2121,-0.0035403323327849604,-0.005558231179052082,4730.882335064083,-5156.600217416839,52827,66340
3,>=1,168,119668,2122,-0.003658228241267832,-0.005753365831246533,4712.50304695767,-5150.275904133693,52496,66052
3,>=1,169,118877,2123,-0.0036837675747220197,-0.006152549033772361,4697.812736511181,-5135.727974491409,52209,65559
3,>=1,170,118269,2122,-0.003770442710876802,-0.006471451837775464,4675.737062811569,-5121.663551784255,51977,65235
3,>=1,171,117516,2123,-0.0037835718650573082,-0.006221615634690593,4654.159594911453,-5098.789826205518,51619,64818
3,>=1,172,116849,2120,-0.0036793926885059316,-0.006108127771174787,4646.5320146047625,-5076.465370864004,51409,64445
3,>=1,173,116185,2124,-0.0037107930919849253,-0.005576373343051165,4631.986174618027,-5063.124670010293,51141,64084
3,>=1,174,115529,2121,-0.0035216572924810195,-0.00576877461663154,4641.174727130842,-5048.0282724738645,50763,63770
3,>=1,175,114687,2123,-0.003498000746666956,-0.006198282860781416,4632.785352310753,-5033.960563943765,50466,63299
3,>=1,176,114010,2123,-0.003366160300747521,-0.005797522014001164,4634.139131221525,-5017.915067109752,50076,62946
3,>=1,177,113320,2120,-0.0034079785691390886,-0.005831061998500146,4611.552014550264,-4997.744146005119,49789,62611
3,>=1,178,112686,2119,-0.003481791316520733,-0.0064926016235097184,4595.409849917881,-4987.758986211345,49328,62412
3,>=1,179,111854,2122,-0.0035145668002144266,-0.0061954453257915395,4577.0715225310905,-4970.189877402265,48995,61896
3,>=1,180,111124,2121,-0.0036249076769505366,-0.006573696491733586,4549.858785213684,-4952.673025907133,48704,61476
3,>=1,181,110242,2119,-0.003555802554790789,-0.006542629401317997,4545.123381494455,-4937.122166739696,48292,61003
3,>=1,182,109529,2119,-0.0035907349316836876,-0.0060216197569482955,4525.695207526496,-4918.9848138588895,47962,60598
3,>=1,183,108947,2118,-0.0037406518689579523,-0.006115977214470687,4498.062718349537,-4905.595517516885,47702,60297
3,>=1,184,108089,2119,-0.0035271059097500483,-0.0060892245044768785,4489.76701348142,-4871.0083641604,47279,59886
3,>=1,185,107449,2120,-0.0035349986190615036,-0.006498766500000322,4472.235392466412,-4852.0674590859535,46991,59567
3,>=1,186,106622,2118,-0.003677961320105615,-0.006350208339437994,4438.946534748983,-4831.098126621294,46509,59183
3,>=1,187,105834,2117,-0.003665953254754047,-0.006220828205568326,4426.133053222359,-4814.115549985996,46247,58729
3,>=1,188,105038,2120,-0.0035496844401341505,-0.006628923941927841,4414.002102366855,-4786.8538565896615,45868,58262
3,>=1,189,104400,2115,-0.003614016292966754,-0.0068388581068904155,4393.319035457254,-4770.622336442997,45620,57899
3,>=1,190,103699,2116,-0.0036963205890105677,-0.007617401527991733,4364.30141448588,-4747.606163245671,45231,57552
3,>=1,191,102951,2117,-0.0037681155604869744,-0.007550215321989469,4341.118504932183,-4729.049769999886,44991,57118
3,>=1,192,102364,2115,-0.0038797931578861775,-0.007537386083639923,4324.226448663845,-4721.377595477707,44681,56872
3,>=1,193,101648,2115,-0.004008936559621386,-0.007287657248210817,4296.982187411787,-4704.482570824193,44307,56481
3,>=1,194,100979,2116,-0.003971385700529978,-0.007415048889572281,4283.51645508133,-4684.543011735132,44062,56088
3,>=1,195,100404,2114,-0.004033302947415784,-0.007531277912136463,4261.926738979689,-4666.886488111997,43844,55785
3,>=1,196,99534,2111,-0.004123714832476891,-0.007151672023599977,4234.624407081651,-4645.074239217414,43377,55314
3,>=1,197,98920,2115,-0.004328658890485833,-0.007449207875984195,4205.290628736694,-4633.481566183534,43031,55098
3,>=1,198,98090,2112,-0.004190709490981354,-0.00760119487174603,4195.318217306035,-4606.384911276386,42616,54656
3,>=1,199,97425,2112,-0.004171424950560089,-0.007763407943307555,4186.371472501004,-4592.772548309311,42265,54319
3,>=1,200,96676,2112,-0.004309935556543133,-0.008626792110716127,4153.860433614755,-4570.527763479117,41837,54041
3,>=1,201,96103,2114,-0.004304269462123805,-0.008277931043833672,4140.971819512557,-4554.625027631039,41577,53698
3,>=1,202,95228,2113,-0.0042373095954431495,-0.008554069689412762,4114.776729573905,-4518.287247728756,41213,53196
3,>=1,203,94485,2112,-0.004358600117692426,-0.008758536599940464,4086.8174179172493,-4498.639750037435,40915,52796
3,>=1,204,93786,2113,-0.00444561736558107,-0.008364887037852504,4066.5974421582723,-4483.534112406659,40552,52470
3,>=1,205,93070,2112,-0.004490247158697417,-0.008557827580214939,4039.644728522913,-4457.552031582878,40217,52072
3,>=1,206,92242,2112,-0.0046979345784993265,-0.009501897561720492,4005.9450706451316,-4439.291952035057,39794,51677
3,>=1,207,91588,2113,-0.004701322922651706,-0.009012589336443097,3983.6374743991287,-4414.222238238957,39449,51372
3,>=1,208,90824,2113,-0.004679614450980545,-0.009121057253484447,3964.733241958939,-4389.75454485479,39190,50949
3,>=1,209,90156,2111,-0.004774195249138314,-0.00925562487994654,3945.5679806957187,-4375.9903275770375,38842,50521
3,>=1,210,89444,2115,-0.0044812630201289255,-0.009460892127636192,3946.5483398514007,-4347.370429423798,38554,50147
3,>=1,211,88843,2115,-0.0042117353326427435,-0.008864458052229148,3947.134691677739,-4321.317893835734,38402,49754
3,>=1,212,88190,2112,-0.004317510363053618,-0.009226953194993882,3922.232372417611,-4302.9936113352915,38094,49398
3,>=1,213,87443,2112,-0.004312833047480581,-0.009232233951971862,3897.1913502631332,-4274.31841043399,37756,48947
3,>=1,214,86705,2109,-0.004196526154009578,-0.00928162243763171,3883.7038561886993,-4247.56365637211,37474,48539
3,>=1,215,86098,2112,-0.004412941295046444,-0.01009570551525205,3853.549342082035,-4233.494761702956,37135,48268
3,>=1,216,85457,2112,-0.004353545279340127,-0.009690426172621176,3838.761552482906,-4210.802471419479,36824,47981
3,>=1,217,84810,2114,-0.004247961561782601,-0.009528474884599463,3828.4279585764693,-4188.697578631264,36566,47568
3,>=1,218,84189,2114,-0.004220086869102947,-0.009659367392963145,3816.297914947268,-4171.582808370176,36309,47173
3,>=1,219,83476,2114,-0.004230909007341005,-0.009104048226585813,3795.4045666685656,-4148.583926965367,36112,46672
3,>=1,220,82856,2114,-0.004167159957640958,-0.00911962305105328,3778.012005830808,-4123.286211281108,35773,46416
3,>=1,221,82201,2113,-0.004009151471562229,-0.00948543993897746,3768.8266727847363,-4098.382932898628,35486,46066
3,>=1,222,81475,2114,-0.003927382488693342,-0.00891574867490228,3744.424302509149,-4064.407790775437,35258,45583
3,>=1,223,80805,2111,-0.0037952757903486644,-0.008629236161371866,3729.770598554652,-4036.447858793786,34912,45283
3,>=1,224,80080,2116,-0.003897310970562394,-0.009049334814043845,3700.588083271819,-4012.6847457944455,34564,44913
3,>=1,225,79425,2115,-0.0038975436303171932,-0.009221194340927712,3680.463744594195,-3990.0261474321424,34242,44604
3,>=1,226,78768,2112,-0.00370458379365543,-0.009344666015900808,3677.1458168214804,-3968.948473080149,33964,44165
3,>=1,227,78124,2112,-0.003822551242217462,-0.009192448321810013,3651.539632844824,-3950.1726260918263,33718,43796
3,>=1,228,77350,2112,-0.0035128361607416896,-0.00874442195102121,3649.9778285442912,-3921.6957055776697,33355,43401
3,>=1,229,76823,2114,-0.00317663714315568,-0.008417211971364467,3649.0823350283536,-3893.1211302769943,33089,43154
3,>=1,230,76157,2115,-0.0032928046760801106,-0.009037155858194694,3622.446495544487,-3873.216621260719,32835,42741
3,>=1,231,75647,2113,-0.0034425975590913534,-0.009525727374078263,3600.6206248421026,-3861.042802394677,32542,42525
3,>=1,232,74934,2114,-0.0035240538761451556,-0.009518542161188661,3576.628904981409,-3840.70035813647,32211,42134
3,>=1,233,74127,2112,-0.003592198450612723,-0.00984835366695927,3550.3471327788357,-3816.626027327401,31850,41722
3,>=1,234,73430,2113,-0.003635950044025531,-0.010273214587335931,3523.5287769182532,-3790.516588651054,31578,41273
3,>=1,235,72628,2114,-0.0035477641143941536,-0.009976207808322389,3508.2639549434966,-3765.9309670437124,31153,40918
3,>=1,236,71924,2113,-0.003498282446773632,-0.010613964985762357,3488.1645157601465,-3739.7749824618886,30928,40430
3,>=1,237,71109,2111,-0.003435399297518863,-0.010501727235357774,3464.354546263336,-3708.642354910602,30594,39999
3,>=1,238,70455,2115,-0.00345431148830762,-0.009841705579318391,3445.838630745677,-3689.212146654388,30221,39696
3,>=1,239,69670,2115,-0.0031837264985876746,-0.009355424832978187,3425.7231566808186,-3647.533381837427,29952,39213
3,>=1,240,69076,2115,-0.0032306128912149047,-0.009273551935446064,3394.4026396977547,-3617.5604557713,29688,38885
3,>=1,241,68460,2116,-0.0032446322373072163,-0.009675595115631918,3370.0191646811422,-3592.146687647186,29396,38544
3,>=1,242,67849,2111,-0.0031799218803630212,-0.010103976215717212,3355.7588466787242,-3571.513366339471,29161,38173
3,>=1,243,67077,2113,-0.0030686376132127726,-0.010270403649978062,3332.9276025000017,-3538.7626076814813,28886,37688
3,>=1,244,66513,2114,-0.0031864179599617967,-0.010384028934112175,3303.6099004578205,-3515.5481182287613,28631,37397
3,>=1,245,65858,2112,-0.003313570865552566,-0.010399890408213028,3281.019918648993,-3499.2450687125543,28324,37042
3,>=1,246,65279,2113,-0.003425658781023804,-0.010519047995998157,3259.9522968814813,-3483.5758764479374,28011,36783
3,>=1,247,64609,2110,-0.0036444114673095337,-0.010665105959727078,3223.4720201803843,-3458.9338006717776,27713,36422
3,>=1,248,63989,2114,-0.003517045692554642,-0.010458151196323887,3213.7840237828086,-3438.836260603686,27419,36127
3,>=1,249,63359,2110,-0.003674028423288463,-0.010997310286525966,3183.0335053582517,-3415.8162722293896,27122,35753
3,>=1,250,62691,2111,-0.003959192765305618,-0.011053932800342605,3150.0992078240033,-3398.3049614737797,26805,35452
3,>=1,251,62046,2111,-0.0036498962528755353,-0.011048257998248344,3137.2144849987862,-3363.6759479046987,26547,35043
3,>=1,252,61353,2110,-0.0039049536038768947,-0.01092055012794551,3108.8025796775514,-3348.3831981362173,26186,34695
3,>=1,253,60768,2109,-0.004142426294389453,-0.010898427115039081,3073.8283361208933,-3325.5552971783313,25975,34322
3,>=1,254,60172,2112,-0.00416334432720038,-0.011019338289197758,3057.9697478554526,-3308.486502711758,25661,34066
3,>=1,255,59519,2112,-0.004306628700857859,-0.011757441105090236,3022.613575492827,-3278.9398091391713,25336,33744
3,>=1,256,58869,2110,-0.004100875039576032,-0.011201404969440203,3004.747782422757,-3246.1621951275574,25113,33346
3,>=1,257,58306,2112,-0.004121515850493599,-0.01194996796942683,2988.53388831512,-3228.8429914939916,24833,33082
3,>=1,258,57816,2112,-0.004242702844983022,-0.01205812834837297,2962.7460775407085,-3208.0421852262593,24516,32908
3,>=1,259,57034,2113,-0.00404723918065404,-0.012123318952598633,2946.5759519947364,-3177.4061914241593,24184,32436
3,>=1,260,56464,2110,-0.003877018313195312,-0.011515093978280981,2930.9107516452164,-3149.8227136814767,23968,32093
3,>=1,261,55843,2111,-0.003657524196197904,-0.011349334354634661,2911.478071136991,-3115.7251948252733,23695,31776
3,>=1,262,55303,2111,-0.0035337415366171686,-0.011081514047044059,2892.750877453167,-3088.1773856527143,23472,31445
3,>=1,263,54614,2110,-0.0032435213815148194,-0.010472498764056553,2869.7523439311344,-3046.8940206612037,23202,31034
3,>=1,264,54018,2109,-0.003241482042034272,-0.011255062671577538,2843.8195560970903,-3018.9179330436955,22828,30807
3,>=1,265,53242,2109,-0.003274094833187894,-0.011772803930830203,2806.8410065816015,-2981.1603636901855,22590,30276
3,>=1,266,52590,2110,-0.003708338418849307,-0.012391214018356689,2765.421602924061,-2960.44312037134,22257,29971
3,>=1,267,51949,2110,-0.00372362088756033,-0.012215495625210591,2741.0456838484733,-2934.4840653363494,21927,29685
3,>=1,268,51300,2110,-0.0039000597483725406,-0.012142393778174325,2715.5224869400354,-2915.5955520315406,21675,29274
3,>=1,269,50569,2113,-0.0037040172160537517,-0.01224778803548131,2698.4160513253487,-2885.724497923968,21408,28832
3,>=1,270,49934,2109,-0.0033300100153563954,-0.0117801876743333,2688.5221018628527,-2854.8028219696494,21198,28395
3,>=1,271,49268,2109,-0.0031385193739800355,-0.012147080135157995,2664.8413973424426,-2819.469969859691,20850,28066
3,>=1,272,48583,2110,-0.003224522756958232,-0.011567076976878761,2638.5064651964053,-2795.163454297712,20479,27770
3,>=1,273,47956,2110,-0.0034904691720212613,-0.012187843207634486,2601.8991791568124,-2769.28811877025,20214,27391
3,>=1,274,47356,2110,-0.00345631660979069,-0.011536009407682091,2567.245220609832,-2730.9225499830754,19917,27113
3,>=1,275,46690,2110,-0.0036044308787195225,-0.011877679933617189,2531.535400901127,-2699.826278628547,19630,26760
3,>=1,276,46100,2109,-0.003785464703146314,-0.01262874793407597,2495.189056578227,-2669.698979393267,19393,26393
3,>=1,277,45457,2110,-0.0033939265139617497,-0.011562322028806356,2476.539929034007,-2630.8176465791707,19159,26024
3,>=1,278,44845,2111,-0.0029819098420807992,-0.011123641837421329,2463.812212029842,-2597.5359588979577,18940,25627
3,>=1,279,44205,2111,-0.0029914437298003507,-0.011181532716208649,2438.3110298720007,-2570.5477999478217,18667,25226
3,>=1,280,43753,2110,-0.003076547841408226,-0.011897583248121233,2411.5723658605075,-2546.180563565641,18488,24964
3,>=1,281,43123,2110,-0.0028233662244406127,-0.01116290612912514,2389.571690729556,-2511.323712426107,18292,24548
3,>=1,282,42507,2109,-0.0022815658451210514,-0.011113247816009697,2379.1909416718295,-2476.173461050392,18058,24157
3,>=1,283,41894,2108,-0.002018740326055136,-0.010651052354261704,2367.2576069316087,-2451.8307141513665,17751,23847
3,>=1,284,41392,2108,-0.001993757229981357,-0.010785270586074877,2347.7988981510875,-2430.3244974144745,17452,23656
3,>=1,285,40813,2109,-0.0015675938695059793,-0.011005560301370393,2337.8761254374103,-2401.85433403357,17216,23291
3,>=1,286,40148,2108,-0.0011460521377586927,-0.011203722225207352,2321.504272084377,-2367.515973311114,16904,22932
3,>=1,287,39674,2108,-0.001411500961115034,-0.011152284603033783,2289.3315572213,-2345.331446352578,16699,22702
3,>=1,288,38971,2108,-0.0018503392107860174,-0.011269613819425973,2238.1613387525535,-2310.2709081360963,16444,22274
3,>=1,289,38410,2107,-0.0020480204442700537,-0.011091009440160856,2209.007581232823,-2287.6720464972427,16236,21907
3,>=1,290,37888,2103,-0.0021055531851933334,-0.011643145672745344,2178.527019270614,-2258.3022183512135,16026,21594
3,>=1,291,37350,2103,-0.0019077739095818595,-0.012326958797530721,2156.0704225441486,-2227.325778067032,15829,21247
3,>=1,292,36830,2102,-0.0014849604448882996,-0.011763765246354132,2140.5573085606084,-2195.248401745839,15596,20962
3,>=1,293,36170,2101,-0.0009235651632045821,-0.01187417316654615,2127.945267417184,-2161.3506193702956,15283,20644
3,>=1,294,35611,2100,-0.0005396781012714981,-0.012454918905556472,2120.6013580006106,-2139.8198348649876,15046,20328
3,>=1,295,35006,2100,-0.00026293778057900706,-0.012714220876265179,2102.8772307338804,-2112.0816306808265,14731,20027
3,>=1,296,34408,2101,-0.00017146378866002464,-0.012275498118354282,2081.8062634391313,-2087.705989479342,14440,19733
3,>=1,297,33794,2101,2.5478711987756002e-6,-0.012546046761232032,2058.3765256808183,-2058.290422921528,14175,19396
3,>=1,298,33190,2099,-0.00019401072065199966,-0.012438931781168082,2017.8275824316956,-2024.266798250138,13916,19053
3,>=1,299,32640,2100,-0.0005061333369445906,-0.012267609847746894,1979.8156734313736,-1996.3358655492407,13608,18824
3,>=1,300,32048,2097,-0.0005315456454890318,-0.011291078572589422,1951.8271167346445,-1968.8620915812744,13427,18433
3,>=1,301,31388,2093,-0.0010820843898062588,-0.01256337798570601,1910.4459495183817,-1944.4104143456173,13100,18093
3,>=1,302,30920,2091,-0.0005018709605599059,-0.010934086521864216,1897.556123806478,-1913.0739739069932,12951,17774
3,>=1,303,30322,2093,-0.0000891942397403283,-0.011221218801763348,1871.7308571755962,-1874.435404913008,12724,17386
3,>=1,304,29787,2092,0.00008183846163888415,-0.011421404699172612,1842.678368461232,-1840.2406462043969,12546,17054
3,>=1,305,29243,2096,-0.000038840407034574314,-0.011481314043233415,1816.305876286326,-1817.441686309238,12264,16796
3,>=1,306,28712,2092,0.00014990726605021925,-0.011533906116523367,1793.855352322015,-1789.5512148991827,11982,16551
3,>=1,307,28127,2089,-0.00003971790660846784,-0.01294192906757213,1757.2927165950123,-1758.4098621541852,11728,16228
3,>=1,308,27455,2088,0.0006752805492698356,-0.01080934114414756,1734.976122057896,-1716.4362945776911,11482,15794
3,>=1,309,26908,2083,0.0005042567221562695,-0.010940970411929606,1699.6011561105452,-1686.032616230764,11277,15461
3,>=1,310,26269,2082,0.0001548541923007269,-0.011863370775907907,1653.5680470263546,-1649.500182248809,10996,15126
3,>=1,311,25724,2077,-0.0001453536729009083,-0.013336121673438464,1616.358275721346,-1620.09735360305,10754,14808
3,>=1,312,25198,2075,-0.00022452132170214573,-0.01361962287981569,1579.3690115068082,-1585.0264997710512,10526,14507
3,>=1,313,24657,2068,-0.00021852937527552175,-0.013939531766722918,1547.265217186426,-1552.6534959926,10254,14247
3,>=1,314,24181,2063,0.0002613167338607849,-0.013119722920152146,1535.090413448895,-1528.7715135074116,10061,13956
3,>=1,315,23697,2067,0.000439507897087813,-0.013194843879635345,1512.9076449572153,-1502.492626319922,9865,13684
3,>=1,316,23102,2064,0.001206215226614111,-0.012364586826526188,1497.0421614356867,-1469.1761772704506,9574,13386
3,>=1,317,22554,2051,0.0019682021379731907,-0.01192876694614896,1482.4343267289214,-1438.0434957090704,9328,13096
3,>=1,318,22021,2051,0.00251443675235634,-0.010806953204524213,1462.495652599857,-1407.1252408762143,9114,12766
3,>=1,319,21393,2039,0.0030823950364345736,-0.010377606066925754,1438.7149577121427,-1372.773280697696,8860,12400
3,>=1,320,20837,2040,0.0032516807323481976,-0.010660699612188622,1412.8884388339711,-1345.1331674140354,8598,12118
3,>=1,321,20297,2033,0.0035211098930364123,-0.011324314913386278,1381.726296941202,-1310.2583294422416,8365,11815
3,>=1,322,19691,2025,0.0030930540605234188,-0.011215749997011509,1337.279651972554,-1276.3743244667844,8123,11449
3,>=1,323,19209,2022,0.0029835356178934554,-0.010831129752252958,1301.2675299923815,-1243.956794308268,7902,11184
3,>=1,324,18627,2011,0.002628405871613663,-0.01157803734264727,1264.465002143708,-1215.5056859731571,7613,10885
3,>=1,325,18070,2005,0.00197134297789475,-0.01158159721514154,1221.9895141986758,-1186.3673465881106,7385,10575
3,>=1,326,17522,1997,0.002402727111678701,-0.01038888207023169,1192.6950561364752,-1150.5944716856447,7194,10222
3,>=1,327,17033,1986,0.0018505451088716447,-0.010716383188156386,1154.1665804479164,-1122.6462456085067,6952,9993
3,>=1,328,16532,1982,0.001781386164130633,-0.01093704696748282,1122.3766696885623,-1092.926793623152,6741,9687
3,>=1,329,16025,1960,0.0012904992330531832,-0.010986085417816973,1085.8121900949152,-1065.1319398852384,6532,9386
3,>=1,330,15551,1943,0.000969505242609767,-0.011762586672875297,1052.412148232866,-1037.3353722050397,6336,9136
3,>=1,331,15059,1922,0.0006626679823584421,-0.011422932551376394,1018.6367883747611,-1008.6576712284266,6119,8861
3,>=1,332,14549,1903,0.0003715059964753537,-0.011783500394310472,984.6231004944358,-979.2180597517147,5882,8594
3,>=1,333,14008,1889,0.0005974319141717848,-0.01218215834237082,952.9063654969376,-944.5375392432185,5672,8276
3,>=1,334,13569,1871,0.0007251449199365672,-0.013233600823234831,924.2928439516267,-914.4533525330074,5446,8044
3,>=1,335,13060,1837,0.00039647463818868903,-0.014244285592422263,889.2644506378272,-884.0864918630838,5213,7782
3,>=1,336,12617,1821,0.0007929804123153649,-0.014434536819823408,865.7478302216836,-855.742796359499,5059,7484
3,>=1,337,12089,1783,0.0010029837184794331,-0.015236234672413652,835.2332694401376,-823.1081992674407,4840,7170
3,>=1,338,11600,1753,0.0019283785361656675,-0.014003805414703684,814.2746828758192,-791.9054918562948,4659,6876
3,>=1,339,11109,1730,0.002896584792137164,-0.012290756852667954,788.4519440003265,-756.2737835444752,4457,6583
3,>=1,340,10573,1695,0.003778134552538218,-0.012499858756937612,759.8970787576634,-719.9508621336777,4257,6253
3,>=1,341,10110,1654,0.004544577944327029,-0.013032792495970646,735.6066823280083,-689.6609993108623,4048,5998
3,>=1,342,9600,1610,0.003812504875195596,-0.011079358578400632,695.5065306581546,-658.9064838562775,3858,5691
3,>=1,343,9075,1556,0.003676616932704726,-0.010159780524506331,659.8922777874645,-626.5269791231696,3662,5340
3,>=1,344,8526,1498,0.0045577614908269785,-0.010595758683831436,630.737640405563,-591.8781659347734,3434,5048
3,>=1,345,8031,1428,0.004797447681840484,-0.0105625168934322,602.0081229033145,-563.4798205704541,3212,4779
3,>=1,346,7567,1352,0.004898209671578134,-0.01113045129240509,571.9103423810983,-534.8455897962667,3029,4497
3,>=1,347,7148,1282,0.0035372349337305068,-0.011784424639460488,536.9876068689223,-511.7034515626173,2816,4278
3,>=1,348,6760,1215,0.0023847554455096592,-0.012696683593412637,502.18758679425133,-486.0666399826062,2681,4037
3,>=1,349,6350,1139,0.0023237411570710344,-0.012643837879619665,473.2972509319261,-458.5414945845248,2487,3815
3,>=1,350,5914,972,0.0034316451379558417,-0.017626997871314266,443.85622102244236,-423.56147167657195,2364,3511
3,>=1,351,5715,961,0.003997387181146122,-0.016485220630714763,431.9038371696769,-409.0587694294265,2266,3410
3,>=1,352,5521,952,0.00395559513044346,-0.013812989238099663,414.51285274811346,-392.67401203293537,2217,3263
3,>=1,353,5251,944,0.0034067828432633937,-0.01317309165199466,394.86270823188266,-376.97369152190623,2091,3120
3,>=1,354,5044,933,0.0028401988332908573,-0.014642166432636175,376.1207954943425,-361.7948325792238,2022,2988
3,>=1,355,4814,923,0.0028837977942118924,-0.01407971528118399,360.603981553674,-346.7213789723372,1946,2839
3,>=1,356,4561,910,0.0025367088981596074,-0.01387246466530448,343.9065229088022,-332.33659362429626,1815,2712
3,>=1,357,4334,897,0.0026679860470660375,-0.010854329781084901,328.54460795507964,-316.98155642709577,1707,2603
3,>=1,358,4094,880,0.002141800997394246,-0.011209357098731816,311.6134983300659,-302.8449650467344,1613,2456
3,>=1,359,3850,858,0.0024148570888285685,-0.013291310372509968,296.5413047558938,-287.24410496390385,1492,2335
3,>=1,360,3619,843,0.0023141646515927178,-0.013491121152147073,279.82641629570054,-271.4514544215868,1414,2192
3,>=1,361,3393,818,0.002994555754037652,-0.011485372977648392,262.59964522873605,-252.43911755528612,1322,2053
3,>=1,362,3179,791,0.003524149448436419,-0.009882106790194018,245.8593841375405,-234.65611304096115,1255,1907
3,>=1,363,2972,780,0.004540100448332317,-0.011050136750508283,231.16010350714492,-217.66692497470112,1169,1786
3,>=1,364,2728,746,0.007351175984959994,-0.00838321672320556,220.98621350792612,-200.93220542095497,1093,1619
3,>=1,365,2525,726,0.0071363654972484165,-0.00992410908107537,203.54546742972417,-185.5261445491717,1021,1483
3,>=1,366,2315,702,0.011132317868090708,-0.0075374627590308624,194.43780765189342,-168.6664917872634,973,1327
3,>=1,367,2058,652,0.012654519223138703,-0.008330780974738623,177.1923144992124,-151.14931393799284,862,1182
3,>=1,368,1838,600,0.014546273074262891,-0.008163621956436379,161.69505763539382,-134.95900772489847,788,1042
3,>=1,369,1651,569,0.01673840744052092,-0.009172310361275214,148.92770992527892,-121.29259924097877,714,930
3,>=1,370,1453,520,0.018638500374779026,-0.008532912960514413,134.8754246388712,-107.79368359431732,628,818
3,>=1,371,1279,479,0.019907428359268294,-0.007239666610377251,122.62129143434903,-97.15969056284494,550,724
3,>=1,372,1108,440,0.013980986320937102,-0.007392405741319917,101.18195899462947,-85.69102615103118,468,637
3,>=1,373,922,392,0.007825056156288016,-0.006063053395526263,78.19179404485699,-70.97709226875942,377,539
3,>=1,374,767,351,-0.0007836853489733923,-0.0038433988904536857,59.33326199063152,-59.934348653294165,308,455
3,>=1,375,621,315,-0.01411542265269249,-0.012109993989051267,39.16094951083507,-47.92662697815709,249,369
3,>=1,376,481,262,-0.01761622426844577,-0.015188803062137917,27.83761104749762,-36.31101492062005,194,285
3,>=1,377,350,212,-0.018706749768465637,-0.017198267029738402,20.177127454406474,-26.724489873369436,139,209
3,>=1,378,220,163,-0.016899182968928377,-0.016121530562838254,13.654320736151787,-17.37214098931603,86,131
3,>=1,379,91,89,-0.026848021699903187,-0.026787257900039434,5.84197831671087,-8.28514829140206,33,57
4,UNKNOWN(missing),0,55416,2132,0.0,0.0,0.0,0.0,0,0
4,UNKNOWN(missing),1,50965,2132,-0.0005587110170978563,-0.00045441327033354415,485.00561398124205,-513.4803209676346,23400,25774
4,UNKNOWN(missing),2,49708,2132,-0.001281118403056189,-0.0007226246577775054,609.781634841937,-673.4634684210524,22440,26083
4,UNKNOWN(missing),3,48980,2132,-0.0021951166466145544,-0.0016120315719076106,680.6149891392532,-788.1318024904324,21802,26267
4,UNKNOWN(missing),4,48306,2132,-0.002874853556209524,-0.0021594029534569917,739.574004934513,-878.4466808207713,21116,26388
4,UNKNOWN(missing),5,48577,2132,-0.003688424927409736,-0.0029515986878228275,809.041100609415,-988.2137183081902,20957,26922
4,UNKNOWN(missing),6,48772,2132,-0.004073340763165259,-0.0030414528095515205,894.8766560079754,-1093.5416317090715,20858,27278
4,UNKNOWN(missing),7,48647,2132,-0.004465483598791432,-0.003162860999743409,953.3602937736279,-1170.5926744040341,20656,27391
4,UNKNOWN(missing),8,48525,2131,-0.004870078132440713,-0.003264862953652574,1001.2883641146469,-1237.6089054913311,20482,27515
4,UNKNOWN(missing),9,48407,2132,-0.005266069005480494,-0.0035434500107629444,1045.9057907576328,-1300.820393105925,20338,27576
4,UNKNOWN(missing),10,48529,2132,-0.0057148609464567806,-0.0038507407674940324,1103.532838121064,-1380.8693249916635,20277,27749
4,UNKNOWN(missing),11,48734,2132,-0.005827947477640388,-0.003873999369736803,1170.6027236921502,-1454.6219160674789,20265,27965
4,UNKNOWN(missing),12,48687,2132,-0.0058133479575856765,-0.003653189257603453,1218.6693302959513,-1501.7038023069217,20148,28101
4,UNKNOWN(missing),13,48612,2131,-0.0061197449761927316,-0.0037288808791820656,1246.8951715117194,-1544.388214294397,20175,27961
4,UNKNOWN(missing),14,48558,2132,-0.006299142572165392,-0.004075420560903345,1282.037867279443,-1587.9116322986508,20094,28075
4,UNKNOWN(missing),15,48539,2132,-0.006580221413313578,-0.004468969043598179,1315.252322365008,-1634.649689545833,19936,28211
4,UNKNOWN(missing),16,48550,2132,-0.006825429561445777,-0.005009519299373095,1354.8480771493344,-1686.2226823575259,19863,28288
4,UNKNOWN(missing),17,48544,2132,-0.006897830889141705,-0.004881658933050846,1391.984056199831,-1726.8323588823202,19825,28305
4,UNKNOWN(missing),18,48507,2132,-0.007364221175619824,-0.0050929276548194995,1408.4590059804518,-1765.6752825462404,19821,28279
4,UNKNOWN(missing),19,48497,2132,-0.007770267828699941,-0.005752578639750279,1427.2404580674156,-1804.0751369558725,19706,28411
4,UNKNOWN(missing),20,48414,2132,-0.007983963443585011,-0.005909436529548125,1454.1944895496135,-1840.7300957073323,19686,28365
4,UNKNOWN(missing),21,48481,2132,-0.008192210153553222,-0.005851843050726316,1489.311430377688,-1886.4779708321075,19627,28501
4,UNKNOWN(missing),22,48505,2132,-0.008470013433394005,-0.006329929682912246,1513.0766434828095,-1923.9146450695919,19535,28599
4,UNKNOWN(missing),23,48424,2132,-0.008753930791370225,-0.006388652154153604,1525.4001244165588,-1949.3004690578678,19484,28567
4,UNKNOWN(missing),24,48360,2132,-0.009267928047264404,-0.007037392159625576,1536.2290321609357,-1984.4260325266443,19374,28638
4,UNKNOWN(missing),25,48324,2132,-0.009609726246295242,-0.007030227564811155,1555.5118031019426,-2019.8922142279125,19373,28613
4,UNKNOWN(missing),26,48399,2132,-0.010068553490903418,-0.007586409298428298,1574.3895566064145,-2061.6974770126462,19347,28702
4,UNKNOWN(missing),27,48426,2132,-0.010545142102344066,-0.008121668827992564,1589.8563299685118,-2100.515381416629,19305,28792
4,UNKNOWN(missing),28,48385,2132,-0.010918280173179364,-0.008551636960916278,1601.9544613398737,-2130.2354475191555,19156,28875
4,UNKNOWN(missing),29,48338,2132,-0.011346138904781464,-0.008365562704288915,1606.611874299161,-2155.0615366785,19143,28856
4,UNKNOWN(missing),30,48230,2132,-0.011655334643227972,-0.008747859912725345,1611.5298024181473,-2173.6665922610227,19073,28832
4,UNKNOWN(missing),31,48249,2131,-0.011671449515328646,-0.008793636658942209,1634.6344502395116,-2197.7702179045955,19111,28834
4,UNKNOWN(missing),32,48264,2132,-0.011914312166268736,-0.009028824905390134,1652.404804040796,-2227.4371664335913,19116,28832
4,UNKNOWN(missing),33,48237,2132,-0.011761889883991758,-0.008919174857799403,1682.8753444920244,-2250.2336268261406,19068,28878
4,UNKNOWN(missing),34,48133,2130,-0.011802874752193089,-0.008704366432736609,1701.6390434899101,-2269.7468139372286,19003,28849
4,UNKNOWN(missing),35,48128,2132,-0.01185174493882181,-0.008878796601378877,1720.419898854209,-2290.8206792698247,19064,28771
4,UNKNOWN(missing),36,48095,2132,-0.011816438986526697,-0.008748185373083877,1742.2530048833514,-2310.564637940359,19006,28812
4,UNKNOWN(missing),37,48086,2130,-0.011907918804036417,-0.008806011284987146,1760.7628716974882,-2333.3670553083844,18953,28856
4,UNKNOWN(missing),38,48099,2131,-0.012026495678933883,-0.009039274494529351,1775.7387159397117,-2354.201131600755,18959,28864
4,UNKNOWN(missing),39,48062,2132,-0.012265381811372551,-0.008921110972635352,1789.2347788307075,-2378.7335594489014,18832,28934
4,UNKNOWN(missing),40,47982,2132,-0.012645105287205817,-0.009012054521006261,1790.6188712108476,-2397.3563131015567,18784,28929
4,UNKNOWN(missing),41,47941,2131,-0.012940193491072444,-0.009566788742013761,1795.4999667650413,-2415.86578292054,18672,28965
4,UNKNOWN(missing),42,47847,2131,-0.013137081127572801,-0.009332621156218354,1803.4762194974255,-2432.046140208392,18589,28969
4,UNKNOWN(missing),43,47823,2132,-0.013307862766856103,-0.00980278098692159,1815.604842173258,-2452.0267632726222,18530,29003
4,UNKNOWN(missing),44,47753,2130,-0.013277585460243352,-0.009721863866080144,1836.6896205550422,-2470.734159038042,18499,28962
4,UNKNOWN(missing),45,47836,2129,-0.013216828106959854,-0.009309428708607221,1858.1150085166128,-2490.3551978411497,18537,29019
4,UNKNOWN(missing),46,47819,2132,-0.013390581015444276,-0.009447508270151759,1872.6871063702758,-2513.0112999478038,18503,29043
4,UNKNOWN(missing),47,47832,2132,-0.013414200255340836,-0.009891802009629446,1889.5140470805957,-2531.1420736940618,18543,29032
4,UNKNOWN(missing),48,47783,2131,-0.013514293199893114,-0.010242486889488422,1901.1956920873972,-2546.949164057896,18448,29084
4,UNKNOWN(missing),49,47716,2132,-0.013596741999926209,-0.010499749597970684,1906.851791579717,-2555.6339328481877,18416,29041
4,UNKNOWN(missing),50,47646,2132,-0.013510869071337549,-0.010296991245122372,1923.8279717527964,-2567.566839525747,18342,29043
4,UNKNOWN(missing),51,47651,2130,-0.013451028041743186,-0.010764459186437016,1941.642324965542,-2582.597262182642,18430,28971
4,UNKNOWN(missing),52,47712,2130,-0.013476652418730615,-0.011102517277872662,1956.7245092324895,-2599.7225494349605,18445,28992
4,UNKNOWN(missing),53,47769,2132,-0.01353569434658329,-0.01102650927767058,1974.2148986259851,-2620.801481867917,18406,29104
4,UNKNOWN(missing),54,47745,2131,-0.01379854350248951,-0.01111298071472046,1982.1111733914522,-2640.9226329178114,18320,29168
4,UNKNOWN(missing),55,47728,2131,-0.013789109169343486,-0.01084001927094784,1995.9626438164132,-2654.0892462508405,18403,29096
4,UNKNOWN(missing),56,47720,2131,-0.013996139551586087,-0.011004945426918674,1999.9240537724559,-2667.819833174155,18391,29068
4,UNKNOWN(missing),57,47584,2132,-0.014034896237054624,-0.01111332781369923,2003.7517867761023,-2671.588289320123,18300,29026
4,UNKNOWN(missing),58,47657,2132,-0.014198954362208157,-0.011453175428370902,2007.7605659347173,-2684.440133974461,18309,29101
4,UNKNOWN(missing),59,47557,2131,-0.014187188146637329,-0.011419365866805963,2015.1711879834886,-2689.8712946731225,18340,28980
4,UNKNOWN(missing),60,47477,2131,-0.014193958709766297,-0.011410701677934074,2026.5893367274007,-2700.475914390969,18274,28963
4,UNKNOWN(missing),61,47446,2131,-0.014287254172833523,-0.011172542979131353,2033.3562402607954,-2711.229301745052,18272,28932
4,UNKNOWN(missing),62,47375,2131,-0.014291735117618783,-0.011637984140719782,2042.5554174615281,-2719.6263686587076,18221,28918
4,UNKNOWN(missing),63,47288,2132,-0.01424920502514846,-0.011239367125961682,2055.7087230349102,-2729.5251302641245,18140,28916
4,UNKNOWN(missing),64,47233,2131,-0.01432956357912512,-0.011196105267139786,2066.101547327602,-2742.929823860417,18006,28976
4,UNKNOWN(missing),65,47284,2131,-0.014252511581710654,-0.011266491987640936,2084.704417844424,-2758.6201754740273,18050,28976
4,UNKNOWN(missing),66,47243,2131,-0.014366384040524986,-0.010974749610327164,2094.176830193943,-2772.8879114204624,18087,28929
4,UNKNOWN(missing),67,47134,2131,-0.014597129380466402,-0.012338121855588512,2098.2833047995637,-2786.304401018468,17999,28865
4,UNKNOWN(missing),68,47128,2132,-0.014662997915806787,-0.012241954813689985,2105.633127007075,-2796.670892783221,18083,28820
4,UNKNOWN(missing),69,47073,2132,-0.015036268254399984,-0.012850667776678044,2096.544640160913,-2804.346895700284,17976,28858
4,UNKNOWN(missing),70,47057,2132,-0.015324928406083167,-0.012733504748979644,2098.8214215893895,-2819.966577594443,17976,28845
4,UNKNOWN(missing),71,47037,2132,-0.015672875996513257,-0.013363073045263026,2093.859973844863,-2831.065042092861,17892,28915
4,UNKNOWN(missing),72,46980,2132,-0.01593892305476108,-0.013833594355129682,2091.9493916723295,-2840.7599967849987,17885,28852
4,UNKNOWN(missing),73,46958,2132,-0.016078110486488162,-0.013575561699427686,2097.5916800502914,-2852.5875922748037,17831,28875
4,UNKNOWN(missing),74,46900,2132,-0.01605407295122972,-0.013021283538500886,2105.721229537675,-2858.657250950353,17894,28760
4,UNKNOWN(missing),75,46868,2132,-0.01619591899437988,-0.012721843297848008,2110.142926050668,-2869.2132574792654,17780,28855
4,UNKNOWN(missing),76,46881,2132,-0.016400811041500023,-0.013434783168363466,2111.4063552825874,-2880.292777719147,17805,28838
4,UNKNOWN(missing),77,46846,2132,-0.016715185274110648,-0.012816122265574836,2110.269804769696,-2893.3093741206885,17761,28847
4,UNKNOWN(missing),78,46804,2132,-0.016631215320512625,-0.013714720538488264,2122.99272760932,-2901.400129470596,17725,28843
4,UNKNOWN(missing),79,46805,2132,-0.01641274591214697,-0.013287900946529022,2146.4720821769956,-2914.6706545950383,17714,28865
4,UNKNOWN(missing),80,46832,2132,-0.016620564971610904,-0.013840123798443895,2151.9996587983023,-2930.373957548789,17620,28991
4,UNKNOWN(missing),81,46836,2132,-0.01649926119458942,-0.013807871761083829,2169.878410743933,-2942.6378080537243,17618,28984
4,UNKNOWN(missing),82,46855,2132,-0.016573503592592572,-0.013882216738496496,2180.922448523858,-2957.473959354782,17711,28922
4,UNKNOWN(missing),83,46832,2131,-0.01660264745823092,-0.013974493617783055,2188.9360436917705,-2966.4712294556502,17663,28955
4,UNKNOWN(missing),84,46835,2131,-0.016298069593602152,-0.013558918790097303,2213.1572249942883,-2976.4773144106366,17692,28914
4,UNKNOWN(missing),85,46745,2132,-0.016109635664814246,-0.01404848850469747,2231.9894648514646,-2985.0343840032156,17620,28923
4,UNKNOWN(missing),86,46650,2130,-0.016057545640143223,-0.013421678100243379,2244.130125146799,-2993.2146292594875,17567,28861
4,UNKNOWN(missing),87,46612,2132,-0.016083227281943887,-0.013544819152593857,2249.19556627184,-2998.8669563378085,17571,28848
4,UNKNOWN(missing),88,46579,2132,-0.016364339062327125,-0.014428387021171458,2245.4411651422793,-3007.675714326423,17554,28812
4,UNKNOWN(missing),89,46558,2132,-0.016212049861143076,-0.014238336813826052,2255.156531872238,-3009.9571493073363,17592,28780
4,UNKNOWN(missing),90,46457,2131,-0.016207678978746504,-0.014216590067450347,2260.999455629346,-3013.9595979449764,17528,28719
4,UNKNOWN(missing),91,46407,2131,-0.016295655101282367,-0.015201403406236026,2262.884738738215,-3019.117205023422,17558,28650
4,UNKNOWN(missing),92,46409,2131,-0.016725078074434012,-0.015013716239672101,2256.0791579123484,-3032.2733062687544,17492,28718
4,UNKNOWN(missing),93,46377,2131,-0.01703845488177768,-0.015555725130156723,2251.797203298642,-3041.9896253508364,17478,28719
4,UNKNOWN(missing),94,46393,2131,-0.017404135891022986,-0.016250186216288674,2250.882340695474,-3058.3124170877004,17467,28728
4,UNKNOWN(missing),95,46429,2131,-0.01747650056643942,-0.015768514859537314,2257.853779876075,-3069.270224675301,17431,28811
4,UNKNOWN(missing),96,46372,2130,-0.017223396730578974,-0.01560676306568554,2273.3996590607676,-3072.0830122511834,17452,28729
4,UNKNOWN(missing),97,46317,2130,-0.01711481570529694,-0.016023695058436985,2283.847008334532,-3076.5539273567597,17401,28735
4,UNKNOWN(missing),98,46248,2131,-0.017007931705184238,-0.015500033315983519,2292.333259448455,-3078.9160849498176,17373,28659
4,UNKNOWN(missing),99,46246,2130,-0.01718653235304109,-0.016259310902925553,2291.5512230002123,-3086.359598198948,17399,28657
4,UNKNOWN(missing),100,46230,2131,-0.0171795232129648,-0.016222718985731827,2305.2295795946097,-3099.4389377299694,17453,28604
4,UNKNOWN(missing),101,46165,2131,-0.01708806688963348,-0.016050252771511203,2315.830901883119,-3104.701509843045,17462,28529
4,UNKNOWN(missing),102,46113,2131,-0.017024464597197975,-0.015597056974295991,2325.5169254356265,-3110.5660614062103,17441,28481
4,UNKNOWN(missing),103,46113,2131,-0.016959840663259368,-0.015669345903057772,2336.545315910819,-3118.6144484156844,17413,28508
4,UNKNOWN(missing),104,45998,2132,-0.017184453184144747,-0.015739809068410035,2331.6242762905576,-3122.0747538548467,17396,28423
4,UNKNOWN(missing),105,46044,2131,-0.017539573719655758,-0.016093057471460944,2328.6819465068547,-3136.274078854687,17320,28544
4,UNKNOWN(missing),106,46044,2131,-0.017759322293006568,-0.016529280221082302,2326.9716496836236,-3144.681885342819,17312,28550
4,UNKNOWN(missing),107,46010,2131,-0.01790594294511023,-0.01658175025306146,2331.6286479507007,-3155.4810828552186,17237,28572
4,UNKNOWN(missing),108,45978,2130,-0.017869742426114492,-0.016731872144743816,2339.9616994298635,-3161.576716697757,17157,28613
4,UNKNOWN(missing),109,45971,2131,-0.017947073812713883,-0.016135481865163295,2343.376630635533,-3168.4215608798095,17115,28639
4,UNKNOWN(missing),110,45918,2130,-0.01783720570489823,-0.016639547755525796,2353.54588556925,-3172.594697126764,17119,28587
4,UNKNOWN(missing),111,45902,2129,-0.017816156872968933,-0.016254651373072925,2364.256195167556,-3182.053427950573,17141,28575
4,UNKNOWN(missing),112,45844,2130,-0.017658758932247998,-0.016309304367903652,2378.433336685115,-3187.9814811750957,17133,28528
4,UNKNOWN(missing),113,45883,2130,-0.01740357871421879,-0.015727904829012512,2395.661677301726,-3194.190079446246,17150,28524
4,UNKNOWN(missing),114,45856,2130,-0.016985818308065028,-0.015386199202445687,2414.2004313588936,-3193.1021156935135,17097,28571
4,UNKNOWN(missing),115,45837,2129,-0.01701318608862782,-0.015862237512276008,2419.499568423828,-3199.3329791682586,17138,28499
4,UNKNOWN(missing),116,45799,2130,-0.016970075379938,-0.015318586119945621,2425.063929599483,-3202.2764119252624,17131,28478
4,UNKNOWN(missing),117,45713,2130,-0.016853458902244985,-0.015528636854970064,2435.520692599704,-3205.9428593980238,17125,28396
4,UNKNOWN(missing),118,45730,2130,-0.016944905671285895,-0.01602166737144212,2442.9872048078005,-3217.8777411557057,17146,28416
4,UNKNOWN(missing),119,45694,2130,-0.017339437933424236,-0.01605856475299744,2434.6917093260213,-3226.999986255908,17098,28417
4,UNKNOWN(missing),120,45638,2130,-0.017233803877499856,-0.015746216941401544,2443.2329944067033,-3229.749335768051,17094,28398
4,UNKNOWN(missing),121,45564,2129,-0.017400685173824364,-0.015945268380562403,2438.094879128098,-3230.93969838824,16975,28403
4,UNKNOWN(missing),122,45556,2129,-0.017500634994455037,-0.016190666866198737,2442.1858198928016,-3239.444747700196,17028,28376
4,UNKNOWN(missing),123,45494,2132,-0.017458588114031365,-0.01610928386216305,2447.3396357673582,-3241.6006434271026,17013,28297
4,UNKNOWN(missing),124,45505,2130,-0.017279158707235957,-0.01617280976310588,2460.311260076248,-3246.5993770490254,17014,28303
4,UNKNOWN(missing),125,45495,2130,-0.017683646918863167,-0.016597460174922297,2454.252328487793,-3258.7698450614735,16984,28344
4,UNKNOWN(missing),126,45346,2129,-0.017872679632889698,-0.017003166072005114,2447.3255084745965,-3257.7800391076207,16899,28271
4,UNKNOWN(missing),127,45310,2130,-0.017512801434286684,-0.01623850620158751,2459.3605853442396,-3252.8656183317626,16947,28189
4,UNKNOWN(missing),128,45285,2130,-0.017170428839118495,-0.01600130995388928,2476.772005566181,-3254.3348755456536,16970,28150
4,UNKNOWN(missing),129,45294,2131,-0.01706991275146716,-0.01666726383193037,2485.1255679149717,-3258.2901960799322,16908,28197
4,UNKNOWN(missing),130,45271,2130,-0.01669272595094384,-0.01623862050141074,2504.5140550852175,-3260.210451610393,16919,28186
4,UNKNOWN(missing),131,45222,2130,-0.01683731633868219,-0.016310088295564525,2504.1901455254683,-3265.6072649933594,16878,28177
4,UNKNOWN(missing),132,45231,2131,-0.016874710491858,-0.015789804663180397,2507.4218867017244,-3270.6819169589608,16908,28154
4,UNKNOWN(missing),133,45191,2130,-0.016643584687474816,-0.015770086329777788,2518.6738760906883,-3270.814111702363,16909,28120
4,UNKNOWN(missing),134,45183,2131,-0.01625670639533735,-0.015291434600324427,2540.0493860718393,-3274.5761511323694,16892,28139
4,UNKNOWN(missing),135,45141,2129,-0.01587882037643959,-0.01514420805301899,2554.6298728044353,-3271.415703417297,16934,28043
4,UNKNOWN(missing),136,45172,2130,-0.01571261349915947,-0.01495644094148043,2561.1833575615065,-3270.953534545537,16976,28039
4,UNKNOWN(missing),137,45179,2131,-0.015851842097429774,-0.015926691280567538,2556.4308737736865,-3272.601247893457,16998,28032
4,UNKNOWN(missing),138,45211,2129,-0.016004283490446802,-0.015221740132994507,2556.8419123467374,-3280.411573233321,16979,28086
4,UNKNOWN(missing),139,45197,2128,-0.015964017104898583,-0.01490059270657018,2566.2718836591675,-3287.79756474926,16963,28046
4,UNKNOWN(missing),140,45244,2129,-0.016083552600056707,-0.015521187616883718,2568.371256370322,-3296.0555102072917,16994,28067
4,UNKNOWN(missing),141,45212,2127,-0.016123791183020778,-0.015215960711667406,2571.0546128887963,-3300.043459855532,16967,28092
4,UNKNOWN(missing),142,45147,2129,-0.015969171278612488,-0.015126222875345844,2574.274052807969,-3295.234228523492,16927,28006
4,UNKNOWN(missing),143,45206,2130,-0.015836891374253627,-0.015171961079400229,2583.1839422040835,-3299.106453668583,16925,28097
4,UNKNOWN(missing),144,45203,2130,-0.01587601876688887,-0.015174767911717915,2590.5198224142987,-3308.1634987339835,16869,28144
4,UNKNOWN(missing),145,45187,2131,-0.015672986219316495,-0.014870048276601343,2603.966624262427,-3312.1818525546755,16900,28093
4,UNKNOWN(missing),146,45159,2130,-0.015375565042697912,-0.015004168594084377,2619.63641913293,-3313.9815608961217,16867,28108
4,UNKNOWN(missing),147,45135,2130,-0.015644213648414555,-0.01510770597086807,2614.751709305247,-3320.8532923264343,16814,28134
4,UNKNOWN(missing),148,45144,2129,-0.01602976791876883,-0.015382980308535533,2600.7134825437456,-3324.3613254686547,16800,28165
4,UNKNOWN(missing),149,45100,2131,-0.016119591687992037,-0.015534065185283162,2603.7689487359407,-3330.762533864384,16785,28146
4,UNKNOWN(missing),150,45006,2131,-0.01585899336135643,-0.015443751724523525,2612.9242436709715,-3326.674098892169,16695,28119
4,UNKNOWN(missing),151,44958,2130,-0.015781769581138073,-0.01592203879096056,2624.8861000257966,-3334.4028968546054,16671,28126
4,UNKNOWN(missing),152,44946,2132,-0.015339925655517407,-0.01574992687294517,2645.2107887645852,-3334.6790872774654,16666,28125
4,UNKNOWN(missing),153,44882,2128,-0.015482619066799127,-0.01664639961675522,2635.2077711223315,-3330.0986800784035,16643,28080
4,UNKNOWN(missing),154,44848,2128,-0.015266742646606,-0.01629720221487821,2641.4486106899426,-3326.131484904925,16687,27990
4,UNKNOWN(missing),155,44830,2129,-0.015275481669339943,-0.01609417037870901,2640.698610491195,-3325.4984537277014,16718,27963
4,UNKNOWN(missing),156,44831,2130,-0.01531489360259564,-0.016153078977674592,2639.6845707701113,-3326.2665658680785,16723,27940
4,UNKNOWN(missing),157,44854,2129,-0.015060230640830355,-0.015736705310271784,2654.166458719696,-3329.678043883497,16696,27978
4,UNKNOWN(missing),158,44824,2129,-0.01502114226025419,-0.016371148425642884,2658.7294561580125,-3332.0371368316505,16702,27966
4,UNKNOWN(missing),159,44849,2130,-0.015098780329034486,-0.016062351990341454,2664.061546984256,-3341.22674596113,16697,27997
4,UNKNOWN(missing),160,44805,2130,-0.01498715284236713,-0.01587867323043322,2669.692801866636,-3341.1921849689,16691,27946
4,UNKNOWN(missing),161,44756,2130,-0.014777380801251246,-0.016081443134480827,2679.0313134109574,-3340.407768551749,16675,27879
4,UNKNOWN(missing),162,44735,2130,-0.014655338317782807,-0.015741985513537678,2690.875618180478,-3346.4821778264873,16688,27872
4,UNKNOWN(missing),163,44672,2130,-0.014989522822051016,-0.016113192693112607,2679.844709422866,-3349.4566729295225,16727,27766
4,UNKNOWN(missing),164,44691,2132,-0.014744252645146878,-0.015540680370995248,2693.181754476333,-3352.1171494406003,16726,27789
4,UNKNOWN(missing),165,44611,2131,-0.014896124223848294,-0.015133263251011202,2687.4145810965183,-3351.9455788466134,16695,27737
4,UNKNOWN(missing),166,44556,2128,-0.015224565930939946,-0.015240361296199201,2677.6847742507803,-3356.0305338697485,16678,27705
4,UNKNOWN(missing),167,44519,2131,-0.015183852782368057,-0.015641428653600773,2684.019901070642,-3359.9898430888875,16610,27736
4,UNKNOWN(missing),168,44526,2131,-0.015192613657050217,-0.015479533495112685,2691.113217364408,-3367.5795330582323,16598,27750
4,UNKNOWN(missing),169,44541,2129,-0.015061605167132138,-0.015295324789131126,2700.874820866477,-3371.7337766157048,16667,27707
4,UNKNOWN(missing),170,44529,2131,-0.015035610487755608,-0.015076970329669507,2707.249233967916,-3376.76993337719,16655,27706
4,UNKNOWN(missing),171,44479,2131,-0.014989561508760383,-0.01606897773524507,2717.8842506440906,-3384.604956992245,16587,27721
4,UNKNOWN(missing),172,44484,2130,-0.014719688062926091,-0.01564973185147969,2728.860180178376,-3383.650783969582,16623,27690
4,UNKNOWN(missing),173,44450,2131,-0.014700408475989237,-0.015488118174430887,2732.250051600106,-3385.6832083578365,16610,27661
4,UNKNOWN(missing),174,44404,2130,-0.014699506913866442,-0.01581996042195891,2731.9895591690483,-3384.706464172379,16574,27646
4,UNKNOWN(missing),175,44418,2130,-0.014272991776100157,-0.014589723847230203,2749.050321608357,-3383.028070319182,16629,27619
4,UNKNOWN(missing),176,44429,2130,-0.01422345565200911,-0.014333985613207045,2760.0880202565463,-3392.021931419658,16652,27584
4,UNKNOWN(missing),177,44448,2129,-0.014035125206937555,-0.014917727438510145,2770.0888171966058,-3393.9220623945757,16693,27569
4,UNKNOWN(missing),178,44443,2130,-0.013687424879526119,-0.014064577784405433,2785.203005226088,-3393.513229146867,16715,27553
4,UNKNOWN(missing),179,44334,2122,-0.013536863172263198,-0.014122789683123064,2789.035266218612,-3389.1785580977144,16682,27456
4,UNKNOWN(missing),180,44327,2122,-0.013603305319454178,-0.014624962571599618,2787.9017282113987,-3390.895443106836,16653,27492
4,UNKNOWN(missing),181,44312,2122,-0.01337668119560094,-0.015009509174011216,2797.1119446450543,-3389.859441784528,16630,27490
4,UNKNOWN(missing),182,44302,2121,-0.013265343685564738,-0.015086399479075478,2809.774631118917,-3397.4558870767946,16623,27516
4,UNKNOWN(missing),183,44354,2122,-0.0135061022247784,-0.015028325229953924,2819.211363185096,-3418.2610212629174,16619,27570
4,UNKNOWN(missing),184,44336,2123,-0.013007017129442086,-0.014210742631747332,2842.183168113372,-3418.8622795643123,16641,27505
4,UNKNOWN(missing),185,44243,2123,-0.012939380172681597,-0.014712532429400495,2843.8602095333167,-3416.3372065132635,16648,27432
4,UNKNOWN(missing),186,44209,2123,-0.013258457792082666,-0.015328277706917883,2836.900246695055,-3423.043407225231,16576,27448
4,UNKNOWN(missing),187,44220,2123,-0.013250442721569337,-0.014863076258794254,2840.479322787742,-3426.4138999355487,16543,27518
4,UNKNOWN(missing),188,44245,2123,-0.013211074704120576,-0.01531162626193404,2847.7358947888756,-3432.259895072704,16576,27507
4,UNKNOWN(missing),189,44235,2123,-0.012851812115384822,-0.014328762173898866,2864.767277395047,-3433.267186319103,16636,27450
4,UNKNOWN(missing),190,44169,2124,-0.013084358735088888,-0.014797568105778184,2855.1175627069933,-3433.0406036771274,16624,27387
4,UNKNOWN(missing),191,44153,2123,-0.012996582461711365,-0.014536689473509135,2858.9341581766603,-3432.7722636086082,16652,27327
4,UNKNOWN(missing),192,44102,2124,-0.01328769420230345,-0.014945165259775526,2843.0010625343148,-3429.014952244305,16669,27256
4,UNKNOWN(missing),193,44154,2124,-0.013624041745702864,-0.015755657872001862,2830.288499987333,-3431.844439227105,16674,27296
4,UNKNOWN(missing),194,44205,2124,-0.013752681546656946,-0.01458488756912442,2828.885552226363,-3436.8228399963537,16713,27285
4,UNKNOWN(missing),195,44127,2123,-0.013676648884204258,-0.015029570790321519,2834.2772259723674,-3437.786711285647,16663,27255
4,UNKNOWN(missing),196,44104,2122,-0.013821376017094279,-0.014799823584410489,2826.1944647581254,-3435.7724326160496,16679,27248
4,UNKNOWN(missing),197,44165,2123,-0.013984897843299175,-0.014616548480698682,2830.582039538913,-3448.2250527882265,16694,27293
4,UNKNOWN(missing),198,44182,2121,-0.014180839645863287,-0.015406768261350965,2826.986649861589,-3453.524507095132,16711,27290
4,UNKNOWN(missing),199,44157,2123,-0.01441810628181009,-0.015466071746923613,2821.4345894216135,-3458.0949085074976,16738,27257
4,UNKNOWN(missing),200,44106,2124,-0.014748293660125913,-0.015714843942098846,2817.8007802966217,-3468.2890204701407,16640,27301
4,UNKNOWN(missing),201,44111,2121,-0.015227410255488521,-0.016227434936052033,2805.3262351233966,-3477.0225289032537,16656,27297
4,UNKNOWN(missing),202,44027,2121,-0.014935949944601158,-0.015969045989446415,2816.330791300881,-3473.915859511845,16669,27219
4,UNKNOWN(missing),203,43995,2118,-0.015266162665562676,-0.016223528514650132,2805.060519074473,-3476.6953455458956,16627,27221
4,UNKNOWN(missing),204,44025,2123,-0.015189647184741988,-0.016031376098415442,2815.234419256183,-3483.9586365644486,16599,27271
4,UNKNOWN(missing),205,44056,2123,-0.014973304203668325,-0.01578250897406588,2824.934438447341,-3484.598328444149,16588,27298
4,UNKNOWN(missing),206,43958,2124,-0.01451688047723361,-0.015320287966524019,2839.6860175445827,-3477.819049562827,16588,27182
4,UNKNOWN(missing),207,43942,2122,-0.01455086534706814,-0.014723956238255224,2844.8777673600353,-3484.271892440907,16567,27233
4,UNKNOWN(missing),208,43896,2124,-0.01447343714276917,-0.01577808153667596,2846.7431618700944,-3482.069158689088,16540,27209
4,UNKNOWN(missing),209,43831,2114,-0.014624726317031192,-0.01600754710418732,2843.8301489296873,-3484.846528131484,16471,27203
4,UNKNOWN(missing),210,43792,2117,-0.014591586394940735,-0.015878001696984813,2843.7803495168055,-3482.77510092404,16457,27183
4,UNKNOWN(missing),211,43752,2116,-0.014280126038799192,-0.015611396197125042,2856.902454233717,-3481.686528683268,16478,27111
4,UNKNOWN(missing),212,43718,2116,-0.01455889147980932,-0.01577041130995461,2848.0199120694488,-3484.505529783749,16420,27133
4,UNKNOWN(missing),213,43682,2116,-0.0148751622772592,-0.016292967020639103,2844.1164284105253,-3493.893267005765,16396,27125
4,UNKNOWN(missing),214,43708,2115,-0.014995982803941463,-0.016212406675751134,2849.053182048454,-3504.497598443129,16389,27167
4,UNKNOWN(missing),215,43598,2116,-0.014802404070019497,-0.016574358969871462,2855.2660280952737,-3500.6212407399807,16354,27077
4,UNKNOWN(missing),216,43609,2116,-0.014619696793959708,-0.016696804142084482,2862.6650413769535,-3500.2153988647347,16345,27116
4,UNKNOWN(missing),217,43655,2117,-0.01445599760679422,-0.016577808555664666,2877.818759588713,-3508.895335113318,16331,27169
4,UNKNOWN(missing),218,43607,2117,-0.014342705155762782,-0.016833783738193376,2884.928058985242,-3510.3704027125764,16303,27138
4,UNKNOWN(missing),219,43558,2115,-0.013975397126493868,-0.016232918312823065,2898.6172558905796,-3507.357603926398,16366,27053
4,UNKNOWN(missing),220,43536,2117,-0.014118714624234795,-0.01696301213116514,2901.921324865534,-3516.593684746234,16299,27091
4,UNKNOWN(missing),221,43509,2116,-0.013779449485918619,-0.01672970139308538,2910.322124203829,-3509.8521918866577,16333,27039
4,UNKNOWN(missing),222,43580,2117,-0.014008484484253868,-0.015528056716784365,2914.3126405264998,-3524.802394350279,16368,27068
4,UNKNOWN(missing),223,43538,2116,-0.014610987170473062,-0.015693139392224307,2891.9692155417015,-3528.102374969751,16315,27062
4,UNKNOWN(missing),224,43584,2117,-0.014797910389838635,-0.01637821163883749,2885.343174443113,-3530.295300873833,16321,27103
4,UNKNOWN(missing),225,43532,2115,-0.014799870549498452,-0.016232458591118847,2886.8297053429733,-3531.097670103744,16360,27029
4,UNKNOWN(missing),226,43508,2115,-0.0147212672768664,-0.01633795028552996,2893.411181490433,-3533.904078172336,16333,27028
4,UNKNOWN(missing),227,43529,2114,-0.014585325841679821,-0.016442156878413133,2907.347798389621,-3542.2324469520995,16304,27063
4,UNKNOWN(missing),228,43573,2116,-0.014779379021258742,-0.016465964547973316,2912.8148248800294,-3556.7967069733363,16271,27154
4,UNKNOWN(missing),229,43628,2116,-0.014467375051385263,-0.016483978165136526,2929.9541669154937,-3561.1368056573274,16314,27148
4,UNKNOWN(missing),230,43593,2118,-0.014759689979642113,-0.016647644096009544,2919.226649265987,-3562.6458145485226,16300,27152
4,UNKNOWN(missing),231,43675,2117,-0.014318278396437739,-0.016998938265710053,2938.1179950541414,-3563.468804018556,16386,27140
4,UNKNOWN(missing),232,43700,2117,-0.014532218832488276,-0.016378686741593013,2936.2886565552135,-3571.3466195349342,16350,27193
4,UNKNOWN(missing),233,43663,2117,-0.014567564464812147,-0.017059866128492442,2934.227492653571,-3570.291059880671,16370,27140
4,UNKNOWN(missing),234,43725,2117,-0.015120160221485119,-0.017397797997097092,2920.7286187480895,-3581.857624432524,16356,27200
4,UNKNOWN(missing),235,43722,2116,-0.015249401806399627,-0.01706248616640939,2921.0074678432957,-3587.7418136226865,16353,27206
4,UNKNOWN(missing),236,43710,2118,-0.015709665254010977,-0.016362063891317804,2901.856620554066,-3588.5260888068724,16399,27159
4,UNKNOWN(missing),237,43672,2117,-0.01544444048149396,-0.016917262371808538,2912.305766336426,-3586.7953710442325,16372,27162
4,UNKNOWN(missing),238,43695,2117,-0.015653793354877755,-0.016942006514335615,2906.350231756237,-3590.3427323976266,16416,27132
4,UNKNOWN(missing),239,43690,2116,-0.015415322704320665,-0.016853298669357343,2924.687720459145,-3598.183169410897,16415,27136
4,UNKNOWN(missing),240,43660,2116,-0.01575708476775394,-0.017331995814016225,2918.9948815468447,-3606.9492025069776,16347,27152
4,UNKNOWN(missing),241,43629,2114,-0.015321623637944369,-0.017012254086738125,2940.8136046868226,-3609.2807223867126,16380,27112
4,UNKNOWN(missing),242,43578,2114,-0.015668199175144327,-0.017504460422982725,2928.0989830593285,-3610.887766713764,16274,27138
4,UNKNOWN(missing),243,43604,2116,-0.015677806379324425,-0.017150803544029994,2932.539902776606,-3616.1549721406727,16242,27201
4,UNKNOWN(missing),244,43572,2116,-0.015897078897133488,-0.01793480339213455,2925.5807210578864,-3618.2482427637774,16268,27173
4,UNKNOWN(missing),245,43541,2116,-0.01632214082189838,-0.017733961708182054,2919.6628829781544,-3630.3452165044237,16268,27127
4,UNKNOWN(missing),246,43578,2117,-0.016715927948840047,-0.01783438975894556,2913.3198114160296,-3641.766519570578,16192,27219
4,UNKNOWN(missing),247,43613,2116,-0.01688559901438721,-0.017509763501702354,2917.675644109297,-3654.1072739237775,16198,27246
4,UNKNOWN(missing),248,43583,2117,-0.01697205766286668,-0.017702258158286382,2917.9693146725454,-3657.6625037932617,16162,27252
4,UNKNOWN(missing),249,43508,2115,-0.016832890691772923,-0.017485073705898333,2920.837648874913,-3653.2030570925876,16184,27173
4,UNKNOWN(missing),250,43475,2114,-0.016871020011988598,-0.018145987299655955,2923.394457844008,-3656.8620528652127,16170,27142
4,UNKNOWN(missing),251,43443,2114,-0.01727857770953184,-0.017680721506733017,2904.928498757101,-3655.561750192291,16115,27184
4,UNKNOWN(missing),252,43439,2116,-0.017390294536141937,-0.01762902836919062,2905.5189126744517,-3660.935917029922,16109,27158
4,UNKNOWN(missing),253,43501,2116,-0.01764155839080645,-0.017305056828981487,2904.4646226615423,-3671.8900542200195,16152,27195
4,UNKNOWN(missing),254,43507,2114,-0.0176279222865057,-0.017316371289448514,2909.9859859506555,-3676.9240008696634,16162,27188
4,UNKNOWN(missing),255,43492,2114,-0.01778453973921841,-0.017415048153678902,2911.5927484024833,-3685.077950740564,16152,27172
4,UNKNOWN(missing),256,43505,2113,-0.017875396665124103,-0.017771005475472768,2912.0872422682023,-3689.756374184429,16133,27215
4,UNKNOWN(missing),257,43505,2115,-0.018594653571855645,-0.01823798365368518,2885.432795071602,-3694.3931987151827,16134,27231
4,UNKNOWN(missing),258,43554,2114,-0.018740926124608093,-0.01900020868180623,2887.1404448834874,-3703.3827413146632,16146,27240
4,UNKNOWN(missing),259,43525,2115,-0.01871392925840936,-0.018958155851543406,2890.312905761463,-3704.8366767337457,16125,27257
4,UNKNOWN(missing),260,43550,2114,-0.018383871131074637,-0.018812993277142902,2901.961546577911,-3702.579134336213,16123,27254
4,UNKNOWN(missing),261,43593,2116,-0.018303269781950394,-0.018655126405822887,2908.235647780962,-3706.130087385516,16172,27255
4,UNKNOWN(missing),262,43580,2117,-0.01788023295944342,-0.018494596528656336,2928.659304375513,-3707.8798567480544,16128,27291
4,UNKNOWN(missing),263,43568,2117,-0.0176941118572107,-0.01830083055056794,2933.4217516249983,-3704.3188170199433,16148,27247
4,UNKNOWN(missing),264,43632,2116,-0.01802906742573724,-0.017992021864991922,2926.7982635815038,-3713.4425335012706,16198,27286
4,UNKNOWN(missing),265,43622,2117,-0.017516418147510107,-0.018383639465309073,2953.389980082873,-3717.4911725135594,16189,27242
4,UNKNOWN(missing),266,43618,2115,-0.01727811364175937,-0.018474298483193152,2969.749666105967,-3723.38642693222,16210,27260
4,UNKNOWN(missing),267,43677,2116,-0.0176116012751418,-0.018502192867479863,2960.291108820383,-3729.513017714752,16255,27272
4,UNKNOWN(missing),268,43664,2117,-0.01776438899933497,-0.019263795706835573,2957.1820807290587,-3732.846361996014,16271,27231
4,UNKNOWN(missing),269,43695,2116,-0.017863165706648903,-0.019570704746487887,2961.8815165228684,-3742.412542074893,16237,27305
4,UNKNOWN(missing),270,43690,2115,-0.01850965932977628,-0.019834970274241737,2938.2285589159615,-3746.915575033893,16253,27268
4,UNKNOWN(missing),271,43728,2116,-0.018584525029540507,-0.019644331448573103,2938.683769903538,-3751.3478803952785,16241,27329
4,UNKNOWN(missing),272,43669,2115,-0.01898374465322184,-0.020023214580245325,2925.1400433520157,-3754.141188613572,16158,27315
4,UNKNOWN(missing),273,43665,2115,-0.01904012578978648,-0.02014284082288192,2929.1032228395843,-3760.490315450625,16117,27377
4,UNKNOWN(missing),274,43644,2115,-0.018910512662839222,-0.01987073374278169,2940.9828414072717,-3766.3132560642252,16161,27334
4,UNKNOWN(missing),275,43584,2113,-0.01880053767108654,-0.019850551363069888,2945.903301619977,-3765.305935476613,16141,27289
4,UNKNOWN(missing),276,43659,2115,-0.018724843221901526,-0.020356939269384842,2961.078143278058,-3778.5860735030496,16102,27400
4,UNKNOWN(missing),277,43698,2116,-0.018588958540899574,-0.020080820203361317,2969.6371803502557,-3781.9374906704847,16136,27408
4,UNKNOWN(missing),278,43641,2116,-0.018727860468818962,-0.01923802858109562,2967.9960461164,-3785.298604836127,16054,27435
4,UNKNOWN(missing),279,43632,2116,-0.01856978240368321,-0.019656998055087423,2974.700860312574,-3784.937606150075,16063,27416
4,UNKNOWN(missing),280,43586,2115,-0.018587263894160707,-0.019919271358041838,2974.6036312403503,-3784.748115331253,16023,27409
4,UNKNOWN(missing),281,43629,2116,-0.018121621666829624,-0.01928128094917454,2994.9797444169935,-3785.607976119104,16045,27437
4,UNKNOWN(missing),282,43700,2117,-0.018210822961343288,-0.01934958663566589,2995.67952733855,-3791.492490749254,16095,27463
4,UNKNOWN(missing),283,43686,2117,-0.018535597532230903,-0.019554189182531885,2989.656152530128,-3799.402266323173,16058,27465
4,UNKNOWN(missing),284,43717,2116,-0.01863826070747642,-0.01986875110099018,2987.6252552110564,-3802.434098559799,16080,27493
4,UNKNOWN(missing),285,43681,2117,-0.018571993143827983,-0.019407582574042084,2996.4216405617267,-3807.6648730772786,16060,27481
4,UNKNOWN(missing),286,43608,2115,-0.018765606251196384,-0.01946313099915234,2990.564668091742,-3808.895225493913,15997,27457
4,UNKNOWN(missing),287,43614,2117,-0.019054729713291713,-0.020693905980726814,2987.8664565987456,-3818.9194383142453,15984,27474
4,UNKNOWN(missing),288,43739,2116,-0.019269693445390566,-0.020415916262106714,2990.2923642103638,-3833.1294858183155,16048,27552
4,UNKNOWN(missing),289,43731,2117,-0.019106515643772543,-0.01951971591519531,3007.009360509679,-3842.5563961274847,15985,27592
4,UNKNOWN(missing),290,43786,2117,-0.01933800448941836,-0.020198911658116863,3002.479183994869,-3849.2130485685425,16041,27589
4,UNKNOWN(missing),291,43750,2117,-0.018572811174073164,-0.019740793330013523,3033.014367476225,-3845.574856341915,16024,27583
4,UNKNOWN(missing),292,43852,2117,-0.018649195012579885,-0.019485229224799897,3035.3079950175024,-3853.1124947091507,16031,27674
4,UNKNOWN(missing),293,43831,2116,-0.01882941137537359,-0.018854776119042387,3027.102360876204,-3852.4142908701965,16044,27652
4,UNKNOWN(missing),294,43878,2117,-0.018800884037074247,-0.019435652830923706,3027.899056307329,-3852.8442460860692,16143,27584
4,UNKNOWN(missing),295,43878,2117,-0.018733095745286373,-0.019970098429998178,3031.123732265447,-3853.0945073771304,16124,27603
4,UNKNOWN(missing),296,43888,2117,-0.018800006322535222,-0.019760366577218635,3026.635794562083,-3851.730472045514,16116,27639
4,UNKNOWN(missing),297,43883,2117,-0.018595114970651794,-0.01941897484360317,3032.4980527509033,-3848.507483008004,16154,27588
4,UNKNOWN(missing),298,43885,2115,-0.018945052950871948,-0.019301864107866912,3021.9762944115737,-3853.379943160599,16110,27640
4,UNKNOWN(missing),299,43902,2116,-0.018878279926760583,-0.01860702920084745,3025.6096364837267,-3854.4038818283802,16115,27653
4,UNKNOWN(missing),300,43876,2116,-0.01875829466544826,-0.019087866256933064,3030.6178601916367,-3853.656796932856,16134,27604
4,UNKNOWN(missing),301,43802,2115,-0.018852153906579246,-0.01925626556001553,3027.4560214218914,-3853.218066837872,16062,27586
4,UNKNOWN(missing),302,43879,2116,-0.018603580549513693,-0.019001616689908806,3045.6189369171766,-3861.9254478492867,16070,27679
4,UNKNOWN(missing),303,43967,2114,-0.01904025094209083,-0.019370245523670563,3034.071830558452,-3871.214543729359,16092,27722
4,UNKNOWN(missing),304,43966,2115,-0.019071175788461483,-0.018541154408005633,3038.2831884118355,-3876.766503127336,16116,27686
4,UNKNOWN(missing),305,43981,2116,-0.01897653518086467,-0.018356117176939593,3051.6434925205663,-3886.2504863101694,16103,27734
4,UNKNOWN(missing),306,44040,2115,-0.018618897981621935,-0.01851683191542572,3066.569709948899,-3886.545977059525,16138,27745
4,UNKNOWN(missing),307,44082,2117,-0.01831234706057271,-0.018849655791381405,3078.877301487927,-3886.1221846120975,16115,27791
4,UNKNOWN(missing),308,44126,2116,-0.017822527463153177,-0.01824251082601976,3104.233153793743,-3890.6700006328315,16161,27792
4,UNKNOWN(missing),309,44143,2116,-0.017981749069548032,-0.018236209459138102,3102.060662013504,-3895.82901119056,16111,27868
4,UNKNOWN(missing),310,44175,2116,-0.017982867359630707,-0.01821638779744199,3101.636150039149,-3896.0293156508337,16156,27868
4,UNKNOWN(missing),311,44229,2115,-0.018026224267053605,-0.01861068086573232,3105.0396639348533,-3902.321537042368,16127,27955
4,UNKNOWN(missing),312,44269,2116,-0.01807652815565866,-0.018476193885736215,3110.7280232047783,-3910.957848127623,16135,27962
4,UNKNOWN(missing),313,44268,2114,-0.018389827605559947,-0.018566054011771947,3103.2936719530417,-3917.374560395967,16153,27946
4,UNKNOWN(missing),314,44349,2114,-0.01885612048516227,-0.018595664175718882,3093.2284121134253,-3929.478499509879,16126,28068
4,UNKNOWN(missing),315,44396,2116,-0.01900630013828446,-0.01938478658663801,3095.545908045789,-3939.3496089850787,16179,28058
4,UNKNOWN(missing),316,44381,2117,-0.019356364670092257,-0.019579404600914452,3084.866828901425,-3943.9216493247927,16166,28053
4,UNKNOWN(missing),317,44413,2116,-0.01952298451748644,-0.019174586584699442,3084.897651771717,-3951.971963146845,16120,28116
4,UNKNOWN(missing),318,44492,2116,-0.01965318426945948,-0.019130443951673418,3090.529312493214,-3964.9387870099968,16176,28152
4,UNKNOWN(missing),319,44539,2117,-0.01981096546412689,-0.01961901091809746,3092.2660955052884,-3974.6266863120304,16163,28209
4,UNKNOWN(missing),320,44643,2116,-0.020369106719879775,-0.01928307104218713,3076.6481186951705,-3985.986149990768,16238,28246
4,UNKNOWN(missing),321,44698,2117,-0.020549583211571156,-0.019960077752200142,3078.3002927230295,-3996.8255631138313,16281,28270
4,UNKNOWN(missing),322,44790,2117,-0.021427963535312473,-0.022248941707960122,3051.539958032574,-4011.2984447792132,16246,28387
4,UNKNOWN(missing),323,44838,2116,-0.021030573886445407,-0.019717530535288862,3067.0355380346855,-4010.0044099551374,16238,28438
4,UNKNOWN(missing),324,44860,2117,-0.02095453686899616,-0.0205397376851009,3066.5798021986334,-4006.6003261418055,16305,28400
4,UNKNOWN(missing),325,44922,2117,-0.02072585699564193,-0.019968828732035968,3082.0415080036005,-4013.088455961838,16361,28420
4,UNKNOWN(missing),326,44942,2115,-0.02028194556965751,-0.02025467869366922,3102.838892246131,-4014.3500900376785,16376,28408
4,UNKNOWN(missing),327,45042,2116,-0.019994700969386565,-0.02009043411797325,3121.2216654034514,-4021.822986466559,16429,28451
4,UNKNOWN(missing),328,45033,2117,-0.02002141963768206,-0.02024104816530135,3121.9672217397583,-4023.591812283509,16392,28477
4,UNKNOWN(missing),329,45032,2115,-0.019873586973039155,-0.020064124713071646,3127.913841092666,-4022.8612096625598,16403,28467
4,UNKNOWN(missing),330,45095,2116,-0.020171653142375293,-0.01989772439718428,3118.484482000366,-4028.1251804557733,16532,28409
4,UNKNOWN(missing),331,45117,2117,-0.020107113348616864,-0.02023280516944392,3122.488500731223,-4029.6611336807796,16495,28458
4,UNKNOWN(missing),332,45175,2115,-0.020221989452564346,-0.020243976005237353,3123.6062840884374,-4037.134657608034,16507,28512
4,UNKNOWN(missing),333,45250,2114,-0.020125262661663382,-0.020286638620238513,3131.0144132104065,-4041.6825486506636,16564,28522
4,UNKNOWN(missing),334,45196,2116,-0.019886651442635097,-0.01988237516090479,3138.6901153227577,-4037.4872139240947,16530,28512
4,UNKNOWN(missing),335,45232,2116,-0.01972992725091323,-0.019789829202277957,3144.7206229783083,-4037.144692391606,16564,28505
4,UNKNOWN(missing),336,45305,2117,-0.0200913304630991,-0.019580738391822217,3134.6244464398674,-4044.8621730705786,16537,28603
4,UNKNOWN(missing),337,45363,2115,-0.020138835032535114,-0.019770074403964725,3137.567063478399,-4051.1250370592916,16571,28659
4,UNKNOWN(missing),338,45449,2116,-0.019981326845209552,-0.020695448801456472,3147.293265187603,-4055.4245889755252,16630,28665
4,UNKNOWN(missing),339,45492,2116,-0.019853092107461515,-0.020343416547643888,3149.9854620056594,-4053.1423281583006,16661,28671
4,UNKNOWN(missing),340,45550,2115,-0.020225103013540458,-0.02076919476439166,3149.264513961782,-4070.517956228551,16638,28756
4,UNKNOWN(missing),341,45608,2116,-0.0202352886956226,-0.020309141406498,3152.460470967189,-4075.3515177971512,16659,28783
4,UNKNOWN(missing),342,45672,2116,-0.02023032135138364,-0.020242977393137938,3154.503917512814,-4078.463154273212,16713,28795
4,UNKNOWN(missing),343,45730,2116,-0.020385499885369383,-0.020018937477810785,3144.5969752267374,-4076.8258849846834,16750,28826
4,UNKNOWN(missing),344,45680,2116,-0.02039734214904978,-0.02104124609354249,3138.8454755242105,-4070.5960648928076,16709,28810
4,UNKNOWN(missing),345,45586,2116,-0.020287078677481904,-0.021080958665450126,3133.427052169862,-4058.2338207615576,16702,28732
4,UNKNOWN(missing),346,45581,2117,-0.020319801344477764,-0.020942640532811592,3130.7837684703723,-4056.980633553006,16643,28770
4,UNKNOWN(missing),347,45513,2117,-0.02065063321484265,-0.021385882696483248,3104.8243360620713,-4044.6966055691964,16641,28719
4,UNKNOWN(missing),348,45321,2117,-0.021099846258120836,-0.021187615352916574,3073.8318714776524,-4030.098003741946,16487,28683
4,UNKNOWN(missing),349,45127,2116,-0.021146339737998596,-0.02205146429668833,3050.7848689515017,-4005.055742308162,16395,28578
4,UNKNOWN(missing),350,44832,2116,-0.02140318814620408,-0.021721733864127256,3018.447907116526,-3977.9956380871504,16306,28369
4,UNKNOWN(missing),351,42503,2115,-0.022108094295569345,-0.022437779234141555,2862.436974375893,-3802.0973062204635,15409,26959
4,UNKNOWN(missing),352,40227,2116,-0.022750927228704212,-0.022516898353458766,2708.520347390346,-3623.721897019428,14493,25595
4,UNKNOWN(missing),353,37823,2115,-0.023161706296124934,-0.02288627665985348,2560.538206112392,-3436.5834233507176,13550,24131
4,UNKNOWN(missing),354,35531,2114,-0.023751582222287824,-0.02333260450471455,2417.7924023413793,-3261.7098702815015,12639,22768
4,UNKNOWN(missing),355,33169,2112,-0.024372466023162277,-0.02242118794968433,2267.3658388146996,-3075.7761643369595,11735,21325
4,UNKNOWN(missing),356,30839,2109,-0.02503736598343395,-0.02133429209833434,2116.8540234557245,-2888.9813530188317,10808,19917
4,UNKNOWN(missing),357,28526,2103,-0.02555296624045087,-0.02052143133604974,1974.973639308065,-2703.897554283173,9940,18486
4,UNKNOWN(missing),358,26246,2098,-0.026768205055225362,-0.02082615662289686,1819.791647166191,-2522.3499570456356,9100,17051
4,UNKNOWN(missing),359,23848,1059,-0.027261344798619937,-0.025329028907439845,1676.8366387292167,-2326.9651894867075,8189,15566
4,UNKNOWN(missing),360,23842,1059,-0.027052143625130476,-0.02505462086269116,1683.3627415988494,-2328.3399499092143,8183,15565
4,UNKNOWN(missing),361,23904,1059,-0.02732784392918204,-0.023281418144871613,1683.5205957000132,-2336.7653769831813,8200,15607
4,UNKNOWN(missing),362,23961,1059,-0.027223802513910662,-0.02341765221936123,1689.0936854703468,-2341.403217506158,8222,15651
4,UNKNOWN(missing),363,23972,1059,-0.027639405133500404,-0.0238544991239848,1681.0745174875995,-2343.646337347872,8235,15641
4,UNKNOWN(missing),364,24002,1059,-0.028299564773256625,-0.0261779803100471,1666.8516192824745,-2346.0977729701763,8209,15699
4,UNKNOWN(missing),365,23996,1059,-0.02828774584340237,-0.026019798175205836,1668.9455484963835,-2347.73829775467,8240,15660
4,UNKNOWN(missing),366,24032,1059,-0.028469884330097783,-0.024965452226412537,1666.2367012596374,-2350.4249614805485,8235,15694
4,UNKNOWN(missing),367,24048,1059,-0.02868747720266944,-0.024545788901991362,1660.873558976541,-2350.7500107463406,8264,15707
4,UNKNOWN(missing),368,24053,1059,-0.028417109105662707,-0.024977608108647215,1656.9610196258016,-2340.477744944309,8303,15669
4,UNKNOWN(missing),369,24061,1059,-0.028561308522980212,-0.026045031463854392,1645.266848872552,-2332.4804932439765,8333,15643
4,UNKNOWN(missing),370,24071,1059,-0.028104300848477298,-0.025207950912580494,1649.110667186863,-2325.6092929105566,8324,15652
4,UNKNOWN(missing),371,24089,1059,-0.027773393543068528,-0.02551824959595691,1648.8618343306612,-2317.895111389638,8322,15653
4,UNKNOWN(missing),372,24099,1059,-0.027507663528838138,-0.02387886496081496,1649.5520671057068,-2312.4592504871807,8349,15661
4,UNKNOWN(missing),373,24089,1059,-0.02681680190862497,-0.02342804526525392,1650.8575586670709,-2296.8474998439406,8365,15626
4,UNKNOWN(missing),374,24037,1059,-0.027159214652456208,-0.024078760692225795,1629.958466404226,-2282.78450900531,8395,15541
4,UNKNOWN(missing),375,24004,1059,-0.027153875496876693,-0.025261348042413822,1619.8953685672273,-2271.696995994256,8390,15492
4,UNKNOWN(missing),376,24040,1059,-0.027153841724493394,-0.02438317714623985,1611.2612651678212,-2264.039620224646,8413,15524
4,UNKNOWN(missing),377,23873,1059,-0.026587927003754164,-0.024593680938552614,1597.366698325602,-2232.1002796862244,8386,15383
4,UNKNOWN(missing),378,23749,1059,-0.025950042965083752,-0.02463397621958474,1584.4745493544808,-2200.762119732252,8364,15277
4,UNKNOWN(missing),379,23551,1059,-0.02580223778652853,-0.025269714694872974,1562.626543281476,-2170.2950453920107,8294,15141
4,UNKNOWN(missing),380,23313,1059,-0.02557549592067545,-0.025286627993392128,1547.4560452540788,-2143.6975816527793,8212,14981
4,UNKNOWN(missing),381,20807,1059,-0.025869337362528062,-0.025919992177989074,1388.1084061608606,-1926.3717086629836,7307,13394
4,UNKNOWN(missing),382,18351,1059,-0.02603536310699029,-0.02666087445824239,1228.6484447201121,-1706.4233930964915,6422,11841
4,UNKNOWN(missing),383,15847,1059,-0.02619162216057042,-0.027814565094231584,1069.6374819677076,-1484.696118346267,5534,10242
4,UNKNOWN(missing),384,13344,1059,-0.02720023628984444,-0.02842929384846412,896.7564113034008,-1259.7163643550841,4650,8631
4,UNKNOWN(missing),385,10769,1059,-0.028321527538223472,-0.029053219979295865,722.4583546726668,-1027.4528847317943,3739,6995
4,UNKNOWN(missing),386,8189,1059,-0.03029011681707521,-0.031000342244154995,547.4202846867553,-795.466051301786,2817,5332
4,UNKNOWN(missing),387,5575,1059,-0.0325537016810051,-0.03211280180992533,370.8004853045857,-552.2873721761891,1907,3648
4,UNKNOWN(missing),388,2843,1057,-0.03476498783068082,-0.033885064390911906,188.53911855685692,-287.3759789594818,951,1877
