retf_bin,label,h,n_pairs,n_member_states,mean_occ,mean_member,pos_sum,neg_sum,n_pos,n_neg
0,<=0,0,1181630,2130,0.0,0.0,0.0,0.0,0,0
0,<=0,1,1095955,2130,-0.00004467591622019295,0.0016951808385905318,4029.372876735002,-4078.3356704961006,498499,506985
0,<=0,2,1087459,2130,-0.00010527125206129755,0.0028031717214772526,5437.211990420258,-5551.690160915567,503024,519008
0,<=0,3,1081088,2129,-0.0001946062734824837,0.0037779669663177543,6458.2675344423305,-6668.654041428972,503204,524831
0,<=0,4,1076101,2130,-0.0002912921255384022,0.004562683608584081,7284.217694704101,-7597.677442288101,501789,528819
0,<=0,5,1071979,2130,-0.00039739253703657596,0.0052969168535599,8009.724933427486,-8435.72138788744,500343,530954
0,<=0,6,1068339,2129,-0.0004971251714192684,0.006214842133329123,8671.586395976517,-9202.68460448539,499734,532064
0,<=0,7,1064368,2129,-0.0005706081877292192,0.0073736351761577775,9272.493011391976,-9879.830106948933,498315,532351
0,<=0,8,1060884,2130,-0.000657856951010531,0.008041024931556272,9801.837616758985,-10499.747530374825,496775,532928
0,<=0,9,1056950,2130,-0.0007516783901906964,0.008638494230956506,10278.963515436883,-11073.449989948898,494664,532902
0,<=0,10,1053301,2130,-0.0008615028216371759,0.009302453417915574,10715.078177264795,-11622.499960798103,492475,532839
0,<=0,11,1049873,2130,-0.0009638470606062507,0.010237075209425758,11137.370357567446,-12149.28736262728,490796,532570
0,<=0,12,1046402,2130,-0.001046962005123809,0.011089923807182744,11537.746795514317,-12633.28993159993,488989,532071
0,<=0,13,1043108,2130,-0.0011316576153200893,0.012168816843360176,11912.150148232568,-13092.59126003389,487598,531221
0,<=0,14,1039632,2129,-0.001216242004056634,0.012682730490076642,12253.838954834046,-13518.283061995435,485803,530443
0,<=0,15,1036489,2129,-0.001315855839850283,0.013326149532096486,12569.95273187656,-13933.822835467143,483500,530263
0,<=0,16,1032757,2129,-0.0014308201123416405,0.013546792222620518,12862.191500931378,-14339.880987693046,481511,529485
0,<=0,17,1029464,2129,-0.0015251488480962129,0.014111917715853638,13154.112793282231,-14724.198627038686,479714,528565
0,<=0,18,1026148,2130,-0.0016214265806101778,0.014711067398292033,13428.39070630955,-15092.214349149626,478005,527787
0,<=0,19,1022879,2129,-0.0017146854096891555,0.01507894653410011,13698.119927214684,-15452.035624392127,476434,526831
0,<=0,20,1019373,2130,-0.0018001508821077147,0.016081365161420107,13962.268820455925,-15797.294025602736,474422,525677
0,<=0,21,1016388,2130,-0.0018915432877215869,0.016512910624042917,14212.871683880508,-16135.413583001258,472830,524789
0,<=0,22,1012977,2130,-0.0019841169837665072,0.016927305723278642,14449.471586197807,-16459.336456062727,470783,523902
0,<=0,23,1009784,2129,-0.0020727415534239377,0.017164837601207343,14669.429637283041,-16762.45089406571,468932,523214
0,<=0,24,1006434,2129,-0.002160216561027293,0.017797800448594504,14879.215311321312,-17053.330705702232,466931,522183
0,<=0,25,1003127,2129,-0.0022465690181367433,0.018244260851263676,15087.90593977009,-17341.49997922654,465136,521123
0,<=0,26,999634,2129,-0.002333844859807147,0.018855313264996704,15286.497553557732,-17619.4882261462,463606,519744
0,<=0,27,996675,2130,-0.0024252945949841723,0.019485066607743837,15482.096653295424,-17899.327143751252,461824,518747
0,<=0,28,993404,2130,-0.0025090276848180326,0.0200563016305253,15671.708910692798,-18164.187048901753,460220,517511
0,<=0,29,990185,2130,-0.002581298081571319,0.02029094567615612,15852.75441083975,-18408.71705174041,458868,515788
0,<=0,30,987077,2129,-0.0026581576937353673,0.02039233707455334,16023.96268651889,-18647.769008378145,457065,514952
0,<=0,31,983615,2129,-0.002729619414926478,0.021259442894591116,16195.497951588852,-18880.39255240177,454863,513885
0,<=0,32,980331,2129,-0.0027962203088679337,0.021707594390502537,16363.348443950752,-19104.569895563593,453036,512748
0,<=0,33,977144,2129,-0.002864154155232971,0.021928682262541146,16526.702754417904,-19325.393802278842,451305,511362
0,<=0,34,974039,2130,-0.002940283852514827,0.02255320617608848,16680.937714714615,-19544.888858134265,449569,510328
0,<=0,35,970818,2129,-0.0030144873589371163,0.0226722669724601,16830.77973095777,-19757.298319786343,448138,508784
0,<=0,36,967881,2129,-0.0030834835265100913,0.023578228429364648,16979.056219909846,-19963.50133903197,446542,507726
0,<=0,37,964373,2130,-0.0031691892168436357,0.024667898871457074,17107.357090377212,-20163.63760299248,444898,506158
0,<=0,38,961274,2130,-0.003240885883477088,0.024668380469972755,17236.502316960094,-20351.881653713623,442713,505245
0,<=0,39,958005,2129,-0.0033164246678323776,0.024404200215876113,17360.968302543846,-20538.11971645061,440823,504118
0,<=0,40,954936,2129,-0.0033836496949479827,0.024608386940635933,17484.656381374763,-20715.8252864696,439323,502597
0,<=0,41,951559,2129,-0.003437959657318511,0.025237130854747533,17608.837026246485,-20880.258479804816,437015,501790
0,<=0,42,948630,2129,-0.003485426512371851,0.025821513257177752,17746.603253894817,-21052.983406326137,435475,500709
0,<=0,43,945483,2130,-0.003536796714488744,0.026417623709161064,17874.26743755954,-21218.248605564517,434202,499090
0,<=0,44,942623,2130,-0.0035972787490157936,0.02695870401632365,18001.692393632613,-21392.570079866127,432472,498036
0,<=0,45,939438,2130,-0.003651742523656601,0.02732833133552819,18113.314088691586,-21543.89978163057,430848,496698
0,<=0,46,936226,2129,-0.0037233182262753073,0.027149457044773236,18214.75585905578,-21700.623188768554,428979,495437
0,<=0,47,933085,2129,-0.003781242479222044,0.027927600124469366,18319.75556419827,-21847.97620292323,427285,494155
0,<=0,48,929899,2129,-0.0038458988596499068,0.028537596933512013,18423.7234434614,-22000.020947150977,425332,493036
0,<=0,49,927036,2129,-0.003910489596811983,0.028103448660517324,18521.958710675062,-22147.123344545256,423520,492169
0,<=0,50,923710,2129,-0.003959710576387831,0.02878056539613597,18625.1862383765,-22282.810494891768,421770,490874
0,<=0,51,920748,2129,-0.004016558898905288,0.02867006052152469,18727.474253442997,-22425.712826492178,420317,489562
0,<=0,52,917650,2129,-0.004055289420106248,0.028625258988142218,18825.142063253363,-22546.478399613858,418741,487928
0,<=0,53,914639,2130,-0.004106222020868381,0.029665078712232524,18921.9659296199,-22677.6767325649,417420,486549
0,<=0,54,911521,2130,-0.004185994549544777,0.029327020006858,18996.59080404486,-22812.21274184045,415509,485339
0,<=0,55,908511,2129,-0.004221292206627109,0.02972113643585409,19086.89205893124,-22921.982462866243,414016,483952
0,<=0,56,905275,2129,-0.004274547238930443,0.02963634455145655,19170.134273981672,-23039.775025704534,412339,482517
0,<=0,57,902383,2130,-0.004329476253196066,0.030487507114872983,19249.929291012257,-23156.77506079998,410746,481342
0,<=0,58,899385,2130,-0.004370431756433114,0.030052865800500043,19333.269479222497,-23263.970244482098,409255,479898
0,<=0,59,896400,2129,-0.0044259905668046695,0.03023040447175789,19411.01388389791,-23378.471827981615,407711,478566
0,<=0,60,893489,2129,-0.0044874285589581835,0.0302128342862515,19472.71117876762,-23482.179234482526,406147,477317
0,<=0,61,890105,2129,-0.004558367391926104,0.030738009650248508,19529.343915253965,-23586.769522644343,404662,475471
0,<=0,62,887012,2129,-0.004607670959268655,0.031047753426243416,19603.911144254816,-23690.970577177635,402930,474250
0,<=0,63,884223,2130,-0.0046668968276843865,0.03152555595166873,19673.93207437705,-23800.509588042638,401306,473042
0,<=0,64,881097,2130,-0.004730734690625723,0.03165987852591911,19737.853931417,-23906.09007512331,399634,471784
0,<=0,65,878186,2129,-0.004787677632037916,0.03193736211583255,19805.351526775907,-24009.822995744762,398025,470552
0,<=0,66,875141,2130,-0.004858104195670602,0.03197974964930045,19864.24051824073,-24115.766682144116,396687,469132
0,<=0,67,871951,2130,-0.004920422818420716,0.032669331380438885,19923.0282273048,-24213.395824249554,394712,467807
0,<=0,68,869064,2129,-0.004974653507993901,0.032358080475922056,19988.099880019396,-24311.392156290603,393113,466709
0,<=0,69,865897,2128,-0.005033253044736105,0.032329415662643586,20040.163004970735,-24398.44171664854,391581,465142
0,<=0,70,862908,2129,-0.005087355623868048,0.0326552401546188,20089.834463860767,-24479.75433054143,389973,463945
0,<=0,71,859892,2129,-0.005156349320132798,0.032092671354057786,20139.367217026476,-24573.270746614126,388476,462437
0,<=0,72,857118,2130,-0.00521502193215591,0.03199916547201508,20196.447502777653,-24666.336671223227,387175,461248
0,<=0,73,854160,2130,-0.005275888733691176,0.032382585766874396,20245.011558934202,-24751.46467970392,385376,460055
0,<=0,74,851208,2130,-0.0053371121661414675,0.03272579119520304,20297.518363617663,-24840.510936334664,384151,458507
0,<=0,75,848164,2130,-0.005400622095248918,0.03319245892903101,20339.24266716826,-24919.85590596297,382219,457401
0,<=0,76,845272,2130,-0.005479081598898514,0.03357618059533201,20384.679220326125,-25015.993481590267,380434,456378
0,<=0,77,842148,2130,-0.00552431793011183,0.03345507281943454,20422.81277322939,-25075.106069437177,378898,454917
0,<=0,78,839255,2129,-0.005573660705181527,0.033811842575608625,20484.796359902055,-25162.51897502915,377179,453832
0,<=0,79,836295,2129,-0.005622397778396442,0.033939171736100705,20535.509031307036,-25237.492181391146,375731,452377
0,<=0,80,833440,2129,-0.005680972247964664,0.033891712096696565,20571.855446023354,-25306.604956366875,374204,451069
0,<=0,81,830403,2129,-0.005729142844987808,0.033864891362007266,20617.428913963657,-25374.926319870046,372549,449980
0,<=0,82,827349,2130,-0.00578045105612531,0.034659863510004385,20649.191574367913,-25431.64197520203,371015,448346
0,<=0,83,824407,2130,-0.005850942121843113,0.03433159986790334,20674.426561321856,-25497.98420316424,369438,447158
0,<=0,84,821421,2130,-0.005885558719910891,0.034633755630665744,20723.956163320454,-25558.477692588436,367926,445890
0,<=0,85,818466,2130,-0.0059224815068065866,0.03505213714475108,20773.39979598956,-25620.749544939543,366362,444443
0,<=0,86,815431,2130,-0.005956657296617526,0.03547033531754355,20816.36738361298,-25673.610399651163,364914,443011
0,<=0,87,812630,2129,-0.0060246724842235285,0.03509535167686937,20836.845173902093,-25732.674774756677,363307,441749
0,<=0,88,809682,2129,-0.006067487629399729,0.03497623991378921,20867.745421563985,-25780.480940311543,361757,440434
0,<=0,89,806759,2129,-0.006101138800376698,0.03530816761006438,20897.95628555183,-25820.10492300508,360239,439077
0,<=0,90,803759,2129,-0.006169700833134084,0.035206829144055145,20921.556962033163,-25880.509533972167,358663,437820
0,<=0,91,800769,2130,-0.006219395475181288,0.035224013054802,20955.969892324374,-25936.268987589734,357005,436504
0,<=0,92,798089,2130,-0.006270654198428832,0.035607890003774206,20991.66202998073,-25996.20216855056,355688,435262
0,<=0,93,795139,2130,-0.006311625827432794,0.03598736342951738,21027.484698498843,-26046.104547297964,354279,433759
0,<=0,94,792049,2130,-0.006386706821382279,0.0354621029869535,21043.917257963803,-26102.50200913285,352569,432419
0,<=0,95,789263,2130,-0.00644387569465158,0.03506057841209208,21062.377882445617,-26148.290544833384,351160,431256
0,<=0,96,786169,2129,-0.006487631323977614,0.03593324419957508,21092.47124051037,-26192.84587085051,349450,429703
0,<=0,97,783282,2129,-0.00653159430283384,0.03561403647866809,21113.839059807913,-26229.91930852032,348222,428191
0,<=0,98,780200,2129,-0.006575390242618592,0.03641774438950888,21138.130573777536,-26268.25004106854,346297,426957
0,<=0,99,777361,2129,-0.006619151606628847,0.0364045409117481,21163.282633060262,-26308.752945140855,345041,425615
0,<=0,100,774475,2128,-0.006664500077580567,0.036647596350791324,21187.850867422265,-26349.339565006445,343604,424079
0,<=0,101,771660,2130,-0.006704759503313548,0.037421797097170625,21212.147181663397,-26385.941899990394,342060,422877
0,<=0,102,768759,2130,-0.006739339459630762,0.03760731591205164,21232.31327571842,-26413.24113936475,340330,421583
0,<=0,103,765795,2130,-0.006794304997257007,0.037610494979661735,21242.208148392292,-26445.252943766725,338817,420294
0,<=0,104,762974,2130,-0.00684246053990019,0.0374391423262642,21257.8810637447,-26478.500551714602,337392,419015
0,<=0,105,760141,2130,-0.006876533417854825,0.037952980779633896,21278.455824473393,-26505.5908132551,335866,417716
0,<=0,106,757093,2130,-0.006930447348965838,0.03803007516190404,21284.751710963697,-26531.744885734304,334236,416255
0,<=0,107,754160,2130,-0.0069700494097373975,0.03776011434630556,21301.30832229639,-26557.840785143937,332721,415086
0,<=0,108,751355,2130,-0.00703085807664585,0.03798471335129417,21301.40884008432,-26584.079210262535,331433,413543
0,<=0,109,748566,2129,-0.007079454625815837,0.03807314920303506,21305.517660212496,-26604.95669164099,329829,412481
0,<=0,110,745496,2130,-0.00713438041825786,0.038218702459434324,21305.83730792141,-26624.48937221092,328072,411119
0,<=0,111,742776,2130,-0.0072028070134531295,0.037814108882140186,21302.131251129344,-26652.203433353898,326493,409988
0,<=0,112,739701,2130,-0.0072527430446357325,0.03835447166811533,21312.11924919004,-26676.980532050187,324815,408785
0,<=0,113,737120,2130,-0.007280034165695124,0.03835708573401345,21330.53281261335,-26696.79159683061,323404,407555
0,<=0,114,734157,2130,-0.007290395096240898,0.0389110520929724,21351.57854939862,-26703.873142069533,321630,406468
0,<=0,115,731194,2130,-0.007356444851408333,0.038722694989872915,21342.855006408925,-26721.84334308966,320140,404997
0,<=0,116,728399,2129,-0.00739318802936418,0.03917543177224784,21355.816501463578,-26741.0072688644,318644,403924
0,<=0,117,725262,2130,-0.007415784379139277,0.03890161631242878,21368.61268140963,-26746.99929179295,317028,402291
0,<=0,118,722527,2130,-0.007468316510372314,0.039490075554361,21358.116215708775,-26754.176538998625,315716,401012
0,<=0,119,719700,2130,-0.007542288192871803,0.03944424020576496,21342.70446316964,-26770.889275579586,314273,399582
0,<=0,120,716713,2129,-0.007583243161142862,0.03928713677285537,21338.500669531226,-26773.509625283452,312665,398318
0,<=0,121,713704,2129,-0.007659260596211582,0.039447017565945784,21319.954360150146,-26786.399284708703,310742,397249
0,<=0,122,711018,2130,-0.007684479465047645,0.03946145056162963,21328.17425324639,-26791.977473525607,309536,395739
0,<=0,123,707948,2130,-0.007747137396542385,0.03973021494340483,21310.8149278411,-26795.385353448662,308018,394207
0,<=0,124,705179,2130,-0.007772350206043827,0.039690269793073635,21316.831386178503,-26797.729532126206,306921,392475
0,<=0,125,702432,2130,-0.00783184072801332,0.03944893058311893,21304.304932149775,-26805.64047840963,305447,391500
0,<=0,126,699691,2130,-0.007901580555218248,0.039539036678132765,21285.446012917786,-26814.110813178977,303932,390292
0,<=0,127,696813,2130,-0.007913110217543332,0.04000498191329947,21287.47840377307,-26801.436473790145,302482,388894
0,<=0,128,693966,2130,-0.007950004958739721,0.03986586862297626,21283.21973296151,-26800.252874158206,301048,387444
0,<=0,129,691045,2130,-0.00801791043075852,0.03865722144142735,21254.452652401484,-26795.189566025005,299563,386183
0,<=0,130,688098,2130,-0.008072110845358868,0.039196973356349175,21238.766452037886,-26793.169780507706,297879,384927
0,<=0,131,685286,2130,-0.008166597143730457,0.0389460216549669,21206.1319132031,-26802.58660344149,296465,383549
0,<=0,132,682271,2130,-0.008197982558255984,0.03925181664756912,21194.942078028977,-26788.18783603284,295119,381981
0,<=0,133,679628,2130,-0.00823157642006486,0.039222647364334395,21199.390549871783,-26793.80036908764,293688,380782
0,<=0,134,676942,2130,-0.008273405972480831,0.0391073727055858,21189.30090317786,-26789.916889000902,292377,379472
0,<=0,135,674093,2130,-0.008296314192803996,0.03979162959935509,21184.105163788186,-26776.592486958034,291083,378066
0,<=0,136,671170,2130,-0.00835239078075156,0.03993109497537526,21154.956444449843,-26760.83056476677,289406,376827
0,<=0,137,668507,2130,-0.008435225248324402,0.03932597541800142,21121.470221170657,-26760.47734625237,288231,375305
0,<=0,138,665429,2130,-0.008472423006865164,0.039786393523541186,21100.540129641417,-26738.336098676693,286602,373878
0,<=0,139,662717,2130,-0.008512336711506287,0.03923590651359178,21087.934627502476,-26729.204875941872,285231,372620
0,<=0,140,660135,2130,-0.008569014448309306,0.03933262057052548,21067.370744567193,-26724.07709740193,283994,371347
0,<=0,141,657087,2130,-0.008623825236763865,0.03974672809102311,21035.782317719302,-26702.385771068664,282957,369356
0,<=0,142,654543,2129,-0.008684421577808753,0.03991439189916805,21008.033108676464,-26692.360461480173,281606,368111
0,<=0,143,651676,2130,-0.008729233339012515,0.03975717679319996,20976.88278071092,-26665.51464614531,280176,366770
0,<=0,144,648584,2129,-0.008790865846997188,0.04010737509955483,20948.03897633517,-26649.65391084402,278574,365308
0,<=0,145,645940,2130,-0.008822961316759784,0.03963651275976857,20931.326953753614,-26630.43058670132,277171,364072
0,<=0,146,642934,2130,-0.0088564078367784,0.03953090048179819,20902.657218731183,-26596.74293486249,275702,362671
0,<=0,147,640063,2130,-0.008905322302231546,0.03956674306534437,20872.7510888701,-26572.718397603476,274270,361189
0,<=0,148,637241,2130,-0.008960889491443224,0.04001256294851001,20843.230897725552,-26553.477078142394,273005,359727
0,<=0,149,634562,2130,-0.00898991898001325,0.039871682612253524,20821.80630396721,-26526.46727176241,271676,358366
0,<=0,150,631863,2130,-0.009038122354949737,0.03968645515735882,20789.264347186105,-26500.119452751653,270170,357235
0,<=0,151,629167,2130,-0.009089343586562366,0.03879928191132024,20755.644485944315,-26474.359522271032,268924,355823
0,<=0,152,626100,2130,-0.009110835252283067,0.03943531903544397,20731.049827050756,-26435.343778505216,267645,354164
0,<=0,153,623263,2129,-0.0091601810184914,0.0396379946754129,20693.24815141765,-26402.450053545657,266267,352724
0,<=0,154,620445,2128,-0.00919946678967018,0.04000230868838139,20675.034070758727,-26382.79724307552,264963,351169
0,<=0,155,617721,2129,-0.00923725246523461,0.03985477696179937,20645.801546009898,-26351.846376087105,263648,349915
0,<=0,156,614910,2129,-0.009243245141984803,0.03985078065570788,20623.859445146485,-26307.623315404377,262433,348277
0,<=0,157,612206,2129,-0.009281097173415957,0.039522728716792445,20603.161926629888,-26285.10530277814,261211,346855
0,<=0,158,609322,2130,-0.009319072911802012,0.039814373396644516,20577.199854739072,-26255.515999504158,259762,345517
0,<=0,159,606447,2130,-0.0093611824156137,0.03947144396765965,20541.560126521337,-26218.62111892303,258472,343966
0,<=0,160,603803,2130,-0.009416974974855706,0.03968248139410227,20513.424909750185,-26199.42265049304,257322,342444
0,<=0,161,600959,2130,-0.009425618463124532,0.03974575389116778,20493.216653011303,-26157.626898992177,255856,341081
0,<=0,162,597988,2129,-0.009486081250620549,0.03935005073317137,20448.904746768018,-26121.467501664065,254508,339483
0,<=0,163,595359,2130,-0.009524656361140884,0.03952407002334367,20415.127125609353,-26085.71701212175,253390,338085
0,<=0,164,592573,2130,-0.009541234269096704,0.0397593928683385,20398.708240150227,-26052.58605469165,252045,336577
0,<=0,165,589686,2130,-0.009594127717409884,0.03929645418770498,20355.375057349524,-26012.897854517938,250884,334925
0,<=0,166,587039,2130,-0.009631017077903198,0.03930678497900893,20321.89728278017,-25975.679917175505,249594,333578
0,<=0,167,584063,2128,-0.00964329908882305,0.03932602727763754,20296.16027885885,-25928.454474574155,248051,332113
0,<=0,168,581437,2130,-0.009685888067548961,0.03945096452763262,20275.067357328116,-25906.801057659573,246827,330874
0,<=0,169,578608,2129,-0.00972916314235838,0.03936759531206045,20233.15393007839,-25862.525557552013,245616,329249
0,<=0,170,575935,2129,-0.009736971212337027,0.0391301290584464,20209.604853368848,-25817.467368546084,244329,327744
0,<=0,171,573039,2129,-0.009778817828189795,0.03886867167377805,20173.985845508218,-25777.62983495629,242859,326373
0,<=0,172,570310,2129,-0.009801895672711492,0.03935416302810251,20143.7068887692,-25733.82600987328,241570,324946
0,<=0,173,567585,2130,-0.009830994801355266,0.03910490011993943,20111.075528907673,-25691.00071323493,240416,323487
0,<=0,174,564839,2130,-0.009880466188903207,0.03900532164029833,20070.610326147937,-25651.482967821914,238820,322261
0,<=0,175,562072,2130,-0.009862176244577567,0.03951105491083339,20052.5626145618,-25595.815740703998,237621,320847
0,<=0,176,559248,2129,-0.009882373530967728,0.038839701834879226,20021.4737406908,-25548.17137313741,236395,319219
0,<=0,177,556490,2126,-0.009926055473137095,0.038774585252122844,19967.333888394278,-25491.08449864028,235250,317735
0,<=0,178,553861,2126,-0.009950203574729016,0.039027884698951146,19936.791408407884,-25447.821110510868,233700,316514
0,<=0,179,551022,2122,-0.009995543816562095,0.03814183103139776,19885.72452584054,-25393.48907073022,232519,314927
0,<=0,180,548136,2122,-0.01003635628395828,0.038537322402706346,19839.94225509591,-25341.23044315975,231245,313341
0,<=0,181,545297,2123,-0.010065081461223455,0.038018127582781974,19804.519254269482,-25292.97797983027,229693,312046
0,<=0,182,542550,2122,-0.010094865206100642,0.038288509719667956,19761.933382620395,-25238.902500190252,228583,310397
0,<=0,183,539811,2123,-0.010146907450427128,0.03819038180797255,19712.128192771073,-25189.540450493572,227542,308862
0,<=0,184,536999,2123,-0.010133088276324325,0.03779203449754245,19684.56313196534,-25126.021403263283,226384,307322
0,<=0,185,534032,2122,-0.010146729375757068,0.038449668320217074,19636.675000729974,-25055.35318272421,224899,305752
0,<=0,186,531327,2123,-0.010211307141398234,0.03789069756549884,19586.162040428073,-25011.705229945783,223521,304456
0,<=0,187,528669,2123,-0.010217087001276121,0.037840465897808796,19554.510329613237,-24955.967497490907,222331,303049
0,<=0,188,525803,2122,-0.010242400693495609,0.038332514665532044,19507.71525232829,-24893.200264170282,220904,301631
0,<=0,189,523225,2123,-0.010307040606764356,0.038367244667777446,19459.640743586784,-24852.542065061076,219825,300141
0,<=0,190,520227,2122,-0.010351379497819883,0.03840108333098498,19401.76102231495,-24786.82812432732,218516,298526
0,<=0,191,517282,2123,-0.010389033520508276,0.038167111172982,19353.259361281816,-24727.319398837302,217055,297002
0,<=0,192,514754,2123,-0.010442152843552405,0.03769345530951177,19301.914487236587,-24677.054432066492,216000,295603
0,<=0,193,511919,2123,-0.010530694559821077,0.037360288024453875,19227.05532878857,-24617.91795715762,214371,294300
0,<=0,194,509261,2123,-0.010534835213307336,0.03739239835680248,19194.848144579522,-24559.828860143698,213220,292868
0,<=0,195,506370,2120,-0.010575591017287054,0.036860651209308135,19136.56446031427,-24491.726483737864,212037,291319
0,<=0,196,503527,2122,-0.01063007721345052,0.03729779689436252,19071.427880635805,-24423.958769692847,210622,289882
0,<=0,197,501018,2123,-0.010652922997471649,0.036750476497302106,19034.824845975898,-24372.1310203232,209320,288618
0,<=0,198,498269,2123,-0.010688432398579768,0.036765418486632825,18980.578434133018,-24306.292956940895,208156,287127
0,<=0,199,495482,2123,-0.01074892316884138,0.03683591880431908,18920.956609642857,-24246.854559186642,206707,285840
0,<=0,200,492586,2121,-0.01072553948648514,0.03632717816080015,18899.162515297245,-24182.413108786917,205560,284097
0,<=0,201,489820,2122,-0.010752938511938552,0.03636261463728801,18850.91153022901,-24117.915872146757,204210,282674
0,<=0,202,487123,2120,-0.010772027054417837,0.03608283719173373,18803.06364072425,-24050.36577555354,203021,281209
0,<=0,203,484233,2121,-0.010859612666371901,0.036084846686044725,18739.94883458317,-23998.531654858583,201777,279666
0,<=0,204,481604,2123,-0.010902613305319483,0.03597772107886545,18681.725728954338,-23932.46790724936,200484,278291
0,<=0,205,478749,2121,-0.010918903406666043,0.03564836478864291,18632.24116290934,-23859.655249947366,199252,276642
0,<=0,206,475767,2118,-0.010960716268917649,0.035534401423021694,18572.448241223334,-23787.195338337577,197837,275152
0,<=0,207,473151,2119,-0.010978218872411984,0.03546211936241822,18528.83901522921,-23723.194252929865,196626,273700
0,<=0,208,470283,2118,-0.010930157661050356,0.035269532260355715,18492.439066028237,-23632.706401340023,195481,272097
0,<=0,209,467470,2114,-0.011002239589386613,0.03477307261692107,18426.924068808497,-23570.1410096591,194067,270640
0,<=0,210,464744,2114,-0.011044096044349855,0.034929946851565405,18365.71952148134,-23498.396893516616,192860,269196
0,<=0,211,462026,2114,-0.01101265203618117,0.035818406033779275,18340.11538164631,-23428.24695131498,191610,267710
0,<=0,212,459334,2114,-0.01105040207582481,0.03509383137986371,18288.879124565625,-23364.704511662472,190288,266344
0,<=0,213,456545,2114,-0.01111938339008789,0.03490555911291634,18220.238735576124,-23296.737625403755,188932,264937
0,<=0,214,453654,2114,-0.011176227608178583,0.03530034781466339,18149.939274073535,-23220.07963343423,187578,263452
0,<=0,215,450961,2114,-0.011216323787618583,0.03441831920835897,18084.579088944483,-23142.703680532733,186537,261820
0,<=0,216,448134,2114,-0.011285768249570354,0.033937369058444654,18005.639782617665,-23063.17625137059,185099,260461
0,<=0,217,445631,2114,-0.011307567821549826,0.03475567771581802,17951.531981435754,-22990.534737320824,183854,259173
0,<=0,218,442712,2114,-0.011352453056454317,0.034296933882995775,17881.701992345326,-22907.569189874303,182531,257677
0,<=0,219,439940,2114,-0.011382597991411121,0.03470668029993071,17816.306888473297,-22823.967048814644,181540,255901
0,<=0,220,437326,2113,-0.011441476065703917,0.034553100308012494,17745.865801534692,-22749.52076344477,180206,254671
0,<=0,221,434546,2115,-0.011502243318356583,0.034292839829804564,17673.086516384967,-22671.340341403615,179105,253023
0,<=0,222,431819,2115,-0.011541929072520198,0.03425188545950311,17611.07987211255,-22595.104142279124,177847,251529
0,<=0,223,429103,2115,-0.011631840444213889,0.03420511602253227,17528.25295229189,-22519.510582425366,176660,250084
0,<=0,224,426489,2115,-0.011716781674098918,0.034120896399377945,17452.094556312528,-22449.17305571725,175299,248794
0,<=0,225,423745,2115,-0.011760596292473323,0.03346066928426676,17381.1855441404,-22364.67942009464,174093,247282
0,<=0,226,420934,2115,-0.011776669245255503,0.032845095291253665,17317.29788051948,-22274.498372601873,172999,245567
0,<=0,227,418193,2113,-0.01179985418042923,0.03321031404464537,17260.344231639083,-22194.960650915353,171741,244084
0,<=0,228,415404,2113,-0.011841287587593589,0.033812673773567295,17194.24114510117,-22113.159374137962,170456,242665
0,<=0,229,412713,2115,-0.01182675989980709,0.03328694186745624,17139.935310829238,-22020.992869358215,169142,241253
0,<=0,230,409901,2113,-0.011879431863464476,0.03321348708790633,17059.585094120117,-21928.97609438609,167866,239713
0,<=0,231,407139,2115,-0.011899214685720142,0.03324600300489958,17000.037282868423,-21844.671650797893,166693,238253
0,<=0,232,404385,2115,-0.01194383267836151,0.03336099406026024,16921.811045634313,-21751.717823273524,165530,236636
0,<=0,233,401571,2115,-0.011938193704326807,0.032868300749528,16856.318753153824,-21650.351137194015,164301,235079
0,<=0,234,398911,2116,-0.012040899244840904,0.03282665656075219,16769.781859485312,-21573.02901814401,163144,233583
0,<=0,235,396136,2115,-0.012065032099504897,0.03214376317591138,16699.463319144597,-21478.85687491404,161717,232244
0,<=0,236,393362,2115,-0.012135455297392085,0.03212685039041076,16608.40185825454,-21382.028824947312,160761,230462
0,<=0,237,390414,2115,-0.01216243488660347,0.032038455712262257,16536.153369737553,-21284.538223555897,159488,228879
0,<=0,238,387631,2116,-0.012205678494500322,0.031682977122436055,16452.798580480154,-21184.097940981945,158240,227355
0,<=0,239,384912,2113,-0.012223532274878665,0.03147629270483295,16386.051735946636,-21091.035990934735,157166,225718
0,<=0,240,382093,2113,-0.012318588326808804,0.031375083611240154,16291.43400012603,-20998.2803696814,155874,224227
0,<=0,241,379457,2115,-0.012266183972011499,0.03125874792817703,16243.247805376184,-20897.737176843737,154811,222637
0,<=0,242,376637,2113,-0.012325593069957437,0.031038124713832486,16161.448814149082,-20803.723211238575,153618,221022
0,<=0,243,373682,2115,-0.012307893611558195,0.031339252068045546,16090.61627392983,-20689.854574484132,152310,219376
0,<=0,244,370962,2115,-0.012385653039888953,0.03085387770235049,16003.221572219718,-20597.82819520288,151065,217932
0,<=0,245,368201,2114,-0.012463793493418777,0.03102638694333987,15918.589284670392,-20507.770512740695,149821,216416
0,<=0,246,365367,2113,-0.012537067233233222,0.030625942986797244,15839.126167524366,-20419.756811329044,148449,214947
0,<=0,247,362848,2115,-0.012571387158997832,0.030496761369258902,15765.25382508885,-20326.756512956865,147408,213484
0,<=0,248,359859,2115,-0.012611112256566583,0.029663101468037013,15690.459819659065,-20228.682065194953,145950,211994
0,<=0,249,357028,2115,-0.012639976223177444,0.02991926892298082,15611.556425488316,-20124.381856496824,144802,210372
0,<=0,250,354290,2115,-0.012700137346502457,0.029814756660036357,15517.071835206025,-20016.60349569825,143709,208758
0,<=0,251,351471,2115,-0.012709131215792212,0.029892100467163944,15436.125960415053,-19903.0170179608,142503,207095
0,<=0,252,348600,2115,-0.012712369688077124,0.029664128687275394,15361.474128873831,-19793.006202137498,141206,205486
0,<=0,253,345950,2114,-0.012814515440078715,0.02917780522901755,15268.149525020757,-19701.33114151593,140117,203998
0,<=0,254,343149,2114,-0.012887975475942254,0.02872863117280944,15177.180626983105,-19599.6765235772,138888,202477
0,<=0,255,340524,2115,-0.012853665628515996,0.028787376933331825,15115.328902610445,-19492.31053709526,137785,200958
0,<=0,256,337645,2113,-0.012859255154681375,0.02843801077647637,15030.259267137415,-19372.122473839878,136528,199310
0,<=0,257,334778,2113,-0.012902690733635357,0.02830182088041828,14943.607065993252,-19263.144064418262,135150,197889
0,<=0,258,332034,2115,-0.012870663090510753,0.027920170116912602,14882.221042157338,-19155.71879075198,133913,196390
0,<=0,259,329249,2112,-0.012837723322206727,0.02753682051509887,14816.51386370396,-19043.32142981722,132742,194793
0,<=0,260,326467,2112,-0.012849885106139805,0.027409669025913196,14735.530454973741,-18930.593895919905,131614,193143
0,<=0,261,323693,2115,-0.012898133731708046,0.027157384034781698,14646.195234689641,-18821.23083670743,130492,191575
0,<=0,262,320977,2114,-0.012905403725095166,0.02680342741595916,14563.971937103039,-18706.30970857291,129333,190034
0,<=0,263,318268,2114,-0.012932327414285167,0.02662789506709012,14473.244819577605,-18589.190801067343,128158,188448
0,<=0,264,315402,2114,-0.013002758380245992,0.026151051307384463,14367.661102609089,-18468.757101255425,126900,186869
0,<=0,265,312621,2115,-0.012951307289661321,0.026877547915405243,14295.171596546505,-18344.02223274775,125850,185174
0,<=0,266,309787,2115,-0.013010381628606182,0.027009550713796193,14194.800078980916,-18225.24717256196,124533,183695
0,<=0,267,306975,2115,-0.013069170052978158,0.026189956857437545,14095.400725528794,-18107.309202541775,123289,182154
0,<=0,268,304161,2114,-0.013111119545299824,0.026121305957311134,14005.428465932195,-17993.31969795011,122088,180495
0,<=0,269,301380,2114,-0.013069712770957854,0.02660377631055839,13939.231210369182,-17878.181245280524,120848,179063
0,<=0,270,298760,2113,-0.01311265737287376,0.025927296526269385,13845.582541223113,-17763.120057942844,119742,177490
0,<=0,271,295867,2115,-0.013126701820645388,0.026021973153358698,13759.289314057169,-17643.047201626043,118474,175886
0,<=0,272,292923,2115,-0.01320832984566326,0.02548214266906974,13654.153173679224,-17523.176777060467,117048,174343
0,<=0,273,290037,2115,-0.013244491131141742,0.02506990394169923,13551.584825003394,-17392.97729920641,115973,172630
0,<=0,274,287251,2113,-0.01322441058086195,0.025054877016199018,13472.80133791883,-17271.526501682005,114767,171031
0,<=0,275,284500,2114,-0.013219103018483117,0.025313739139216078,13383.789509575716,-17144.62431833415,113606,169496
0,<=0,276,281715,2113,-0.013222624259051418,0.024442958407080398,13288.500771852196,-17013.512364990842,112378,167935
0,<=0,277,278827,2112,-0.013244044024605836,0.02487458285692773,13193.789553099292,-16886.586616347995,111204,166277
0,<=0,278,276133,2114,-0.01325680569577065,0.024614499638893637,13106.383614315606,-16767.025141505845,109909,164885
0,<=0,279,273263,2113,-0.013316875214170536,0.02476830527692744,12996.820525397157,-16635.829797047012,108676,163229
0,<=0,280,270531,2112,-0.013338236156643223,0.02348756108815531,12902.491355275946,-16510.897720968773,107566,161634
0,<=0,281,267635,2113,-0.013318955924120609,0.02359685604362636,12805.42883109548,-16370.047599847523,106417,159949
0,<=0,282,264902,2113,-0.013343235061600298,0.02348219722801729,12707.132682240823,-16241.782336528851,105295,158355
0,<=0,283,261974,2113,-0.01333998464294317,0.02366899286317043,12612.0266949565,-16106.755831806917,103995,156711
0,<=0,284,259327,2112,-0.013307104556468153,0.023666252660048605,12521.336298874325,-15972.227802189596,102905,155163
0,<=0,285,256495,2114,-0.013273288285329816,0.023435967956207237,12432.164468569272,-15836.696547314978,101650,153563
0,<=0,286,253478,2113,-0.013320870268507886,0.023141393641759874,12310.24201205447,-15686.789565975325,100385,151827
0,<=0,287,250738,2113,-0.013357703597181067,0.022035135530689233,12214.795145568009,-15564.079030118008,99245,150239
0,<=0,288,247930,2111,-0.013323228952454223,0.02275996158017931,12119.959893849986,-15423.188048031952,98223,148505
0,<=0,289,245121,2110,-0.013265836124692088,0.02273847900523023,12030.205739176814,-15281.94075589745,97014,146899
0,<=0,290,242260,2113,-0.013370486638920043,0.022397205451151682,11914.436437897164,-15153.570531041945,95814,145268
0,<=0,291,239426,2113,-0.01326604233968921,0.022187120156719742,11833.614562847726,-15009.850016070162,94616,143636
0,<=0,292,236596,2114,-0.013222353671338855,0.022556749989095397,11734.991089912086,-14863.347079136138,93569,141895
0,<=0,293,233775,2111,-0.01332938181928824,0.02231160422587294,11609.417878619515,-14725.4941134236,92384,140325
0,<=0,294,230832,2111,-0.01340327357055446,0.0221686378951487,11489.061945856358,-14582.966390694613,91097,138637
0,<=0,295,228146,2112,-0.013419949844161734,0.021828870811889424,11387.461661877454,-14449.169539023578,89929,137116
0,<=0,296,225273,2113,-0.013540816348234636,0.02216396687261854,11257.49927760114,-14307.879598817017,88677,135535
0,<=0,297,222506,2114,-0.013493739471930378,0.02095591708452297,11162.71211387983,-14165.150108821153,87580,133861
0,<=0,298,219635,2113,-0.013509457534789562,0.02091946001770813,11046.288451736016,-14013.438157389459,86456,132139
0,<=0,299,216764,2113,-0.013535423196234967,0.020959506061792702,10931.919223960325,-13865.911697668966,85210,130546
0,<=0,300,213887,2109,-0.013536546115752033,0.02014011861470901,10816.8135867077,-13712.10482576759,84137,128747
0,<=0,301,210969,2113,-0.013496564182583569,0.020993130214135527,10705.617755388623,-13552.974404424112,82862,127105
0,<=0,302,208189,2114,-0.013481810782835649,0.020715630483866248,10601.494486800566,-13408.259191868363,81686,125543
0,<=0,303,205377,2112,-0.013575984645730826,0.020745051014906864,10473.691145164048,-13261.886143750322,80530,123875
0,<=0,304,202529,2110,-0.013597015570355501,0.01989471351317901,10354.589304213154,-13108.379270661657,79474,122110
0,<=0,305,199663,2111,-0.013700804012692617,0.019471602649162683,10236.643571085422,-12972.18720267168,78198,120520
0,<=0,306,196894,2110,-0.013612565804281664,0.01954609943971013,10133.996862052722,-12814.229393520976,77105,118898
0,<=0,307,194053,2112,-0.013514845799426637,0.019173153260688688,10037.316787183889,-12659.91315910005,76033,117110
0,<=0,308,191233,2110,-0.013430407927487786,0.019117399670213843,9940.508781121413,-12508.845980318654,74891,115414
0,<=0,309,188444,2110,-0.013446504678630688,0.019198217361195622,9822.440864595012,-12356.3539922549,73736,113866
0,<=0,310,185543,2111,-0.013554487428029671,0.018705052121255325,9694.144081630333,-12209.084342489314,72456,112231
0,<=0,311,182820,2110,-0.013668186270027907,0.018466315487784574,9566.54482343358,-12065.36263732006,71247,110735
0,<=0,312,179951,2111,-0.013675825061089733,0.018674687827907828,9447.927873663031,-11908.906269231213,70147,108953
0,<=0,313,177198,2112,-0.013740385433546783,0.018071825796682067,9325.386479537385,-11760.15529759101,69075,107292
0,<=0,314,174343,2110,-0.013919775191554528,0.017426211954986327,9184.47886228711,-11611.294228508274,67926,105612
0,<=0,315,171525,2113,-0.013941240252158546,0.017475870551793195,9066.360369364735,-11457.631603616232,66810,103914
0,<=0,316,168637,2110,-0.014010536610445181,0.01679832963403321,8937.655336694585,-11300.35019907024,65663,102209
0,<=0,317,165729,2112,-0.01401593919758377,0.016661888377341547,8821.134091342405,-11143.981678618771,64476,100490
0,<=0,318,162978,2109,-0.014111363441724907,0.016595770607842078,8698.585566646198,-10998.427357651672,63343,98877
0,<=0,319,160091,2110,-0.014219196025528963,0.016263663787979794,8563.780749398047,-10840.14606032094,62108,97219
0,<=0,320,157347,2111,-0.014309878153187766,0.017008803990979503,8436.285593814731,-10687.901991584375,61055,95585
0,<=0,321,154474,2112,-0.014382375134942144,0.015684022669691513,8307.015064400082,-10528.718080995144,59897,93899
0,<=0,322,151570,2112,-0.014528930358051768,0.015765462111299908,8169.239264114271,-10371.389238484166,58663,92181
0,<=0,323,148818,2112,-0.014395829145491684,0.015673933437545307,8064.9307829403315,-10207.289284714088,57607,90516
0,<=0,324,146033,2110,-0.014406803290227624,0.015994632675232937,7942.234598989271,-10046.10330387106,56516,88847
0,<=0,325,143047,2110,-0.014438145327572524,0.015444063675038533,7808.871986882108,-9874.205361555354,55306,87121
0,<=0,326,140165,2107,-0.014405072689597924,0.015215229677268547,7679.667134335316,-9698.75414787283,54137,85371
0,<=0,327,137315,2111,-0.014548813620784433,0.014639122620970455,7543.459567487348,-9541.229909825353,53014,83732
0,<=0,328,134436,2109,-0.01457521122110152,0.014566070022465393,7420.0098061532135,-9379.442901873235,51701,82075
0,<=0,329,131553,2106,-0.014475767792515706,0.013229645755959014,7301.2348995240845,-9205.565579932949,50587,80357
0,<=0,330,128723,2107,-0.014679809594466874,0.013532081762407572,7157.322021406883,-9046.951151835396,49476,78704
0,<=0,331,125732,2105,-0.014754832532817843,0.013149095879249088,7017.072799617097,-8872.227403633333,48143,77002
0,<=0,332,122888,2106,-0.014877763093298786,0.012159857507863976,6880.169437580358,-8708.467988589626,46945,75373
0,<=0,333,119978,2105,-0.015061822537182093,0.01198307739820718,6728.735793407516,-8535.823137773548,45831,73592
0,<=0,334,117073,2103,-0.015023070835699925,0.01230872118033961,6595.359612405148,-8354.155584353059,44674,71838
0,<=0,335,114173,2104,-0.015076784652661527,0.011762351789958145,6453.164387672828,-8174.526121821156,43475,70164
0,<=0,336,111250,2105,-0.015276513445405322,0.012478862252277824,6296.539376960274,-7996.0514977616485,42261,68450
0,<=0,337,108332,2101,-0.01535899415968154,0.011536382626507913,6155.078143072636,-7818.948698379251,41153,66685
0,<=0,338,105585,2102,-0.015434565384283616,0.011923594732089758,6021.35774505838,-7651.016331157976,40066,65068
0,<=0,339,102663,2101,-0.015637782791737474,0.011392550480812646,5865.214568484573,-7470.636263232686,38867,63364
0,<=0,340,99747,2097,-0.015821285798645265,0.010160806802755119,5719.016759491893,-7297.142554049377,37668,61637
0,<=0,341,96855,2102,-0.01598645973672718,0.009852929085812001,5570.616873494783,-7118.985431295512,36567,59875
0,<=0,342,93937,2100,-0.016043407280301607,0.008703701773325283,5422.240262872819,-6929.309812562519,35332,58181
0,<=0,343,91172,2098,-0.016139074249169084,0.008902858478863428,5279.422671748827,-6750.854349194064,34319,56444
0,<=0,344,88177,2096,-0.01622078441522263,0.006393993480979752,5123.625515898319,-6553.9256232794105,33090,54701
0,<=0,345,85157,2096,-0.01629082215082561,0.0065733261996746145,4967.837179144831,-6355.114721042663,31923,52856
0,<=0,346,82316,2089,-0.01640018914698604,0.004657004243092846,4816.33702027766,-6166.334990100976,30766,51179
0,<=0,347,79445,2093,-0.016627506840207956,0.005269291219246145,4653.743673926594,-5974.715954846922,29719,49381
0,<=0,348,76527,2089,-0.01703786894820992,0.00574491399880504,4475.140018291735,-5778.997015291398,28544,47652
0,<=0,349,73590,2088,-0.017262801500169015,0.005059002638805698,4308.181183919236,-5578.550746316677,27419,45844
0,<=0,350,70650,2087,-0.017365049628179013,0.003801909169004974,4148.086435749063,-5374.927191979915,26296,44059
0,<=0,351,67720,2085,-0.017273407748117944,0.0019576312976826655,4004.233763260777,-5173.98893596334,25130,42301
0,<=0,352,64869,2079,-0.017291381267947385,0.0018764212441041964,3857.324831680585,-4978.9994431510795,24000,40591
0,<=0,353,61880,2068,-0.01732346467815267,0.00036741204719390553,3703.8894558502707,-4775.865450134346,22827,38798
0,<=0,354,58985,2058,-0.017327898511071412,-0.00021835234202877542,3554.656631291433,-4576.742724966998,21697,37021
0,<=0,355,56096,2044,-0.017339010066085594,0.001881088421984001,3397.6955182470188,-4370.344626914146,20571,35279
0,<=0,356,53195,2019,-0.017755900266922385,0.00008403595491994645,3218.753414520393,-4163.2785292193375,19482,33494
0,<=0,357,50322,1985,-0.01800307359726603,-0.0012948412679399904,3051.2528237275474,-3957.2034932891775,18300,31812
0,<=0,358,47484,1880,-0.01825143012150895,-0.0026217733735407643,2883.6344319700916,-3750.2853398598177,17246,30029
0,<=0,359,44701,1054,-0.018312041656949062,0.010038839069450725,2725.083522201313,-3543.6500963085964,16175,28331
0,<=0,360,43165,1054,-0.018292730093835592,0.010224268975050528,2645.242649904655,-3434.848344405062,15608,27378
0,<=0,361,41645,1055,-0.018370360121611414,0.008890780336487943,2560.1695137929596,-3325.203161057471,15029,26433
0,<=0,362,40140,1054,-0.01851619291965259,0.009476750079211591,2477.603533383662,-3220.8435171785154,14512,25441
0,<=0,363,38621,1054,-0.018703936016071912,0.00895951624003819,2388.892408717017,-3111.2571215937287,13958,24490
0,<=0,364,37126,1053,-0.01900538917752418,0.0014472787674507047,2295.5734553815873,-3001.1675339863464,13378,23585
0,<=0,365,35569,1052,-0.019001084462510958,0.0025964597456317024,2209.703576199887,-2885.5531494469424,12855,22565
0,<=0,366,34071,1053,-0.019124648537508174,-0.0006470236467594166,2124.7798022614356,-2776.3757025828786,12281,21636
0,<=0,367,32536,1052,-0.019086553413815256,-0.0001777822190000876,2041.0011080245006,-2662.001209896398,11726,20664
0,<=0,368,31039,1052,-0.018770842764589932,-0.0018785636314801754,1960.9284515323131,-2543.5566401024225,11192,19722
0,<=0,369,29548,1053,-0.018689067776370666,-0.0005100742747932343,1878.4427501195369,-2430.667324775731,10625,18810
0,<=0,370,28019,1053,-0.018364450103183497,-0.0023114161454943004,1800.6914612948037,-2315.2449887359103,10047,17855
0,<=0,371,26513,1051,-0.018258965844178916,-0.001815093228831246,1714.471888023655,-2198.571849450367,9494,16898
0,<=0,372,25072,1050,-0.018256179673189807,0.00004454200082254725,1631.0576531618087,-2088.776589928024,8975,15999
0,<=0,373,23585,1051,-0.01795860847796353,-0.0011347181978338847,1548.5710763370002,-1972.124857289773,8436,15052
0,<=0,374,22069,1050,-0.018034400750629714,-0.0024176922376118117,1457.1096117364427,-1855.1108019020894,7900,14070
0,<=0,375,20549,1048,-0.01830200176552275,-0.005305823803996576,1361.2281538020545,-1737.3159880817793,7353,13090
0,<=0,376,19105,1049,-0.018228804466061,-0.006248103076643985,1272.3357699345977,-1620.5970792586943,6821,12207
0,<=0,377,17602,1049,-0.018342128108772303,-0.007957386766030642,1179.194985411989,-1502.0531243826008,6273,11256
0,<=0,378,16146,1045,-0.018788077305690255,-0.008851202041350151,1079.0493538292396,-1382.4016500069145,5738,10335
0,<=0,379,14641,1042,-0.019199707074876213,-0.010500395326236311,978.8448772390045,-1259.9477885222657,5192,9374
0,<=0,380,13173,1044,-0.019586605508892692,-0.011770384092029185,884.6689555229166,-1142.6833098915588,4655,8447
0,<=0,381,11665,1041,-0.01990211821422364,-0.014283783248878721,787.4549928507761,-1019.6132018196943,4118,7494
0,<=0,382,10197,1040,-0.020522431740692595,-0.014889618797620774,690.8913199887287,-900.1585564485698,3578,6566
0,<=0,383,8727,1036,-0.021614443875056368,-0.019743974560939317,588.7336101952218,-777.3628618928396,3059,5630
0,<=0,384,7252,1033,-0.02198774918638477,-0.021449280447966918,490.3339395622245,-649.789096661886,2543,4676
0,<=0,385,5798,1023,-0.02168076406177236,-0.024240645588925722,397.5514689529153,-523.2565389830712,2017,3760
0,<=0,386,4339,1005,-0.022834927044141886,-0.024647436060793122,296.63737103700356,-395.71811948153544,1506,2812
0,<=0,387,2887,971,-0.024734307220544254,-0.02908483243489373,196.11309133613395,-267.5210362818452,988,1891
0,<=0,388,1396,870,-0.02845475720680919,-0.031774951267167235,92.84795203870617,-132.5707930994119,471,916
1,0..10%,0,415174,2122,0.0,0.0,0.0,0.0,0,0
1,0..10%,1,382957,2120,-0.000053333981464197226,-0.0038009144932662957,1410.0873873109113,-1430.5120088504932,171153,176287
1,0..10%,2,379920,2120,-0.0001291205128716351,-0.005918114729248351,1895.6162685325944,-1944.6717337827963,172949,180433
1,0..10%,3,377538,2119,-0.00023484601961764083,-0.008049414037703522,2241.2625516742355,-2329.92584822864,173176,182236
1,0..10%,4,375672,2116,-0.00034492049618287465,-0.009676153926623361,2524.71529203183,-2654.29226467384,172628,183558
1,0..10%,5,374398,2117,-0.00043044016365926125,-0.011080621466246277,2789.679565057954,-2950.835501451669,172358,184521
1,0..10%,6,373156,2116,-0.0004773724148413702,-0.012472273470401826,3040.0250263459725,-3218.1594071785125,172387,184836
1,0..10%,7,371938,2116,-0.0005621132706232471,-0.014097318885881591,3249.3735735937253,-3458.44485924279,171850,185110
1,0..10%,8,370673,2117,-0.0006475758540874271,-0.015229274041207103,3438.1622639203288,-3678.2011484824848,171233,185385
1,0..10%,9,369414,2118,-0.0007302888928440944,-0.016054863474719457,3611.2662486810154,-3881.0451897421044,170785,185404
1,0..10%,10,368515,2120,-0.0007945510350644281,-0.016098157343199623,3783.82646068703,-4076.630435373816,170483,185309
1,0..10%,11,367431,2121,-0.0008462241425098627,-0.016689861325778012,3948.4433113367436,-4259.372294243269,170048,185415
1,0..10%,12,366288,2119,-0.0008859800417401558,-0.016882890073191242,4101.498395753955,-4426.022253282866,169251,185527
1,0..10%,13,365011,2119,-0.0009416476322427642,-0.017696052132910627,4238.32130639489,-4582.033050287442,168838,185035
1,0..10%,14,363966,2120,-0.000995696557256839,-0.018477217405451673,4370.897516598561,-4733.297209757113,168440,184817
1,0..10%,15,362876,2121,-0.0010796962013178103,-0.019600432517696748,4487.390598265222,-4879.186437014638,167946,184617
1,0..10%,16,361759,2118,-0.001125877048788105,-0.019238745726934976,4611.76517036667,-5019.0613256592005,167330,184488
1,0..10%,17,360850,2120,-0.0011520897106629174,-0.019921872353086956,4735.8788829077685,-5151.6104550004675,166875,184154
1,0..10%,18,359952,2118,-0.0011963284931857288,-0.019773831629711695,4850.045180853962,-5280.66601463315,166506,184132
1,0..10%,19,358742,2118,-0.0012635411398732653,-0.020410819582465003,4946.682226772788,-5399.967502373209,165650,183854
1,0..10%,20,357703,2119,-0.0013166413712482352,-0.020863782536379848,5050.568917261629,-5521.535485681256,165218,183497
1,0..10%,21,356687,2116,-0.0013792506503838215,-0.02116576214983806,5143.273291924857,-5635.234068658331,164661,183325
1,0..10%,22,355671,2120,-0.0013963306133988017,-0.02148620025154833,5241.753601261744,-5738.387906859912,164106,183061
1,0..10%,23,354681,2120,-0.0014095334067733068,-0.02152126677784174,5335.678010130596,-5835.612728378358,163655,182785
1,0..10%,24,353539,2119,-0.0014622099994104959,-0.02090748651991045,5418.773665881824,-5935.721926863413,162842,182429
1,0..10%,25,352693,2118,-0.001518438282883376,-0.020829091887076743,5500.461527581003,-6036.004080886004,162350,182380
1,0..10%,26,351644,2118,-0.0015708745909358023,-0.021689407806262877,5579.520409176085,-6131.909033831114,161782,182021
1,0..10%,27,350628,2116,-0.0016570778943235376,-0.022132667368152708,5646.60478013135,-6227.622688062224,161299,181766
1,0..10%,28,349836,2119,-0.0017167898279349648,-0.022328327109137965,5718.638013211484,-6319.232899456941,160715,181607
1,0..10%,29,348719,2119,-0.0017845214240455602,-0.022334025598024745,5781.68402071433,-6403.98054718606,160133,181153
1,0..10%,30,347579,2117,-0.0018676916897239978,-0.022718054516382112,5839.494479230478,-6488.664889053055,159488,180912
1,0..10%,31,346789,2117,-0.0019485023605055848,-0.023281014091859707,5899.236554745978,-6574.955739843378,158899,180818
1,0..10%,32,345546,2115,-0.0019911374833000497,-0.023986078062865505,5963.976549784767,-6652.00614258917,158054,180424
1,0..10%,33,344565,2119,-0.002023603887873666,-0.023250102790290425,6035.907425839339,-6733.170499464516,157564,180134
1,0..10%,34,343541,2118,-0.0020483801004037,-0.023418240435140708,6102.453021800092,-6806.155569872874,157008,179581
1,0..10%,35,342610,2119,-0.002027602079157437,-0.02311331707653828,6177.54493572975,-6872.221684069899,156755,179208
1,0..10%,36,341505,2116,-0.0020867743610776777,-0.024229021333842173,6227.313629644618,-6939.957507824438,156174,178691
1,0..10%,37,340831,2118,-0.0021185529424184884,-0.02402732483150837,6294.935190303306,-7017.003708220757,155791,178606
1,0..10%,38,339959,2119,-0.002182682960416343,-0.02407033847789291,6347.660374022684,-7089.683090562857,155008,178463
1,0..10%,39,338947,2117,-0.0022005613301255104,-0.0238537737869457,6408.0953135805075,-7153.968974742575,154606,177972
1,0..10%,40,337866,2118,-0.0021899866567406208,-0.024081082079075056,6470.497672449397,-7210.419704215748,154059,177436
1,0..10%,41,336786,2118,-0.0022744289320875293,-0.02459729679997207,6508.66114871232,-7274.656971034346,153550,177077
1,0..10%,42,335789,2117,-0.00231962152111904,-0.02460776442281284,6549.329544565322,-7328.232935520352,153190,176481
1,0..10%,43,334757,2119,-0.0024183806050960092,-0.02539608605254914,6584.117196178778,-7393.687032398915,152561,176285
1,0..10%,44,333688,2117,-0.002427065595656165,-0.023871155777748086,6636.54611960708,-7446.428784090381,152247,175628
1,0..10%,45,332965,2119,-0.0024545290995809936,-0.023994770573489255,6688.367155184246,-7505.639436826223,151769,175297
1,0..10%,46,331915,2117,-0.0024951196140813475,-0.024785735699399757,6731.883353631807,-7560.05098033959,151139,174989
1,0..10%,47,330951,2120,-0.00252618178189856,-0.025331873800649916,6777.060469028372,-7613.102855929499,150806,174427
1,0..10%,48,329947,2117,-0.0025742642323653697,-0.0256349185528416,6815.287672725789,-7664.65843340203,150212,174231
1,0..10%,49,328923,2117,-0.002636795107389701,-0.025529680359590644,6851.236895888276,-7718.539452996214,149466,174001
1,0..10%,50,327887,2118,-0.002665984485720638,-0.025602353222247184,6892.509375474876,-7766.651030544354,148808,173649
1,0..10%,51,327014,2117,-0.0026913683245334196,-0.02571834951342744,6934.812465641814,-7814.927586920772,148473,173255
1,0..10%,52,325956,2117,-0.0027135081331285753,-0.025973594407010372,6972.002511745095,-7856.4867687871565,147974,172694
1,0..10%,53,325141,2116,-0.002747730381033833,-0.025669916028060187,7007.508257907805,-7900.908061727556,147353,172494
1,0..10%,54,324010,2117,-0.0027651035370222237,-0.02610655696919155,7046.19803385906,-7942.119230889647,146844,171947
1,0..10%,55,323095,2118,-0.0027987867821090955,-0.025155063009813586,7079.380728800747,-7983.654744166252,146582,171357
1,0..10%,56,322193,2118,-0.002825837432565562,-0.02522699302775679,7114.140771457561,-8024.605811368186,146112,171001
1,0..10%,57,321009,2116,-0.0028491254886948035,-0.026282531947784415,7142.005963263112,-8056.60088726355,145684,170197
1,0..10%,58,320184,2117,-0.0029040897871931964,-0.026770814594239183,7167.665593067345,-8097.508677489992,144948,170176
1,0..10%,59,319247,2115,-0.00292399759957408,-0.02599705307722668,7200.832001718959,-8134.309463390165,144559,169723
1,0..10%,60,318233,2115,-0.0029622898036932247,-0.025914804534623817,7231.240679173754,-8173.939050272444,143992,169334
1,0..10%,61,317250,2112,-0.002918555944352006,-0.0263365344006968,7276.273345590681,-8202.185218936358,143565,168907
1,0..10%,62,316192,2119,-0.002967569451751395,-0.026012219765815203,7300.251950388474,-8238.573670476666,142884,168530
1,0..10%,63,315443,2114,-0.0030108500156215703,-0.026700959465899402,7328.039124928786,-8277.790686406493,142408,168339
1,0..10%,64,314507,2117,-0.0030136157748018345,-0.026871493741920965,7365.52848142723,-8313.331737912831,141939,167883
1,0..10%,65,313683,2117,-0.0030469248447955923,-0.025823746351151308,7395.89124434783,-8351.659770437835,141556,167409
1,0..10%,66,312591,2117,-0.0029977870531243136,-0.024484530697685705,7444.219391579252,-8381.300644302448,141185,166872
1,0..10%,67,311644,2118,-0.0030541633147358757,-0.026482075582368605,7466.332294605373,-8418.143966662903,140760,166427
1,0..10%,68,310578,2115,-0.003076919388702817,-0.027257967490594136,7491.576192404648,-8447.199662309178,140409,165816
1,0..10%,69,309664,2114,-0.0030977998898535225,-0.027727624777169394,7512.816158585204,-8472.093263676814,140140,165255
1,0..10%,70,308715,2118,-0.003135987777249846,-0.028098476557836528,7534.881454877247,-8503.00792153093,139614,164857
1,0..10%,71,307671,2115,-0.0031599129436482797,-0.027902705665791123,7552.235561889792,-8524.449137175021,138922,164427
1,0..10%,72,306687,2117,-0.003196077822175305,-0.02824811408790214,7573.366211987949,-8553.561731037431,138488,163935
1,0..10%,73,305703,2119,-0.0031442478053459785,-0.027543264974835814,7613.18680854657,-8574.392795384285,137976,163491
1,0..10%,74,304863,2115,-0.003086492646152841,-0.02774035984038727,7658.80138640627,-8599.758793990371,137660,163039
1,0..10%,75,303872,2116,-0.0030433668410925923,-0.025978589179136525,7697.994003754052,-8622.787972490569,137065,162704
1,0..10%,76,303090,2118,-0.003028616794030507,-0.026914800848395957,7723.111579607185,-8641.05504370989,136746,162215
1,0..10%,77,302157,2119,-0.003113186576590418,-0.026716028233181744,7730.811614911026,-8671.48273133384,136237,161781
1,0..10%,78,301070,2118,-0.0031709460898924785,-0.02731231909212227,7739.360867972838,-8694.03760725678,135670,161348
1,0..10%,79,300171,2113,-0.003178741440440823,-0.027988074731531393,7768.027128134549,-8722.19312505313,135150,160990
1,0..10%,80,299232,2116,-0.003172302461876826,-0.02718882662953692,7792.124506305667,-8741.378916578034,134716,160537
1,0..10%,81,298431,2118,-0.0031503250969768066,-0.027026167192783185,7824.047304016955,-8764.201973032832,134386,160131
1,0..10%,82,297369,2118,-0.003143561201503038,-0.026279374359758443,7856.019908773996,-8790.817559703702,133833,159631
1,0..10%,83,296528,2116,-0.003139444690793546,-0.026430386624971092,7881.238162460082,-8812.171417731708,133575,158986
1,0..10%,84,295808,2117,-0.0031704737043994373,-0.02648643500962071,7902.592272674127,-8840.443758225125,133247,158657
1,0..10%,85,295039,2118,-0.003155267463569305,-0.026921651173645113,7930.764272519433,-8861.69122970344,132922,158314
1,0..10%,86,293851,2115,-0.0031656878180912353,-0.02720560058498406,7946.024919747561,-8876.265450781439,132349,157699
1,0..10%,87,292887,2116,-0.003178479172637206,-0.027385834167045934,7964.917228646342,-8895.852458082578,131806,157340
1,0..10%,88,291968,2118,-0.003203579508230595,-0.028544716319849308,7977.357210540569,-8912.699912399616,131334,156867
1,0..10%,89,291013,2116,-0.003226157420581679,-0.027760149535139205,7996.537479633596,-8935.391229069372,130901,156469
1,0..10%,90,290042,2115,-0.0031828193156908996,-0.0273567013581606,8018.901569004302,-8942.052848965914,130527,155908
1,0..10%,91,289096,2118,-0.0031829525915623327,-0.027171163326188564,8033.853392048922,-8954.03225445925,130121,155363
1,0..10%,92,288228,2114,-0.0032188628158010533,-0.027263895402250455,8044.44261531024,-8972.209006982977,129705,154895
1,0..10%,93,287243,2114,-0.0031818652276520043,-0.02780232163707148,8064.845776354934,-8978.814289941376,129338,154397
1,0..10%,94,286279,2116,-0.003183783352195002,-0.028462148899905233,8079.040203380235,-8990.490517663276,128846,153966
1,0..10%,95,285332,2115,-0.0031435309279880938,-0.028394068946965726,8100.227100614111,-8997.177067358805,128349,153531
1,0..10%,96,284329,2116,-0.0031551643624481555,-0.02747688851276971,8111.88500538025,-9008.989733390763,127877,152984
1,0..10%,97,283538,2117,-0.003113096140757573,-0.02701435728039386,8140.472794288299,-9023.153847846432,127534,152613
1,0..10%,98,282563,2117,-0.003114196133877131,-0.028747430310547953,8155.400762084751,-9035.357364261472,127053,152147
1,0..10%,99,281467,2114,-0.0031230606126865412,-0.02807039683749231,8159.155255358656,-9038.193756829689,126660,151482
1,0..10%,100,280800,2112,-0.0031405021403280078,-0.027421388012877603,8179.413175380946,-9061.266176385056,126198,151357
1,0..10%,101,279776,2114,-0.0031015728853203946,-0.027471377466589106,8196.999157209832,-9064.744812773228,125812,150831
1,0..10%,102,278877,2113,-0.003054068753626103,-0.026611642129716888,8211.692921787153,-9063.402453592127,125353,150324
1,0..10%,103,277994,2117,-0.0030482872704994165,-0.027628269156872668,8229.66441349195,-9077.069984967187,124944,149832
1,0..10%,104,277031,2114,-0.003023701009639411,-0.027406179323315526,8241.671441907863,-9079.330356309296,124532,149340
1,0..10%,105,276227,2115,-0.003010582941704194,-0.028907176707126194,8257.026599495219,-9088.630893733352,124117,148959
1,0..10%,106,275273,2115,-0.002955935279065378,-0.02847265531489951,8275.845435312225,-9089.534607386344,123825,148330
1,0..10%,107,274288,2113,-0.002951432467234563,-0.02772970784035365,8282.396982016366,-9091.939490589219,123479,147784
1,0..10%,108,273546,2114,-0.0029521087068241393,-0.026546133759853985,8299.033469947708,-9106.570998264662,123030,147415
1,0..10%,109,272495,2115,-0.0029005060235361047,-0.026936966286073047,8310.7975315516,-9101.170920435015,122671,146786
1,0..10%,110,271540,2113,-0.0029011251806739377,-0.02738670377884882,8316.665302020232,-9104.436833580423,122155,146351
1,0..10%,111,270508,2115,-0.002920318685556951,-0.027070275141128208,8320.291543312493,-9110.261110305142,121623,145978
1,0..10%,112,269743,2115,-0.0029145919402924323,-0.026858112848083388,8335.306709685,-9121.49748343531,121221,145623
1,0..10%,113,268778,2112,-0.0029173411958880245,-0.027170574864148735,8341.398714078785,-9125.515846027183,120740,145162
1,0..10%,114,267857,2112,-0.0029045118321881004,-0.027172315366510005,8343.156442773672,-9121.150268608111,120306,144720
1,0..10%,115,266917,2113,-0.002920412085927182,-0.027922455367238426,8348.24928692311,-9127.756919662535,119934,144135
1,0..10%,116,265986,2116,-0.00284180277914543,-0.027267842160538788,8369.238952219888,-9125.118706233705,119381,143787
1,0..10%,117,265072,2115,-0.002829177598580308,-0.028477371454286554,8379.095909405307,-9129.03167381619,118911,143285
1,0..10%,118,264154,2116,-0.002731414474210675,-0.028385717833765412,8404.592220819177,-9126.106279839838,118546,142845
1,0..10%,119,263156,2113,-0.0027331927387341604,-0.02743012614104114,8400.717067098776,-9119.973135453036,118032,142345
1,0..10%,120,262304,2114,-0.00269661970042842,-0.026549532852897448,8419.55730136991,-9126.891435271076,117531,142013
1,0..10%,121,261364,2115,-0.0026779424555332027,-0.02660176535841711,8427.46661326404,-9127.384365212058,117165,141438
1,0..10%,122,260557,2114,-0.0026750330892471516,-0.02715551208037032,8438.265481874867,-9135.264078509852,116807,141001
1,0..10%,123,259584,2111,-0.0025980315336994217,-0.027116464218742913,8458.594398652946,-9133.001816296774,116521,140343
1,0..10%,124,258597,2116,-0.002618379017661261,-0.026892061168042436,8458.71233386157,-9135.817292691707,115984,139927
1,0..10%,125,257651,2113,-0.002615079972248749,-0.027043511260313555,8469.869167883517,-9143.647137813365,115571,139491
1,0..10%,126,256786,2112,-0.0025786802880443144,-0.026482000026633094,8476.683406172597,-9138.85240261834,115218,139011
1,0..10%,127,255817,2114,-0.0025683133268281826,-0.02771111693211379,8481.782768386947,-9138.800978716177,114836,138445
1,0..10%,128,254890,2114,-0.002511369745705214,-0.027656156669797892,8495.70629105158,-9135.829325534402,114381,138000
1,0..10%,129,254047,2117,-0.002541152341252014,-0.028119783159475505,8492.493130123034,-9138.065258961107,113794,137682
1,0..10%,130,253025,2114,-0.0025071223254272534,-0.027278622055872347,8498.419329828457,-9132.783956219704,113402,137085
1,0..10%,131,252122,2115,-0.002478891924234726,-0.026419619148130243,8507.186955266256,-9132.170144988218,112918,136786
1,0..10%,132,251113,2116,-0.002452098739191206,-0.0270759334693974,8511.375726695847,-9127.129597390347,112343,136325
1,0..10%,133,250281,2118,-0.002382327839935001,-0.025838232567935156,8526.385585135931,-9122.636979242714,111996,135898
1,0..10%,134,249283,2117,-0.0023174114496268,-0.026834975146576342,8537.595836384646,-9115.287114781988,111473,135386
1,0..10%,135,248398,2115,-0.0023004297690673798,-0.026768083806537887,8540.66781116433,-9112.089964941133,111147,134833
1,0..10%,136,247468,2115,-0.002280856499547471,-0.025337654516257878,8542.714979326494,-9107.153975556485,110822,134241
1,0..10%,137,246448,2110,-0.0022243066088061965,-0.026105803771387534,8551.418871719614,-9099.594786846688,110255,133812
1,0..10%,138,245584,2113,-0.002189267155967597,-0.02581362857914541,8558.025114042683,-9095.674099273805,109802,133422
1,0..10%,139,244603,2113,-0.002192821830196643,-0.02553256224394182,8558.647753964511,-9095.018552096106,109396,132895
1,0..10%,140,243607,2111,-0.0022022796249939283,-0.026517386558557073,8555.369598296837,-9091.860330902728,108960,132295
1,0..10%,141,242845,2113,-0.0021941260089547825,-0.026500782627260272,8566.840162762483,-9099.672693407087,108436,132044
1,0..10%,142,241748,2116,-0.0021274598818114385,-0.026026192640765295,8568.764842140628,-9083.074013648786,108014,131407
1,0..10%,143,240750,2114,-0.00208600111087824,-0.026212524798893393,8573.632442358683,-9075.837209802654,107494,130961
1,0..10%,144,240003,2113,-0.0020081878437563953,-0.025274277903345493,8596.085935604851,-9078.057042669916,107091,130583
1,0..10%,145,238950,2112,-0.0019362457904280798,-0.025989856589209916,8610.233766534036,-9072.899698156818,106666,130005
1,0..10%,146,238087,2108,-0.0018942010479320438,-0.025883247127857043,8619.785148657165,-9070.769793556161,106325,129505
1,0..10%,147,237154,2110,-0.0018436882262888874,-0.026289335041808592,8637.805923786711,-9075.04396140402,105830,129139
1,0..10%,148,236260,2109,-0.0017757639071899211,-0.02664669608031146,8641.852727888148,-9061.394708600807,105399,128641
1,0..10%,149,235421,2113,-0.0017678198559709472,-0.026603548275955822,8653.11593002932,-9069.29784834185,104990,128237
1,0..10%,150,234353,2112,-0.0017555957657345203,-0.026859086408158286,8648.080396789865,-9059.509531277063,104329,127810
1,0..10%,151,233520,2112,-0.0017016147436215044,-0.025055244761775952,8656.063375518466,-9053.424450448952,103983,127388
1,0..10%,152,232527,2112,-0.0017029575981309384,-0.02580063130272875,8660.814304478528,-9056.797925899136,103386,126962
1,0..10%,153,231517,2109,-0.0015986021391322064,-0.026120174480749363,8660.385718572206,-9030.489290017662,103006,126358
1,0..10%,154,230607,2112,-0.0015781439100157218,-0.02581389147349627,8661.674038224524,-9025.605070881495,102647,125790
1,0..10%,155,229640,2112,-0.0015833507220783377,-0.025946790316483594,8649.865783848967,-9013.466443667043,102319,125213
1,0..10%,156,228727,2115,-0.0016754412116824283,-0.026040474223583042,8631.184702844868,-9014.403344869355,101749,124813
1,0..10%,157,227839,2112,-0.0016306692523696163,-0.026066809564941843,8638.071479246664,-9009.601531037304,101364,124372
1,0..10%,158,226783,2112,-0.0016199412497097405,-0.026983569986129118,8630.244123295095,-8997.619259728046,100901,123868
1,0..10%,159,225973,2108,-0.0015734609598114448,-0.02590961756310584,8634.21551984614,-8989.775213317576,100464,123458
1,0..10%,160,224965,2110,-0.001485875520725246,-0.025417556831493316,8639.119353945618,-8973.389340465585,100017,122886
1,0..10%,161,223970,2108,-0.0015072237915519254,-0.025633719631570556,8625.67321606833,-8963.24612866222,99548,122307
1,0..10%,162,223170,2111,-0.0014504800941565886,-0.024971476865540455,8630.723157205364,-8954.426799818277,99202,122003
1,0..10%,163,222090,2108,-0.0015066061500001349,-0.025699958321370415,8612.08809920937,-8946.690259062916,98621,121483
1,0..10%,164,221270,2113,-0.0014478496360125484,-0.026041734949267814,8614.246472375016,-8934.61216133554,98302,120884
1,0..10%,165,220274,2111,-0.0013874964887395278,-0.02525703002506918,8620.086541224566,-8925.71594278516,97868,120412
1,0..10%,166,219379,2111,-0.0013448090240583822,-0.026379995890030962,8621.636155083785,-8916.65901397267,97532,119865
1,0..10%,167,218452,2113,-0.001343728483115279,-0.026314839261782092,8615.636168925894,-8909.176343519408,97043,119449
1,0..10%,168,217492,2111,-0.0013514196630973253,-0.02637866209475512,8603.555002830915,-8897.477968197289,96555,119001
1,0..10%,169,216494,2108,-0.001450155510110713,-0.026621406727708494,8577.218363298009,-8891.168330303884,96190,118384
1,0..10%,170,215648,2110,-0.0014573385186341266,-0.02606150279849652,8566.028963068917,-8880.301099935316,95779,117962
1,0..10%,171,214773,2112,-0.0014431920260184776,-0.02632349625476185,8565.882090625017,-8875.840771629117,95324,117520
1,0..10%,172,213922,2114,-0.0013630935400622862,-0.027293958086744795,8573.906727306488,-8865.502423583694,95064,116990
1,0..10%,173,212995,2112,-0.0013375239497126685,-0.027227486140118707,8567.338846631237,-8852.224760300314,94565,116540
1,0..10%,174,212080,2110,-0.0013379374310712134,-0.0268267956357293,8556.129889520511,-8839.879659902104,94241,116036
1,0..10%,175,210929,2110,-0.0013130661248447343,-0.026717348558082405,8540.563188502389,-8817.52691314977,93661,115450
1,0..10%,176,210012,2114,-0.0013345965060566462,-0.026377759324747303,8526.069241051367,-8806.350522481369,93309,114866
1,0..10%,177,209130,2111,-0.0013308848158139358,-0.026770981613126334,8519.947617085436,-8798.275558616593,92854,114546
1,0..10%,178,208169,2104,-0.0013116264862901863,-0.0266865364208442,8505.971770945078,-8779.011744969637,92348,114004
1,0..10%,179,207346,2103,-0.0013072048787582382,-0.026695770960549217,8495.44579629546,-8766.489499086467,92098,113453
1,0..10%,180,206386,2103,-0.001330846257320139,-0.02639271078052315,8470.014146199956,-8744.682181863225,91623,112971
1,0..10%,181,205436,2102,-0.0013509215067645545,-0.026238531049435538,8458.08865392121,-8735.616564584883,91066,112579
1,0..10%,182,204527,2100,-0.0013439484932358217,-0.02587790853327453,8444.991995147919,-8719.86574862398,90740,112075
1,0..10%,183,203715,2099,-0.0013214588307478316,-0.026156847445166373,8448.551891474737,-8717.752877180534,90399,111556
1,0..10%,184,202859,2104,-0.0013801144479716739,-0.02665389922746319,8428.36822328482,-8708.336860085883,89907,111206
1,0..10%,185,201966,2103,-0.0013902087130285836,-0.026305592038664605,8408.681909904977,-8689.456802840468,89609,110658
1,0..10%,186,200928,2106,-0.0013639188394281496,-0.026595099095097472,8390.983042063113,-8665.032526631718,89137,110107
1,0..10%,187,199944,2105,-0.001418346641372543,-0.026078440306513573,8371.714026665724,-8655.303927528385,88741,109602
1,0..10%,188,199147,2105,-0.001349224697911022,-0.026283387341415828,8376.893899987823,-8645.587950902698,88393,109135
1,0..10%,189,198070,2097,-0.0013592703233424013,-0.025933858459985314,8350.8071300951,-8620.037803039542,87949,108501
1,0..10%,190,197215,2105,-0.0013598120024222182,-0.027127708342537075,8337.794629264388,-8605.969953322114,87503,108084
1,0..10%,191,196322,2105,-0.0012929097984780832,-0.026619331421171566,8333.998916062785,-8587.825553519573,87116,107610
1,0..10%,192,195452,2103,-0.0014291557202209,-0.027097566655216444,8299.13625376537,-8578.467597593997,86735,107165
1,0..10%,193,194491,2104,-0.0013963001778960552,-0.026725460576050977,8290.29774239826,-8561.865560297465,86320,106589
1,0..10%,194,193582,2106,-0.001359034897397728,-0.026464401487530917,8280.904548461369,-8543.989241969419,85889,106160
1,0..10%,195,192883,2104,-0.0014898280330575804,-0.027603582336869464,8258.811521019608,-8546.174021519917,85465,105880
1,0..10%,196,191785,2106,-0.0014195100212995866,-0.026427866055756588,8241.82907141266,-8514.069800847603,84993,105253
1,0..10%,197,190801,2108,-0.001485316433002271,-0.02679465778362229,8219.703102502022,-8503.102963235273,84498,104822
1,0..10%,198,189838,2099,-0.0014776889931374113,-0.026502537412588616,8208.605872116861,-8489.127395196094,83867,104404
1,0..10%,199,188966,2104,-0.0014665768254769585,-0.026518781879362442,8187.624345565738,-8464.757501968832,83550,103849
1,0..10%,200,187961,2103,-0.0015698200916589636,-0.026579885575293925,8148.857280435279,-8443.922234683594,82987,103416
1,0..10%,201,187111,2105,-0.001609351822484403,-0.027477989604966717,8126.829241751694,-8427.956670608568,82708,102913
1,0..10%,202,186102,2101,-0.0015540451393165333,-0.02725290977032783,8115.044974166781,-8404.255882683861,82174,102429
1,0..10%,203,185056,2102,-0.0015887389589221532,-0.02734564066541564,8079.999425242641,-8374.005102024932,81673,101866
1,0..10%,204,184236,2101,-0.0015793201617564044,-0.028549317202246502,8073.766967584397,-8364.734596905777,81302,101378
1,0..10%,205,183214,2103,-0.0015664927065215462,-0.027792896419869786,8052.986049090112,-8339.989443822755,80863,100882
1,0..10%,206,182432,2104,-0.0015751144945235097,-0.02798985493557154,8033.534396949046,-8320.885684413961,80485,100453
1,0..10%,207,181442,2106,-0.0015696171268852015,-0.027043634700709578,8015.03870487278,-8299.833175609076,80028,99952
1,0..10%,208,180532,2106,-0.0016749640853942949,-0.027992001797853237,7988.619168961754,-8291.003785226158,79557,99541
1,0..10%,209,179585,2097,-0.0017098268393341395,-0.028924892600285777,7962.38403973927,-8269.443292681073,79119,98994
1,0..10%,210,178674,2099,-0.0017385984957503705,-0.028728093268449367,7941.577449292615,-8252.219796922316,78755,98497
1,0..10%,211,177760,2097,-0.0017537424157213245,-0.029072989994638258,7916.958459349773,-8228.703711168379,78431,97936
1,0..10%,212,176772,2097,-0.0018097870713696476,-0.02733953431920427,7891.886897251308,-8211.806577431473,77939,97501
1,0..10%,213,175814,2096,-0.0018361203517965289,-0.02942989690789965,7862.54033763149,-8185.356001162261,77630,96846
1,0..10%,214,174921,2100,-0.0018137957810612912,-0.02891466199454279,7864.20179190802,-8181.472763727024,77114,96461
1,0..10%,215,173962,2097,-0.0018333748257539557,-0.028903458151543517,7843.8724364809395,-8162.809987918764,76678,95969
1,0..10%,216,172955,2098,-0.0017446368157913097,-0.027769198613343416,7835.691902076004,-8137.435562551181,76295,95399
1,0..10%,217,172043,2098,-0.0018410464498870615,-0.028184367068456312,7814.715395441484,-8131.454549819421,75768,95007
1,0..10%,218,171161,2094,-0.001806678763116398,-0.027533104422850768,7801.61624435825,-8110.849188132008,75324,94561
1,0..10%,219,170151,2093,-0.0017721662504413115,-0.027811088618062058,7785.726623758671,-8087.262483437522,74936,93961
1,0..10%,220,169242,2093,-0.001796249668182625,-0.02719553592779829,7764.518903644401,-8068.519789986951,74480,93577
1,0..10%,221,168260,2099,-0.0017959587479540492,-0.02785747094642163,7741.5821941595495,-8043.770213090309,74070,92998
1,0..10%,222,167285,2095,-0.0018562211652628274,-0.026551454131273636,7716.707160602697,-8027.225118233702,73716,92410
1,0..10%,223,166349,2096,-0.0018991567824894662,-0.02769863953261178,7696.706962132232,-8012.629793742577,73189,91974
1,0..10%,224,165334,2097,-0.0018384487256242958,-0.028504461239476843,7675.626711626906,-7979.584793229269,72883,91301
1,0..10%,225,164353,2100,-0.0018191348320893027,-0.028117365200669247,7655.533181429668,-7954.513448488022,72477,90744
1,0..10%,226,163459,2096,-0.0018944531767521795,-0.0297021961036628,7623.029648395955,-7932.695070214708,72022,90302
1,0..10%,227,162372,2098,-0.001927798863488518,-0.02774278670033866,7593.694300986277,-7906.714858048648,71466,89762
1,0..10%,228,161478,2093,-0.0019637494265057325,-0.027276322032330054,7564.728363615857,-7881.830693509146,71042,89291
1,0..10%,229,160694,2093,-0.0019508758166612904,-0.026253703325158098,7553.008662204203,-7866.502700686771,70684,88850
1,0..10%,230,159769,2096,-0.002166431773272021,-0.027374566084017237,7510.007469906287,-7856.13610789018,70157,88464
1,0..10%,231,158906,2090,-0.002049905638668013,-0.027826360195035635,7499.27274323768,-7825.015048655859,69827,87962
1,0..10%,232,157890,2097,-0.0020752155721498024,-0.028727158787072726,7480.138009535415,-7807.793796222181,69320,87449
1,0..10%,233,157036,2097,-0.002200735440985713,-0.028260249769425417,7441.200244882696,-7786.794935593343,68942,86994
1,0..10%,234,156067,2100,-0.0021477788370788888,-0.028748616042868186,7420.543074910818,-7755.74047467719,68539,86390
1,0..10%,235,155144,2094,-0.0020560696822485387,-0.028269306047002528,7410.6201732705895,-7729.607048053344,68188,85869
1,0..10%,236,154102,2095,-0.0021385328191059687,-0.02818939233465943,7374.354751489924,-7703.906935979793,67631,85351
1,0..10%,237,153199,2094,-0.0021210216431879923,-0.02816056874026844,7350.375021937793,-7675.313416652556,67259,84890
1,0..10%,238,152310,2092,-0.0021460974073344704,-0.027169764705363298,7330.060255107586,-7656.932351218709,66791,84489
1,0..10%,239,151303,2097,-0.0020729264482890176,-0.026464296245370576,7318.281730086285,-7631.921720491768,66321,83969
1,0..10%,240,150345,2094,-0.002088792304311152,-0.027817996281712394,7287.198300299138,-7601.237779290757,65867,83473
1,0..10%,241,149299,2097,-0.002275200849972725,-0.02721234161217831,7239.091980043532,-7578.777191743594,65391,82914
1,0..10%,242,148495,2097,-0.0022657124171749977,-0.027662858242285482,7219.716873438367,-7556.163838826767,64942,82564
1,0..10%,243,147563,2098,-0.0023979624235420005,-0.02755592876335265,7178.7488573773135,-7532.599386482448,64522,82086
1,0..10%,244,146494,2097,-0.0023478678120148347,-0.029304919245328544,7151.333354213143,-7495.281901466446,64130,81419
1,0..10%,245,145569,2093,-0.0023267456465810286,-0.030090770989578304,7126.365558562527,-7465.067595589692,63670,80952
1,0..10%,246,144702,2092,-0.002312857588302106,-0.03019558473504237,7104.87132541052,-7439.546444152993,63299,80517
1,0..10%,247,143599,2094,-0.0023379730453136874,-0.031043754287161825,7070.847890306056,-7406.578481640052,62828,79806
1,0..10%,248,142799,2096,-0.0022911549951065047,-0.03008304200426195,7048.919674601442,-7376.094316747624,62480,79425
1,0..10%,249,141906,2095,-0.002210709853209075,-0.03082978888992474,7034.43019544586,-7348.143187875363,62053,78961
1,0..10%,250,140820,2092,-0.002129766625473947,-0.02923842663737901,7018.610951173772,-7318.524687372999,61557,78375
1,0..10%,251,139910,2097,-0.0022018511260810097,-0.02942184834900119,6980.899317910304,-7288.960308960314,61106,77910
1,0..10%,252,138941,2095,-0.0022386438510455446,-0.02855315630986236,6953.468075262703,-7264.507490570824,60675,77380
1,0..10%,253,138110,2093,-0.002211227883576289,-0.028532249709751132,6930.40097357991,-7235.793656580622,60326,76896
1,0..10%,254,137064,2096,-0.002092688797805814,-0.02953927876277409,6908.1570832157495,-7194.989380598222,59867,76318
1,0..10%,255,136092,2096,-0.002309292808073174,-0.03001268899098561,6866.055458692454,-7180.331735528746,59343,75907
1,0..10%,256,135150,2093,-0.002186549336664817,-0.029336431810288898,6850.0492319919995,-7145.561374842262,58905,75417
1,0..10%,257,134180,2095,-0.0023459555442719507,-0.02981859202991976,6803.842623709354,-7118.622938639756,58538,74805
1,0..10%,258,133313,2098,-0.002613101157458967,-0.030679659007848924,6746.5467977636035,-7094.90715236794,58013,74412
1,0..10%,259,132251,2095,-0.0028237403041821447,-0.030653183013788752,6682.135126922917,-7055.577605891318,57635,73794
1,0..10%,260,131212,2093,-0.0029023000193862296,-0.030175643455619003,6643.55594698337,-7024.372537127064,57075,73307
1,0..10%,261,130286,2095,-0.002887329528026003,-0.029922235257778325,6612.707493122282,-6988.886108010692,56724,72762
1,0..10%,262,129348,2088,-0.002899235112472423,-0.028869053235583458,6594.820344764859,-6969.830608092947,56252,72277
1,0..10%,263,128284,2095,-0.00291316628803995,-0.029857442451502937,6558.990773918988,-6932.703398013897,55745,71756
1,0..10%,264,127347,2095,-0.002945519572223466,-0.029161709562299062,6527.358090006262,-6902.461170970199,55316,71239
1,0..10%,265,126346,2094,-0.00297841763810464,-0.028303125070181973,6491.892670103651,-6868.203825007609,54812,70742
1,0..10%,266,125377,2098,-0.003085875890460023,-0.028768633778399465,6455.968899418974,-6842.866760937202,54382,70206
1,0..10%,267,124410,2096,-0.003136701623995615,-0.028270294308592264,6420.942995404811,-6811.180044446112,53895,69745
1,0..10%,268,123403,2095,-0.003089616020546157,-0.02919484478270259,6398.121720204093,-6779.38960598756,53462,69201
1,0..10%,269,122447,2095,-0.0032128214026329446,-0.029720971800382905,6356.675079540573,-6750.07542182876,53025,68673
1,0..10%,270,121540,2094,-0.003397088310190345,-0.030886864877773958,6308.303870918342,-6721.185984138883,52643,68167
1,0..10%,271,120611,2092,-0.003602251646291036,-0.02942736510900298,6257.474677890726,-6691.945851201553,52094,67772
1,0..10%,272,119644,2092,-0.0036519851826083073,-0.029955799154599123,6220.493347852882,-6657.431463040888,51649,67192
1,0..10%,273,118650,2089,-0.00379689953464656,-0.03005991686083874,6176.40193549618,-6626.904065282003,51198,66743
1,0..10%,274,117703,2092,-0.0037619524274508727,-0.02905638149833231,6143.937464757522,-6586.730551325782,50794,66224
1,0..10%,275,116585,2092,-0.0037903346578131605,-0.03049401462957715,6112.251320169737,-6554.147486250866,50162,65746
1,0..10%,276,115674,2096,-0.0039255551862407735,-0.029954277128914644,6073.685009352739,-6527.769679965924,49602,65366
1,0..10%,277,114607,2089,-0.003810344809216444,-0.029625514704775726,6050.106967316015,-6486.7991548659065,49184,64775
1,0..10%,278,113630,2091,-0.0038106795370442485,-0.029458077525560754,6010.254469093752,-6443.261984888094,48711,64261
1,0..10%,279,112676,2093,-0.003984490765733004,-0.029833024916194845,5967.500611417551,-6416.4570929372585,48331,63709
1,0..10%,280,111677,2099,-0.004034234380035801,-0.02977284322732081,5922.812429802574,-6373.343622661834,47767,63227
1,0..10%,281,110724,2091,-0.003983424843988423,-0.029440205439804606,5893.992278043412,-6335.053010469193,47375,62714
1,0..10%,282,109722,2095,-0.003942954715396895,-0.028159727283097534,5865.728509267187,-6298.357386549985,46956,62156
1,0..10%,283,108726,2098,-0.004196743546707551,-0.029801626966931113,5810.461825052096,-6266.756963911401,46437,61664
1,0..10%,284,107762,2094,-0.004144889170189333,-0.029829137099254128,5783.954728951307,-6230.616275709213,45914,61261
1,0..10%,285,106755,2093,-0.0042073500956310616,-0.02810018739935948,5749.491658338149,-6198.647317797226,45426,60731
1,0..10%,286,105783,2090,-0.004177407449272671,-0.028847304268606346,5720.034662524699,-6161.933354731119,44948,60235
1,0..10%,287,104770,2096,-0.004263692966209553,-0.02881777953020996,5673.166472297261,-6119.8735843670165,44475,59693
1,0..10%,288,103743,2095,-0.0044086810121522005,-0.028511785596863105,5628.949754754395,-6086.319548998113,43970,59180
1,0..10%,289,102751,2091,-0.004504637411749473,-0.027725307788923556,5586.966478245072,-6049.822476939741,43500,58689
1,0..10%,290,101868,2089,-0.004552249280873069,-0.02849788593324836,5549.401988557864,-6013.130518301839,43124,58179
1,0..10%,291,100885,2093,-0.004514883775546991,-0.028392411012506676,5518.892430868998,-5974.376480565034,42745,57564
1,0..10%,292,99940,2089,-0.004545703617501956,-0.028758551122494265,5485.522647203275,-5939.820266736426,42213,57190
1,0..10%,293,98958,2090,-0.004665982314366494,-0.028518988416198286,5435.930800649373,-5897.667078514452,41776,56640
1,0..10%,294,97980,2090,-0.0045260350950874426,-0.027716061195894967,5405.00924606681,-5848.470164683491,41350,56086
1,0..10%,295,96907,2089,-0.0045057473531806645,-0.02878161008134177,5365.506102213078,-5802.144560967755,40859,55470
1,0..10%,296,95933,2092,-0.004325843527173299,-0.028120813333116293,5335.438155874227,-5750.429302966577,40480,54932
1,0..10%,297,94812,2093,-0.00447915992511999,-0.029072169456185685,5278.410178004962,-5703.088288825429,39944,54347
1,0..10%,298,93846,2093,-0.0047441493117506214,-0.028601055117183246,5220.764933481193,-5665.984369791739,39473,53870
1,0..10%,299,92776,2090,-0.0046380476072967955,-0.02878419988476577,5185.537103126259,-5615.836607940835,38995,53280
1,0..10%,300,91788,2088,-0.004652611112748618,-0.02792347525307286,5143.279019847627,-5570.332888664588,38559,52730
1,0..10%,301,90719,2088,-0.004781347845363491,-0.028168907079203092,5087.251092440524,-5521.010187624057,38091,52089
1,0..10%,302,89709,2093,-0.004693204199958761,-0.02896816291292283,5055.51536073932,-5476.538016313447,37613,51612
1,0..10%,303,88688,2087,-0.004801906344738782,-0.02833835837557781,5011.835924301331,-5437.707394203526,37064,51129
1,0..10%,304,87679,2089,-0.004851980046483864,-0.029056357142216868,4967.955358410499,-5393.372116906145,36722,50471
1,0..10%,305,86644,2085,-0.00472998975162936,-0.028573736419541997,4936.062100296113,-5345.887332336291,36183,49966
1,0..10%,306,85550,2088,-0.004883854681869802,-0.028139031154295235,4885.013079819594,-5302.826847853552,35712,49352
1,0..10%,307,84590,2093,-0.005103229193997344,-0.029325358812939625,4826.18057950038,-5257.86273702062,35294,48824
1,0..10%,308,83464,2083,-0.004997868242633189,-0.030659736803562328,4785.623824645003,-5202.765899648149,34759,48219
1,0..10%,309,82467,2085,-0.005237355186083163,-0.02996561632323712,4729.1529015039205,-5161.061871634639,34247,47776
1,0..10%,310,81437,2087,-0.005071504442447143,-0.029029969447663784,4690.127232135712,-5103.135339415279,33809,47182
1,0..10%,311,80394,2084,-0.004981905741655817,-0.029283406669971087,4649.444645969199,-5049.959976163878,33375,46606
1,0..10%,312,79287,2082,-0.005059481061917801,-0.030445921361900222,4598.00811011894,-4999.159185075209,32779,46092
1,0..10%,313,78147,2085,-0.005099590711776315,-0.02904180073875007,4550.14906462557,-4948.666779978746,32268,45449
1,0..10%,314,77157,2086,-0.004914940421842562,-0.029030568410955172,4511.746461248424,-4890.9685193765245,31840,44927
1,0..10%,315,76091,2081,-0.004965079851557884,-0.03004238185442666,4464.172752962931,-4841.970643947816,31348,44348
1,0..10%,316,75028,2084,-0.005043132465470122,-0.0309433334368011,4412.235141681865,-4790.611284301176,30846,43758
1,0..10%,317,73929,2078,-0.005197740023714634,-0.03034580346939777,4351.015686554896,-4735.279408768109,30336,43177
1,0..10%,318,72856,2080,-0.0049743772720240945,-0.029571959499884656,4314.327150471567,-4676.740381002159,29923,42542
1,0..10%,319,71764,2080,-0.004962592215171111,-0.028810347425888987,4267.685717942553,-4623.821185672097,29347,42031
1,0..10%,320,70648,2079,-0.005090343387424085,-0.029094418339458916,4199.316031610667,-4558.938611245407,28926,41354
1,0..10%,321,69554,2075,-0.005031596440170757,-0.030025127199473086,4155.270836045995,-4505.2384948456365,28429,40768
1,0..10%,322,68540,2076,-0.005101981183432709,-0.03203429832673228,4099.251557056292,-4448.941347368756,27979,40210
1,0..10%,323,67380,2079,-0.0051352680200031494,-0.029589058318641687,4044.6814770737706,-4390.695836261588,27462,39548
1,0..10%,324,66218,2074,-0.005109249206713429,-0.029115736841102014,3986.568348276307,-4324.892612246466,26981,38909
1,0..10%,325,65225,2077,-0.005092002429179626,-0.02822616953278757,3940.834873271949,-4272.960731715188,26634,38263
1,0..10%,326,64111,2072,-0.005185515717544419,-0.02819257204960663,3885.857036547303,-4218.30563471478,26113,37650
1,0..10%,327,62962,2067,-0.004984692444277071,-0.029724013037730687,3836.7129477711023,-4150.559153447669,25684,36949
1,0..10%,328,61919,2070,-0.004962706503298867,-0.028781449657974273,3781.614880547632,-4088.9007045254048,25241,36374
1,0..10%,329,60778,2074,-0.004902145330232801,-0.02909303758271661,3730.758389409112,-4028.700978290005,24760,35675
1,0..10%,330,59642,2074,-0.004648810465485363,-0.029504032641381475,3675.5428110222047,-3952.80716480468,24313,35015
1,0..10%,331,58526,2071,-0.004610222439239979,-0.02889699921409472,3622.3249561085154,-3892.142834587468,23800,34426
1,0..10%,332,57371,2071,-0.004595174863892804,-0.029909125166963077,3558.236913164497,-3821.8666902809073,23321,33767
1,0..10%,333,56259,2065,-0.004405926126584312,-0.028252541278754692,3510.9810963579753,-3758.8540943134885,22887,33070
1,0..10%,334,55150,2068,-0.004132309917422176,-0.02742019677114152,3465.857709855668,-3693.754601801514,22370,32496
1,0..10%,335,53971,2066,-0.004342314396843877,-0.029219951279422465,3394.6678046022676,-3629.02685491433,21877,31823
1,0..10%,336,52842,2066,-0.00443123232481384,-0.028439717951037773,3332.5832854925216,-3566.738464000335,21445,31146
1,0..10%,337,51675,2067,-0.004568841475141985,-0.029327799287440413,3263.8193632098405,-3499.9142464377996,20897,30524
1,0..10%,338,50452,2064,-0.00485846490172574,-0.03154632615813956,3186.074588063663,-3431.193859285524,20410,29808
1,0..10%,339,49244,2067,-0.00461004002657171,-0.03155038202293223,3131.467760563087,-3358.4845716315876,19862,29149
1,0..10%,340,48109,2063,-0.0047545951307604835,-0.03107775463048952,3063.4576176477563,-3292.1964347935136,19388,28515
1,0..10%,341,46884,2065,-0.004672301243660353,-0.029842046983863845,3000.208836562094,-3219.2650080698736,18843,27809
1,0..10%,342,45694,2052,-0.004990111766383402,-0.029994437802226697,2928.17132843823,-3156.189495491346,18345,27137
1,0..10%,343,44419,2060,-0.005354754560245464,-0.03155183934755374,2842.5498261916196,-3080.402669003158,17740,26455
1,0..10%,344,43215,2052,-0.0054380274745661865,-0.03123442358717644,2776.0926673725617,-3011.0970246859465,17222,25778
1,0..10%,345,41984,2057,-0.0054826343623945095,-0.02987212433694692,2711.567249127752,-2941.7501701985293,16700,25095
1,0..10%,346,40710,2050,-0.005180271926415275,-0.027768213259319323,2654.0394801361804,-2864.9283502605545,16122,24386
1,0..10%,347,39439,2048,-0.005274350063858754,-0.029382421385513016,2582.911693967837,-2790.926786136357,15568,23662
1,0..10%,348,38082,2041,-0.004889396931267046,-0.030362489430821628,2521.3862638314504,-2707.584277767954,14990,22884
1,0..10%,349,36798,2038,-0.0048824953082025726,-0.030260184920787025,2447.976530023911,-2627.6425923751585,14461,22157
1,0..10%,350,35436,2032,-0.005191474433247302,-0.03042346268805383,2358.3736269672913,-2542.3387149838454,13875,21364
1,0..10%,351,34076,2032,-0.00596305882109602,-0.029673239869420765,2255.2370942835278,-2458.4342866711872,13379,20520
1,0..10%,352,32682,2030,-0.00665147883938317,-0.030096909491149588,2151.04787079317,-2368.431502221885,12793,19706
1,0..10%,353,31307,2022,-0.007021520953509193,-0.03076083720262453,2056.567764083842,-2276.3905205753617,12276,18864
1,0..10%,354,29865,2002,-0.00728941636123475,-0.029941489083295216,1963.962572333128,-2181.6609919614057,11707,18000
1,0..10%,355,28425,1993,-0.0074286606649539046,-0.030515341071788563,1876.2030377666151,-2087.3627171679345,11101,17195
1,0..10%,356,26905,1961,-0.006950231665782525,-0.028469217905999544,1793.7310162211647,-1980.7269991890407,10496,16283
1,0..10%,357,25400,1917,-0.00679802558010945,-0.02765386469663688,1705.7781022677575,-1878.4479520025375,9916,15353
1,0..10%,358,23839,1811,-0.007220250260641938,-0.027480129052058426,1596.0673844185378,-1768.1909303819766,9301,14422
1,0..10%,359,22114,1040,-0.00682666328485519,-0.03466957911362854,1491.399354055119,-1642.3641859364047,8612,13390
1,0..10%,360,21478,1040,-0.006972970547957934,-0.035260225861164056,1454.752533817036,-1604.5179952460796,8339,13035
1,0..10%,361,20877,1044,-0.006796090020250869,-0.03186697261087398,1426.0389160245886,-1567.9208873773682,8100,12678
1,0..10%,362,20328,1042,-0.007047565654066612,-0.03145820727523447,1389.8684946229432,-1533.131409238807,7854,12374
1,0..10%,363,19735,1039,-0.007159558209861284,-0.034375011588200395,1351.363957428457,-1492.6578387000682,7620,12014
1,0..10%,364,19108,1037,-0.0075617283847816295,-0.03398821164608268,1309.6671063012925,-1454.1566122777022,7347,11665
1,0..10%,365,18589,1036,-0.007778941206632673,-0.03350431672538627,1275.4064863857855,-1420.0092244758782,7167,11309
1,0..10%,366,17937,1038,-0.008108195116246525,-0.032658261426059314,1234.4648228992035,-1379.9015186993183,6906,10928
1,0..10%,367,17316,1038,-0.008738712961590395,-0.03384936829435767,1192.1560355942183,-1343.4755892371152,6654,10578
1,0..10%,368,16723,1034,-0.009045688674064967,-0.03386324168737934,1150.857689963081,-1302.1287416594687,6442,10193
1,0..10%,369,16040,1034,-0.00998304173443132,-0.03570271103268513,1099.2989880938903,-1259.42697751417,6175,9772
1,0..10%,370,15440,1032,-0.010446752156682216,-0.03392040564970441,1053.8118619414067,-1215.1097152405823,5931,9427
1,0..10%,371,14791,1035,-0.010977491448279504,-0.032965504533218705,1007.1122719103429,-1169.4803479218433,5697,9010
1,0..10%,372,14095,1033,-0.011826178081375233,-0.03393316800459169,956.1494828521111,-1122.8394629090928,5402,8624
1,0..10%,373,13434,1030,-0.012823370660475895,-0.03326122528910161,904.1013678050883,-1076.370529257922,5080,8271
1,0..10%,374,12770,1033,-0.01443358008218365,-0.03359329688362797,846.9683112072136,-1031.2851288567003,4817,7885
1,0..10%,375,12142,1034,-0.015428723730971077,-0.03250614957758085,802.4608291701209,-989.7963927115716,4555,7515
1,0..10%,376,11464,1031,-0.01665084791736862,-0.03397270214689308,750.6143049838848,-941.4996255085982,4288,7117
1,0..10%,377,10777,1034,-0.017252075878718406,-0.034932365830297615,704.0485823205895,-889.9742040655393,4026,6681
1,0..10%,378,10084,1033,-0.017497286408234284,-0.035906306585142295,663.6373859308558,-840.0800220714914,3771,6251
1,0..10%,379,9374,1034,-0.01830035997408861,-0.0346272570254845,618.5656940119007,-790.1132684090071,3495,5826
1,0..10%,380,8604,1025,-0.01961552827706288,-0.03292972807646771,567.9861559128217,-736.7581612086703,3193,5363
1,0..10%,381,7847,1022,-0.020628940637484973,-0.0325020221546664,521.3740660190383,-683.249363201382,2881,4913
1,0..10%,382,7091,1020,-0.02117223356064238,-0.03347941434379695,471.8427536615124,-621.9750618400269,2589,4467
1,0..10%,383,6285,1013,-0.021171349675399943,-0.03155293453527164,427.9345771337462,-560.9965098436346,2284,3968
1,0..10%,384,5466,1010,-0.02307187640969973,-0.037061255773209956,370.7738062524249,-496.8846827078427,1975,3461
1,0..10%,385,4528,998,-0.026242926210257977,-0.036776570965917466,304.28612199071114,-423.1140918707603,1633,2883
1,0..10%,386,3566,980,-0.03130700917946553,-0.039363477297533075,235.161151588351,-346.80194632232553,1255,2292
1,0..10%,387,2534,950,-0.034677316015148764,-0.038117919207287874,167.0255768027169,-254.89789558510358,888,1635
1,0..10%,388,1392,869,-0.03675394468256246,-0.03349302583445936,92.63888639574346,-143.80037739387032,469,918
2,10..30%,0,193537,1683,0.0,0.0,0.0,0.0,0,0
2,10..30%,1,184796,1672,-0.00015799423944899517,-0.005539930411378787,1008.6780298691896,-1037.874733342403,85793,90835
2,10..30%,2,182993,1653,-0.0004419724131085391,-0.00844658824592541,1349.5101122088106,-1430.3879700007822,84784,92754
2,10..30%,3,181662,1642,-0.0006739677303320971,-0.01080372815062877,1592.7869016378058,-1715.2212274653998,83925,93333
2,10..30%,4,180539,1636,-0.0008364064641373834,-0.011898771365917014,1803.994701411498,-1954.998688040399,83168,93618
2,10..30%,5,180100,1647,-0.0010705981483483693,-0.01425573640644964,1996.7559898214824,-2189.5707163390302,82590,94318
2,10..30%,6,179560,1649,-0.0012201242552504598,-0.017245556910894536,2181.8567141316,-2400.942225404375,82288,94386
2,10..30%,7,178997,1648,-0.0013284969323384412,-0.01810944220138644,2343.8995471936723,-2581.6965125914453,81885,94396
2,10..30%,8,178213,1645,-0.001467697178154094,-0.01953026361171109,2482.5946265839757,-2744.1573437943434,81576,94189
2,10..30%,9,177515,1641,-0.0015841540019897987,-0.020848138793642793,2612.5902848213477,-2893.80138248457,81078,94153
2,10..30%,10,176951,1653,-0.0017269950819419828,-0.022160373513092534,2743.9086803031973,-3049.5021870479136,80665,94108
2,10..30%,11,176593,1652,-0.0018101736314264808,-0.02247071755158955,2871.633831754775,-3191.2978238492715,80287,94226
2,10..30%,12,175962,1650,-0.0019742450450523233,-0.023105551884578794,2969.897848220914,-3317.289954838409,79832,94156
2,10..30%,13,175361,1653,-0.002175431000226051,-0.02479156143263122,3061.523786559451,-3443.0095421900855,79167,94298
2,10..30%,14,174727,1652,-0.0023309089265880177,-0.025084514362758437,3151.814081007225,-3559.0868050231743,78764,94149
2,10..30%,15,174210,1651,-0.0024569178758475775,-0.02590947111690167,3242.892049962095,-3670.911713113506,78349,94117
2,10..30%,16,173575,1655,-0.0025680583135667882,-0.027748745712349754,3333.0852871914435,-3778.8360089687994,77886,94086
2,10..30%,17,173045,1651,-0.0027170502123446067,-0.027696572095222926,3411.994207498185,-3882.1661614933673,77307,94148
2,10..30%,18,172432,1650,-0.0028597625924791123,-0.0290547077130133,3486.760442189466,-3979.875025535812,76899,93980
2,10..30%,19,171993,1649,-0.0029753003198684683,-0.028798605306672435,3564.7623141383624,-4076.493142053493,76444,94073
2,10..30%,20,171411,1648,-0.003183404439510348,-0.029518483175227497,3628.3197331205943,-4173.990271501497,75865,94064
2,10..30%,21,170929,1655,-0.0032711869276493485,-0.028135076475640224,3709.4647450696925,-4268.605455425868,75500,94014
2,10..30%,22,170396,1653,-0.0034372031173470247,-0.029376204238247657,3770.471951441993,-4356.157613825448,75075,93968
2,10..30%,23,169762,1643,-0.003653779561185046,-0.030409233366263354,3818.4701756650484,-4438.743101530932,74701,93648
2,10..30%,24,169262,1641,-0.0037468234377218425,-0.030595427357871796,3880.325760335796,-4514.520589051471,74389,93552
2,10..30%,25,168625,1641,-0.0038702520904434837,-0.032203478103602176,3936.3450032637365,-4588.966262014763,74011,93405
2,10..30%,26,168074,1645,-0.004022334231600643,-0.03213871449587572,3990.6406904831933,-4666.69049412526,73532,93277
2,10..30%,27,167669,1650,-0.0040687062085762535,-0.03147573427804101,4055.7272661859192,-4737.923167471689,73278,93126
2,10..30%,28,167062,1649,-0.004137764005736852,-0.032196058825057244,4108.672960995243,-4799.93609132164,72793,93033
2,10..30%,29,166512,1644,-0.004271384071866042,-0.032875088746357604,4150.061537989922,-4861.298242564478,72467,92785
2,10..30%,30,165891,1638,-0.004290314496755299,-0.03311857472090177,4204.571014877015,-4916.295577058248,72201,92546
2,10..30%,31,165381,1641,-0.004405872171035328,-0.03294378324221259,4252.168890605379,-4980.816436123378,71777,92475
2,10..30%,32,164933,1638,-0.004557506914583458,-0.03437017461080429,4296.563631574478,-5048.246919517478,71513,92270
2,10..30%,33,164311,1642,-0.004589316003539341,-0.032649362690828077,4347.317485560336,-5101.3925874178785,71135,92083
2,10..30%,34,163719,1636,-0.004777446308061855,-0.03325585657030279,4373.065145438283,-5155.223877547865,70714,91905
2,10..30%,35,163193,1638,-0.004900996106614465,-0.033883238856000794,4411.990659497294,-5211.798917124035,70373,91768
2,10..30%,36,162735,1638,-0.005002604338579304,-0.033894396487711274,4459.156663124966,-5273.255480163656,69957,91700
2,10..30%,37,162137,1640,-0.005092320828111447,-0.03438361677402374,4497.181163745163,-5322.834785852671,69729,91355
2,10..30%,38,161602,1636,-0.005157258423855153,-0.03369100241383209,4541.2346463056765,-5374.657922117511,69504,91118
2,10..30%,39,161010,1633,-0.005306497039521343,-0.03570962995300374,4570.223040496225,-5424.622128829538,69024,91042
2,10..30%,40,160572,1632,-0.005475431928327071,-0.03683115703777702,4597.99140878783,-5477.19246438317,68696,90953
2,10..30%,41,160049,1636,-0.005643758724263984,-0.03738049176615598,4623.889334565069,-5527.16727462479,68273,90772
2,10..30%,42,159530,1635,-0.005787821542314177,-0.03734093638667044,4651.179825234356,-5574.5109958797175,67905,90672
2,10..30%,43,159003,1635,-0.005865187157377862,-0.036277678924273075,4687.885254161602,-5620.467607746151,67660,90463
2,10..30%,44,158458,1630,-0.005977732467174205,-0.035417930033433194,4715.386073375147,-5662.605604658655,67196,90341
2,10..30%,45,157925,1624,-0.006086970601986089,-0.03741741498830815,4742.310949952153,-5703.5957822708115,66965,90049
2,10..30%,46,157369,1624,-0.0062571412780429,-0.039920881117210864,4762.216058634571,-5746.896124418914,66658,89855
2,10..30%,47,156783,1630,-0.0063593715491392965,-0.038116790683214184,4782.437018675646,-5779.478368264369,66487,89471
2,10..30%,48,156380,1627,-0.006419733284577549,-0.036630939454431834,4810.646664416343,-5814.564555458569,66136,89383
2,10..30%,49,155838,1627,-0.0064694500062279755,-0.03637806911431591,4836.38011872217,-5844.566268792715,65905,89074
2,10..30%,50,155344,1626,-0.006574115820196741,-0.036933641984498715,4857.547420990849,-5878.7968689635045,65563,88926
2,10..30%,51,154736,1630,-0.006682117011890578,-0.03920667839605643,4878.187410713013,-5912.1514686649425,65202,88685
2,10..30%,52,154264,1629,-0.006778986414250777,-0.038021269810360775,4904.796711749541,-5950.550271957526,64807,88625
2,10..30%,53,153667,1620,-0.006877244393262246,-0.036649202279846645,4926.987305692096,-5983.792819871507,64546,88337
2,10..30%,54,153139,1631,-0.0068324027355500735,-0.03544702600395902,4965.980894598037,-6012.288217117448,64181,88110
2,10..30%,55,152675,1627,-0.006928817292105464,-0.03633968008598657,4986.180800473533,-6044.037980545725,63964,87851
2,10..30%,56,152109,1630,-0.007072530300873154,-0.0384569561147862,4999.982206924883,-6075.777718460409,63591,87721
2,10..30%,57,151684,1627,-0.007208197856954489,-0.03958749888523668,5014.821884768514,-6108.190168502813,63351,87514
2,10..30%,58,151077,1622,-0.007290105957325604,-0.0396326298769524,5033.662293163146,-6135.029630878025,63044,87228
2,10..30%,59,150505,1622,-0.00734340141985064,-0.03875804729454423,5061.404748400812,-6166.6233790954375,62740,86953
2,10..30%,60,149996,1622,-0.007363466823206368,-0.0386776191799399,5087.693621836471,-6192.184191450143,62544,86668
2,10..30%,61,149478,1622,-0.007471410324010119,-0.038240338334109836,5110.38436742229,-6227.195839834676,62334,86363
2,10..30%,62,148954,1621,-0.00758247498428236,-0.039198851989444845,5123.428816069214,-6252.868794878011,62046,86179
2,10..30%,63,148385,1622,-0.00776727518570973,-0.040580834646003656,5127.534818553048,-6280.081946984569,61750,85924
2,10..30%,64,147837,1619,-0.007849074932398774,-0.03961881795266936,5147.273156024425,-6307.656846805462,61456,85639
2,10..30%,65,147261,1621,-0.007878887708686116,-0.03679519062457583,5173.93007778553,-6334.18296065434,61106,85392
2,10..30%,66,146813,1623,-0.008062200222088018,-0.03838804416164514,5182.055669168117,-6365.691470373549,60851,85224
2,10..30%,67,146281,1622,-0.008105047824847363,-0.040313855408994244,5205.72059941413,-6391.335100280626,60413,85120
2,10..30%,68,145828,1620,-0.008201362862585573,-0.04091314078163206,5219.193631876857,-6415.181975401981,60346,84772
2,10..30%,69,145253,1615,-0.008367795831441198,-0.0414948039892995,5223.920955787749,-6439.368403692085,59946,84575
2,10..30%,70,144759,1615,-0.008427414173568628,-0.04022710090444231,5240.734167041362,-6460.678215392987,59709,84343
2,10..30%,71,144292,1617,-0.00846186529151992,-0.03920864098577044,5266.447103912333,-6487.426570556294,59492,84112
2,10..30%,72,143760,1620,-0.008549597786658621,-0.038819354816913884,5283.033298170587,-6512.123475980626,59244,83783
2,10..30%,73,143205,1618,-0.008689976956267024,-0.03886224298714909,5289.225890095156,-6533.67404011737,58999,83576
2,10..30%,74,142685,1616,-0.008879428485356767,-0.0388221494806525,5292.765971670427,-6559.727225103544,58628,83432
2,10..30%,75,142224,1617,-0.008957677206729029,-0.0414829728188062,5305.2868890014,-6579.283572051232,58339,83253
2,10..30%,76,141702,1616,-0.009137637880925574,-0.043062510584328736,5313.79216355792,-6608.613726560822,58034,83030
2,10..30%,77,141160,1617,-0.009179824577191105,-0.04295087298842821,5329.27838052854,-6625.102417844838,57908,82624
2,10..30%,78,140656,1619,-0.009109893048851018,-0.04148504451929588,5362.229671907641,-6643.590788586839,57712,82326
2,10..30%,79,140140,1620,-0.009157812223965335,-0.040653343028343336,5382.420288827098,-6665.796093893617,57456,82111
2,10..30%,80,139605,1623,-0.009253144308743124,-0.04152183963534582,5394.3200825483555,-6686.105293770443,57212,81836
2,10..30%,81,139096,1617,-0.009369715179627402,-0.042567779124646724,5398.606958778793,-6701.8968614042315,56977,81550
2,10..30%,82,138571,1613,-0.009500080233334604,-0.04256049213663102,5406.40776641364,-6722.84338442706,56653,81340
2,10..30%,83,138065,1615,-0.009576040817234717,-0.04235200024933097,5417.215555166069,-6739.33163059758,56452,81085
2,10..30%,84,137558,1614,-0.00973331195438631,-0.04055748581696952,5427.762363696449,-6766.65728951791,56153,80851
2,10..30%,85,137027,1618,-0.009772314570554776,-0.041179477999347125,5437.786537268832,-6776.857485928253,55909,80554
2,10..30%,86,136535,1617,-0.009881031481819421,-0.04184025143535423,5439.81518561077,-6788.921818980973,55551,80444
2,10..30%,87,136013,1622,-0.009995705849728833,-0.04405206848700432,5438.255604939724,-6797.801544678895,55400,80069
2,10..30%,88,135460,1613,-0.010045896709752948,-0.0441807009560578,5445.161329334411,-6805.978497637556,55055,79890
2,10..30%,89,135028,1612,-0.010140970113039258,-0.04410231546294845,5453.402351106119,-6822.717263529581,54878,79655
2,10..30%,90,134511,1606,-0.010260823007503238,-0.041281352061799545,5457.494174101902,-6837.687737664166,54567,79461
2,10..30%,91,134022,1612,-0.010409673050141552,-0.041887168563299264,5457.281419950837,-6852.406621476893,54280,79243
2,10..30%,92,133506,1609,-0.01051623549950957,-0.04291509361291683,5457.847629347719,-6861.828165945246,54046,78957
2,10..30%,93,132962,1602,-0.010687850595004576,-0.042528910713736885,5450.025667355737,-6871.103658168723,53727,78731
2,10..30%,94,132475,1608,-0.010809459627488164,-0.043328739772269816,5452.72358207384,-6884.706746225341,53423,78521
2,10..30%,95,131892,1605,-0.010901422967549762,-0.04247075494175665,5453.663113039856,-6891.473591075934,53096,78287
2,10..30%,96,131317,1606,-0.010982753225622824,-0.040815160026984626,5455.784073797321,-6898.006279126455,52808,77987
2,10..30%,97,130853,1613,-0.011069414632858482,-0.04139038547511818,5464.208895239733,-6912.675008193168,52547,77815
2,10..30%,98,130322,1613,-0.011032101971699994,-0.040666904465070014,5475.819488021041,-6913.545081176919,52296,77504
2,10..30%,99,129770,1606,-0.011198401787818906,-0.04104605390208302,5474.255262375439,-6927.47186238071,52021,77274
2,10..30%,100,129329,1603,-0.01121847128576507,-0.04226535081496157,5487.54580311993,-6938.419476036644,51758,77113
2,10..30%,101,128830,1609,-0.01130556408738516,-0.04119651384882971,5490.711005232423,-6947.206826610232,51446,76895
2,10..30%,102,128251,1601,-0.011456750092148223,-0.041388954850816256,5486.041064964215,-6955.380721032329,51246,76567
2,10..30%,103,127800,1600,-0.011540710722856735,-0.04060924203479461,5489.209031668099,-6964.111862049201,50972,76351
2,10..30%,104,127272,1607,-0.011622721966940258,-0.039822003462730036,5494.978854832417,-6974.225925008836,50687,76132
2,10..30%,105,126704,1599,-0.011748664398829758,-0.04200934142847945,5489.044760285084,-6977.647534274404,50441,75822
2,10..30%,106,126215,1598,-0.011835494235437364,-0.0404839810267776,5488.7166897563475,-6982.533594682056,50173,75568
2,10..30%,107,125645,1596,-0.011915672198700796,-0.040820346063052466,5491.230685145913,-6988.375318551653,49886,75320
2,10..30%,108,125149,1594,-0.01199014223409667,-0.03991414046769057,5485.734436611527,-6986.288747066483,49691,75031
2,10..30%,109,124602,1599,-0.012060946168531136,-0.040692856878721394,5485.744242202404,-6988.562256693705,49467,74690
2,10..30%,110,124179,1592,-0.012086805705636026,-0.040065130297738505,5488.080645620708,-6989.008091340864,49181,74559
2,10..30%,111,123620,1587,-0.012145530519589547,-0.04126383465093785,5491.42110042944,-6992.851583261101,48875,74312
2,10..30%,112,123113,1592,-0.012140441964935236,-0.04066769116461118,5494.000749685954,-6988.646981315034,48646,73971
2,10..30%,113,122616,1593,-0.012143498533724725,-0.041249101808492325,5500.927932406316,-6989.915148617505,48392,73793
2,10..30%,114,122140,1605,-0.01221819704388456,-0.041685118353998026,5505.139973845325,-6997.470560785392,48122,73590
2,10..30%,115,121541,1601,-0.012319480877858434,-0.04120382885204747,5493.6204836441075,-6990.942509019894,47881,73227
2,10..30%,116,121068,1598,-0.012470755843264061,-0.04263965100690929,5484.972084369289,-6994.781552801571,47551,73093
2,10..30%,117,120524,1586,-0.012641929608784588,-0.04262168579252072,5471.674960729432,-6995.330884898598,47249,72855
2,10..30%,118,120057,1593,-0.012808917775411604,-0.041944362150361195,5464.703577068289,-7002.503818430897,47027,72633
2,10..30%,119,119578,1593,-0.012922207535087228,-0.04151392506275906,5463.508243469546,-7008.719976100227,46728,72484
2,10..30%,120,119038,1587,-0.012957224568989359,-0.040190324879722954,5460.920500971,-7003.322599214371,46458,72181
2,10..30%,121,118571,1581,-0.01294307586916593,-0.0396486692967008,5464.269463314849,-6998.942912197735,46299,71846
2,10..30%,122,118026,1589,-0.013079903989046146,-0.04091458499043935,5461.084282898189,-7004.853031109334,46037,71569
2,10..30%,123,117544,1583,-0.013149679378532982,-0.04182323969919512,5457.658369263551,-7003.324282133842,45861,71326
2,10..30%,124,117076,1590,-0.013299184165771383,-0.041021507306945496,5448.941840636013,-7005.957126027859,45643,71066
2,10..30%,125,116591,1589,-0.013299246731430542,-0.03960630216561023,5448.793482303737,-6999.365957967949,45478,70756
2,10..30%,126,116073,1580,-0.01342937729228922,-0.04084097743347553,5443.4643505373615,-7002.252460985243,45238,70484
2,10..30%,127,115592,1579,-0.013419338139138101,-0.03972665691290121,5447.432214109927,-6998.600348289189,45065,70150
2,10..30%,128,115122,1583,-0.013423948611212143,-0.04096551486140087,5450.7074734957605,-6996.099285515709,44868,69878
2,10..30%,129,114647,1581,-0.013535591449938695,-0.04401386129883316,5445.6865334770055,-6997.501486438132,44699,69600
2,10..30%,130,114188,1584,-0.013613602259906703,-0.04279822909713788,5439.661906218232,-6994.171921072461,44461,69408
2,10..30%,131,113669,1584,-0.013769525685586365,-0.0439254890365709,5427.505452608533,-6992.6736677634535,44197,69120
2,10..30%,132,113212,1580,-0.013815630980818425,-0.0432383292661914,5429.020247005215,-6993.115461605641,43988,68872
2,10..30%,133,112615,1576,-0.013855695479145209,-0.0397900131122551,5428.1679957356755,-6988.527142119603,43665,68601
2,10..30%,134,112211,1579,-0.013904519883640781,-0.03983399985711702,5431.332933044893,-6991.573013708107,43549,68360
2,10..30%,135,111728,1584,-0.01390274478579964,-0.040814439421366304,5438.505294939233,-6991.831164367059,43267,68128
2,10..30%,136,111272,1589,-0.013906574074799186,-0.04113935589853727,5440.483885748219,-6987.896196199279,43132,67829
2,10..30%,137,110752,1585,-0.014010167768044098,-0.04048175297410224,5436.237988024123,-6987.892088670557,42863,67533
2,10..30%,138,110277,1584,-0.014099183487700997,-0.043309453290713465,5430.029442199399,-6984.845099672604,42597,67331
2,10..30%,139,109865,1583,-0.014132318491676074,-0.041929590354706885,5432.1542480342105,-6984.801419122203,42405,67083
2,10..30%,140,109412,1583,-0.014154354974216903,-0.042947761591474024,5437.868950781807,-6986.52523722082,42160,66905
2,10..30%,141,108929,1581,-0.014177328485453061,-0.042723851918165086,5433.929740350386,-6978.251954942303,42069,66511
2,10..30%,142,108391,1577,-0.014274195117076248,-0.043239893866387755,5425.000595176218,-6972.194878111241,41810,66238
2,10..30%,143,107912,1572,-0.014298966758636901,-0.0437682348063214,5422.486510307615,-6965.516611165646,41639,65957
2,10..30%,144,107401,1580,-0.014283796456989956,-0.04264213506515875,5420.983992360671,-6955.078015637834,41415,65687
2,10..30%,145,106915,1577,-0.01435152017159148,-0.04177394298109267,5411.833740157663,-6946.226519303381,41191,65422
2,10..30%,146,106505,1577,-0.014435494817141051,-0.041588737065411226,5402.848578016941,-6940.300953516539,41016,65192
2,10..30%,147,106050,1578,-0.014520406474777871,-0.041496832247149326,5395.780639125167,-6935.669745775356,40818,64930
2,10..30%,148,105502,1576,-0.01467576209989603,-0.04136323240299165,5378.143603018935,-6926.46585608215,40676,64518
2,10..30%,149,104988,1578,-0.014760092410457955,-0.04116660225895872,5368.406024848262,-6918.038606837414,40294,64401
2,10..30%,150,104489,1580,-0.014760347371433412,-0.041418762376717204,5366.044255826313,-6908.338192320026,40122,64039
2,10..30%,151,104031,1577,-0.014827798203199627,-0.03907117951009652,5366.6686218848035,-6909.219296761859,39811,63930
2,10..30%,152,103602,1576,-0.014606669329405313,-0.03855596525333627,5381.768540257766,-6895.048696122819,39607,63737
2,10..30%,153,103134,1573,-0.014753291713896818,-0.04078488896667888,5372.389690846857,-6893.955678467907,39337,63506
2,10..30%,154,102711,1571,-0.014729268643704998,-0.03950938535036855,5367.385456232976,-6880.2433678965535,39129,63285
2,10..30%,155,102201,1567,-0.014778634610095067,-0.04037484845950977,5358.197250853403,-6868.588486639728,38921,62993
2,10..30%,156,101676,1566,-0.014919869785329009,-0.04112793103156209,5346.511680168931,-6863.504360462048,38729,62675
2,10..30%,157,101259,1569,-0.014922454927184473,-0.039577570097362666,5341.318753369156,-6852.351616840931,38534,62487
2,10..30%,158,100713,1568,-0.01492713012752727,-0.039453296740827405,5337.620924360342,-6840.976980893988,38192,62275
2,10..30%,159,100240,1558,-0.014980637928520904,-0.041278149459590914,5329.3265710471605,-6830.985717002101,37944,62053
2,10..30%,160,99738,1558,-0.015046135626605655,-0.0426642176993765,5320.967272505628,-6821.63874763202,37702,61762
2,10..30%,161,99276,1564,-0.014963320414777732,-0.041758200241717475,5322.88360417319,-6808.382201670668,37538,61459
2,10..30%,162,98788,1564,-0.015039457134959362,-0.04086699155573842,5320.616503304547,-6806.334394752922,37272,61241
2,10..30%,163,98356,1570,-0.015028882474594217,-0.03848215253363895,5316.499763759681,-6794.680528430868,37133,60959
2,10..30%,164,97884,1553,-0.015218173395684672,-0.03707988557462376,5305.2871279130095,-6794.902812576199,36897,60740
2,10..30%,165,97438,1565,-0.015214381135975568,-0.04149600853475863,5296.356232639849,-6778.815101767032,36694,60512
2,10..30%,166,96906,1561,-0.015284228738678829,-0.04233885457791644,5286.629222061704,-6767.762692212121,36442,60218
2,10..30%,167,96478,1556,-0.01547983867819926,-0.04306935257139751,5275.6047062053385,-6769.068582200659,36170,60049
2,10..30%,168,96070,1560,-0.015576586623634285,-0.044777070637692415,5265.425771420576,-6761.868448353106,35976,59843
2,10..30%,169,95576,1556,-0.015435308289806887,-0.04049249312229177,5270.454261228088,-6745.699286334648,35852,59475
2,10..30%,170,95207,1559,-0.015652751738505652,-0.04178988727505416,5259.49370653989,-6749.7452413077835,35696,59266
2,10..30%,171,94669,1556,-0.015599996162436623,-0.041350001932071355,5258.947971132341,-6735.7840078340505,35425,59026
2,10..30%,172,94195,1551,-0.015559064086031759,-0.041000268495474626,5258.885578499547,-6724.471620083288,35212,58777
2,10..30%,173,93673,1554,-0.015630055457894948,-0.04097274548237139,5249.320261623936,-6713.434446531319,34935,58485
2,10..30%,174,93186,1557,-0.015682765461540776,-0.039516992549063275,5240.1780434794355,-6701.592225778563,34722,58229
2,10..30%,175,92708,1547,-0.015849274017534526,-0.04219945183932234,5221.609789167911,-6690.964284785499,34513,57979
2,10..30%,176,92235,1547,-0.015846177785476114,-0.03936749089838013,5223.096859709599,-6684.6690677530005,34301,57696
2,10..30%,177,91765,1551,-0.015937477468328402,-0.04049515054775379,5214.904211536356,-6677.406831417508,34094,57426
2,10..30%,178,91295,1556,-0.016005063454574225,-0.041038027867532384,5206.759188123695,-6667.941456209057,33882,57185
2,10..30%,179,90773,1560,-0.01588558737043026,-0.04039680398959814,5206.7816996981455,-6648.764122074204,33720,56829
2,10..30%,180,90258,1554,-0.01591419197852238,-0.04248193969822743,5202.161533330341,-6638.5446729278165,33520,56510
2,10..30%,181,89806,1549,-0.01592766204886101,-0.04036944575537942,5193.584285967338,-6623.983903927339,33268,56323
2,10..30%,182,89245,1551,-0.015908453745388098,-0.040718348347482655,5191.64027707806,-6611.390231585216,33061,55969
2,10..30%,183,88725,1548,-0.015855222363280422,-0.03970589912299261,5186.270895427765,-6593.02549960981,32807,55715
2,10..30%,184,88208,1543,-0.015873933389166314,-0.03852672089343767,5178.090277186014,-6578.298193577592,32563,55448
2,10..30%,185,87685,1551,-0.016019443904198332,-0.04065023009355638,5163.088468163665,-6567.753406903305,32279,55186
2,10..30%,186,87230,1549,-0.01618926899165942,-0.04031135562527792,5148.540999639182,-6560.730933781628,32021,54994
2,10..30%,187,86724,1539,-0.01620804630543755,-0.03899145900096955,5139.279997016963,-6544.90660480973,31809,54716
2,10..30%,188,86235,1542,-0.016172765380984257,-0.0386351652144678,5133.362683240083,-6528.021105869262,31633,54409
2,10..30%,189,85757,1543,-0.01617761420033866,-0.040206672267748676,5125.475309959588,-6512.818970938012,31374,54167
2,10..30%,190,85233,1543,-0.016331850619441635,-0.03996073903931982,5110.440529579546,-6502.453153426421,31165,53853
2,10..30%,191,84811,1549,-0.016210291259422086,-0.041731918681848355,5108.698757416945,-6483.509769419795,31025,53617
2,10..30%,192,84299,1547,-0.016135749304037977,-0.042646641501760174,5108.0612014344515,-6468.288732015552,30825,53285
2,10..30%,193,83838,1537,-0.016145120117117655,-0.04151438820237113,5099.967180667521,-6453.5417610464265,30580,53069
2,10..30%,194,83307,1545,-0.01611539505745686,-0.039797334898914356,5090.833351949163,-6433.358568000735,30364,52743
2,10..30%,195,82808,1537,-0.016041257091382984,-0.039922133732771856,5085.029311060277,-6413.373728283527,30111,52489
2,10..30%,196,82367,1539,-0.01635545270744675,-0.040226765328403004,5055.999490622147,-6403.149063776418,29909,52260
2,10..30%,197,81880,1538,-0.016670662655659186,-0.04156382923863913,5023.651470043567,-6388.645328288935,29715,51988
2,10..30%,198,81426,1533,-0.01695350781951956,-0.0413716288224376,4992.669484405768,-6373.125812117974,29532,51707
2,10..30%,199,80924,1531,-0.01707139697998369,-0.041726229045459626,4976.841511624493,-6358.327240832687,29293,51432
2,10..30%,200,80351,1533,-0.01731526344725806,-0.04230622662718627,4953.884475382096,-6345.18320863273,29036,51148
2,10..30%,201,79938,1533,-0.017462779892437448,-0.04248617678718646,4932.815943868059,-6328.755642909728,28881,50883
2,10..30%,202,79401,1520,-0.017519156558240035,-0.04413907525283345,4916.743475154378,-6307.782025035191,28664,50570
2,10..30%,203,78912,1528,-0.017632337745928036,-0.04475951842667051,4900.863693976441,-6292.266730183118,28443,50317
2,10..30%,204,78360,1531,-0.01792999106632373,-0.045167446677785744,4870.583110180225,-6275.577210137348,28158,50028
2,10..30%,205,77896,1522,-0.01813989186762892,-0.04458649723605716,4847.480135416379,-6260.505152337214,27944,49756
2,10..30%,206,77460,1518,-0.01820055294830862,-0.04128062509573657,4837.14064225903,-6246.955473635016,27785,49520
2,10..30%,207,76851,1522,-0.018373761539076598,-0.04320816769137851,4809.476785939206,-6221.518733978786,27552,49144
2,10..30%,208,76406,1518,-0.018605354958494896,-0.04550080983366742,4777.979492840039,-6199.540243798796,27388,48866
2,10..30%,209,75899,1514,-0.01877675346379404,-0.04575337733131953,4752.353697707518,-6177.4905088560145,27155,48588
2,10..30%,210,75443,1513,-0.018758991866628428,-0.0442212250887025,4735.2454612232195,-6150.480084617276,26959,48324
2,10..30%,211,74889,1514,-0.018967217968993456,-0.043431934291408444,4705.097934072106,-6125.533920552068,26759,47956
2,10..30%,212,74433,1514,-0.01914037222193557,-0.043085547332134114,4678.6348642608145,-6103.310189856146,26543,47723
2,10..30%,213,73999,1517,-0.019332909612023923,-0.045266261261821476,4659.931919652167,-6090.547898032313,26313,47503
2,10..30%,214,73520,1504,-0.019274148218906287,-0.045964768357878695,4646.432805960787,-6063.4681830147765,26203,47163
2,10..30%,215,73047,1505,-0.019496181921985926,-0.04378912357782045,4619.07153087025,-6043.209131725558,25992,46898
2,10..30%,216,72562,1513,-0.01962961534998151,-0.046127250270926255,4595.292948835752,-6019.657097861095,25800,46623
2,10..30%,217,72042,1507,-0.01967139406241584,-0.04485328567129031,4578.537481370717,-5995.7040524152535,25636,46246
2,10..30%,218,71578,1505,-0.019941640142024816,-0.04444836142858547,4546.36457846402,-5973.747296549873,25453,45962
2,10..30%,219,71112,1507,-0.020145452961595343,-0.04428119660497256,4519.152269938524,-5951.735720943483,25316,45645
2,10..30%,220,70575,1504,-0.020260465447968033,-0.04243709927863643,4497.778655064497,-5927.661004054845,25082,45345
2,10..30%,221,70179,1503,-0.02019028607498154,-0.04191884915027624,4489.334156703361,-5906.268243159488,24877,45145
2,10..30%,222,69712,1498,-0.020277465297799387,-0.04483442766444726,4467.594521683633,-5881.177182523814,24703,44863
2,10..30%,223,69249,1502,-0.020481327539141777,-0.04372571091596758,4442.5703640862475,-5860.881814844278,24488,44636
2,10..30%,224,68745,1501,-0.02051518100829372,-0.04290714150121746,4426.308321014955,-5836.624439430101,24227,44366
2,10..30%,225,68239,1499,-0.02067979506089931,-0.04416328271497906,4406.5150297361815,-5817.683564896882,24003,44094
2,10..30%,226,67771,1503,-0.020679561943635533,-0.0418109755321148,4395.023870496031,-5796.498462978154,23852,43771
2,10..30%,227,67308,1500,-0.020834652515072976,-0.042526813694807375,4372.490982322049,-5774.829773806565,23675,43498
2,10..30%,228,66797,1508,-0.02086769582094197,-0.042954459340602276,4359.016531012135,-5752.916008763593,23415,43228
2,10..30%,229,66335,1498,-0.020968586284363565,-0.04271847294711965,4342.358336484269,-5733.309507657534,23255,42948
2,10..30%,230,65865,1501,-0.020968062380209287,-0.042682954264819446,4328.975944483677,-5710.037373156168,23058,42668
2,10..30%,231,65408,1499,-0.02122573290792494,-0.04144486494294882,4299.226144812762,-5687.558882854316,22895,42367
2,10..30%,232,64928,1492,-0.02136328398082764,-0.04120154732516328,4276.153734010672,-5663.2290363178345,22665,42134
2,10..30%,233,64382,1495,-0.021619182777350476,-0.04234584622455912,4245.010104885256,-5636.8963304566305,22432,41825
2,10..30%,234,63926,1493,-0.02184520168363633,-0.044644910287272695,4220.319050069189,-5616.795412897324,22250,41557
2,10..30%,235,63507,1490,-0.021998052396355685,-0.0421580895959345,4199.55108652396,-5596.581400059318,22116,41288
2,10..30%,236,62974,1485,-0.02202836236083353,-0.04178544419313009,4178.457582253339,-5565.671673564463,21906,40930
2,10..30%,237,62451,1491,-0.02218771506386008,-0.0428956517633439,4150.9852139839595,-5536.630207437087,21763,40572
2,10..30%,238,62005,1485,-0.022522877418085122,-0.04316299231741267,4123.536073676944,-5520.067087985305,21553,40314
2,10..30%,239,61544,1487,-0.02253346534105859,-0.041742813664328415,4110.250486181485,-5497.050077131598,21371,40047
2,10..30%,240,61107,1489,-0.02279167992285229,-0.04210771694727089,4083.4962322054866,-5476.227417251217,21181,39814
2,10..30%,241,60585,1479,-0.02287300495450276,-0.04131664210998151,4063.8153369902325,-5449.576342158777,20976,39492
2,10..30%,242,60126,1482,-0.022958493383250598,-0.04351746071914099,4044.1548183323844,-5424.557191493715,20852,39159
2,10..30%,243,59684,1481,-0.022947309664873395,-0.042157918261603346,4034.02575617291,-5403.612986211212,20687,38875
2,10..30%,244,59246,1486,-0.023455046173257756,-0.04414492275739929,3995.1335067911964,-5384.751172372011,20473,38656
2,10..30%,245,58769,1486,-0.023742312571087398,-0.0438840168155984,3966.8552670466206,-5362.167234536864,20339,38312
2,10..30%,246,58267,1483,-0.024022262993445793,-0.04383674519725103,3936.5391005036886,-5336.244298342795,20150,38002
2,10..30%,247,57842,1470,-0.024512730194622554,-0.043817510522662986,3904.3431903831147,-5322.208530300471,19889,37857
2,10..30%,248,57356,1475,-0.024697779702425798,-0.04062723090825053,3874.44448468478,-5291.01033729712,19712,37519
2,10..30%,249,56876,1478,-0.024998370842081525,-0.0403173883748626,3840.99798879491,-5262.805328809137,19550,37216
2,10..30%,250,56423,1471,-0.02537107040881139,-0.04174642060055392,3811.033440131066,-5242.545345807432,19390,36923
2,10..30%,251,55942,1472,-0.025993206233603128,-0.042609483365783844,3765.868907296877,-5219.980850417086,19154,36683
2,10..30%,252,55432,1476,-0.026311178372992433,-0.04413336685110399,3732.965026820339,-5191.446266392052,18878,36453
2,10..30%,253,54990,1466,-0.026583615362353784,-0.044547041818234594,3708.197934497835,-5170.030943273666,18734,36150
2,10..30%,254,54523,1465,-0.026888211356604415,-0.04385879633675556,3683.696277002963,-5149.722224799107,18508,35917
2,10..30%,255,54087,1468,-0.026986930183230496,-0.043468383331247855,3664.6507858455698,-5124.292878665955,18316,35672
2,10..30%,256,53587,1470,-0.027358013398389038,-0.04653173805233762,3632.9884063483796,-5099.022270327859,18118,35361
2,10..30%,257,53078,1465,-0.027418266457332106,-0.045066733888239806,3611.7513780219524,-5067.058125044211,17922,35052
2,10..30%,258,52630,1461,-0.027810348149479035,-0.048618126448568576,3580.1623296846824,-5043.820952791769,17719,34807
2,10..30%,259,52200,1454,-0.027842147005418774,-0.04663635895869384,3560.805071925528,-5014.165145608386,17583,34523
2,10..30%,260,51749,1454,-0.02789322210746724,-0.044424735032923636,3547.3077565369076,-4990.754107376232,17366,34284
2,10..30%,261,51280,1451,-0.028076125720997193,-0.043601961946819964,3522.8649522870865,-4962.608679259817,17184,33986
2,10..30%,262,50772,1449,-0.028183026462110523,-0.04334440282249474,3498.782514492041,-4929.691134026307,16978,33694
2,10..30%,263,50320,1453,-0.028333773580768305,-0.04408036830955953,3476.109133244966,-4901.864619829226,16838,33388
2,10..30%,264,49876,1448,-0.02854146325230433,-0.04429888051875624,3454.1227565089275,-4877.656777680855,16662,33123
2,10..30%,265,49401,1438,-0.028753545849568986,-0.04670958129943948,3430.512678554943,-4850.966597069505,16449,32882
2,10..30%,266,48977,1444,-0.028898483518281767,-0.04752626135106151,3407.497660585318,-4822.858687860206,16321,32573
2,10..30%,267,48499,1437,-0.029069547487127978,-0.045901659972244435,3383.6575910809315,-4793.501574659158,16105,32299
2,10..30%,268,48051,1432,-0.02937843353147955,-0.04704117045462502,3347.1006988328404,-4758.763808453959,15916,32043
2,10..30%,269,47575,1428,-0.029567533166392636,-0.04901894957777904,3323.703699154471,-4730.379089545609,15737,31764
2,10..30%,270,47107,1430,-0.029611673767039697,-0.04784568504479606,3306.5306486862223,-4701.447764830157,15549,31487
2,10..30%,271,46604,1426,-0.029536246747031248,-0.04905139617134512,3287.597158156904,-4664.104401555554,15336,31192
2,10..30%,272,46141,1414,-0.029621913565691882,-0.04889740367326118,3266.6290274842577,-4633.413741318837,15169,30886
2,10..30%,273,45742,1413,-0.0296772880331972,-0.043985804727318396,3252.5888815151793,-4610.087390729683,15035,30622
2,10..30%,274,45246,1412,-0.029926994902970953,-0.04445118188813393,3227.701225121254,-4581.778036501076,14826,30341
2,10..30%,275,44840,1406,-0.0299931392117257,-0.04440380763221952,3209.590492734888,-4554.4828549886715,14684,30081
2,10..30%,276,44350,1401,-0.029872458828252752,-0.0475745538796218,3193.7784373617837,-4518.621986394787,14541,29721
2,10..30%,277,43862,1404,-0.030013796757636976,-0.04499640103925545,3171.8379450502753,-4488.3030984337465,14370,29406
2,10..30%,278,43428,1401,-0.029935351874881087,-0.04370014013562934,3160.6934647174817,-4460.725925939822,14213,29133
2,10..30%,279,42928,1404,-0.029797676699076008,-0.045318447863706916,3142.533941056186,-4421.688606394124,14050,28783
2,10..30%,280,42453,1401,-0.030098203695842006,-0.04339634565519636,3113.3851934112986,-4391.144234910889,13867,28498
2,10..30%,281,41967,1397,-0.03015318605587456,-0.04471573448830193,3092.117558602215,-4357.556317809098,13725,28161
2,10..30%,282,41486,1393,-0.0305324521309485,-0.04400757141922755,3060.2398895243155,-4326.909198628842,13571,27827
2,10..30%,283,41021,1395,-0.031035634734211833,-0.043908416182144375,3026.192589107335,-4299.305361539423,13366,27573
2,10..30%,284,40591,1394,-0.031537589689703494,-0.04574788137406665,2991.9525080316384,-4272.094811126385,13243,27276
2,10..30%,285,40102,1395,-0.03187047642534269,-0.04506747528670372,2963.7799694256,-4241.8498150346895,13049,26994
2,10..30%,286,39610,1390,-0.032069777370692186,-0.04588346877019188,2939.827585892114,-4210.111467545234,12849,26687
2,10..30%,287,39184,1383,-0.032072102307158554,-0.045713666139774047,2922.0791034019894,-4178.792360205693,12714,26390
2,10..30%,288,38734,1385,-0.032159078528250666,-0.04398407836407561,2898.062661101511,-4143.712408814768,12582,26101
2,10..30%,289,38302,1387,-0.03261449590671667,-0.04562451698181065,2868.9259761362023,-4118.126398355264,12429,25813
2,10..30%,290,37844,1382,-0.032488310826855535,-0.045452511854798115,2852.726179391494,-4082.213814323009,12276,25504
2,10..30%,291,37363,1379,-0.032670236297456696,-0.04778326720950884,2828.465209909547,-4049.1232486914273,12099,25215
2,10..30%,292,36931,1388,-0.032645202818155215,-0.04777537342406708,2807.9710301969253,-4013.5910154742155,11956,24920
2,10..30%,293,36412,1372,-0.032353824229684636,-0.0455768922882983,2793.844366152637,-3971.911814003909,11797,24561
2,10..30%,294,35977,1374,-0.032519758154249644,-0.04670769313780756,2773.140601697008,-3943.103940812449,11629,24289
2,10..30%,295,35509,1366,-0.0326645215785973,-0.045000826867437595,2744.1125644529166,-3903.997061187333,11421,24022
2,10..30%,296,35097,1374,-0.03320317711335794,-0.049012731916312974,2712.6893790370855,-3878.0212861846107,11278,23751
2,10..30%,297,34635,1363,-0.033433132078135676,-0.05000067249220657,2685.409381560913,-3843.3659110871445,11168,23421
2,10..30%,298,34190,1362,-0.033361873983304105,-0.04921932457602577,2663.507582711172,-3804.150054200338,10966,23174
2,10..30%,299,33759,1360,-0.03368398311604532,-0.050343680521173405,2637.014783239136,-3774.152369253709,10801,22903
2,10..30%,300,33305,1359,-0.033924760885143145,-0.04830106403773481,2614.1566606318493,-3744.0208219115407,10678,22574
2,10..30%,301,32854,1355,-0.03416104761988588,-0.0488920286063114,2589.8495128291615,-3712.176571332883,10451,22349
2,10..30%,302,32407,1352,-0.03449906452361891,-0.051645554342896895,2561.319479982573,-3679.3306639994858,10304,22060
2,10..30%,303,31986,1348,-0.034880359398288936,-0.05249714711478808,2529.41311615104,-3645.0962918647083,10159,21769
2,10..30%,304,31523,1345,-0.03516758899963981,-0.052672291456418385,2497.5724636442073,-3606.1603716798536,9992,21487
2,10..30%,305,31050,1344,-0.03548009722697854,-0.053119783787696946,2465.5137192871903,-3567.1707381848673,9821,21189
2,10..30%,306,30605,1340,-0.03542213812218456,-0.05237010645998183,2443.2426815881545,-3527.3372188176118,9634,20920
2,10..30%,307,30123,1342,-0.035303460339264445,-0.05121993724706388,2417.733218595832,-3481.179354395494,9464,20607
2,10..30%,308,29656,1331,-0.03553147962682126,-0.05178498726862279,2388.533945478715,-3442.255505291726,9269,20322
2,10..30%,309,29171,1330,-0.03537421506442435,-0.05153562326662007,2367.8717241332506,-3399.7729517775742,9097,20025
2,10..30%,310,28704,1326,-0.03541878857630875,-0.052414988218968006,2336.965617434069,-3353.6265247284364,8948,19703
2,10..30%,311,28242,1310,-0.03538065982946647,-0.052136094974144995,2308.700194874798,-3307.9207897785977,8792,19397
2,10..30%,312,27785,1322,-0.03532079410793633,-0.0533334591566337,2281.2620507075985,-3262.6503149966143,8649,19088
2,10..30%,313,27304,1312,-0.03553575103357581,-0.05287728298649505,2244.8367217830396,-3215.10486800379,8492,18768
2,10..30%,314,26803,1313,-0.03566864287071716,-0.052707282839176285,2210.9071606741827,-3166.9337955380165,8309,18449
2,10..30%,315,26314,1309,-0.036406383951958214,-0.0539733234496028,2166.4189183027197,-3124.4165056145434,8135,18145
2,10..30%,316,25853,1305,-0.036847575731138935,-0.05299337793641123,2125.592944015353,-3078.2133193924874,7961,17854
2,10..30%,317,25407,1302,-0.0373216804735657,-0.05413306794989114,2086.4260874687975,-3034.658023260677,7809,17559
2,10..30%,318,24918,1302,-0.037787556827453966,-0.05328070072742751,2049.599145104502,-2991.189486131008,7623,17248
2,10..30%,319,24435,1292,-0.03798922999312856,-0.054178423633335235,2015.644156503193,-2943.9109913852885,7450,16949
2,10..30%,320,23962,1293,-0.038362145291815766,-0.05534747845921322,1981.0523488712695,-2900.2860743537567,7307,16628
2,10..30%,321,23483,1284,-0.038812380310919076,-0.05486346348933151,1939.9749358102545,-2851.406062651574,7164,16282
2,10..30%,322,22993,1283,-0.040020306000155735,-0.056507521029984624,1889.2129527006316,-2809.399848562214,6972,15990
2,10..30%,323,22527,1277,-0.04067908373361459,-0.05659904822221274,1847.4406185468517,-2763.8183378139897,6807,15681
2,10..30%,324,22065,1277,-0.041068541876934206,-0.05677487846479735,1812.073853823658,-2718.2512303382086,6679,15354
2,10..30%,325,21578,1262,-0.041845304421978834,-0.059929657624321515,1767.359624550271,-2670.297603367729,6511,15043
2,10..30%,326,21104,1263,-0.04190087227620542,-0.05975163227997812,1733.850881561359,-2618.126890078399,6370,14702
2,10..30%,327,20612,1256,-0.04257627238404558,-0.05957839734886574,1692.0460960895082,-2569.6282224694587,6195,14393
2,10..30%,328,20117,1251,-0.04314900259826024,-0.06018670023478779,1651.5099626454062,-2519.538447914608,6065,14026
2,10..30%,329,19606,1240,-0.04369207812563299,-0.060844571819522957,1610.0417746106136,-2466.6686583417727,5875,13703
2,10..30%,330,19141,1232,-0.04422698908934959,-0.061652321518341255,1572.5418029119317,-2419.0906010711706,5741,13379
2,10..30%,331,18663,1232,-0.044770491244001995,-0.06453899864117879,1533.5787632154272,-2369.1304413022353,5558,13083
2,10..30%,332,18170,1223,-0.04531196445392294,-0.06571801992187026,1491.2483925343406,-2314.566786662124,5372,12778
2,10..30%,333,17677,1219,-0.04583207771135624,-0.06851807579629142,1450.423992492883,-2260.5976301965266,5215,12434
2,10..30%,334,17183,1216,-0.04674753213117519,-0.0681913122872133,1403.5947374739746,-2206.8575820839606,5091,12060
2,10..30%,335,16706,1202,-0.04735337319565777,-0.06822909500718101,1360.1381336584711,-2151.223586265129,4945,11735
2,10..30%,336,16207,1191,-0.047949124663748934,-0.06821508680456372,1317.3267775032773,-2094.438240928654,4791,11399
2,10..30%,337,15744,1169,-0.04870667283719152,-0.068864343108866,1277.4152240704786,-2044.2530812192228,4612,11117
2,10..30%,338,15312,1161,-0.04914456591341608,-0.06688057031046926,1238.1623960278055,-1990.6639892940307,4476,10817
2,10..30%,339,14860,1154,-0.050413256462240465,-0.0679398066093132,1193.579854945767,-1942.7208459746566,4333,10515
2,10..30%,340,14404,1142,-0.051247641180890695,-0.06740009074608308,1151.0308211683805,-1889.2018447379285,4201,10189
2,10..30%,341,13912,1132,-0.052095569632593396,-0.06393275985469675,1107.3627267628146,-1832.1162914914519,4015,9875
2,10..30%,342,13461,1124,-0.053465387209420755,-0.06399964295647972,1063.874863812634,-1783.5724410386467,3884,9558
2,10..30%,343,13026,1111,-0.05456812892137526,-0.06470628267342457,1022.4258263375127,-1733.2302736673478,3739,9269
2,10..30%,344,12590,1086,-0.05578952582440882,-0.06577728679779245,981.578393682903,-1683.9685238122088,3588,8982
2,10..30%,345,12185,1068,-0.056543536449187665,-0.06357562770860048,944.8531326549728,-1633.836124288321,3486,8685
2,10..30%,346,11741,1046,-0.05781396877186466,-0.06416332078040266,902.9956778083834,-1581.7894851588476,3314,8410
2,10..30%,347,11312,1030,-0.05965391939502389,-0.06381915624213338,860.2159838860468,-1535.0211200825565,3198,8093
2,10..30%,348,10902,1015,-0.06156828325225408,-0.06681659306498516,817.7912768870126,-1489.008700903085,3050,7841
2,10..30%,349,10469,987,-0.06286750141757139,-0.06723253658215732,779.2067208311558,-1437.3665931717105,2911,7550
2,10..30%,350,10076,959,-0.06397113138206403,-0.06645945596733693,744.2487900414526,-1388.82190984713,2760,7298
2,10..30%,351,9698,937,-0.06494870118387491,-0.0655275974886102,712.0953264496613,-1341.9678305308798,2644,7048
2,10..30%,352,9288,910,-0.06622710133324769,-0.06511185001228606,676.8991883160473,-1292.0165054992492,2527,6750
2,10..30%,353,8896,876,-0.06753456362972657,-0.060133987799490696,641.4617870694212,-1242.2492651194698,2387,6495
2,10..30%,354,8555,845,-0.06805805591610425,-0.05925527210900388,615.1851159668444,-1197.4217843291174,2277,6263
2,10..30%,355,8190,801,-0.06940899902545965,-0.06308650806222016,581.4762506587147,-1149.935952677232,2171,6012
2,10..30%,356,7864,769,-0.07083592207517447,-0.06476249077292302,552.1260134258648,-1109.179704625036,2049,5806
2,10..30%,357,7532,720,-0.07136770116330964,-0.07125916123010782,526.8081221836609,-1064.34964734571,1957,5563
2,10..30%,358,7225,685,-0.07194596275851844,-0.07222187607389936,506.4297446604434,-1026.239325590738,1881,5334
2,10..30%,359,6925,666,-0.073232202252712,-0.07437433123910128,485.29220554216045,-992.4252061421906,1785,5132
2,10..30%,360,6667,657,-0.07438776918987401,-0.07603275167804387,464.44318014274603,-960.3864373316356,1711,4945
2,10..30%,361,6422,658,-0.07633881771739075,-0.07538049473363753,439.72902277582534,-929.976910156907,1625,4779
2,10..30%,362,6139,646,-0.0774471446636995,-0.0758459082823505,418.1028430602286,-893.5508641506804,1545,4586
2,10..30%,363,5878,646,-0.07965437693351173,-0.07712264788740886,394.87330103156296,-863.0817286467448,1479,4389
2,10..30%,364,5609,643,-0.081365953365946,-0.07572182396914916,376.1194867376962,-832.5011191672869,1395,4207
2,10..30%,365,5328,633,-0.08344602287840343,-0.08256281545736442,355.2399857311602,-799.8403956272933,1318,4007
2,10..30%,366,5065,624,-0.08403109105576297,-0.0829431002881472,338.93648392501393,-764.5539601224538,1254,3810
2,10..30%,367,4779,620,-0.08578377674980778,-0.08189013834645192,318.04664326280033,-728.0073123501321,1170,3602
2,10..30%,368,4492,611,-0.08862513147370762,-0.09315619549460706,292.02980987758133,-690.1339004574761,1082,3403
2,10..30%,369,4243,604,-0.09019971584497927,-0.09328376533770384,273.91727195512647,-656.6346662853737,1020,3214
2,10..30%,370,3985,594,-0.09163902916085745,-0.09422938231165993,258.8971354861823,-624.0786666921994,949,3029
2,10..30%,371,3753,594,-0.09305932634988624,-0.09244058543117797,242.5082157623995,-591.7598675535227,884,2859
2,10..30%,372,3497,584,-0.09393332666109133,-0.09444043807985444,226.88417338425603,-555.3690167180929,819,2667
2,10..30%,373,3233,577,-0.09567457993115752,-0.09589386978231323,209.8486747165399,-519.1645916339722,760,2466
2,10..30%,374,2988,567,-0.09766270280523022,-0.09588025143570773,192.16262189546288,-483.97877787749115,694,2289
2,10..30%,375,2717,553,-0.09945530135584826,-0.09584780182951315,173.15468829553535,-443.37474207937464,637,2077
2,10..30%,376,2476,530,-0.10266644044126275,-0.09903832308015736,155.86262766688364,-410.0647341994505,581,1894
2,10..30%,377,2243,522,-0.10597707366728894,-0.09816251854129616,138.4534834441075,-376.16005967983654,515,1726
2,10..30%,378,1992,510,-0.10889869315703583,-0.09921292617128329,121.40018622863481,-338.32638299745025,460,1532
2,10..30%,379,1730,480,-0.11104201390496514,-0.10205559031940983,103.82714451683049,-295.92982857242015,403,1323
2,10..30%,380,1494,449,-0.10865707832205357,-0.09921164319813358,92.86256448580943,-255.19623949895757,356,1137
2,10..30%,381,1270,429,-0.10970764857255803,-0.09952085566735358,78.70472994462372,-218.03344363177246,304,966
2,10..30%,382,1050,398,-0.11096511072401079,-0.10146761766788066,65.45793741502057,-181.97130367523195,252,798
2,10..30%,383,827,365,-0.11139874991794974,-0.0948674956242628,52.86093858698387,-144.98770476912827,190,637
2,10..30%,384,622,313,-0.12303862889549505,-0.11448676777000558,35.64866548875265,-112.17869266175052,132,490
2,10..30%,385,440,246,-0.13578995755837542,-0.1317433588661843,20.620763729040963,-80.36834505472613,89,349
2,10..30%,386,282,188,-0.13074643037825348,-0.13148777464726621,15.62176206140138,-52.49225542806886,56,226
2,10..30%,387,154,130,-0.14419885158120618,-0.14217150937735876,7.661817165734901,-29.868440309240643,31,122
2,10..30%,388,55,54,-0.14459142443259862,-0.14541411430257778,3.0522801224069758,-11.004808466199899,11,43
3,30..100%,0,83606,806,0.0,0.0,0.0,0.0,0,0
3,30..100%,1,82040,802,-0.0001662671599751315,-0.007289481057077322,634.1068686195117,-647.7474264238714,38266,42124
3,30..100%,2,80903,790,-0.00039739961645735114,-0.01081684120219901,853.2085376765783,-885.3593588468277,37377,42483
3,30..100%,3,80033,785,-0.000661941398486244,-0.013978121950707008,1005.7530385285291,-1058.7301944735784,36625,42478
3,30..100%,4,79210,780,-0.0009484898736223551,-0.016243974366746995,1127.7455938823834,-1202.8754767720109,35931,42531
3,30..100%,5,79274,783,-0.001150267551332385,-0.016736656996299577,1257.8058883924073,-1348.9921982567323,35684,42907
3,30..100%,6,79142,788,-0.001289874854785132,-0.02051916210071966,1387.5402699599013,-1489.6235457173048,35510,43050
3,30..100%,7,78809,786,-0.0015326955145255885,-0.023762863923728016,1488.0776222662917,-1608.8678230705411,35131,43153
3,30..100%,8,78462,785,-0.001813426726469455,-0.02695036402664473,1577.5044916352908,-1719.789579447538,34742,43236
3,30..100%,9,78059,784,-0.002075669890635128,-0.028431502632647276,1656.6271499617812,-1818.6518659548678,34301,43309
3,30..100%,10,77969,788,-0.0022385122024444815,-0.030802202297678483,1748.0508490400293,-1922.5854069524223,34079,43444
3,30..100%,11,77848,788,-0.0022835407709645987,-0.0330410231516026,1843.6014181837156,-2021.3705001217654,33865,43587
3,30..100%,12,77581,786,-0.002287647418501214,-0.0331896848909747,1923.6582789548509,-2101.136253329595,33625,43518
3,30..100%,13,77316,787,-0.0023581333260052208,-0.03354854780121785,1992.8744624251954,-2175.1958986586124,33465,43462
3,30..100%,14,76986,780,-0.0025492856307625135,-0.035416235282570825,2047.3237599204879,-2243.583063490367,33212,43391
3,30..100%,15,76733,780,-0.0026820301870072957,-0.03841393627689871,2109.1183717723634,-2314.918594111997,32989,43378
3,30..100%,16,76532,782,-0.00276719305540517,-0.03908876651360718,2177.1164271130424,-2388.8952460293135,32789,43379
3,30..100%,17,76287,778,-0.002893620337538696,-0.04030602533186825,2233.069706282736,-2453.815320972551,32465,43470
3,30..100%,18,76051,780,-0.0030409504459409367,-0.04089658096368435,2282.2544471640504,-2513.5217695283063,32396,43345
3,30..100%,19,75782,783,-0.00318878049273979,-0.041220590439917215,2330.1863219704956,-2571.8384852713034,32279,43199
3,30..100%,20,75537,778,-0.0032822126186728712,-0.045313824207953955,2378.6829788108,-2626.6114733874874,32039,43196
3,30..100%,21,75367,776,-0.0033561971722359646,-0.045975826711719764,2435.274609725836,-2688.2211220057457,32012,43083
3,30..100%,22,75110,779,-0.003456986890465524,-0.04709386087570511,2482.591754406894,-2742.246039749757,31779,43049
3,30..100%,23,74811,775,-0.0036064558429167613,-0.04797761903154708,2519.003986502402,-2788.8065545668437,31599,42943
3,30..100%,24,74558,769,-0.0037498665123601588,-0.047781878825972006,2556.331740248154,-2835.9142876767037,31334,42932
3,30..100%,25,74277,768,-0.0038558710697032188,-0.04912664524589266,2593.879150362943,-2880.2816858072883,31187,42830
3,30..100%,26,74057,768,-0.003900092629991487,-0.0504522686249044,2641.614443389958,-2930.443603289237,30999,42810
3,30..100%,27,73810,768,-0.003917232367291471,-0.05060846070336749,2688.995352280777,-2978.1262733105646,30757,42798
3,30..100%,28,73569,770,-0.0039814950060227325,-0.050884775348894434,2729.0591259664957,-3021.973732064582,30604,42717
3,30..100%,29,73299,774,-0.0040617163761198505,-0.049283542397387116,2769.455212348299,-3067.1749610015117,30448,42588
3,30..100%,30,73057,770,-0.004194796778857271,-0.05231854324876915,2802.4207000115243,-3108.8799682845042,30259,42564
3,30..100%,31,72829,767,-0.004278845349411265,-0.052237644280926455,2837.659917449474,-3149.28394540175,30098,42516
3,30..100%,32,72630,769,-0.004357163957747557,-0.05216292248588771,2878.9687683586394,-3195.4295866098396,30011,42425
3,30..100%,33,72403,768,-0.004459425313037146,-0.05196309308355095,2913.8307072158395,-3236.706478155672,29857,42332
3,30..100%,34,72147,768,-0.004479661640629493,-0.053395614200060275,2955.541969983057,-3278.736118369554,29713,42217
3,30..100%,35,71886,768,-0.004524778075152737,-0.05625614500305152,2990.684795236423,-3315.952991946854,29535,42133
3,30..100%,36,71624,768,-0.004595564728435721,-0.0553390974718195,3020.245156927351,-3349.397885036832,29412,42027
3,30..100%,37,71412,767,-0.004692204553180786,-0.05550117780014035,3049.421828501596,-3384.501540053343,29296,41914
3,30..100%,38,71224,767,-0.004768042431599375,-0.05609991226713659,3082.8647085884636,-3422.463762736702,29114,41923
3,30..100%,39,71015,767,-0.004800557923725035,-0.05616202604177189,3114.5349830890714,-3455.446604042404,28978,41822
3,30..100%,40,70786,763,-0.004956242197113415,-0.05876580497940873,3140.505524695263,-3491.3380848601323,28856,41729
3,30..100%,41,70529,765,-0.004812822335621571,-0.05723960413611393,3176.7168476475563,-3516.1603941566086,28768,41571
3,30..100%,42,70263,767,-0.004724286835924367,-0.05824707341437161,3208.607421309467,-3540.5499872620207,28607,41477
3,30..100%,43,70052,761,-0.004815257821072195,-0.05771271375473467,3232.1711803276407,-3569.4896212093886,28455,41418
3,30..100%,44,69820,761,-0.004886910035735786,-0.057011147333652375,3253.0699887653523,-3594.2740474604234,28378,41259
3,30..100%,45,69574,763,-0.005067453694348596,-0.056619122613352474,3272.2466464843837,-3624.80966981499,28241,41160
3,30..100%,46,69306,761,-0.005221438100965261,-0.05895568564093351,3293.3138786749983,-3655.190867700497,28026,41096
3,30..100%,47,69064,762,-0.005283608501388323,-0.057937031900363284,3316.3944100564254,-3681.3015475963066,27867,41026
3,30..100%,48,68815,763,-0.0052801781087834345,-0.0564188781766588,3342.541102999679,-3705.896559555612,27768,40891
3,30..100%,49,68578,759,-0.0053187532812173565,-0.059398193863463455,3362.4300485512294,-3727.1795110705475,27585,40812
3,30..100%,50,68380,760,-0.005325753098898289,-0.06043764143268961,3390.0496939551776,-3754.224690857839,27468,40728
3,30..100%,51,68130,759,-0.005475069411068281,-0.061449605597097536,3405.7949859306846,-3778.811464906765,27318,40668
3,30..100%,52,67911,760,-0.005472854740503838,-0.060554269802207225,3430.110857842163,-3801.7778961245203,27213,40541
3,30..100%,53,67684,757,-0.005215547593244121,-0.05843711169423881,3461.7344516748744,-3814.7435749760107,27062,40464
3,30..100%,54,67446,760,-0.005185371569277814,-0.05861304209452178,3481.838821052085,-3831.571391913597,26945,40328
3,30..100%,55,67186,760,-0.005153492580993053,-0.05896289984973194,3501.852142445316,-3848.094694991914,26857,40164
3,30..100%,56,66969,760,-0.005187472457978894,-0.05909115487000382,3517.9572818269767,-3865.357124865362,26767,40042
3,30..100%,57,66705,758,-0.0052805237820358454,-0.05923162167689716,3528.5069711844603,-3880.744310065165,26638,39914
3,30..100%,58,66454,758,-0.005280469528737522,-0.060428721138542967,3543.230757082888,-3894.1390791456165,26544,39764
3,30..100%,59,66179,755,-0.005287211869776145,-0.06288567599716173,3552.485042937274,-3902.3874372671894,26355,39683
3,30..100%,60,65967,751,-0.005237869528309319,-0.06257136359057396,3572.0324903829073,-3917.5590295568845,26276,39547
3,30..100%,61,65710,752,-0.0052173580517152615,-0.061463837812770275,3589.3697959408432,-3932.2023935190487,26099,39463
3,30..100%,62,65465,751,-0.005274597650031637,-0.06143845648937703,3602.6786998705193,-3947.9802350298414,25989,39350
3,30..100%,63,65205,750,-0.0050047754531946775,-0.058648231441436015,3632.7725951429034,-3959.1089785684667,25960,39101
3,30..100%,64,64982,753,-0.005069801075087008,-0.060662249429607504,3649.625639823191,-3979.0714532844913,25819,38994
3,30..100%,65,64767,751,-0.005128694928705723,-0.06523837109782427,3665.3943035284015,-3997.5644879758865,25749,38882
3,30..100%,66,64516,750,-0.005127315642619048,-0.06365167629680424,3679.8453486598623,-4010.6392446590685,25671,38703
3,30..100%,67,64259,748,-0.005194990209998674,-0.06434739628112746,3690.436477610568,-4024.261353514875,25494,38628
3,30..100%,68,63996,750,-0.005135965575141249,-0.06342896285836161,3702.8188690702186,-4031.500122016958,25407,38458
3,30..100%,69,63733,749,-0.005073116546937517,-0.0625207288291675,3713.8775682881396,-4037.2025051741075,25302,38319
3,30..100%,70,63489,748,-0.0051513674732250455,-0.0648997560572385,3721.983837825237,-4049.0390073328276,25206,38141
3,30..100%,71,63222,745,-0.005214935577154988,-0.06413675688926365,3729.876956504615,-4059.5756135635065,25109,37997
3,30..100%,72,63003,748,-0.005381503195851871,-0.06525450134777235,3737.434367120722,-4076.4852129689757,25043,37835
3,30..100%,73,62772,746,-0.0054487679075632765,-0.06441929280719902,3750.1828176582803,-4092.2128767518434,24988,37663
3,30..100%,74,62518,744,-0.005481700216116402,-0.06502843691394886,3756.5922623003867,-4099.297196411553,24872,37530
3,30..100%,75,62256,743,-0.005442052901234987,-0.06500298393932566,3767.321155061013,-4106.121600480298,24807,37331
3,30..100%,76,62017,743,-0.005264808518983094,-0.06578532016463669,3784.3158137598016,-4110.823443681581,24745,37155
3,30..100%,77,61772,744,-0.0054038895758291685,-0.06532339653421458,3788.960696424663,-4122.769763302781,24668,36980
3,30..100%,78,61522,742,-0.005363985688449519,-0.06518386377928286,3800.8890999996866,-4130.892227524483,24594,36809
3,30..100%,79,61282,749,-0.005522373761399222,-0.06570760118036424,3804.1215414591716,-4142.5436503052415,24422,36741
3,30..100%,80,61001,744,-0.005767681876232484,-0.06718700320250455,3797.0011219103917,-4148.8354840424545,24349,36542
3,30..100%,81,60765,742,-0.0057805660628912564,-0.06701890568295645,3805.9786977247577,-4157.234794536344,24274,36380
3,30..100%,82,60537,741,-0.00589161266271182,-0.06730989465396083,3812.459165142439,-4169.119720905024,24137,36308
3,30..100%,83,60287,741,-0.005872107660690123,-0.06648972484048883,3821.145907972458,-4175.157662512483,24021,36156
3,30..100%,84,60067,738,-0.005913961611429664,-0.06702985961660786,3828.995288860883,-4184.2292209746265,23941,36013
3,30..100%,85,59829,741,-0.0058160175117143,-0.06568258092905285,3842.497902341754,-4190.464414050104,23818,35899
3,30..100%,86,59617,741,-0.0058155104629834704,-0.06672466086206164,3850.15244884829,-4196.855736119972,23716,35783
3,30..100%,87,59373,741,-0.005812080607443468,-0.06741207812753984,3858.9405729182236,-4204.02123482397,23617,35643
3,30..100%,88,59092,736,-0.005843201186264297,-0.0670617513660119,3862.906390370382,-4208.192834869107,23486,35495
3,30..100%,89,58857,734,-0.00587392048648995,-0.06822818647259689,3865.084491272172,-4210.805829345511,23378,35362
3,30..100%,90,58614,738,-0.005872665452484181,-0.06712712917732622,3875.0913651661594,-4219.31177799807,23347,35162
3,30..100%,91,58360,733,-0.005892434868365479,-0.06675175495501263,3879.8551743646226,-4223.737673282431,23248,34998
3,30..100%,92,58125,731,-0.005904441955824795,-0.06709591193270115,3886.5745261481857,-4229.770214830498,23142,34864
3,30..100%,93,57893,730,-0.006043058202389478,-0.06645226348153717,3888.2834086998605,-4238.1341772107935,23013,34771
3,30..100%,94,57652,728,-0.00624151053135895,-0.06687952118816945,3886.1602577417475,-4245.995822895651,22882,34657
3,30..100%,95,57389,729,-0.006207073022643412,-0.06740513695119843,3893.9337382703807,-4250.151451966861,22714,34583
3,30..100%,96,57164,730,-0.0061656576620255825,-0.06730305209982607,3899.314744261237,-4251.768398853261,22587,34474
3,30..100%,97,56930,728,-0.005926491848948924,-0.06670392457787302,3913.5227055508353,-4250.917886511499,22488,34338
3,30..100%,98,56727,729,-0.005858812466143871,-0.0659887612726974,3923.980462716978,-4256.333317483923,22391,34227
3,30..100%,99,56487,728,-0.006059882606111972,-0.06697944521265652,3921.1627309431633,-4263.46731971461,22199,34181
3,30..100%,100,56248,727,-0.0061908601634168454,-0.06781778633144951,3919.5571629536444,-4267.780665425514,22024,34112
3,30..100%,101,56010,726,-0.006307895917752492,-0.06767579250503244,3920.6573736325877,-4273.962623985901,21869,34037
3,30..100%,102,55775,722,-0.006449863399162334,-0.06746215232019852,3919.9253915773456,-4279.666522665623,21731,33941
3,30..100%,103,55519,722,-0.006540539182593344,-0.06725501998067814,3918.59138801342,-4281.715582891814,21630,33789
3,30..100%,104,55290,722,-0.006718913972347136,-0.06731750089896009,3912.6901684240456,-4284.178921955125,21503,33687
3,30..100%,105,55063,719,-0.007071649590250272,-0.06842179408399905,3904.3627647272774,-4293.749006115228,21376,33601
3,30..100%,106,54804,718,-0.007088865047946527,-0.06870160435269289,3905.500064554784,-4293.998224642449,21278,33444
3,30..100%,107,54571,719,-0.0071012409805941866,-0.06796344317386145,3909.867866928513,-4297.389688480523,21185,33305
3,30..100%,108,54329,719,-0.007006691935217211,-0.06913343918685351,3918.169004237825,-4298.835570386237,21119,33120
3,30..100%,109,54103,717,-0.0070401541254179615,-0.07192492887153423,3920.9684844014178,-4301.861943048909,21009,33012
3,30..100%,110,53843,718,-0.007138398496584799,-0.06940104418325384,3917.7678015182814,-4302.120591769897,20878,32878
3,30..100%,111,53587,718,-0.007351287620641833,-0.0702325300324011,3910.4888880423136,-4304.422337769647,20731,32775
3,30..100%,112,53349,720,-0.007506932583137078,-0.06985037880728626,3907.39693889583,-4307.884285273615,20589,32666
3,30..100%,113,53106,720,-0.007487143799679942,-0.06928047438265983,3909.911723854607,-4307.52398248041,20482,32528
3,30..100%,114,52898,719,-0.007562912396721061,-0.06913772406285264,3911.8390606371727,-4311.902000598927,20438,32368
3,30..100%,115,52671,722,-0.007645280076538829,-0.0726909576861492,3911.833291433611,-4314.517838344989,20367,32215
3,30..100%,116,52435,720,-0.0077783700365349475,-0.0705177246715305,3909.087380930097,-4316.946213795812,20250,32107
3,30..100%,117,52221,721,-0.008019685889769318,-0.07049291731550335,3902.0762517125777,-4320.872268562224,20090,32049
3,30..100%,118,51985,720,-0.00828396807460047,-0.0700285466261157,3895.054445209199,-4325.696525567305,19946,31964
3,30..100%,119,51710,722,-0.00830761274941666,-0.07029775229255755,3891.8329735202665,-4321.419628792601,19824,31795
3,30..100%,120,51473,722,-0.00811485366343185,-0.07121349780821508,3898.60760373932,-4316.30346635715,19773,31623
3,30..100%,121,51206,717,-0.008188997098375398,-0.06957454372773468,3893.2087474017508,-4312.5345328211615,19623,31514
3,30..100%,122,50970,719,-0.008164430614969437,-0.06945665708585166,3894.7263999521865,-4310.86742839717,19481,31394
3,30..100%,123,50724,716,-0.008106376381381602,-0.06863791930508867,3896.8598711352824,-4308.047706704482,19336,31299
3,30..100%,124,50463,711,-0.008204633110683398,-0.06704486901501457,3888.1610019623054,-4302.191402626724,19268,31102
3,30..100%,125,50258,717,-0.008473443665934022,-0.06855459219486203,3887.0222288017785,-4312.880560564288,19103,31064
3,30..100%,126,49985,716,-0.008492752560755235,-0.06565173580687306,3885.5929111800983,-4310.10314792945,18887,31008
3,30..100%,127,49710,714,-0.008597069247644341,-0.06646788883894818,3880.8306145985407,-4308.1909268989475,18758,30870
3,30..100%,128,49443,714,-0.008569112007696179,-0.068391631972006,3882.1063594000602,-4305.788964396585,18576,30790
3,30..100%,129,49171,714,-0.008273052094596035,-0.06817490673190013,3888.5473271067303,-4295.341571650117,18466,30629
3,30..100%,130,48924,712,-0.008208786009465719,-0.06777190807068159,3890.2421622662036,-4291.8488089933035,18336,30503
3,30..100%,131,48675,712,-0.00829756242242937,-0.06729880707346307,3886.4483750278537,-4290.332225939602,18208,30398
3,30..100%,132,48440,712,-0.008268911284417282,-0.06603460956025052,3886.2117163212306,-4286.757778938407,18081,30284
3,30..100%,133,48175,706,-0.008333305163293215,-0.06541608283180307,3882.458633189806,-4283.915609431451,17882,30206
3,30..100%,134,47916,708,-0.00842407620428297,-0.0669674820171894,3877.6499770611604,-4281.298012465586,17782,30069
3,30..100%,135,47624,706,-0.008358663191324937,-0.06647383986443862,3875.9510486695785,-4274.024024493237,17693,29856
3,30..100%,136,47362,710,-0.008544898693917322,-0.06749830710142657,3866.406138728716,-4271.109630670022,17598,29689
3,30..100%,137,47113,706,-0.00874140782653722,-0.067875356135605,3858.9442267296977,-4270.77817366135,17524,29505
3,30..100%,138,46875,707,-0.0088357243447009,-0.06797149920662746,3854.901474667016,-4269.076053324879,17469,29333
3,30..100%,139,46632,707,-0.008963097028627538,-0.06797841153277658,3849.8897706495204,-4267.856911288476,17330,29229
3,30..100%,140,46365,704,-0.009003717170962593,-0.06701728173444742,3844.5321641925207,-4261.989510824203,17266,29004
3,30..100%,141,46109,702,-0.009317853832715705,-0.06725319994818581,3831.0725418930765,-4260.709464265765,17145,28894
3,30..100%,142,45864,703,-0.009676476255398704,-0.06842026950703993,3819.24449754997,-4263.046404527576,17073,28723
3,30..100%,143,45606,704,-0.00987677786090263,-0.06598644474296451,3808.9533743130264,-4259.393705437354,17005,28530
3,30..100%,144,45348,702,-0.010061717268281875,-0.06754529407030178,3800.319067836524,-4256.597822518567,16819,28456
3,30..100%,145,45118,701,-0.010174488285456255,-0.06776572344028607,3794.8579358909283,-4253.910498354138,16728,28319
3,30..100%,146,44860,704,-0.010212542318190354,-0.06776617493691074,3790.322067150221,-4248.456715544243,16638,28149
3,30..100%,147,44603,702,-0.01015762542805227,-0.0683809811946797,3787.5344962678864,-4240.595063235302,16477,28071
3,30..100%,148,44334,698,-0.010255275882922358,-0.06777264511507707,3778.097394585473,-4232.754795578956,16329,27939
3,30..100%,149,44083,695,-0.010387332232205036,-0.06736659106714266,3768.575838986076,-4226.4806057783735,16195,27828
3,30..100%,150,43855,696,-0.010490859580865652,-0.06686349495016036,3764.1899989829253,-4224.266645901788,16035,27753
3,30..100%,151,43601,696,-0.010530453090815567,-0.06668021288463423,3759.1207350020536,-4218.259020214705,15916,27617
3,30..100%,152,43331,697,-0.010603562081159831,-0.07046464368813639,3750.667859644393,-4210.130808183133,15806,27467
3,30..100%,153,43100,703,-0.010669419031241096,-0.06775000541512355,3743.753745568105,-4203.605705814599,15721,27314
3,30..100%,154,42816,698,-0.01079004386990773,-0.06878813739373969,3730.830667250978,-4192.817185584944,15553,27198
3,30..100%,155,42540,692,-0.011310904346796992,-0.06886370469798933,3704.073226235945,-4185.23909714869,15479,26999
3,30..100%,156,42278,695,-0.011409223974607032,-0.06903929046597139,3695.2599924409856,-4177.6191636394215,15329,26887
3,30..100%,157,42027,696,-0.011596885240721755,-0.06994801205048705,3684.2532437298164,-4171.635539741627,15233,26725
3,30..100%,158,41768,693,-0.011959087055038516,-0.06906895588179589,3666.729053211018,-4166.23620132587,15059,26655
3,30..100%,159,41512,693,-0.012285697952554835,-0.06994265788114887,3654.756959168775,-4164.760852575232,14965,26492
3,30..100%,160,41261,689,-0.012360866311494594,-0.06920288382675419,3642.3679608858406,-4152.389665764416,14888,26327
3,30..100%,161,41018,691,-0.012268162544512577,-0.06923050341345853,3639.632049740503,-4142.8475409913135,14820,26131
3,30..100%,162,40755,689,-0.011990772760201666,-0.06883718370395736,3641.783710040056,-4130.467653882077,14723,25971
3,30..100%,163,40496,687,-0.01202612632797439,-0.06807116296778955,3636.654397312932,-4123.664409090577,14626,25814
3,30..100%,164,40229,688,-0.012146578333017365,-0.06776263141830437,3624.2441481945816,-4112.888847953535,14522,25639
3,30..100%,165,39973,690,-0.012646347504907899,-0.0684221983116106,3601.3711819052182,-4106.883630718901,14420,25516
3,30..100%,166,39684,688,-0.01301372415245501,-0.06952754177472184,3578.9535227545957,-4095.3901520206223,14270,25367
3,30..100%,167,39423,684,-0.012894726370028801,-0.06898392353583979,3573.718852144752,-4082.0676498303947,14126,25229
3,30..100%,168,39158,683,-0.012867182106149086,-0.06817342172562323,3564.0455026634218,-4067.8986195760053,14078,25025
3,30..100%,169,38920,683,-0.01301572388155675,-0.06927901514128529,3555.9884328657204,-4062.56040633591,13982,24889
3,30..100%,170,38684,679,-0.013057703223010177,-0.06926998261721141,3552.9431432874085,-4058.0673347663364,13865,24780
3,30..100%,171,38394,678,-0.013612597383424857,-0.06918911796141905,3524.204038413093,-4046.846102352306,13728,24622
3,30..100%,172,38154,675,-0.013762611970431571,-0.0684221367894239,3511.448535847049,-4036.5472329668964,13639,24476
3,30..100%,173,37895,675,-0.014115896850710666,-0.06972706222222937,3492.782555782262,-4027.7044669399415,13495,24352
3,30..100%,174,37637,673,-0.014546924718984786,-0.06982122970123335,3469.67217064911,-4017.1747762975365,13402,24197
3,30..100%,175,37429,673,-0.015044610205478504,-0.0690325569661748,3453.200883735623,-4016.3055991164815,13224,24152
3,30..100%,176,37187,674,-0.015543124713293393,-0.06748751476032476,3433.564639199555,-4011.5668179127997,13105,24040
3,30..100%,177,36934,673,-0.015830873456385924,-0.06835341207309058,3416.447449500873,-4001.144929739031,12993,23891
3,30..100%,178,36668,667,-0.015867420484520982,-0.06789542321782226,3404.8620598902216,-3986.688634216638,12853,23760
3,30..100%,179,36439,670,-0.0161665203092887,-0.06844644987888826,3388.331292111526,-3977.423125661699,12738,23666
3,30..100%,180,36185,669,-0.01676382256357623,-0.0675838232006872,3361.4012929306878,-3968.0002123936893,12602,23549
3,30..100%,181,35941,670,-0.01727192957375876,-0.06865686515750434,3339.527667155058,-3960.2980879655242,12495,23412
3,30..100%,182,35703,662,-0.017317076423968823,-0.06924928659242362,3325.6048787751874,-3943.8764583401417,12445,23207
3,30..100%,183,35496,663,-0.017619654189057112,-0.06811891453035489,3312.1761510636784,-3937.603396158451,12319,23132
3,30..100%,184,35260,662,-0.017679816996602937,-0.06733709113024475,3298.923732010453,-3922.314079310669,12241,22979
3,30..100%,185,35001,658,-0.01777297835019999,-0.06584382360509791,3281.830509221813,-3903.9025244571585,12095,22866
3,30..100%,186,34744,664,-0.018601543854230997,-0.06847826640112911,3247.2388792114675,-3893.5309188828724,11991,22717
3,30..100%,187,34492,660,-0.018824126919477192,-0.06639410505384272,3231.03955146486,-3880.3213371714655,11869,22592
3,30..100%,188,34260,662,-0.019158084622251097,-0.06901951952955672,3214.662181663122,-3871.0181608214466,11796,22421
3,30..100%,189,34015,657,-0.019459092778865848,-0.0683485895267056,3200.0838325418663,-3861.984873414987,11724,22255
3,30..100%,190,33816,655,-0.019332876247783397,-0.06705693430366026,3196.4433477823404,-3850.203890977386,11657,22122
3,30..100%,191,33579,653,-0.020017171312233746,-0.06663498572869306,3168.3742585791642,-3840.5308540726596,11515,22027
3,30..100%,192,33324,653,-0.020298120036576106,-0.06437399801607971,3148.22297879444,-3824.637530893308,11453,21834
3,30..100%,193,33070,651,-0.020403539051044618,-0.06468365703516955,3131.8913217027207,-3806.636358120763,11365,21665
3,30..100%,194,32837,651,-0.020957389030869692,-0.06449363854179756,3111.852677298384,-3800.030460905047,11248,21551
3,30..100%,195,32603,648,-0.021095906411313533,-0.07046820359374491,3099.9479097311946,-3787.7377464592496,11176,21393
3,30..100%,196,32376,647,-0.021228788261490307,-0.0720422544747149,3088.4517926034887,-3775.755041357498,11078,21254
3,30..100%,197,32121,643,-0.021211123504238164,-0.07121455154075224,3077.3144009421685,-3758.6368990218034,10992,21097
3,30..100%,198,31891,637,-0.02090899800788434,-0.06920434360782131,3078.243897136621,-3745.052752606064,10875,20971
3,30..100%,199,31658,645,-0.02084656780806593,-0.07041603080290124,3073.785564031702,-3733.7462076994516,10783,20838
3,30..100%,200,31426,644,-0.02068161885644496,-0.06929603414881509,3068.7718763627036,-3718.712430545342,10693,20688
3,30..100%,201,31201,637,-0.021302127059416424,-0.06824025200192976,3046.868046175294,-3711.51571255615,10592,20565
3,30..100%,202,30981,640,-0.02148834725172791,-0.06946802275392736,3035.527745859301,-3701.2582320650795,10514,20423
3,30..100%,203,30739,637,-0.02169562073045987,-0.06777735590018927,3014.6190242785374,-3681.5207099121444,10429,20275
3,30..100%,204,30502,636,-0.021522592145256033,-0.06804538977941843,3007.813637003883,-3664.2957426184807,10373,20101
3,30..100%,205,30288,633,-0.020778227099819288,-0.06821119100381269,3020.924862212663,-3650.255804611992,10272,19970
3,30..100%,206,30064,637,-0.02039524433499731,-0.06839269737576092,3017.934692905462,-3631.097318592824,10202,19827
3,30..100%,207,29837,638,-0.0205035042285126,-0.06874752634267695,3008.968444799532,-3620.7315004656584,10099,19704
3,30..100%,208,29603,635,-0.0203928170844366,-0.06726940209716395,3001.7727107000974,-3605.4612748506706,10033,19544
3,30..100%,209,29359,633,-0.02041981461034651,-0.06741034777581441,2990.3838877392964,-3589.8892248844563,9927,19394
3,30..100%,210,29128,630,-0.020484146709165266,-0.06768292127664334,2978.059123376429,-3574.721348720995,9834,19262
3,30..100%,211,28929,630,-0.020464849699367373,-0.06657224591331844,2969.794904741913,-3561.8225416949167,9787,19103
3,30..100%,212,28725,631,-0.020548006287788308,-0.06635208265856873,2961.3001172288655,-3551.541597845585,9698,18997
3,30..100%,213,28503,629,-0.02093583311634638,-0.06584788897442521,2942.1502616575194,-3538.8843129727434,9634,18835
3,30..100%,214,28292,627,-0.021191401976056935,-0.06771378522794591,2929.533740026398,-3529.080884733,9554,18693
3,30..100%,215,28069,631,-0.021018213158880108,-0.0681750710464423,2925.585617595976,-3515.54584275258,9464,18567
3,30..100%,216,27859,628,-0.020926082274520717,-0.0665117648971648,2916.6879540764444,-3499.6676801623157,9392,18445
3,30..100%,217,27647,628,-0.020726277315494184,-0.06895677543051865,2914.49521329767,-3487.51460223914,9325,18296
3,30..100%,218,27414,627,-0.020905651200883956,-0.06888545295487282,2898.181438610499,-3471.28896063153,9208,18175
3,30..100%,219,27190,621,-0.021088819494322723,-0.0676618435203063,2879.084502608183,-3452.4895046588176,9129,18026
3,30..100%,220,26989,621,-0.021306488556033596,-0.07014953553736082,2866.6766564858594,-3441.7174761246506,9026,17928
3,30..100%,221,26761,615,-0.02119587192012626,-0.0660654222840109,2854.4256138579626,-3421.6483423124623,8960,17778
3,30..100%,222,26543,615,-0.021010901149986903,-0.0669684949428771,2848.808134737093,-3406.5004839611975,8920,17601
3,30..100%,223,26342,614,-0.0210400463687089,-0.06441506445558254,2840.8511954939045,-3395.0880969384325,8823,17484
3,30..100%,224,26127,611,-0.021407515788021258,-0.06671307298427359,2821.7916058475016,-3381.1057708411317,8763,17340
3,30..100%,225,25907,613,-0.021814599735306334,-0.06850112053073598,2803.033831411465,-3368.1846667540476,8663,17212
3,30..100%,226,25681,612,-0.021845044699004314,-0.0682389382670765,2792.8365123212893,-3353.83910523642,8532,17122
3,30..100%,227,25491,608,-0.02179152066670615,-0.0658488394779172,2788.4359439881737,-3343.923597303178,8499,16971
3,30..100%,228,25286,606,-0.021804757456542468,-0.06744953298381018,2779.912479468109,-3331.267576514241,8394,16867
3,30..100%,229,25037,605,-0.022293597244919246,-0.0656897886602366,2753.1952841046154,-3311.3600783256607,8293,16718
3,30..100%,230,24810,604,-0.022727532820592332,-0.06708373638184094,2727.8202025475402,-3291.6902918264336,8188,16599
3,30..100%,231,24577,602,-0.023145988820204196,-0.06753651358799352,2700.477867728114,-3269.336834962275,8108,16442
3,30..100%,232,24368,602,-0.023802393040286262,-0.06868273440882534,2671.3979936485703,-3251.4147072542632,8034,16303
3,30..100%,233,24170,603,-0.0245354720155322,-0.0693143548759815,2649.2413806760055,-3242.263739291421,7960,16175
3,30..100%,234,23953,600,-0.025211092508041117,-0.06785673137089807,2621.55029075166,-3225.431589596766,7891,16033
3,30..100%,235,23726,598,-0.02574755884450547,-0.07099211770528818,2597.2626407333573,-3208.1492218780945,7817,15890
3,30..100%,236,23521,595,-0.026012086468178205,-0.07135984498240643,2577.9207217937214,-3189.7510076117387,7732,15764
3,30..100%,237,23311,593,-0.025847611772022293,-0.07017494333022246,2568.4453926555125,-3170.9790706731173,7658,15624
3,30..100%,238,23042,593,-0.025933586009444745,-0.06952826118543798,2552.487539992423,-3150.049228822047,7579,15434
3,30..100%,239,22828,590,-0.02634471402144437,-0.06940239272806469,2531.1340600683557,-3132.5311917498866,7479,15328
3,30..100%,240,22597,590,-0.026221781058902802,-0.0709410218264685,2518.7288952828485,-3111.2624818708746,7382,15192
3,30..100%,241,22392,591,-0.02593101772125793,-0.07259133366141426,2508.996779980035,-3089.644128794447,7311,15053
3,30..100%,242,22176,589,-0.025815257999464134,-0.07142632742448213,2495.958958833191,-3068.4381202293043,7242,14904
3,30..100%,243,21960,581,-0.025855613384464023,-0.07061227390183451,2478.806782194129,-3046.5960521169627,7160,14778
3,30..100%,244,21763,583,-0.026318374944069918,-0.07003429991234945,2455.625089325783,-3028.3918832335753,7097,14642
3,30..100%,245,21529,581,-0.027266964815417793,-0.06964077226551908,2423.040657749685,-3010.071143260814,7007,14504
3,30..100%,246,21319,579,-0.02755909677330402,-0.07074284463565736,2402.272156270952,-2989.804540381018,6922,14374
3,30..100%,247,21121,582,-0.02769911089273753,-0.07250457555306271,2386.4062806881825,-2971.43920185369,6851,14245
3,30..100%,248,20920,576,-0.02731771818211825,-0.07196556474981593,2381.1326165638693,-2952.61928093378,6794,14105
3,30..100%,249,20717,575,-0.02678244863837649,-0.0713749006306563,2376.848504209843,-2931.7004926510886,6726,13970
3,30..100%,250,20498,575,-0.026941933730587335,-0.07150480648930754,2356.904938508525,-2909.1606961181055,6626,13847
3,30..100%,251,20283,570,-0.02700968683466918,-0.06992264434654963,2336.726694953684,-2884.564173021275,6575,13689
3,30..100%,252,20067,568,-0.027404164240199775,-0.07478917945889672,2312.66924928318,-2862.5886130912704,6472,13574
3,30..100%,253,19863,569,-0.02730770086128927,-0.07482553000387963,2297.7053113697684,-2840.118173577553,6407,13442
3,30..100%,254,19668,571,-0.027241606848930185,-0.07455699740225136,2284.4439121698792,-2820.2318356746396,6338,13318
3,30..100%,255,19468,569,-0.027272490743268558,-0.0729263665234317,2271.000518289782,-2801.9413680797343,6286,13161
3,30..100%,256,19263,568,-0.0273822240313124,-0.0723562517942102,2257.056304360403,-2784.520085875574,6234,13011
3,30..100%,257,19042,566,-0.028073848568395496,-0.07045048040302497,2227.7867367141093,-2762.3689611534987,6186,12836
3,30..100%,258,18816,564,-0.02837702406602263,-0.07072957204585922,2203.775075089201,-2737.717159915485,6100,12698
3,30..100%,259,18598,558,-0.028411413355431347,-0.07396302378154702,2188.8893686471606,-2717.2848342314737,5997,12581
3,30..100%,260,18370,557,-0.02871688335403895,-0.07232087723006317,2163.629491647835,-2691.1586388615297,5922,12426
3,30..100%,261,18172,551,-0.02854852748267471,-0.07295698095746019,2148.577410045728,-2667.3612514608917,5833,12322
3,30..100%,262,17964,552,-0.02906966820639484,-0.07283696833395019,2124.9237790865186,-2647.1312987461934,5754,12195
3,30..100%,263,17727,554,-0.030146312833957942,-0.07649653275389214,2090.209608958743,-2624.6132965663146,5668,12050
3,30..100%,264,17533,553,-0.030184691113032774,-0.07482032584712894,2072.7602382409295,-2601.988427525728,5627,11894
3,30..100%,265,17310,555,-0.030558862110243206,-0.07211097495604532,2050.015006622565,-2578.9889097508762,5540,11760
3,30..100%,266,17129,554,-0.030818763940544776,-0.072488863059945,2032.8774664224775,-2560.7720739600695,5457,11660
3,30..100%,267,16926,553,-0.03136484338632208,-0.07301704251146418,2008.3214074574817,-2539.202746614371,5376,11544
3,30..100%,268,16722,552,-0.032101281470881766,-0.07662860797033214,1981.5825852078258,-2518.3802139639083,5272,11438
3,30..100%,269,16511,550,-0.03278512346642185,-0.07624668498594074,1952.2736010716515,-2493.5887746257417,5228,11274
3,30..100%,270,16291,549,-0.032961031914242614,-0.07305673040845709,1930.3044605326622,-2467.272631447594,5138,11138
3,30..100%,271,16072,542,-0.032925055627605414,-0.07062635213804103,1911.9685932562154,-2441.1400873030875,5073,10988
3,30..100%,272,15864,546,-0.03312870372208169,-0.07294936954337994,1890.3952081860486,-2415.948964033154,4977,10875
3,30..100%,273,15651,540,-0.033604443588644124,-0.07922346072497155,1864.7384623356286,-2390.681608941498,4883,10757
3,30..100%,274,15426,537,-0.03433170750447135,-0.07870322953084712,1835.7742103303924,-2365.37513029437,4784,10635
3,30..100%,275,15210,534,-0.03503053763971385,-0.07384452978571411,1807.7531986472666,-2340.5676761473133,4712,10486
3,30..100%,276,15015,533,-0.03604754135537303,-0.07603695619906017,1782.3018316323962,-2323.5556650833214,4633,10368
3,30..100%,277,14811,534,-0.03647475043206308,-0.0764707813320337,1758.1046292973635,-2298.3321579466474,4552,10247
3,30..100%,278,14610,526,-0.03769447638786273,-0.07893054527718683,1727.7012286029792,-2278.417528629651,4451,10140
3,30..100%,279,14414,531,-0.038495987796334556,-0.08073341283353205,1702.0058767584783,-2256.8870448548437,4366,10039
3,30..100%,280,14214,527,-0.03890435960188431,-0.08060756904365005,1677.27970080384,-2230.266268185024,4301,9900
3,30..100%,281,14018,528,-0.03930342651637415,-0.0757807796274144,1654.8205922151042,-2205.7760251216373,4229,9780
3,30..100%,282,13822,526,-0.03904302988206369,-0.0750014391917558,1641.1767623454157,-2180.8295213753017,4173,9642
3,30..100%,283,13635,525,-0.03968772257215146,-0.07376689601517979,1617.5353344447553,-2158.677431716041,4122,9507
3,30..100%,284,13412,521,-0.04008591243327745,-0.07633019271106627,1593.2963577601274,-2130.9286153152443,4047,9359
3,30..100%,285,13211,521,-0.040507293671283945,-0.07628537402772678,1572.639805146698,-2107.7816618380316,3970,9233
3,30..100%,286,12996,518,-0.04115411565243259,-0.07684018963243602,1547.1027807192697,-2081.9416677382837,3883,9107
3,30..100%,287,12783,521,-0.041918747514860896,-0.07259064306743854,1520.3642630452957,-2056.211612527762,3799,8975
3,30..100%,288,12576,519,-0.043466313007816476,-0.07265056798789112,1486.8964669653153,-2033.528819351619,3737,8833
3,30..100%,289,12352,519,-0.0441045944921651,-0.07669221492535763,1456.7938231950782,-2001.5737743623033,3666,8679
3,30..100%,290,12157,515,-0.04525963425950211,-0.07383313991231673,1424.8839709138952,-1975.1053446066617,3577,8565
3,30..100%,291,11966,513,-0.04674197204212964,-0.07432440758690384,1395.3690585301697,-1954.683495986293,3516,8443
3,30..100%,292,11754,517,-0.04710635971344055,-0.07555564453416228,1374.9876232694482,-1928.6757753412276,3458,8288
3,30..100%,293,11551,515,-0.04849027509378241,-0.0742398593569938,1346.8457832029321,-1906.956950811212,3362,8179
3,30..100%,294,11358,510,-0.0495321930492379,-0.07508838886182502,1319.0043868286114,-1881.5910354818564,3287,8057
3,30..100%,295,11128,508,-0.05063007218153136,-0.07494266644702974,1290.0703695218142,-1853.481812757897,3201,7916
3,30..100%,296,10914,506,-0.05182722887882657,-0.0775588564092626,1260.562721845235,-1826.2050978287486,3121,7783
3,30..100%,297,10701,504,-0.05274186508279479,-0.07836955062729997,1232.869079231236,-1797.2597774822239,3041,7655
3,30..100%,298,10468,500,-0.05439809257122052,-0.07932078018580666,1199.7085223989748,-1769.1477554345126,2970,7489
3,30..100%,299,10240,493,-0.05518751950706461,-0.0789724327418516,1173.1760812918003,-1738.2962810441418,2873,7360
3,30..100%,300,10021,490,-0.0564749659027631,-0.07839850743457939,1143.3618065393027,-1709.2974398508916,2805,7205
3,30..100%,301,9828,488,-0.05802571417992788,-0.0797217173693192,1112.9664899246884,-1683.24320888502,2733,7090
3,30..100%,302,9626,491,-0.058463030970627945,-0.08423089092068319,1088.3605487471905,-1651.1256848704563,2670,6945
3,30..100%,303,9421,485,-0.05838764162751899,-0.08139581235456285,1069.218203308904,-1619.2881750817598,2613,6798
3,30..100%,304,9223,480,-0.05964699304700283,-0.07985489677901166,1041.0290008595732,-1591.1532177320814,2551,6664
3,30..100%,305,9031,481,-0.06164179695708103,-0.08133472121165772,1011.9592147714768,-1568.646283090877,2490,6539
3,30..100%,306,8831,474,-0.06388869423616965,-0.08146805412175401,980.2341253979048,-1544.4351841975176,2425,6395
3,30..100%,307,8646,475,-0.06552942577199188,-0.08255304263907583,950.533371390935,-1517.1007866155767,2374,6266
3,30..100%,308,8446,473,-0.06685481796025755,-0.08245542578420641,924.0445034924506,-1488.7002959847848,2314,6123
3,30..100%,309,8259,465,-0.06857638588420747,-0.0835913688556126,896.1028441198986,-1462.4752151375683,2256,6000
3,30..100%,310,8077,463,-0.06947467513031126,-0.08147244042791116,872.4823223449897,-1433.6292733725134,2199,5873
3,30..100%,311,7881,459,-0.07065268401730965,-0.08449318295759563,848.0185860509137,-1404.83238879133,2151,5726
3,30..100%,312,7692,452,-0.07240357065484596,-0.08865940382706994,823.3297210517817,-1380.2579865288567,2096,5590
3,30..100%,313,7498,448,-0.07388547696197591,-0.0889251089234305,797.448156675667,-1351.441462936562,2040,5455
3,30..100%,314,7341,447,-0.07632192551612259,-0.10299416972045643,770.9130078377582,-1331.1922630516156,1978,5357
3,30..100%,315,7157,444,-0.07656327444755529,-0.10218400887227806,753.6376305525484,-1301.6009857737004,1923,5227
3,30..100%,316,6984,442,-0.07708088499406701,-0.09820338777449973,736.5428828674596,-1274.8757836660236,1866,5114
3,30..100%,317,6800,437,-0.07690979366780383,-0.09979627931990627,721.0286192996921,-1244.0152162407578,1818,4981
3,30..100%,318,6632,435,-0.07739947835991977,-0.10131527266700233,705.9929501570973,-1219.306290640087,1750,4879
3,30..100%,319,6463,434,-0.07835361800807679,-0.09956738003941347,687.107909537901,-1193.5073427241011,1696,4760
3,30..100%,320,6292,428,-0.07968089943670058,-0.10034894886171002,668.1856673197507,-1169.5378865754703,1645,4643
3,30..100%,321,6120,423,-0.08026752493919019,-0.09990663280106521,650.9428790576786,-1142.1801316855224,1590,4528
3,30..100%,322,5951,418,-0.08103959002437469,-0.09795652500939442,633.3397345822546,-1115.606334817308,1545,4404
3,30..100%,323,5772,408,-0.08115584042333586,-0.09691661093201755,616.8659662920201,-1085.2974772155158,1504,4265
3,30..100%,324,5606,406,-0.08183393195564273,-0.09639662583099974,601.040419789359,-1059.801442332693,1451,4152
3,30..100%,325,5436,398,-0.0834290813358347,-0.09318676631005211,581.9953481877371,-1035.5158343293353,1390,4044
3,30..100%,326,5286,395,-0.0855284653832103,-0.10196471643099367,561.2010416462037,-1013.3045096618542,1355,3930
3,30..100%,327,5133,390,-0.08729845219977421,-0.09901469011349465,541.2469830506992,-989.3499381921401,1315,3817
3,30..100%,328,4985,389,-0.0890140980781928,-0.10017415974378914,522.0785658519426,-965.8138447717345,1268,3715
3,30..100%,329,4837,386,-0.09031043082788692,-0.09791236876326882,504.5277061910282,-941.3592601055171,1222,3608
3,30..100%,330,4688,380,-0.0926387713954381,-0.09739770172249944,486.7699478041397,-921.0605081059527,1182,3501
3,30..100%,331,4535,369,-0.09488955658063243,-0.09811521042975607,468.6868953826796,-899.0110344758464,1124,3409
3,30..100%,332,4378,365,-0.09732645303265303,-0.0983722919049405,449.0642586134816,-875.159469990437,1077,3298
3,30..100%,333,4224,359,-0.10020705525317414,-0.1071839582797511,428.03160483468383,-851.306206224091,1023,3198
3,30..100%,334,4076,349,-0.10132459245275718,-0.10934836217222448,412.9229790275778,-825.9220178650156,997,3078
3,30..100%,335,3927,346,-0.10187283992995648,-0.10638760048685958,398.73264598782885,-798.7872883927681,968,2957
3,30..100%,336,3788,346,-0.1027559740582059,-0.10938067515175535,386.23134035201014,-775.4709700844946,922,2862
3,30..100%,337,3650,342,-0.10506190902185616,-0.11632378473701363,369.7508645954619,-753.2268325252365,890,2759
3,30..100%,338,3513,338,-0.10640256976189524,-0.11601331128069227,355.6937662991227,-729.4859938726609,855,2658
3,30..100%,339,3366,332,-0.10650105722985446,-0.11450748569518465,343.51489094544013,-701.99744958113,832,2533
3,30..100%,340,3226,326,-0.10817224976910425,-0.11746770534868468,330.1224686738547,-679.0861464289849,794,2430
3,30..100%,341,3082,316,-0.10995289931160507,-0.11552697657968294,312.91711097828136,-651.7919466566482,751,2329
3,30..100%,342,2944,306,-0.11003358276483731,-0.10940159065077257,299.53616888420817,-623.4750365438887,716,2227
3,30..100%,343,2812,296,-0.11255558565477973,-0.10977519296386197,281.532993115474,-598.0392999767147,675,2135
3,30..100%,344,2687,291,-0.11358822899502401,-0.11136828308163695,266.5903692504346,-571.8019405600642,644,2043
3,30..100%,345,2567,282,-0.11493504386973702,-0.10907135224741517,252.39515024070522,-547.4334078543208,616,1950
3,30..100%,346,2450,276,-0.11752554115284003,-0.11056429022360754,237.11418064828902,-525.0517564727469,586,1864
3,30..100%,347,2326,262,-0.11916654891509165,-0.11482687678180196,223.32847641558274,-500.509869192086,548,1776
3,30..100%,348,2214,253,-0.12230939955574693,-0.1161557001467368,209.23300363000087,-480.0260142464247,513,1698
3,30..100%,349,2109,242,-0.12421117005562159,-0.12463724452592569,197.1978705039339,-459.1592281512397,488,1621
3,30..100%,350,1999,238,-0.12414981317214378,-0.12028028792991936,187.36811152862106,-435.54358805973675,463,1536
3,30..100%,351,1889,230,-0.1261401043268245,-0.10997705101038749,174.79874736381493,-413.07740443718626,439,1450
3,30..100%,352,1788,224,-0.1267437146115414,-0.1083404372012469,165.49700556615394,-392.11476729159006,415,1373
3,30..100%,353,1694,214,-0.12532166285249424,-0.10077362530375222,158.27659992383235,-370.5714967959578,394,1300
3,30..100%,354,1604,206,-0.12966429729308174,-0.12087376943356706,146.2476206742603,-354.22915353236317,365,1239
3,30..100%,355,1517,201,-0.12865774572065997,-0.1196989837329942,140.36493893279751,-335.5387391910387,349,1168
3,30..100%,356,1432,194,-0.1303242622776344,-0.11404295859136551,131.10575646482053,-317.73010004639315,324,1108
3,30..100%,357,1348,188,-0.1316234352452296,-0.11232013601410358,121.64160650212949,-299.06999721269904,303,1045
3,30..100%,358,1270,182,-0.13384146054481602,-0.1120354826129494,112.54546871350965,-282.52412360542604,289,981
3,30..100%,359,1199,183,-0.13847625761231616,-0.11042472999197785,102.52655561921978,-268.559588496387,269,930
3,30..100%,360,1124,179,-0.14313499296038476,-0.11447245768548184,92.82430326151018,-253.70803534898266,250,874
3,30..100%,361,1047,174,-0.15065741142741337,-0.12045600840569215,81.1257422719775,-238.86405203647945,229,817
3,30..100%,362,970,169,-0.15579210509748295,-0.12738450642961804,73.73166147107467,-224.85000341563327,205,764
3,30..100%,363,898,165,-0.1572754887429978,-0.12041386618455666,68.09181299529334,-209.32520188650537,191,707
3,30..100%,364,826,157,-0.16092986445141763,-0.11963122690986017,60.80113193128032,-193.7291999681511,172,653
3,30..100%,365,758,152,-0.16216268718111407,-0.12117688366128739,55.981067001295905,-178.90038388458044,151,606
3,30..100%,366,689,149,-0.16753520683171447,-0.1145058500825904,48.06096117966782,-163.49271868671912,136,553
3,30..100%,367,621,139,-0.1731236072584822,-0.13813051872597715,40.04545458556075,-147.55521469307817,123,498
3,30..100%,368,564,131,-0.17514693947020837,-0.14243985579846746,35.44889591897143,-134.23176978016895,109,455
3,30..100%,369,501,127,-0.17562264182210013,-0.14659045957009945,30.347937180330543,-118.33488073320268,96,405
3,30..100%,370,439,120,-0.1770056241103408,-0.14785066068070846,25.547153389551355,-103.25262237399096,82,357
3,30..100%,371,382,110,-0.18150481153579143,-0.1654060833168241,21.520498110705674,-90.85533611737803,69,313
3,30..100%,372,328,101,-0.18284299617629257,-0.17799930553208165,18.907067675168705,-78.87957042099262,59,268
3,30..100%,373,280,93,-0.1817148355983222,-0.17747525242653178,17.046868806570956,-67.92702277410119,50,230
3,30..100%,374,237,83,-0.18387194386765737,-0.1681698435210133,13.86136398826653,-57.43901468490132,44,193
3,30..100%,375,195,77,-0.1914711311363235,-0.1824385633587804,9.787496791009595,-47.124367362592686,35,160
3,30..100%,376,151,66,-0.1910370200270168,-0.1995941620088768,6.997108958111252,-35.84369898219078,27,124
3,30..100%,377,115,55,-0.18035804093860117,-0.17363022210374912,5.612527626099999,-26.353702334039127,20,94
3,30..100%,378,82,42,-0.1805772477667753,-0.17512130788635147,3.315359377276419,-18.122693694151998,13,69
3,30..100%,379,63,37,-0.18608665821509957,-0.1620844284138861,2.26255198619175,-13.98601145374302,11,52
3,30..100%,380,42,30,-0.16955956478728756,-0.14121343280371482,1.9383693325275388,-9.059871053593614,8,34
3,30..100%,381,25,20,-0.1960433065484324,-0.18008554595728482,0.5746173464231139,-5.4757000101339255,4,21
3,30..100%,382,13,11,-0.14323365213928363,-0.11938769050383652,0.45643365485096155,-2.3184711326616485,3,10
3,30..100%,383,8,7,-0.15508572361376785,-0.1346992050752406,0.10835605175472751,-1.3490418406648703,1,7
3,30..100%,384,4,4,-0.21597308090139652,-0.21597308090139652,0.0,-0.8638923236055861,0,4
3,30..100%,385,3,3,-0.2379696077456436,-0.2379696077456436,0.0,-0.7139088232369308,0,3
3,30..100%,386,2,2,-0.22686503492774485,-0.22686503492774485,0.0,-0.4537300698554897,0,2
4,>=100%,0,14753,156,0.0,0.0,0.0,0.0,0,0
4,>=100%,1,14320,156,0.0004536215651702581,-0.005875741712374691,154.14449292057793,-147.64863210733995,6800,7409
4,>=100%,2,13955,151,0.0005044015475763889,-0.00605085689715536,204.2664922174112,-197.2275686209825,6429,7429
4,>=100%,3,13684,150,0.00002479266241078283,-0.013217811070535946,233.03592622126763,-232.69666342883855,6214,7405
4,>=100%,4,13433,149,-0.00045815515701776686,-0.018093500267634215,254.7012968696655,-260.85569509388506,6084,7286
4,>=100%,5,13474,154,-0.0010273935787111612,-0.016630119638411486,279.22073118081,-293.06383226036434,5991,7420
4,>=100%,6,13465,154,-0.0010984018333145397,-0.019618039636005734,309.3235075036021,-324.11348818918253,6018,7409
4,>=100%,7,13372,150,-0.0011754540716331647,-0.02393000947264242,333.68395955202016,-349.4021313978987,5881,7449
4,>=100%,8,13284,149,-0.0013407758829039214,-0.024899345481236228,352.49204055594726,-370.30290738444296,5839,7409
4,>=100%,9,13200,147,-0.0014805649524283837,-0.02699235494965708,371.32123711859873,-390.8646944906532,5709,7454
4,>=100%,10,13214,151,-0.0017104146049088335,-0.03248360775280825,393.22636880734143,-415.8277873966068,5766,7418
4,>=100%,11,13194,151,-0.001755876753847194,-0.03357419139740943,413.49084795280623,-436.65788584306614,5755,7412
4,>=100%,12,13114,149,-0.001691022661703412,-0.03612413226853776,427.68112930181894,-449.8572004873974,5686,7396
4,>=100%,13,13041,148,-0.0018583249511443928,-0.04013626615857087,440.67803562047504,-464.91245130834903,5655,7358
4,>=100%,14,12961,150,-0.002032384804312926,-0.044978079147056434,453.4042949926256,-479.7460344413257,5603,7329
4,>=100%,15,12915,148,-0.002447897208169927,-0.04376060621769404,467.3096914221999,-498.9242838657141,5586,7305
4,>=100%,16,12886,151,-0.002787003513554718,-0.04723187127578813,482.7788934421428,-518.6922207178087,5571,7285
4,>=100%,17,12812,150,-0.00278411364136016,-0.04775064248892081,494.2282595745415,-529.8983235476477,5516,7265
4,>=100%,18,12765,148,-0.0024728047232166392,-0.04918529134551073,509.5485990130503,-541.1139513049105,5510,7234
4,>=100%,19,12711,147,-0.002058037567717856,-0.04973912854584439,524.6172373991137,-550.7769529223754,5476,7212
4,>=100%,20,12658,148,-0.002425830464765065,-0.055604847658805696,532.5942060817962,-563.3003681047921,5485,7145
4,>=100%,21,12626,148,-0.0026112331290560503,-0.056889538380923484,544.2178215005281,-577.1872509879895,5449,7157
4,>=100%,22,12577,148,-0.0027090623628967343,-0.05649141081857598,553.0134474208926,-587.0853247590446,5395,7158
4,>=100%,23,12516,146,-0.0025814196185849816,-0.05427293627869984,560.1947760267443,-592.5038239729538,5350,7138
4,>=100%,24,12477,147,-0.002414106027552702,-0.06075483950323314,570.9007384019848,-601.0215393077593,5312,7143
4,>=100%,25,12436,146,-0.002361926193315396,-0.061135352006140856,581.7171508287038,-611.0900649687735,5273,7143
4,>=100%,26,12392,147,-0.0026803300729760057,-0.060904261145728306,589.8233411420397,-623.0379914063583,5188,7179
4,>=100%,27,12335,147,-0.0033699566483137953,-0.062343817764185974,593.8022706114243,-635.3706858683753,5151,7166
4,>=100%,28,12279,147,-0.0033951606023430838,-0.06186246831670174,600.9223745562716,-642.611551592442,5152,7111
4,>=100%,29,12233,148,-0.0034764948668199614,-0.06585334477096312,609.17334928356,-651.7013109893687,5110,7107
4,>=100%,30,12189,148,-0.0037380577302340238,-0.06938713328815886,614.0470113606248,-659.6101970344469,5060,7120
4,>=100%,31,12153,147,-0.0031278637129621097,-0.06922996785449909,627.9996504603273,-666.0125781639557,5059,7079
4,>=100%,32,12093,148,-0.0030328924138796134,-0.07008879546569487,636.7446865225094,-673.4214544835557,5065,7016
4,>=100%,33,12026,147,-0.0033336781502959403,-0.06926689051589106,639.4265832579413,-679.5173966934002,5016,6996
4,>=100%,34,11960,147,-0.0031319383508705816,-0.07035796428093423,645.4327396222883,-682.8907222987002,4982,6966
4,>=100%,35,11898,146,-0.0030535379664418045,-0.07139050053198147,650.7860727329311,-687.1170674576551,4949,6927
4,>=100%,36,11864,146,-0.002844845942235178,-0.07023985106609494,659.2695222235436,-693.0207744822216,4963,6895
4,>=100%,37,11815,146,-0.0027813072082722707,-0.07071572707570493,666.774890100668,-699.6360347664053,4906,6892
4,>=100%,38,11753,146,-0.0034429258862775066,-0.07218576699196093,668.257717434304,-708.7224253757239,4900,6843
4,>=100%,39,11704,146,-0.0037513799286909765,-0.07271730857420408,673.4224663636271,-717.3286170490268,4863,6833
4,>=100%,40,11655,147,-0.004156026558071702,-0.07520826350243909,677.5278751129018,-725.9663646472275,4834,6806
4,>=100%,41,11612,145,-0.004425281873635948,-0.07258975154872518,684.4171236828296,-735.8034967994903,4817,6784
4,>=100%,42,11579,146,-0.004223814960288438,-0.0738382268543794,694.7558083643943,-743.6633617895741,4768,6789
4,>=100%,43,11515,146,-0.00439386171520642,-0.07584113052186532,698.4717720681203,-749.0670897187225,4714,6781
4,>=100%,44,11446,147,-0.0042626269614189,-0.07637043432066076,702.9471350919016,-751.7371632923024,4686,6754
4,>=100%,45,11382,145,-0.00403762857944943,-0.07655745962060716,708.8435564193048,-754.7998449105987,4611,6755
4,>=100%,46,11321,144,-0.0036429720574062403,-0.0754146537829474,714.7472430540895,-755.989329715986,4600,6713
4,>=100%,47,11275,145,-0.0032710709521710565,-0.07844214870854865,723.2663011552687,-760.1476261409972,4589,6675
4,>=100%,48,11231,143,-0.003216880544399565,-0.08228573696668977,729.1291134470438,-765.2578988411957,4592,6627
4,>=100%,49,11164,142,-0.0035297132952151647,-0.08092300985146107,731.4836556411559,-770.889374868938,4546,6605
4,>=100%,50,11102,143,-0.004040140018396309,-0.08437323767019572,730.9976555222211,-775.8512900064571,4497,6591
4,>=100%,51,11033,140,-0.004550825816575955,-0.08301913455012759,729.7792885862312,-779.9885498205135,4452,6568
4,>=100%,52,10988,140,-0.004739495584509039,-0.08166064229402098,731.2503753901782,-783.3279528727633,4438,6537
4,>=100%,53,10942,141,-0.005083268566374648,-0.08617700524125406,732.734133384612,-788.355258037884,4414,6523
4,>=100%,54,10906,141,-0.004908905535951942,-0.08394223166024824,736.627870053299,-790.1643938283903,4385,6510
4,>=100%,55,10859,142,-0.004262071766832074,-0.08469865958538629,743.8185142737136,-790.1003515897432,4363,6484
4,>=100%,56,10799,142,-0.0037012400152084918,-0.08526739808558546,747.4174177109747,-787.3871086352115,4376,6410
4,>=100%,57,10745,141,-0.0034555756311553955,-0.0823731424789168,750.4298625528484,-787.5600227096132,4353,6383
4,>=100%,58,10682,141,-0.004127288384109497,-0.08405163990862154,748.0720160339315,-792.1597105529897,4360,6317
4,>=100%,59,10621,141,-0.004825834087316261,-0.0854643083855861,744.381750137942,-795.6369339793281,4281,6330
4,>=100%,60,10569,142,-0.005598402773667535,-0.0873493262488727,740.4569377857304,-799.6264567006228,4246,6313
4,>=100%,61,10506,142,-0.006117482946924762,-0.0883120421308337,737.3065121680983,-801.5767880084899,4211,6287
4,>=100%,62,10441,140,-0.006164784703934204,-0.08603533028701878,736.6996100005887,-801.0661270943652,4207,6225
4,>=100%,63,10384,140,-0.005852416702598371,-0.0867852511357146,740.7126795352706,-801.4841745750516,4190,6189
4,>=100%,64,10329,139,-0.0054883604834695615,-0.08795274294589034,746.2102039033326,-802.89947933709,4171,6151
4,>=100%,65,10295,139,-0.005200576767932939,-0.08573265436123408,753.4231961440823,-806.9631339699519,4150,6137
4,>=100%,66,10247,139,-0.005240952440287206,-0.0865828484286565,757.840205823578,-811.5442454792012,4144,6097
4,>=100%,67,10193,139,-0.005511468820503665,-0.08915153029807732,758.8375801715058,-815.0159818588996,4093,6086
4,>=100%,68,10127,139,-0.005741718394477293,-0.08778779048616647,759.7601577163126,-817.9065398971845,4081,6042
4,>=100%,69,10066,139,-0.005843301522804312,-0.08793893900266955,761.0548723217338,-819.8735454502824,4025,6030
4,>=100%,70,10009,140,-0.005577750012652569,-0.09053553057798415,765.0571175246089,-820.8848174012483,4019,5984
4,>=100%,71,9963,139,-0.005517721950255505,-0.08734636806233052,770.1807905244879,-825.1538543148832,3986,5971
4,>=100%,72,9913,137,-0.0057654425978323695,-0.0929497662896707,773.4577287564593,-830.6105612287713,3954,5950
4,>=100%,73,9857,136,-0.005558461234046655,-0.09149215097176963,776.6549450949433,-831.444697478941,3959,5890
4,>=100%,74,9808,134,-0.005392318969890663,-0.08971918020766312,780.8232456667359,-833.7111101234236,3934,5866
4,>=100%,75,9752,136,-0.005180220719202573,-0.09409997047688856,783.8948926335208,-834.4124050871843,3904,5843
4,>=100%,76,9711,136,-0.004577021656808221,-0.09643403036531857,790.5575844446577,-835.0050417539229,3891,5814
4,>=100%,77,9659,137,-0.004716432677000765,-0.09825933140164494,790.8164728590368,-836.3724960861867,3868,5783
4,>=100%,78,9604,137,-0.004643993027711896,-0.09850376767515719,792.3899797817354,-836.9908888198802,3836,5755
4,>=100%,79,9556,137,-0.004067159551320896,-0.09687657242788082,798.8554761801092,-837.7212528525317,3802,5745
4,>=100%,80,9501,137,-0.003969363623104023,-0.09648630102425562,798.3695191904567,-836.0824429735684,3760,5733
4,>=100%,81,9440,137,-0.003678732720387388,-0.09701926356685567,798.3981251813593,-833.1253620618162,3756,5673
4,>=100%,82,9387,135,-0.003640719582162961,-0.09268219454890339,799.2857792906684,-833.4612140084315,3722,5657
4,>=100%,83,9331,135,-0.003917995373885437,-0.09545565122134439,796.9391501148349,-833.4979649485601,3693,5624
4,>=100%,84,9285,135,-0.0032958565384428604,-0.09454828508199292,802.7016894761416,-833.3037174355834,3691,5585
4,>=100%,85,9241,135,-0.0023449393675073972,-0.09483343754549024,810.0923909136618,-831.7619756087979,3676,5553
4,>=100%,86,9190,135,-0.001943424708755132,-0.09247115934966152,811.7015807643357,-829.5616538377952,3702,5480
4,>=100%,87,9130,135,-0.0017466261896787137,-0.093454224994207,810.1776267677866,-826.1243238795531,3678,5441
4,>=100%,88,9052,135,-0.0020037047005126113,-0.09308772911439542,806.684408483878,-824.8219434329179,3633,5414
4,>=100%,89,8977,133,-0.002146886216888696,-0.0934407606765053,802.167757747664,-821.440355316674,3610,5359
4,>=100%,90,8919,134,-0.001746230090054598,-0.08755612931460478,803.2424778947144,-818.8171040679108,3590,5321
4,>=100%,91,8866,134,-0.0014375706782439705,-0.08921975643082249,803.3886286483878,-816.1341302816984,3590,5267
4,>=100%,92,8819,134,-0.0022460589726641398,-0.08933372926907754,797.6899034338953,-817.4978975138201,3546,5259
4,>=100%,93,8759,133,-0.0026334553828019033,-0.09001288385196979,794.2950438178924,-817.3614795158545,3546,5203
4,>=100%,94,8714,133,-0.0033436763038146244,-0.0893247266532251,790.1095185525518,-819.2463138639921,3508,5199
4,>=100%,95,8662,133,-0.0040974818918758996,-0.09067291907382767,785.5013643120946,-820.9937524595234,3514,5143
4,>=100%,96,8609,132,-0.0034718961187029996,-0.08395794577436454,790.4145251619215,-820.3040788478357,3488,5109
4,>=100%,97,8565,131,-0.0038433020619368617,-0.08058625716612754,787.2163943954016,-820.134276555891,3488,5073
4,>=100%,98,8513,132,-0.004416447676827514,-0.07997685200151708,783.440017912275,-821.0372369851074,3465,5041
4,>=100%,99,8443,131,-0.005208418150252912,-0.07746279689056566,778.626948696159,-822.6016231387443,3429,5009
4,>=100%,100,8385,131,-0.006834463963377306,-0.07723785662340597,768.8161285632323,-826.1231088961507,3417,4962
4,>=100%,101,8327,131,-0.007572390276011475,-0.07674910133860176,762.3956493271361,-825.4509431554835,3388,4929
4,>=100%,102,8277,131,-0.008561279563792863,-0.07578289509761699,755.4676012007238,-826.3293121502377,3359,4915
4,>=100%,103,8217,129,-0.009881462776531168,-0.0994388573302214,744.4948894164384,-825.6908690511945,3340,4871
4,>=100%,104,8165,127,-0.009866242378382338,-0.0970353779769792,742.1740542726764,-822.7319232921682,3322,4838
4,>=100%,105,8112,128,-0.010525449319793335,-0.10121928728374192,736.8803747355674,-822.2628196177305,3314,4790
4,>=100%,106,8063,129,-0.011080060339860885,-0.09528493830755821,732.6315194906351,-821.9700460109333,3287,4771
4,>=100%,107,8029,129,-0.011106273770697356,-0.09679814736811031,732.8690545803964,-822.0413266853254,3283,4741
4,>=100%,108,7986,129,-0.01094884660159915,-0.09751313577439782,732.8329983745867,-820.2704873349572,3240,4741
4,>=100%,109,7933,128,-0.011303813796357592,-0.09675103201736977,730.7553189625019,-820.4284738090066,3214,4712
4,>=100%,110,7871,128,-0.011140014287274453,-0.09597714912016575,729.3179183009073,-817.0009707560444,3191,4672
4,>=100%,111,7812,127,-0.011098702713052223,-0.09168486386056844,727.2727306100522,-813.9757962044164,3173,4631
4,>=100%,112,7752,128,-0.01156248067527182,-0.09327129618371348,723.432357456655,-813.0647076513618,3158,4591
4,>=100%,113,7702,128,-0.011812578055758265,-0.09717881953407889,720.014346241767,-810.9948224272176,3149,4549
4,>=100%,114,7655,128,-0.011587972698139458,-0.09865312729898874,719.1703809730017,-807.8763119772594,3112,4533
4,>=100%,115,7605,128,-0.01135598548876955,-0.09789134339306207,719.0782593104657,-805.4405289525575,3113,4487
4,>=100%,116,7553,127,-0.011000841986208262,-0.0941822854630083,719.6608587263762,-802.7502182482068,3106,4443
4,>=100%,117,7506,127,-0.010851891838577618,-0.09270882838260765,719.833740129043,-801.2880402694062,3075,4425
4,>=100%,118,7447,127,-0.01090904869277153,-0.09430073683990683,718.5628967793554,-799.8025823944245,3049,4394
4,>=100%,119,7395,127,-0.011439418953544134,-0.09560159804493332,713.7478024425966,-798.3423056040556,3025,4363
4,>=100%,120,7337,127,-0.011497140065325625,-0.09389117951250117,709.5038295817172,-793.8583462410112,2989,4336
4,>=100%,121,7267,126,-0.011733127241656132,-0.0963106622082813,701.022125645018,-786.286761310133,2951,4311
4,>=100%,122,7218,126,-0.01167528839445531,-0.09422179794404892,698.7188527459781,-782.991084377157,2924,4290
4,>=100%,123,7167,125,-0.01187984358498492,-0.09993664381849104,695.9433682522671,-781.0862072258542,2926,4236
4,>=100%,124,7124,126,-0.012273515326333338,-0.0904652615049898,692.8473369361764,-780.2838601209751,2898,4219
4,>=100%,125,7088,126,-0.012887339515001992,-0.09693655113761715,688.2442740641206,-779.5897365464548,2878,4202
4,>=100%,126,7043,126,-0.012521250363163757,-0.09167346338154654,688.4170803388309,-776.6042466465935,2852,4187
4,>=100%,127,7009,124,-0.012238240562751825,-0.08859507049666486,689.6576405468702,-775.4354686511978,2831,4174
4,>=100%,128,6962,124,-0.012073804421793073,-0.09680454558452406,689.5908773986409,-773.6487037831644,2821,4136
4,>=100%,129,6909,125,-0.011745249247563557,-0.09326162489404068,690.1720931849868,-771.3200202364029,2817,4086
4,>=100%,130,6862,123,-0.01186099665432217,-0.1152624163329649,688.387484907264,-769.7776439492222,2786,4075
4,>=100%,131,6806,123,-0.012800392627683883,-0.11620628456185643,680.9477598597373,-768.0672320837539,2780,4021
4,>=100%,132,6762,123,-0.013602597624958038,-0.11512084990919826,674.8652356559012,-766.8460007958672,2768,3987
4,>=100%,133,6720,122,-0.013579137369141073,-0.12042302527601051,673.2575030974774,-764.5093062181056,2743,3974
4,>=100%,134,6679,123,-0.013681044087513965,-0.11859420352535574,670.4308381539037,-761.8065316144093,2761,3915
4,>=100%,135,6640,123,-0.013217550170144055,-0.11630098663523858,671.5728318910191,-759.3373650207757,2743,3889
4,>=100%,136,6594,123,-0.012613581512951725,-0.1151299073147436,673.4035620459474,-756.5775185423512,2735,3854
4,>=100%,137,6544,122,-0.013651631288647378,-0.12294529389162615,666.5739882406242,-755.9102633935325,2721,3819
4,>=100%,138,6500,122,-0.014006275867469161,-0.1226065707045117,662.9154464650084,-753.9562396035576,2699,3799
4,>=100%,139,6458,122,-0.013782186070954395,-0.12169320184687034,661.1778237417683,-750.1831813879917,2684,3769
4,>=100%,140,6408,122,-0.013106074109546194,-0.11984752196190473,661.4368084629832,-745.420531356955,2658,3744
4,>=100%,141,6355,122,-0.012215915899677762,-0.11644710694363176,661.4050908846813,-739.0372364271338,2627,3725
4,>=100%,142,6304,122,-0.012209810108389686,-0.11455198601064251,659.1474085737598,-736.1180514970484,2604,3695
4,>=100%,143,6254,122,-0.012748211260571041,-0.1157000448204701,652.5325862354562,-732.2598994590675,2580,3670
4,>=100%,144,6208,120,-0.013568465740808255,-0.12388800217173812,645.5875590736483,-729.8205943925859,2565,3640
4,>=100%,145,6167,119,-0.013869920755343929,-0.11925330775526445,641.1902772755469,-726.7260785737531,2544,3620
4,>=100%,146,6120,118,-0.0132723708298996,-0.11642045782012772,639.4010508238712,-720.6279603028562,2516,3600
4,>=100%,147,6062,117,-0.01393774839245123,-0.12240704325266596,631.3955092265461,-715.8861399815855,2482,3574
4,>=100%,148,6006,117,-0.014608225150438402,-0.12249678382389334,625.0319135289578,-712.7689137824914,2469,3536
4,>=100%,149,5953,117,-0.01544956077232002,-0.12160376640533799,617.4258194627989,-709.3970547404198,2456,3490
4,>=100%,150,5904,117,-0.01535370380517949,-0.11761900900229821,613.7812445279986,-704.4295117937783,2427,3475
4,>=100%,151,5854,117,-0.015322981295188023,-0.11635930778308969,610.9046116411258,-700.6053441431563,2396,3457
4,>=100%,152,5808,117,-0.015332224099141622,-0.11684901469963013,607.219095792736,-696.2686533605504,2374,3426
4,>=100%,153,5754,116,-0.015061798758568045,-0.11748556844246547,605.084289705825,-691.7498797626256,2335,3414
4,>=100%,154,5700,115,-0.01490804401765502,-0.12397229380880856,602.2833813559704,-687.2592322566039,2302,3397
4,>=100%,155,5659,116,-0.014751415735014607,-0.11969839993536091,601.1675113598887,-684.6457730043361,2285,3366
4,>=100%,156,5618,116,-0.01416015025441579,-0.1193231649799019,600.5116194898147,-680.0633436191229,2282,3332
4,>=100%,157,5565,116,-0.014313056568652114,-0.11931603080853403,595.3132313819568,-674.9653911865057,2267,3294
4,>=100%,158,5519,116,-0.015503602211417871,-0.1170333168845997,587.9387135373357,-673.5030941421512,2232,3279
4,>=100%,159,5463,116,-0.0164105912163188,-0.11696032125876646,579.1278325964585,-668.7788924112081,2201,3258
4,>=100%,160,5413,114,-0.017125490369762308,-0.1234972301281012,575.163273759479,-667.8635531310022,2169,3241
4,>=100%,161,5378,115,-0.017713362262730972,-0.11962381714924124,572.5138525218996,-667.7763147708671,2147,3223
4,>=100%,162,5338,115,-0.01684911358146037,-0.11939301014477727,574.0882141153223,-664.0287824131578,2118,3217
4,>=100%,163,5301,115,-0.016033344711042074,-0.12132009452960511,574.8966375730225,-659.8893978862561,2114,3183
4,>=100%,164,5263,114,-0.01656562337266897,-0.1262838033711343,570.8922985572212,-658.0771743675773,2111,3147
4,>=100%,165,5219,113,-0.016422920642540483,-0.1235646778086207,568.3933595275842,-654.1045823610029,2101,3114
4,>=100%,166,5174,115,-0.016189794211977554,-0.12198361019797672,567.2567312789622,-651.022726531734,2087,3083
4,>=100%,167,5123,115,-0.016742000704705856,-0.12200938141807927,558.9760887935929,-644.7453584038012,2057,3062
4,>=100%,168,5063,115,-0.016224516237234275,-0.11992140872658694,554.6244978744985,-636.7692235836155,2048,3012
4,>=100%,169,5009,114,-0.015801036719732743,-0.1126918013406006,551.8089730665124,-630.9563659956536,2043,2961
4,>=100%,170,4952,113,-0.015676236164088246,-0.12188091875372586,548.4256423778785,-626.0543638624437,2011,2937
4,>=100%,171,4910,114,-0.01491530398535665,-0.11820988696981284,549.26556530781,-622.499707875911,1996,2910
4,>=100%,172,4864,114,-0.014987418302439437,-0.11625589786003407,546.6563558749906,-619.5551584980559,1994,2864
4,>=100%,173,4810,114,-0.015276607095220064,-0.1164010744848124,540.936432945468,-614.4169130734767,1986,2822
4,>=100%,174,4769,114,-0.01563823042194766,-0.1138014091609967,536.292901336179,-610.8716222184473,1974,2793
4,>=100%,175,4718,112,-0.016738611618660793,-0.11835007544043559,528.8370803736073,-607.8098499904486,1949,2765
4,>=100%,176,4668,111,-0.016252987084792673,-0.11644116669668644,526.4456745242909,-602.3146182361028,1930,2738
4,>=100%,177,4638,112,-0.01580208317994532,-0.11069251204353993,526.5261441786214,-599.8162059672077,1923,2713
4,>=100%,178,4594,112,-0.015579533220929732,-0.11003728727614136,525.2282326523393,-596.8006082692906,1899,2694
4,>=100%,179,4548,112,-0.016488286803028072,-0.11064977362492137,517.6763713112397,-592.6650996914112,1882,2662
4,>=100%,180,4502,112,-0.016329800023676646,-0.11033726627377738,514.7625448193172,-588.2793045259095,1861,2635
4,>=100%,181,4455,111,-0.015505478336298518,-0.11214298571497222,514.1934036844378,-583.270309672648,1849,2606
4,>=100%,182,4409,111,-0.016055935674080684,-0.11194052781010287,509.2343289257707,-580.0249493127927,1827,2578
4,>=100%,183,4364,109,-0.015519974084117608,-0.1141615376810722,507.72492886325045,-575.4540957663394,1816,2546
4,>=100%,184,4315,110,-0.015334529919819935,-0.10595829184035102,504.5575680166417,-570.7260646206646,1788,2524
4,>=100%,185,4272,110,-0.016550928987538516,-0.10781817796529236,496.8625695967067,-567.568138231471,1756,2513
4,>=100%,186,4225,109,-0.01655143758075341,-0.11489510523070795,491.69888710181704,-561.6287108805003,1740,2484
4,>=100%,187,4188,109,-0.016405916573826156,-0.11589047434592413,488.69563776234804,-557.4036163735318,1722,2462
4,>=100%,188,4148,110,-0.016371986768862694,-0.10893024899244609,484.5289967834986,-552.439997900741,1713,2430
4,>=100%,189,4107,110,-0.016969440632191295,-0.11185795908988327,479.48358665511455,-549.1770793315243,1704,2403
4,>=100%,190,4071,110,-0.017732499924304687,-0.11237530068168296,474.7885488563649,-546.9775560482092,1682,2387
4,>=100%,191,4027,109,-0.017641456186291656,-0.11638515812687229,471.4694422972679,-542.511586359464,1650,2376
4,>=100%,192,3983,109,-0.01645269559793324,-0.11541790607497159,470.5266396625569,-536.0577262291248,1626,2353
4,>=100%,193,3943,110,-0.014974568315292416,-0.10784677744831694,471.0451300865962,-530.0898529537941,1623,2320
4,>=100%,194,3890,110,-0.01431471100095917,-0.10439012308944425,467.46333484044345,-523.1475606341747,1603,2286
4,>=100%,195,3838,110,-0.014154525407686106,-0.10625036564981664,461.277289436147,-515.602357950846,1590,2247
4,>=100%,196,3785,108,-0.015241590953721797,-0.11124149778652351,452.75195647092374,-510.44137823076056,1551,2228
4,>=100%,197,3733,107,-0.01496691540572288,-0.1146305098959089,447.4848101903355,-503.35630539989893,1546,2185
4,>=100%,198,3694,107,-0.013879906600449566,-0.11392868838649581,446.24194195821127,-497.5143169402719,1521,2167
4,>=100%,199,3651,105,-0.01225795331672441,-0.10576849498674115,446.3141395892734,-491.0679271486343,1504,2145
4,>=100%,200,3603,104,-0.011595040386869385,-0.1019127700854958,442.6517599976222,-484.42869051151285,1488,2115
4,>=100%,201,3559,104,-0.012619309184984525,-0.10144971822109737,435.1140130105228,-480.0261343998827,1477,2077
4,>=100%,202,3507,103,-0.012982789654850575,-0.10654138248635361,427.9457143756504,-473.4763576952113,1451,2051
4,>=100%,203,3466,103,-0.013789436010619494,-0.10601736034710695,423.2133214638373,-471.0075066766444,1444,2020
4,>=100%,204,3418,102,-0.013198158023165835,-0.09354127968819269,420.4347212401089,-465.5460253632897,1419,1997
4,>=100%,205,3373,101,-0.01219286521923003,-0.09763697762762394,417.9372943485222,-459.0638287329851,1394,1978
4,>=100%,206,3331,99,-0.011831590982729321,-0.09365652013184407,414.551495725245,-453.96252528871645,1377,1950
4,>=100%,207,3283,99,-0.012030420965465315,-0.10035345647511797,407.0014173042951,-446.49728933391765,1366,1913
4,>=100%,208,3237,99,-0.011053882346410563,-0.09799486587837469,403.1935450083829,-438.9749621637137,1354,1881
4,>=100%,209,3202,98,-0.010318211958948456,-0.09743873569232249,400.92274448507237,-433.96165917762545,1352,1849
4,>=100%,210,3164,99,-0.008991514268093647,-0.08762634792437136,400.19992813208717,-428.6490792763354,1337,1825
4,>=100%,211,3130,99,-0.007820784577988566,-0.0913958669281436,399.15017058827493,-423.6292263173794,1335,1793
4,>=100%,212,3085,98,-0.008005656027912514,-0.09957210730436401,394.18650248310075,-418.88395132921084,1320,1762
4,>=100%,213,3038,97,-0.007013933885179256,-0.10099394193476745,391.2081138035599,-412.5164449467344,1297,1737
4,>=100%,214,2992,96,-0.005626617213955679,-0.1035003957905176,388.923824169306,-405.7586628734611,1297,1690
4,>=100%,215,2950,95,-0.006549649279045094,-0.10423835799357263,383.5877854378379,-402.9092508110211,1293,1653
4,>=100%,216,2915,97,-0.00663637433049768,-0.09056205423043683,379.6900169109916,-399.0350480843924,1280,1633
4,>=100%,217,2871,97,-0.007881615705469662,-0.10015988074187539,373.9857636943358,-396.6138823847393,1253,1617
4,>=100%,218,2822,96,-0.009830791279790242,-0.10402213652303999,363.44202172242996,-391.18451471399794,1230,1591
4,>=100%,219,2782,95,-0.010996397667203279,-0.10921036225710846,356.3435540929135,-386.9355324030731,1220,1561
4,>=100%,220,2742,94,-0.012354173564310407,-0.1048747736517749,349.84336802399326,-383.7185119373326,1202,1540
4,>=100%,221,2700,94,-0.012959353224775677,-0.10360391409121035,343.21052674166657,-378.20078044856075,1189,1509
4,>=100%,222,2662,93,-0.014210647065550945,-0.1066375383507875,337.9759660030044,-375.80470849150083,1167,1495
4,>=100%,223,2622,90,-0.01523064568093762,-0.1052951677635072,331.9074992442192,-371.84225221963777,1146,1474
4,>=100%,224,2585,90,-0.013765067730221136,-0.10426107206881784,331.5213678263145,-367.1040679089362,1119,1465
4,>=100%,225,2544,90,-0.014065894473966601,-0.10976681285851705,325.78214234207957,-361.5657778838506,1099,1443
4,>=100%,226,2510,91,-0.012878132198377336,-0.09299676516697217,323.8158728919809,-356.1399847099081,1086,1423
4,>=100%,227,2469,90,-0.012321658956824601,-0.09520083896973792,320.5216734560965,-350.94384942049646,1073,1394
4,>=100%,228,2421,87,-0.015409389919744127,-0.12175504371921936,310.05235618858563,-347.358489184286,1049,1372
4,>=100%,229,2383,87,-0.014270892511285755,-0.12256115660249435,307.66188194676016,-341.66941880115405,1031,1349
4,>=100%,230,2343,88,-0.0158288385086043,-0.11841213560917248,300.2935385100911,-337.380507135751,1022,1319
4,>=100%,231,2301,88,-0.017632853745030576,-0.120701974335056,292.0035470463903,-332.57674351370576,1004,1295
4,>=100%,232,2266,86,-0.0189685616875843,-0.12160160568340514,285.05850440507305,-328.0412651891391,984,1279
4,>=100%,233,2225,85,-0.019917670862428405,-0.12416772942659758,277.89226519570326,-322.2090828646064,952,1270
4,>=100%,234,2184,85,-0.01929762766754567,-0.12245937961883996,274.6111865639878,-316.7572053899074,925,1256
4,>=100%,235,2144,84,-0.018377359485478518,-0.11543478794756856,271.74883675200954,-311.1498954888754,917,1227
4,>=100%,236,2108,83,-0.01866808336309815,-0.1162346179157407,267.86365757747734,-307.2159773068883,895,1212
4,>=100%,237,2074,82,-0.01825041983571137,-0.11702141471028137,264.96432699545807,-302.81569773472336,883,1190
4,>=100%,238,2041,82,-0.018110725637688244,-0.11898084585762919,261.5053478745721,-298.4693389010938,885,1154
4,>=100%,239,2007,81,-0.016582807348521477,-0.1148552064165379,261.0109984936698,-294.2926928421524,861,1145
4,>=100%,240,1979,80,-0.015063037885582213,-0.11327885734900674,261.0889036894081,-290.8986556649753,851,1126
4,>=100%,241,1942,80,-0.014257416270915483,-0.10997783927643554,257.7419892290936,-285.4298916272116,837,1104
4,>=100%,242,1911,80,-0.01344263529317901,-0.10761537085123196,254.64784883441465,-280.3367248796796,820,1091
4,>=100%,243,1879,79,-0.015380895770245923,-0.10815176659765184,247.04972338942522,-275.95042654171726,801,1076
4,>=100%,244,1842,79,-0.013559813260469273,-0.10654007213056216,243.99223657045755,-268.9694125962421,782,1059
4,>=100%,245,1811,79,-0.01388152443139191,-0.10687040447988193,241.01713244398485,-266.1565731892354,763,1047
4,>=100%,246,1782,79,-0.015219486926574663,-0.10832149474326795,235.92833913710882,-263.0494648402648,750,1031
4,>=100%,247,1751,78,-0.014947210449231607,-0.10603866999352377,233.93322410092048,-260.105789597525,732,1015
4,>=100%,248,1719,78,-0.01617198422942599,-0.10651103959047956,229.37483034585264,-257.17447123623595,718,1001
4,>=100%,249,1685,77,-0.017646134647168913,-0.1023239868194468,223.42550093558455,-253.1592378160641,702,981
4,>=100%,250,1646,77,-0.017661200310415986,-0.10211807706020877,218.51814917954124,-247.58848489048597,686,958
4,>=100%,251,1606,77,-0.018092061596669633,-0.100388773148812,212.64872358955571,-241.70457451380716,675,931
4,>=100%,252,1571,75,-0.015783751154508134,-0.09061371021032917,211.09295030416385,-235.88922336789614,660,908
4,>=100%,253,1539,74,-0.014490715084263847,-0.0880033591042021,209.46249001655264,-231.76370053123475,657,882
4,>=100%,254,1505,74,-0.014144118834057019,-0.08728269768516457,206.69440517680422,-227.98130402206002,644,861
4,>=100%,255,1475,73,-0.01569414835858357,-0.09098836832287265,202.8321172034998,-225.98098603241044,631,843
4,>=100%,256,1441,71,-0.018070950570938247,-0.09271008997302063,197.18958330921706,-223.22982308193914,611,829
4,>=100%,257,1408,71,-0.01943229166569906,-0.09197299669128516,192.01338285885492,-219.37404952415915,600,808
4,>=100%,258,1376,71,-0.02360051138360721,-0.090061240005159,185.0384842978174,-217.51278796166096,584,791
4,>=100%,259,1346,70,-0.027566777124366452,-0.10688037735302208,178.37426827183273,-215.47915028122995,564,782
4,>=100%,260,1320,70,-0.030251305322915756,-0.10825828299384507,173.7206882529972,-213.6524112792459,554,766
4,>=100%,261,1297,70,-0.03449090456640378,-0.11261172005512646,168.35602366690816,-213.09072688953387,543,754
4,>=100%,262,1270,70,-0.034538214198816274,-0.11271291403718793,165.37482943752974,-209.23836147002658,536,734
4,>=100%,263,1247,69,-0.03542272950090779,-0.11356008327973936,162.1352947702954,-206.3074384579274,527,720
4,>=100%,264,1221,69,-0.0356072152856697,-0.1125113787608907,158.7912153343512,-202.26762519815384,520,701
4,>=100%,265,1196,67,-0.03563897795964808,-0.09697399570889423,155.59701809731882,-198.22123573705798,503,692
4,>=100%,266,1168,67,-0.038970089704264445,-0.09814963591144829,149.93686778960995,-195.45393256419075,492,676
4,>=100%,267,1144,66,-0.04141663707068813,-0.09672584239307248,145.53550967144736,-192.91614248031456,476,667
4,>=100%,268,1114,66,-0.0428703377687506,-0.09790796159783853,141.40448042692432,-189.16203670131242,467,646
4,>=100%,269,1084,66,-0.044398072244214666,-0.09739369239475493,137.19713523429235,-185.32464554702096,450,634
4,>=100%,270,1055,66,-0.04435459723768896,-0.09569428541761087,133.7594341277203,-180.55353421348218,439,616
4,>=100%,271,1020,66,-0.04550584500414257,-0.09392733734302118,128.64237275583116,-175.05833466005663,427,593
4,>=100%,272,994,66,-0.04781307602494568,-0.09075444469922396,124.3841915170967,-171.91038908589272,418,575
4,>=100%,273,966,64,-0.05082460789185225,-0.11198659239918769,118.92976910513565,-168.02634032866493,404,562
4,>=100%,274,942,63,-0.051032311309121905,-0.10910392314181425,116.83821075146913,-164.91064800466197,392,550
4,>=100%,275,923,62,-0.05019229754723485,-0.10951636643337057,116.3201927456809,-162.64768338177865,384,539
4,>=100%,276,899,62,-0.050027563549389094,-0.11021666581767334,113.86537143568832,-158.84015106658916,374,524
4,>=100%,277,875,60,-0.053346366986575564,-0.1210340473968389,109.64229033705816,-156.32036145031176,361,513
4,>=100%,278,853,60,-0.05497752594896673,-0.11827572929157054,106.56178987960077,-153.45761951406945,350,503
4,>=100%,279,830,58,-0.0558041754799956,-0.1193767578173388,103.58412412228434,-149.90158977068066,341,488
4,>=100%,280,811,58,-0.056058829959873636,-0.11863323533788514,101.7851118224288,-147.2488229198863,337,474
4,>=100%,281,789,56,-0.05512230498088423,-0.11284100103016097,99.61021292447035,-143.10171155438803,333,456
4,>=100%,282,772,54,-0.05982279196962344,-0.11782026179549893,96.18062816386727,-142.36382356441655,324,448
4,>=100%,283,760,54,-0.06480675371050561,-0.11546138402930782,93.54868115656524,-142.80181397654948,318,442
4,>=100%,284,746,53,-0.06939994324390432,-0.1065038713871684,90.78690584987949,-142.55926350983214,313,433
4,>=100%,285,731,52,-0.0750112613017822,-0.10671818202872,88.00115132553144,-142.8343833371342,296,435
4,>=100%,286,716,52,-0.07828297519146739,-0.10470229830996111,85.79277272901216,-141.84338296610278,286,429
4,>=100%,287,697,51,-0.08316350146135751,-0.11713604933737741,82.26144029493399,-140.22640081350022,274,423
4,>=100%,288,684,51,-0.0874705483465755,-0.11877811798101058,79.91034424819014,-139.74019931724774,268,416
4,>=100%,289,670,50,-0.09057069845832091,-0.11674396860602852,77.71919295274708,-138.40156091982212,261,409
4,>=100%,290,655,50,-0.09372755857868945,-0.11411196967862632,75.13977353696134,-136.5313244060029,252,402
4,>=100%,291,638,48,-0.09675920112810807,-0.14264193392324878,72.51413495935854,-134.24650527909148,249,389
4,>=100%,292,621,47,-0.0987252071638439,-0.15468236742849298,69.92139418711245,-131.2297478358595,243,378
4,>=100%,293,609,47,-0.09944075708340816,-0.15468197777918138,68.42515686016841,-128.984577923964,234,375
4,>=100%,294,597,47,-0.10117085518538738,-0.15254498249667783,66.81775162102271,-127.21675216669897,229,367
4,>=100%,295,584,47,-0.10259660202028999,-0.15184236223591144,65.17141337459623,-125.08782895444556,223,361
4,>=100%,296,568,46,-0.10419113283584196,-0.16062278154149726,63.48217703631687,-122.6627404870751,216,352
4,>=100%,297,551,45,-0.10452761223945724,-0.15851391545557603,61.317777338010615,-118.91249168195156,211,340
4,>=100%,298,537,45,-0.10544613946918868,-0.15940611108290037,59.667012173600526,-116.29158906855486,201,336
4,>=100%,299,523,45,-0.10473218361145009,-0.1597650548727346,58.77306641679374,-113.54799844558217,197,326
4,>=100%,300,507,44,-0.10368136178227523,-0.15733705570302772,57.42663439605984,-109.99308481967337,193,314
4,>=100%,301,494,44,-0.10476566938406615,-0.1596265931099918,56.563696252755555,-108.31793692848424,186,307
4,>=100%,302,482,43,-0.10549429702832022,-0.159763409527488,55.316340931658345,-106.16459209930869,183,299
4,>=100%,303,464,43,-0.10730533558749757,-0.15886767742558477,53.21746025204806,-103.00713596464693,177,287
4,>=100%,304,450,43,-0.1039717653694412,-0.15657815842961506,52.89050682262075,-99.67780123886932,174,276
4,>=100%,305,435,42,-0.10161480931790946,-0.15280135128638164,51.937316533064035,-96.13975858635465,169,266
4,>=100%,306,422,38,-0.10052503252415573,-0.1373770770954517,51.22223869169607,-93.6438024168898,165,256
4,>=100%,307,414,38,-0.10234748030864525,-0.1376229500030868,50.06138233102736,-92.43323917880652,163,251
4,>=100%,308,404,37,-0.10179906215020548,-0.13454843117182078,48.879747929965106,-90.00656903864812,160,243
4,>=100%,309,396,37,-0.10337549809144232,-0.13345219120174331,48.27167162838607,-89.20836887259723,158,237
4,>=100%,310,385,36,-0.10228980707422201,-0.14155416239214402,47.68166240974816,-87.06323813332364,152,233
4,>=100%,311,374,36,-0.09988925219115982,-0.14178645248722851,47.06569185965391,-84.42427217914769,147,227
4,>=100%,312,359,36,-0.09461624769940376,-0.13824135353584097,46.00972495064409,-79.97695787473005,139,218
4,>=100%,313,348,36,-0.09755704493567142,-0.1352960583333701,43.755957245906046,-77.70580888351971,137,209
4,>=100%,314,336,35,-0.10002726771211498,-0.1349525730846262,41.89800297253619,-75.50716492380683,133,203
4,>=100%,315,325,35,-0.09588911878264389,-0.13381728986179153,42.0168611692351,-73.18082477359435,127,198
4,>=100%,316,314,34,-0.08966879370747778,-0.11997513535315672,41.89683864111757,-70.0528398652656,125,188
4,>=100%,317,301,34,-0.08725870238084668,-0.12499418453122627,40.572868326911575,-66.83773774354641,121,180
4,>=100%,318,290,34,-0.083978513297846,-0.12096596101424856,39.80544117121997,-64.15921002759531,117,173
4,>=100%,319,275,33,-0.09490941047198288,-0.1269006267789749,36.23836437389518,-62.33845225369047,109,166
4,>=100%,320,266,32,-0.09847935791198587,-0.14013918821584284,35.31266957761042,-61.50817878219868,103,163
4,>=100%,321,255,31,-0.09926296292398767,-0.15577402944410154,34.390796499269115,-59.702852044885965,99,156
4,>=100%,322,239,31,-0.09008120759841969,-0.1539733790478529,34.08872338958931,-55.61813200561161,94,145
4,>=100%,323,225,29,-0.08508461243083826,-0.1680843153178425,33.45610661420546,-52.60014441114408,87,138
4,>=100%,324,216,28,-0.0947746329509326,-0.2143586638096772,31.07139200679221,-51.54271272419366,81,135
4,>=100%,325,204,28,-0.09221480117991986,-0.21118181712501535,29.36291135117371,-48.17473079187736,77,127
4,>=100%,326,197,26,-0.0932836639756397,-0.2025475388964937,29.038092644984875,-47.414974448185895,72,125
4,>=100%,327,188,25,-0.08807747677455349,-0.20640898648830472,28.75967071024015,-45.318236343856206,69,119
4,>=100%,328,177,24,-0.07878223545732882,-0.1899174733204326,28.06130386916417,-42.005759545111374,65,112
4,>=100%,329,167,22,-0.07369675475280899,-0.17182088857737102,27.356862107042158,-39.66422015076127,61,106
4,>=100%,330,158,21,-0.07983992340202024,-0.164292476376555,25.402115659231917,-38.01682355675112,56,102
4,>=100%,331,149,21,-0.08547046936317802,-0.15915815427145774,23.278664818710855,-36.01376475382438,51,98
4,>=100%,332,140,21,-0.09048817469468756,-0.14849466917069676,21.43922094628539,-34.10756540354164,46,94
4,>=100%,333,129,20,-0.09844047109883008,-0.1231284299007481,18.90603423132669,-31.60485500307577,42,87
4,>=100%,334,118,19,-0.116166590340592,-0.11154106582844368,16.152183234279754,-29.85984089446961,37,81
4,>=100%,335,108,19,-0.1392138285556687,-0.114399533424038,12.8931698170811,-27.92826330109332,34,74
4,>=100%,336,100,19,-0.13723328662622947,-0.10680927970873721,12.260660559063517,-25.983989221686468,29,71
4,>=100%,337,94,19,-0.1355088685215019,-0.1098448598319937,11.5516549191738,-24.28948856019498,27,67
4,>=100%,338,85,18,-0.1347107059139436,-0.11707818116902338,10.633757812011664,-22.084167814696865,22,63
4,>=100%,339,78,18,-0.1254756867735618,-0.11395590924502404,10.305966157763086,-20.093069726100904,20,58
4,>=100%,340,74,18,-0.1642667703673001,-0.11636245726503534,7.460787851336434,-19.61652885851665,17,57
4,>=100%,341,70,17,-0.1649707253685217,-0.10252905237684418,7.270398738750127,-18.818349514546643,16,54
4,>=100%,342,65,14,-0.18949326593872293,-0.22615468673423275,5.074732775764774,-17.391795061781764,15,50
4,>=100%,343,62,14,-0.1937512258145794,-0.22386219046553604,4.835705446706559,-16.848281447210482,14,48
4,>=100%,344,56,12,-0.1834014644011905,-0.18720819075946704,4.636506818193792,-14.90698882466046,13,43
4,>=100%,345,51,11,-0.18683894071178153,-0.1952221378428907,4.289834196486876,-13.818620172787734,12,39
4,>=100%,346,45,11,-0.18468019918586312,-0.1970783468830316,3.7593712209168206,-12.069980184280661,10,35
4,>=100%,347,39,10,-0.2044460949082275,-0.2519134420313313,2.837480537325084,-10.810878238745957,8,31
4,>=100%,348,33,9,-0.20273935469838353,-0.1957589450657491,2.3454025800364797,-9.035801285083137,6,27
4,>=100%,349,27,8,-0.22099080979576835,-0.244167707587497,1.696699025663622,-7.663450890149368,4,23
4,>=100%,350,23,8,-0.22921678932067363,-0.2383301655844681,1.3057426725691925,-6.577728826944686,3,20
4,>=100%,351,21,8,-0.2594829927757905,-0.23619528125623382,0.875459579645824,-6.324602427937425,2,19
4,>=100%,352,19,8,-0.2894347570890124,-0.2174399294319051,0.5219333490900495,-6.021193733781285,1,18
4,>=100%,353,16,7,-0.345305541861099,-0.32671560529760807,0.0,-5.524888669777584,0,16
4,>=100%,354,14,7,-0.35235136167350145,-0.31691793088768866,0.0,-4.93291906342902,0,14
4,>=100%,355,11,5,-0.3820595492621179,-0.3565626207405633,0.0,-4.202655041883297,0,11
4,>=100%,356,9,4,-0.41416019123284276,-0.41011006169954106,0.0,-3.727441721095585,0,9
4,>=100%,357,8,4,-0.4253152503097059,-0.41027032364772964,0.0,-3.4025220024776472,0,8
4,>=100%,358,7,4,-0.43996481104310936,-0.40788571368810667,0.0,-3.0797536773017655,0,7
4,>=100%,359,6,3,-0.46943274284235703,-0.44877821070262214,0.0,-2.816596457054142,0,6
4,>=100%,360,6,3,-0.4675118250258923,-0.44651685322883167,0.0,-2.8050709501553537,0,6
4,>=100%,361,6,3,-0.4695027978657838,-0.4482206033722642,0.0,-2.817016787194703,0,6
4,>=100%,362,5,2,-0.47378150080765397,-0.45160703162415494,0.0,-2.36890750403827,0,5
4,>=100%,363,5,2,-0.4694488011203216,-0.44684815458812327,0.0,-2.347244005601608,0,5
4,>=100%,364,5,2,-0.4684935433664362,-0.44603542422313125,0.0,-2.3424677168321812,0,5
4,>=100%,365,5,2,-0.4710176006907247,-0.44884502001597054,0.0,-2.3550880034536235,0,5
4,>=100%,366,4,2,-0.43182622899830475,-0.43182622899830475,0.0,-1.727304915993219,0,4
4,>=100%,367,3,2,-0.3922317457376239,-0.4159255802595344,0.0,-1.1766952372128718,0,3
4,>=100%,368,3,2,-0.3954229260616131,-0.41935349915069625,0.0,-1.1862687781848393,0,3
4,>=100%,369,2,2,-0.42469291028704054,-0.42469291028704054,0.0,-0.8493858205740811,0,2
4,>=100%,370,2,2,-0.42850753934683783,-0.42850753934683783,0.0,-0.8570150786936757,0,2
4,>=100%,371,1,1,-0.48406139315230223,-0.48406139315230223,0.0,-0.48406139315230223,0,1
