Loading events factory\artifacts\certification_2025-07\events_topN.parquet
 events: 139400 dates 22 tickers 669
Loading clean [WindowsPath('data/stage_2025-07/clean_ohlcv_2025-06.parquet'), WindowsPath('data/stage_2025-07/clean_ohlcv_2025-07.parquet')]
Computing VWAP...
 vwap join: 139400->139400 (dropped 0 no vwap)
Computing forward returns via clean join...
 threshold >5%: n=10607 (7.6%)
 threshold >8%: n=2973 (2.1%)
 threshold >12%: n=1225 (0.9%)

=== VWAP distance buckets (all events) ===
 <3%:
  h=1m n=95531 avg=-0.0010% med=0.0000% long(wr=43.43% wr_net=8.41% exp_net=-0.4010%) short(wr=43.43% wr_net=8.48% exp_net=-0.3990%)
  h=3m n=94581 avg=-0.0016% med=0.0000% long(wr=46.57% wr_net=16.13% exp_net=-0.4016%) short(wr=46.22% wr_net=16.24% exp_net=-0.3984%)
  h=5m n=94098 avg=-0.0040% med=0.0000% long(wr=47.66% wr_net=20.48% exp_net=-0.4040%) short(wr=46.95% wr_net=20.35% exp_net=-0.3960%)
  h=15m n=91458 avg=-0.0102% med=0.0000% long(wr=48.67% wr_net=29.46% exp_net=-0.4102%) short(wr=48.26% wr_net=29.34% exp_net=-0.3898%)
  h=30m n=87418 avg=0.0022% med=0.0000% long(wr=49.27% wr_net=34.67% exp_net=-0.3978%) short(wr=48.60% wr_net=33.87% exp_net=-0.4022%)
  h=60m n=79247 avg=0.0208% med=0.0130% long(wr=50.15% wr_net=38.57% exp_net=-0.3792%) short(wr=48.29% wr_net=37.11% exp_net=-0.4208%)
 3-5%:
  h=1m n=20192 avg=-0.0031% med=0.0000% long(wr=42.75% wr_net=9.45% exp_net=-0.4031%) short(wr=42.90% wr_net=9.99% exp_net=-0.3969%)
  h=3m n=19966 avg=-0.0061% med=0.0000% long(wr=45.75% wr_net=18.43% exp_net=-0.4061%) short(wr=46.99% wr_net=19.83% exp_net=-0.3939%)
  h=5m n=19813 avg=-0.0080% med=0.0000% long(wr=46.96% wr_net=23.67% exp_net=-0.4080%) short(wr=47.77% wr_net=25.02% exp_net=-0.3920%)
  h=15m n=19061 avg=-0.0031% med=0.0000% long(wr=47.42% wr_net=32.34% exp_net=-0.4031%) short(wr=49.86% wr_net=34.54% exp_net=-0.3969%)
  h=30m n=18033 avg=-0.0055% med=-0.0164% long(wr=47.90% wr_net=36.83% exp_net=-0.4055%) short(wr=50.14% wr_net=39.28% exp_net=-0.3945%)
  h=60m n=16129 avg=-0.0928% med=-0.1887% long(wr=45.12% wr_net=37.38% exp_net=-0.4928%) short(wr=53.26% wr_net=45.31% exp_net=-0.3072%)
 5-8%:
  h=1m n=6997 avg=-0.0144% med=0.0000% long(wr=42.78% wr_net=15.96% exp_net=-0.4144%) short(wr=45.19% wr_net=17.59% exp_net=-0.3856%)
  h=3m n=6872 avg=-0.0495% med=0.0000% long(wr=44.22% wr_net=24.26% exp_net=-0.4495%) short(wr=49.61% wr_net=28.08% exp_net=-0.3505%)
  h=5m n=6768 avg=-0.0628% med=-0.0444% long(wr=44.81% wr_net=28.43% exp_net=-0.4628%) short(wr=50.80% wr_net=33.19% exp_net=-0.3372%)
  h=15m n=6491 avg=-0.1273% med=-0.1229% long(wr=45.29% wr_net=34.68% exp_net=-0.5273%) short(wr=52.41% wr_net=41.55% exp_net=-0.2727%)
  h=30m n=6065 avg=-0.1513% med=-0.2041% long(wr=44.30% wr_net=37.00% exp_net=-0.5513%) short(wr=53.67% wr_net=45.52% exp_net=-0.2487%)
  h=60m n=5192 avg=-0.1621% med=-0.4284% long(wr=43.91% wr_net=39.23% exp_net=-0.5621%) short(wr=54.93% wr_net=50.42% exp_net=-0.2379%)
 8-12%:
  h=1m n=1623 avg=0.0212% med=0.0000% long(wr=45.90% wr_net=26.80% exp_net=-0.3788%) short(wr=46.03% wr_net=28.53% exp_net=-0.4212%)
  h=3m n=1605 avg=0.0535% med=0.0000% long(wr=45.30% wr_net=34.14% exp_net=-0.3465%) short(wr=49.47% wr_net=36.64% exp_net=-0.4535%)
  h=5m n=1599 avg=0.0302% med=-0.0746% long(wr=46.78% wr_net=37.09% exp_net=-0.3698%) short(wr=50.41% wr_net=41.03% exp_net=-0.4302%)
  h=15m n=1511 avg=0.1888% med=0.0000% long(wr=48.84% wr_net=42.95% exp_net=-0.2112%) short(wr=49.37% wr_net=43.15% exp_net=-0.5888%)
  h=30m n=1416 avg=0.2051% med=-0.0776% long(wr=48.73% wr_net=44.99% exp_net=-0.1949%) short(wr=50.21% wr_net=46.96% exp_net=-0.6051%)
  h=60m n=1303 avg=1.2950% med=0.2681% long(wr=50.96% wr_net=48.66% exp_net=0.8950%) short(wr=48.27% wr_net=45.74% exp_net=-1.6950%)
 12%+:
  h=1m n=1158 avg=-0.0097% med=-0.0961% long(wr=44.30% wr_net=34.11% exp_net=-0.4097%) short(wr=51.30% wr_net=39.12% exp_net=-0.3903%)
  h=3m n=1127 avg=-0.0514% med=-0.2522% long(wr=43.83% wr_net=37.71% exp_net=-0.4514%) short(wr=53.59% wr_net=47.03% exp_net=-0.3486%)
  h=5m n=1122 avg=-0.1314% med=-0.2565% long(wr=43.85% wr_net=37.97% exp_net=-0.5314%) short(wr=53.57% wr_net=46.97% exp_net=-0.2686%)
  h=15m n=1070 avg=-0.1350% med=-0.2207% long(wr=47.10% wr_net=42.80% exp_net=-0.5350%) short(wr=51.50% wr_net=48.04% exp_net=-0.2650%)
  h=30m n=1024 avg=-0.9284% med=-0.4037% long(wr=45.70% wr_net=43.65% exp_net=-1.3284%) short(wr=53.12% wr_net=50.10% exp_net=0.5284%)
  h=60m n=942 avg=-3.0544% med=-1.3307% long(wr=43.31% wr_net=41.72% exp_net=-3.4544%) short(wr=55.94% wr_net=54.56% exp_net=2.6544%)

=== SIGNALS vwap_dist >8.0% : n=2973 ===
  h=1m n=2781 avg=0.0083% med=0.0000% long(wr=45.24% wr_net=29.85% exp_net=-0.3917%) short(wr=48.22% wr_net=32.94% exp_net=-0.4083%)
  h=3m n=2732 avg=0.0102% med=-0.1081% long(wr=44.69% wr_net=35.61% exp_net=-0.3898%) short(wr=51.17% wr_net=40.92% exp_net=-0.4102%)
  h=5m n=2721 avg=-0.0364% med=-0.1355% long(wr=45.57% wr_net=37.45% exp_net=-0.4364%) short(wr=51.71% wr_net=43.48% exp_net=-0.3636%)
  h=15m n=2581 avg=0.0546% med=-0.0724% long(wr=48.12% wr_net=42.89% exp_net=-0.3454%) short(wr=50.25% wr_net=45.18% exp_net=-0.4546%)
  h=30m n=2440 avg=-0.2706% med=-0.2100% long(wr=47.46% wr_net=44.43% exp_net=-0.6706%) short(wr=51.43% wr_net=48.28% exp_net=-0.1294%)
  h=60m n=2245 avg=-0.5300% med=-0.3226% long(wr=47.75% wr_net=45.75% exp_net=-0.9300%) short(wr=51.49% wr_net=49.44% exp_net=0.1300%)

=== by time_bucket (signals) ===
 09:39:
  h=1m n=1 avg=3.1030% med=3.1030% long(wr=100.00% wr_net=100.00% exp_net=2.7030%) short(wr=0.00% wr_net=0.00% exp_net=-3.5030%)
  h=3m n=1 avg=4.0903% med=4.0903% long(wr=100.00% wr_net=100.00% exp_net=3.6903%) short(wr=0.00% wr_net=0.00% exp_net=-4.4903%)
  h=5m n=1 avg=-3.1030% med=-3.1030% long(wr=0.00% wr_net=0.00% exp_net=-3.5030%) short(wr=100.00% wr_net=100.00% exp_net=2.7030%)
  h=15m n=1 avg=-2.2567% med=-2.2567% long(wr=0.00% wr_net=0.00% exp_net=-2.6567%) short(wr=100.00% wr_net=100.00% exp_net=1.8567%)
  h=30m n=1 avg=-4.5134% med=-4.5134% long(wr=0.00% wr_net=0.00% exp_net=-4.9134%) short(wr=100.00% wr_net=100.00% exp_net=4.1134%)
  h=60m n=1 avg=-7.1932% med=-7.1932% long(wr=0.00% wr_net=0.00% exp_net=-7.5932%) short(wr=100.00% wr_net=100.00% exp_net=6.7932%)
 09:40:
  h=1m n=2 avg=0.8717% med=0.8717% long(wr=50.00% wr_net=50.00% exp_net=0.4717%) short(wr=50.00% wr_net=50.00% exp_net=-1.2717%)
  h=3m n=2 avg=-0.3661% med=-0.3661% long(wr=50.00% wr_net=50.00% exp_net=-0.7661%) short(wr=50.00% wr_net=50.00% exp_net=-0.0339%)
  h=5m n=2 avg=-0.3661% med=-0.3661% long(wr=50.00% wr_net=50.00% exp_net=-0.7661%) short(wr=50.00% wr_net=50.00% exp_net=-0.0339%)
  h=15m n=2 avg=-2.9895% med=-2.9895% long(wr=0.00% wr_net=0.00% exp_net=-3.3895%) short(wr=100.00% wr_net=100.00% exp_net=2.5895%)
  h=30m n=2 avg=-5.1863% med=-5.1863% long(wr=0.00% wr_net=0.00% exp_net=-5.5863%) short(wr=100.00% wr_net=100.00% exp_net=4.7863%)
  h=60m n=2 avg=-1.8038% med=-1.8038% long(wr=50.00% wr_net=50.00% exp_net=-2.2038%) short(wr=50.00% wr_net=50.00% exp_net=1.4038%)
 09:41:
  h=1m n=1 avg=-3.0223% med=-3.0223% long(wr=0.00% wr_net=0.00% exp_net=-3.4223%) short(wr=100.00% wr_net=100.00% exp_net=2.6223%)
  h=3m n=1 avg=-9.7240% med=-9.7240% long(wr=0.00% wr_net=0.00% exp_net=-10.1240%) short(wr=100.00% wr_net=100.00% exp_net=9.3240%)
  h=5m n=1 avg=-5.6505% med=-5.6505% long(wr=0.00% wr_net=0.00% exp_net=-6.0505%) short(wr=100.00% wr_net=100.00% exp_net=5.2505%)
  h=15m n=1 avg=-9.5926% med=-9.5926% long(wr=0.00% wr_net=0.00% exp_net=-9.9926%) short(wr=100.00% wr_net=100.00% exp_net=9.1926%)
  h=30m n=1 avg=-12.0894% med=-12.0894% long(wr=0.00% wr_net=0.00% exp_net=-12.4894%) short(wr=100.00% wr_net=100.00% exp_net=11.6894%)
  h=60m n=1 avg=-13.2720% med=-13.2720% long(wr=0.00% wr_net=0.00% exp_net=-13.6720%) short(wr=100.00% wr_net=100.00% exp_net=12.8720%)
 09:42:
  h=1m n=2 avg=1.7481% med=1.7481% long(wr=100.00% wr_net=100.00% exp_net=1.3481%) short(wr=0.00% wr_net=0.00% exp_net=-2.1481%)
  h=3m n=2 avg=-0.5057% med=-0.5057% long(wr=50.00% wr_net=50.00% exp_net=-0.9057%) short(wr=50.00% wr_net=50.00% exp_net=0.1057%)
  h=5m n=2 avg=3.1147% med=3.1147% long(wr=50.00% wr_net=50.00% exp_net=2.7147%) short(wr=50.00% wr_net=50.00% exp_net=-3.5147%)
  h=15m n=2 avg=-4.3055% med=-4.3055% long(wr=0.00% wr_net=0.00% exp_net=-4.7055%) short(wr=100.00% wr_net=100.00% exp_net=3.9055%)
  h=30m n=2 avg=-5.0708% med=-5.0708% long(wr=0.00% wr_net=0.00% exp_net=-5.4708%) short(wr=100.00% wr_net=100.00% exp_net=4.6708%)
  h=60m n=2 avg=-2.7959% med=-2.7959% long(wr=50.00% wr_net=50.00% exp_net=-3.1959%) short(wr=50.00% wr_net=50.00% exp_net=2.3959%)
 09:43:
  h=1m n=2 avg=-1.5117% med=-1.5117% long(wr=50.00% wr_net=50.00% exp_net=-1.9117%) short(wr=50.00% wr_net=50.00% exp_net=1.1117%)
  h=3m n=2 avg=-0.6585% med=-0.6585% long(wr=50.00% wr_net=50.00% exp_net=-1.0585%) short(wr=50.00% wr_net=50.00% exp_net=0.2585%)
  h=5m n=2 avg=3.3640% med=3.3640% long(wr=50.00% wr_net=50.00% exp_net=2.9640%) short(wr=50.00% wr_net=50.00% exp_net=-3.7640%)
  h=15m n=2 avg=-5.6345% med=-5.6345% long(wr=0.00% wr_net=0.00% exp_net=-6.0345%) short(wr=100.00% wr_net=100.00% exp_net=5.2345%)
  h=30m n=2 avg=-6.4436% med=-6.4436% long(wr=0.00% wr_net=0.00% exp_net=-6.8436%) short(wr=100.00% wr_net=100.00% exp_net=6.0436%)
  h=60m n=2 avg=-4.2046% med=-4.2046% long(wr=50.00% wr_net=50.00% exp_net=-4.6046%) short(wr=50.00% wr_net=50.00% exp_net=3.8046%)
 09:44:
  h=1m n=1 avg=-1.0101% med=-1.0101% long(wr=0.00% wr_net=0.00% exp_net=-1.4101%) short(wr=100.00% wr_net=100.00% exp_net=0.6101%)
  h=3m n=1 avg=4.8485% med=4.8485% long(wr=100.00% wr_net=100.00% exp_net=4.4485%) short(wr=0.00% wr_net=0.00% exp_net=-5.2485%)
  h=5m n=1 avg=10.3030% med=10.3030% long(wr=100.00% wr_net=100.00% exp_net=9.9030%) short(wr=0.00% wr_net=0.00% exp_net=-10.7030%)
  h=15m n=1 avg=-6.4646% med=-6.4646% long(wr=0.00% wr_net=0.00% exp_net=-6.8646%) short(wr=100.00% wr_net=100.00% exp_net=6.0646%)
  h=30m n=1 avg=-8.4848% med=-8.4848% long(wr=0.00% wr_net=0.00% exp_net=-8.8848%) short(wr=100.00% wr_net=100.00% exp_net=8.0848%)
  h=60m n=1 avg=0.0000% med=0.0000% long(wr=0.00% wr_net=0.00% exp_net=-0.4000%) short(wr=0.00% wr_net=0.00% exp_net=-0.4000%)
 09:45:
  h=1m n=1 avg=4.6939% med=4.6939% long(wr=100.00% wr_net=100.00% exp_net=4.2939%) short(wr=0.00% wr_net=0.00% exp_net=-5.0939%)
  h=3m n=1 avg=8.3673% med=8.3673% long(wr=100.00% wr_net=100.00% exp_net=7.9673%) short(wr=0.00% wr_net=0.00% exp_net=-8.7673%)
  h=5m n=1 avg=7.3469% med=7.3469% long(wr=100.00% wr_net=100.00% exp_net=6.9469%) short(wr=0.00% wr_net=0.00% exp_net=-7.7469%)
  h=15m n=1 avg=-7.7551% med=-7.7551% long(wr=0.00% wr_net=0.00% exp_net=-8.1551%) short(wr=100.00% wr_net=100.00% exp_net=7.3551%)
  h=30m n=1 avg=-7.3469% med=-7.3469% long(wr=0.00% wr_net=0.00% exp_net=-7.7469%) short(wr=100.00% wr_net=100.00% exp_net=6.9469%)
  h=60m n=1 avg=1.8367% med=1.8367% long(wr=100.00% wr_net=100.00% exp_net=1.4367%) short(wr=0.00% wr_net=0.00% exp_net=-2.2367%)
 09:46:
  h=1m n=1 avg=1.1696% med=1.1696% long(wr=100.00% wr_net=100.00% exp_net=0.7696%) short(wr=0.00% wr_net=0.00% exp_net=-1.5696%)
  h=3m n=1 avg=6.4327% med=6.4327% long(wr=100.00% wr_net=100.00% exp_net=6.0327%) short(wr=0.00% wr_net=0.00% exp_net=-6.8327%)
  h=5m n=1 avg=-7.7973% med=-7.7973% long(wr=0.00% wr_net=0.00% exp_net=-8.1973%) short(wr=100.00% wr_net=100.00% exp_net=7.3973%)
  h=15m n=1 avg=-10.3314% med=-10.3314% long(wr=0.00% wr_net=0.00% exp_net=-10.7314%) short(wr=100.00% wr_net=100.00% exp_net=9.9314%)
  h=30m n=1 avg=-11.5010% med=-11.5010% long(wr=0.00% wr_net=0.00% exp_net=-11.9010%) short(wr=100.00% wr_net=100.00% exp_net=11.1010%)
  h=60m n=1 avg=-3.1189% med=-3.1189% long(wr=0.00% wr_net=0.00% exp_net=-3.5189%) short(wr=100.00% wr_net=100.00% exp_net=2.7189%)
 09:47:
  h=1m n=1 avg=2.3121% med=2.3121% long(wr=100.00% wr_net=100.00% exp_net=1.9121%) short(wr=0.00% wr_net=0.00% exp_net=-2.7121%)
  h=3m n=1 avg=1.3487% med=1.3487% long(wr=100.00% wr_net=100.00% exp_net=0.9487%) short(wr=0.00% wr_net=0.00% exp_net=-1.7487%)
  h=5m n=1 avg=-6.3584% med=-6.3584% long(wr=0.00% wr_net=0.00% exp_net=-6.7584%) short(wr=100.00% wr_net=100.00% exp_net=5.9584%)
  h=15m n=1 avg=-12.1387% med=-12.1387% long(wr=0.00% wr_net=0.00% exp_net=-12.5387%) short(wr=100.00% wr_net=100.00% exp_net=11.7387%)
  h=30m n=1 avg=-10.0193% med=-10.0193% long(wr=0.00% wr_net=0.00% exp_net=-10.4193%) short(wr=100.00% wr_net=100.00% exp_net=9.6193%)
  h=60m n=1 avg=-6.5511% med=-6.5511% long(wr=0.00% wr_net=0.00% exp_net=-6.9511%) short(wr=100.00% wr_net=100.00% exp_net=6.1511%)
 09:48:
  h=1m n=1 avg=2.8249% med=2.8249% long(wr=100.00% wr_net=100.00% exp_net=2.4249%) short(wr=0.00% wr_net=0.00% exp_net=-3.2249%)
  h=3m n=1 avg=-10.9228% med=-10.9228% long(wr=0.00% wr_net=0.00% exp_net=-11.3228%) short(wr=100.00% wr_net=100.00% exp_net=10.5228%)
  h=5m n=1 avg=-11.1111% med=-11.1111% long(wr=0.00% wr_net=0.00% exp_net=-11.5111%) short(wr=100.00% wr_net=100.00% exp_net=10.7111%)
  h=15m n=1 avg=-13.9360% med=-13.9360% long(wr=0.00% wr_net=0.00% exp_net=-14.3360%) short(wr=100.00% wr_net=100.00% exp_net=13.5360%)
  h=30m n=1 avg=-12.2411% med=-12.2411% long(wr=0.00% wr_net=0.00% exp_net=-12.6411%) short(wr=100.00% wr_net=100.00% exp_net=11.8411%)
  h=60m n=1 avg=-11.2994% med=-11.2994% long(wr=0.00% wr_net=0.00% exp_net=-11.6994%) short(wr=100.00% wr_net=100.00% exp_net=10.8994%)
 09:49:
  h=1m n=2 avg=-5.9341% med=-5.9341% long(wr=0.00% wr_net=0.00% exp_net=-6.3341%) short(wr=100.00% wr_net=100.00% exp_net=5.5341%)
  h=3m n=2 avg=-11.2637% med=-11.2637% long(wr=0.00% wr_net=0.00% exp_net=-11.6637%) short(wr=100.00% wr_net=100.00% exp_net=10.8637%)
  h=5m n=2 avg=-12.3810% med=-12.3810% long(wr=0.00% wr_net=0.00% exp_net=-12.7810%) short(wr=100.00% wr_net=100.00% exp_net=11.9810%)
  h=15m n=2 avg=-23.9744% med=-23.9744% long(wr=0.00% wr_net=0.00% exp_net=-24.3744%) short(wr=100.00% wr_net=100.00% exp_net=23.5744%)
  h=30m n=2 avg=-29.0751% med=-29.0751% long(wr=0.00% wr_net=0.00% exp_net=-29.4751%) short(wr=100.00% wr_net=100.00% exp_net=28.6751%)
  h=60m n=2 avg=-24.3864% med=-24.3864% long(wr=0.00% wr_net=0.00% exp_net=-24.7864%) short(wr=100.00% wr_net=100.00% exp_net=23.9864%)
 09:50:
  h=1m n=1 avg=-10.0760% med=-10.0760% long(wr=0.00% wr_net=0.00% exp_net=-10.4760%) short(wr=100.00% wr_net=100.00% exp_net=9.6760%)
  h=3m n=1 avg=-10.2662% med=-10.2662% long(wr=0.00% wr_net=0.00% exp_net=-10.6662%) short(wr=100.00% wr_net=100.00% exp_net=9.8662%)
  h=5m n=1 avg=-11.9772% med=-11.9772% long(wr=0.00% wr_net=0.00% exp_net=-12.3772%) short(wr=100.00% wr_net=100.00% exp_net=11.5772%)
  h=15m n=1 avg=-13.1179% med=-13.1179% long(wr=0.00% wr_net=0.00% exp_net=-13.5179%) short(wr=100.00% wr_net=100.00% exp_net=12.7179%)
  h=30m n=1 avg=-12.5475% med=-12.5475% long(wr=0.00% wr_net=0.00% exp_net=-12.9475%) short(wr=100.00% wr_net=100.00% exp_net=12.1475%)
  h=60m n=1 avg=-8.1749% med=-8.1749% long(wr=0.00% wr_net=0.00% exp_net=-8.5749%) short(wr=100.00% wr_net=100.00% exp_net=7.7749%)
 09:51:
  h=1m n=2 avg=-2.6391% med=-2.6391% long(wr=0.00% wr_net=0.00% exp_net=-3.0391%) short(wr=100.00% wr_net=100.00% exp_net=2.2391%)
  h=3m n=2 avg=-2.8974% med=-2.8974% long(wr=0.00% wr_net=0.00% exp_net=-3.2974%) short(wr=100.00% wr_net=100.00% exp_net=2.4974%)
  h=5m n=2 avg=-3.1061% med=-3.1061% long(wr=0.00% wr_net=0.00% exp_net=-3.5061%) short(wr=100.00% wr_net=100.00% exp_net=2.7061%)
  h=15m n=2 avg=-6.8516% med=-6.8516% long(wr=0.00% wr_net=0.00% exp_net=-7.2516%) short(wr=100.00% wr_net=100.00% exp_net=6.4516%)
  h=30m n=2 avg=-6.9112% med=-6.9112% long(wr=0.00% wr_net=0.00% exp_net=-7.3112%) short(wr=100.00% wr_net=100.00% exp_net=6.5112%)
  h=60m n=2 avg=-3.2878% med=-3.2878% long(wr=0.00% wr_net=0.00% exp_net=-3.6878%) short(wr=100.00% wr_net=100.00% exp_net=2.8878%)
 09:54:
  h=1m n=1 avg=-2.9731% med=-2.9731% long(wr=0.00% wr_net=0.00% exp_net=-3.3731%) short(wr=100.00% wr_net=100.00% exp_net=2.5731%)
  h=3m n=1 avg=-1.7153% med=-1.7153% long(wr=0.00% wr_net=0.00% exp_net=-2.1153%) short(wr=100.00% wr_net=100.00% exp_net=1.3153%)
  h=5m n=1 avg=-1.2007% med=-1.2007% long(wr=0.00% wr_net=0.00% exp_net=-1.6007%) short(wr=100.00% wr_net=100.00% exp_net=0.8007%)
  h=15m n=1 avg=-6.0320% med=-6.0320% long(wr=0.00% wr_net=0.00% exp_net=-6.4320%) short(wr=100.00% wr_net=100.00% exp_net=5.6320%)
  h=30m n=1 avg=-2.6301% med=-2.6301% long(wr=0.00% wr_net=0.00% exp_net=-3.0301%) short(wr=100.00% wr_net=100.00% exp_net=2.2301%)
  h=60m n=1 avg=1.2007% med=1.2007% long(wr=100.00% wr_net=100.00% exp_net=0.8007%) short(wr=0.00% wr_net=0.00% exp_net=-1.6007%)
 09:57:
  h=1m n=1 avg=0.8130% med=0.8130% long(wr=100.00% wr_net=100.00% exp_net=0.4130%) short(wr=0.00% wr_net=0.00% exp_net=-1.2130%)
  h=3m n=1 avg=3.0894% med=3.0894% long(wr=100.00% wr_net=100.00% exp_net=2.6894%) short(wr=0.00% wr_net=0.00% exp_net=-3.4894%)
  h=5m n=1 avg=3.4146% med=3.4146% long(wr=100.00% wr_net=100.00% exp_net=3.0146%) short(wr=0.00% wr_net=0.00% exp_net=-3.8146%)
  h=15m n=1 avg=6.0163% med=6.0163% long(wr=100.00% wr_net=100.00% exp_net=5.6163%) short(wr=0.00% wr_net=0.00% exp_net=-6.4163%)
  h=30m n=1 avg=1.7886% med=1.7886% long(wr=100.00% wr_net=100.00% exp_net=1.3886%) short(wr=0.00% wr_net=0.00% exp_net=-2.1886%)
  h=60m n=1 avg=18.8618% med=18.8618% long(wr=100.00% wr_net=100.00% exp_net=18.4618%) short(wr=0.00% wr_net=0.00% exp_net=-19.2618%)
 09:58:
  h=1m n=1 avg=0.0000% med=0.0000% long(wr=0.00% wr_net=0.00% exp_net=-0.4000%) short(wr=0.00% wr_net=0.00% exp_net=-0.4000%)
  h=3m n=1 avg=3.0645% med=3.0645% long(wr=100.00% wr_net=100.00% exp_net=2.6645%) short(wr=0.00% wr_net=0.00% exp_net=-3.4645%)
  h=5m n=1 avg=3.3871% med=3.3871% long(wr=100.00% wr_net=100.00% exp_net=2.9871%) short(wr=0.00% wr_net=0.00% exp_net=-3.7871%)
  h=15m n=1 avg=5.9677% med=5.9677% long(wr=100.00% wr_net=100.00% exp_net=5.5677%) short(wr=0.00% wr_net=0.00% exp_net=-6.3677%)
  h=30m n=1 avg=2.7419% med=2.7419% long(wr=100.00% wr_net=100.00% exp_net=2.3419%) short(wr=0.00% wr_net=0.00% exp_net=-3.1419%)
  h=60m n=1 avg=16.7742% med=16.7742% long(wr=100.00% wr_net=100.00% exp_net=16.3742%) short(wr=0.00% wr_net=0.00% exp_net=-17.1742%)
 09:59:
  h=1m n=1 avg=2.2581% med=2.2581% long(wr=100.00% wr_net=100.00% exp_net=1.8581%) short(wr=0.00% wr_net=0.00% exp_net=-2.6581%)
  h=3m n=1 avg=2.5806% med=2.5806% long(wr=100.00% wr_net=100.00% exp_net=2.1806%) short(wr=0.00% wr_net=0.00% exp_net=-2.9806%)
  h=5m n=1 avg=4.1935% med=4.1935% long(wr=100.00% wr_net=100.00% exp_net=3.7935%) short(wr=0.00% wr_net=0.00% exp_net=-4.5935%)
  h=15m n=1 avg=5.1613% med=5.1613% long(wr=100.00% wr_net=100.00% exp_net=4.7613%) short(wr=0.00% wr_net=0.00% exp_net=-5.5613%)
  h=30m n=1 avg=1.9355% med=1.9355% long(wr=100.00% wr_net=100.00% exp_net=1.5355%) short(wr=0.00% wr_net=0.00% exp_net=-2.3355%)
  h=60m n=1 avg=16.6129% med=16.6129% long(wr=100.00% wr_net=100.00% exp_net=16.2129%) short(wr=0.00% wr_net=0.00% exp_net=-17.0129%)
 10:00:
  h=1m n=2 avg=0.5943% med=0.5943% long(wr=100.00% wr_net=100.00% exp_net=0.1943%) short(wr=0.00% wr_net=0.00% exp_net=-0.9943%)
  h=3m n=2 avg=0.6854% med=0.6854% long(wr=100.00% wr_net=50.00% exp_net=0.2854%) short(wr=0.00% wr_net=0.00% exp_net=-1.0854%)
  h=5m n=2 avg=0.8244% med=0.8244% long(wr=100.00% wr_net=50.00% exp_net=0.4244%) short(wr=0.00% wr_net=0.00% exp_net=-1.2244%)
  h=15m n=2 avg=-0.3325% med=-0.3325% long(wr=50.00% wr_net=50.00% exp_net=-0.7325%) short(wr=50.00% wr_net=50.00% exp_net=-0.0675%)
  h=30m n=2 avg=-1.7764% med=-1.7764% long(wr=0.00% wr_net=0.00% exp_net=-2.1764%) short(wr=100.00% wr_net=100.00% exp_net=1.3764%)
  h=60m n=2 avg=6.7588% med=6.7588% long(wr=50.00% wr_net=50.00% exp_net=6.3588%) short(wr=50.00% wr_net=50.00% exp_net=-7.1588%)
 10:01:
  h=1m n=3 avg=-0.0430% med=-0.1328% long(wr=33.33% wr_net=33.33% exp_net=-0.4430%) short(wr=66.67% wr_net=33.33% exp_net=-0.3570%)
  h=3m n=3 avg=1.1842% med=1.1952% long(wr=100.00% wr_net=100.00% exp_net=0.7842%) short(wr=0.00% wr_net=0.00% exp_net=-1.5842%)
  h=5m n=3 avg=1.4761% med=0.7968% long(wr=66.67% wr_net=66.67% exp_net=1.0761%) short(wr=33.33% wr_net=33.33% exp_net=-1.8761%)
  h=15m n=3 avg=-0.7675% med=0.4695% long(wr=66.67% wr_net=66.67% exp_net=-1.1675%) short(wr=33.33% wr_net=33.33% exp_net=0.3675%)
  h=30m n=3 avg=0.4804% med=0.4695% long(wr=66.67% wr_net=66.67% exp_net=0.0804%) short(wr=33.33% wr_net=33.33% exp_net=-0.8804%)
  h=60m n=3 avg=5.1987% med=4.7319% long(wr=66.67% wr_net=66.67% exp_net=4.7987%) short(wr=33.33% wr_net=33.33% exp_net=-5.5987%)
 10:02:
  h=1m n=3 avg=-0.1415% med=0.4710% long(wr=66.67% wr_net=66.67% exp_net=-0.5415%) short(wr=33.33% wr_net=33.33% exp_net=-0.2585%)
  h=3m n=3 avg=0.1372% med=0.0000% long(wr=33.33% wr_net=33.33% exp_net=-0.2628%) short(wr=33.33% wr_net=33.33% exp_net=-0.5372%)
  h=5m n=3 avg=1.5255% med=0.3140% long(wr=100.00% wr_net=33.33% exp_net=1.1255%) short(wr=0.00% wr_net=0.00% exp_net=-1.9255%)
  h=15m n=3 avg=2.0294% med=1.0989% long(wr=66.67% wr_net=66.67% exp_net=1.6294%) short(wr=0.00% wr_net=0.00% exp_net=-2.4294%)
  h=30m n=3 avg=-0.2479% med=0.1572% long(wr=66.67% wr_net=33.33% exp_net=-0.6479%) short(wr=33.33% wr_net=33.33% exp_net=-0.1521%)
  h=60m n=3 avg=2.1139% med=5.1805% long(wr=66.67% wr_net=66.67% exp_net=1.7139%) short(wr=33.33% wr_net=33.33% exp_net=-2.5139%)
 10:03:
  h=1m n=4 avg=-0.4024% med=-0.4980% long(wr=50.00% wr_net=25.00% exp_net=-0.8024%) short(wr=50.00% wr_net=50.00% exp_net=0.0024%)
  h=3m n=4 avg=1.4305% med=1.4754% long(wr=50.00% wr_net=50.00% exp_net=1.0305%) short(wr=50.00% wr_net=25.00% exp_net=-1.8305%)
  h=5m n=4 avg=1.8141% med=1.5094% long(wr=100.00% wr_net=75.00% exp_net=1.4141%) short(wr=0.00% wr_net=0.00% exp_net=-2.2141%)
  h=15m n=4 avg=3.5220% med=3.8040% long(wr=75.00% wr_net=75.00% exp_net=3.1220%) short(wr=25.00% wr_net=25.00% exp_net=-3.9220%)
  h=30m n=4 avg=-2.0372% med=-1.3898% long(wr=25.00% wr_net=25.00% exp_net=-2.4372%) short(wr=75.00% wr_net=75.00% exp_net=1.6372%)
  h=60m n=4 avg=1.5592% med=2.2926% long(wr=75.00% wr_net=75.00% exp_net=1.1592%) short(wr=25.00% wr_net=25.00% exp_net=-1.9592%)
 10:04:
  h=1m n=3 avg=0.2273% med=-0.2625% long(wr=33.33% wr_net=33.33% exp_net=-0.1727%) short(wr=66.67% wr_net=33.33% exp_net=-0.6273%)
  h=3m n=3 avg=0.3636% med=-0.4673% long(wr=33.33% wr_net=33.33% exp_net=-0.0364%) short(wr=66.67% wr_net=66.67% exp_net=-0.7636%)
  h=5m n=3 avg=1.6903% med=1.5576% long(wr=100.00% wr_net=66.67% exp_net=1.2903%) short(wr=0.00% wr_net=0.00% exp_net=-2.0903%)
  h=15m n=3 avg=-1.2530% med=-3.5604% long(wr=33.33% wr_net=33.33% exp_net=-1.6530%) short(wr=66.67% wr_net=66.67% exp_net=0.8530%)
  h=30m n=3 avg=-1.5488% med=-3.2508% long(wr=33.33% wr_net=33.33% exp_net=-1.9488%) short(wr=66.67% wr_net=66.67% exp_net=1.1488%)
  h=60m n=3 avg=4.2503% med=4.3614% long(wr=66.67% wr_net=66.67% exp_net=3.8503%) short(wr=33.33% wr_net=33.33% exp_net=-4.6503%)
 10:05:
  h=1m n=3 avg=0.0575% med=0.0000% long(wr=33.33% wr_net=0.00% exp_net=-0.3425%) short(wr=33.33% wr_net=0.00% exp_net=-0.4575%)
  h=3m n=3 avg=0.2901% med=0.0000% long(wr=33.33% wr_net=33.33% exp_net=-0.1099%) short(wr=33.33% wr_net=33.33% exp_net=-0.6901%)
  h=5m n=4 avg=-0.5378% med=-0.4809% long(wr=25.00% wr_net=25.00% exp_net=-0.9378%) short(wr=75.00% wr_net=50.00% exp_net=0.1378%)
  h=15m n=4 avg=-2.4575% med=-1.9062% long(wr=25.00% wr_net=25.00% exp_net=-2.8575%) short(wr=75.00% wr_net=75.00% exp_net=2.0575%)
  h=30m n=4 avg=-4.4822% med=-2.9539% long(wr=0.00% wr_net=0.00% exp_net=-4.8822%) short(wr=100.00% wr_net=100.00% exp_net=4.0822%)
  h=60m n=4 avg=-0.2198% med=-0.3177% long(wr=50.00% wr_net=50.00% exp_net=-0.6198%) short(wr=50.00% wr_net=50.00% exp_net=-0.1802%)
 10:06:
  h=1m n=4 avg=-0.3068% med=-1.0668% long(wr=25.00% wr_net=25.00% exp_net=-0.7068%) short(wr=75.00% wr_net=75.00% exp_net=-0.0932%)
  h=3m n=4 avg=1.9782% med=2.1254% long(wr=75.00% wr_net=75.00% exp_net=1.5782%) short(wr=25.00% wr_net=25.00% exp_net=-2.3782%)
  h=5m n=4 avg=-0.1069% med=-0.9557% long(wr=25.00% wr_net=25.00% exp_net=-0.5069%) short(wr=75.00% wr_net=50.00% exp_net=-0.2931%)
  h=15m n=4 avg=-2.0362% med=-2.3860% long(wr=0.00% wr_net=0.00% exp_net=-2.4362%) short(wr=100.00% wr_net=100.00% exp_net=1.6362%)
  h=30m n=4 avg=-4.7185% med=-2.7985% long(wr=0.00% wr_net=0.00% exp_net=-5.1185%) short(wr=100.00% wr_net=100.00% exp_net=4.3185%)
  h=60m n=4 avg=-0.2185% med=-0.5797% long(wr=50.00% wr_net=50.00% exp_net=-0.6185%) short(wr=50.00% wr_net=50.00% exp_net=-0.1815%)
 10:07:
  h=1m n=2 avg=0.6222% med=0.6222% long(wr=50.00% wr_net=50.00% exp_net=0.2222%) short(wr=50.00% wr_net=50.00% exp_net=-1.0222%)
  h=3m n=2 avg=1.8000% med=1.8000% long(wr=100.00% wr_net=50.00% exp_net=1.4000%) short(wr=0.00% wr_net=0.00% exp_net=-2.2000%)
  h=5m n=2 avg=1.2352% med=1.2352% long(wr=50.00% wr_net=50.00% exp_net=0.8352%) short(wr=50.00% wr_net=50.00% exp_net=-1.6352%)
  h=15m n=2 avg=-3.0789% med=-3.0789% long(wr=0.00% wr_net=0.00% exp_net=-3.4789%) short(wr=100.00% wr_net=100.00% exp_net=2.6789%)
  h=30m n=2 avg=-7.8979% med=-7.8979% long(wr=0.00% wr_net=0.00% exp_net=-8.2979%) short(wr=100.00% wr_net=100.00% exp_net=7.4979%)
  h=60m n=2 avg=-0.8409% med=-0.8409% long(wr=50.00% wr_net=50.00% exp_net=-1.2409%) short(wr=50.00% wr_net=50.00% exp_net=0.4409%)
 10:08:
  h=1m n=4 avg=1.3158% med=1.4986% long(wr=75.00% wr_net=75.00% exp_net=0.9158%) short(wr=25.00% wr_net=25.00% exp_net=-1.7158%)
  h=3m n=4 avg=-0.1886% med=-0.2788% long(wr=25.00% wr_net=25.00% exp_net=-0.5886%) short(wr=50.00% wr_net=50.00% exp_net=-0.2114%)
  h=5m n=4 avg=1.2765% med=1.2132% long(wr=50.00% wr_net=50.00% exp_net=0.8765%) short(wr=25.00% wr_net=25.00% exp_net=-1.6765%)
  h=15m n=4 avg=-0.2173% med=-1.4433% long(wr=50.00% wr_net=50.00% exp_net=-0.6173%) short(wr=50.00% wr_net=50.00% exp_net=-0.1827%)
  h=30m n=4 avg=-5.6980% med=-4.2451% long(wr=0.00% wr_net=0.00% exp_net=-6.0980%) short(wr=100.00% wr_net=100.00% exp_net=5.2980%)
  h=60m n=4 avg=0.0837% med=0.7455% long(wr=50.00% wr_net=50.00% exp_net=-0.3163%) short(wr=50.00% wr_net=50.00% exp_net=-0.4837%)
 10:09:
  h=1m n=7 avg=-1.2340% med=-1.1780% long(wr=14.29% wr_net=14.29% exp_net=-1.6340%) short(wr=85.71% wr_net=85.71% exp_net=0.8340%)
  h=3m n=7 avg=-1.0940% med=-1.2371% long(wr=14.29% wr_net=14.29% exp_net=-1.4940%) short(wr=85.71% wr_net=71.43% exp_net=0.6940%)
  h=5m n=7 avg=-2.4492% med=-2.4540% long(wr=28.57% wr_net=28.57% exp_net=-2.8492%) short(wr=71.43% wr_net=71.43% exp_net=2.0492%)
  h=15m n=7 avg=-0.8933% med=-0.8216% long(wr=28.57% wr_net=28.57% exp_net=-1.2933%) short(wr=71.43% wr_net=71.43% exp_net=0.4933%)
  h=30m n=7 avg=-3.6063% med=-4.2254% long(wr=28.57% wr_net=28.57% exp_net=-4.0063%) short(wr=71.43% wr_net=71.43% exp_net=3.2063%)
  h=60m n=7 avg=0.0228% med=2.4540% long(wr=57.14% wr_net=57.14% exp_net=-0.3772%) short(wr=42.86% wr_net=42.86% exp_net=-0.4228%)
 10:10:
  h=1m n=4 avg=-0.8893% med=-1.0622% long(wr=25.00% wr_net=25.00% exp_net=-1.2893%) short(wr=75.00% wr_net=75.00% exp_net=0.4893%)
  h=3m n=4 avg=0.5439% med=0.5838% long(wr=50.00% wr_net=50.00% exp_net=0.1439%) short(wr=50.00% wr_net=50.00% exp_net=-0.9439%)
  h=5m n=4 avg=0.0070% med=-0.0102% long(wr=50.00% wr_net=50.00% exp_net=-0.3930%) short(wr=50.00% wr_net=50.00% exp_net=-0.4070%)
  h=15m n=4 avg=-2.6970% med=-2.6583% long(wr=50.00% wr_net=25.00% exp_net=-3.0970%) short(wr=50.00% wr_net=50.00% exp_net=2.2970%)
  h=30m n=4 avg=-3.4006% med=-1.3586% long(wr=25.00% wr_net=0.00% exp_net=-3.8006%) short(wr=75.00% wr_net=75.00% exp_net=3.0006%)
  h=60m n=4 avg=-0.6786% med=-1.6329% long(wr=50.00% wr_net=50.00% exp_net=-1.0786%) short(wr=50.00% wr_net=50.00% exp_net=0.2786%)
 10:11:
  h=1m n=4 avg=1.7818% med=1.7105% long(wr=75.00% wr_net=75.00% exp_net=1.3818%) short(wr=25.00% wr_net=25.00% exp_net=-2.1818%)
  h=3m n=4 avg=2.1449% med=2.2197% long(wr=75.00% wr_net=75.00% exp_net=1.7449%) short(wr=25.00% wr_net=25.00% exp_net=-2.5449%)
  h=5m n=4 avg=2.9142% med=3.9858% long(wr=75.00% wr_net=75.00% exp_net=2.5142%) short(wr=25.00% wr_net=25.00% exp_net=-3.3142%)
  h=15m n=4 avg=-0.8220% med=-1.6719% long(wr=50.00% wr_net=50.00% exp_net=-1.2220%) short(wr=50.00% wr_net=50.00% exp_net=0.4220%)
  h=30m n=4 avg=-0.3835% med=1.4581% long(wr=75.00% wr_net=75.00% exp_net=-0.7835%) short(wr=25.00% wr_net=25.00% exp_net=-0.0165%)
  h=60m n=4 avg=1.8358% med=1.8462% long(wr=50.00% wr_net=50.00% exp_net=1.4358%) short(wr=50.00% wr_net=50.00% exp_net=-2.2358%)
 10:12:
  h=1m n=5 avg=-0.4217% med=0.3371% long(wr=60.00% wr_net=40.00% exp_net=-0.8217%) short(wr=40.00% wr_net=40.00% exp_net=0.0217%)
  h=3m n=5 avg=-0.7090% med=-1.0736% long(wr=40.00% wr_net=40.00% exp_net=-1.1090%) short(wr=60.00% wr_net=60.00% exp_net=0.3090%)
  h=5m n=5 avg=-0.8006% med=-0.1610% long(wr=40.00% wr_net=40.00% exp_net=-1.2006%) short(wr=60.00% wr_net=40.00% exp_net=0.4006%)
  h=15m n=5 avg=-1.9139% med=-2.4671% long(wr=20.00% wr_net=20.00% exp_net=-2.3139%) short(wr=80.00% wr_net=80.00% exp_net=1.5139%)
  h=30m n=5 avg=-2.5457% med=-1.6447% long(wr=40.00% wr_net=40.00% exp_net=-2.9457%) short(wr=60.00% wr_net=60.00% exp_net=2.1457%)
  h=60m n=5 avg=0.7061% med=1.4111% long(wr=60.00% wr_net=60.00% exp_net=0.3061%) short(wr=40.00% wr_net=40.00% exp_net=-1.1061%)
 10:13:
  h=1m n=4 avg=0.2203% med=0.0932% long(wr=75.00% wr_net=25.00% exp_net=-0.1797%) short(wr=25.00% wr_net=25.00% exp_net=-0.6203%)
  h=3m n=4 avg=0.9651% med=1.4480% long(wr=75.00% wr_net=75.00% exp_net=0.5651%) short(wr=25.00% wr_net=25.00% exp_net=-1.3651%)
  h=5m n=4 avg=0.0603% med=-0.3631% long(wr=50.00% wr_net=50.00% exp_net=-0.3397%) short(wr=50.00% wr_net=50.00% exp_net=-0.4603%)
  h=15m n=4 avg=-1.9489% med=-1.4375% long(wr=50.00% wr_net=25.00% exp_net=-2.3489%) short(wr=50.00% wr_net=50.00% exp_net=1.5489%)
  h=30m n=4 avg=-3.6382% med=-1.0115% long(wr=25.00% wr_net=25.00% exp_net=-4.0382%) short(wr=75.00% wr_net=75.00% exp_net=3.2382%)
  h=60m n=4 avg=-0.8705% med=-0.9826% long(wr=50.00% wr_net=50.00% exp_net=-1.2705%) short(wr=50.00% wr_net=50.00% exp_net=0.4705%)
 10:14:
  h=1m n=5 avg=-0.4678% med=-0.7550% long(wr=20.00% wr_net=20.00% exp_net=-0.8678%) short(wr=60.00% wr_net=60.00% exp_net=0.0678%)
  h=3m n=5 avg=-1.7604% med=-1.5000% long(wr=0.00% wr_net=0.00% exp_net=-2.1604%) short(wr=80.00% wr_net=80.00% exp_net=1.3604%)
  h=5m n=5 avg=-0.6472% med=-2.7069% long(wr=40.00% wr_net=40.00% exp_net=-1.0472%) short(wr=60.00% wr_net=60.00% exp_net=0.2472%)
  h=15m n=5 avg=-2.3842% med=-2.2651% long(wr=20.00% wr_net=20.00% exp_net=-2.7842%) short(wr=80.00% wr_net=60.00% exp_net=1.9842%)
  h=30m n=5 avg=-2.7492% med=-2.5338% long(wr=40.00% wr_net=40.00% exp_net=-3.1492%) short(wr=60.00% wr_net=60.00% exp_net=2.3492%)
  h=60m n=5 avg=0.5625% med=4.9669% long(wr=60.00% wr_net=60.00% exp_net=0.1625%) short(wr=40.00% wr_net=40.00% exp_net=-0.9625%)
 10:15:
  h=1m n=3 avg=1.6660% med=1.7660% long(wr=100.00% wr_net=100.00% exp_net=1.2660%) short(wr=0.00% wr_net=0.00% exp_net=-2.0660%)
  h=3m n=3 avg=1.5583% med=0.5519% long(wr=66.67% wr_net=66.67% exp_net=1.1583%) short(wr=33.33% wr_net=33.33% exp_net=-1.9583%)
  h=5m n=3 avg=-0.1431% med=1.7660% long(wr=66.67% wr_net=66.67% exp_net=-0.5431%) short(wr=33.33% wr_net=33.33% exp_net=-0.2569%)
  h=15m n=3 avg=-2.4949% med=-1.6807% long(wr=33.33% wr_net=33.33% exp_net=-2.8949%) short(wr=66.67% wr_net=66.67% exp_net=2.0949%)
  h=30m n=3 avg=-6.7252% med=-5.3782% long(wr=0.00% wr_net=0.00% exp_net=-7.1252%) short(wr=100.00% wr_net=100.00% exp_net=6.3252%)
  h=60m n=3 avg=-6.7645% med=-7.8992% long(wr=33.33% wr_net=33.33% exp_net=-7.1645%) short(wr=66.67% wr_net=66.67% exp_net=6.3645%)
 10:16:
  h=1m n=3 avg=-2.3966% med=-2.4919% long(wr=0.00% wr_net=0.00% exp_net=-2.7966%) short(wr=100.00% wr_net=100.00% exp_net=1.9966%)
  h=3m n=3 avg=-0.0592% med=-0.9761% long(wr=33.33% wr_net=33.33% exp_net=-0.4592%) short(wr=66.67% wr_net=66.67% exp_net=-0.3408%)
  h=5m n=3 avg=-2.2176% med=0.1661% long(wr=66.67% wr_net=33.33% exp_net=-2.6176%) short(wr=33.33% wr_net=33.33% exp_net=1.8176%)
  h=15m n=3 avg=-3.4347% med=-2.9900% long(wr=33.33% wr_net=33.33% exp_net=-3.8347%) short(wr=66.67% wr_net=66.67% exp_net=3.0347%)
  h=30m n=3 avg=-7.9692% med=-6.8106% long(wr=0.00% wr_net=0.00% exp_net=-8.3692%) short(wr=100.00% wr_net=66.67% exp_net=7.5692%)
  h=60m n=3 avg=-7.9328% med=-8.6379% long(wr=33.33% wr_net=33.33% exp_net=-8.3328%) short(wr=66.67% wr_net=66.67% exp_net=7.5328%)
 10:17:
  h=1m n=2 avg=-0.5535% med=-0.5535% long(wr=50.00% wr_net=0.00% exp_net=-0.9535%) short(wr=50.00% wr_net=50.00% exp_net=0.1535%)
  h=3m n=2 avg=-1.5223% med=-1.5223% long(wr=50.00% wr_net=50.00% exp_net=-1.9223%) short(wr=50.00% wr_net=50.00% exp_net=1.1223%)
  h=5m n=2 avg=-3.4086% med=-3.4086% long(wr=0.00% wr_net=0.00% exp_net=-3.8086%) short(wr=100.00% wr_net=100.00% exp_net=3.0086%)
  h=15m n=2 avg=-7.5602% med=-7.5602% long(wr=0.00% wr_net=0.00% exp_net=-7.9602%) short(wr=100.00% wr_net=100.00% exp_net=7.1602%)
  h=30m n=2 avg=-10.5426% med=-10.5426% long(wr=0.00% wr_net=0.00% exp_net=-10.9426%) short(wr=100.00% wr_net=100.00% exp_net=10.1426%)
  h=60m n=2 avg=-5.7062% med=-5.7062% long(wr=50.00% wr_net=50.00% exp_net=-6.1062%) short(wr=50.00% wr_net=50.00% exp_net=5.3062%)
 10:18:
  h=1m n=4 avg=0.7861% med=0.1364% long(wr=75.00% wr_net=25.00% exp_net=0.3861%) short(wr=25.00% wr_net=0.00% exp_net=-1.1861%)
  h=3m n=4 avg=-1.0919% med=-1.0288% long(wr=50.00% wr_net=50.00% exp_net=-1.4919%) short(wr=50.00% wr_net=50.00% exp_net=0.6919%)
  h=5m n=4 avg=-1.5667% med=-1.3799% long(wr=25.00% wr_net=25.00% exp_net=-1.9667%) short(wr=75.00% wr_net=50.00% exp_net=1.1667%)
  h=15m n=4 avg=-5.9973% med=-8.3807% long(wr=25.00% wr_net=25.00% exp_net=-6.3973%) short(wr=75.00% wr_net=75.00% exp_net=5.5973%)
  h=30m n=4 avg=-7.1488% med=-7.7255% long(wr=25.00% wr_net=0.00% exp_net=-7.5488%) short(wr=75.00% wr_net=75.00% exp_net=6.7488%)
  h=60m n=4 avg=-4.4153% med=-3.5671% long(wr=50.00% wr_net=50.00% exp_net=-4.8153%) short(wr=50.00% wr_net=50.00% exp_net=4.0153%)
 10:19:
  h=1m n=4 avg=-0.6654% med=-0.7108% long(wr=25.00% wr_net=25.00% exp_net=-1.0654%) short(wr=75.00% wr_net=50.00% exp_net=0.2654%)
  h=3m n=4 avg=-1.1874% med=-0.7154% long(wr=25.00% wr_net=25.00% exp_net=-1.5874%) short(wr=50.00% wr_net=50.00% exp_net=0.7874%)
  h=5m n=4 avg=-0.7613% med=-1.4415% long(wr=50.00% wr_net=25.00% exp_net=-1.1613%) short(wr=50.00% wr_net=50.00% exp_net=0.3613%)
  h=15m n=4 avg=-3.3550% med=-4.7335% long(wr=25.00% wr_net=25.00% exp_net=-3.7550%) short(wr=75.00% wr_net=75.00% exp_net=2.9550%)
  h=30m n=4 avg=-4.9536% med=-5.1007% long(wr=0.00% wr_net=0.00% exp_net=-5.3536%) short(wr=100.00% wr_net=75.00% exp_net=4.5536%)
  h=60m n=4 avg=-0.1410% med=2.5847% long(wr=75.00% wr_net=75.00% exp_net=-0.5410%) short(wr=25.00% wr_net=25.00% exp_net=-0.2590%)
 10:20:
  h=1m n=5 avg=-0.4682% med=0.0000% long(wr=40.00% wr_net=20.00% exp_net=-0.8682%) short(wr=40.00% wr_net=40.00% exp_net=0.0682%)
  h=3m n=4 avg=-0.0289% med=0.4518% long(wr=50.00% wr_net=50.00% exp_net=-0.4289%) short(wr=25.00% wr_net=25.00% exp_net=-0.3711%)
  h=5m n=4 avg=-1.7044% med=-1.8647% long(wr=25.00% wr_net=25.00% exp_net=-2.1044%) short(wr=75.00% wr_net=75.00% exp_net=1.3044%)
  h=15m n=5 avg=-4.4712% med=-5.9350% long(wr=20.00% wr_net=20.00% exp_net=-4.8712%) short(wr=80.00% wr_net=80.00% exp_net=4.0712%)
  h=30m n=5 avg=-4.6870% med=-5.9305% long(wr=0.00% wr_net=0.00% exp_net=-5.0870%) short(wr=100.00% wr_net=100.00% exp_net=4.2870%)
  h=60m n=5 avg=-0.9483% med=2.1084% long(wr=60.00% wr_net=60.00% exp_net=-1.3483%) short(wr=40.00% wr_net=40.00% exp_net=0.5483%)
 10:21:
  h=1m n=2 avg=-2.0195% med=-2.0195% long(wr=0.00% wr_net=0.00% exp_net=-2.4195%) short(wr=100.00% wr_net=50.00% exp_net=1.6195%)
  h=3m n=2 avg=-0.2944% med=-0.2944% long(wr=50.00% wr_net=50.00% exp_net=-0.6944%) short(wr=50.00% wr_net=50.00% exp_net=-0.1056%)
  h=5m n=2 avg=-1.5755% med=-1.5755% long(wr=0.00% wr_net=0.00% exp_net=-1.9755%) short(wr=100.00% wr_net=50.00% exp_net=1.1755%)
  h=15m n=2 avg=-3.1247% med=-3.1247% long(wr=50.00% wr_net=50.00% exp_net=-3.5247%) short(wr=50.00% wr_net=50.00% exp_net=2.7247%)
  h=30m n=2 avg=-4.2457% med=-4.2457% long(wr=0.00% wr_net=0.00% exp_net=-4.6457%) short(wr=100.00% wr_net=100.00% exp_net=3.8457%)
  h=60m n=2 avg=5.6841% med=5.6841% long(wr=100.00% wr_net=100.00% exp_net=5.2841%) short(wr=0.00% wr_net=0.00% exp_net=-6.0841%)
 10:22:
  h=1m n=3 avg=0.1834% med=0.6006% long(wr=66.67% wr_net=66.67% exp_net=-0.2166%) short(wr=33.33% wr_net=33.33% exp_net=-0.5834%)
  h=3m n=3 avg=-1.8319% med=-1.2012% long(wr=33.33% wr_net=33.33% exp_net=-2.2319%) short(wr=66.67% wr_net=66.67% exp_net=1.4319%)
  h=5m n=3 avg=-1.1742% med=-1.6517% long(wr=33.33% wr_net=33.33% exp_net=-1.5742%) short(wr=66.67% wr_net=66.67% exp_net=0.7742%)
  h=15m n=3 avg=-2.1185% med=-1.2012% long(wr=33.33% wr_net=33.33% exp_net=-2.5185%) short(wr=66.67% wr_net=66.67% exp_net=1.7185%)
  h=30m n=3 avg=-3.9988% med=-2.5918% long(wr=0.00% wr_net=0.00% exp_net=-4.3988%) short(wr=100.00% wr_net=100.00% exp_net=3.5988%)
  h=60m n=3 avg=-0.8484% med=2.6998% long(wr=66.67% wr_net=66.67% exp_net=-1.2484%) short(wr=33.33% wr_net=33.33% exp_net=0.4484%)
 10:23:
  h=1m n=3 avg=-0.2071% med=-0.4478% long(wr=33.33% wr_net=33.33% exp_net=-0.6071%) short(wr=66.67% wr_net=66.67% exp_net=-0.1929%)
  h=3m n=3 avg=-2.1664% med=-1.7910% long(wr=0.00% wr_net=0.00% exp_net=-2.5664%) short(wr=100.00% wr_net=100.00% exp_net=1.7664%)
  h=5m n=3 avg=-1.1865% med=-1.6418% long(wr=33.33% wr_net=33.33% exp_net=-1.5865%) short(wr=66.67% wr_net=66.67% exp_net=0.7865%)
  h=15m n=3 avg=-2.6163% med=-2.0896% long(wr=33.33% wr_net=33.33% exp_net=-3.0163%) short(wr=66.67% wr_net=66.67% exp_net=2.2163%)
  h=30m n=3 avg=-4.7082% med=-4.6088% long(wr=0.00% wr_net=0.00% exp_net=-5.1082%) short(wr=100.00% wr_net=100.00% exp_net=4.3082%)
  h=60m n=3 avg=-1.2167% med=1.9293% long(wr=66.67% wr_net=66.67% exp_net=-1.6167%) short(wr=33.33% wr_net=33.33% exp_net=0.8167%)
 10:24:
  h=1m n=2 avg=-0.7808% med=-0.7808% long(wr=0.00% wr_net=0.00% exp_net=-1.1808%) short(wr=100.00% wr_net=50.00% exp_net=0.3808%)
  h=3m n=2 avg=-0.5280% med=-0.5280% long(wr=50.00% wr_net=50.00% exp_net=-0.9280%) short(wr=50.00% wr_net=50.00% exp_net=0.1280%)
  h=5m n=2 avg=-1.0402% med=-1.0402% long(wr=50.00% wr_net=0.00% exp_net=-1.4402%) short(wr=50.00% wr_net=50.00% exp_net=0.6402%)
  h=15m n=2 avg=-0.6747% med=-0.6747% long(wr=0.00% wr_net=0.00% exp_net=-1.0747%) short(wr=50.00% wr_net=50.00% exp_net=0.2747%)
  h=30m n=2 avg=-4.4870% med=-4.4870% long(wr=0.00% wr_net=0.00% exp_net=-4.8870%) short(wr=100.00% wr_net=100.00% exp_net=4.0870%)
  h=60m n=2 avg=1.8927% med=1.8927% long(wr=100.00% wr_net=100.00% exp_net=1.4927%) short(wr=0.00% wr_net=0.00% exp_net=-2.2927%)
 10:25:
  h=1m n=1 avg=-1.3830% med=-1.3830% long(wr=0.00% wr_net=0.00% exp_net=-1.7830%) short(wr=100.00% wr_net=100.00% exp_net=0.9830%)
  h=3m n=1 avg=1.0638% med=1.0638% long(wr=100.00% wr_net=100.00% exp_net=0.6638%) short(wr=0.00% wr_net=0.00% exp_net=-1.4638%)
  h=5m n=1 avg=0.4255% med=0.4255% long(wr=100.00% wr_net=100.00% exp_net=0.0255%) short(wr=0.00% wr_net=0.00% exp_net=-0.8255%)
  h=15m n=1 avg=-0.6383% med=-0.6383% long(wr=0.00% wr_net=0.00% exp_net=-1.0383%) short(wr=100.00% wr_net=100.00% exp_net=0.2383%)
  h=30m n=1 avg=-6.9149% med=-6.9149% long(wr=0.00% wr_net=0.00% exp_net=-7.3149%) short(wr=100.00% wr_net=100.00% exp_net=6.5149%)
  h=60m n=1 avg=1.4894% med=1.4894% long(wr=100.00% wr_net=100.00% exp_net=1.0894%) short(wr=0.00% wr_net=0.00% exp_net=-1.8894%)
 10:26:
  h=1m n=1 avg=2.3732% med=2.3732% long(wr=100.00% wr_net=100.00% exp_net=1.9732%) short(wr=0.00% wr_net=0.00% exp_net=-2.7732%)
  h=3m n=1 avg=1.9417% med=1.9417% long(wr=100.00% wr_net=100.00% exp_net=1.5417%) short(wr=0.00% wr_net=0.00% exp_net=-2.3417%)
  h=5m n=1 avg=3.5599% med=3.5599% long(wr=100.00% wr_net=100.00% exp_net=3.1599%) short(wr=0.00% wr_net=0.00% exp_net=-3.9599%)
  h=15m n=1 avg=0.5394% med=0.5394% long(wr=100.00% wr_net=100.00% exp_net=0.1394%) short(wr=0.00% wr_net=0.00% exp_net=-0.9394%)
  h=30m n=1 avg=-5.9331% med=-5.9331% long(wr=0.00% wr_net=0.00% exp_net=-6.3331%) short(wr=100.00% wr_net=100.00% exp_net=5.5331%)
  h=60m n=1 avg=1.9417% med=1.9417% long(wr=100.00% wr_net=100.00% exp_net=1.5417%) short(wr=0.00% wr_net=0.00% exp_net=-2.3417%)
 10:27:
  h=1m n=3 avg=0.8268% med=0.7005% long(wr=100.00% wr_net=66.67% exp_net=0.4268%) short(wr=0.00% wr_net=0.00% exp_net=-1.2268%)
  h=3m n=3 avg=1.0633% med=-0.3503% long(wr=33.33% wr_net=33.33% exp_net=0.6633%) short(wr=66.67% wr_net=33.33% exp_net=-1.4633%)
  h=5m n=3 avg=1.3143% med=0.8757% long(wr=100.00% wr_net=66.67% exp_net=0.9143%) short(wr=0.00% wr_net=0.00% exp_net=-1.7143%)
  h=15m n=3 avg=-1.0560% med=-1.5762% long(wr=33.33% wr_net=33.33% exp_net=-1.4560%) short(wr=66.67% wr_net=66.67% exp_net=0.6560%)
  h=30m n=3 avg=-2.4775% med=-4.2032% long(wr=33.33% wr_net=33.33% exp_net=-2.8775%) short(wr=66.67% wr_net=66.67% exp_net=2.0775%)
  h=60m n=3 avg=-0.8827% med=-0.7903% long(wr=33.33% wr_net=33.33% exp_net=-1.2827%) short(wr=66.67% wr_net=66.67% exp_net=0.4827%)
 10:28:
  h=1m n=4 avg=-0.3300% med=0.0898% long(wr=50.00% wr_net=50.00% exp_net=-0.7300%) short(wr=50.00% wr_net=50.00% exp_net=-0.0700%)
  h=3m n=4 avg=-0.2782% med=-0.2563% long(wr=50.00% wr_net=50.00% exp_net=-0.6782%) short(wr=50.00% wr_net=50.00% exp_net=-0.1218%)
  h=5m n=4 avg=-0.5630% med=-0.4629% long(wr=50.00% wr_net=25.00% exp_net=-0.9630%) short(wr=50.00% wr_net=50.00% exp_net=0.1630%)
  h=15m n=4 avg=-1.9654% med=-0.7852% long(wr=25.00% wr_net=25.00% exp_net=-2.3654%) short(wr=75.00% wr_net=50.00% exp_net=1.5654%)
  h=30m n=4 avg=-2.1620% med=-2.1723% long(wr=50.00% wr_net=50.00% exp_net=-2.5620%) short(wr=50.00% wr_net=50.00% exp_net=1.7620%)
  h=60m n=4 avg=-1.7284% med=-1.7637% long(wr=25.00% wr_net=25.00% exp_net=-2.1284%) short(wr=50.00% wr_net=50.00% exp_net=1.3284%)
 10:29:
  h=1m n=3 avg=-0.1786% med=-0.1058% long(wr=33.33% wr_net=33.33% exp_net=-0.5786%) short(wr=66.67% wr_net=33.33% exp_net=-0.2214%)
  h=3m n=3 avg=0.0769% med=0.3505% long(wr=66.67% wr_net=33.33% exp_net=-0.3231%) short(wr=33.33% wr_net=33.33% exp_net=-0.4769%)
  h=5m n=3 avg=-0.0224% med=-0.7009% long(wr=33.33% wr_net=33.33% exp_net=-0.4224%) short(wr=66.67% wr_net=66.67% exp_net=-0.3776%)
  h=15m n=3 avg=-2.9059% med=-1.0327% long(wr=0.00% wr_net=0.00% exp_net=-3.3059%) short(wr=100.00% wr_net=100.00% exp_net=2.5059%)
  h=30m n=3 avg=-3.4621% med=-7.0568% long(wr=33.33% wr_net=33.33% exp_net=-3.8621%) short(wr=66.67% wr_net=66.67% exp_net=3.0621%)
  h=60m n=3 avg=-1.5919% med=0.0000% long(wr=33.33% wr_net=33.33% exp_net=-1.9919%) short(wr=33.33% wr_net=33.33% exp_net=1.1919%)
 10:30:
  h=1m n=4 avg=1.7637% med=0.8475% long(wr=50.00% wr_net=50.00% exp_net=1.3637%) short(wr=25.00% wr_net=25.00% exp_net=-2.1637%)
  h=3m n=4 avg=2.3142% med=-0.2445% long(wr=50.00% wr_net=50.00% exp_net=1.9142%) short(wr=50.00% wr_net=50.00% exp_net=-2.7142%)
  h=5m n=3 avg=-3.3254% med=-2.1839% long(wr=0.00% wr_net=0.00% exp_net=-3.7254%) short(wr=100.00% wr_net=100.00% exp_net=2.9254%)
  h=15m n=4 avg=2.0181% med=-2.8697% long(wr=25.00% wr_net=25.00% exp_net=1.6181%) short(wr=75.00% wr_net=75.00% exp_net=-2.4181%)
  h=30m n=3 avg=4.0002% med=1.4943% long(wr=66.67% wr_net=66.67% exp_net=3.6002%) short(wr=33.33% wr_net=33.33% exp_net=-4.4002%)
  h=60m n=3 avg=-2.1716% med=0.1059% long(wr=66.67% wr_net=33.33% exp_net=-2.5716%) short(wr=33.33% wr_net=33.33% exp_net=1.7716%)
 10:31:
  h=1m n=3 avg=1.0190% med=-0.8333% long(wr=33.33% wr_net=33.33% exp_net=0.6190%) short(wr=66.67% wr_net=66.67% exp_net=-1.4190%)
  h=3m n=2 avg=-0.9411% med=-0.9411% long(wr=50.00% wr_net=50.00% exp_net=-1.3411%) short(wr=50.00% wr_net=50.00% exp_net=0.5411%)
  h=5m n=2 avg=-1.3829% med=-1.3829% long(wr=0.00% wr_net=0.00% exp_net=-1.7829%) short(wr=100.00% wr_net=100.00% exp_net=0.9829%)
  h=15m n=3 avg=4.3985% med=2.4138% long(wr=66.67% wr_net=66.67% exp_net=3.9985%) short(wr=33.33% wr_net=33.33% exp_net=-4.7985%)
  h=30m n=3 avg=0.8262% med=2.2989% long(wr=66.67% wr_net=66.67% exp_net=0.4262%) short(wr=33.33% wr_net=33.33% exp_net=-1.2262%)
  h=60m n=2 avg=-1.6377% med=-1.6377% long(wr=0.00% wr_net=0.00% exp_net=-2.0377%) short(wr=100.00% wr_net=100.00% exp_net=1.2377%)
 10:32:
  h=1m n=5 avg=-0.4676% med=-0.9313% long(wr=20.00% wr_net=20.00% exp_net=-0.8676%) short(wr=60.00% wr_net=60.00% exp_net=0.0676%)
  h=3m n=4 avg=-1.1943% med=-1.0675% long(wr=0.00% wr_net=0.00% exp_net=-1.5943%) short(wr=100.00% wr_net=75.00% exp_net=0.7943%)
  h=5m n=4 avg=-1.0825% med=-1.0936% long(wr=0.00% wr_net=0.00% exp_net=-1.4825%) short(wr=100.00% wr_net=75.00% exp_net=0.6825%)
  h=15m n=5 avg=1.6164% med=-2.6042% long(wr=40.00% wr_net=40.00% exp_net=1.2164%) short(wr=60.00% wr_net=60.00% exp_net=-2.0164%)
  h=30m n=5 avg=-2.4530% med=-4.8581% long(wr=40.00% wr_net=40.00% exp_net=-2.8530%) short(wr=60.00% wr_net=60.00% exp_net=2.0530%)
  h=60m n=5 avg=-2.5141% med=-1.2605% long(wr=20.00% wr_net=20.00% exp_net=-2.9141%) short(wr=80.00% wr_net=60.00% exp_net=2.1141%)
 10:33:
  h=1m n=2 avg=0.1496% med=0.1496% long(wr=50.00% wr_net=50.00% exp_net=-0.2504%) short(wr=50.00% wr_net=0.00% exp_net=-0.5496%)
  h=3m n=2 avg=-0.2858% med=-0.2858% long(wr=50.00% wr_net=50.00% exp_net=-0.6858%) short(wr=50.00% wr_net=50.00% exp_net=-0.1142%)
  h=5m n=2 avg=-0.3373% med=-0.3373% long(wr=50.00% wr_net=50.00% exp_net=-0.7373%) short(wr=50.00% wr_net=50.00% exp_net=-0.0627%)
  h=15m n=3 avg=5.3571% med=5.2879% long(wr=66.67% wr_net=66.67% exp_net=4.9571%) short(wr=33.33% wr_net=33.33% exp_net=-5.7571%)
  h=30m n=3 avg=0.0453% med=0.9804% long(wr=66.67% wr_net=66.67% exp_net=-0.3547%) short(wr=33.33% wr_net=33.33% exp_net=-0.4453%)
  h=60m n=3 avg=0.0848% med=-2.0833% long(wr=33.33% wr_net=33.33% exp_net=-0.3152%) short(wr=66.67% wr_net=66.67% exp_net=-0.4848%)
 10:34:
  h=1m n=2 avg=-1.7825% med=-1.7825% long(wr=50.00% wr_net=0.00% exp_net=-2.1825%) short(wr=50.00% wr_net=50.00% exp_net=1.3825%)
  h=3m n=2 avg=-0.7812% med=-0.7812% long(wr=50.00% wr_net=50.00% exp_net=-1.1812%) short(wr=50.00% wr_net=50.00% exp_net=0.3812%)
  h=5m n=2 avg=-1.1411% med=-1.1411% long(wr=0.00% wr_net=0.00% exp_net=-1.5411%) short(wr=50.00% wr_net=50.00% exp_net=0.7411%)
  h=15m n=2 avg=0.4206% med=0.4206% long(wr=50.00% wr_net=50.00% exp_net=0.0206%) short(wr=50.00% wr_net=50.00% exp_net=-0.8206%)
  h=30m n=2 avg=-1.4473% med=-1.4473% long(wr=50.00% wr_net=50.00% exp_net=-1.8473%) short(wr=50.00% wr_net=50.00% exp_net=1.0473%)
  h=60m n=2 avg=3.1840% med=3.1840% long(wr=50.00% wr_net=50.00% exp_net=2.7840%) short(wr=50.00% wr_net=50.00% exp_net=-3.5840%)
 10:35:
  h=1m n=1 avg=0.4700% med=0.4700% long(wr=100.00% wr_net=100.00% exp_net=0.0700%) short(wr=0.00% wr_net=0.00% exp_net=-0.8700%)
  h=3m n=1 avg=0.9401% med=0.9401% long(wr=100.00% wr_net=100.00% exp_net=0.5401%) short(wr=0.00% wr_net=0.00% exp_net=-1.3401%)
  h=5m n=1 avg=-0.1175% med=-0.1175% long(wr=0.00% wr_net=0.00% exp_net=-0.5175%) short(wr=100.00% wr_net=0.00% exp_net=-0.2825%)
  h=15m n=1 avg=6.3455% med=6.3455% long(wr=100.00% wr_net=100.00% exp_net=5.9455%) short(wr=0.00% wr_net=0.00% exp_net=-6.7455%)
  h=30m n=1 avg=5.4054% med=5.4054% long(wr=100.00% wr_net=100.00% exp_net=5.0054%) short(wr=0.00% wr_net=0.00% exp_net=-5.8054%)
  h=60m n=1 avg=13.3960% med=13.3960% long(wr=100.00% wr_net=100.00% exp_net=12.9960%) short(wr=0.00% wr_net=0.00% exp_net=-13.7960%)
 10:36:
  h=1m n=3 avg=-0.4834% med=-0.7366% long(wr=33.33% wr_net=0.00% exp_net=-0.8834%) short(wr=66.67% wr_net=66.67% exp_net=0.0834%)
  h=3m n=3 avg=-0.7826% med=-0.8421% long(wr=0.00% wr_net=0.00% exp_net=-1.1826%) short(wr=100.00% wr_net=100.00% exp_net=0.3826%)
  h=5m n=3 avg=-0.6482% med=-0.2339% long(wr=33.33% wr_net=0.00% exp_net=-1.0482%) short(wr=66.67% wr_net=33.33% exp_net=0.2482%)
  h=15m n=3 avg=0.7972% med=1.1050% long(wr=66.67% wr_net=66.67% exp_net=0.3972%) short(wr=33.33% wr_net=33.33% exp_net=-1.1972%)
  h=30m n=3 avg=0.6375% med=-0.3683% long(wr=33.33% wr_net=33.33% exp_net=0.2375%) short(wr=66.67% wr_net=33.33% exp_net=-1.0375%)
  h=60m n=3 avg=4.1267% med=0.3683% long(wr=100.00% wr_net=33.33% exp_net=3.7267%) short(wr=0.00% wr_net=0.00% exp_net=-4.5267%)
 10:37:
  h=1m n=2 avg=0.3027% med=0.3027% long(wr=100.00% wr_net=0.00% exp_net=-0.0973%) short(wr=0.00% wr_net=0.00% exp_net=-0.7027%)
  h=3m n=2 avg=-0.7803% med=-0.7803% long(wr=0.00% wr_net=0.00% exp_net=-1.1803%) short(wr=100.00% wr_net=100.00% exp_net=0.3803%)
  h=5m n=2 avg=-1.6305% med=-1.6305% long(wr=0.00% wr_net=0.00% exp_net=-2.0305%) short(wr=100.00% wr_net=100.00% exp_net=1.2305%)
  h=15m n=2 avg=0.2031% med=0.2031% long(wr=50.00% wr_net=50.00% exp_net=-0.1969%) short(wr=50.00% wr_net=50.00% exp_net=-0.6031%)
  h=30m n=2 avg=1.6128% med=1.6128% long(wr=100.00% wr_net=100.00% exp_net=1.2128%) short(wr=0.00% wr_net=0.00% exp_net=-2.0128%)
  h=60m n=2 avg=8.3473% med=8.3473% long(wr=100.00% wr_net=100.00% exp_net=7.9473%) short(wr=0.00% wr_net=0.00% exp_net=-8.7473%)
 10:38:
  h=1m n=2 avg=-0.6562% med=-0.6562% long(wr=0.00% wr_net=0.00% exp_net=-1.0562%) short(wr=100.00% wr_net=50.00% exp_net=0.2562%)
  h=3m n=2 avg=-1.0110% med=-1.0110% long(wr=0.00% wr_net=0.00% exp_net=-1.4110%) short(wr=100.00% wr_net=100.00% exp_net=0.6110%)
  h=5m n=2 avg=-3.9012% med=-3.9012% long(wr=0.00% wr_net=0.00% exp_net=-4.3012%) short(wr=100.00% wr_net=100.00% exp_net=3.5012%)
  h=15m n=2 avg=0.0834% med=0.0834% long(wr=50.00% wr_net=50.00% exp_net=-0.3166%) short(wr=50.00% wr_net=50.00% exp_net=-0.4834%)
  h=30m n=2 avg=1.5981% med=1.5981% long(wr=100.00% wr_net=50.00% exp_net=1.1981%) short(wr=0.00% wr_net=0.00% exp_net=-1.9981%)
  h=60m n=2 avg=7.6207% med=7.6207% long(wr=100.00% wr_net=100.00% exp_net=7.2207%) short(wr=0.00% wr_net=0.00% exp_net=-8.0207%)
 10:39:
  h=1m n=2 avg=-0.4246% med=-0.4246% long(wr=0.00% wr_net=0.00% exp_net=-0.8246%) short(wr=50.00% wr_net=50.00% exp_net=0.0246%)
  h=3m n=2 avg=-1.2739% med=-1.2739% long(wr=0.00% wr_net=0.00% exp_net=-1.6739%) short(wr=50.00% wr_net=50.00% exp_net=0.8739%)
  h=5m n=2 avg=-3.3439% med=-3.3439% long(wr=0.00% wr_net=0.00% exp_net=-3.7439%) short(wr=50.00% wr_net=50.00% exp_net=2.9439%)
  h=15m n=2 avg=-0.4565% med=-0.4565% long(wr=50.00% wr_net=50.00% exp_net=-0.8565%) short(wr=50.00% wr_net=50.00% exp_net=0.0565%)
  h=30m n=2 avg=1.8350% med=1.8350% long(wr=50.00% wr_net=50.00% exp_net=1.4350%) short(wr=50.00% wr_net=0.00% exp_net=-2.2350%)
  h=60m n=2 avg=5.9754% med=5.9754% long(wr=100.00% wr_net=100.00% exp_net=5.5754%) short(wr=0.00% wr_net=0.00% exp_net=-6.3754%)
 10:40:
  h=1m n=2 avg=-0.7952% med=-0.7952% long(wr=50.00% wr_net=0.00% exp_net=-1.1952%) short(wr=50.00% wr_net=50.00% exp_net=0.3952%)
  h=3m n=2 avg=-0.5004% med=-0.5004% long(wr=0.00% wr_net=0.00% exp_net=-0.9004%) short(wr=100.00% wr_net=50.00% exp_net=0.1004%)
  h=5m n=2 avg=-0.5087% med=-0.5087% long(wr=50.00% wr_net=50.00% exp_net=-0.9087%) short(wr=50.00% wr_net=50.00% exp_net=0.1087%)
  h=15m n=2 avg=0.5363% med=0.5363% long(wr=50.00% wr_net=50.00% exp_net=0.1363%) short(wr=50.00% wr_net=50.00% exp_net=-0.9363%)
  h=30m n=2 avg=1.5932% med=1.5932% long(wr=50.00% wr_net=50.00% exp_net=1.1932%) short(wr=50.00% wr_net=50.00% exp_net=-1.9932%)
  h=60m n=2 avg=0.3822% med=0.3822% long(wr=50.00% wr_net=50.00% exp_net=-0.0178%) short(wr=50.00% wr_net=50.00% exp_net=-0.7822%)
 10:41:
  h=1m n=3 avg=-0.1925% med=-0.3517% long(wr=33.33% wr_net=0.00% exp_net=-0.5925%) short(wr=66.67% wr_net=33.33% exp_net=-0.2075%)
  h=3m n=3 avg=0.6363% med=0.3087% long(wr=66.67% wr_net=33.33% exp_net=0.2363%) short(wr=33.33% wr_net=0.00% exp_net=-1.0363%)
  h=5m n=3 avg=1.5542% med=0.6006% long(wr=66.67% wr_net=66.67% exp_net=1.1542%) short(wr=33.33% wr_net=0.00% exp_net=-1.9542%)
  h=15m n=3 avg=4.7127% med=6.0961% long(wr=66.67% wr_net=66.67% exp_net=4.3127%) short(wr=33.33% wr_net=33.33% exp_net=-5.1127%)
  h=30m n=3 avg=5.9822% med=3.0481% long(wr=66.67% wr_net=66.67% exp_net=5.5822%) short(wr=33.33% wr_net=33.33% exp_net=-6.3822%)
  h=60m n=3 avg=8.7452% med=8.4408% long(wr=66.67% wr_net=66.67% exp_net=8.3452%) short(wr=33.33% wr_net=33.33% exp_net=-9.1452%)
 10:42:
  h=1m n=5 avg=0.3467% med=0.3914% long(wr=60.00% wr_net=40.00% exp_net=-0.0533%) short(wr=40.00% wr_net=20.00% exp_net=-0.7467%)
  h=3m n=5 avg=0.8548% med=0.8197% long(wr=60.00% wr_net=60.00% exp_net=0.4548%) short(wr=40.00% wr_net=0.00% exp_net=-1.2548%)
  h=5m n=5 avg=1.0633% med=1.2066% long(wr=60.00% wr_net=60.00% exp_net=0.6633%) short(wr=40.00% wr_net=20.00% exp_net=-1.4633%)
  h=15m n=5 avg=2.3611% med=0.1957% long(wr=60.00% wr_net=40.00% exp_net=1.9611%) short(wr=40.00% wr_net=20.00% exp_net=-2.7611%)
  h=30m n=5 avg=3.8571% med=0.7326% long(wr=60.00% wr_net=60.00% exp_net=3.4571%) short(wr=40.00% wr_net=40.00% exp_net=-4.2571%)
  h=60m n=5 avg=4.9294% med=-2.0147% long(wr=40.00% wr_net=40.00% exp_net=4.5294%) short(wr=60.00% wr_net=60.00% exp_net=-5.3294%)
 10:43:
  h=1m n=5 avg=-0.1763% med=0.3369% long(wr=60.00% wr_net=40.00% exp_net=-0.5763%) short(wr=40.00% wr_net=40.00% exp_net=-0.2237%)
  h=3m n=5 avg=2.4291% med=1.5286% long(wr=60.00% wr_net=60.00% exp_net=2.0291%) short(wr=40.00% wr_net=0.00% exp_net=-2.8291%)
  h=5m n=5 avg=3.7520% med=1.3677% long(wr=80.00% wr_net=80.00% exp_net=3.3520%) short(wr=20.00% wr_net=20.00% exp_net=-4.1520%)
  h=15m n=5 avg=2.2604% med=3.0571% long(wr=80.00% wr_net=80.00% exp_net=1.8604%) short(wr=20.00% wr_net=20.00% exp_net=-2.6604%)
  h=30m n=4 avg=1.6198% med=-1.9986% long(wr=25.00% wr_net=25.00% exp_net=1.2198%) short(wr=75.00% wr_net=75.00% exp_net=-2.0198%)
  h=60m n=4 avg=4.5898% med=1.5533% long(wr=50.00% wr_net=50.00% exp_net=4.1898%) short(wr=50.00% wr_net=50.00% exp_net=-4.9898%)
 10:44:
  h=1m n=5 avg=2.1328% med=0.0000% long(wr=40.00% wr_net=20.00% exp_net=1.7328%) short(wr=40.00% wr_net=0.00% exp_net=-2.5328%)
  h=3m n=5 avg=3.5111% med=1.0535% long(wr=60.00% wr_net=60.00% exp_net=3.1111%) short(wr=40.00% wr_net=40.00% exp_net=-3.9111%)
  h=5m n=5 avg=3.7288% med=1.3255% long(wr=60.00% wr_net=60.00% exp_net=3.3288%) short(wr=20.00% wr_net=20.00% exp_net=-4.1288%)
  h=15m n=5 avg=2.2733% med=3.1605% long(wr=60.00% wr_net=60.00% exp_net=1.8733%) short(wr=40.00% wr_net=20.00% exp_net=-2.6733%)
  h=30m n=5 avg=1.0854% med=-1.9586% long(wr=40.00% wr_net=40.00% exp_net=0.6854%) short(wr=60.00% wr_net=60.00% exp_net=-1.4854%)
  h=60m n=5 avg=3.1153% med=-2.1667% long(wr=40.00% wr_net=40.00% exp_net=2.7153%) short(wr=60.00% wr_net=60.00% exp_net=-3.5153%)
 10:45:
  h=1m n=6 avg=0.9904% med=1.0759% long(wr=66.67% wr_net=66.67% exp_net=0.5904%) short(wr=33.33% wr_net=33.33% exp_net=-1.3904%)
  h=3m n=6 avg=2.1061% med=1.8009% long(wr=66.67% wr_net=66.67% exp_net=1.7061%) short(wr=33.33% wr_net=33.33% exp_net=-2.5061%)
  h=5m n=6 avg=2.1727% med=2.7667% long(wr=66.67% wr_net=66.67% exp_net=1.7727%) short(wr=33.33% wr_net=16.67% exp_net=-2.5727%)
  h=15m n=6 avg=0.8997% med=1.3150% long(wr=66.67% wr_net=50.00% exp_net=0.4997%) short(wr=33.33% wr_net=33.33% exp_net=-1.2997%)
  h=30m n=6 avg=-0.1351% med=0.0178% long(wr=50.00% wr_net=50.00% exp_net=-0.5351%) short(wr=50.00% wr_net=50.00% exp_net=-0.2649%)
  h=60m n=6 avg=1.1527% med=0.6192% long(wr=50.00% wr_net=50.00% exp_net=0.7527%) short(wr=50.00% wr_net=50.00% exp_net=-1.5527%)
 10:46:
  h=1m n=5 avg=0.6239% med=0.1493% long(wr=60.00% wr_net=40.00% exp_net=0.2239%) short(wr=40.00% wr_net=40.00% exp_net=-1.0239%)
  h=3m n=5 avg=1.2347% med=1.3468% long(wr=80.00% wr_net=60.00% exp_net=0.8347%) short(wr=20.00% wr_net=20.00% exp_net=-1.6347%)
  h=5m n=5 avg=0.9585% med=0.0792% long(wr=60.00% wr_net=40.00% exp_net=0.5585%) short(wr=40.00% wr_net=20.00% exp_net=-1.3585%)
  h=15m n=5 avg=-0.2149% med=-1.1094% long(wr=20.00% wr_net=20.00% exp_net=-0.6149%) short(wr=80.00% wr_net=60.00% exp_net=-0.1851%)
  h=30m n=5 avg=-0.7743% med=-2.3569% long(wr=20.00% wr_net=20.00% exp_net=-1.1743%) short(wr=80.00% wr_net=80.00% exp_net=0.3743%)
  h=60m n=5 avg=0.8434% med=1.4590% long(wr=60.00% wr_net=60.00% exp_net=0.4434%) short(wr=40.00% wr_net=40.00% exp_net=-1.2434%)
 10:47:
  h=1m n=6 avg=0.5936% med=1.0429% long(wr=66.67% wr_net=66.67% exp_net=0.1936%) short(wr=33.33% wr_net=16.67% exp_net=-0.9936%)
  h=3m n=6 avg=0.6660% med=1.4603% long(wr=83.33% wr_net=66.67% exp_net=0.2660%) short(wr=16.67% wr_net=16.67% exp_net=-1.0660%)
  h=5m n=6 avg=-0.0512% med=0.1766% long(wr=50.00% wr_net=50.00% exp_net=-0.4512%) short(wr=50.00% wr_net=50.00% exp_net=-0.3488%)
  h=15m n=6 avg=-1.2117% med=-1.3298% long(wr=50.00% wr_net=50.00% exp_net=-1.6117%) short(wr=50.00% wr_net=50.00% exp_net=0.8117%)
  h=30m n=6 avg=-2.3366% med=-3.2918% long(wr=33.33% wr_net=33.33% exp_net=-2.7366%) short(wr=66.67% wr_net=66.67% exp_net=1.9366%)
  h=60m n=6 avg=-0.0094% med=-0.2778% long(wr=50.00% wr_net=50.00% exp_net=-0.4094%) short(wr=50.00% wr_net=50.00% exp_net=-0.3906%)
 10:48:
  h=1m n=6 avg=-0.1059% med=0.1190% long(wr=50.00% wr_net=33.33% exp_net=-0.5059%) short(wr=33.33% wr_net=33.33% exp_net=-0.2941%)
  h=3m n=6 avg=-0.3092% med=0.1190% long(wr=50.00% wr_net=33.33% exp_net=-0.7092%) short(wr=33.33% wr_net=33.33% exp_net=-0.0908%)
  h=5m n=6 avg=-0.9106% med=0.0039% long(wr=50.00% wr_net=50.00% exp_net=-1.3106%) short(wr=50.00% wr_net=50.00% exp_net=0.5106%)
  h=15m n=6 avg=-1.8656% med=-0.9021% long(wr=50.00% wr_net=33.33% exp_net=-2.2656%) short(wr=50.00% wr_net=50.00% exp_net=1.4656%)
  h=30m n=6 avg=-2.9950% med=-3.1584% long(wr=16.67% wr_net=16.67% exp_net=-3.3950%) short(wr=83.33% wr_net=83.33% exp_net=2.5950%)
  h=60m n=6 avg=-1.4520% med=-0.9123% long(wr=50.00% wr_net=50.00% exp_net=-1.8520%) short(wr=50.00% wr_net=50.00% exp_net=1.0520%)
 10:49:
  h=1m n=4 avg=0.8256% med=0.8674% long(wr=100.00% wr_net=75.00% exp_net=0.4256%) short(wr=0.00% wr_net=0.00% exp_net=-1.2256%)
  h=3m n=4 avg=-0.3810% med=-0.6251% long(wr=25.00% wr_net=25.00% exp_net=-0.7810%) short(wr=75.00% wr_net=75.00% exp_net=-0.0190%)
  h=5m n=4 avg=-0.4703% med=0.2018% long(wr=75.00% wr_net=25.00% exp_net=-0.8703%) short(wr=25.00% wr_net=25.00% exp_net=0.0703%)
  h=15m n=4 avg=-2.3938% med=-0.4743% long(wr=50.00% wr_net=50.00% exp_net=-2.7938%) short(wr=50.00% wr_net=50.00% exp_net=1.9938%)
  h=30m n=4 avg=-3.5412% med=-3.3704% long(wr=25.00% wr_net=25.00% exp_net=-3.9412%) short(wr=75.00% wr_net=75.00% exp_net=3.1412%)
  h=60m n=4 avg=-0.0635% med=1.9872% long(wr=75.00% wr_net=50.00% exp_net=-0.4635%) short(wr=25.00% wr_net=25.00% exp_net=-0.3365%)
 10:50:
  h=1m n=5 avg=-0.6860% med=-0.3839% long(wr=40.00% wr_net=40.00% exp_net=-1.0860%) short(wr=60.00% wr_net=40.00% exp_net=0.2860%)
  h=3m n=5 avg=-1.3290% med=-0.8594% long(wr=40.00% wr_net=40.00% exp_net=-1.7290%) short(wr=60.00% wr_net=60.00% exp_net=0.9290%)
  h=5m n=5 avg=-0.7601% med=-1.2156% long(wr=20.00% wr_net=20.00% exp_net=-1.1601%) short(wr=80.00% wr_net=80.00% exp_net=0.3601%)
  h=15m n=5 avg=-2.6892% med=-0.8840% long(wr=20.00% wr_net=20.00% exp_net=-3.0892%) short(wr=80.00% wr_net=60.00% exp_net=2.2892%)
  h=30m n=5 avg=-4.2693% med=-5.3743% long(wr=20.00% wr_net=20.00% exp_net=-4.6693%) short(wr=80.00% wr_net=80.00% exp_net=3.8693%)
  h=60m n=5 avg=-1.3024% med=0.0000% long(wr=40.00% wr_net=40.00% exp_net=-1.7024%) short(wr=40.00% wr_net=40.00% exp_net=0.9024%)
 10:51:
  h=1m n=3 avg=-1.0363% med=-0.9873% long(wr=0.00% wr_net=0.00% exp_net=-1.4363%) short(wr=100.00% wr_net=100.00% exp_net=0.6363%)
  h=3m n=3 avg=-0.0646% med=0.2375% long(wr=66.67% wr_net=0.00% exp_net=-0.4646%) short(wr=33.33% wr_net=33.33% exp_net=-0.3354%)
  h=5m n=3 avg=1.7187% med=1.5835% long(wr=66.67% wr_net=66.67% exp_net=1.3187%) short(wr=33.33% wr_net=33.33% exp_net=-2.1187%)
  h=15m n=3 avg=0.3569% med=0.6334% long(wr=66.67% wr_net=66.67% exp_net=-0.0431%) short(wr=33.33% wr_net=33.33% exp_net=-0.7569%)
  h=30m n=3 avg=0.2800% med=-0.2375% long(wr=33.33% wr_net=33.33% exp_net=-0.1200%) short(wr=66.67% wr_net=33.33% exp_net=-0.6800%)
  h=60m n=3 avg=2.7447% med=3.7213% long(wr=66.67% wr_net=66.67% exp_net=2.3447%) short(wr=33.33% wr_net=33.33% exp_net=-3.1447%)
 10:52:
  h=1m n=4 avg=-0.2174% med=0.3349% long(wr=50.00% wr_net=50.00% exp_net=-0.6174%) short(wr=50.00% wr_net=25.00% exp_net=-0.1826%)
  h=3m n=4 avg=0.5321% med=0.8864% long(wr=75.00% wr_net=75.00% exp_net=0.1321%) short(wr=25.00% wr_net=25.00% exp_net=-0.9321%)
  h=5m n=4 avg=0.8917% med=0.4434% long(wr=50.00% wr_net=50.00% exp_net=0.4917%) short(wr=50.00% wr_net=50.00% exp_net=-1.2917%)
  h=15m n=4 avg=-1.2131% med=-0.1211% long(wr=50.00% wr_net=50.00% exp_net=-1.6131%) short(wr=50.00% wr_net=50.00% exp_net=0.8131%)
  h=30m n=4 avg=-2.8952% med=-1.8896% long(wr=50.00% wr_net=25.00% exp_net=-3.2952%) short(wr=50.00% wr_net=50.00% exp_net=2.4952%)
  h=60m n=4 avg=-0.9618% med=2.3640% long(wr=75.00% wr_net=75.00% exp_net=-1.3618%) short(wr=25.00% wr_net=25.00% exp_net=0.5618%)
 10:53:
  h=1m n=4 avg=0.1827% med=-0.1182% long(wr=25.00% wr_net=25.00% exp_net=-0.2173%) short(wr=50.00% wr_net=25.00% exp_net=-0.5827%)
  h=3m n=4 avg=1.1232% med=0.2769% long(wr=50.00% wr_net=50.00% exp_net=0.7232%) short(wr=50.00% wr_net=50.00% exp_net=-1.5232%)
  h=5m n=4 avg=0.4067% med=0.4728% long(wr=50.00% wr_net=50.00% exp_net=0.0067%) short(wr=25.00% wr_net=25.00% exp_net=-0.8067%)
  h=15m n=4 avg=0.7500% med=-0.3957% long(wr=50.00% wr_net=50.00% exp_net=0.3500%) short(wr=50.00% wr_net=50.00% exp_net=-1.1500%)
  h=30m n=3 avg=0.0049% med=-2.7985% long(wr=33.33% wr_net=33.33% exp_net=-0.3951%) short(wr=66.67% wr_net=66.67% exp_net=-0.4049%)
  h=60m n=3 avg=1.2992% med=2.0489% long(wr=66.67% wr_net=66.67% exp_net=0.8992%) short(wr=33.33% wr_net=33.33% exp_net=-1.6992%)
 10:54:
  h=1m n=5 avg=0.6794% med=0.3160% long(wr=60.00% wr_net=40.00% exp_net=0.2794%) short(wr=40.00% wr_net=40.00% exp_net=-1.0794%)
  h=3m n=4 avg=0.2115% med=0.2050% long(wr=50.00% wr_net=50.00% exp_net=-0.1885%) short(wr=50.00% wr_net=50.00% exp_net=-0.6115%)
  h=5m n=4 avg=0.1361% med=0.2298% long(wr=50.00% wr_net=50.00% exp_net=-0.2639%) short(wr=50.00% wr_net=25.00% exp_net=-0.5361%)
  h=15m n=4 avg=0.4394% med=-0.8862% long(wr=25.00% wr_net=25.00% exp_net=0.0394%) short(wr=50.00% wr_net=50.00% exp_net=-0.8394%)
  h=30m n=5 avg=2.1638% med=-0.4739% long(wr=40.00% wr_net=40.00% exp_net=1.7638%) short(wr=60.00% wr_net=60.00% exp_net=-2.5638%)
  h=60m n=5 avg=10.2650% med=3.0806% long(wr=60.00% wr_net=60.00% exp_net=9.8650%) short(wr=40.00% wr_net=40.00% exp_net=-10.6650%)
 10:55:
  h=1m n=3 avg=0.6005% med=1.0236% long(wr=66.67% wr_net=66.67% exp_net=0.2005%) short(wr=33.33% wr_net=33.33% exp_net=-1.0005%)
  h=3m n=3 avg=-2.2894% med=-0.5495% long(wr=33.33% wr_net=33.33% exp_net=-2.6894%) short(wr=66.67% wr_net=66.67% exp_net=1.8894%)
  h=5m n=4 avg=0.9543% med=0.1474% long(wr=75.00% wr_net=25.00% exp_net=0.5543%) short(wr=25.00% wr_net=25.00% exp_net=-1.3543%)
  h=15m n=3 avg=-1.0970% med=-0.0787% long(wr=33.33% wr_net=33.33% exp_net=-1.4970%) short(wr=66.67% wr_net=33.33% exp_net=0.6970%)
  h=30m n=4 avg=0.2366% med=2.6283% long(wr=50.00% wr_net=50.00% exp_net=-0.1634%) short(wr=50.00% wr_net=50.00% exp_net=-0.6366%)
  h=60m n=4 avg=8.2595% med=2.8111% long(wr=75.00% wr_net=75.00% exp_net=7.8595%) short(wr=25.00% wr_net=25.00% exp_net=-8.6595%)
 10:56:
  h=1m n=3 avg=-1.1712% med=-1.0825% long(wr=0.00% wr_net=0.00% exp_net=-1.5712%) short(wr=66.67% wr_net=66.67% exp_net=0.7712%)
  h=3m n=3 avg=-1.5340% med=-1.6575% long(wr=0.00% wr_net=0.00% exp_net=-1.9340%) short(wr=100.00% wr_net=100.00% exp_net=1.1340%)
  h=5m n=3 avg=-2.2286% med=-2.3004% long(wr=0.00% wr_net=0.00% exp_net=-2.6286%) short(wr=100.00% wr_net=100.00% exp_net=1.8286%)
  h=15m n=3 avg=0.4186% med=-1.0133% long(wr=33.33% wr_net=33.33% exp_net=0.0186%) short(wr=66.67% wr_net=66.67% exp_net=-0.8186%)
  h=30m n=2 avg=0.7671% med=0.7671% long(wr=50.00% wr_net=50.00% exp_net=0.3671%) short(wr=50.00% wr_net=50.00% exp_net=-1.1671%)
  h=60m n=3 avg=0.2679% med=2.2603% long(wr=66.67% wr_net=66.67% exp_net=-0.1321%) short(wr=33.33% wr_net=33.33% exp_net=-0.6679%)
 10:57:
  h=1m n=4 avg=-0.3459% med=-0.3263% long(wr=25.00% wr_net=0.00% exp_net=-0.7459%) short(wr=75.00% wr_net=50.00% exp_net=-0.0541%)
  h=3m n=4 avg=-0.5311% med=-0.5655% long(wr=0.00% wr_net=0.00% exp_net=-0.9311%) short(wr=75.00% wr_net=50.00% exp_net=0.1311%)
  h=5m n=4 avg=-0.1753% med=0.0288% long(wr=50.00% wr_net=25.00% exp_net=-0.5753%) short(wr=50.00% wr_net=25.00% exp_net=-0.2247%)
  h=15m n=4 avg=1.0477% med=-0.6332% long(wr=25.00% wr_net=25.00% exp_net=0.6477%) short(wr=75.00% wr_net=50.00% exp_net=-1.4477%)
  h=30m n=4 avg=-0.1496% med=-1.9646% long(wr=25.00% wr_net=25.00% exp_net=-0.5496%) short(wr=75.00% wr_net=75.00% exp_net=-0.2504%)
  h=60m n=4 avg=1.7400% med=1.9029% long(wr=50.00% wr_net=50.00% exp_net=1.3400%) short(wr=50.00% wr_net=50.00% exp_net=-2.1400%)
 10:58:
  h=1m n=6 avg=0.5082% med=-0.1157% long(wr=33.33% wr_net=33.33% exp_net=0.1082%) short(wr=66.67% wr_net=16.67% exp_net=-0.9082%)
  h=3m n=7 avg=0.1824% med=0.3328% long(wr=57.14% wr_net=42.86% exp_net=-0.2176%) short(wr=42.86% wr_net=28.57% exp_net=-0.5824%)
  h=5m n=7 avg=-0.0354% med=1.3559% long(wr=57.14% wr_net=57.14% exp_net=-0.4354%) short(wr=42.86% wr_net=42.86% exp_net=-0.3646%)
  h=15m n=6 avg=5.0189% med=-0.8773% long(wr=50.00% wr_net=33.33% exp_net=4.6189%) short(wr=50.00% wr_net=50.00% exp_net=-5.4189%)
  h=30m n=7 avg=0.0114% med=-1.6949% long(wr=28.57% wr_net=28.57% exp_net=-0.3886%) short(wr=71.43% wr_net=57.14% exp_net=-0.4114%)
  h=60m n=6 avg=-0.3563% med=-1.1976% long(wr=33.33% wr_net=33.33% exp_net=-0.7563%) short(wr=66.67% wr_net=66.67% exp_net=-0.0437%)
 10:59:
  h=1m n=6 avg=-0.2708% med=-0.2924% long(wr=33.33% wr_net=33.33% exp_net=-0.6708%) short(wr=66.67% wr_net=50.00% exp_net=-0.1292%)
  h=3m n=6 avg=-1.3000% med=-0.5281% long(wr=16.67% wr_net=16.67% exp_net=-1.7000%) short(wr=83.33% wr_net=66.67% exp_net=0.9000%)
  h=5m n=6 avg=-1.7378% med=-0.5989% long(wr=0.00% wr_net=0.00% exp_net=-2.1378%) short(wr=100.00% wr_net=66.67% exp_net=1.3378%)
  h=15m n=6 avg=2.7434% med=-1.4488% long(wr=33.33% wr_net=33.33% exp_net=2.3434%) short(wr=66.67% wr_net=66.67% exp_net=-3.1434%)
  h=30m n=6 avg=-0.1312% med=-1.8696% long(wr=33.33% wr_net=33.33% exp_net=-0.5312%) short(wr=66.67% wr_net=66.67% exp_net=-0.2688%)
  h=60m n=5 avg=-0.0987% med=1.4607% long(wr=60.00% wr_net=60.00% exp_net=-0.4987%) short(wr=40.00% wr_net=40.00% exp_net=-0.3013%)
 11:00:
  h=1m n=5 avg=-0.8039% med=-0.9602% long(wr=0.00% wr_net=0.00% exp_net=-1.2039%) short(wr=80.00% wr_net=60.00% exp_net=0.4039%)
  h=3m n=4 avg=-1.2725% med=-0.7546% long(wr=0.00% wr_net=0.00% exp_net=-1.6725%) short(wr=100.00% wr_net=50.00% exp_net=0.8725%)
  h=5m n=4 avg=0.5316% med=-0.4994% long(wr=50.00% wr_net=25.00% exp_net=0.1316%) short(wr=50.00% wr_net=50.00% exp_net=-0.9316%)
  h=15m n=4 avg=3.3049% med=1.2430% long(wr=50.00% wr_net=50.00% exp_net=2.9049%) short(wr=50.00% wr_net=50.00% exp_net=-3.7049%)
  h=30m n=5 avg=-0.6691% med=-3.9308% long(wr=20.00% wr_net=20.00% exp_net=-1.0691%) short(wr=80.00% wr_net=80.00% exp_net=0.2691%)
  h=60m n=4 avg=12.5765% med=9.1675% long(wr=75.00% wr_net=75.00% exp_net=12.1765%) short(wr=25.00% wr_net=25.00% exp_net=-12.9765%)
 11:01:
  h=1m n=6 avg=0.0032% med=0.2946% long(wr=66.67% wr_net=50.00% exp_net=-0.3968%) short(wr=33.33% wr_net=16.67% exp_net=-0.4032%)
  h=3m n=5 avg=-1.0056% med=-0.5540% long(wr=20.00% wr_net=20.00% exp_net=-1.4056%) short(wr=80.00% wr_net=60.00% exp_net=0.6056%)
  h=5m n=6 avg=-0.7283% med=0.1364% long(wr=50.00% wr_net=50.00% exp_net=-1.1283%) short(wr=50.00% wr_net=33.33% exp_net=0.3283%)
  h=15m n=6 avg=2.7277% med=3.6292% long(wr=66.67% wr_net=66.67% exp_net=2.3277%) short(wr=33.33% wr_net=33.33% exp_net=-3.1277%)
  h=30m n=5 avg=5.4019% med=2.1858% long(wr=60.00% wr_net=60.00% exp_net=5.0019%) short(wr=40.00% wr_net=40.00% exp_net=-5.8019%)
  h=60m n=5 avg=13.4523% med=9.9723% long(wr=60.00% wr_net=60.00% exp_net=13.0523%) short(wr=40.00% wr_net=40.00% exp_net=-13.8523%)
 11:02:
  h=1m n=5 avg=0.0960% med=0.3160% long(wr=60.00% wr_net=40.00% exp_net=-0.3040%) short(wr=40.00% wr_net=20.00% exp_net=-0.4960%)
  h=3m n=5 avg=-0.2500% med=0.0000% long(wr=40.00% wr_net=40.00% exp_net=-0.6500%) short(wr=40.00% wr_net=40.00% exp_net=-0.1500%)
  h=5m n=6 avg=0.0073% med=0.1079% long(wr=50.00% wr_net=50.00% exp_net=-0.3927%) short(wr=50.00% wr_net=50.00% exp_net=-0.4073%)
  h=15m n=6 avg=-0.0206% med=-0.2694% long(wr=50.00% wr_net=33.33% exp_net=-0.4206%) short(wr=50.00% wr_net=50.00% exp_net=-0.3794%)
  h=30m n=6 avg=3.6461% med=-0.5420% long(wr=50.00% wr_net=33.33% exp_net=3.2461%) short(wr=50.00% wr_net=50.00% exp_net=-4.0461%)
  h=60m n=6 avg=5.1107% med=6.2702% long(wr=66.67% wr_net=66.67% exp_net=4.7107%) short(wr=33.33% wr_net=33.33% exp_net=-5.5107%)
 11:03:
  h=1m n=6 avg=-0.6756% med=-0.3685% long(wr=33.33% wr_net=0.00% exp_net=-1.0756%) short(wr=66.67% wr_net=50.00% exp_net=0.2756%)
  h=3m n=6 avg=0.5030% med=-0.2885% long(wr=50.00% wr_net=33.33% exp_net=0.1030%) short(wr=50.00% wr_net=50.00% exp_net=-0.9030%)
  h=5m n=6 avg=2.7643% med=0.0987% long(wr=50.00% wr_net=50.00% exp_net=2.3643%) short(wr=50.00% wr_net=50.00% exp_net=-3.1643%)
  h=15m n=5 avg=-0.8764% med=-1.4961% long(wr=20.00% wr_net=20.00% exp_net=-1.2764%) short(wr=80.00% wr_net=60.00% exp_net=0.4764%)
  h=30m n=5 avg=2.5836% med=0.3731% long(wr=60.00% wr_net=40.00% exp_net=2.1836%) short(wr=40.00% wr_net=40.00% exp_net=-2.9836%)
  h=60m n=5 avg=2.8363% med=1.0033% long(wr=60.00% wr_net=60.00% exp_net=2.4363%) short(wr=40.00% wr_net=40.00% exp_net=-3.2363%)
 11:04:
  h=1m n=5 avg=-0.0934% med=0.2358% long(wr=60.00% wr_net=20.00% exp_net=-0.4934%) short(wr=40.00% wr_net=40.00% exp_net=-0.3066%)
  h=3m n=5 avg=-0.4936% med=-0.7883% long(wr=40.00% wr_net=20.00% exp_net=-0.8936%) short(wr=60.00% wr_net=60.00% exp_net=0.0936%)
  h=5m n=5 avg=-0.1961% med=-0.5631% long(wr=20.00% wr_net=20.00% exp_net=-0.5961%) short(wr=80.00% wr_net=80.00% exp_net=-0.2039%)
  h=15m n=4 avg=-0.9189% med=-2.9194% long(wr=25.00% wr_net=25.00% exp_net=-1.3189%) short(wr=75.00% wr_net=75.00% exp_net=0.5189%)
  h=30m n=5 avg=2.5866% med=-0.9434% long(wr=40.00% wr_net=40.00% exp_net=2.1866%) short(wr=60.00% wr_net=60.00% exp_net=-2.9866%)
  h=60m n=4 avg=4.4852% med=5.0629% long(wr=75.00% wr_net=75.00% exp_net=4.0852%) short(wr=25.00% wr_net=25.00% exp_net=-4.8852%)
 11:05:
  h=1m n=7 avg=-1.0700% med=-1.0033% long(wr=14.29% wr_net=14.29% exp_net=-1.4700%) short(wr=71.43% wr_net=57.14% exp_net=0.6700%)
  h=3m n=7 avg=0.6329% med=-0.3300% long(wr=42.86% wr_net=42.86% exp_net=0.2329%) short(wr=57.14% wr_net=42.86% exp_net=-1.0329%)
  h=5m n=7 avg=0.0897% med=-0.4706% long(wr=28.57% wr_net=28.57% exp_net=-0.3103%) short(wr=71.43% wr_net=57.14% exp_net=-0.4897%)
  h=15m n=6 avg=-0.6035% med=-0.9774% long(wr=16.67% wr_net=16.67% exp_net=-1.0035%) short(wr=66.67% wr_net=50.00% exp_net=0.2035%)
  h=30m n=6 avg=2.2728% med=-2.3817% long(wr=33.33% wr_net=33.33% exp_net=1.8728%) short(wr=66.67% wr_net=66.67% exp_net=-2.6728%)
  h=60m n=5 avg=0.1890% med=0.3344% long(wr=60.00% wr_net=40.00% exp_net=-0.2110%) short(wr=40.00% wr_net=40.00% exp_net=-0.5890%)
 11:06:
  h=1m n=6 avg=4.0338% med=0.5683% long(wr=66.67% wr_net=50.00% exp_net=3.6338%) short(wr=33.33% wr_net=33.33% exp_net=-4.4338%)
  h=3m n=5 avg=1.7886% med=-0.3934% long(wr=40.00% wr_net=40.00% exp_net=1.3886%) short(wr=60.00% wr_net=40.00% exp_net=-2.1886%)
  h=5m n=5 avg=2.8006% med=-0.0787% long(wr=40.00% wr_net=40.00% exp_net=2.4006%) short(wr=60.00% wr_net=40.00% exp_net=-3.2006%)
  h=15m n=4 avg=1.4163% med=1.1420% long(wr=50.00% wr_net=50.00% exp_net=1.0163%) short(wr=50.00% wr_net=25.00% exp_net=-1.8163%)
  h=30m n=5 avg=2.4624% med=-0.4386% long(wr=20.00% wr_net=20.00% exp_net=2.0624%) short(wr=80.00% wr_net=60.00% exp_net=-2.8624%)
  h=60m n=5 avg=9.7665% med=6.0274% long(wr=60.00% wr_net=60.00% exp_net=9.3665%) short(wr=40.00% wr_net=40.00% exp_net=-10.1665%)
 11:07:
  h=1m n=9 avg=0.9197% med=0.1658% long(wr=55.56% wr_net=44.44% exp_net=0.5197%) short(wr=33.33% wr_net=22.22% exp_net=-1.3197%)
  h=3m n=8 avg=-0.2753% med=-0.1813% long(wr=37.50% wr_net=37.50% exp_net=-0.6753%) short(wr=62.50% wr_net=37.50% exp_net=-0.1247%)
  h=5m n=8 avg=1.4626% med=-0.2398% long(wr=37.50% wr_net=37.50% exp_net=1.0626%) short(wr=62.50% wr_net=37.50% exp_net=-1.8626%)
  h=15m n=7 avg=1.4789% med=1.9493% long(wr=57.14% wr_net=57.14% exp_net=1.0789%) short(wr=42.86% wr_net=42.86% exp_net=-1.8789%)
  h=30m n=9 avg=2.1392% med=-0.6705% long(wr=33.33% wr_net=33.33% exp_net=1.7392%) short(wr=66.67% wr_net=66.67% exp_net=-2.5392%)
  h=60m n=8 avg=1.9593% med=1.4110% long(wr=50.00% wr_net=50.00% exp_net=1.5593%) short(wr=50.00% wr_net=50.00% exp_net=-2.3593%)
 11:08:
  h=1m n=6 avg=-1.1540% med=-0.9650% long(wr=33.33% wr_net=16.67% exp_net=-1.5540%) short(wr=66.67% wr_net=66.67% exp_net=0.7540%)
  h=3m n=6 avg=-0.2077% med=-0.7492% long(wr=33.33% wr_net=33.33% exp_net=-0.6077%) short(wr=66.67% wr_net=50.00% exp_net=-0.1923%)
  h=5m n=6 avg=0.2419% med=-0.2470% long(wr=33.33% wr_net=33.33% exp_net=-0.1581%) short(wr=66.67% wr_net=33.33% exp_net=-0.6419%)
  h=15m n=4 avg=1.3427% med=0.3285% long(wr=50.00% wr_net=50.00% exp_net=0.9427%) short(wr=50.00% wr_net=25.00% exp_net=-1.7427%)
  h=30m n=7 avg=3.3714% med=2.4620% long(wr=57.14% wr_net=57.14% exp_net=2.9714%) short(wr=28.57% wr_net=28.57% exp_net=-3.7714%)
  h=60m n=6 avg=3.7876% med=1.4903% long(wr=50.00% wr_net=50.00% exp_net=3.3876%) short(wr=50.00% wr_net=50.00% exp_net=-4.1876%)
 11:09:
  h=1m n=6 avg=-0.5602% med=0.0218% long(wr=50.00% wr_net=16.67% exp_net=-0.9602%) short(wr=50.00% wr_net=33.33% exp_net=0.1602%)
  h=3m n=6 avg=1.6317% med=1.7226% long(wr=66.67% wr_net=50.00% exp_net=1.2317%) short(wr=33.33% wr_net=33.33% exp_net=-2.0317%)
  h=5m n=6 avg=0.9907% med=-0.3578% long(wr=33.33% wr_net=33.33% exp_net=0.5907%) short(wr=66.67% wr_net=50.00% exp_net=-1.3907%)
  h=15m n=5 avg=1.8840% med=0.2656% long(wr=60.00% wr_net=40.00% exp_net=1.4840%) short(wr=40.00% wr_net=40.00% exp_net=-2.2840%)
  h=30m n=6 avg=2.3167% med=-0.7336% long(wr=50.00% wr_net=50.00% exp_net=1.9167%) short(wr=50.00% wr_net=50.00% exp_net=-2.7167%)
  h=60m n=5 avg=1.3552% med=2.0198% long(wr=60.00% wr_net=60.00% exp_net=0.9552%) short(wr=40.00% wr_net=40.00% exp_net=-1.7552%)
 11:10:
  h=1m n=6 avg=1.3002% med=0.2332% long(wr=66.67% wr_net=33.33% exp_net=0.9002%) short(wr=16.67% wr_net=16.67% exp_net=-1.7002%)
  h=3m n=5 avg=2.7204% med=-0.2584% long(wr=40.00% wr_net=40.00% exp_net=2.3204%) short(wr=60.00% wr_net=40.00% exp_net=-3.1204%)
  h=5m n=6 avg=-0.2309% med=-1.2267% long(wr=33.33% wr_net=33.33% exp_net=-0.6309%) short(wr=66.67% wr_net=66.67% exp_net=-0.1691%)
  h=15m n=5 avg=-0.2044% med=-0.3135% long(wr=20.00% wr_net=20.00% exp_net=-0.6044%) short(wr=80.00% wr_net=40.00% exp_net=-0.1956%)
  h=30m n=6 avg=2.6888% med=2.7152% long(wr=66.67% wr_net=66.67% exp_net=2.2888%) short(wr=33.33% wr_net=33.33% exp_net=-3.0888%)
  h=60m n=5 avg=2.9923% med=1.4629% long(wr=80.00% wr_net=60.00% exp_net=2.5923%) short(wr=20.00% wr_net=20.00% exp_net=-3.3923%)
 11:11:
  h=1m n=5 avg=0.8918% med=0.3861% long(wr=100.00% wr_net=40.00% exp_net=0.4918%) short(wr=0.00% wr_net=0.00% exp_net=-1.2918%)
  h=3m n=5 avg=-0.7459% med=-0.8661% long(wr=20.00% wr_net=20.00% exp_net=-1.1459%) short(wr=80.00% wr_net=80.00% exp_net=0.3459%)
  h=5m n=5 avg=-2.6481% med=-1.4961% long(wr=0.00% wr_net=0.00% exp_net=-3.0481%) short(wr=100.00% wr_net=100.00% exp_net=2.2481%)
  h=15m n=4 avg=-2.8003% med=-0.2409% long(wr=50.00% wr_net=50.00% exp_net=-3.2003%) short(wr=50.00% wr_net=50.00% exp_net=2.4003%)
  h=30m n=5 avg=2.1329% med=4.0945% long(wr=80.00% wr_net=80.00% exp_net=1.7329%) short(wr=20.00% wr_net=20.00% exp_net=-2.5329%)
  h=60m n=4 avg=3.9889% med=2.6916% long(wr=100.00% wr_net=75.00% exp_net=3.5889%) short(wr=0.00% wr_net=0.00% exp_net=-4.3889%)
 11:12:
  h=1m n=4 avg=0.4651% med=-0.9816% long(wr=25.00% wr_net=25.00% exp_net=0.0651%) short(wr=75.00% wr_net=75.00% exp_net=-0.8651%)
  h=3m n=5 avg=-2.4743% med=-2.0833% long(wr=0.00% wr_net=0.00% exp_net=-2.8743%) short(wr=100.00% wr_net=100.00% exp_net=2.0743%)
  h=5m n=4 avg=-1.6863% med=-1.5453% long(wr=0.00% wr_net=0.00% exp_net=-2.0863%) short(wr=100.00% wr_net=100.00% exp_net=1.2863%)
  h=15m n=5 avg=-4.1830% med=-1.9271% long(wr=20.00% wr_net=20.00% exp_net=-4.5830%) short(wr=80.00% wr_net=60.00% exp_net=3.7830%)
  h=30m n=5 avg=1.3853% med=4.0126% long(wr=80.00% wr_net=80.00% exp_net=0.9853%) short(wr=20.00% wr_net=20.00% exp_net=-1.7853%)
  h=60m n=4 avg=4.1280% med=1.7927% long(wr=100.00% wr_net=100.00% exp_net=3.7280%) short(wr=0.00% wr_net=0.00% exp_net=-4.5280%)
 11:13:
  h=1m n=5 avg=-1.7385% med=-1.0363% long(wr=20.00% wr_net=0.00% exp_net=-2.1385%) short(wr=60.00% wr_net=60.00% exp_net=1.3385%)
  h=3m n=5 avg=-3.6245% med=-1.1423% long(wr=0.00% wr_net=0.00% exp_net=-4.0245%) short(wr=100.00% wr_net=80.00% exp_net=3.2245%)
  h=5m n=5 avg=-2.4867% med=-0.9973% long(wr=20.00% wr_net=20.00% exp_net=-2.8867%) short(wr=80.00% wr_net=80.00% exp_net=2.0867%)
  h=15m n=6 avg=-0.7789% med=0.8542% long(wr=50.00% wr_net=50.00% exp_net=-1.1789%) short(wr=50.00% wr_net=33.33% exp_net=0.3789%)
  h=30m n=6 avg=0.9696% med=2.7964% long(wr=66.67% wr_net=66.67% exp_net=0.5696%) short(wr=33.33% wr_net=33.33% exp_net=-1.3696%)
  h=60m n=5 avg=6.3371% med=0.7772% long(wr=80.00% wr_net=60.00% exp_net=5.9371%) short(wr=20.00% wr_net=20.00% exp_net=-6.7371%)
 11:14:
  h=1m n=6 avg=-0.7585% med=-0.7428% long(wr=16.67% wr_net=16.67% exp_net=-1.1585%) short(wr=83.33% wr_net=50.00% exp_net=0.3585%)
  h=3m n=5 avg=0.3127% med=0.0000% long(wr=40.00% wr_net=20.00% exp_net=-0.0873%) short(wr=40.00% wr_net=40.00% exp_net=-0.7127%)
  h=5m n=4 avg=1.7056% med=1.0898% long(wr=75.00% wr_net=75.00% exp_net=1.3056%) short(wr=0.00% wr_net=0.00% exp_net=-2.1056%)
  h=15m n=6 avg=1.1362% med=2.5641% long(wr=50.00% wr_net=50.00% exp_net=0.7362%) short(wr=50.00% wr_net=50.00% exp_net=-1.5362%)
  h=30m n=5 avg=-0.2552% med=1.8927% long(wr=60.00% wr_net=60.00% exp_net=-0.6552%) short(wr=40.00% wr_net=40.00% exp_net=-0.1448%)
  h=60m n=5 avg=1.0278% med=0.3155% long(wr=60.00% wr_net=40.00% exp_net=0.6278%) short(wr=40.00% wr_net=40.00% exp_net=-1.4278%)
 11:15:
  h=1m n=6 avg=-0.8271% med=-0.1937% long(wr=50.00% wr_net=33.33% exp_net=-1.2271%) short(wr=50.00% wr_net=50.00% exp_net=0.4271%)
  h=3m n=5 avg=0.3526% med=0.3300% long(wr=80.00% wr_net=40.00% exp_net=-0.0474%) short(wr=20.00% wr_net=20.00% exp_net=-0.7526%)
  h=5m n=5 avg=1.4974% med=1.1936% long(wr=60.00% wr_net=60.00% exp_net=1.0974%) short(wr=20.00% wr_net=20.00% exp_net=-1.8974%)
  h=15m n=6 avg=1.1472% med=2.2461% long(wr=50.00% wr_net=50.00% exp_net=0.7472%) short(wr=50.00% wr_net=50.00% exp_net=-1.5472%)
  h=30m n=5 avg=-1.1816% med=-1.9361% long(wr=40.00% wr_net=40.00% exp_net=-1.5816%) short(wr=60.00% wr_net=60.00% exp_net=0.7816%)
  h=60m n=5 avg=-0.4880% med=-2.6403% long(wr=40.00% wr_net=40.00% exp_net=-0.8880%) short(wr=60.00% wr_net=60.00% exp_net=0.0880%)
 11:16:
  h=1m n=4 avg=0.6242% med=0.4190% long(wr=50.00% wr_net=50.00% exp_net=0.2242%) short(wr=50.00% wr_net=25.00% exp_net=-1.0242%)
  h=3m n=3 avg=-0.0819% med=-0.9079% long(wr=33.33% wr_net=33.33% exp_net=-0.4819%) short(wr=66.67% wr_net=66.67% exp_net=-0.3181%)
  h=5m n=4 avg=1.6199% med=-1.1035% long(wr=25.00% wr_net=25.00% exp_net=1.2199%) short(wr=75.00% wr_net=75.00% exp_net=-2.0199%)
  h=15m n=4 avg=3.2167% med=1.9149% long(wr=50.00% wr_net=50.00% exp_net=2.8167%) short(wr=50.00% wr_net=50.00% exp_net=-3.6167%)
  h=30m n=4 avg=1.7132% med=0.8374% long(wr=50.00% wr_net=50.00% exp_net=1.3132%) short(wr=50.00% wr_net=50.00% exp_net=-2.1132%)
  h=60m n=4 avg=0.0839% med=0.0468% long(wr=50.00% wr_net=50.00% exp_net=-0.3161%) short(wr=50.00% wr_net=50.00% exp_net=-0.4839%)
 11:17:
  h=1m n=5 avg=-0.2022% med=0.0000% long(wr=40.00% wr_net=40.00% exp_net=-0.6022%) short(wr=40.00% wr_net=20.00% exp_net=-0.1978%)
  h=3m n=5 avg=0.4619% med=-0.3289% long(wr=40.00% wr_net=40.00% exp_net=0.0619%) short(wr=60.00% wr_net=40.00% exp_net=-0.8619%)
  h=5m n=5 avg=-0.3606% med=-1.8253% long(wr=40.00% wr_net=40.00% exp_net=-0.7606%) short(wr=60.00% wr_net=60.00% exp_net=-0.0394%)
  h=15m n=5 avg=3.0426% med=1.6820% long(wr=60.00% wr_net=60.00% exp_net=2.6426%) short(wr=40.00% wr_net=40.00% exp_net=-3.4426%)
  h=30m n=5 avg=0.3102% med=0.7645% long(wr=60.00% wr_net=60.00% exp_net=-0.0898%) short(wr=40.00% wr_net=40.00% exp_net=-0.7102%)
  h=60m n=5 avg=-1.0855% med=-2.9605% long(wr=40.00% wr_net=40.00% exp_net=-1.4855%) short(wr=60.00% wr_net=60.00% exp_net=0.6855%)
 11:18:
  h=1m n=4 avg=3.9122% med=0.1917% long(wr=75.00% wr_net=25.00% exp_net=3.5122%) short(wr=25.00% wr_net=0.00% exp_net=-4.3122%)
  h=3m n=4 avg=1.5921% med=-0.5640% long(wr=25.00% wr_net=25.00% exp_net=1.1921%) short(wr=75.00% wr_net=75.00% exp_net=-1.9921%)
  h=5m n=4 avg=-0.7023% med=-1.4548% long(wr=25.00% wr_net=25.00% exp_net=-1.1023%) short(wr=75.00% wr_net=75.00% exp_net=0.3023%)
  h=15m n=3 avg=7.6080% med=10.3268% long(wr=100.00% wr_net=100.00% exp_net=7.2080%) short(wr=0.00% wr_net=0.00% exp_net=-8.0080%)
  h=30m n=4 avg=7.2321% med=1.3211% long(wr=50.00% wr_net=50.00% exp_net=6.8321%) short(wr=50.00% wr_net=50.00% exp_net=-7.6321%)
  h=60m n=4 avg=15.8599% med=7.1791% long(wr=75.00% wr_net=75.00% exp_net=15.4599%) short(wr=25.00% wr_net=25.00% exp_net=-16.2599%)
 11:19:
  h=1m n=5 avg=0.7767% med=0.2098% long(wr=60.00% wr_net=40.00% exp_net=0.3767%) short(wr=40.00% wr_net=0.00% exp_net=-1.1767%)
  h=3m n=5 avg=1.4106% med=-0.4188% long(wr=40.00% wr_net=40.00% exp_net=1.0106%) short(wr=60.00% wr_net=60.00% exp_net=-1.8106%)
  h=5m n=6 avg=-0.1381% med=-0.9555% long(wr=33.33% wr_net=33.33% exp_net=-0.5381%) short(wr=66.67% wr_net=66.67% exp_net=-0.2619%)
  h=15m n=5 avg=5.6981% med=3.1619% long(wr=80.00% wr_net=80.00% exp_net=5.2981%) short(wr=20.00% wr_net=20.00% exp_net=-6.0981%)
  h=30m n=5 avg=2.7104% med=0.5236% long(wr=60.00% wr_net=60.00% exp_net=2.3104%) short(wr=40.00% wr_net=40.00% exp_net=-3.1104%)
  h=60m n=6 avg=5.3337% med=3.4686% long(wr=50.00% wr_net=50.00% exp_net=4.9337%) short(wr=33.33% wr_net=33.33% exp_net=-5.7337%)
 11:20:
  h=1m n=6 avg=1.0516% med=-0.0523% long(wr=50.00% wr_net=33.33% exp_net=0.6516%) short(wr=50.00% wr_net=16.67% exp_net=-1.4516%)
  h=3m n=6 avg=-0.3916% med=-1.2658% long(wr=16.67% wr_net=16.67% exp_net=-0.7916%) short(wr=83.33% wr_net=66.67% exp_net=-0.0084%)
  h=5m n=6 avg=0.6060% med=-0.1860% long(wr=50.00% wr_net=33.33% exp_net=0.2060%) short(wr=50.00% wr_net=50.00% exp_net=-1.0060%)
  h=15m n=6 avg=4.4228% med=0.6725% long(wr=66.67% wr_net=50.00% exp_net=4.0228%) short(wr=33.33% wr_net=16.67% exp_net=-4.8228%)
  h=30m n=4 avg=-1.5914% med=-0.8002% long(wr=50.00% wr_net=50.00% exp_net=-1.9914%) short(wr=50.00% wr_net=50.00% exp_net=1.1914%)
  h=60m n=5 avg=-0.3176% med=-0.2625% long(wr=40.00% wr_net=40.00% exp_net=-0.7176%) short(wr=60.00% wr_net=40.00% exp_net=-0.0824%)
 11:21:
  h=1m n=5 avg=-0.7202% med=-0.3145% long(wr=20.00% wr_net=0.00% exp_net=-1.1202%) short(wr=60.00% wr_net=40.00% exp_net=0.3202%)
  h=3m n=5 avg=-0.7059% med=-0.6289% long(wr=20.00% wr_net=20.00% exp_net=-1.1059%) short(wr=60.00% wr_net=60.00% exp_net=0.3059%)
  h=5m n=5 avg=0.1316% med=0.8721% long(wr=60.00% wr_net=60.00% exp_net=-0.2684%) short(wr=40.00% wr_net=40.00% exp_net=-0.5316%)
  h=15m n=5 avg=4.5619% med=5.8140% long(wr=60.00% wr_net=60.00% exp_net=4.1619%) short(wr=40.00% wr_net=20.00% exp_net=-4.9619%)
  h=30m n=4 avg=-1.2381% med=-0.3824% long(wr=50.00% wr_net=50.00% exp_net=-1.6381%) short(wr=50.00% wr_net=50.00% exp_net=0.8381%)
  h=60m n=5 avg=1.1698% med=0.7338% long(wr=60.00% wr_net=60.00% exp_net=0.7698%) short(wr=40.00% wr_net=40.00% exp_net=-1.5698%)
 11:22:
  h=1m n=7 avg=-0.6733% med=-0.2907% long(wr=14.29% wr_net=14.29% exp_net=-1.0733%) short(wr=71.43% wr_net=42.86% exp_net=0.2733%)
  h=3m n=7 avg=-0.3645% med=0.3155% long(wr=57.14% wr_net=42.86% exp_net=-0.7645%) short(wr=42.86% wr_net=42.86% exp_net=-0.0355%)
  h=5m n=7 avg=-0.0361% med=-0.3040% long(wr=42.86% wr_net=42.86% exp_net=-0.4361%) short(wr=57.14% wr_net=42.86% exp_net=-0.3639%)
  h=15m n=7 avg=3.3091% med=3.5752% long(wr=71.43% wr_net=71.43% exp_net=2.9091%) short(wr=28.57% wr_net=28.57% exp_net=-3.7091%)
  h=30m n=7 avg=-2.4166% med=-1.7264% long(wr=28.57% wr_net=28.57% exp_net=-2.8166%) short(wr=71.43% wr_net=71.43% exp_net=2.0166%)
  h=60m n=7 avg=-0.4184% med=1.1567% long(wr=57.14% wr_net=57.14% exp_net=-0.8184%) short(wr=42.86% wr_net=42.86% exp_net=0.0184%)
 11:23:
  h=1m n=5 avg=0.5745% med=0.3989% long(wr=80.00% wr_net=40.00% exp_net=0.1745%) short(wr=20.00% wr_net=0.00% exp_net=-0.9745%)
  h=3m n=5 avg=1.4239% med=1.1662% long(wr=80.00% wr_net=80.00% exp_net=1.0239%) short(wr=20.00% wr_net=20.00% exp_net=-1.8239%)
  h=5m n=5 avg=1.9488% med=1.9541% long(wr=80.00% wr_net=80.00% exp_net=1.5488%) short(wr=20.00% wr_net=0.00% exp_net=-2.3488%)
  h=15m n=5 avg=5.0708% med=4.9563% long(wr=80.00% wr_net=80.00% exp_net=4.6708%) short(wr=20.00% wr_net=20.00% exp_net=-5.4708%)
  h=30m n=5 avg=0.5754% med=1.3144% long(wr=60.00% wr_net=60.00% exp_net=0.1754%) short(wr=40.00% wr_net=40.00% exp_net=-0.9754%)
  h=60m n=5 avg=2.4163% med=3.5904% long(wr=80.00% wr_net=80.00% exp_net=2.0163%) short(wr=20.00% wr_net=20.00% exp_net=-2.8163%)
 11:24:
  h=1m n=5 avg=2.0754% med=1.4607% long(wr=80.00% wr_net=80.00% exp_net=1.6754%) short(wr=20.00% wr_net=20.00% exp_net=-2.4754%)
  h=3m n=5 avg=1.8072% med=1.7629% long(wr=100.00% wr_net=80.00% exp_net=1.4072%) short(wr=0.00% wr_net=0.00% exp_net=-2.2072%)
  h=5m n=5 avg=3.1814% med=2.8278% long(wr=100.00% wr_net=100.00% exp_net=2.7814%) short(wr=0.00% wr_net=0.00% exp_net=-3.5814%)
  h=15m n=4 avg=3.6135% med=7.5105% long(wr=75.00% wr_net=75.00% exp_net=3.2135%) short(wr=25.00% wr_net=25.00% exp_net=-4.0135%)
  h=30m n=5 avg=6.5230% med=3.8701% long(wr=60.00% wr_net=60.00% exp_net=6.1230%) short(wr=40.00% wr_net=40.00% exp_net=-6.9230%)
  h=60m n=5 avg=8.4343% med=4.1965% long(wr=80.00% wr_net=80.00% exp_net=8.0343%) short(wr=20.00% wr_net=20.00% exp_net=-8.8343%)
 11:25:
  h=1m n=6 avg=-1.1733% med=-0.3272% long(wr=50.00% wr_net=33.33% exp_net=-1.5733%) short(wr=50.00% wr_net=50.00% exp_net=0.7733%)
  h=3m n=6 avg=-0.2747% med=-0.2819% long(wr=33.33% wr_net=33.33% exp_net=-0.6747%) short(wr=66.67% wr_net=50.00% exp_net=-0.1253%)
  h=5m n=6 avg=0.6237% med=-0.0382% long(wr=50.00% wr_net=50.00% exp_net=0.2237%) short(wr=50.00% wr_net=50.00% exp_net=-1.0237%)
  h=15m n=5 avg=2.5323% med=5.9249% long(wr=80.00% wr_net=80.00% exp_net=2.1323%) short(wr=20.00% wr_net=20.00% exp_net=-2.9323%)
  h=30m n=6 avg=3.6814% med=4.0178% long(wr=66.67% wr_net=66.67% exp_net=3.2814%) short(wr=33.33% wr_net=33.33% exp_net=-4.0814%)
  h=60m n=5 avg=0.7244% med=1.5723% long(wr=80.00% wr_net=60.00% exp_net=0.3244%) short(wr=20.00% wr_net=20.00% exp_net=-1.1244%)
 11:26:
  h=1m n=5 avg=1.0578% med=0.5764% long(wr=60.00% wr_net=60.00% exp_net=0.6578%) short(wr=40.00% wr_net=20.00% exp_net=-1.4578%)
  h=3m n=5 avg=2.4047% med=3.1928% long(wr=80.00% wr_net=80.00% exp_net=2.0047%) short(wr=20.00% wr_net=0.00% exp_net=-2.8047%)
  h=5m n=4 avg=2.3758% med=2.6509% long(wr=75.00% wr_net=75.00% exp_net=1.9758%) short(wr=25.00% wr_net=25.00% exp_net=-2.7758%)
  h=15m n=4 avg=2.5230% med=4.3980% long(wr=75.00% wr_net=75.00% exp_net=2.1230%) short(wr=25.00% wr_net=25.00% exp_net=-2.9230%)
  h=30m n=5 avg=5.9171% med=5.3314% long(wr=60.00% wr_net=60.00% exp_net=5.5171%) short(wr=40.00% wr_net=40.00% exp_net=-6.3171%)
  h=60m n=5 avg=5.2252% med=4.1402% long(wr=60.00% wr_net=60.00% exp_net=4.8252%) short(wr=40.00% wr_net=40.00% exp_net=-5.6252%)
 11:27:
  h=1m n=5 avg=-0.0297% med=-0.5556% long(wr=40.00% wr_net=40.00% exp_net=-0.4297%) short(wr=60.00% wr_net=60.00% exp_net=-0.3703%)
  h=3m n=5 avg=1.1175% med=0.0000% long(wr=40.00% wr_net=40.00% exp_net=0.7175%) short(wr=40.00% wr_net=40.00% exp_net=-1.5175%)
  h=5m n=5 avg=3.9852% med=6.1345% long(wr=60.00% wr_net=60.00% exp_net=3.5852%) short(wr=20.00% wr_net=20.00% exp_net=-4.3852%)
  h=15m n=4 avg=2.3509% med=4.6866% long(wr=75.00% wr_net=75.00% exp_net=1.9509%) short(wr=25.00% wr_net=25.00% exp_net=-2.7509%)
  h=30m n=5 avg=4.6253% med=5.0143% long(wr=60.00% wr_net=60.00% exp_net=4.2253%) short(wr=40.00% wr_net=40.00% exp_net=-5.0253%)
  h=60m n=4 avg=0.1308% med=1.7660% long(wr=50.00% wr_net=50.00% exp_net=-0.2692%) short(wr=50.00% wr_net=25.00% exp_net=-0.5308%)
 11:28:
  h=1m n=6 avg=1.1212% med=0.4174% long(wr=83.33% wr_net=50.00% exp_net=0.7212%) short(wr=16.67% wr_net=0.00% exp_net=-1.5212%)
  h=3m n=5 avg=1.4201% med=1.0130% long(wr=60.00% wr_net=60.00% exp_net=1.0201%) short(wr=40.00% wr_net=20.00% exp_net=-1.8201%)
  h=5m n=5 avg=1.9489% med=1.3636% long(wr=80.00% wr_net=80.00% exp_net=1.5489%) short(wr=20.00% wr_net=20.00% exp_net=-2.3489%)
  h=15m n=6 avg=2.9945% med=3.7587% long(wr=83.33% wr_net=83.33% exp_net=2.5945%) short(wr=16.67% wr_net=16.67% exp_net=-3.3945%)
  h=30m n=6 avg=4.3535% med=1.5488% long(wr=50.00% wr_net=50.00% exp_net=3.9535%) short(wr=50.00% wr_net=50.00% exp_net=-4.7535%)
  h=60m n=6 avg=3.1542% med=0.5534% long(wr=50.00% wr_net=50.00% exp_net=2.7542%) short(wr=50.00% wr_net=50.00% exp_net=-3.5542%)
 11:29:
  h=1m n=5 avg=-0.2302% med=0.6188% long(wr=60.00% wr_net=60.00% exp_net=-0.6302%) short(wr=40.00% wr_net=40.00% exp_net=-0.1698%)
  h=3m n=5 avg=2.6179% med=4.4554% long(wr=80.00% wr_net=80.00% exp_net=2.2179%) short(wr=20.00% wr_net=20.00% exp_net=-3.0179%)
  h=5m n=4 avg=1.8605% med=3.2078% long(wr=75.00% wr_net=75.00% exp_net=1.4605%) short(wr=25.00% wr_net=25.00% exp_net=-2.2605%)
  h=15m n=5 avg=0.7890% med=6.0833% long(wr=60.00% wr_net=60.00% exp_net=0.3890%) short(wr=40.00% wr_net=40.00% exp_net=-1.1890%)
  h=30m n=5 avg=4.0121% med=2.9979% long(wr=60.00% wr_net=60.00% exp_net=3.6121%) short(wr=40.00% wr_net=40.00% exp_net=-4.4121%)
  h=60m n=5 avg=2.9158% med=2.4778% long(wr=60.00% wr_net=60.00% exp_net=2.5158%) short(wr=40.00% wr_net=40.00% exp_net=-3.3158%)
 11:30:
  h=1m n=5 avg=-0.2997% med=0.0000% long(wr=20.00% wr_net=20.00% exp_net=-0.6997%) short(wr=40.00% wr_net=20.00% exp_net=-0.1003%)
  h=3m n=5 avg=0.1982% med=0.4665% long(wr=60.00% wr_net=60.00% exp_net=-0.2018%) short(wr=20.00% wr_net=20.00% exp_net=-0.5982%)
  h=5m n=5 avg=2.1511% med=0.6061% long(wr=60.00% wr_net=60.00% exp_net=1.7511%) short(wr=20.00% wr_net=20.00% exp_net=-2.5511%)
  h=15m n=6 avg=3.2536% med=1.7928% long(wr=66.67% wr_net=66.67% exp_net=2.8536%) short(wr=33.33% wr_net=33.33% exp_net=-3.6536%)
  h=30m n=6 avg=5.4698% med=0.0543% long(wr=50.00% wr_net=50.00% exp_net=5.0698%) short(wr=50.00% wr_net=50.00% exp_net=-5.8698%)
  h=60m n=6 avg=1.7244% med=-2.2864% long(wr=33.33% wr_net=33.33% exp_net=1.3244%) short(wr=66.67% wr_net=66.67% exp_net=-2.1244%)
 11:31:
  h=1m n=5 avg=0.3388% med=-0.3790% long(wr=20.00% wr_net=20.00% exp_net=-0.0612%) short(wr=60.00% wr_net=40.00% exp_net=-0.7388%)
  h=3m n=5 avg=1.0955% med=-0.1433% long(wr=40.00% wr_net=40.00% exp_net=0.6955%) short(wr=60.00% wr_net=20.00% exp_net=-1.4955%)
  h=5m n=5 avg=2.1831% med=3.7805% long(wr=60.00% wr_net=60.00% exp_net=1.7831%) short(wr=40.00% wr_net=40.00% exp_net=-2.5831%)
  h=15m n=4 avg=-2.7001% med=-2.9562% long(wr=25.00% wr_net=25.00% exp_net=-3.1001%) short(wr=75.00% wr_net=75.00% exp_net=2.3001%)
  h=30m n=5 avg=-2.0484% med=-3.1707% long(wr=20.00% wr_net=20.00% exp_net=-2.4484%) short(wr=80.00% wr_net=80.00% exp_net=1.6484%)
  h=60m n=5 avg=-2.3881% med=-5.3659% long(wr=20.00% wr_net=20.00% exp_net=-2.7881%) short(wr=80.00% wr_net=80.00% exp_net=1.9881%)
 11:32:
  h=1m n=5 avg=-0.1525% med=0.0000% long(wr=40.00% wr_net=40.00% exp_net=-0.5525%) short(wr=20.00% wr_net=20.00% exp_net=-0.2475%)
  h=3m n=5 avg=1.7834% med=0.0000% long(wr=40.00% wr_net=40.00% exp_net=1.3834%) short(wr=40.00% wr_net=20.00% exp_net=-2.1834%)
  h=5m n=6 avg=1.5130% med=0.5577% long(wr=50.00% wr_net=50.00% exp_net=1.1130%) short(wr=50.00% wr_net=33.33% exp_net=-1.9130%)
  h=15m n=6 avg=-1.2986% med=-3.5317% long(wr=33.33% wr_net=33.33% exp_net=-1.6986%) short(wr=66.67% wr_net=66.67% exp_net=0.8986%)
  h=30m n=6 avg=4.0554% med=-1.6379% long(wr=33.33% wr_net=33.33% exp_net=3.6554%) short(wr=66.67% wr_net=66.67% exp_net=-4.4554%)
  h=60m n=6 avg=-0.4485% med=-1.9102% long(wr=33.33% wr_net=33.33% exp_net=-0.8485%) short(wr=66.67% wr_net=66.67% exp_net=0.0485%)
 11:33:
  h=1m n=5 avg=0.7775% med=0.6565% long(wr=80.00% wr_net=80.00% exp_net=0.3775%) short(wr=20.00% wr_net=0.00% exp_net=-1.1775%)
  h=3m n=5 avg=2.7836% med=4.2980% long(wr=80.00% wr_net=80.00% exp_net=2.3836%) short(wr=20.00% wr_net=20.00% exp_net=-3.1836%)
  h=5m n=5 avg=1.4417% med=3.1519% long(wr=60.00% wr_net=60.00% exp_net=1.0417%) short(wr=40.00% wr_net=40.00% exp_net=-1.8417%)
  h=15m n=4 avg=-0.2226% med=-1.2451% long(wr=25.00% wr_net=25.00% exp_net=-0.6226%) short(wr=75.00% wr_net=75.00% exp_net=-0.1774%)
  h=30m n=5 avg=-1.0857% med=-2.9019% long(wr=20.00% wr_net=20.00% exp_net=-1.4857%) short(wr=80.00% wr_net=80.00% exp_net=0.6857%)
  h=60m n=5 avg=-1.2106% med=-3.0180% long(wr=40.00% wr_net=20.00% exp_net=-1.6106%) short(wr=60.00% wr_net=60.00% exp_net=0.8106%)
 11:34:
  h=1m n=8 avg=0.9615% med=0.2840% long(wr=62.50% wr_net=50.00% exp_net=0.5615%) short(wr=37.50% wr_net=37.50% exp_net=-1.3615%)
  h=3m n=8 avg=0.7012% med=-0.5103% long(wr=50.00% wr_net=37.50% exp_net=0.3012%) short(wr=50.00% wr_net=50.00% exp_net=-1.1012%)
  h=5m n=8 avg=-1.0080% med=-0.4464% long(wr=37.50% wr_net=37.50% exp_net=-1.4080%) short(wr=50.00% wr_net=50.00% exp_net=0.6080%)
  h=15m n=7 avg=-2.4766% med=-2.0173% long(wr=14.29% wr_net=14.29% exp_net=-2.8766%) short(wr=85.71% wr_net=71.43% exp_net=2.0766%)
  h=30m n=8 avg=-3.0057% med=-3.4499% long(wr=25.00% wr_net=12.50% exp_net=-3.4057%) short(wr=75.00% wr_net=75.00% exp_net=2.6057%)
  h=60m n=7 avg=-1.1127% med=-4.4067% long(wr=42.86% wr_net=42.86% exp_net=-1.5127%) short(wr=57.14% wr_net=57.14% exp_net=0.7127%)
 11:35:
  h=1m n=9 avg=-0.0798% med=-0.3687% long(wr=22.22% wr_net=22.22% exp_net=-0.4798%) short(wr=77.78% wr_net=44.44% exp_net=-0.3202%)
  h=3m n=9 avg=-0.5807% med=-0.6320% long(wr=33.33% wr_net=22.22% exp_net=-0.9807%) short(wr=55.56% wr_net=55.56% exp_net=0.1807%)
  h=5m n=9 avg=-1.8595% med=-1.6269% long(wr=22.22% wr_net=22.22% exp_net=-2.2595%) short(wr=66.67% wr_net=55.56% exp_net=1.4595%)
  h=15m n=8 avg=-3.0083% med=-3.1571% long(wr=25.00% wr_net=25.00% exp_net=-3.4083%) short(wr=75.00% wr_net=75.00% exp_net=2.6083%)
  h=30m n=9 avg=-3.8832% med=-3.3080% long(wr=22.22% wr_net=22.22% exp_net=-4.2832%) short(wr=77.78% wr_net=66.67% exp_net=3.4832%)
  h=60m n=9 avg=-3.0810% med=-3.9378% long(wr=33.33% wr_net=33.33% exp_net=-3.4810%) short(wr=66.67% wr_net=66.67% exp_net=2.6810%)
 11:36:
  h=1m n=8 avg=-0.7218% med=-0.2728% long(wr=50.00% wr_net=37.50% exp_net=-1.1218%) short(wr=50.00% wr_net=50.00% exp_net=0.3218%)
  h=3m n=8 avg=-1.4278% med=-1.5399% long(wr=25.00% wr_net=25.00% exp_net=-1.8278%) short(wr=75.00% wr_net=75.00% exp_net=1.0278%)
  h=5m n=8 avg=-2.6077% med=-1.2975% long(wr=37.50% wr_net=37.50% exp_net=-3.0077%) short(wr=62.50% wr_net=62.50% exp_net=2.2077%)
  h=15m n=7 avg=-1.3189% med=-1.7198% long(wr=42.86% wr_net=28.57% exp_net=-1.7189%) short(wr=57.14% wr_net=57.14% exp_net=0.9189%)
  h=30m n=8 avg=-2.3669% med=-2.5315% long(wr=37.50% wr_net=37.50% exp_net=-2.7669%) short(wr=62.50% wr_net=62.50% exp_net=1.9669%)
  h=60m n=8 avg=-2.5478% med=-2.5682% long(wr=25.00% wr_net=25.00% exp_net=-2.9478%) short(wr=62.50% wr_net=62.50% exp_net=2.1478%)
 11:37:
  h=1m n=9 avg=0.4486% med=-0.1015% long(wr=44.44% wr_net=11.11% exp_net=0.0486%) short(wr=55.56% wr_net=44.44% exp_net=-0.8486%)
  h=3m n=8 avg=-1.4510% med=-1.1587% long(wr=0.00% wr_net=0.00% exp_net=-1.8510%) short(wr=75.00% wr_net=75.00% exp_net=1.0510%)
  h=5m n=8 avg=-1.3859% med=-1.5493% long(wr=12.50% wr_net=0.00% exp_net=-1.7859%) short(wr=87.50% wr_net=87.50% exp_net=0.9859%)
  h=15m n=9 avg=-3.2330% med=-1.4721% long(wr=11.11% wr_net=11.11% exp_net=-3.6330%) short(wr=77.78% wr_net=77.78% exp_net=2.8330%)
  h=30m n=7 avg=-0.9802% med=-2.2335% long(wr=28.57% wr_net=28.57% exp_net=-1.3802%) short(wr=71.43% wr_net=71.43% exp_net=0.5802%)
  h=60m n=8 avg=-3.1485% med=-3.5839% long(wr=25.00% wr_net=25.00% exp_net=-3.5485%) short(wr=75.00% wr_net=75.00% exp_net=2.7485%)
 11:38:
  h=1m n=10 avg=-0.2039% med=0.0845% long(wr=50.00% wr_net=40.00% exp_net=-0.6039%) short(wr=40.00% wr_net=40.00% exp_net=-0.1961%)
  h=3m n=10 avg=-0.5065% med=-0.8938% long(wr=40.00% wr_net=30.00% exp_net=-0.9065%) short(wr=60.00% wr_net=60.00% exp_net=0.1065%)
  h=5m n=11 avg=-1.4073% med=-1.5931% long(wr=18.18% wr_net=18.18% exp_net=-1.8073%) short(wr=72.73% wr_net=63.64% exp_net=1.0073%)
  h=15m n=10 avg=-0.9324% med=-1.1300% long(wr=40.00% wr_net=30.00% exp_net=-1.3324%) short(wr=60.00% wr_net=50.00% exp_net=0.5324%)
  h=30m n=10 avg=0.1836% med=-0.8638% long(wr=40.00% wr_net=40.00% exp_net=-0.2164%) short(wr=50.00% wr_net=50.00% exp_net=-0.5836%)
  h=60m n=10 avg=-2.9108% med=-3.4036% long(wr=30.00% wr_net=30.00% exp_net=-3.3108%) short(wr=70.00% wr_net=70.00% exp_net=2.5108%)
 11:39:
  h=1m n=9 avg=-0.2350% med=-0.4219% long(wr=33.33% wr_net=33.33% exp_net=-0.6350%) short(wr=66.67% wr_net=55.56% exp_net=-0.1650%)
  h=3m n=9 avg=-0.1710% med=0.0000% long(wr=33.33% wr_net=22.22% exp_net=-0.5710%) short(wr=44.44% wr_net=44.44% exp_net=-0.2290%)
  h=5m n=9 avg=-0.3757% med=-0.5907% long(wr=44.44% wr_net=33.33% exp_net=-0.7757%) short(wr=55.56% wr_net=55.56% exp_net=-0.0243%)
  h=15m n=9 avg=-3.0727% med=-2.2785% long(wr=22.22% wr_net=22.22% exp_net=-3.4727%) short(wr=77.78% wr_net=77.78% exp_net=2.6727%)
  h=30m n=8 avg=-1.0369% med=-1.8385% long(wr=25.00% wr_net=25.00% exp_net=-1.4369%) short(wr=62.50% wr_net=62.50% exp_net=0.6369%)
  h=60m n=8 avg=-1.8446% med=-2.9072% long(wr=37.50% wr_net=37.50% exp_net=-2.2446%) short(wr=62.50% wr_net=62.50% exp_net=1.4446%)
 11:40:
  h=1m n=8 avg=-0.0316% med=0.0258% long(wr=50.00% wr_net=37.50% exp_net=-0.4316%) short(wr=37.50% wr_net=25.00% exp_net=-0.3684%)
  h=3m n=8 avg=-0.5096% med=-0.2304% long(wr=25.00% wr_net=0.00% exp_net=-0.9096%) short(wr=62.50% wr_net=37.50% exp_net=0.1096%)
  h=5m n=8 avg=-0.8343% med=-0.6602% long(wr=25.00% wr_net=12.50% exp_net=-1.2343%) short(wr=75.00% wr_net=62.50% exp_net=0.4343%)
  h=15m n=8 avg=-2.8776% med=-1.8593% long(wr=25.00% wr_net=12.50% exp_net=-3.2776%) short(wr=75.00% wr_net=75.00% exp_net=2.4776%)
  h=30m n=7 avg=-0.9453% med=-1.2712% long(wr=42.86% wr_net=28.57% exp_net=-1.3453%) short(wr=57.14% wr_net=57.14% exp_net=0.5453%)
  h=60m n=8 avg=-1.1161% med=0.3779% long(wr=50.00% wr_net=50.00% exp_net=-1.5161%) short(wr=50.00% wr_net=50.00% exp_net=0.7161%)
 11:41:
  h=1m n=7 avg=0.0510% med=0.0000% long(wr=42.86% wr_net=28.57% exp_net=-0.3490%) short(wr=42.86% wr_net=28.57% exp_net=-0.4510%)
  h=3m n=7 avg=-0.2952% med=-0.0756% long(wr=28.57% wr_net=14.29% exp_net=-0.6952%) short(wr=71.43% wr_net=42.86% exp_net=-0.1048%)
  h=5m n=7 avg=-1.8735% med=-1.4993% long(wr=28.57% wr_net=14.29% exp_net=-2.2735%) short(wr=71.43% wr_net=71.43% exp_net=1.4735%)
  h=15m n=7 avg=-2.7560% med=-2.0990% long(wr=0.00% wr_net=0.00% exp_net=-3.1560%) short(wr=100.00% wr_net=71.43% exp_net=2.3560%)
  h=30m n=7 avg=-1.8290% med=-2.9189% long(wr=42.86% wr_net=42.86% exp_net=-2.2290%) short(wr=57.14% wr_net=57.14% exp_net=1.4290%)
  h=60m n=7 avg=-1.0375% med=-1.4956% long(wr=42.86% wr_net=42.86% exp_net=-1.4375%) short(wr=57.14% wr_net=57.14% exp_net=0.6375%)
 11:42:
  h=1m n=7 avg=-0.7003% med=-0.2680% long(wr=14.29% wr_net=14.29% exp_net=-1.1003%) short(wr=71.43% wr_net=42.86% exp_net=0.3003%)
  h=3m n=7 avg=-1.0100% med=-0.9784% long(wr=14.29% wr_net=14.29% exp_net=-1.4100%) short(wr=85.71% wr_net=71.43% exp_net=0.6100%)
  h=5m n=7 avg=-2.5969% med=-2.0424% long(wr=28.57% wr_net=14.29% exp_net=-2.9969%) short(wr=71.43% wr_net=71.43% exp_net=2.1969%)
  h=15m n=7 avg=-2.3366% med=-2.2523% long(wr=28.57% wr_net=28.57% exp_net=-2.7366%) short(wr=71.43% wr_net=71.43% exp_net=1.9366%)
  h=30m n=6 avg=-1.1320% med=-2.4894% long(wr=33.33% wr_net=33.33% exp_net=-1.5320%) short(wr=66.67% wr_net=66.67% exp_net=0.7320%)
  h=60m n=6 avg=-1.4274% med=-2.9539% long(wr=33.33% wr_net=33.33% exp_net=-1.8274%) short(wr=66.67% wr_net=66.67% exp_net=1.0274%)
 11:43:
  h=1m n=9 avg=-0.4479% med=0.0758% long(wr=55.56% wr_net=22.22% exp_net=-0.8479%) short(wr=33.33% wr_net=22.22% exp_net=0.0479%)
  h=3m n=9 avg=0.7168% med=-0.1245% long(wr=44.44% wr_net=33.33% exp_net=0.3168%) short(wr=55.56% wr_net=44.44% exp_net=-1.1168%)
  h=5m n=8 avg=0.2817% med=-0.4337% long(wr=37.50% wr_net=37.50% exp_net=-0.1183%) short(wr=62.50% wr_net=50.00% exp_net=-0.6817%)
  h=15m n=9 avg=0.9884% med=-0.9733% long(wr=44.44% wr_net=44.44% exp_net=0.5884%) short(wr=55.56% wr_net=55.56% exp_net=-1.3884%)
  h=30m n=8 avg=0.4349% med=-2.1778% long(wr=37.50% wr_net=37.50% exp_net=0.0349%) short(wr=62.50% wr_net=62.50% exp_net=-0.8349%)
  h=60m n=8 avg=-0.2433% med=-0.0747% long(wr=50.00% wr_net=50.00% exp_net=-0.6433%) short(wr=50.00% wr_net=50.00% exp_net=-0.1567%)
 11:44:
  h=1m n=8 avg=1.2262% med=-0.9467% long(wr=25.00% wr_net=25.00% exp_net=0.8262%) short(wr=75.00% wr_net=75.00% exp_net=-1.6262%)
  h=3m n=7 avg=-0.2583% med=-1.3473% long(wr=42.86% wr_net=28.57% exp_net=-0.6583%) short(wr=57.14% wr_net=57.14% exp_net=-0.1417%)
  h=5m n=7 avg=1.0492% med=-0.9288% long(wr=28.57% wr_net=28.57% exp_net=0.6492%) short(wr=71.43% wr_net=71.43% exp_net=-1.4492%)
  h=15m n=7 avg=2.3225% med=-0.6192% long(wr=28.57% wr_net=28.57% exp_net=1.9225%) short(wr=71.43% wr_net=71.43% exp_net=-2.7225%)
  h=30m n=7 avg=0.2700% med=-0.6227% long(wr=42.86% wr_net=42.86% exp_net=-0.1300%) short(wr=57.14% wr_net=57.14% exp_net=-0.6700%)
  h=60m n=5 avg=-3.1883% med=-2.3736% long(wr=20.00% wr_net=20.00% exp_net=-3.5883%) short(wr=80.00% wr_net=80.00% exp_net=2.7883%)
 11:45:
  h=1m n=9 avg=-1.2454% med=-0.5348% long(wr=44.44% wr_net=33.33% exp_net=-1.6454%) short(wr=55.56% wr_net=55.56% exp_net=0.8454%)
  h=3m n=8 avg=-1.3513% med=-0.8028% long(wr=37.50% wr_net=37.50% exp_net=-1.7513%) short(wr=62.50% wr_net=50.00% exp_net=0.9513%)
  h=5m n=8 avg=-2.8549% med=-2.0838% long(wr=25.00% wr_net=12.50% exp_net=-3.2549%) short(wr=62.50% wr_net=62.50% exp_net=2.4549%)
  h=15m n=9 avg=0.2015% med=-1.2610% long(wr=33.33% wr_net=33.33% exp_net=-0.1985%) short(wr=66.67% wr_net=55.56% exp_net=-0.6015%)
  h=30m n=8 avg=-0.4687% med=0.2826% long(wr=50.00% wr_net=50.00% exp_net=-0.8687%) short(wr=50.00% wr_net=50.00% exp_net=0.0687%)
  h=60m n=7 avg=-0.4590% med=-0.6305% long(wr=42.86% wr_net=42.86% exp_net=-0.8590%) short(wr=57.14% wr_net=57.14% exp_net=0.0590%)
 11:46:
  h=1m n=8 avg=-1.4909% med=-0.5151% long(wr=25.00% wr_net=12.50% exp_net=-1.8909%) short(wr=75.00% wr_net=50.00% exp_net=1.0909%)
  h=3m n=7 avg=-0.6894% med=-0.5922% long(wr=42.86% wr_net=42.86% exp_net=-1.0894%) short(wr=57.14% wr_net=57.14% exp_net=0.2894%)
  h=5m n=7 avg=-3.0329% med=-1.0277% long(wr=28.57% wr_net=28.57% exp_net=-3.4329%) short(wr=71.43% wr_net=71.43% exp_net=2.6329%)
  h=15m n=8 avg=3.4091% med=2.0264% long(wr=62.50% wr_net=62.50% exp_net=3.0091%) short(wr=37.50% wr_net=25.00% exp_net=-3.8091%)
  h=30m n=8 avg=-0.0520% med=-0.3117% long(wr=37.50% wr_net=37.50% exp_net=-0.4520%) short(wr=50.00% wr_net=50.00% exp_net=-0.3480%)
  h=60m n=7 avg=1.7861% med=1.8817% long(wr=57.14% wr_net=57.14% exp_net=1.3861%) short(wr=42.86% wr_net=42.86% exp_net=-2.1861%)
 11:47:
  h=1m n=6 avg=-0.1054% med=0.1029% long(wr=50.00% wr_net=33.33% exp_net=-0.5054%) short(wr=33.33% wr_net=16.67% exp_net=-0.2946%)
  h=3m n=6 avg=-0.4085% med=-0.0680% long(wr=50.00% wr_net=50.00% exp_net=-0.8085%) short(wr=50.00% wr_net=50.00% exp_net=0.0085%)
  h=5m n=7 avg=-1.0593% med=-0.1543% long(wr=42.86% wr_net=42.86% exp_net=-1.4593%) short(wr=57.14% wr_net=42.86% exp_net=0.6593%)
  h=15m n=7 avg=5.3699% med=2.0216% long(wr=71.43% wr_net=71.43% exp_net=4.9699%) short(wr=28.57% wr_net=28.57% exp_net=-5.7699%)
  h=30m n=7 avg=3.1741% med=1.0782% long(wr=71.43% wr_net=71.43% exp_net=2.7741%) short(wr=28.57% wr_net=28.57% exp_net=-3.5741%)
  h=60m n=5 avg=2.3709% med=2.1563% long(wr=80.00% wr_net=80.00% exp_net=1.9709%) short(wr=20.00% wr_net=20.00% exp_net=-2.7709%)
 11:48:
  h=1m n=8 avg=1.8016% med=0.0589% long(wr=50.00% wr_net=37.50% exp_net=1.4016%) short(wr=50.00% wr_net=37.50% exp_net=-2.2016%)
  h=3m n=7 avg=-3.6233% med=-3.0544% long(wr=28.57% wr_net=28.57% exp_net=-4.0233%) short(wr=71.43% wr_net=71.43% exp_net=3.2233%)
  h=5m n=6 avg=0.6651% med=-0.5443% long(wr=33.33% wr_net=33.33% exp_net=0.2651%) short(wr=66.67% wr_net=50.00% exp_net=-1.0651%)
  h=15m n=7 avg=5.4754% med=-0.1264% long(wr=42.86% wr_net=42.86% exp_net=5.0754%) short(wr=57.14% wr_net=28.57% exp_net=-5.8754%)
  h=30m n=7 avg=2.1049% med=-0.3949% long(wr=42.86% wr_net=42.86% exp_net=1.7049%) short(wr=57.14% wr_net=28.57% exp_net=-2.5049%)
  h=60m n=6 avg=0.4929% med=-0.1360% long(wr=50.00% wr_net=50.00% exp_net=0.0929%) short(wr=50.00% wr_net=50.00% exp_net=-0.8929%)
 11:49:
  h=1m n=8 avg=-1.9870% med=-0.1997% long(wr=37.50% wr_net=12.50% exp_net=-2.3870%) short(wr=50.00% wr_net=37.50% exp_net=1.5870%)
  h=3m n=7 avg=-1.7202% med=-0.7752% long(wr=28.57% wr_net=28.57% exp_net=-2.1202%) short(wr=71.43% wr_net=71.43% exp_net=1.3202%)
  h=5m n=9 avg=-3.4606% med=-0.6658% long(wr=22.22% wr_net=11.11% exp_net=-3.8606%) short(wr=77.78% wr_net=55.56% exp_net=3.0606%)
  h=15m n=9 avg=1.0333% med=0.4777% long(wr=66.67% wr_net=55.56% exp_net=0.6333%) short(wr=33.33% wr_net=22.22% exp_net=-1.4333%)
  h=30m n=8 avg=0.1546% med=1.2959% long(wr=62.50% wr_net=50.00% exp_net=-0.2454%) short(wr=37.50% wr_net=37.50% exp_net=-0.5546%)
  h=60m n=8 avg=1.8998% med=3.1530% long(wr=62.50% wr_net=62.50% exp_net=1.4998%) short(wr=37.50% wr_net=37.50% exp_net=-2.2998%)
 11:50:
  h=1m n=8 avg=-1.1912% med=-0.2534% long(wr=25.00% wr_net=25.00% exp_net=-1.5912%) short(wr=50.00% wr_net=50.00% exp_net=0.7912%)
  h=3m n=8 avg=2.0008% med=-0.1308% long(wr=50.00% wr_net=25.00% exp_net=1.6008%) short(wr=50.00% wr_net=37.50% exp_net=-2.4008%)
  h=5m n=8 avg=0.7772% med=-0.5068% long(wr=37.50% wr_net=37.50% exp_net=0.3772%) short(wr=50.00% wr_net=50.00% exp_net=-1.1772%)
  h=15m n=8 avg=2.5059% med=0.7814% long(wr=62.50% wr_net=50.00% exp_net=2.1059%) short(wr=37.50% wr_net=25.00% exp_net=-2.9059%)
  h=30m n=8 avg=0.7430% med=0.8114% long(wr=50.00% wr_net=50.00% exp_net=0.3430%) short(wr=50.00% wr_net=50.00% exp_net=-1.1430%)
  h=60m n=8 avg=-1.9872% med=0.0824% long(wr=50.00% wr_net=50.00% exp_net=-2.3872%) short(wr=50.00% wr_net=50.00% exp_net=1.5872%)
 11:51:
  h=1m n=6 avg=2.5665% med=0.9374% long(wr=83.33% wr_net=83.33% exp_net=2.1665%) short(wr=16.67% wr_net=16.67% exp_net=-2.9665%)
  h=3m n=6 avg=4.0825% med=0.9920% long(wr=50.00% wr_net=50.00% exp_net=3.6825%) short(wr=50.00% wr_net=16.67% exp_net=-4.4825%)
  h=5m n=6 avg=2.1866% med=0.1448% long(wr=66.67% wr_net=16.67% exp_net=1.7866%) short(wr=33.33% wr_net=33.33% exp_net=-2.5866%)
  h=15m n=6 avg=4.5529% med=0.9777% long(wr=66.67% wr_net=50.00% exp_net=4.1529%) short(wr=33.33% wr_net=33.33% exp_net=-4.9529%)
  h=30m n=6 avg=2.5681% med=1.8140% long(wr=50.00% wr_net=50.00% exp_net=2.1681%) short(wr=50.00% wr_net=33.33% exp_net=-2.9681%)
  h=60m n=6 avg=-1.5456% med=1.0539% long(wr=50.00% wr_net=50.00% exp_net=-1.9456%) short(wr=50.00% wr_net=50.00% exp_net=1.1456%)
 11:52:
  h=1m n=7 avg=2.5512% med=0.2946% long(wr=57.14% wr_net=42.86% exp_net=2.1512%) short(wr=42.86% wr_net=42.86% exp_net=-2.9512%)
  h=3m n=7 avg=1.5777% med=-0.0515% long(wr=42.86% wr_net=42.86% exp_net=1.1777%) short(wr=57.14% wr_net=28.57% exp_net=-1.9777%)
  h=5m n=7 avg=1.2386% med=-0.5667% long(wr=42.86% wr_net=42.86% exp_net=0.8386%) short(wr=57.14% wr_net=57.14% exp_net=-1.6386%)
  h=15m n=7 avg=1.0413% med=-0.7502% long(wr=42.86% wr_net=42.86% exp_net=0.6413%) short(wr=57.14% wr_net=57.14% exp_net=-1.4413%)
  h=30m n=7 avg=0.4919% med=2.4390% long(wr=57.14% wr_net=57.14% exp_net=0.0919%) short(wr=42.86% wr_net=42.86% exp_net=-0.8919%)
  h=60m n=7 avg=-4.1111% med=2.3757% long(wr=57.14% wr_net=57.14% exp_net=-4.5111%) short(wr=42.86% wr_net=42.86% exp_net=3.7111%)
 11:53:
  h=1m n=7 avg=-0.7106% med=-0.5333% long(wr=28.57% wr_net=28.57% exp_net=-1.1106%) short(wr=71.43% wr_net=57.14% exp_net=0.3106%)
  h=3m n=7 avg=-1.6709% med=-0.7660% long(wr=42.86% wr_net=28.57% exp_net=-2.0709%) short(wr=57.14% wr_net=57.14% exp_net=1.2709%)
  h=5m n=7 avg=-0.3432% med=0.2358% long(wr=57.14% wr_net=42.86% exp_net=-0.7432%) short(wr=42.86% wr_net=42.86% exp_net=-0.0568%)
  h=15m n=7 avg=-0.8797% med=0.3633% long(wr=57.14% wr_net=42.86% exp_net=-1.2797%) short(wr=42.86% wr_net=42.86% exp_net=0.4797%)
  h=30m n=7 avg=-2.8912% med=-0.1572% long(wr=42.86% wr_net=28.57% exp_net=-3.2912%) short(wr=57.14% wr_net=42.86% exp_net=2.4912%)
  h=60m n=7 avg=-5.0770% med=-1.5049% long(wr=42.86% wr_net=42.86% exp_net=-5.4770%) short(wr=57.14% wr_net=57.14% exp_net=4.6770%)
 11:54:
  h=1m n=6 avg=-0.2273% med=-0.4787% long(wr=50.00% wr_net=33.33% exp_net=-0.6273%) short(wr=50.00% wr_net=50.00% exp_net=-0.1727%)
  h=3m n=6 avg=-0.6060% med=-0.6632% long(wr=50.00% wr_net=50.00% exp_net=-1.0060%) short(wr=50.00% wr_net=50.00% exp_net=0.2060%)
  h=5m n=6 avg=-0.1517% med=0.4608% long(wr=66.67% wr_net=50.00% exp_net=-0.5517%) short(wr=33.33% wr_net=33.33% exp_net=-0.2483%)
  h=15m n=6 avg=0.3524% med=1.5039% long(wr=66.67% wr_net=66.67% exp_net=-0.0476%) short(wr=33.33% wr_net=33.33% exp_net=-0.7524%)
  h=30m n=6 avg=-2.4262% med=0.2612% long(wr=66.67% wr_net=33.33% exp_net=-2.8262%) short(wr=33.33% wr_net=16.67% exp_net=2.0262%)
  h=60m n=6 avg=-7.3901% med=-2.6551% long(wr=33.33% wr_net=33.33% exp_net=-7.7901%) short(wr=66.67% wr_net=66.67% exp_net=6.9901%)
 11:55:
  h=1m n=7 avg=0.9131% med=-0.4124% long(wr=42.86% wr_net=28.57% exp_net=0.5131%) short(wr=57.14% wr_net=57.14% exp_net=-1.3131%)
  h=3m n=7 avg=1.6143% med=1.3587% long(wr=71.43% wr_net=57.14% exp_net=1.2143%) short(wr=28.57% wr_net=28.57% exp_net=-2.0143%)
  h=5m n=7 avg=1.2174% med=0.0000% long(wr=42.86% wr_net=28.57% exp_net=0.8174%) short(wr=42.86% wr_net=28.57% exp_net=-1.6174%)
  h=15m n=7 avg=0.0099% med=0.1031% long(wr=57.14% wr_net=42.86% exp_net=-0.3901%) short(wr=42.86% wr_net=42.86% exp_net=-0.4099%)
  h=30m n=6 avg=-5.0657% med=-1.9650% long(wr=33.33% wr_net=33.33% exp_net=-5.4657%) short(wr=66.67% wr_net=50.00% exp_net=4.6657%)
  h=60m n=7 avg=-9.4655% med=-6.4068% long(wr=28.57% wr_net=28.57% exp_net=-9.8655%) short(wr=71.43% wr_net=71.43% exp_net=9.0655%)
 11:56:
  h=1m n=7 avg=-0.4242% med=-0.1035% long(wr=42.86% wr_net=28.57% exp_net=-0.8242%) short(wr=57.14% wr_net=42.86% exp_net=0.0242%)
  h=3m n=7 avg=0.2395% med=0.6614% long(wr=57.14% wr_net=57.14% exp_net=-0.1605%) short(wr=42.86% wr_net=28.57% exp_net=-0.6395%)
  h=5m n=7 avg=2.4276% med=1.5048% long(wr=57.14% wr_net=57.14% exp_net=2.0276%) short(wr=42.86% wr_net=42.86% exp_net=-2.8276%)
  h=15m n=7 avg=-1.3251% med=0.8282% long(wr=71.43% wr_net=71.43% exp_net=-1.7251%) short(wr=28.57% wr_net=28.57% exp_net=0.9251%)
  h=30m n=7 avg=-4.0146% med=-0.1035% long(wr=42.86% wr_net=42.86% exp_net=-4.4146%) short(wr=57.14% wr_net=42.86% exp_net=3.6146%)
  h=60m n=5 avg=-6.3163% med=-1.6563% long(wr=40.00% wr_net=40.00% exp_net=-6.7163%) short(wr=60.00% wr_net=60.00% exp_net=5.9163%)
 11:57:
  h=1m n=8 avg=0.7539% med=0.7779% long(wr=62.50% wr_net=62.50% exp_net=0.3539%) short(wr=37.50% wr_net=37.50% exp_net=-1.1539%)
  h=3m n=8 avg=1.2561% med=1.1193% long(wr=62.50% wr_net=62.50% exp_net=0.8561%) short(wr=37.50% wr_net=37.50% exp_net=-1.6561%)
  h=5m n=8 avg=1.7426% med=1.4558% long(wr=50.00% wr_net=50.00% exp_net=1.3426%) short(wr=50.00% wr_net=37.50% exp_net=-2.1426%)
  h=15m n=8 avg=-1.7946% med=-1.5954% long(wr=37.50% wr_net=37.50% exp_net=-2.1946%) short(wr=62.50% wr_net=50.00% exp_net=1.3946%)
  h=30m n=7 avg=-3.7382% med=-0.2981% long(wr=28.57% wr_net=28.57% exp_net=-4.1382%) short(wr=71.43% wr_net=42.86% exp_net=3.3382%)
  h=60m n=7 avg=-5.9234% med=-1.7617% long(wr=42.86% wr_net=42.86% exp_net=-6.3234%) short(wr=57.14% wr_net=57.14% exp_net=5.5234%)
 11:58:
  h=1m n=7 avg=-0.4099% med=-0.2353% long(wr=42.86% wr_net=0.00% exp_net=-0.8099%) short(wr=57.14% wr_net=42.86% exp_net=0.0099%)
  h=3m n=7 avg=1.6931% med=0.3235% long(wr=57.14% wr_net=42.86% exp_net=1.2931%) short(wr=42.86% wr_net=42.86% exp_net=-2.0931%)
  h=5m n=7 avg=1.1224% med=0.8043% long(wr=57.14% wr_net=57.14% exp_net=0.7224%) short(wr=42.86% wr_net=42.86% exp_net=-1.5224%)
  h=15m n=7 avg=-2.6659% med=-0.8351% long(wr=42.86% wr_net=28.57% exp_net=-3.0659%) short(wr=57.14% wr_net=57.14% exp_net=2.2659%)
  h=30m n=7 avg=-4.9561% med=-1.4851% long(wr=28.57% wr_net=28.57% exp_net=-5.3561%) short(wr=71.43% wr_net=71.43% exp_net=4.5561%)
  h=60m n=7 avg=-8.1604% med=-2.3148% long(wr=42.86% wr_net=42.86% exp_net=-8.5604%) short(wr=57.14% wr_net=57.14% exp_net=7.7604%)
 11:59:
  h=1m n=8 avg=0.7830% med=1.2220% long(wr=62.50% wr_net=50.00% exp_net=0.3830%) short(wr=37.50% wr_net=25.00% exp_net=-1.1830%)
  h=3m n=8 avg=1.2830% med=1.1623% long(wr=62.50% wr_net=50.00% exp_net=0.8830%) short(wr=37.50% wr_net=25.00% exp_net=-1.6830%)
  h=5m n=8 avg=0.5161% med=1.3075% long(wr=75.00% wr_net=62.50% exp_net=0.1161%) short(wr=25.00% wr_net=25.00% exp_net=-0.9161%)
  h=15m n=8 avg=-2.6932% med=-0.8474% long(wr=37.50% wr_net=37.50% exp_net=-3.0932%) short(wr=62.50% wr_net=62.50% exp_net=2.2932%)
  h=30m n=8 avg=-3.6054% med=0.3187% long(wr=50.00% wr_net=50.00% exp_net=-4.0054%) short(wr=50.00% wr_net=50.00% exp_net=3.2054%)
  h=60m n=7 avg=-2.3069% med=-1.5576% long(wr=42.86% wr_net=42.86% exp_net=-2.7069%) short(wr=57.14% wr_net=57.14% exp_net=1.9069%)
 12:00:
  h=1m n=7 avg=1.1392% med=0.5420% long(wr=71.43% wr_net=57.14% exp_net=0.7392%) short(wr=14.29% wr_net=14.29% exp_net=-1.5392%)
  h=3m n=7 avg=0.3021% med=0.8940% long(wr=57.14% wr_net=57.14% exp_net=-0.0979%) short(wr=42.86% wr_net=42.86% exp_net=-0.7021%)
  h=5m n=7 avg=-3.3812% med=-2.4814% long(wr=14.29% wr_net=14.29% exp_net=-3.7812%) short(wr=85.71% wr_net=71.43% exp_net=2.9812%)
  h=15m n=7 avg=-4.6163% med=-4.3838% long(wr=28.57% wr_net=28.57% exp_net=-5.0163%) short(wr=71.43% wr_net=71.43% exp_net=4.2163%)
  h=30m n=7 avg=-5.7491% med=-3.4190% long(wr=14.29% wr_net=14.29% exp_net=-6.1491%) short(wr=85.71% wr_net=85.71% exp_net=5.3491%)
  h=60m n=6 avg=-1.8030% med=-0.5815% long(wr=50.00% wr_net=50.00% exp_net=-2.2030%) short(wr=50.00% wr_net=50.00% exp_net=1.4030%)
 12:01:
  h=1m n=8 avg=-0.6511% med=-0.6507% long(wr=25.00% wr_net=25.00% exp_net=-1.0511%) short(wr=75.00% wr_net=50.00% exp_net=0.2511%)
  h=3m n=8 avg=-1.8035% med=-1.5548% long(wr=25.00% wr_net=12.50% exp_net=-2.2035%) short(wr=75.00% wr_net=62.50% exp_net=1.4035%)
  h=5m n=8 avg=-3.6071% med=-2.7483% long(wr=0.00% wr_net=0.00% exp_net=-4.0071%) short(wr=87.50% wr_net=87.50% exp_net=3.2071%)
  h=15m n=8 avg=-4.7886% med=-3.1940% long(wr=25.00% wr_net=12.50% exp_net=-5.1886%) short(wr=75.00% wr_net=75.00% exp_net=4.3886%)
  h=30m n=8 avg=-5.3541% med=-1.9193% long(wr=25.00% wr_net=25.00% exp_net=-5.7541%) short(wr=75.00% wr_net=75.00% exp_net=4.9541%)
  h=60m n=7 avg=-4.7163% med=0.0000% long(wr=42.86% wr_net=42.86% exp_net=-5.1163%) short(wr=42.86% wr_net=42.86% exp_net=4.3163%)
 12:02:
  h=1m n=8 avg=-0.1733% med=-0.3303% long(wr=37.50% wr_net=25.00% exp_net=-0.5733%) short(wr=50.00% wr_net=50.00% exp_net=-0.2267%)
  h=3m n=8 avg=-3.2814% med=-2.4876% long(wr=12.50% wr_net=12.50% exp_net=-3.6814%) short(wr=87.50% wr_net=87.50% exp_net=2.8814%)
  h=5m n=8 avg=-3.3669% med=-3.4166% long(wr=12.50% wr_net=12.50% exp_net=-3.7669%) short(wr=87.50% wr_net=62.50% exp_net=2.9669%)
  h=15m n=8 avg=-3.6595% med=-3.3242% long(wr=12.50% wr_net=0.00% exp_net=-4.0595%) short(wr=87.50% wr_net=75.00% exp_net=3.2595%)
  h=30m n=8 avg=-4.7249% med=-1.8934% long(wr=37.50% wr_net=25.00% exp_net=-5.1249%) short(wr=62.50% wr_net=62.50% exp_net=4.3249%)
  h=60m n=6 avg=-6.2692% med=0.6922% long(wr=50.00% wr_net=50.00% exp_net=-6.6692%) short(wr=50.00% wr_net=50.00% exp_net=5.8692%)
 12:03:
  h=1m n=9 avg=-0.9373% med=-0.6297% long(wr=11.11% wr_net=11.11% exp_net=-1.3373%) short(wr=77.78% wr_net=55.56% exp_net=0.5373%)
  h=3m n=9 avg=-2.2386% med=-1.5417% long(wr=22.22% wr_net=11.11% exp_net=-2.6386%) short(wr=77.78% wr_net=77.78% exp_net=1.8386%)
  h=5m n=9 avg=-2.3392% med=-1.8220% long(wr=33.33% wr_net=22.22% exp_net=-2.7392%) short(wr=66.67% wr_net=66.67% exp_net=1.9392%)
  h=15m n=9 avg=-2.4774% med=-0.2660% long(wr=44.44% wr_net=44.44% exp_net=-2.8774%) short(wr=55.56% wr_net=44.44% exp_net=2.0774%)
  h=30m n=9 avg=-3.9535% med=-1.5190% long(wr=33.33% wr_net=33.33% exp_net=-4.3535%) short(wr=66.67% wr_net=55.56% exp_net=3.5535%)
  h=60m n=9 avg=-7.3182% med=-3.9151% long(wr=33.33% wr_net=33.33% exp_net=-7.7182%) short(wr=66.67% wr_net=66.67% exp_net=6.9182%)
 12:04:
  h=1m n=10 avg=-1.2121% med=-0.2884% long(wr=40.00% wr_net=10.00% exp_net=-1.6121%) short(wr=60.00% wr_net=40.00% exp_net=0.8121%)
  h=3m n=10 avg=-1.0349% med=-0.1829% long(wr=40.00% wr_net=20.00% exp_net=-1.4349%) short(wr=60.00% wr_net=40.00% exp_net=0.6349%)
  h=5m n=10 avg=-0.0583% med=0.7008% long(wr=70.00% wr_net=60.00% exp_net=-0.4583%) short(wr=30.00% wr_net=30.00% exp_net=-0.3417%)
  h=15m n=10 avg=0.0397% med=0.7383% long(wr=60.00% wr_net=50.00% exp_net=-0.3603%) short(wr=40.00% wr_net=40.00% exp_net=-0.4397%)
  h=30m n=10 avg=-0.5364% med=0.5404% long(wr=60.00% wr_net=60.00% exp_net=-0.9364%) short(wr=30.00% wr_net=30.00% exp_net=0.1364%)
  h=60m n=10 avg=-3.5318% med=-1.0152% long(wr=50.00% wr_net=40.00% exp_net=-3.9318%) short(wr=50.00% wr_net=50.00% exp_net=3.1318%)
 12:05:
  h=1m n=9 avg=1.1283% med=0.5736% long(wr=66.67% wr_net=55.56% exp_net=0.7283%) short(wr=33.33% wr_net=33.33% exp_net=-1.5283%)
  h=3m n=9 avg=-0.7949% med=0.1582% long(wr=66.67% wr_net=33.33% exp_net=-1.1949%) short(wr=33.33% wr_net=33.33% exp_net=0.3949%)
  h=5m n=9 avg=0.8613% med=0.2667% long(wr=55.56% wr_net=44.44% exp_net=0.4613%) short(wr=44.44% wr_net=44.44% exp_net=-1.2613%)
  h=15m n=9 avg=-0.6349% med=0.5031% long(wr=66.67% wr_net=55.56% exp_net=-1.0349%) short(wr=33.33% wr_net=33.33% exp_net=0.2349%)
  h=30m n=9 avg=-0.9059% med=0.8000% long(wr=55.56% wr_net=55.56% exp_net=-1.3059%) short(wr=44.44% wr_net=44.44% exp_net=0.5059%)
  h=60m n=9 avg=-1.4216% med=4.1429% long(wr=66.67% wr_net=66.67% exp_net=-1.8216%) short(wr=33.33% wr_net=33.33% exp_net=1.0216%)
 12:06:
  h=1m n=10 avg=-1.1887% med=-0.2503% long(wr=30.00% wr_net=20.00% exp_net=-1.5887%) short(wr=70.00% wr_net=40.00% exp_net=0.7887%)
  h=3m n=10 avg=-0.9971% med=0.3819% long(wr=50.00% wr_net=50.00% exp_net=-1.3971%) short(wr=50.00% wr_net=40.00% exp_net=0.5971%)
  h=5m n=10 avg=-1.3971% med=-0.2218% long(wr=40.00% wr_net=40.00% exp_net=-1.7971%) short(wr=60.00% wr_net=40.00% exp_net=0.9971%)
  h=15m n=10 avg=-1.1519% med=-0.2191% long(wr=50.00% wr_net=30.00% exp_net=-1.5519%) short(wr=50.00% wr_net=50.00% exp_net=0.7519%)
  h=30m n=10 avg=-1.6873% med=0.4912% long(wr=50.00% wr_net=50.00% exp_net=-2.0873%) short(wr=50.00% wr_net=50.00% exp_net=1.2873%)
  h=60m n=9 avg=2.8523% med=2.0641% long(wr=55.56% wr_net=55.56% exp_net=2.4523%) short(wr=44.44% wr_net=44.44% exp_net=-3.2523%)
 12:07:
  h=1m n=10 avg=0.3906% med=0.2103% long(wr=60.00% wr_net=30.00% exp_net=-0.0094%) short(wr=40.00% wr_net=0.00% exp_net=-0.7906%)
  h=3m n=10 avg=1.2013% med=0.8055% long(wr=70.00% wr_net=70.00% exp_net=0.8013%) short(wr=30.00% wr_net=10.00% exp_net=-1.6013%)
  h=5m n=10 avg=-0.1321% med=-0.0143% long(wr=50.00% wr_net=40.00% exp_net=-0.5321%) short(wr=50.00% wr_net=40.00% exp_net=-0.2679%)
  h=15m n=10 avg=0.8419% med=0.5769% long(wr=70.00% wr_net=60.00% exp_net=0.4419%) short(wr=30.00% wr_net=20.00% exp_net=-1.2419%)
  h=30m n=10 avg=-0.2355% med=-0.1644% long(wr=40.00% wr_net=40.00% exp_net=-0.6355%) short(wr=50.00% wr_net=40.00% exp_net=-0.1645%)
  h=60m n=9 avg=2.2580% med=-0.8537% long(wr=44.44% wr_net=44.44% exp_net=1.8580%) short(wr=55.56% wr_net=55.56% exp_net=-2.6580%)
 12:08:
  h=1m n=10 avg=0.6022% med=0.2534% long(wr=70.00% wr_net=40.00% exp_net=0.2022%) short(wr=30.00% wr_net=20.00% exp_net=-1.0022%)
  h=3m n=10 avg=-0.2184% med=0.1977% long(wr=60.00% wr_net=30.00% exp_net=-0.6184%) short(wr=30.00% wr_net=30.00% exp_net=-0.1816%)
  h=5m n=10 avg=-0.3456% med=-0.3235% long(wr=30.00% wr_net=30.00% exp_net=-0.7456%) short(wr=70.00% wr_net=40.00% exp_net=-0.0544%)
  h=15m n=10 avg=-0.4245% med=0.4232% long(wr=60.00% wr_net=50.00% exp_net=-0.8245%) short(wr=40.00% wr_net=30.00% exp_net=0.0245%)
  h=30m n=9 avg=-0.6995% med=-0.2653% long(wr=44.44% wr_net=44.44% exp_net=-1.0995%) short(wr=55.56% wr_net=44.44% exp_net=0.2995%)
  h=60m n=9 avg=2.6156% med=-1.4581% long(wr=44.44% wr_net=44.44% exp_net=2.2156%) short(wr=55.56% wr_net=55.56% exp_net=-3.0156%)
 12:09:
  h=1m n=9 avg=-0.3069% med=-0.6141% long(wr=44.44% wr_net=33.33% exp_net=-0.7069%) short(wr=55.56% wr_net=55.56% exp_net=-0.0931%)
  h=3m n=9 avg=-1.6046% med=-1.3306% long(wr=22.22% wr_net=11.11% exp_net=-2.0046%) short(wr=77.78% wr_net=77.78% exp_net=1.2046%)
  h=5m n=9 avg=-1.8127% med=-0.5249% long(wr=44.44% wr_net=33.33% exp_net=-2.2127%) short(wr=55.56% wr_net=55.56% exp_net=1.4127%)
  h=15m n=9 avg=-1.2031% med=-1.0499% long(wr=44.44% wr_net=33.33% exp_net=-1.6031%) short(wr=55.56% wr_net=55.56% exp_net=0.8031%)
  h=30m n=9 avg=-3.0612% med=-1.3122% long(wr=33.33% wr_net=33.33% exp_net=-3.4612%) short(wr=66.67% wr_net=66.67% exp_net=2.6612%)
  h=60m n=7 avg=2.7334% med=-1.6402% long(wr=42.86% wr_net=42.86% exp_net=2.3334%) short(wr=57.14% wr_net=57.14% exp_net=-3.1334%)
 12:10:
  h=1m n=10 avg=-1.0292% med=-0.2242% long(wr=40.00% wr_net=20.00% exp_net=-1.4292%) short(wr=60.00% wr_net=40.00% exp_net=0.6292%)
  h=3m n=10 avg=-1.1888% med=-0.4789% long(wr=30.00% wr_net=10.00% exp_net=-1.5888%) short(wr=60.00% wr_net=50.00% exp_net=0.7888%)
  h=5m n=10 avg=-1.4369% med=-0.5788% long(wr=40.00% wr_net=40.00% exp_net=-1.8369%) short(wr=60.00% wr_net=50.00% exp_net=1.0369%)
  h=15m n=8 avg=-0.8519% med=0.0300% long(wr=50.00% wr_net=37.50% exp_net=-1.2519%) short(wr=50.00% wr_net=25.00% exp_net=0.4519%)
  h=30m n=10 avg=-2.8352% med=-0.2705% long(wr=50.00% wr_net=50.00% exp_net=-3.2352%) short(wr=50.00% wr_net=50.00% exp_net=2.4352%)
  h=60m n=8 avg=2.9127% med=0.3498% long(wr=50.00% wr_net=50.00% exp_net=2.5127%) short(wr=50.00% wr_net=50.00% exp_net=-3.3127%)
 12:11:
  h=1m n=11 avg=-0.2242% med=0.1092% long(wr=54.55% wr_net=36.36% exp_net=-0.6242%) short(wr=45.45% wr_net=27.27% exp_net=-0.1758%)
  h=3m n=11 avg=-0.4881% med=0.5714% long(wr=63.64% wr_net=54.55% exp_net=-0.8881%) short(wr=36.36% wr_net=27.27% exp_net=0.0881%)
  h=5m n=11 avg=-0.0808% med=-0.2553% long(wr=45.45% wr_net=45.45% exp_net=-0.4808%) short(wr=54.55% wr_net=27.27% exp_net=-0.3192%)
  h=15m n=11 avg=0.3707% med=0.1321% long(wr=54.55% wr_net=45.45% exp_net=-0.0293%) short(wr=45.45% wr_net=45.45% exp_net=-0.7707%)
  h=30m n=10 avg=2.0067% med=1.2385% long(wr=70.00% wr_net=60.00% exp_net=1.6067%) short(wr=20.00% wr_net=20.00% exp_net=-2.4067%)
  h=60m n=9 avg=4.2780% med=4.2810% long(wr=66.67% wr_net=66.67% exp_net=3.8780%) short(wr=33.33% wr_net=33.33% exp_net=-4.6780%)
 12:12:
  h=1m n=10 avg=0.2019% med=-0.2924% long(wr=40.00% wr_net=40.00% exp_net=-0.1981%) short(wr=60.00% wr_net=40.00% exp_net=-0.6019%)
  h=3m n=10 avg=-0.2934% med=0.2069% long(wr=60.00% wr_net=10.00% exp_net=-0.6934%) short(wr=30.00% wr_net=30.00% exp_net=-0.1066%)
  h=5m n=10 avg=0.8201% med=-0.2383% long(wr=40.00% wr_net=40.00% exp_net=0.4201%) short(wr=60.00% wr_net=30.00% exp_net=-1.2201%)
  h=15m n=9 avg=1.8127% med=0.5456% long(wr=66.67% wr_net=55.56% exp_net=1.4127%) short(wr=22.22% wr_net=22.22% exp_net=-2.2127%)
  h=30m n=9 avg=1.7764% med=0.3979% long(wr=55.56% wr_net=44.44% exp_net=1.3764%) short(wr=44.44% wr_net=44.44% exp_net=-2.1764%)
  h=60m n=9 avg=3.8029% med=1.7607% long(wr=55.56% wr_net=55.56% exp_net=3.4029%) short(wr=44.44% wr_net=44.44% exp_net=-4.2029%)
 12:13:
  h=1m n=10 avg=-0.2148% med=0.1797% long(wr=60.00% wr_net=40.00% exp_net=-0.6148%) short(wr=40.00% wr_net=40.00% exp_net=-0.1852%)
  h=3m n=9 avg=0.0710% med=0.0000% long(wr=44.44% wr_net=33.33% exp_net=-0.3290%) short(wr=44.44% wr_net=33.33% exp_net=-0.4710%)
  h=5m n=9 avg=1.1089% med=0.1422% long(wr=55.56% wr_net=44.44% exp_net=0.7089%) short(wr=44.44% wr_net=33.33% exp_net=-1.5089%)
  h=15m n=9 avg=0.9240% med=0.0543% long(wr=55.56% wr_net=44.44% exp_net=0.5240%) short(wr=44.44% wr_net=44.44% exp_net=-1.3240%)
  h=30m n=8 avg=1.5863% med=1.3802% long(wr=75.00% wr_net=62.50% exp_net=1.1863%) short(wr=25.00% wr_net=12.50% exp_net=-1.9863%)
  h=60m n=8 avg=3.3000% med=1.8145% long(wr=62.50% wr_net=62.50% exp_net=2.9000%) short(wr=37.50% wr_net=37.50% exp_net=-3.7000%)
 12:14:
  h=1m n=10 avg=0.0838% med=-0.1249% long(wr=30.00% wr_net=30.00% exp_net=-0.3162%) short(wr=60.00% wr_net=30.00% exp_net=-0.4838%)
  h=3m n=10 avg=0.0376% med=0.1083% long(wr=50.00% wr_net=30.00% exp_net=-0.3624%) short(wr=40.00% wr_net=30.00% exp_net=-0.4376%)
  h=5m n=11 avg=1.4351% med=0.5682% long(wr=72.73% wr_net=54.55% exp_net=1.0351%) short(wr=27.27% wr_net=27.27% exp_net=-1.8351%)
  h=15m n=10 avg=1.1336% med=0.5917% long(wr=50.00% wr_net=50.00% exp_net=0.7336%) short(wr=50.00% wr_net=50.00% exp_net=-1.5336%)
  h=30m n=9 avg=2.3802% med=0.4512% long(wr=55.56% wr_net=55.56% exp_net=1.9802%) short(wr=44.44% wr_net=44.44% exp_net=-2.7802%)
  h=60m n=10 avg=3.8597% med=4.5279% long(wr=70.00% wr_net=70.00% exp_net=3.4597%) short(wr=30.00% wr_net=30.00% exp_net=-4.2597%)
 12:15:
  h=1m n=11 avg=0.3878% med=0.1961% long(wr=54.55% wr_net=27.27% exp_net=-0.0122%) short(wr=45.45% wr_net=27.27% exp_net=-0.7878%)
  h=3m n=11 avg=1.1543% med=-0.3922% long(wr=45.45% wr_net=45.45% exp_net=0.7543%) short(wr=54.55% wr_net=45.45% exp_net=-1.5543%)
  h=5m n=11 avg=0.5469% med=0.9569% long(wr=72.73% wr_net=63.64% exp_net=0.1469%) short(wr=27.27% wr_net=27.27% exp_net=-0.9469%)
  h=15m n=11 avg=0.4142% med=-0.5545% long(wr=36.36% wr_net=36.36% exp_net=0.0142%) short(wr=63.64% wr_net=54.55% exp_net=-0.8142%)
  h=30m n=10 avg=2.6919% med=1.1729% long(wr=80.00% wr_net=80.00% exp_net=2.2919%) short(wr=20.00% wr_net=10.00% exp_net=-3.0919%)
  h=60m n=9 avg=4.2757% med=5.7416% long(wr=66.67% wr_net=66.67% exp_net=3.8757%) short(wr=33.33% wr_net=33.33% exp_net=-4.6757%)
 12:16:
  h=1m n=10 avg=0.5933% med=0.1862% long(wr=50.00% wr_net=30.00% exp_net=0.1933%) short(wr=40.00% wr_net=30.00% exp_net=-0.9933%)
  h=3m n=10 avg=0.7736% med=0.4713% long(wr=60.00% wr_net=60.00% exp_net=0.3736%) short(wr=40.00% wr_net=30.00% exp_net=-1.1736%)
  h=5m n=10 avg=0.8517% med=1.0488% long(wr=70.00% wr_net=70.00% exp_net=0.4517%) short(wr=20.00% wr_net=20.00% exp_net=-1.2517%)
  h=15m n=10 avg=0.3177% med=0.1310% long(wr=50.00% wr_net=50.00% exp_net=-0.0823%) short(wr=50.00% wr_net=40.00% exp_net=-0.7177%)
  h=30m n=9 avg=2.3804% med=1.0667% long(wr=66.67% wr_net=66.67% exp_net=1.9804%) short(wr=33.33% wr_net=33.33% exp_net=-2.7804%)
  h=60m n=9 avg=4.5737% med=5.4313% long(wr=77.78% wr_net=77.78% exp_net=4.1737%) short(wr=22.22% wr_net=22.22% exp_net=-4.9737%)
 12:17:
  h=1m n=10 avg=0.3285% med=0.0000% long(wr=40.00% wr_net=20.00% exp_net=-0.0715%) short(wr=40.00% wr_net=20.00% exp_net=-0.7285%)
  h=3m n=10 avg=-0.0910% med=0.4801% long(wr=60.00% wr_net=50.00% exp_net=-0.4910%) short(wr=40.00% wr_net=30.00% exp_net=-0.3090%)
  h=5m n=10 avg=0.7461% med=0.7180% long(wr=60.00% wr_net=60.00% exp_net=0.3461%) short(wr=40.00% wr_net=40.00% exp_net=-1.1461%)
  h=15m n=10 avg=0.1565% med=0.3880% long(wr=50.00% wr_net=50.00% exp_net=-0.2435%) short(wr=50.00% wr_net=40.00% exp_net=-0.5565%)
  h=30m n=8 avg=3.0622% med=2.7008% long(wr=75.00% wr_net=75.00% exp_net=2.6622%) short(wr=12.50% wr_net=12.50% exp_net=-3.4622%)
  h=60m n=9 avg=4.0469% med=5.8824% long(wr=66.67% wr_net=66.67% exp_net=3.6469%) short(wr=33.33% wr_net=33.33% exp_net=-4.4469%)
 12:18:
  h=1m n=9 avg=-0.3576% med=-0.1078% long(wr=44.44% wr_net=44.44% exp_net=-0.7576%) short(wr=55.56% wr_net=22.22% exp_net=-0.0424%)
  h=3m n=9 avg=-0.6141% med=-0.1586% long(wr=33.33% wr_net=22.22% exp_net=-1.0141%) short(wr=55.56% wr_net=44.44% exp_net=0.2141%)
  h=5m n=10 avg=-1.2818% med=-0.4771% long(wr=40.00% wr_net=40.00% exp_net=-1.6818%) short(wr=60.00% wr_net=60.00% exp_net=0.8818%)
  h=15m n=10 avg=-1.0203% med=-0.4754% long(wr=40.00% wr_net=40.00% exp_net=-1.4203%) short(wr=60.00% wr_net=50.00% exp_net=0.6203%)
  h=30m n=7 avg=1.6487% med=1.7333% long(wr=71.43% wr_net=71.43% exp_net=1.2487%) short(wr=28.57% wr_net=28.57% exp_net=-2.0487%)
  h=60m n=9 avg=1.0677% med=1.8498% long(wr=55.56% wr_net=55.56% exp_net=0.6677%) short(wr=44.44% wr_net=44.44% exp_net=-1.4677%)
 12:19:
  h=1m n=9 avg=-1.2120% med=-1.2672% long(wr=44.44% wr_net=22.22% exp_net=-1.6120%) short(wr=55.56% wr_net=55.56% exp_net=0.8120%)
  h=3m n=9 avg=1.1461% med=0.3984% long(wr=55.56% wr_net=44.44% exp_net=0.7461%) short(wr=33.33% wr_net=33.33% exp_net=-1.5461%)
  h=5m n=10 avg=0.4370% med=0.0963% long(wr=60.00% wr_net=40.00% exp_net=0.0370%) short(wr=30.00% wr_net=30.00% exp_net=-0.8370%)
  h=15m n=9 avg=0.4078% med=0.0448% long(wr=55.56% wr_net=33.33% exp_net=0.0078%) short(wr=44.44% wr_net=33.33% exp_net=-0.8078%)
  h=30m n=8 avg=1.3585% med=0.8379% long(wr=62.50% wr_net=62.50% exp_net=0.9585%) short(wr=37.50% wr_net=25.00% exp_net=-1.7585%)
  h=60m n=8 avg=1.5758% med=-0.3207% long(wr=50.00% wr_net=50.00% exp_net=1.1758%) short(wr=50.00% wr_net=50.00% exp_net=-1.9758%)
 12:20:
  h=1m n=10 avg=0.4019% med=0.2222% long(wr=60.00% wr_net=30.00% exp_net=0.0019%) short(wr=40.00% wr_net=40.00% exp_net=-0.8019%)
  h=3m n=10 avg=1.1430% med=0.4274% long(wr=60.00% wr_net=50.00% exp_net=0.7430%) short(wr=40.00% wr_net=30.00% exp_net=-1.5430%)
  h=5m n=8 avg=1.8392% med=-0.3466% long(wr=37.50% wr_net=37.50% exp_net=1.4392%) short(wr=62.50% wr_net=37.50% exp_net=-2.2392%)
  h=15m n=9 avg=-0.2991% med=0.3745% long(wr=55.56% wr_net=44.44% exp_net=-0.6991%) short(wr=44.44% wr_net=44.44% exp_net=-0.1009%)
  h=30m n=9 avg=0.1321% med=4.9938% long(wr=66.67% wr_net=66.67% exp_net=-0.2679%) short(wr=33.33% wr_net=33.33% exp_net=-0.5321%)
  h=60m n=8 avg=3.5801% med=4.2796% long(wr=75.00% wr_net=75.00% exp_net=3.1801%) short(wr=25.00% wr_net=25.00% exp_net=-3.9801%)
 12:21:
  h=1m n=10 avg=1.6307% med=0.5197% long(wr=70.00% wr_net=60.00% exp_net=1.2307%) short(wr=20.00% wr_net=0.00% exp_net=-2.0307%)
  h=3m n=10 avg=1.0391% med=0.1169% long(wr=60.00% wr_net=40.00% exp_net=0.6391%) short(wr=30.00% wr_net=30.00% exp_net=-1.4391%)
  h=5m n=10 avg=1.6768% med=0.3574% long(wr=50.00% wr_net=50.00% exp_net=1.2768%) short(wr=40.00% wr_net=40.00% exp_net=-2.0768%)
  h=15m n=9 avg=-1.2509% med=-0.2639% long(wr=44.44% wr_net=44.44% exp_net=-1.6509%) short(wr=55.56% wr_net=44.44% exp_net=0.8509%)
  h=30m n=9 avg=-0.9263% med=3.8674% long(wr=55.56% wr_net=55.56% exp_net=-1.3263%) short(wr=44.44% wr_net=33.33% exp_net=0.5263%)
  h=60m n=8 avg=2.9820% med=2.9792% long(wr=62.50% wr_net=62.50% exp_net=2.5820%) short(wr=37.50% wr_net=25.00% exp_net=-3.3820%)
 12:22:
  h=1m n=11 avg=-1.0335% med=-0.2672% long(wr=36.36% wr_net=0.00% exp_net=-1.4335%) short(wr=63.64% wr_net=45.45% exp_net=0.6335%)
  h=3m n=9 avg=-0.2975% med=-0.3160% long(wr=33.33% wr_net=22.22% exp_net=-0.6975%) short(wr=66.67% wr_net=44.44% exp_net=-0.1025%)
  h=5m n=10 avg=1.3008% med=0.1887% long(wr=50.00% wr_net=40.00% exp_net=0.9008%) short(wr=40.00% wr_net=30.00% exp_net=-1.7008%)
  h=15m n=10 avg=-1.0934% med=-0.3572% long(wr=40.00% wr_net=40.00% exp_net=-1.4934%) short(wr=60.00% wr_net=50.00% exp_net=0.6934%)
  h=30m n=10 avg=-0.9660% med=4.1103% long(wr=70.00% wr_net=60.00% exp_net=-1.3660%) short(wr=30.00% wr_net=30.00% exp_net=0.5660%)
  h=60m n=9 avg=2.6816% med=2.3320% long(wr=66.67% wr_net=66.67% exp_net=2.2816%) short(wr=33.33% wr_net=33.33% exp_net=-3.0816%)
 12:23:
  h=1m n=11 avg=0.6716% med=0.1575% long(wr=63.64% wr_net=27.27% exp_net=0.2716%) short(wr=27.27% wr_net=18.18% exp_net=-1.0716%)
  h=3m n=10 avg=1.0271% med=0.0940% long(wr=50.00% wr_net=30.00% exp_net=0.6271%) short(wr=40.00% wr_net=30.00% exp_net=-1.4271%)
  h=5m n=10 avg=0.3807% med=-0.2334% long(wr=50.00% wr_net=30.00% exp_net=-0.0193%) short(wr=50.00% wr_net=50.00% exp_net=-0.7807%)
  h=15m n=9 avg=-0.7438% med=-0.0224% long(wr=44.44% wr_net=44.44% exp_net=-1.1438%) short(wr=55.56% wr_net=44.44% exp_net=0.3438%)
  h=30m n=9 avg=-0.3241% med=4.4944% long(wr=55.56% wr_net=55.56% exp_net=-0.7241%) short(wr=44.44% wr_net=33.33% exp_net=-0.0759%)
  h=60m n=10 avg=-1.5942% med=-0.2208% long(wr=50.00% wr_net=50.00% exp_net=-1.9942%) short(wr=50.00% wr_net=50.00% exp_net=1.1942%)
 12:24:
  h=1m n=9 avg=0.0040% med=-0.8047% long(wr=22.22% wr_net=11.11% exp_net=-0.3960%) short(wr=66.67% wr_net=66.67% exp_net=-0.4040%)
  h=3m n=10 avg=1.6967% med=-0.0240% long(wr=50.00% wr_net=40.00% exp_net=1.2967%) short(wr=50.00% wr_net=40.00% exp_net=-2.0967%)
  h=5m n=10 avg=-1.4621% med=-0.3499% long(wr=20.00% wr_net=10.00% exp_net=-1.8621%) short(wr=60.00% wr_net=50.00% exp_net=1.0621%)
  h=15m n=10 avg=-2.1962% med=-0.7964% long(wr=30.00% wr_net=30.00% exp_net=-2.5962%) short(wr=70.00% wr_net=60.00% exp_net=1.7962%)
  h=30m n=9 avg=-0.8123% med=2.1429% long(wr=55.56% wr_net=55.56% exp_net=-1.2123%) short(wr=44.44% wr_net=33.33% exp_net=0.4123%)
  h=60m n=9 avg=-1.0180% med=1.9337% long(wr=55.56% wr_net=55.56% exp_net=-1.4180%) short(wr=44.44% wr_net=44.44% exp_net=0.6180%)
 12:25:
  h=1m n=8 avg=1.1444% med=0.2824% long(wr=62.50% wr_net=50.00% exp_net=0.7444%) short(wr=25.00% wr_net=12.50% exp_net=-1.5444%)
  h=3m n=7 avg=1.0108% med=0.0000% long(wr=42.86% wr_net=42.86% exp_net=0.6108%) short(wr=42.86% wr_net=14.29% exp_net=-1.4108%)
  h=5m n=7 avg=-0.0617% med=0.1326% long(wr=71.43% wr_net=28.57% exp_net=-0.4617%) short(wr=28.57% wr_net=28.57% exp_net=-0.3383%)
  h=15m n=7 avg=-0.3179% med=-1.1352% long(wr=42.86% wr_net=42.86% exp_net=-0.7179%) short(wr=57.14% wr_net=57.14% exp_net=-0.0821%)
  h=30m n=7 avg=2.7056% med=-0.3979% long(wr=42.86% wr_net=42.86% exp_net=2.3056%) short(wr=57.14% wr_net=42.86% exp_net=-3.1056%)
  h=60m n=8 avg=-2.4296% med=-2.0180% long(wr=37.50% wr_net=37.50% exp_net=-2.8296%) short(wr=62.50% wr_net=62.50% exp_net=2.0296%)
 12:26:
  h=1m n=9 avg=0.4782% med=0.0000% long(wr=44.44% wr_net=44.44% exp_net=0.0782%) short(wr=44.44% wr_net=11.11% exp_net=-0.8782%)
  h=3m n=8 avg=-0.0494% med=0.0685% long(wr=50.00% wr_net=37.50% exp_net=-0.4494%) short(wr=50.00% wr_net=37.50% exp_net=-0.3506%)
  h=5m n=8 avg=-0.0137% med=0.1366% long(wr=50.00% wr_net=37.50% exp_net=-0.4137%) short(wr=37.50% wr_net=37.50% exp_net=-0.3863%)
  h=15m n=8 avg=0.1797% med=0.5848% long(wr=62.50% wr_net=50.00% exp_net=-0.2203%) short(wr=37.50% wr_net=37.50% exp_net=-0.5797%)
  h=30m n=8 avg=3.4953% med=3.1647% long(wr=62.50% wr_net=62.50% exp_net=3.0953%) short(wr=37.50% wr_net=37.50% exp_net=-3.8953%)
  h=60m n=9 avg=-1.5340% med=0.2732% long(wr=55.56% wr_net=44.44% exp_net=-1.9340%) short(wr=44.44% wr_net=44.44% exp_net=1.1340%)
 12:27:
  h=1m n=9 avg=0.4230% med=0.3968% long(wr=66.67% wr_net=44.44% exp_net=0.0230%) short(wr=22.22% wr_net=11.11% exp_net=-0.8230%)
  h=3m n=8 avg=-0.4861% med=0.0629% long(wr=50.00% wr_net=37.50% exp_net=-0.8861%) short(wr=50.00% wr_net=25.00% exp_net=0.0861%)
  h=5m n=9 avg=0.3279% med=0.2646% long(wr=55.56% wr_net=44.44% exp_net=-0.0721%) short(wr=44.44% wr_net=33.33% exp_net=-0.7279%)
  h=15m n=8 avg=-0.0571% med=0.5823% long(wr=62.50% wr_net=50.00% exp_net=-0.4571%) short(wr=37.50% wr_net=37.50% exp_net=-0.3429%)
  h=30m n=8 avg=2.8036% med=1.2486% long(wr=62.50% wr_net=62.50% exp_net=2.4036%) short(wr=37.50% wr_net=37.50% exp_net=-3.2036%)
  h=60m n=9 avg=2.2451% med=1.3240% long(wr=55.56% wr_net=55.56% exp_net=1.8451%) short(wr=44.44% wr_net=44.44% exp_net=-2.6451%)
 12:28:
  h=1m n=8 avg=-0.6840% med=-0.6034% long(wr=25.00% wr_net=12.50% exp_net=-1.0840%) short(wr=62.50% wr_net=62.50% exp_net=0.2840%)
  h=3m n=8 avg=-0.6367% med=-0.4664% long(wr=37.50% wr_net=25.00% exp_net=-1.0367%) short(wr=62.50% wr_net=50.00% exp_net=0.2367%)
  h=5m n=8 avg=-0.3931% med=-0.3372% long(wr=25.00% wr_net=25.00% exp_net=-0.7931%) short(wr=75.00% wr_net=50.00% exp_net=-0.0069%)
  h=15m n=7 avg=-0.7400% med=-0.5319% long(wr=42.86% wr_net=28.57% exp_net=-1.1400%) short(wr=57.14% wr_net=57.14% exp_net=0.3400%)
  h=30m n=8 avg=2.8905% med=1.1451% long(wr=75.00% wr_net=75.00% exp_net=2.4905%) short(wr=25.00% wr_net=12.50% exp_net=-3.2905%)
  h=60m n=8 avg=0.8022% med=0.4644% long(wr=50.00% wr_net=50.00% exp_net=0.4022%) short(wr=37.50% wr_net=37.50% exp_net=-1.2022%)
 12:29:
  h=1m n=9 avg=0.0948% med=0.2349% long(wr=77.78% wr_net=33.33% exp_net=-0.3052%) short(wr=22.22% wr_net=22.22% exp_net=-0.4948%)
  h=3m n=8 avg=0.1075% med=0.2868% long(wr=62.50% wr_net=37.50% exp_net=-0.2925%) short(wr=37.50% wr_net=25.00% exp_net=-0.5075%)
  h=5m n=8 avg=0.7993% med=0.1158% long(wr=62.50% wr_net=25.00% exp_net=0.3993%) short(wr=25.00% wr_net=12.50% exp_net=-1.1993%)
  h=15m n=8 avg=0.6227% med=-0.4007% long(wr=37.50% wr_net=37.50% exp_net=0.2227%) short(wr=62.50% wr_net=50.00% exp_net=-1.0227%)
  h=30m n=9 avg=2.9025% med=-0.5305% long(wr=44.44% wr_net=44.44% exp_net=2.5025%) short(wr=55.56% wr_net=55.56% exp_net=-3.3025%)
  h=60m n=9 avg=2.2375% med=2.5842% long(wr=55.56% wr_net=55.56% exp_net=1.8375%) short(wr=44.44% wr_net=44.44% exp_net=-2.6375%)
 12:30:
  h=1m n=9 avg=-0.0051% med=-0.1325% long(wr=33.33% wr_net=33.33% exp_net=-0.4051%) short(wr=66.67% wr_net=33.33% exp_net=-0.3949%)
  h=3m n=9 avg=0.2001% med=-0.3093% long(wr=44.44% wr_net=22.22% exp_net=-0.1999%) short(wr=55.56% wr_net=44.44% exp_net=-0.6001%)
  h=5m n=9 avg=0.2067% med=0.0000% long(wr=44.44% wr_net=11.11% exp_net=-0.1933%) short(wr=44.44% wr_net=22.22% exp_net=-0.6067%)
  h=15m n=9 avg=0.9852% med=0.8649% long(wr=66.67% wr_net=66.67% exp_net=0.5852%) short(wr=33.33% wr_net=33.33% exp_net=-1.3852%)
  h=30m n=9 avg=3.1510% med=-0.1325% long(wr=44.44% wr_net=44.44% exp_net=2.7510%) short(wr=55.56% wr_net=44.44% exp_net=-3.5510%)
  h=60m n=9 avg=2.3065% med=1.5625% long(wr=55.56% wr_net=55.56% exp_net=1.9065%) short(wr=44.44% wr_net=44.44% exp_net=-2.7065%)
 12:31:
  h=1m n=9 avg=0.1272% med=0.1034% long(wr=55.56% wr_net=22.22% exp_net=-0.2728%) short(wr=22.22% wr_net=0.00% exp_net=-0.5272%)
  h=3m n=9 avg=0.7851% med=0.2653% long(wr=66.67% wr_net=44.44% exp_net=0.3851%) short(wr=33.33% wr_net=11.11% exp_net=-1.1851%)
  h=5m n=11 avg=0.0132% med=-0.0501% long(wr=45.45% wr_net=36.36% exp_net=-0.3868%) short(wr=54.55% wr_net=36.36% exp_net=-0.4132%)
  h=15m n=8 avg=0.6808% med=0.5377% long(wr=62.50% wr_net=62.50% exp_net=0.2808%) short(wr=25.00% wr_net=25.00% exp_net=-1.0808%)
  h=30m n=10 avg=2.5107% med=0.8820% long(wr=60.00% wr_net=60.00% exp_net=2.1107%) short(wr=40.00% wr_net=40.00% exp_net=-2.9107%)
  h=60m n=10 avg=1.0537% med=0.7748% long(wr=50.00% wr_net=50.00% exp_net=0.6537%) short(wr=50.00% wr_net=40.00% exp_net=-1.4537%)
 12:32:
  h=1m n=10 avg=-0.6529% med=-0.1158% long(wr=40.00% wr_net=40.00% exp_net=-1.0529%) short(wr=60.00% wr_net=30.00% exp_net=0.2529%)
  h=3m n=9 avg=0.1154% med=0.0000% long(wr=44.44% wr_net=33.33% exp_net=-0.2846%) short(wr=44.44% wr_net=22.22% exp_net=-0.5154%)
  h=5m n=9 avg=0.3024% med=-0.3958% long(wr=44.44% wr_net=44.44% exp_net=-0.0976%) short(wr=55.56% wr_net=44.44% exp_net=-0.7024%)
  h=15m n=8 avg=1.0718% med=0.3663% long(wr=50.00% wr_net=50.00% exp_net=0.6718%) short(wr=37.50% wr_net=37.50% exp_net=-1.4718%)
  h=30m n=8 avg=2.6280% med=2.8366% long(wr=62.50% wr_net=62.50% exp_net=2.2280%) short(wr=37.50% wr_net=37.50% exp_net=-3.0280%)
  h=60m n=9 avg=-1.8778% med=-0.2725% long(wr=44.44% wr_net=44.44% exp_net=-2.2778%) short(wr=55.56% wr_net=44.44% exp_net=1.4778%)
 12:33:
  h=1m n=9 avg=0.3156% med=-0.1321% long(wr=44.44% wr_net=33.33% exp_net=-0.0844%) short(wr=55.56% wr_net=11.11% exp_net=-0.7156%)
  h=3m n=10 avg=-0.6158% med=-0.5385% long(wr=30.00% wr_net=30.00% exp_net=-1.0158%) short(wr=70.00% wr_net=50.00% exp_net=0.2158%)
  h=5m n=8 avg=0.4244% med=-0.6065% long(wr=25.00% wr_net=12.50% exp_net=0.0244%) short(wr=75.00% wr_net=62.50% exp_net=-0.8244%)
  h=15m n=9 avg=1.2768% med=0.1350% long(wr=55.56% wr_net=44.44% exp_net=0.8768%) short(wr=44.44% wr_net=44.44% exp_net=-1.6768%)
  h=30m n=10 avg=-1.3668% med=-1.3601% long(wr=40.00% wr_net=40.00% exp_net=-1.7668%) short(wr=60.00% wr_net=50.00% exp_net=0.9668%)
  h=60m n=8 avg=1.2952% med=2.0631% long(wr=50.00% wr_net=50.00% exp_net=0.8952%) short(wr=50.00% wr_net=50.00% exp_net=-1.6952%)
 12:34:
  h=1m n=11 avg=-0.5533% med=-0.2681% long(wr=18.18% wr_net=9.09% exp_net=-0.9533%) short(wr=63.64% wr_net=45.45% exp_net=0.1533%)
  h=3m n=9 avg=0.0421% med=-0.2681% long(wr=33.33% wr_net=33.33% exp_net=-0.3579%) short(wr=66.67% wr_net=44.44% exp_net=-0.4421%)
  h=5m n=11 avg=-0.4706% med=-0.7907% long(wr=27.27% wr_net=27.27% exp_net=-0.8706%) short(wr=63.64% wr_net=63.64% exp_net=0.0706%)
  h=15m n=11 avg=1.3113% med=0.5833% long(wr=63.64% wr_net=54.55% exp_net=0.9113%) short(wr=36.36% wr_net=36.36% exp_net=-1.7113%)
  h=30m n=11 avg=0.9097% med=0.0000% long(wr=45.45% wr_net=45.45% exp_net=0.5097%) short(wr=45.45% wr_net=45.45% exp_net=-1.3097%)
  h=60m n=8 avg=2.2027% med=5.0031% long(wr=62.50% wr_net=62.50% exp_net=1.8027%) short(wr=37.50% wr_net=37.50% exp_net=-2.6027%)
 12:35:
  h=1m n=13 avg=0.0206% med=0.0000% long(wr=38.46% wr_net=38.46% exp_net=-0.3794%) short(wr=46.15% wr_net=23.08% exp_net=-0.4206%)
  h=3m n=13 avg=0.4390% med=-0.3690% long(wr=38.46% wr_net=30.77% exp_net=0.0390%) short(wr=53.85% wr_net=46.15% exp_net=-0.8390%)
  h=5m n=13 avg=-0.1007% med=0.0000% long(wr=46.15% wr_net=38.46% exp_net=-0.5007%) short(wr=46.15% wr_net=46.15% exp_net=-0.2993%)
  h=15m n=12 avg=1.6636% med=-0.1137% long(wr=50.00% wr_net=41.67% exp_net=1.2636%) short(wr=50.00% wr_net=41.67% exp_net=-2.0636%)
  h=30m n=11 avg=1.6072% med=2.2140% long(wr=63.64% wr_net=63.64% exp_net=1.2072%) short(wr=36.36% wr_net=36.36% exp_net=-2.0072%)
  h=60m n=11 avg=1.9614% med=0.7380% long(wr=54.55% wr_net=54.55% exp_net=1.5614%) short(wr=45.45% wr_net=45.45% exp_net=-2.3614%)
 12:36:
  h=1m n=11 avg=-0.0802% med=-0.3690% long(wr=36.36% wr_net=27.27% exp_net=-0.4802%) short(wr=63.64% wr_net=45.45% exp_net=-0.3198%)
  h=3m n=11 avg=-0.6080% med=-0.5333% long(wr=18.18% wr_net=9.09% exp_net=-1.0080%) short(wr=72.73% wr_net=63.64% exp_net=0.2080%)
  h=5m n=12 avg=-0.8080% med=-0.1092% long(wr=50.00% wr_net=25.00% exp_net=-1.2080%) short(wr=50.00% wr_net=50.00% exp_net=0.4080%)
  h=15m n=13 avg=1.2528% med=0.1802% long(wr=53.85% wr_net=30.77% exp_net=0.8528%) short(wr=38.46% wr_net=38.46% exp_net=-1.6528%)
  h=30m n=11 avg=1.1358% med=-0.4296% long(wr=45.45% wr_net=45.45% exp_net=0.7358%) short(wr=54.55% wr_net=54.55% exp_net=-1.5358%)
  h=60m n=13 avg=3.0472% med=2.4119% long(wr=61.54% wr_net=61.54% exp_net=2.6472%) short(wr=38.46% wr_net=38.46% exp_net=-3.4472%)
 12:37:
  h=1m n=10 avg=-0.2115% med=-0.1987% long(wr=30.00% wr_net=30.00% exp_net=-0.6115%) short(wr=50.00% wr_net=40.00% exp_net=-0.1885%)
  h=3m n=10 avg=-0.9331% med=-0.4818% long(wr=30.00% wr_net=10.00% exp_net=-1.3331%) short(wr=70.00% wr_net=60.00% exp_net=0.5331%)
  h=5m n=10 avg=-0.8863% med=-1.1800% long(wr=40.00% wr_net=30.00% exp_net=-1.2863%) short(wr=60.00% wr_net=60.00% exp_net=0.4863%)
  h=15m n=10 avg=0.1297% med=0.0598% long(wr=50.00% wr_net=40.00% exp_net=-0.2703%) short(wr=50.00% wr_net=40.00% exp_net=-0.5297%)
  h=30m n=10 avg=-0.6826% med=-0.8119% long(wr=40.00% wr_net=40.00% exp_net=-1.0826%) short(wr=60.00% wr_net=50.00% exp_net=0.2826%)
  h=60m n=10 avg=0.9135% med=-1.8637% long(wr=40.00% wr_net=40.00% exp_net=0.5135%) short(wr=60.00% wr_net=60.00% exp_net=-1.3135%)
 12:38:
  h=1m n=10 avg=-0.3550% med=-0.1852% long(wr=30.00% wr_net=10.00% exp_net=-0.7550%) short(wr=50.00% wr_net=40.00% exp_net=-0.0450%)
  h=3m n=11 avg=-0.9063% med=-0.3289% long(wr=27.27% wr_net=27.27% exp_net=-1.3063%) short(wr=63.64% wr_net=45.45% exp_net=0.5063%)
  h=5m n=11 avg=-0.9938% med=-0.6579% long(wr=36.36% wr_net=27.27% exp_net=-1.3938%) short(wr=63.64% wr_net=63.64% exp_net=0.5938%)
  h=15m n=11 avg=0.3721% med=0.0000% long(wr=45.45% wr_net=27.27% exp_net=-0.0279%) short(wr=45.45% wr_net=45.45% exp_net=-0.7721%)
  h=30m n=10 avg=-0.3778% med=-0.5969% long(wr=50.00% wr_net=40.00% exp_net=-0.7778%) short(wr=50.00% wr_net=50.00% exp_net=-0.0222%)
  h=60m n=9 avg=0.4849% med=-1.8759% long(wr=33.33% wr_net=33.33% exp_net=0.0849%) short(wr=66.67% wr_net=66.67% exp_net=-0.8849%)
 12:39:
  h=1m n=8 avg=-0.6889% med=-0.2683% long(wr=37.50% wr_net=12.50% exp_net=-1.0889%) short(wr=62.50% wr_net=25.00% exp_net=0.2889%)
  h=3m n=8 avg=-0.6432% med=-0.6348% long(wr=37.50% wr_net=37.50% exp_net=-1.0432%) short(wr=62.50% wr_net=50.00% exp_net=0.2432%)
  h=5m n=8 avg=-0.6175% med=-0.4884% long(wr=12.50% wr_net=12.50% exp_net=-1.0175%) short(wr=75.00% wr_net=62.50% exp_net=0.2175%)
  h=15m n=8 avg=1.3364% med=1.7212% long(wr=62.50% wr_net=62.50% exp_net=0.9364%) short(wr=25.00% wr_net=25.00% exp_net=-1.7364%)
  h=30m n=8 avg=-0.4293% med=0.3319% long(wr=50.00% wr_net=50.00% exp_net=-0.8293%) short(wr=50.00% wr_net=50.00% exp_net=0.0293%)
  h=60m n=7 avg=0.9799% med=0.5874% long(wr=57.14% wr_net=57.14% exp_net=0.5799%) short(wr=42.86% wr_net=42.86% exp_net=-1.3799%)
 12:40:
  h=1m n=11 avg=-0.2313% med=0.1072% long(wr=54.55% wr_net=36.36% exp_net=-0.6313%) short(wr=36.36% wr_net=36.36% exp_net=-0.1687%)
  h=3m n=11 avg=-0.3096% med=-0.6596% long(wr=36.36% wr_net=27.27% exp_net=-0.7096%) short(wr=63.64% wr_net=54.55% exp_net=-0.0904%)
  h=5m n=11 avg=0.4506% med=0.1835% long(wr=54.55% wr_net=36.36% exp_net=0.0506%) short(wr=36.36% wr_net=27.27% exp_net=-0.8506%)
  h=15m n=11 avg=1.6940% med=0.5738% long(wr=54.55% wr_net=54.55% exp_net=1.2940%) short(wr=45.45% wr_net=36.36% exp_net=-2.0940%)
  h=30m n=10 avg=1.4437% med=2.0766% long(wr=70.00% wr_net=60.00% exp_net=1.0437%) short(wr=30.00% wr_net=20.00% exp_net=-1.8437%)
  h=60m n=8 avg=1.0371% med=0.1992% long(wr=50.00% wr_net=50.00% exp_net=0.6371%) short(wr=50.00% wr_net=50.00% exp_net=-1.4371%)
 12:41:
  h=1m n=10 avg=0.1598% med=0.2995% long(wr=60.00% wr_net=30.00% exp_net=-0.2402%) short(wr=40.00% wr_net=30.00% exp_net=-0.5598%)
  h=3m n=9 avg=0.4926% med=0.0000% long(wr=44.44% wr_net=33.33% exp_net=0.0926%) short(wr=33.33% wr_net=22.22% exp_net=-0.8926%)
  h=5m n=10 avg=0.1988% med=-0.3186% long(wr=30.00% wr_net=30.00% exp_net=-0.2012%) short(wr=70.00% wr_net=40.00% exp_net=-0.5988%)
  h=15m n=10 avg=2.8570% med=1.7127% long(wr=80.00% wr_net=80.00% exp_net=2.4570%) short(wr=20.00% wr_net=20.00% exp_net=-3.2570%)
  h=30m n=11 avg=2.8001% med=2.8616% long(wr=81.82% wr_net=81.82% exp_net=2.4001%) short(wr=18.18% wr_net=9.09% exp_net=-3.2001%)
  h=60m n=10 avg=2.8286% med=1.6975% long(wr=60.00% wr_net=60.00% exp_net=2.4286%) short(wr=40.00% wr_net=40.00% exp_net=-3.2286%)
 12:42:
  h=1m n=11 avg=-0.0817% med=0.0000% long(wr=45.45% wr_net=18.18% exp_net=-0.4817%) short(wr=45.45% wr_net=18.18% exp_net=-0.3183%)
  h=3m n=11 avg=0.5107% med=0.3663% long(wr=54.55% wr_net=36.36% exp_net=0.1107%) short(wr=36.36% wr_net=9.09% exp_net=-0.9107%)
  h=5m n=10 avg=0.4806% med=0.1344% long(wr=60.00% wr_net=40.00% exp_net=0.0806%) short(wr=40.00% wr_net=30.00% exp_net=-0.8806%)
  h=15m n=11 avg=2.4647% med=1.8282% long(wr=81.82% wr_net=54.55% exp_net=2.0647%) short(wr=18.18% wr_net=18.18% exp_net=-2.8647%)
  h=30m n=11 avg=2.6502% med=1.3333% long(wr=90.91% wr_net=90.91% exp_net=2.2502%) short(wr=9.09% wr_net=9.09% exp_net=-3.0502%)
  h=60m n=11 avg=2.0753% med=-0.8197% long(wr=45.45% wr_net=36.36% exp_net=1.6753%) short(wr=54.55% wr_net=54.55% exp_net=-2.4753%)
 12:43:
  h=1m n=9 avg=0.3777% med=0.0000% long(wr=44.44% wr_net=33.33% exp_net=-0.0223%) short(wr=44.44% wr_net=11.11% exp_net=-0.7777%)
  h=3m n=10 avg=-0.0266% med=-0.1680% long(wr=40.00% wr_net=30.00% exp_net=-0.4266%) short(wr=60.00% wr_net=40.00% exp_net=-0.3734%)
  h=5m n=10 avg=1.0640% med=0.1709% long(wr=50.00% wr_net=40.00% exp_net=0.6640%) short(wr=40.00% wr_net=40.00% exp_net=-1.4640%)
  h=15m n=11 avg=1.9625% med=1.0695% long(wr=81.82% wr_net=63.64% exp_net=1.5625%) short(wr=18.18% wr_net=18.18% exp_net=-2.3625%)
  h=30m n=11 avg=1.7846% med=0.7519% long(wr=90.91% wr_net=90.91% exp_net=1.3846%) short(wr=9.09% wr_net=9.09% exp_net=-2.1846%)
  h=60m n=11 avg=0.2226% med=-0.5484% long(wr=45.45% wr_net=45.45% exp_net=-0.1774%) short(wr=54.55% wr_net=54.55% exp_net=-0.6226%)
 12:44:
  h=1m n=9 avg=0.1435% med=0.1475% long(wr=66.67% wr_net=22.22% exp_net=-0.2565%) short(wr=33.33% wr_net=11.11% exp_net=-0.5435%)
  h=3m n=9 avg=0.0094% med=-0.5338% long(wr=33.33% wr_net=33.33% exp_net=-0.3906%) short(wr=66.67% wr_net=55.56% exp_net=-0.4094%)
  h=5m n=9 avg=0.8403% med=0.8086% long(wr=66.67% wr_net=55.56% exp_net=0.4403%) short(wr=33.33% wr_net=33.33% exp_net=-1.2403%)
  h=15m n=9 avg=2.1628% med=1.9439% long(wr=66.67% wr_net=66.67% exp_net=1.7628%) short(wr=22.22% wr_net=11.11% exp_net=-2.5628%)
  h=30m n=9 avg=1.6984% med=1.0782% long(wr=66.67% wr_net=66.67% exp_net=1.2984%) short(wr=33.33% wr_net=33.33% exp_net=-2.0984%)
  h=60m n=9 avg=0.4434% med=-0.1348% long(wr=44.44% wr_net=33.33% exp_net=0.0434%) short(wr=55.56% wr_net=44.44% exp_net=-0.8434%)
 12:45:
  h=1m n=11 avg=-0.3971% med=-0.4283% long(wr=18.18% wr_net=0.00% exp_net=-0.7971%) short(wr=63.64% wr_net=54.55% exp_net=-0.0029%)
  h=3m n=11 avg=0.4564% med=-0.0831% long(wr=36.36% wr_net=27.27% exp_net=0.0564%) short(wr=54.55% wr_net=27.27% exp_net=-0.8564%)
  h=5m n=11 avg=1.2330% med=0.9144% long(wr=72.73% wr_net=72.73% exp_net=0.8330%) short(wr=27.27% wr_net=18.18% exp_net=-1.6330%)
  h=15m n=12 avg=1.8132% med=1.3921% long(wr=66.67% wr_net=58.33% exp_net=1.4132%) short(wr=33.33% wr_net=25.00% exp_net=-2.2132%)
  h=30m n=10 avg=2.0705% med=2.3652% long(wr=70.00% wr_net=70.00% exp_net=1.6705%) short(wr=30.00% wr_net=20.00% exp_net=-2.4705%)
  h=60m n=11 avg=2.0633% med=-0.2688% long(wr=45.45% wr_net=36.36% exp_net=1.6633%) short(wr=54.55% wr_net=36.36% exp_net=-2.4633%)
 12:46:
  h=1m n=10 avg=0.3127% med=0.0547% long(wr=50.00% wr_net=20.00% exp_net=-0.0873%) short(wr=40.00% wr_net=30.00% exp_net=-0.7127%)
  h=3m n=11 avg=1.0930% med=1.3550% long(wr=63.64% wr_net=54.55% exp_net=0.6930%) short(wr=27.27% wr_net=18.18% exp_net=-1.4930%)
  h=5m n=11 avg=1.7571% med=1.4599% long(wr=72.73% wr_net=72.73% exp_net=1.3571%) short(wr=27.27% wr_net=9.09% exp_net=-2.1571%)
  h=15m n=11 avg=2.2217% med=2.6748% long(wr=72.73% wr_net=72.73% exp_net=1.8217%) short(wr=27.27% wr_net=27.27% exp_net=-2.6217%)
  h=30m n=10 avg=2.5796% med=2.7774% long(wr=80.00% wr_net=80.00% exp_net=2.1796%) short(wr=20.00% wr_net=20.00% exp_net=-2.9796%)
  h=60m n=10 avg=2.5400% med=1.1866% long(wr=60.00% wr_net=60.00% exp_net=2.1400%) short(wr=40.00% wr_net=30.00% exp_net=-2.9400%)
 12:47:
  h=1m n=10 avg=0.3220% med=0.1415% long(wr=60.00% wr_net=30.00% exp_net=-0.0780%) short(wr=20.00% wr_net=10.00% exp_net=-0.7220%)
  h=3m n=9 avg=1.1134% med=0.7273% long(wr=66.67% wr_net=66.67% exp_net=0.7134%) short(wr=33.33% wr_net=22.22% exp_net=-1.5134%)
  h=5m n=10 avg=0.8607% med=0.9073% long(wr=60.00% wr_net=60.00% exp_net=0.4607%) short(wr=20.00% wr_net=10.00% exp_net=-1.2607%)
  h=15m n=9 avg=2.0456% med=3.1746% long(wr=77.78% wr_net=77.78% exp_net=1.6456%) short(wr=11.11% wr_net=11.11% exp_net=-2.4456%)
  h=30m n=9 avg=2.0695% med=2.6834% long(wr=77.78% wr_net=77.78% exp_net=1.6695%) short(wr=22.22% wr_net=22.22% exp_net=-2.4695%)
  h=60m n=10 avg=2.4186% med=1.2332% long(wr=70.00% wr_net=60.00% exp_net=2.0186%) short(wr=30.00% wr_net=30.00% exp_net=-2.8186%)
 12:48:
  h=1m n=13 avg=0.2886% med=0.2928% long(wr=69.23% wr_net=46.15% exp_net=-0.1114%) short(wr=30.77% wr_net=15.38% exp_net=-0.6886%)
  h=3m n=13 avg=1.1931% med=0.9567% long(wr=76.92% wr_net=69.23% exp_net=0.7931%) short(wr=15.38% wr_net=15.38% exp_net=-1.5931%)
  h=5m n=13 avg=1.1225% med=1.0249% long(wr=69.23% wr_net=61.54% exp_net=0.7225%) short(wr=23.08% wr_net=15.38% exp_net=-1.5225%)
  h=15m n=12 avg=0.9817% med=0.8444% long(wr=66.67% wr_net=58.33% exp_net=0.5817%) short(wr=33.33% wr_net=25.00% exp_net=-1.3817%)
  h=30m n=13 avg=1.7773% med=1.1892% long(wr=76.92% wr_net=69.23% exp_net=1.3773%) short(wr=23.08% wr_net=23.08% exp_net=-2.1773%)
  h=60m n=13 avg=2.8182% med=2.1962% long(wr=61.54% wr_net=61.54% exp_net=2.4182%) short(wr=38.46% wr_net=30.77% exp_net=-3.2182%)
 12:49:
  h=1m n=11 avg=0.6024% med=0.2674% long(wr=54.55% wr_net=45.45% exp_net=0.2024%) short(wr=27.27% wr_net=18.18% exp_net=-1.0024%)
  h=3m n=12 avg=1.0694% med=0.5914% long(wr=75.00% wr_net=58.33% exp_net=0.6694%) short(wr=16.67% wr_net=16.67% exp_net=-1.4694%)
  h=5m n=12 avg=1.2114% med=1.2311% long(wr=66.67% wr_net=58.33% exp_net=0.8114%) short(wr=33.33% wr_net=25.00% exp_net=-1.6114%)
  h=15m n=10 avg=0.1676% med=0.6532% long(wr=60.00% wr_net=60.00% exp_net=-0.2324%) short(wr=40.00% wr_net=30.00% exp_net=-0.5676%)
  h=30m n=11 avg=0.4614% med=0.5312% long(wr=72.73% wr_net=63.64% exp_net=0.0614%) short(wr=27.27% wr_net=27.27% exp_net=-0.8614%)
  h=60m n=8 avg=4.5126% med=5.1148% long(wr=75.00% wr_net=75.00% exp_net=4.1126%) short(wr=25.00% wr_net=25.00% exp_net=-4.9126%)
 12:50:
  h=1m n=11 avg=0.5979% med=0.2656% long(wr=63.64% wr_net=18.18% exp_net=0.1979%) short(wr=36.36% wr_net=9.09% exp_net=-0.9979%)
  h=3m n=11 avg=0.3812% med=0.0000% long(wr=45.45% wr_net=36.36% exp_net=-0.0188%) short(wr=45.45% wr_net=18.18% exp_net=-0.7812%)
  h=5m n=10 avg=0.6888% med=0.0460% long(wr=50.00% wr_net=40.00% exp_net=0.2888%) short(wr=50.00% wr_net=40.00% exp_net=-1.0888%)
  h=15m n=10 avg=-0.3331% med=0.1196% long(wr=50.00% wr_net=50.00% exp_net=-0.7331%) short(wr=50.00% wr_net=40.00% exp_net=-0.0669%)
  h=30m n=10 avg=0.2081% med=-0.3134% long(wr=50.00% wr_net=40.00% exp_net=-0.1919%) short(wr=50.00% wr_net=50.00% exp_net=-0.6081%)
  h=60m n=10 avg=2.2601% med=2.0448% long(wr=60.00% wr_net=60.00% exp_net=1.8601%) short(wr=40.00% wr_net=40.00% exp_net=-2.6601%)
 12:51:
  h=1m n=15 avg=-0.0052% med=0.1236% long(wr=53.33% wr_net=20.00% exp_net=-0.4052%) short(wr=26.67% wr_net=26.67% exp_net=-0.3948%)
  h=3m n=15 avg=0.0869% med=-0.1190% long(wr=26.67% wr_net=26.67% exp_net=-0.3131%) short(wr=53.33% wr_net=46.67% exp_net=-0.4869%)
  h=5m n=14 avg=0.4404% med=0.7717% long(wr=57.14% wr_net=57.14% exp_net=0.0404%) short(wr=35.71% wr_net=35.71% exp_net=-0.8404%)
  h=15m n=11 avg=-0.3350% med=0.2162% long(wr=54.55% wr_net=36.36% exp_net=-0.7350%) short(wr=45.45% wr_net=36.36% exp_net=-0.0650%)
  h=30m n=14 avg=0.6624% med=0.4436% long(wr=57.14% wr_net=50.00% exp_net=0.2624%) short(wr=42.86% wr_net=35.71% exp_net=-1.0624%)
  h=60m n=14 avg=0.9423% med=-0.0913% long(wr=50.00% wr_net=50.00% exp_net=0.5423%) short(wr=50.00% wr_net=50.00% exp_net=-1.3423%)
 12:52:
  h=1m n=15 avg=-0.1080% med=-0.2137% long(wr=33.33% wr_net=20.00% exp_net=-0.5080%) short(wr=60.00% wr_net=20.00% exp_net=-0.2920%)
  h=3m n=13 avg=0.5409% med=0.0000% long(wr=46.15% wr_net=38.46% exp_net=0.1409%) short(wr=46.15% wr_net=30.77% exp_net=-0.9409%)
  h=5m n=13 avg=0.5246% med=-0.3601% long(wr=38.46% wr_net=38.46% exp_net=0.1246%) short(wr=61.54% wr_net=46.15% exp_net=-0.9246%)
  h=15m n=14 avg=-0.5451% med=-0.1748% long(wr=35.71% wr_net=28.57% exp_net=-0.9451%) short(wr=50.00% wr_net=42.86% exp_net=0.1451%)
  h=30m n=12 avg=0.2331% med=0.4073% long(wr=58.33% wr_net=50.00% exp_net=-0.1669%) short(wr=41.67% wr_net=41.67% exp_net=-0.6331%)
  h=60m n=13 avg=0.4450% med=-1.1596% long(wr=46.15% wr_net=46.15% exp_net=0.0450%) short(wr=53.85% wr_net=53.85% exp_net=-0.8450%)
 12:53:
  h=1m n=13 avg=0.3860% med=0.0193% long(wr=53.85% wr_net=38.46% exp_net=-0.0140%) short(wr=38.46% wr_net=15.38% exp_net=-0.7860%)
  h=3m n=11 avg=0.5814% med=0.3519% long(wr=63.64% wr_net=36.36% exp_net=0.1814%) short(wr=36.36% wr_net=18.18% exp_net=-0.9814%)
  h=5m n=12 avg=0.6531% med=0.2467% long(wr=58.33% wr_net=41.67% exp_net=0.2531%) short(wr=41.67% wr_net=41.67% exp_net=-1.0531%)
  h=15m n=13 avg=-0.6099% med=-1.3889% long(wr=46.15% wr_net=38.46% exp_net=-1.0099%) short(wr=53.85% wr_net=53.85% exp_net=0.2099%)
  h=30m n=11 avg=-0.2132% med=0.2601% long(wr=63.64% wr_net=36.36% exp_net=-0.6132%) short(wr=36.36% wr_net=36.36% exp_net=-0.1868%)
  h=60m n=9 avg=1.7748% med=1.3043% long(wr=66.67% wr_net=55.56% exp_net=1.3748%) short(wr=33.33% wr_net=33.33% exp_net=-2.1748%)
 12:54:
  h=1m n=11 avg=0.0913% med=-0.1330% long(wr=27.27% wr_net=27.27% exp_net=-0.3087%) short(wr=54.55% wr_net=18.18% exp_net=-0.4913%)
  h=3m n=11 avg=0.1301% med=0.0000% long(wr=45.45% wr_net=45.45% exp_net=-0.2699%) short(wr=36.36% wr_net=18.18% exp_net=-0.5301%)
  h=5m n=11 avg=-0.0611% med=-0.1748% long(wr=45.45% wr_net=27.27% exp_net=-0.4611%) short(wr=54.55% wr_net=36.36% exp_net=-0.3389%)
  h=15m n=10 avg=-0.5457% med=-0.5738% long(wr=30.00% wr_net=30.00% exp_net=-0.9457%) short(wr=70.00% wr_net=50.00% exp_net=0.1457%)
  h=30m n=11 avg=-0.7132% med=0.6623% long(wr=54.55% wr_net=54.55% exp_net=-1.1132%) short(wr=45.45% wr_net=45.45% exp_net=0.3132%)
  h=60m n=10 avg=0.4565% med=-0.1600% long(wr=40.00% wr_net=40.00% exp_net=0.0565%) short(wr=60.00% wr_net=40.00% exp_net=-0.8565%)
 12:55:
  h=1m n=10 avg=-0.0180% med=0.0666% long(wr=50.00% wr_net=40.00% exp_net=-0.4180%) short(wr=40.00% wr_net=20.00% exp_net=-0.3820%)
  h=3m n=11 avg=0.2389% med=0.1799% long(wr=54.55% wr_net=45.45% exp_net=-0.1611%) short(wr=36.36% wr_net=27.27% exp_net=-0.6389%)
  h=5m n=11 avg=-0.0232% med=0.2649% long(wr=63.64% wr_net=36.36% exp_net=-0.4232%) short(wr=36.36% wr_net=36.36% exp_net=-0.3768%)
  h=15m n=10 avg=0.1366% med=-0.4903% long(wr=40.00% wr_net=40.00% exp_net=-0.2634%) short(wr=60.00% wr_net=50.00% exp_net=-0.5366%)
  h=30m n=11 avg=-0.8772% med=0.0000% long(wr=45.45% wr_net=45.45% exp_net=-1.2772%) short(wr=45.45% wr_net=45.45% exp_net=0.4772%)
  h=60m n=8 avg=0.5115% med=-0.6571% long(wr=37.50% wr_net=37.50% exp_net=0.1115%) short(wr=62.50% wr_net=62.50% exp_net=-0.9115%)
 12:56:
  h=1m n=15 avg=-0.2190% med=0.0000% long(wr=40.00% wr_net=13.33% exp_net=-0.6190%) short(wr=46.67% wr_net=26.67% exp_net=-0.1810%)
  h=3m n=15 avg=-0.3002% med=-0.2660% long(wr=33.33% wr_net=26.67% exp_net=-0.7002%) short(wr=66.67% wr_net=46.67% exp_net=-0.0998%)
  h=5m n=16 avg=1.5242% med=-0.8291% long(wr=43.75% wr_net=37.50% exp_net=1.1242%) short(wr=56.25% wr_net=56.25% exp_net=-1.9242%)
  h=15m n=14 avg=2.5160% med=-0.6979% long(wr=42.86% wr_net=42.86% exp_net=2.1160%) short(wr=57.14% wr_net=57.14% exp_net=-2.9160%)
  h=30m n=15 avg=1.5620% med=0.0000% long(wr=46.67% wr_net=40.00% exp_net=1.1620%) short(wr=46.67% wr_net=40.00% exp_net=-1.9620%)
  h=60m n=14 avg=1.5155% med=-0.5319% long(wr=42.86% wr_net=42.86% exp_net=1.1155%) short(wr=50.00% wr_net=50.00% exp_net=-1.9155%)
 12:57:
  h=1m n=15 avg=0.4335% med=0.4819% long(wr=60.00% wr_net=53.33% exp_net=0.0335%) short(wr=33.33% wr_net=26.67% exp_net=-0.8335%)
  h=3m n=15 avg=1.5822% med=0.3591% long(wr=53.33% wr_net=46.67% exp_net=1.1822%) short(wr=46.67% wr_net=40.00% exp_net=-1.9822%)
  h=5m n=14 avg=2.0350% med=0.4823% long(wr=50.00% wr_net=50.00% exp_net=1.6350%) short(wr=50.00% wr_net=28.57% exp_net=-2.4350%)
  h=15m n=15 avg=3.7267% med=0.4847% long(wr=60.00% wr_net=60.00% exp_net=3.3267%) short(wr=40.00% wr_net=40.00% exp_net=-4.1267%)
  h=30m n=13 avg=2.8341% med=1.6694% long(wr=53.85% wr_net=53.85% exp_net=2.4341%) short(wr=46.15% wr_net=38.46% exp_net=-3.2341%)
  h=60m n=12 avg=3.7423% med=2.6919% long(wr=58.33% wr_net=58.33% exp_net=3.3423%) short(wr=41.67% wr_net=41.67% exp_net=-4.1423%)
 12:58:
  h=1m n=14 avg=0.0303% med=-0.6102% long(wr=35.71% wr_net=21.43% exp_net=-0.3697%) short(wr=57.14% wr_net=57.14% exp_net=-0.4303%)
  h=3m n=15 avg=1.1885% med=0.1751% long(wr=53.33% wr_net=46.67% exp_net=0.7885%) short(wr=46.67% wr_net=46.67% exp_net=-1.5885%)
  h=5m n=14 avg=0.8711% med=-0.2824% long(wr=50.00% wr_net=42.86% exp_net=0.4711%) short(wr=50.00% wr_net=50.00% exp_net=-1.2711%)
  h=15m n=14 avg=4.1121% med=0.3538% long(wr=50.00% wr_net=50.00% exp_net=3.7121%) short(wr=42.86% wr_net=28.57% exp_net=-4.5121%)
  h=30m n=14 avg=1.6104% med=1.5567% long(wr=57.14% wr_net=57.14% exp_net=1.2104%) short(wr=42.86% wr_net=35.71% exp_net=-2.0104%)
  h=60m n=15 avg=2.7021% med=1.6340% long(wr=53.33% wr_net=53.33% exp_net=2.3021%) short(wr=46.67% wr_net=46.67% exp_net=-3.1021%)
 12:59:
  h=1m n=14 avg=0.7214% med=0.4433% long(wr=64.29% wr_net=50.00% exp_net=0.3214%) short(wr=28.57% wr_net=21.43% exp_net=-1.1214%)
  h=3m n=13 avg=0.6824% med=-0.4071% long(wr=38.46% wr_net=30.77% exp_net=0.2824%) short(wr=61.54% wr_net=53.85% exp_net=-1.0824%)
  h=5m n=13 avg=0.4817% med=0.0000% long(wr=38.46% wr_net=23.08% exp_net=0.0817%) short(wr=46.15% wr_net=46.15% exp_net=-0.8817%)
  h=15m n=14 avg=2.9676% med=1.1150% long(wr=71.43% wr_net=64.29% exp_net=2.5676%) short(wr=28.57% wr_net=28.57% exp_net=-3.3676%)
  h=30m n=13 avg=1.3214% med=-0.8945% long(wr=46.15% wr_net=38.46% exp_net=0.9214%) short(wr=53.85% wr_net=53.85% exp_net=-1.7214%)
  h=60m n=14 avg=1.0141% med=-1.2534% long(wr=42.86% wr_net=42.86% exp_net=0.6141%) short(wr=57.14% wr_net=57.14% exp_net=-1.4141%)
 13:00:
  h=1m n=15 avg=0.1524% med=-0.1321% long(wr=33.33% wr_net=33.33% exp_net=-0.2476%) short(wr=66.67% wr_net=40.00% exp_net=-0.5524%)
  h=3m n=14 avg=-0.1514% med=-0.3316% long(wr=35.71% wr_net=28.57% exp_net=-0.5514%) short(wr=57.14% wr_net=50.00% exp_net=-0.2486%)
  h=5m n=14 avg=-0.6518% med=-0.9280% long(wr=35.71% wr_net=21.43% exp_net=-1.0518%) short(wr=57.14% wr_net=57.14% exp_net=0.2518%)
  h=15m n=14 avg=2.8644% med=0.2332% long(wr=64.29% wr_net=42.86% exp_net=2.4644%) short(wr=35.71% wr_net=28.57% exp_net=-3.2644%)
  h=30m n=15 avg=0.6070% med=-0.6803% long(wr=40.00% wr_net=40.00% exp_net=0.2070%) short(wr=53.33% wr_net=53.33% exp_net=-1.0070%)
  h=60m n=14 avg=0.7308% med=-0.1819% long(wr=42.86% wr_net=42.86% exp_net=0.3308%) short(wr=57.14% wr_net=42.86% exp_net=-1.1308%)
 13:01:
  h=1m n=15 avg=-0.4463% med=-0.2658% long(wr=26.67% wr_net=13.33% exp_net=-0.8463%) short(wr=66.67% wr_net=46.67% exp_net=0.0463%)
  h=3m n=13 avg=-1.0081% med=-0.8741% long(wr=7.69% wr_net=0.00% exp_net=-1.4081%) short(wr=76.92% wr_net=61.54% exp_net=0.6081%)
  h=5m n=12 avg=-1.2719% med=-0.9583% long(wr=25.00% wr_net=16.67% exp_net=-1.6719%) short(wr=75.00% wr_net=75.00% exp_net=0.8719%)
  h=15m n=14 avg=1.4777% med=0.0682% long(wr=50.00% wr_net=50.00% exp_net=1.0777%) short(wr=50.00% wr_net=42.86% exp_net=-1.8777%)
  h=30m n=13 avg=-0.4272% med=-0.6993% long(wr=38.46% wr_net=38.46% exp_net=-0.8272%) short(wr=53.85% wr_net=53.85% exp_net=0.0272%)
  h=60m n=14 avg=-0.4078% med=0.2431% long(wr=57.14% wr_net=42.86% exp_net=-0.8078%) short(wr=42.86% wr_net=42.86% exp_net=0.0078%)
 13:02:
  h=1m n=13 avg=0.2449% med=0.1183% long(wr=53.85% wr_net=30.77% exp_net=-0.1551%) short(wr=46.15% wr_net=30.77% exp_net=-0.6449%)
  h=3m n=14 avg=-0.7689% med=-0.8926% long(wr=28.57% wr_net=21.43% exp_net=-1.1689%) short(wr=64.29% wr_net=64.29% exp_net=0.3689%)
  h=5m n=14 avg=-0.2475% med=-0.5962% long(wr=21.43% wr_net=14.29% exp_net=-0.6475%) short(wr=71.43% wr_net=50.00% exp_net=-0.1525%)
  h=15m n=13 avg=3.3294% med=0.4087% long(wr=61.54% wr_net=53.85% exp_net=2.9294%) short(wr=38.46% wr_net=38.46% exp_net=-3.7294%)
  h=30m n=15 avg=-0.1528% med=-0.2725% long(wr=46.67% wr_net=40.00% exp_net=-0.5528%) short(wr=53.33% wr_net=46.67% exp_net=-0.2472%)
  h=60m n=12 avg=-0.2416% med=-0.4923% long(wr=50.00% wr_net=50.00% exp_net=-0.6416%) short(wr=50.00% wr_net=50.00% exp_net=-0.1584%)
 13:03:
  h=1m n=14 avg=-0.5571% med=-0.6430% long(wr=42.86% wr_net=28.57% exp_net=-0.9571%) short(wr=57.14% wr_net=57.14% exp_net=0.1571%)
  h=3m n=13 avg=-0.7053% med=-0.7241% long(wr=30.77% wr_net=30.77% exp_net=-1.1053%) short(wr=61.54% wr_net=61.54% exp_net=0.3053%)
  h=5m n=14 avg=-0.2748% med=-0.6172% long(wr=21.43% wr_net=21.43% exp_net=-0.6748%) short(wr=71.43% wr_net=57.14% exp_net=-0.1252%)
  h=15m n=14 avg=2.1081% med=-0.0603% long(wr=42.86% wr_net=42.86% exp_net=1.7081%) short(wr=50.00% wr_net=35.71% exp_net=-2.5081%)
  h=30m n=13 avg=0.0287% med=-0.1745% long(wr=38.46% wr_net=38.46% exp_net=-0.3713%) short(wr=61.54% wr_net=46.15% exp_net=-0.4287%)
  h=60m n=14 avg=0.7048% med=1.2734% long(wr=57.14% wr_net=57.14% exp_net=0.3048%) short(wr=35.71% wr_net=35.71% exp_net=-1.1048%)
 13:04:
  h=1m n=14 avg=-0.3160% med=-0.5087% long(wr=42.86% wr_net=28.57% exp_net=-0.7160%) short(wr=57.14% wr_net=50.00% exp_net=-0.0840%)
  h=3m n=14 avg=0.0664% med=-0.5517% long(wr=28.57% wr_net=21.43% exp_net=-0.3336%) short(wr=64.29% wr_net=57.14% exp_net=-0.4664%)
  h=5m n=14 avg=-0.1544% med=-0.3512% long(wr=35.71% wr_net=21.43% exp_net=-0.5544%) short(wr=64.29% wr_net=42.86% exp_net=-0.2456%)
  h=15m n=12 avg=2.7669% med=0.2427% long(wr=66.67% wr_net=33.33% exp_net=2.3669%) short(wr=33.33% wr_net=25.00% exp_net=-3.1669%)
  h=30m n=12 avg=0.3184% med=-1.5078% long(wr=33.33% wr_net=33.33% exp_net=-0.0816%) short(wr=66.67% wr_net=66.67% exp_net=-0.7184%)
  h=60m n=14 avg=1.4170% med=0.2141% long(wr=57.14% wr_net=42.86% exp_net=1.0170%) short(wr=42.86% wr_net=35.71% exp_net=-1.8170%)
 13:05:
  h=1m n=10 avg=0.3894% med=-0.0575% long(wr=40.00% wr_net=30.00% exp_net=-0.0106%) short(wr=50.00% wr_net=20.00% exp_net=-0.7894%)
  h=3m n=12 avg=0.3346% med=-0.1009% long(wr=41.67% wr_net=41.67% exp_net=-0.0654%) short(wr=58.33% wr_net=41.67% exp_net=-0.7346%)
  h=5m n=11 avg=0.9215% med=0.1464% long(wr=54.55% wr_net=45.45% exp_net=0.5215%) short(wr=45.45% wr_net=27.27% exp_net=-1.3215%)
  h=15m n=11 avg=1.1986% med=0.6472% long(wr=54.55% wr_net=54.55% exp_net=0.7986%) short(wr=45.45% wr_net=36.36% exp_net=-1.5986%)
  h=30m n=11 avg=1.2422% med=-1.4440% long(wr=36.36% wr_net=36.36% exp_net=0.8422%) short(wr=63.64% wr_net=63.64% exp_net=-1.6422%)
  h=60m n=11 avg=1.9875% med=-1.2635% long(wr=45.45% wr_net=45.45% exp_net=1.5875%) short(wr=54.55% wr_net=54.55% exp_net=-2.3875%)
 13:06:
  h=1m n=11 avg=0.1244% med=0.0000% long(wr=45.45% wr_net=45.45% exp_net=-0.2756%) short(wr=45.45% wr_net=36.36% exp_net=-0.5244%)
  h=3m n=11 avg=-0.5040% med=-0.0810% long(wr=36.36% wr_net=36.36% exp_net=-0.9040%) short(wr=54.55% wr_net=36.36% exp_net=0.1040%)
  h=5m n=12 avg=0.7870% med=0.1049% long(wr=50.00% wr_net=41.67% exp_net=0.3870%) short(wr=50.00% wr_net=33.33% exp_net=-1.1870%)
  h=15m n=12 avg=0.3846% med=0.4027% long(wr=58.33% wr_net=50.00% exp_net=-0.0154%) short(wr=41.67% wr_net=41.67% exp_net=-0.7846%)
  h=30m n=12 avg=0.5320% med=-0.5525% long(wr=41.67% wr_net=41.67% exp_net=0.1320%) short(wr=50.00% wr_net=50.00% exp_net=-0.9320%)
  h=60m n=11 avg=-0.8800% med=-1.0870% long(wr=45.45% wr_net=36.36% exp_net=-1.2800%) short(wr=54.55% wr_net=54.55% exp_net=0.4800%)
 13:07:
  h=1m n=11 avg=-0.0453% med=0.0000% long(wr=45.45% wr_net=18.18% exp_net=-0.4453%) short(wr=45.45% wr_net=18.18% exp_net=-0.3547%)
  h=3m n=10 avg=0.3804% med=0.2022% long(wr=50.00% wr_net=50.00% exp_net=-0.0196%) short(wr=40.00% wr_net=30.00% exp_net=-0.7804%)
  h=5m n=11 avg=1.0731% med=0.1764% long(wr=54.55% wr_net=36.36% exp_net=0.6731%) short(wr=45.45% wr_net=45.45% exp_net=-1.4731%)
  h=15m n=11 avg=-0.0825% med=0.3584% long(wr=54.55% wr_net=45.45% exp_net=-0.4825%) short(wr=36.36% wr_net=27.27% exp_net=-0.3175%)
  h=30m n=11 avg=1.4972% med=0.0000% long(wr=45.45% wr_net=45.45% exp_net=1.0972%) short(wr=45.45% wr_net=45.45% exp_net=-1.8972%)
  h=60m n=11 avg=0.5216% med=0.5822% long(wr=54.55% wr_net=54.55% exp_net=0.1216%) short(wr=45.45% wr_net=45.45% exp_net=-0.9216%)
 13:08:
  h=1m n=12 avg=-0.2422% med=-0.3971% long(wr=33.33% wr_net=25.00% exp_net=-0.6422%) short(wr=66.67% wr_net=50.00% exp_net=-0.1578%)
  h=3m n=12 avg=0.2788% med=-0.2465% long(wr=41.67% wr_net=33.33% exp_net=-0.1212%) short(wr=50.00% wr_net=50.00% exp_net=-0.6788%)
  h=5m n=13 avg=1.3688% med=-0.2113% long(wr=46.15% wr_net=38.46% exp_net=0.9688%) short(wr=53.85% wr_net=46.15% exp_net=-1.7688%)
  h=15m n=13 avg=-0.6888% med=-0.3397% long(wr=46.15% wr_net=46.15% exp_net=-1.0888%) short(wr=53.85% wr_net=46.15% exp_net=0.2888%)
  h=30m n=11 avg=2.5970% med=0.3521% long(wr=54.55% wr_net=45.45% exp_net=2.1970%) short(wr=36.36% wr_net=36.36% exp_net=-2.9970%)
  h=60m n=11 avg=-0.0155% med=2.0588% long(wr=54.55% wr_net=54.55% exp_net=-0.4155%) short(wr=45.45% wr_net=45.45% exp_net=-0.3845%)
 13:09:
  h=1m n=12 avg=0.6306% med=-0.2425% long(wr=41.67% wr_net=33.33% exp_net=0.2306%) short(wr=58.33% wr_net=41.67% exp_net=-1.0306%)
  h=3m n=12 avg=1.3774% med=0.3974% long(wr=58.33% wr_net=50.00% exp_net=0.9774%) short(wr=41.67% wr_net=41.67% exp_net=-1.7774%)
  h=5m n=12 avg=1.7476% med=-0.7617% long(wr=41.67% wr_net=41.67% exp_net=1.3476%) short(wr=58.33% wr_net=58.33% exp_net=-2.1476%)
  h=15m n=12 avg=-0.6464% med=-0.7822% long(wr=33.33% wr_net=33.33% exp_net=-1.0464%) short(wr=66.67% wr_net=66.67% exp_net=0.2464%)
  h=30m n=11 avg=1.8879% med=-0.7194% long(wr=45.45% wr_net=45.45% exp_net=1.4879%) short(wr=54.55% wr_net=54.55% exp_net=-2.2879%)
  h=60m n=11 avg=1.7845% med=2.5142% long(wr=54.55% wr_net=54.55% exp_net=1.3845%) short(wr=45.45% wr_net=36.36% exp_net=-2.1845%)
 13:10:
  h=1m n=11 avg=0.4802% med=-0.1309% long(wr=45.45% wr_net=45.45% exp_net=0.0802%) short(wr=54.55% wr_net=36.36% exp_net=-0.8802%)
  h=3m n=12 avg=1.1536% med=-0.2669% long(wr=33.33% wr_net=33.33% exp_net=0.7536%) short(wr=66.67% wr_net=41.67% exp_net=-1.5536%)
  h=5m n=12 avg=1.5901% med=0.2724% long(wr=50.00% wr_net=50.00% exp_net=1.1901%) short(wr=41.67% wr_net=41.67% exp_net=-1.9901%)
  h=15m n=12 avg=-1.0224% med=-0.2618% long(wr=41.67% wr_net=41.67% exp_net=-1.4224%) short(wr=50.00% wr_net=50.00% exp_net=0.6224%)
  h=30m n=10 avg=0.4090% med=-0.1555% long(wr=40.00% wr_net=30.00% exp_net=0.0090%) short(wr=60.00% wr_net=40.00% exp_net=-0.8090%)
  h=60m n=11 avg=-1.0114% med=0.1594% long(wr=54.55% wr_net=45.45% exp_net=-1.4114%) short(wr=45.45% wr_net=45.45% exp_net=0.6114%)
 13:11:
  h=1m n=13 avg=0.1973% med=-0.0708% long(wr=23.08% wr_net=15.38% exp_net=-0.2027%) short(wr=53.85% wr_net=23.08% exp_net=-0.5973%)
  h=3m n=13 avg=0.4722% med=-0.3392% long(wr=38.46% wr_net=30.77% exp_net=0.0722%) short(wr=53.85% wr_net=46.15% exp_net=-0.8722%)
  h=5m n=14 avg=0.5723% med=-0.7970% long(wr=35.71% wr_net=35.71% exp_net=0.1723%) short(wr=57.14% wr_net=57.14% exp_net=-0.9723%)
  h=15m n=13 avg=-1.2047% med=-1.1533% long(wr=38.46% wr_net=30.77% exp_net=-1.6047%) short(wr=61.54% wr_net=61.54% exp_net=0.8047%)
  h=30m n=12 avg=-0.2035% med=-0.0734% long(wr=50.00% wr_net=50.00% exp_net=-0.6035%) short(wr=50.00% wr_net=50.00% exp_net=-0.1965%)
  h=60m n=13 avg=-1.4183% med=-1.4862% long(wr=30.77% wr_net=30.77% exp_net=-1.8183%) short(wr=69.23% wr_net=69.23% exp_net=1.0183%)
 13:12:
  h=1m n=14 avg=0.6728% med=0.2503% long(wr=57.14% wr_net=35.71% exp_net=0.2728%) short(wr=35.71% wr_net=21.43% exp_net=-1.0728%)
  h=3m n=13 avg=0.9394% med=0.0790% long(wr=53.85% wr_net=38.46% exp_net=0.5394%) short(wr=38.46% wr_net=23.08% exp_net=-1.3394%)
  h=5m n=12 avg=1.2443% med=-0.0678% long(wr=41.67% wr_net=41.67% exp_net=0.8443%) short(wr=50.00% wr_net=41.67% exp_net=-1.6443%)
  h=15m n=13 avg=-1.2224% med=-1.8996% long(wr=46.15% wr_net=30.77% exp_net=-1.6224%) short(wr=53.85% wr_net=53.85% exp_net=0.8224%)
  h=30m n=14 avg=-0.8660% med=-1.6270% long(wr=28.57% wr_net=28.57% exp_net=-1.2660%) short(wr=71.43% wr_net=71.43% exp_net=0.4660%)
  h=60m n=12 avg=-1.3365% med=-0.9296% long(wr=33.33% wr_net=33.33% exp_net=-1.7365%) short(wr=66.67% wr_net=58.33% exp_net=0.9365%)
 13:13:
  h=1m n=15 avg=-0.3192% med=-0.3392% long(wr=20.00% wr_net=20.00% exp_net=-0.7192%) short(wr=73.33% wr_net=46.67% exp_net=-0.0808%)
  h=3m n=15 avg=-0.4748% med=-0.2646% long(wr=46.67% wr_net=26.67% exp_net=-0.8748%) short(wr=53.33% wr_net=46.67% exp_net=0.0748%)
  h=5m n=17 avg=-0.2613% med=-0.1357% long(wr=47.06% wr_net=35.29% exp_net=-0.6613%) short(wr=52.94% wr_net=47.06% exp_net=-0.1387%)
  h=15m n=16 avg=-1.8465% med=-1.4208% long(wr=25.00% wr_net=18.75% exp_net=-2.2465%) short(wr=68.75% wr_net=62.50% exp_net=1.4465%)
  h=30m n=16 avg=-1.3070% med=-1.3136% long(wr=31.25% wr_net=31.25% exp_net=-1.7070%) short(wr=62.50% wr_net=62.50% exp_net=0.9070%)
  h=60m n=14 avg=-1.6756% med=-1.4024% long(wr=35.71% wr_net=35.71% exp_net=-2.0756%) short(wr=64.29% wr_net=57.14% exp_net=1.2756%)
 13:14:
  h=1m n=12 avg=0.3564% med=0.2676% long(wr=58.33% wr_net=41.67% exp_net=-0.0436%) short(wr=41.67% wr_net=33.33% exp_net=-0.7564%)
  h=3m n=11 avg=0.6660% med=-0.1499% long(wr=45.45% wr_net=45.45% exp_net=0.2660%) short(wr=54.55% wr_net=45.45% exp_net=-1.0660%)
  h=5m n=12 avg=-0.4654% med=-0.4378% long(wr=25.00% wr_net=16.67% exp_net=-0.8654%) short(wr=58.33% wr_net=50.00% exp_net=0.0654%)
  h=15m n=12 avg=-1.8093% med=-1.2460% long(wr=25.00% wr_net=25.00% exp_net=-2.2093%) short(wr=66.67% wr_net=58.33% exp_net=1.4093%)
  h=30m n=12 avg=-1.1108% med=-0.9636% long(wr=25.00% wr_net=25.00% exp_net=-1.5108%) short(wr=75.00% wr_net=75.00% exp_net=0.7108%)
  h=60m n=12 avg=-1.7033% med=-0.3060% long(wr=41.67% wr_net=41.67% exp_net=-2.1033%) short(wr=58.33% wr_net=50.00% exp_net=1.3033%)
 13:15:
  h=1m n=11 avg=-0.3694% med=-0.5277% long(wr=36.36% wr_net=18.18% exp_net=-0.7694%) short(wr=63.64% wr_net=63.64% exp_net=-0.0306%)
  h=3m n=13 avg=-0.1542% med=0.0000% long(wr=46.15% wr_net=23.08% exp_net=-0.5542%) short(wr=38.46% wr_net=38.46% exp_net=-0.2458%)
  h=5m n=12 avg=-1.6453% med=-0.1323% long(wr=41.67% wr_net=25.00% exp_net=-2.0453%) short(wr=50.00% wr_net=41.67% exp_net=1.2453%)
  h=15m n=12 avg=-1.8740% med=-0.9511% long(wr=25.00% wr_net=25.00% exp_net=-2.2740%) short(wr=58.33% wr_net=58.33% exp_net=1.4740%)
  h=30m n=12 avg=-1.0517% med=-0.6255% long(wr=41.67% wr_net=33.33% exp_net=-1.4517%) short(wr=58.33% wr_net=58.33% exp_net=0.6517%)
  h=60m n=12 avg=-2.0287% med=-0.8197% long(wr=41.67% wr_net=41.67% exp_net=-2.4287%) short(wr=58.33% wr_net=58.33% exp_net=1.6287%)
 13:16:
  h=1m n=10 avg=0.6243% med=0.0000% long(wr=40.00% wr_net=40.00% exp_net=0.2243%) short(wr=30.00% wr_net=30.00% exp_net=-1.0243%)
  h=3m n=11 avg=-0.3746% med=0.0000% long(wr=45.45% wr_net=36.36% exp_net=-0.7746%) short(wr=45.45% wr_net=45.45% exp_net=-0.0254%)
  h=5m n=12 avg=-0.8732% med=0.1915% long(wr=58.33% wr_net=25.00% exp_net=-1.2732%) short(wr=41.67% wr_net=41.67% exp_net=0.4732%)
  h=15m n=11 avg=-2.1390% med=-0.9042% long(wr=36.36% wr_net=36.36% exp_net=-2.5390%) short(wr=63.64% wr_net=54.55% exp_net=1.7390%)
  h=30m n=11 avg=-0.7751% med=-0.2326% long(wr=45.45% wr_net=45.45% exp_net=-1.1751%) short(wr=54.55% wr_net=45.45% exp_net=0.3751%)
  h=60m n=9 avg=-2.1892% med=0.9585% long(wr=55.56% wr_net=55.56% exp_net=-2.5892%) short(wr=44.44% wr_net=44.44% exp_net=1.7892%)
 13:17:
  h=1m n=11 avg=-0.3920% med=-0.3754% long(wr=18.18% wr_net=9.09% exp_net=-0.7920%) short(wr=63.64% wr_net=45.45% exp_net=-0.0080%)
  h=3m n=9 avg=-2.4141% med=-0.3003% long(wr=22.22% wr_net=11.11% exp_net=-2.8141%) short(wr=66.67% wr_net=44.44% exp_net=2.0141%)
  h=5m n=10 avg=-1.8637% med=0.0646% long(wr=50.00% wr_net=40.00% exp_net=-2.2637%) short(wr=50.00% wr_net=40.00% exp_net=1.4637%)
  h=15m n=11 avg=-3.0376% med=-1.2639% long(wr=18.18% wr_net=18.18% exp_net=-3.4376%) short(wr=81.82% wr_net=72.73% exp_net=2.6376%)
  h=30m n=10 avg=-1.2357% med=-0.6349% long(wr=50.00% wr_net=40.00% exp_net=-1.6357%) short(wr=50.00% wr_net=50.00% exp_net=0.8357%)
  h=60m n=11 avg=-1.2366% med=-0.0401% long(wr=45.45% wr_net=45.45% exp_net=-1.6366%) short(wr=54.55% wr_net=45.45% exp_net=0.8366%)
 13:18:
  h=1m n=12 avg=-0.4612% med=-0.2797% long(wr=25.00% wr_net=16.67% exp_net=-0.8612%) short(wr=66.67% wr_net=41.67% exp_net=0.0612%)
  h=3m n=15 avg=-0.8584% med=-0.1799% long(wr=33.33% wr_net=20.00% exp_net=-1.2584%) short(wr=60.00% wr_net=33.33% exp_net=0.4584%)
  h=5m n=12 avg=-1.8677% med=-0.5919% long(wr=33.33% wr_net=33.33% exp_net=-2.2677%) short(wr=66.67% wr_net=50.00% exp_net=1.4677%)
  h=15m n=11 avg=-2.3455% med=-0.1745% long(wr=45.45% wr_net=45.45% exp_net=-2.7455%) short(wr=54.55% wr_net=45.45% exp_net=1.9455%)
  h=30m n=14 avg=-0.2286% med=0.9723% long(wr=57.14% wr_net=57.14% exp_net=-0.6286%) short(wr=42.86% wr_net=42.86% exp_net=-0.1714%)
  h=60m n=13 avg=0.9587% med=1.9868% long(wr=61.54% wr_net=61.54% exp_net=0.5587%) short(wr=38.46% wr_net=38.46% exp_net=-1.3587%)
 13:19:
  h=1m n=12 avg=-0.9676% med=0.4782% long(wr=58.33% wr_net=58.33% exp_net=-1.3676%) short(wr=41.67% wr_net=41.67% exp_net=0.5676%)
  h=3m n=13 avg=-0.9225% med=-0.1321% long(wr=46.15% wr_net=46.15% exp_net=-1.3225%) short(wr=53.85% wr_net=38.46% exp_net=0.5225%)
  h=5m n=12 avg=-1.9591% med=-0.7342% long(wr=41.67% wr_net=25.00% exp_net=-2.3591%) short(wr=58.33% wr_net=58.33% exp_net=1.5591%)
  h=15m n=11 avg=-1.6826% med=0.0000% long(wr=45.45% wr_net=27.27% exp_net=-2.0826%) short(wr=45.45% wr_net=45.45% exp_net=1.2826%)
  h=30m n=11 avg=0.6531% med=4.3478% long(wr=63.64% wr_net=63.64% exp_net=0.2531%) short(wr=36.36% wr_net=36.36% exp_net=-1.0531%)
  h=60m n=10 avg=0.2269% med=0.1626% long(wr=50.00% wr_net=50.00% exp_net=-0.1731%) short(wr=50.00% wr_net=50.00% exp_net=-0.6269%)
 13:20:
  h=1m n=9 avg=-0.0421% med=-0.1751% long(wr=33.33% wr_net=22.22% exp_net=-0.4421%) short(wr=66.67% wr_net=22.22% exp_net=-0.3579%)
  h=3m n=9 avg=-1.0857% med=-1.2048% long(wr=22.22% wr_net=22.22% exp_net=-1.4857%) short(wr=77.78% wr_net=77.78% exp_net=0.6857%)
  h=5m n=9 avg=-0.9174% med=-0.7833% long(wr=22.22% wr_net=22.22% exp_net=-1.3174%) short(wr=77.78% wr_net=66.67% exp_net=0.5174%)
  h=15m n=8 avg=0.1655% med=0.6900% long(wr=62.50% wr_net=50.00% exp_net=-0.2345%) short(wr=37.50% wr_net=37.50% exp_net=-0.5655%)
  h=30m n=8 avg=-0.0690% med=1.7161% long(wr=62.50% wr_net=62.50% exp_net=-0.4690%) short(wr=37.50% wr_net=37.50% exp_net=-0.3310%)
  h=60m n=8 avg=-2.6530% med=0.5023% long(wr=62.50% wr_net=62.50% exp_net=-3.0530%) short(wr=37.50% wr_net=37.50% exp_net=2.2530%)
 13:21:
  h=1m n=12 avg=-0.3656% med=0.3027% long(wr=50.00% wr_net=50.00% exp_net=-0.7656%) short(wr=41.67% wr_net=33.33% exp_net=-0.0344%)
  h=3m n=12 avg=-1.3783% med=-0.7799% long(wr=33.33% wr_net=25.00% exp_net=-1.7783%) short(wr=66.67% wr_net=58.33% exp_net=0.9783%)
  h=5m n=12 avg=-0.8054% med=-0.4746% long(wr=33.33% wr_net=33.33% exp_net=-1.2054%) short(wr=58.33% wr_net=58.33% exp_net=0.4054%)
  h=15m n=13 avg=1.0734% med=0.5263% long(wr=61.54% wr_net=53.85% exp_net=0.6734%) short(wr=38.46% wr_net=38.46% exp_net=-1.4734%)
  h=30m n=12 avg=-0.0020% med=2.0401% long(wr=58.33% wr_net=58.33% exp_net=-0.4020%) short(wr=41.67% wr_net=41.67% exp_net=-0.3980%)
  h=60m n=11 avg=1.9711% med=3.7764% long(wr=54.55% wr_net=54.55% exp_net=1.5711%) short(wr=45.45% wr_net=36.36% exp_net=-2.3711%)
 13:22:
  h=1m n=10 avg=-0.7899% med=-0.8032% long(wr=30.00% wr_net=20.00% exp_net=-1.1899%) short(wr=70.00% wr_net=60.00% exp_net=0.3899%)
  h=3m n=11 avg=-0.5292% med=-0.1053% long(wr=27.27% wr_net=27.27% exp_net=-0.9292%) short(wr=54.55% wr_net=45.45% exp_net=0.1292%)
  h=5m n=11 avg=-0.5830% med=0.1661% long(wr=54.55% wr_net=45.45% exp_net=-0.9830%) short(wr=45.45% wr_net=45.45% exp_net=0.1830%)
  h=15m n=11 avg=0.3383% med=-0.3478% long(wr=27.27% wr_net=27.27% exp_net=-0.0617%) short(wr=63.64% wr_net=36.36% exp_net=-0.7383%)
  h=30m n=11 avg=-0.4370% med=1.9108% long(wr=54.55% wr_net=54.55% exp_net=-0.8370%) short(wr=45.45% wr_net=45.45% exp_net=0.0370%)
  h=60m n=10 avg=0.8199% med=-1.5258% long(wr=40.00% wr_net=40.00% exp_net=0.4199%) short(wr=60.00% wr_net=60.00% exp_net=-1.2199%)
 13:23:
  h=1m n=9 avg=-0.4150% med=-0.2625% long(wr=33.33% wr_net=22.22% exp_net=-0.8150%) short(wr=55.56% wr_net=33.33% exp_net=0.0150%)
  h=3m n=9 avg=0.2446% med=0.1733% long(wr=55.56% wr_net=33.33% exp_net=-0.1554%) short(wr=44.44% wr_net=22.22% exp_net=-0.6446%)
  h=5m n=9 avg=-0.1274% med=0.0656% long(wr=55.56% wr_net=33.33% exp_net=-0.5274%) short(wr=44.44% wr_net=33.33% exp_net=-0.2726%)
  h=15m n=8 avg=-0.0777% med=-1.3940% long(wr=37.50% wr_net=25.00% exp_net=-0.4777%) short(wr=62.50% wr_net=62.50% exp_net=-0.3223%)
  h=30m n=9 avg=0.2432% med=2.6903% long(wr=55.56% wr_net=55.56% exp_net=-0.1568%) short(wr=33.33% wr_net=33.33% exp_net=-0.6432%)
  h=60m n=8 avg=3.9398% med=-0.9170% long(wr=37.50% wr_net=37.50% exp_net=3.5398%) short(wr=62.50% wr_net=62.50% exp_net=-4.3398%)
 13:24:
  h=1m n=8 avg=-0.0040% med=-0.0860% long(wr=25.00% wr_net=25.00% exp_net=-0.4040%) short(wr=50.00% wr_net=37.50% exp_net=-0.3960%)
  h=3m n=9 avg=0.6525% med=0.3623% long(wr=66.67% wr_net=44.44% exp_net=0.2525%) short(wr=22.22% wr_net=11.11% exp_net=-1.0525%)
  h=5m n=8 avg=0.2247% med=0.4398% long(wr=75.00% wr_net=50.00% exp_net=-0.1753%) short(wr=25.00% wr_net=25.00% exp_net=-0.6247%)
  h=15m n=8 avg=-0.5577% med=-0.2860% long(wr=25.00% wr_net=25.00% exp_net=-0.9577%) short(wr=50.00% wr_net=50.00% exp_net=0.1577%)
  h=30m n=8 avg=-0.4257% med=1.5283% long(wr=62.50% wr_net=62.50% exp_net=-0.8257%) short(wr=37.50% wr_net=37.50% exp_net=0.0257%)
  h=60m n=7 avg=-0.0045% med=-1.4625% long(wr=28.57% wr_net=28.57% exp_net=-0.4045%) short(wr=71.43% wr_net=57.14% exp_net=-0.3955%)
 13:25:
  h=1m n=10 avg=0.4805% med=0.1408% long(wr=50.00% wr_net=40.00% exp_net=0.0805%) short(wr=30.00% wr_net=30.00% exp_net=-0.8805%)
  h=3m n=10 avg=0.0993% med=0.3334% long(wr=60.00% wr_net=30.00% exp_net=-0.3007%) short(wr=40.00% wr_net=40.00% exp_net=-0.4993%)
  h=5m n=11 avg=0.7498% med=-0.2863% long(wr=45.45% wr_net=45.45% exp_net=0.3498%) short(wr=54.55% wr_net=45.45% exp_net=-1.1498%)
  h=15m n=8 avg=-0.3498% med=0.8656% long(wr=62.50% wr_net=62.50% exp_net=-0.7498%) short(wr=37.50% wr_net=37.50% exp_net=-0.0502%)
  h=30m n=9 avg=0.3284% med=0.5192% long(wr=66.67% wr_net=55.56% exp_net=-0.0716%) short(wr=33.33% wr_net=33.33% exp_net=-0.7284%)
  h=60m n=10 avg=3.4573% med=0.4109% long(wr=50.00% wr_net=50.00% exp_net=3.0573%) short(wr=50.00% wr_net=40.00% exp_net=-3.8573%)
 13:26:
  h=1m n=11 avg=0.1667% med=0.0385% long(wr=54.55% wr_net=36.36% exp_net=-0.2333%) short(wr=27.27% wr_net=27.27% exp_net=-0.5667%)
  h=3m n=10 avg=-0.0166% med=0.3484% long(wr=70.00% wr_net=40.00% exp_net=-0.4166%) short(wr=30.00% wr_net=20.00% exp_net=-0.3834%)
  h=5m n=10 avg=-0.1175% med=-0.7136% long(wr=30.00% wr_net=30.00% exp_net=-0.5175%) short(wr=70.00% wr_net=70.00% exp_net=-0.2825%)
  h=15m n=11 avg=0.5446% med=0.3900% long(wr=63.64% wr_net=45.45% exp_net=0.1446%) short(wr=36.36% wr_net=36.36% exp_net=-0.9446%)
  h=30m n=10 avg=0.5407% med=1.6405% long(wr=70.00% wr_net=60.00% exp_net=0.1407%) short(wr=30.00% wr_net=30.00% exp_net=-0.9407%)
  h=60m n=8 avg=4.8475% med=4.9445% long(wr=50.00% wr_net=50.00% exp_net=4.4475%) short(wr=50.00% wr_net=37.50% exp_net=-5.2475%)
 13:27:
  h=1m n=12 avg=-0.4873% med=-0.1511% long(wr=33.33% wr_net=16.67% exp_net=-0.8873%) short(wr=58.33% wr_net=41.67% exp_net=0.0873%)
  h=3m n=11 avg=0.1637% med=-0.0384% long(wr=45.45% wr_net=45.45% exp_net=-0.2363%) short(wr=54.55% wr_net=45.45% exp_net=-0.5637%)
  h=5m n=10 avg=-0.5123% med=-0.6024% long(wr=40.00% wr_net=40.00% exp_net=-0.9123%) short(wr=60.00% wr_net=50.00% exp_net=0.1123%)
  h=15m n=9 avg=-1.1278% med=0.4155% long(wr=55.56% wr_net=55.56% exp_net=-1.5278%) short(wr=44.44% wr_net=44.44% exp_net=0.7278%)
  h=30m n=10 avg=1.4456% med=1.8290% long(wr=60.00% wr_net=60.00% exp_net=1.0456%) short(wr=30.00% wr_net=30.00% exp_net=-1.8456%)
  h=60m n=11 avg=2.4180% med=-0.9025% long(wr=45.45% wr_net=45.45% exp_net=2.0180%) short(wr=54.55% wr_net=54.55% exp_net=-2.8180%)
 13:28:
  h=1m n=8 avg=0.3322% med=0.4301% long(wr=75.00% wr_net=50.00% exp_net=-0.0678%) short(wr=25.00% wr_net=12.50% exp_net=-0.7322%)
  h=3m n=8 avg=0.4856% med=-0.2032% long(wr=37.50% wr_net=25.00% exp_net=0.0856%) short(wr=62.50% wr_net=37.50% exp_net=-0.8856%)
  h=5m n=7 avg=0.1234% med=0.0656% long(wr=57.14% wr_net=28.57% exp_net=-0.2766%) short(wr=42.86% wr_net=42.86% exp_net=-0.5234%)
  h=15m n=9 avg=1.5071% med=0.7018% long(wr=66.67% wr_net=66.67% exp_net=1.1071%) short(wr=33.33% wr_net=33.33% exp_net=-1.9071%)
  h=30m n=9 avg=4.5515% med=3.9832% long(wr=77.78% wr_net=77.78% exp_net=4.1515%) short(wr=22.22% wr_net=22.22% exp_net=-4.9515%)
  h=60m n=8 avg=6.9558% med=4.0845% long(wr=62.50% wr_net=62.50% exp_net=6.5558%) short(wr=37.50% wr_net=37.50% exp_net=-7.3558%)
 13:29:
  h=1m n=9 avg=0.4731% med=0.5256% long(wr=55.56% wr_net=55.56% exp_net=0.0731%) short(wr=44.44% wr_net=44.44% exp_net=-0.8731%)
  h=3m n=8 avg=-0.2790% med=-0.1451% long(wr=50.00% wr_net=37.50% exp_net=-0.6790%) short(wr=50.00% wr_net=37.50% exp_net=-0.1210%)
  h=5m n=8 avg=-0.5702% med=-0.7877% long(wr=25.00% wr_net=25.00% exp_net=-0.9702%) short(wr=62.50% wr_net=50.00% exp_net=0.1702%)
  h=15m n=8 avg=-0.9968% med=-0.7220% long(wr=37.50% wr_net=37.50% exp_net=-1.3968%) short(wr=50.00% wr_net=50.00% exp_net=0.5968%)
  h=30m n=8 avg=2.6149% med=0.9589% long(wr=62.50% wr_net=50.00% exp_net=2.2149%) short(wr=37.50% wr_net=37.50% exp_net=-3.0149%)
  h=60m n=8 avg=6.2718% med=3.6653% long(wr=62.50% wr_net=62.50% exp_net=5.8718%) short(wr=37.50% wr_net=37.50% exp_net=-6.6718%)
 13:30:
  h=1m n=8 avg=-0.5495% med=-0.2865% long(wr=25.00% wr_net=25.00% exp_net=-0.9495%) short(wr=50.00% wr_net=50.00% exp_net=0.1495%)
  h=3m n=7 avg=-1.1095% med=-0.9379% long(wr=14.29% wr_net=14.29% exp_net=-1.5095%) short(wr=85.71% wr_net=71.43% exp_net=0.7095%)
  h=5m n=8 avg=-0.3788% med=-1.1700% long(wr=37.50% wr_net=37.50% exp_net=-0.7788%) short(wr=62.50% wr_net=62.50% exp_net=-0.0212%)
  h=15m n=9 avg=-0.8665% med=0.4575% long(wr=66.67% wr_net=55.56% exp_net=-1.2665%) short(wr=33.33% wr_net=33.33% exp_net=0.4665%)
  h=30m n=9 avg=1.9594% med=1.2418% long(wr=66.67% wr_net=55.56% exp_net=1.5594%) short(wr=33.33% wr_net=33.33% exp_net=-2.3594%)
  h=60m n=7 avg=5.1930% med=0.7843% long(wr=71.43% wr_net=57.14% exp_net=4.7930%) short(wr=28.57% wr_net=28.57% exp_net=-5.5930%)
 13:31:
  h=1m n=8 avg=-0.2830% med=-0.0590% long(wr=37.50% wr_net=37.50% exp_net=-0.6830%) short(wr=50.00% wr_net=25.00% exp_net=-0.1170%)
  h=3m n=8 avg=-0.5528% med=-0.1629% long(wr=50.00% wr_net=37.50% exp_net=-0.9528%) short(wr=50.00% wr_net=50.00% exp_net=0.1528%)
  h=5m n=9 avg=0.3349% med=0.3538% long(wr=55.56% wr_net=44.44% exp_net=-0.0651%) short(wr=44.44% wr_net=33.33% exp_net=-0.7349%)
  h=15m n=9 avg=-0.1389% med=0.2614% long(wr=55.56% wr_net=44.44% exp_net=-0.5389%) short(wr=33.33% wr_net=33.33% exp_net=-0.2611%)
  h=30m n=9 avg=3.1980% med=2.9024% long(wr=66.67% wr_net=66.67% exp_net=2.7980%) short(wr=33.33% wr_net=22.22% exp_net=-3.5980%)
  h=60m n=9 avg=6.8607% med=5.9181% long(wr=66.67% wr_net=55.56% exp_net=6.4607%) short(wr=33.33% wr_net=33.33% exp_net=-7.2607%)
 13:32:
  h=1m n=8 avg=0.0396% med=0.2256% long(wr=50.00% wr_net=50.00% exp_net=-0.3604%) short(wr=37.50% wr_net=25.00% exp_net=-0.4396%)
  h=3m n=8 avg=0.6055% med=0.8784% long(wr=62.50% wr_net=62.50% exp_net=0.2055%) short(wr=37.50% wr_net=37.50% exp_net=-1.0055%)
  h=5m n=9 avg=1.8370% med=1.0626% long(wr=66.67% wr_net=66.67% exp_net=1.4370%) short(wr=33.33% wr_net=33.33% exp_net=-2.2370%)
  h=15m n=8 avg=0.9146% med=1.4940% long(wr=75.00% wr_net=62.50% exp_net=0.5146%) short(wr=25.00% wr_net=25.00% exp_net=-1.3146%)
  h=30m n=7 avg=3.6870% med=5.2632% long(wr=57.14% wr_net=57.14% exp_net=3.2870%) short(wr=42.86% wr_net=42.86% exp_net=-4.0870%)
  h=60m n=9 avg=6.7801% med=0.6502% long(wr=55.56% wr_net=55.56% exp_net=6.3801%) short(wr=44.44% wr_net=44.44% exp_net=-7.1801%)
 13:33:
  h=1m n=8 avg=-0.3147% med=-0.4698% long(wr=12.50% wr_net=12.50% exp_net=-0.7147%) short(wr=87.50% wr_net=50.00% exp_net=-0.0853%)
  h=3m n=8 avg=0.6085% med=0.3868% long(wr=62.50% wr_net=50.00% exp_net=0.2085%) short(wr=37.50% wr_net=37.50% exp_net=-1.0085%)
  h=5m n=8 avg=0.0618% med=-0.0188% long(wr=50.00% wr_net=37.50% exp_net=-0.3382%) short(wr=50.00% wr_net=37.50% exp_net=-0.4618%)
  h=15m n=8 avg=0.8437% med=2.5679% long(wr=75.00% wr_net=75.00% exp_net=0.4437%) short(wr=25.00% wr_net=25.00% exp_net=-1.2437%)
  h=30m n=8 avg=3.2927% med=2.8073% long(wr=62.50% wr_net=62.50% exp_net=2.8927%) short(wr=37.50% wr_net=37.50% exp_net=-3.6927%)
  h=60m n=7 avg=8.0941% med=4.0419% long(wr=57.14% wr_net=57.14% exp_net=7.6941%) short(wr=42.86% wr_net=42.86% exp_net=-8.4941%)
 13:34:
  h=1m n=7 avg=0.3339% med=0.2384% long(wr=71.43% wr_net=42.86% exp_net=-0.0661%) short(wr=28.57% wr_net=28.57% exp_net=-0.7339%)
  h=3m n=8 avg=1.4052% med=0.0378% long(wr=50.00% wr_net=37.50% exp_net=1.0052%) short(wr=50.00% wr_net=37.50% exp_net=-1.8052%)
  h=5m n=8 avg=0.5163% med=1.3493% long(wr=50.00% wr_net=50.00% exp_net=0.1163%) short(wr=37.50% wr_net=37.50% exp_net=-0.9163%)
  h=15m n=8 avg=2.0538% med=3.2923% long(wr=62.50% wr_net=62.50% exp_net=1.6538%) short(wr=37.50% wr_net=37.50% exp_net=-2.4538%)
  h=30m n=8 avg=3.6760% med=2.9642% long(wr=62.50% wr_net=62.50% exp_net=3.2760%) short(wr=37.50% wr_net=37.50% exp_net=-4.0760%)
  h=60m n=8 avg=7.4976% med=2.8578% long(wr=75.00% wr_net=75.00% exp_net=7.0976%) short(wr=25.00% wr_net=25.00% exp_net=-7.8976%)
 13:35:
  h=1m n=11 avg=0.7953% med=0.1748% long(wr=63.64% wr_net=36.36% exp_net=0.3953%) short(wr=27.27% wr_net=27.27% exp_net=-1.1953%)
  h=3m n=11 avg=0.4778% med=0.5556% long(wr=54.55% wr_net=54.55% exp_net=0.0778%) short(wr=45.45% wr_net=27.27% exp_net=-0.8778%)
  h=5m n=11 avg=-0.1580% med=0.2715% long(wr=54.55% wr_net=45.45% exp_net=-0.5580%) short(wr=45.45% wr_net=45.45% exp_net=-0.2420%)
  h=15m n=11 avg=-0.8676% med=-0.1490% long(wr=36.36% wr_net=36.36% exp_net=-1.2676%) short(wr=54.55% wr_net=36.36% exp_net=0.4676%)
  h=30m n=11 avg=-0.4884% med=-0.2981% long(wr=45.45% wr_net=45.45% exp_net=-0.8884%) short(wr=54.55% wr_net=45.45% exp_net=0.0884%)
  h=60m n=11 avg=0.6133% med=-0.8942% long(wr=45.45% wr_net=45.45% exp_net=0.2133%) short(wr=54.55% wr_net=54.55% exp_net=-1.0133%)
 13:36:
  h=1m n=12 avg=0.0812% med=0.2938% long(wr=50.00% wr_net=50.00% exp_net=-0.3188%) short(wr=33.33% wr_net=16.67% exp_net=-0.4812%)
  h=3m n=11 avg=0.4526% med=0.1318% long(wr=54.55% wr_net=36.36% exp_net=0.0526%) short(wr=36.36% wr_net=27.27% exp_net=-0.8526%)
  h=5m n=12 avg=-0.0141% med=0.4602% long(wr=66.67% wr_net=50.00% exp_net=-0.4141%) short(wr=33.33% wr_net=25.00% exp_net=-0.3859%)
  h=15m n=11 avg=-0.2649% med=0.9664% long(wr=54.55% wr_net=54.55% exp_net=-0.6649%) short(wr=45.45% wr_net=36.36% exp_net=-0.1351%)
  h=30m n=12 avg=0.2624% med=2.3933% long(wr=58.33% wr_net=58.33% exp_net=-0.1376%) short(wr=41.67% wr_net=33.33% exp_net=-0.6624%)
  h=60m n=12 avg=2.2285% med=0.6752% long(wr=58.33% wr_net=50.00% exp_net=1.8285%) short(wr=41.67% wr_net=41.67% exp_net=-2.6285%)
 13:37:
  h=1m n=10 avg=-0.2635% med=-0.2546% long(wr=30.00% wr_net=20.00% exp_net=-0.6635%) short(wr=60.00% wr_net=40.00% exp_net=-0.1365%)
  h=3m n=10 avg=-0.6102% med=-0.5724% long(wr=50.00% wr_net=40.00% exp_net=-1.0102%) short(wr=50.00% wr_net=50.00% exp_net=0.2102%)
  h=5m n=10 avg=-1.3717% med=-0.5676% long(wr=30.00% wr_net=30.00% exp_net=-1.7717%) short(wr=70.00% wr_net=60.00% exp_net=0.9717%)
  h=15m n=11 avg=-1.1155% med=0.0000% long(wr=45.45% wr_net=45.45% exp_net=-1.5155%) short(wr=45.45% wr_net=45.45% exp_net=0.7155%)
  h=30m n=10 avg=-1.4736% med=0.3402% long(wr=50.00% wr_net=50.00% exp_net=-1.8736%) short(wr=50.00% wr_net=50.00% exp_net=1.0736%)
  h=60m n=11 avg=0.6854% med=0.7246% long(wr=54.55% wr_net=54.55% exp_net=0.2854%) short(wr=45.45% wr_net=45.45% exp_net=-1.0854%)
 13:38:
  h=1m n=9 avg=0.4165% med=0.7353% long(wr=66.67% wr_net=66.67% exp_net=0.0165%) short(wr=33.33% wr_net=33.33% exp_net=-0.8165%)
  h=3m n=9 avg=-0.3931% med=0.9048% long(wr=66.67% wr_net=55.56% exp_net=-0.7931%) short(wr=33.33% wr_net=33.33% exp_net=-0.0069%)
  h=5m n=9 avg=-0.2362% med=0.9570% long(wr=66.67% wr_net=66.67% exp_net=-0.6362%) short(wr=33.33% wr_net=22.22% exp_net=-0.1638%)
  h=15m n=8 avg=-0.7855% med=0.1356% long(wr=50.00% wr_net=50.00% exp_net=-1.1855%) short(wr=50.00% wr_net=50.00% exp_net=0.3855%)
  h=30m n=8 avg=-1.3277% med=0.4851% long(wr=50.00% wr_net=50.00% exp_net=-1.7277%) short(wr=50.00% wr_net=50.00% exp_net=0.9277%)
  h=60m n=9 avg=1.3999% med=-3.1805% long(wr=44.44% wr_net=44.44% exp_net=0.9999%) short(wr=55.56% wr_net=55.56% exp_net=-1.7999%)
 13:39:
  h=1m n=9 avg=-0.4472% med=-0.2920% long(wr=44.44% wr_net=22.22% exp_net=-0.8472%) short(wr=55.56% wr_net=33.33% exp_net=0.0472%)
  h=3m n=9 avg=-0.9744% med=-0.1486% long(wr=33.33% wr_net=33.33% exp_net=-1.3744%) short(wr=55.56% wr_net=44.44% exp_net=0.5744%)
  h=5m n=9 avg=-1.8160% med=-1.0357% long(wr=33.33% wr_net=11.11% exp_net=-2.2160%) short(wr=66.67% wr_net=55.56% exp_net=1.4160%)
  h=15m n=9 avg=-0.6404% med=0.7246% long(wr=66.67% wr_net=55.56% exp_net=-1.0404%) short(wr=33.33% wr_net=33.33% exp_net=0.2404%)
  h=30m n=7 avg=-0.8010% med=2.7737% long(wr=57.14% wr_net=57.14% exp_net=-1.2010%) short(wr=42.86% wr_net=42.86% exp_net=0.4010%)
  h=60m n=10 avg=1.2273% med=1.3253% long(wr=60.00% wr_net=60.00% exp_net=0.8273%) short(wr=40.00% wr_net=40.00% exp_net=-1.6273%)
 13:40:
  h=1m n=7 avg=0.2164% med=0.5215% long(wr=57.14% wr_net=57.14% exp_net=-0.1836%) short(wr=42.86% wr_net=42.86% exp_net=-0.6164%)
  h=3m n=7 avg=0.2697% med=0.5857% long(wr=57.14% wr_net=57.14% exp_net=-0.1303%) short(wr=28.57% wr_net=28.57% exp_net=-0.6697%)
  h=5m n=7 avg=-0.6808% med=0.1956% long(wr=57.14% wr_net=28.57% exp_net=-1.0808%) short(wr=42.86% wr_net=28.57% exp_net=0.2808%)
  h=15m n=5 avg=2.4019% med=0.8174% long(wr=100.00% wr_net=80.00% exp_net=2.0019%) short(wr=0.00% wr_net=0.00% exp_net=-2.8019%)
  h=30m n=7 avg=2.9300% med=2.4890% long(wr=71.43% wr_net=71.43% exp_net=2.5300%) short(wr=28.57% wr_net=28.57% exp_net=-3.3300%)
  h=60m n=6 avg=9.2979% med=7.0940% long(wr=83.33% wr_net=83.33% exp_net=8.8979%) short(wr=16.67% wr_net=16.67% exp_net=-9.6979%)
 13:41:
  h=1m n=7 avg=-0.6093% med=-0.7233% long(wr=14.29% wr_net=14.29% exp_net=-1.0093%) short(wr=85.71% wr_net=57.14% exp_net=0.2093%)
  h=3m n=8 avg=-1.5089% med=-1.0306% long(wr=25.00% wr_net=25.00% exp_net=-1.9089%) short(wr=75.00% wr_net=75.00% exp_net=1.1089%)
  h=5m n=9 avg=-1.2526% med=-0.5425% long(wr=33.33% wr_net=22.22% exp_net=-1.6526%) short(wr=66.67% wr_net=66.67% exp_net=0.8526%)
  h=15m n=8 avg=1.5768% med=0.7645% long(wr=75.00% wr_net=62.50% exp_net=1.1768%) short(wr=25.00% wr_net=25.00% exp_net=-1.9768%)
  h=30m n=7 avg=2.8256% med=1.8077% long(wr=57.14% wr_net=57.14% exp_net=2.4256%) short(wr=28.57% wr_net=28.57% exp_net=-3.2256%)
  h=60m n=8 avg=7.5632% med=4.0408% long(wr=87.50% wr_net=87.50% exp_net=7.1632%) short(wr=12.50% wr_net=12.50% exp_net=-7.9632%)
 13:42:
  h=1m n=6 avg=0.6555% med=0.0880% long(wr=50.00% wr_net=33.33% exp_net=0.2555%) short(wr=50.00% wr_net=0.00% exp_net=-1.0555%)
  h=3m n=6 avg=0.6836% med=-0.3120% long(wr=50.00% wr_net=33.33% exp_net=0.2836%) short(wr=50.00% wr_net=50.00% exp_net=-1.0836%)
  h=5m n=6 avg=0.8446% med=0.3184% long(wr=66.67% wr_net=50.00% exp_net=0.4446%) short(wr=33.33% wr_net=33.33% exp_net=-1.2446%)
  h=15m n=6 avg=3.3961% med=2.0870% long(wr=100.00% wr_net=83.33% exp_net=2.9961%) short(wr=0.00% wr_net=0.00% exp_net=-3.7961%)
  h=30m n=5 avg=4.9465% med=5.3111% long(wr=80.00% wr_net=80.00% exp_net=4.5465%) short(wr=20.00% wr_net=20.00% exp_net=-5.3465%)
  h=60m n=6 avg=9.1231% med=7.1834% long(wr=83.33% wr_net=83.33% exp_net=8.7231%) short(wr=16.67% wr_net=16.67% exp_net=-9.5231%)
 13:43:
  h=1m n=8 avg=-1.3076% med=-0.1113% long(wr=25.00% wr_net=12.50% exp_net=-1.7076%) short(wr=75.00% wr_net=25.00% exp_net=0.9076%)
  h=3m n=9 avg=-1.1732% med=-0.3484% long(wr=33.33% wr_net=33.33% exp_net=-1.5732%) short(wr=55.56% wr_net=44.44% exp_net=0.7732%)
  h=5m n=9 avg=-0.0635% med=0.7823% long(wr=55.56% wr_net=55.56% exp_net=-0.4635%) short(wr=44.44% wr_net=44.44% exp_net=-0.3365%)
  h=15m n=9 avg=2.6952% med=1.3690% long(wr=66.67% wr_net=66.67% exp_net=2.2952%) short(wr=33.33% wr_net=22.22% exp_net=-3.0952%)
  h=30m n=7 avg=3.2618% med=1.4556% long(wr=85.71% wr_net=71.43% exp_net=2.8618%) short(wr=14.29% wr_net=14.29% exp_net=-3.6618%)
  h=60m n=7 avg=6.3073% med=1.6012% long(wr=71.43% wr_net=71.43% exp_net=5.9073%) short(wr=28.57% wr_net=28.57% exp_net=-6.7073%)
 13:44:
  h=1m n=8 avg=0.3093% med=0.0186% long(wr=50.00% wr_net=37.50% exp_net=-0.0907%) short(wr=50.00% wr_net=37.50% exp_net=-0.7093%)
  h=3m n=7 avg=0.7293% med=0.9288% long(wr=71.43% wr_net=57.14% exp_net=0.3293%) short(wr=28.57% wr_net=28.57% exp_net=-1.1293%)
  h=5m n=7 avg=2.0928% med=1.4577% long(wr=57.14% wr_net=57.14% exp_net=1.6928%) short(wr=28.57% wr_net=28.57% exp_net=-2.4928%)
  h=15m n=7 avg=3.7531% med=2.9491% long(wr=71.43% wr_net=71.43% exp_net=3.3531%) short(wr=28.57% wr_net=14.29% exp_net=-4.1531%)
  h=30m n=7 avg=5.9383% med=6.4963% long(wr=85.71% wr_net=85.71% exp_net=5.5383%) short(wr=14.29% wr_net=14.29% exp_net=-6.3383%)
  h=60m n=7 avg=6.1934% med=1.6035% long(wr=57.14% wr_net=57.14% exp_net=5.7934%) short(wr=42.86% wr_net=42.86% exp_net=-6.5934%)
 13:45:
  h=1m n=9 avg=-0.3170% med=-0.6939% long(wr=33.33% wr_net=11.11% exp_net=-0.7170%) short(wr=66.67% wr_net=55.56% exp_net=-0.0830%)
  h=3m n=9 avg=0.8155% med=0.5291% long(wr=55.56% wr_net=55.56% exp_net=0.4155%) short(wr=44.44% wr_net=44.44% exp_net=-1.2155%)
  h=5m n=9 avg=1.0244% med=-0.5935% long(wr=44.44% wr_net=44.44% exp_net=0.6244%) short(wr=55.56% wr_net=55.56% exp_net=-1.4244%)
  h=15m n=8 avg=3.1829% med=1.3163% long(wr=62.50% wr_net=62.50% exp_net=2.7829%) short(wr=37.50% wr_net=25.00% exp_net=-3.5829%)
  h=30m n=8 avg=5.1958% med=6.6052% long(wr=75.00% wr_net=62.50% exp_net=4.7958%) short(wr=25.00% wr_net=25.00% exp_net=-5.5958%)
  h=60m n=9 avg=5.5817% med=1.3012% long(wr=66.67% wr_net=66.67% exp_net=5.1817%) short(wr=33.33% wr_net=33.33% exp_net=-5.9817%)
 13:46:
  h=1m n=7 avg=0.7292% med=0.5828% long(wr=85.71% wr_net=57.14% exp_net=0.3292%) short(wr=0.00% wr_net=0.00% exp_net=-1.1292%)
  h=3m n=7 avg=2.1707% med=1.2539% long(wr=85.71% wr_net=71.43% exp_net=1.7707%) short(wr=14.29% wr_net=0.00% exp_net=-2.5707%)
  h=5m n=7 avg=1.2726% med=1.3975% long(wr=57.14% wr_net=57.14% exp_net=0.8726%) short(wr=42.86% wr_net=28.57% exp_net=-1.6726%)
  h=15m n=7 avg=3.5425% med=2.9024% long(wr=71.43% wr_net=71.43% exp_net=3.1425%) short(wr=28.57% wr_net=28.57% exp_net=-3.9425%)
  h=30m n=6 avg=5.9221% med=7.3316% long(wr=66.67% wr_net=66.67% exp_net=5.5221%) short(wr=33.33% wr_net=16.67% exp_net=-6.3221%)
  h=60m n=8 avg=7.0831% med=5.2142% long(wr=75.00% wr_net=75.00% exp_net=6.6831%) short(wr=25.00% wr_net=25.00% exp_net=-7.4831%)
 13:47:
  h=1m n=7 avg=0.3933% med=0.1295% long(wr=57.14% wr_net=28.57% exp_net=-0.0067%) short(wr=28.57% wr_net=14.29% exp_net=-0.7933%)
  h=3m n=7 avg=0.5478% med=-0.1553% long(wr=42.86% wr_net=28.57% exp_net=0.1478%) short(wr=57.14% wr_net=42.86% exp_net=-0.9478%)
  h=5m n=7 avg=0.7372% med=0.2088% long(wr=57.14% wr_net=42.86% exp_net=0.3372%) short(wr=42.86% wr_net=28.57% exp_net=-1.1372%)
  h=15m n=6 avg=2.8447% med=1.5995% long(wr=83.33% wr_net=66.67% exp_net=2.4447%) short(wr=16.67% wr_net=16.67% exp_net=-3.2447%)
  h=30m n=6 avg=4.7885% med=5.3831% long(wr=66.67% wr_net=66.67% exp_net=4.3885%) short(wr=33.33% wr_net=33.33% exp_net=-5.1885%)
  h=60m n=7 avg=9.0543% med=6.9937% long(wr=85.71% wr_net=85.71% exp_net=8.6543%) short(wr=14.29% wr_net=14.29% exp_net=-9.4543%)
 13:48:
  h=1m n=8 avg=0.8685% med=0.6535% long(wr=75.00% wr_net=62.50% exp_net=0.4685%) short(wr=25.00% wr_net=0.00% exp_net=-1.2685%)
  h=3m n=8 avg=0.0125% med=-0.3165% long(wr=37.50% wr_net=37.50% exp_net=-0.3875%) short(wr=62.50% wr_net=50.00% exp_net=-0.4125%)
  h=5m n=8 avg=0.8233% med=0.8129% long(wr=75.00% wr_net=62.50% exp_net=0.4233%) short(wr=25.00% wr_net=25.00% exp_net=-1.2233%)
  h=15m n=9 avg=2.4684% med=1.0526% long(wr=66.67% wr_net=55.56% exp_net=2.0684%) short(wr=33.33% wr_net=33.33% exp_net=-2.8684%)
  h=30m n=9 avg=5.0729% med=4.5732% long(wr=66.67% wr_net=55.56% exp_net=4.6729%) short(wr=33.33% wr_net=11.11% exp_net=-5.4729%)
  h=60m n=9 avg=6.5059% med=5.4441% long(wr=77.78% wr_net=77.78% exp_net=6.1059%) short(wr=22.22% wr_net=22.22% exp_net=-6.9059%)
 13:49:
  h=1m n=8 avg=-0.7455% med=-0.3703% long(wr=12.50% wr_net=0.00% exp_net=-1.1455%) short(wr=87.50% wr_net=50.00% exp_net=0.3455%)
  h=3m n=8 avg=-0.4565% med=0.1437% long(wr=50.00% wr_net=25.00% exp_net=-0.8565%) short(wr=37.50% wr_net=37.50% exp_net=0.0565%)
  h=5m n=7 avg=0.7246% med=0.3861% long(wr=71.43% wr_net=42.86% exp_net=0.3246%) short(wr=28.57% wr_net=28.57% exp_net=-1.1246%)
  h=15m n=8 avg=1.7715% med=-0.0644% long(wr=37.50% wr_net=37.50% exp_net=1.3715%) short(wr=50.00% wr_net=37.50% exp_net=-2.1715%)
  h=30m n=6 avg=5.7546% med=3.6004% long(wr=66.67% wr_net=50.00% exp_net=5.3546%) short(wr=33.33% wr_net=33.33% exp_net=-6.1546%)
  h=60m n=7 avg=7.2177% med=5.0287% long(wr=85.71% wr_net=85.71% exp_net=6.8177%) short(wr=14.29% wr_net=14.29% exp_net=-7.6177%)
 13:50:
  h=1m n=8 avg=-0.0963% med=-0.0765% long(wr=50.00% wr_net=37.50% exp_net=-0.4963%) short(wr=50.00% wr_net=50.00% exp_net=-0.3037%)
  h=3m n=8 avg=0.7143% med=0.9870% long(wr=87.50% wr_net=87.50% exp_net=0.3143%) short(wr=12.50% wr_net=12.50% exp_net=-1.1143%)
  h=5m n=7 avg=0.9339% med=1.3932% long(wr=85.71% wr_net=85.71% exp_net=0.5339%) short(wr=14.29% wr_net=14.29% exp_net=-1.3339%)
  h=15m n=8 avg=4.8847% med=4.1497% long(wr=87.50% wr_net=87.50% exp_net=4.4847%) short(wr=12.50% wr_net=12.50% exp_net=-5.2847%)
  h=30m n=9 avg=4.6875% med=1.0653% long(wr=55.56% wr_net=55.56% exp_net=4.2875%) short(wr=44.44% wr_net=44.44% exp_net=-5.0875%)
  h=60m n=7 avg=7.8035% med=4.3216% long(wr=85.71% wr_net=85.71% exp_net=7.4035%) short(wr=14.29% wr_net=14.29% exp_net=-8.2035%)
 13:51:
  h=1m n=7 avg=0.2126% med=0.3326% long(wr=57.14% wr_net=42.86% exp_net=-0.1874%) short(wr=28.57% wr_net=14.29% exp_net=-0.6126%)
  h=3m n=6 avg=1.2676% med=1.3083% long(wr=66.67% wr_net=50.00% exp_net=0.8676%) short(wr=16.67% wr_net=16.67% exp_net=-1.6676%)
  h=5m n=7 avg=0.9523% med=-0.4594% long(wr=42.86% wr_net=42.86% exp_net=0.5523%) short(wr=57.14% wr_net=57.14% exp_net=-1.3523%)
  h=15m n=7 avg=2.9553% med=2.3422% long(wr=57.14% wr_net=57.14% exp_net=2.5553%) short(wr=42.86% wr_net=42.86% exp_net=-3.3553%)
  h=30m n=6 avg=6.1603% med=3.0114% long(wr=50.00% wr_net=50.00% exp_net=5.7603%) short(wr=50.00% wr_net=50.00% exp_net=-6.5603%)
  h=60m n=6 avg=8.8267% med=5.3265% long(wr=83.33% wr_net=83.33% exp_net=8.4267%) short(wr=16.67% wr_net=16.67% exp_net=-9.2267%)
 13:52:
  h=1m n=8 avg=0.4173% med=0.2104% long(wr=87.50% wr_net=25.00% exp_net=0.0173%) short(wr=12.50% wr_net=0.00% exp_net=-0.8173%)
  h=3m n=7 avg=0.6915% med=0.8333% long(wr=71.43% wr_net=71.43% exp_net=0.2915%) short(wr=28.57% wr_net=14.29% exp_net=-1.0915%)
  h=5m n=7 avg=1.7452% med=1.5957% long(wr=71.43% wr_net=57.14% exp_net=1.3452%) short(wr=14.29% wr_net=14.29% exp_net=-2.1452%)
  h=15m n=8 avg=2.5812% med=1.2147% long(wr=50.00% wr_net=50.00% exp_net=2.1812%) short(wr=50.00% wr_net=37.50% exp_net=-2.9812%)
  h=30m n=7 avg=4.9273% med=4.6875% long(wr=57.14% wr_net=57.14% exp_net=4.5273%) short(wr=42.86% wr_net=42.86% exp_net=-5.3273%)
  h=60m n=8 avg=6.7620% med=3.1903% long(wr=87.50% wr_net=87.50% exp_net=6.3620%) short(wr=12.50% wr_net=12.50% exp_net=-7.1620%)
 13:53:
  h=1m n=8 avg=0.3330% med=0.4458% long(wr=62.50% wr_net=50.00% exp_net=-0.0670%) short(wr=37.50% wr_net=12.50% exp_net=-0.7330%)
  h=3m n=9 avg=0.3906% med=0.4292% long(wr=66.67% wr_net=55.56% exp_net=-0.0094%) short(wr=22.22% wr_net=22.22% exp_net=-0.7906%)
  h=5m n=9 avg=1.6180% med=2.0690% long(wr=55.56% wr_net=55.56% exp_net=1.2180%) short(wr=44.44% wr_net=33.33% exp_net=-2.0180%)
  h=15m n=9 avg=1.6165% med=-0.7153% long(wr=44.44% wr_net=44.44% exp_net=1.2165%) short(wr=55.56% wr_net=55.56% exp_net=-2.0165%)
  h=30m n=8 avg=4.1122% med=1.2311% long(wr=50.00% wr_net=50.00% exp_net=3.7122%) short(wr=50.00% wr_net=50.00% exp_net=-4.5122%)
  h=60m n=9 avg=5.6119% med=1.2261% long(wr=88.89% wr_net=66.67% exp_net=5.2119%) short(wr=11.11% wr_net=11.11% exp_net=-6.0119%)
 13:54:
  h=1m n=7 avg=-0.1999% med=-0.5315% long(wr=42.86% wr_net=28.57% exp_net=-0.5999%) short(wr=57.14% wr_net=57.14% exp_net=-0.2001%)
  h=3m n=8 avg=0.8717% med=0.8514% long(wr=62.50% wr_net=62.50% exp_net=0.4717%) short(wr=37.50% wr_net=25.00% exp_net=-1.2717%)
  h=5m n=8 avg=0.9099% med=0.1082% long(wr=50.00% wr_net=50.00% exp_net=0.5099%) short(wr=50.00% wr_net=50.00% exp_net=-1.3099%)
  h=15m n=6 avg=2.3618% med=1.4648% long(wr=50.00% wr_net=50.00% exp_net=1.9618%) short(wr=50.00% wr_net=50.00% exp_net=-2.7618%)
  h=30m n=7 avg=3.4254% med=-1.0791% long(wr=42.86% wr_net=42.86% exp_net=3.0254%) short(wr=57.14% wr_net=57.14% exp_net=-3.8254%)
  h=60m n=8 avg=3.6358% med=0.4177% long(wr=62.50% wr_net=50.00% exp_net=3.2358%) short(wr=37.50% wr_net=25.00% exp_net=-4.0358%)
 13:55:
  h=1m n=8 avg=0.3525% med=0.3045% long(wr=62.50% wr_net=50.00% exp_net=-0.0475%) short(wr=37.50% wr_net=12.50% exp_net=-0.7525%)
  h=3m n=8 avg=1.6976% med=1.6427% long(wr=62.50% wr_net=62.50% exp_net=1.2976%) short(wr=37.50% wr_net=37.50% exp_net=-2.0976%)
  h=5m n=8 avg=1.7374% med=1.3830% long(wr=62.50% wr_net=62.50% exp_net=1.3374%) short(wr=37.50% wr_net=37.50% exp_net=-2.1374%)
  h=15m n=6 avg=1.5888% med=1.7364% long(wr=50.00% wr_net=50.00% exp_net=1.1888%) short(wr=50.00% wr_net=33.33% exp_net=-1.9888%)
  h=30m n=8 avg=3.6618% med=0.2374% long(wr=50.00% wr_net=50.00% exp_net=3.2618%) short(wr=50.00% wr_net=37.50% exp_net=-4.0618%)
  h=60m n=7 avg=5.6586% med=2.7679% long(wr=71.43% wr_net=57.14% exp_net=5.2586%) short(wr=28.57% wr_net=28.57% exp_net=-6.0586%)
 13:56:
  h=1m n=9 avg=0.6984% med=0.3019% long(wr=66.67% wr_net=44.44% exp_net=0.2984%) short(wr=22.22% wr_net=22.22% exp_net=-1.0984%)
  h=3m n=10 avg=0.4973% med=-0.4630% long(wr=40.00% wr_net=20.00% exp_net=0.0973%) short(wr=50.00% wr_net=50.00% exp_net=-0.8973%)
  h=5m n=10 avg=0.6888% med=-0.2020% long(wr=50.00% wr_net=20.00% exp_net=0.2888%) short(wr=50.00% wr_net=50.00% exp_net=-1.0888%)
  h=15m n=9 avg=0.6326% med=-0.5161% long(wr=44.44% wr_net=33.33% exp_net=0.2326%) short(wr=55.56% wr_net=55.56% exp_net=-1.0326%)
  h=30m n=8 avg=3.0308% med=-1.2849% long(wr=37.50% wr_net=25.00% exp_net=2.6308%) short(wr=62.50% wr_net=62.50% exp_net=-3.4308%)
  h=60m n=9 avg=2.2029% med=0.5415% long(wr=55.56% wr_net=55.56% exp_net=1.8029%) short(wr=44.44% wr_net=44.44% exp_net=-2.6029%)
 13:57:
  h=1m n=9 avg=0.7558% med=0.2257% long(wr=66.67% wr_net=44.44% exp_net=0.3558%) short(wr=33.33% wr_net=22.22% exp_net=-1.1558%)
  h=3m n=8 avg=0.3040% med=0.0682% long(wr=50.00% wr_net=37.50% exp_net=-0.0960%) short(wr=50.00% wr_net=25.00% exp_net=-0.7040%)
  h=5m n=7 avg=-0.0633% med=-0.6772% long(wr=42.86% wr_net=28.57% exp_net=-0.4633%) short(wr=57.14% wr_net=57.14% exp_net=-0.3367%)
  h=15m n=7 avg=0.2597% med=0.2865% long(wr=57.14% wr_net=42.86% exp_net=-0.1403%) short(wr=42.86% wr_net=42.86% exp_net=-0.6597%)
  h=30m n=9 avg=2.1163% med=-0.9025% long(wr=33.33% wr_net=33.33% exp_net=1.7163%) short(wr=66.67% wr_net=66.67% exp_net=-2.5163%)
  h=60m n=8 avg=3.1216% med=1.7013% long(wr=62.50% wr_net=62.50% exp_net=2.7216%) short(wr=37.50% wr_net=37.50% exp_net=-3.5216%)
 13:58:
  h=1m n=8 avg=-0.3411% med=-0.5575% long(wr=12.50% wr_net=12.50% exp_net=-0.7411%) short(wr=87.50% wr_net=50.00% exp_net=-0.0589%)
  h=3m n=8 avg=-0.3110% med=-0.3281% long(wr=25.00% wr_net=25.00% exp_net=-0.7110%) short(wr=75.00% wr_net=50.00% exp_net=-0.0890%)
  h=5m n=9 avg=-0.6549% med=-0.3215% long(wr=11.11% wr_net=11.11% exp_net=-1.0549%) short(wr=88.89% wr_net=44.44% exp_net=0.2549%)
  h=15m n=8 avg=0.0888% med=-0.4426% long(wr=50.00% wr_net=37.50% exp_net=-0.3112%) short(wr=50.00% wr_net=50.00% exp_net=-0.4888%)
  h=30m n=8 avg=1.1914% med=-1.1543% long(wr=25.00% wr_net=25.00% exp_net=0.7914%) short(wr=75.00% wr_net=75.00% exp_net=-1.5914%)
  h=60m n=8 avg=2.6950% med=1.9362% long(wr=62.50% wr_net=62.50% exp_net=2.2950%) short(wr=37.50% wr_net=37.50% exp_net=-3.0950%)
 13:59:
  h=1m n=7 avg=0.2874% med=0.2604% long(wr=57.14% wr_net=28.57% exp_net=-0.1126%) short(wr=42.86% wr_net=14.29% exp_net=-0.6874%)
  h=3m n=6 avg=-0.1632% med=-0.5517% long(wr=33.33% wr_net=33.33% exp_net=-0.5632%) short(wr=66.67% wr_net=66.67% exp_net=-0.2368%)
  h=5m n=8 avg=0.0248% med=0.1021% long(wr=62.50% wr_net=25.00% exp_net=-0.3752%) short(wr=37.50% wr_net=25.00% exp_net=-0.4248%)
  h=15m n=8 avg=0.6570% med=-0.0005% long(wr=50.00% wr_net=50.00% exp_net=0.2570%) short(wr=50.00% wr_net=50.00% exp_net=-1.0570%)
  h=30m n=8 avg=1.0680% med=0.0318% long(wr=50.00% wr_net=50.00% exp_net=0.6680%) short(wr=50.00% wr_net=50.00% exp_net=-1.4680%)
  h=60m n=7 avg=1.9447% med=2.0645% long(wr=57.14% wr_net=57.14% exp_net=1.5447%) short(wr=42.86% wr_net=42.86% exp_net=-2.3447%)
 14:00:
  h=1m n=8 avg=-0.2882% med=-0.1416% long(wr=37.50% wr_net=12.50% exp_net=-0.6882%) short(wr=50.00% wr_net=37.50% exp_net=-0.1118%)
  h=3m n=8 avg=-0.4629% med=-0.3264% long(wr=37.50% wr_net=12.50% exp_net=-0.8629%) short(wr=62.50% wr_net=37.50% exp_net=0.0629%)
  h=5m n=7 avg=1.2815% med=1.0390% long(wr=57.14% wr_net=57.14% exp_net=0.8815%) short(wr=42.86% wr_net=0.00% exp_net=-1.6815%)
  h=15m n=8 avg=0.0748% med=-0.6977% long(wr=37.50% wr_net=37.50% exp_net=-0.3252%) short(wr=62.50% wr_net=62.50% exp_net=-0.4748%)
  h=30m n=7 avg=2.0996% med=0.6336% long(wr=57.14% wr_net=57.14% exp_net=1.6996%) short(wr=42.86% wr_net=28.57% exp_net=-2.4996%)
  h=60m n=8 avg=0.6743% med=1.5205% long(wr=62.50% wr_net=62.50% exp_net=0.2743%) short(wr=37.50% wr_net=37.50% exp_net=-1.0743%)
 14:01:
  h=1m n=8 avg=-0.2450% med=-0.3738% long(wr=25.00% wr_net=25.00% exp_net=-0.6450%) short(wr=75.00% wr_net=50.00% exp_net=-0.1550%)
  h=3m n=9 avg=0.2972% med=0.0752% long(wr=55.56% wr_net=44.44% exp_net=-0.1028%) short(wr=33.33% wr_net=11.11% exp_net=-0.6972%)
  h=5m n=9 avg=0.6156% med=-0.0786% long(wr=44.44% wr_net=33.33% exp_net=0.2156%) short(wr=55.56% wr_net=33.33% exp_net=-1.0156%)
  h=15m n=7 avg=0.5043% med=0.4329% long(wr=57.14% wr_net=57.14% exp_net=0.1043%) short(wr=42.86% wr_net=42.86% exp_net=-0.9043%)
  h=30m n=9 avg=3.1500% med=1.9293% long(wr=66.67% wr_net=66.67% exp_net=2.7500%) short(wr=33.33% wr_net=33.33% exp_net=-3.5500%)
  h=60m n=9 avg=-1.8978% med=0.9021% long(wr=55.56% wr_net=55.56% exp_net=-2.2978%) short(wr=44.44% wr_net=44.44% exp_net=1.4978%)
 14:02:
  h=1m n=9 avg=0.2402% med=0.2653% long(wr=55.56% wr_net=44.44% exp_net=-0.1598%) short(wr=44.44% wr_net=22.22% exp_net=-0.6402%)
  h=3m n=9 avg=1.8109% med=0.7958% long(wr=77.78% wr_net=77.78% exp_net=1.4109%) short(wr=22.22% wr_net=0.00% exp_net=-2.2109%)
  h=5m n=9 avg=0.6683% med=-0.2584% long(wr=44.44% wr_net=33.33% exp_net=0.2683%) short(wr=55.56% wr_net=44.44% exp_net=-1.0683%)
  h=15m n=8 avg=1.3727% med=0.3818% long(wr=50.00% wr_net=50.00% exp_net=0.9727%) short(wr=50.00% wr_net=50.00% exp_net=-1.7727%)
  h=30m n=8 avg=4.3922% med=2.4425% long(wr=62.50% wr_net=62.50% exp_net=3.9922%) short(wr=25.00% wr_net=25.00% exp_net=-4.7922%)
  h=60m n=8 avg=-3.4627% med=-2.4175% long(wr=37.50% wr_net=37.50% exp_net=-3.8627%) short(wr=62.50% wr_net=62.50% exp_net=3.0627%)
 14:03:
  h=1m n=11 avg=0.4554% med=0.3157% long(wr=72.73% wr_net=45.45% exp_net=0.0554%) short(wr=18.18% wr_net=9.09% exp_net=-0.8554%)
  h=3m n=10 avg=1.1598% med=0.1302% long(wr=50.00% wr_net=30.00% exp_net=0.7598%) short(wr=20.00% wr_net=20.00% exp_net=-1.5598%)
  h=5m n=9 avg=0.5372% med=0.0000% long(wr=44.44% wr_net=33.33% exp_net=0.1372%) short(wr=44.44% wr_net=22.22% exp_net=-0.9372%)
  h=15m n=10 avg=2.4789% med=0.8619% long(wr=60.00% wr_net=50.00% exp_net=2.0789%) short(wr=40.00% wr_net=40.00% exp_net=-2.8789%)
  h=30m n=9 avg=2.4601% med=1.4009% long(wr=55.56% wr_net=55.56% exp_net=2.0601%) short(wr=33.33% wr_net=33.33% exp_net=-2.8601%)
  h=60m n=8 avg=-1.6728% med=-1.4662% long(wr=37.50% wr_net=37.50% exp_net=-2.0728%) short(wr=50.00% wr_net=50.00% exp_net=1.2728%)
 14:04:
  h=1m n=10 avg=1.4138% med=1.2208% long(wr=80.00% wr_net=60.00% exp_net=1.0138%) short(wr=20.00% wr_net=0.00% exp_net=-1.8138%)
  h=3m n=10 avg=-0.0127% med=-0.1727% long(wr=40.00% wr_net=30.00% exp_net=-0.4127%) short(wr=60.00% wr_net=40.00% exp_net=-0.3873%)
  h=5m n=9 avg=0.4129% med=-0.1507% long(wr=44.44% wr_net=44.44% exp_net=0.0129%) short(wr=55.56% wr_net=44.44% exp_net=-0.8129%)
  h=15m n=8 avg=3.1477% med=0.5291% long(wr=50.00% wr_net=50.00% exp_net=2.7477%) short(wr=50.00% wr_net=37.50% exp_net=-3.5477%)
  h=30m n=10 avg=0.6353% med=-0.6029% long(wr=50.00% wr_net=40.00% exp_net=0.2353%) short(wr=50.00% wr_net=50.00% exp_net=-1.0353%)
  h=60m n=8 avg=-2.4112% med=-0.3484% long(wr=50.00% wr_net=50.00% exp_net=-2.8112%) short(wr=50.00% wr_net=50.00% exp_net=2.0112%)
 14:05:
  h=1m n=9 avg=-0.7347% med=-0.5263% long(wr=44.44% wr_net=11.11% exp_net=-1.1347%) short(wr=55.56% wr_net=55.56% exp_net=0.3347%)
  h=3m n=8 avg=-1.0043% med=-0.0658% long(wr=50.00% wr_net=37.50% exp_net=-1.4043%) short(wr=50.00% wr_net=50.00% exp_net=0.6043%)
  h=5m n=9 avg=-1.5234% med=-0.7893% long(wr=44.44% wr_net=22.22% exp_net=-1.9234%) short(wr=55.56% wr_net=55.56% exp_net=1.1234%)
  h=15m n=9 avg=0.5237% med=-1.3418% long(wr=22.22% wr_net=22.22% exp_net=0.1237%) short(wr=77.78% wr_net=77.78% exp_net=-0.9237%)
  h=30m n=8 avg=0.2474% med=-0.7843% long(wr=50.00% wr_net=37.50% exp_net=-0.1526%) short(wr=50.00% wr_net=50.00% exp_net=-0.6474%)
  h=60m n=6 avg=-4.9701% med=-2.1181% long(wr=33.33% wr_net=16.67% exp_net=-5.3701%) short(wr=66.67% wr_net=66.67% exp_net=4.5701%)
 14:06:
  h=1m n=10 avg=-0.0581% med=0.0678% long(wr=50.00% wr_net=10.00% exp_net=-0.4581%) short(wr=40.00% wr_net=20.00% exp_net=-0.3419%)
  h=3m n=9 avg=0.3219% med=0.1355% long(wr=55.56% wr_net=33.33% exp_net=-0.0781%) short(wr=44.44% wr_net=44.44% exp_net=-0.7219%)
  h=5m n=9 avg=-0.0969% med=-0.5161% long(wr=33.33% wr_net=33.33% exp_net=-0.4969%) short(wr=66.67% wr_net=55.56% exp_net=-0.3031%)
  h=15m n=10 avg=1.2127% med=-0.9360% long(wr=40.00% wr_net=40.00% exp_net=0.8127%) short(wr=60.00% wr_net=60.00% exp_net=-1.6127%)
  h=30m n=10 avg=1.8705% med=-0.2774% long(wr=50.00% wr_net=50.00% exp_net=1.4705%) short(wr=50.00% wr_net=50.00% exp_net=-2.2705%)
  h=60m n=7 avg=1.2570% med=0.7559% long(wr=71.43% wr_net=71.43% exp_net=0.8570%) short(wr=28.57% wr_net=28.57% exp_net=-1.6570%)
 14:07:
  h=1m n=9 avg=0.0098% med=-0.2051% long(wr=44.44% wr_net=33.33% exp_net=-0.3902%) short(wr=55.56% wr_net=22.22% exp_net=-0.4098%)
  h=3m n=8 avg=-0.0631% med=-0.1259% long(wr=50.00% wr_net=37.50% exp_net=-0.4631%) short(wr=50.00% wr_net=37.50% exp_net=-0.3369%)
  h=5m n=7 avg=0.0300% med=0.2591% long(wr=57.14% wr_net=42.86% exp_net=-0.3700%) short(wr=28.57% wr_net=28.57% exp_net=-0.4300%)
  h=15m n=8 avg=2.1650% med=-0.0644% long(wr=50.00% wr_net=50.00% exp_net=1.7650%) short(wr=50.00% wr_net=50.00% exp_net=-2.5650%)
  h=30m n=8 avg=3.8574% med=0.5695% long(wr=62.50% wr_net=50.00% exp_net=3.4574%) short(wr=37.50% wr_net=37.50% exp_net=-4.2574%)
  h=60m n=6 avg=1.4379% med=0.4924% long(wr=50.00% wr_net=50.00% exp_net=1.0379%) short(wr=33.33% wr_net=33.33% exp_net=-1.8379%)
 14:08:
  h=1m n=9 avg=0.2172% med=-0.4043% long(wr=44.44% wr_net=33.33% exp_net=-0.1828%) short(wr=55.56% wr_net=55.56% exp_net=-0.6172%)
  h=3m n=9 avg=-0.0250% med=-0.3083% long(wr=33.33% wr_net=33.33% exp_net=-0.4250%) short(wr=66.67% wr_net=44.44% exp_net=-0.3750%)
  h=5m n=9 avg=-0.0516% med=-0.2695% long(wr=33.33% wr_net=33.33% exp_net=-0.4516%) short(wr=55.56% wr_net=33.33% exp_net=-0.3484%)
  h=15m n=9 avg=1.6118% med=-1.9608% long(wr=44.44% wr_net=44.44% exp_net=1.2118%) short(wr=55.56% wr_net=55.56% exp_net=-2.0118%)
  h=30m n=10 avg=3.1902% med=-0.0868% long(wr=50.00% wr_net=40.00% exp_net=2.7902%) short(wr=50.00% wr_net=40.00% exp_net=-3.5902%)
  h=60m n=8 avg=1.1137% med=0.0429% long(wr=50.00% wr_net=50.00% exp_net=0.7137%) short(wr=50.00% wr_net=50.00% exp_net=-1.5137%)
 14:09:
  h=1m n=10 avg=-0.5563% med=-0.4297% long(wr=30.00% wr_net=20.00% exp_net=-0.9563%) short(wr=70.00% wr_net=50.00% exp_net=0.1563%)
  h=3m n=9 avg=-0.4388% med=-0.5682% long(wr=22.22% wr_net=22.22% exp_net=-0.8388%) short(wr=55.56% wr_net=55.56% exp_net=0.0388%)
  h=5m n=10 avg=-0.4246% med=-0.4473% long(wr=30.00% wr_net=20.00% exp_net=-0.8246%) short(wr=70.00% wr_net=50.00% exp_net=0.0246%)
  h=15m n=10 avg=1.0108% med=-0.6564% long(wr=40.00% wr_net=30.00% exp_net=0.6108%) short(wr=60.00% wr_net=50.00% exp_net=-1.4108%)
  h=30m n=10 avg=2.7842% med=0.5653% long(wr=60.00% wr_net=60.00% exp_net=2.3842%) short(wr=40.00% wr_net=30.00% exp_net=-3.1842%)
  h=60m n=7 avg=0.2761% med=-0.3820% long(wr=28.57% wr_net=28.57% exp_net=-0.1239%) short(wr=57.14% wr_net=42.86% exp_net=-0.6761%)
 14:10:
  h=1m n=8 avg=0.2676% med=0.2252% long(wr=50.00% wr_net=50.00% exp_net=-0.1324%) short(wr=25.00% wr_net=12.50% exp_net=-0.6676%)
  h=3m n=9 avg=0.4666% med=0.0000% long(wr=44.44% wr_net=33.33% exp_net=0.0666%) short(wr=44.44% wr_net=11.11% exp_net=-0.8666%)
  h=5m n=9 avg=0.8438% med=0.2387% long(wr=55.56% wr_net=44.44% exp_net=0.4438%) short(wr=33.33% wr_net=22.22% exp_net=-1.2438%)
  h=15m n=8 avg=2.3964% med=0.7516% long(wr=50.00% wr_net=50.00% exp_net=1.9964%) short(wr=50.00% wr_net=37.50% exp_net=-2.7964%)
  h=30m n=8 avg=3.9290% med=0.5388% long(wr=75.00% wr_net=50.00% exp_net=3.5290%) short(wr=25.00% wr_net=25.00% exp_net=-4.3290%)
  h=60m n=8 avg=-3.6143% med=-1.1670% long(wr=37.50% wr_net=37.50% exp_net=-4.0143%) short(wr=62.50% wr_net=62.50% exp_net=3.2143%)
 14:11:
  h=1m n=6 avg=0.0480% med=0.1143% long(wr=66.67% wr_net=33.33% exp_net=-0.3520%) short(wr=33.33% wr_net=33.33% exp_net=-0.4480%)
  h=3m n=7 avg=0.0570% med=-0.0747% long(wr=28.57% wr_net=28.57% exp_net=-0.3430%) short(wr=71.43% wr_net=28.57% exp_net=-0.4570%)
  h=5m n=6 avg=0.1897% med=-0.5308% long(wr=50.00% wr_net=16.67% exp_net=-0.2103%) short(wr=50.00% wr_net=50.00% exp_net=-0.5897%)
  h=15m n=6 avg=3.0038% med=-0.0544% long(wr=50.00% wr_net=50.00% exp_net=2.6038%) short(wr=50.00% wr_net=50.00% exp_net=-3.4038%)
  h=30m n=7 avg=4.2888% med=0.0747% long(wr=57.14% wr_net=42.86% exp_net=3.8888%) short(wr=42.86% wr_net=28.57% exp_net=-4.6888%)
  h=60m n=6 avg=-3.1980% med=-0.5982% long(wr=50.00% wr_net=50.00% exp_net=-3.5980%) short(wr=50.00% wr_net=50.00% exp_net=2.7980%)
 14:12:
  h=1m n=6 avg=-0.0096% med=-0.4382% long(wr=33.33% wr_net=16.67% exp_net=-0.4096%) short(wr=66.67% wr_net=66.67% exp_net=-0.3904%)
  h=3m n=7 avg=0.3400% med=-0.3165% long(wr=42.86% wr_net=28.57% exp_net=-0.0600%) short(wr=57.14% wr_net=42.86% exp_net=-0.7400%)
  h=5m n=7 avg=0.6158% med=-0.7143% long(wr=28.57% wr_net=28.57% exp_net=0.2158%) short(wr=71.43% wr_net=57.14% exp_net=-1.0158%)
  h=15m n=6 avg=2.8185% med=-0.0471% long(wr=50.00% wr_net=50.00% exp_net=2.4185%) short(wr=50.00% wr_net=50.00% exp_net=-3.2185%)
  h=30m n=7 avg=4.2101% med=0.2985% long(wr=57.14% wr_net=42.86% exp_net=3.8101%) short(wr=42.86% wr_net=42.86% exp_net=-4.6101%)
  h=60m n=6 avg=-8.3623% med=-2.1472% long(wr=33.33% wr_net=33.33% exp_net=-8.7623%) short(wr=66.67% wr_net=66.67% exp_net=7.9623%)
 14:13:
  h=1m n=9 avg=0.1963% med=0.1300% long(wr=55.56% wr_net=22.22% exp_net=-0.2037%) short(wr=33.33% wr_net=22.22% exp_net=-0.5963%)
  h=3m n=8 avg=0.1876% med=-0.2192% long(wr=37.50% wr_net=25.00% exp_net=-0.2124%) short(wr=62.50% wr_net=25.00% exp_net=-0.5876%)
  h=5m n=9 avg=1.4286% med=0.2703% long(wr=66.67% wr_net=44.44% exp_net=1.0286%) short(wr=22.22% wr_net=22.22% exp_net=-1.8286%)
  h=15m n=9 avg=1.3327% med=0.3249% long(wr=55.56% wr_net=44.44% exp_net=0.9327%) short(wr=44.44% wr_net=44.44% exp_net=-1.7327%)
  h=30m n=9 avg=2.6020% med=0.4498% long(wr=77.78% wr_net=66.67% exp_net=2.2020%) short(wr=22.22% wr_net=22.22% exp_net=-3.0020%)
  h=60m n=9 avg=-4.1747% med=-1.0043% long(wr=33.33% wr_net=33.33% exp_net=-4.5747%) short(wr=66.67% wr_net=66.67% exp_net=3.7747%)
 14:14:
  h=1m n=10 avg=0.2484% med=0.0324% long(wr=50.00% wr_net=30.00% exp_net=-0.1516%) short(wr=30.00% wr_net=10.00% exp_net=-0.6484%)
  h=3m n=9 avg=0.3979% med=0.1351% long(wr=55.56% wr_net=22.22% exp_net=-0.0021%) short(wr=44.44% wr_net=44.44% exp_net=-0.7979%)
  h=5m n=8 avg=2.2768% med=0.2546% long(wr=62.50% wr_net=37.50% exp_net=1.8768%) short(wr=37.50% wr_net=25.00% exp_net=-2.6768%)
  h=15m n=10 avg=0.9247% med=0.3690% long(wr=60.00% wr_net=50.00% exp_net=0.5247%) short(wr=30.00% wr_net=30.00% exp_net=-1.3247%)
  h=30m n=9 avg=1.4691% med=0.6757% long(wr=77.78% wr_net=77.78% exp_net=1.0691%) short(wr=22.22% wr_net=22.22% exp_net=-1.8691%)
  h=60m n=7 avg=-5.1034% med=-1.2248% long(wr=28.57% wr_net=28.57% exp_net=-5.5034%) short(wr=71.43% wr_net=57.14% exp_net=4.7034%)
 14:15:
  h=1m n=8 avg=-0.2035% med=-0.4258% long(wr=37.50% wr_net=12.50% exp_net=-0.6035%) short(wr=62.50% wr_net=62.50% exp_net=-0.1965%)
  h=3m n=10 avg=1.1426% med=0.0703% long(wr=50.00% wr_net=40.00% exp_net=0.7426%) short(wr=50.00% wr_net=20.00% exp_net=-1.5426%)
  h=5m n=10 avg=1.0546% med=-0.2206% long(wr=30.00% wr_net=30.00% exp_net=0.6546%) short(wr=70.00% wr_net=30.00% exp_net=-1.4546%)
  h=15m n=8 avg=2.3052% med=1.2735% long(wr=75.00% wr_net=75.00% exp_net=1.9052%) short(wr=12.50% wr_net=12.50% exp_net=-2.7052%)
  h=30m n=10 avg=1.1899% med=0.8498% long(wr=70.00% wr_net=60.00% exp_net=0.7899%) short(wr=20.00% wr_net=20.00% exp_net=-1.5899%)
  h=60m n=9 avg=-3.0381% med=-0.4054% long(wr=33.33% wr_net=33.33% exp_net=-3.4381%) short(wr=66.67% wr_net=55.56% exp_net=2.6381%)
 14:16:
  h=1m n=7 avg=0.1535% med=0.0000% long(wr=28.57% wr_net=28.57% exp_net=-0.2465%) short(wr=42.86% wr_net=14.29% exp_net=-0.5535%)
  h=3m n=7 avg=2.4949% med=0.2240% long(wr=57.14% wr_net=42.86% exp_net=2.0949%) short(wr=42.86% wr_net=28.57% exp_net=-2.8949%)
  h=5m n=7 avg=2.1114% med=0.2088% long(wr=57.14% wr_net=42.86% exp_net=1.7114%) short(wr=42.86% wr_net=42.86% exp_net=-2.5114%)
  h=15m n=7 avg=1.6961% med=0.2874% long(wr=57.14% wr_net=42.86% exp_net=1.2961%) short(wr=42.86% wr_net=42.86% exp_net=-2.0961%)
  h=30m n=7 avg=1.6199% med=1.8789% long(wr=71.43% wr_net=71.43% exp_net=1.2199%) short(wr=28.57% wr_net=28.57% exp_net=-2.0199%)
  h=60m n=6 avg=-5.6389% med=-3.2341% long(wr=33.33% wr_net=16.67% exp_net=-6.0389%) short(wr=66.67% wr_net=66.67% exp_net=5.2389%)
 14:17:
  h=1m n=9 avg=1.1267% med=0.2878% long(wr=88.89% wr_net=44.44% exp_net=0.7267%) short(wr=11.11% wr_net=11.11% exp_net=-1.5267%)
  h=3m n=9 avg=1.0346% med=0.3210% long(wr=66.67% wr_net=33.33% exp_net=0.6346%) short(wr=33.33% wr_net=33.33% exp_net=-1.4346%)
  h=5m n=8 avg=1.4944% med=0.3502% long(wr=62.50% wr_net=50.00% exp_net=1.0944%) short(wr=37.50% wr_net=37.50% exp_net=-1.8944%)
  h=15m n=9 avg=1.5516% med=0.7194% long(wr=55.56% wr_net=55.56% exp_net=1.1516%) short(wr=44.44% wr_net=44.44% exp_net=-1.9516%)
  h=30m n=9 avg=1.8665% med=0.4902% long(wr=66.67% wr_net=66.67% exp_net=1.4665%) short(wr=33.33% wr_net=33.33% exp_net=-2.2665%)
  h=60m n=7 avg=-4.3583% med=-1.2039% long(wr=28.57% wr_net=28.57% exp_net=-4.7583%) short(wr=71.43% wr_net=71.43% exp_net=3.9583%)
 14:18:
  h=1m n=8 avg=0.8493% med=0.3920% long(wr=62.50% wr_net=50.00% exp_net=0.4493%) short(wr=25.00% wr_net=12.50% exp_net=-1.2493%)
  h=3m n=9 avg=-0.0352% med=0.1348% long(wr=55.56% wr_net=33.33% exp_net=-0.4352%) short(wr=44.44% wr_net=44.44% exp_net=-0.3648%)
  h=5m n=9 avg=0.1827% med=0.5391% long(wr=55.56% wr_net=55.56% exp_net=-0.2173%) short(wr=44.44% wr_net=33.33% exp_net=-0.5827%)
  h=15m n=9 avg=-0.2172% med=0.0801% long(wr=55.56% wr_net=44.44% exp_net=-0.6172%) short(wr=44.44% wr_net=33.33% exp_net=-0.1828%)
  h=30m n=10 avg=1.0694% med=0.9702% long(wr=70.00% wr_net=60.00% exp_net=0.6694%) short(wr=30.00% wr_net=20.00% exp_net=-1.4694%)
  h=60m n=10 avg=-4.3493% med=-1.4415% long(wr=30.00% wr_net=30.00% exp_net=-4.7493%) short(wr=70.00% wr_net=70.00% exp_net=3.9493%)
 14:19:
  h=1m n=8 avg=-0.6624% med=-0.4754% long(wr=37.50% wr_net=25.00% exp_net=-1.0624%) short(wr=62.50% wr_net=62.50% exp_net=0.2624%)
  h=3m n=8 avg=-0.3348% med=-0.3382% long(wr=37.50% wr_net=37.50% exp_net=-0.7348%) short(wr=50.00% wr_net=50.00% exp_net=-0.0652%)
  h=5m n=8 avg=-0.5223% med=-0.9661% long(wr=37.50% wr_net=37.50% exp_net=-0.9223%) short(wr=62.50% wr_net=62.50% exp_net=0.1223%)
  h=15m n=8 avg=-1.5353% med=-0.3305% long(wr=50.00% wr_net=37.50% exp_net=-1.9353%) short(wr=50.00% wr_net=50.00% exp_net=1.1353%)
  h=30m n=7 avg=1.7202% med=-0.0745% long(wr=42.86% wr_net=28.57% exp_net=1.3202%) short(wr=57.14% wr_net=14.29% exp_net=-2.1202%)
  h=60m n=9 avg=-7.2328% med=-3.0769% long(wr=22.22% wr_net=22.22% exp_net=-7.6328%) short(wr=66.67% wr_net=66.67% exp_net=6.8328%)
 14:20:
  h=1m n=9 avg=0.0505% med=0.0000% long(wr=44.44% wr_net=33.33% exp_net=-0.3495%) short(wr=44.44% wr_net=22.22% exp_net=-0.4505%)
  h=3m n=9 avg=0.2872% med=-0.4000% long(wr=44.44% wr_net=33.33% exp_net=-0.1128%) short(wr=55.56% wr_net=55.56% exp_net=-0.6872%)
  h=5m n=9 avg=-0.1780% med=-0.3679% long(wr=33.33% wr_net=33.33% exp_net=-0.5780%) short(wr=66.67% wr_net=44.44% exp_net=-0.2220%)
  h=15m n=8 avg=-0.4201% med=0.0444% long(wr=50.00% wr_net=37.50% exp_net=-0.8201%) short(wr=50.00% wr_net=37.50% exp_net=0.0201%)
  h=30m n=8 avg=1.4318% med=-0.0213% long(wr=50.00% wr_net=37.50% exp_net=1.0318%) short(wr=50.00% wr_net=37.50% exp_net=-1.8318%)
  h=60m n=8 avg=-6.0472% med=-0.5256% long(wr=50.00% wr_net=37.50% exp_net=-6.4472%) short(wr=50.00% wr_net=50.00% exp_net=5.6472%)
 14:21:
  h=1m n=8 avg=0.1902% med=0.0741% long(wr=50.00% wr_net=12.50% exp_net=-0.2098%) short(wr=37.50% wr_net=12.50% exp_net=-0.5902%)
  h=3m n=9 avg=0.1125% med=-0.4393% long(wr=44.44% wr_net=44.44% exp_net=-0.2875%) short(wr=55.56% wr_net=55.56% exp_net=-0.5125%)
  h=5m n=8 avg=-0.1366% med=0.3174% long(wr=50.00% wr_net=50.00% exp_net=-0.5366%) short(wr=50.00% wr_net=37.50% exp_net=-0.2634%)
  h=15m n=8 avg=0.8751% med=1.6430% long(wr=50.00% wr_net=50.00% exp_net=0.4751%) short(wr=50.00% wr_net=37.50% exp_net=-1.2751%)
  h=30m n=6 avg=2.4462% med=3.1411% long(wr=66.67% wr_net=66.67% exp_net=2.0462%) short(wr=33.33% wr_net=33.33% exp_net=-2.8462%)
  h=60m n=7 avg=-8.1953% med=-0.9984% long(wr=28.57% wr_net=14.29% exp_net=-8.5953%) short(wr=71.43% wr_net=71.43% exp_net=7.7953%)
 14:22:
  h=1m n=8 avg=0.1376% med=-0.0531% long(wr=50.00% wr_net=25.00% exp_net=-0.2624%) short(wr=50.00% wr_net=37.50% exp_net=-0.5376%)
  h=3m n=8 avg=-0.0424% med=-0.4707% long(wr=37.50% wr_net=37.50% exp_net=-0.4424%) short(wr=62.50% wr_net=50.00% exp_net=-0.3576%)
  h=5m n=7 avg=0.2576% med=0.6657% long(wr=71.43% wr_net=71.43% exp_net=-0.1424%) short(wr=28.57% wr_net=28.57% exp_net=-0.6576%)
  h=15m n=9 avg=1.3284% med=0.2203% long(wr=55.56% wr_net=44.44% exp_net=0.9284%) short(wr=44.44% wr_net=33.33% exp_net=-1.7284%)
  h=30m n=8 avg=1.5900% med=0.8950% long(wr=50.00% wr_net=50.00% exp_net=1.1900%) short(wr=50.00% wr_net=50.00% exp_net=-1.9900%)
  h=60m n=7 avg=-9.1133% med=-0.5525% long(wr=28.57% wr_net=0.00% exp_net=-9.5133%) short(wr=71.43% wr_net=71.43% exp_net=8.7133%)
 14:23:
  h=1m n=9 avg=-0.1364% med=0.1205% long(wr=55.56% wr_net=22.22% exp_net=-0.5364%) short(wr=44.44% wr_net=22.22% exp_net=-0.2636%)
  h=3m n=8 avg=-0.0886% med=-0.1691% long(wr=50.00% wr_net=37.50% exp_net=-0.4886%) short(wr=50.00% wr_net=50.00% exp_net=-0.3114%)
  h=5m n=8 avg=-0.6735% med=-0.3561% long(wr=37.50% wr_net=37.50% exp_net=-1.0735%) short(wr=62.50% wr_net=50.00% exp_net=0.2735%)
  h=15m n=9 avg=0.4181% med=-0.0803% long(wr=44.44% wr_net=44.44% exp_net=0.0181%) short(wr=55.56% wr_net=44.44% exp_net=-0.8181%)
  h=30m n=8 avg=1.4083% med=-0.8040% long(wr=37.50% wr_net=37.50% exp_net=1.0083%) short(wr=62.50% wr_net=62.50% exp_net=-1.8083%)
  h=60m n=7 avg=-8.2877% med=-1.4706% long(wr=28.57% wr_net=14.29% exp_net=-8.6877%) short(wr=57.14% wr_net=57.14% exp_net=7.8877%)
 14:24:
  h=1m n=9 avg=-0.0182% med=0.0000% long(wr=44.44% wr_net=22.22% exp_net=-0.4182%) short(wr=44.44% wr_net=33.33% exp_net=-0.3818%)
  h=3m n=9 avg=-0.1203% med=-0.2808% long(wr=33.33% wr_net=33.33% exp_net=-0.5203%) short(wr=66.67% wr_net=33.33% exp_net=-0.2797%)
  h=5m n=10 avg=-0.4135% med=0.9699% long(wr=70.00% wr_net=60.00% exp_net=-0.8135%) short(wr=30.00% wr_net=30.00% exp_net=0.0135%)
  h=15m n=10 avg=0.1748% med=-0.3672% long(wr=40.00% wr_net=40.00% exp_net=-0.2252%) short(wr=60.00% wr_net=50.00% exp_net=-0.5748%)
  h=30m n=8 avg=0.9713% med=0.0267% long(wr=50.00% wr_net=37.50% exp_net=0.5713%) short(wr=50.00% wr_net=37.50% exp_net=-1.3713%)
  h=60m n=9 avg=-7.8075% med=-2.0875% long(wr=22.22% wr_net=11.11% exp_net=-8.2075%) short(wr=77.78% wr_net=77.78% exp_net=7.4075%)
 14:25:
  h=1m n=9 avg=0.2867% med=-0.1210% long(wr=44.44% wr_net=22.22% exp_net=-0.1133%) short(wr=55.56% wr_net=22.22% exp_net=-0.6867%)
  h=3m n=10 avg=-0.0891% med=-0.1486% long(wr=50.00% wr_net=20.00% exp_net=-0.4891%) short(wr=50.00% wr_net=40.00% exp_net=-0.3109%)
  h=5m n=10 avg=0.3568% med=0.5279% long(wr=60.00% wr_net=50.00% exp_net=-0.0432%) short(wr=40.00% wr_net=20.00% exp_net=-0.7568%)
  h=15m n=11 avg=1.3847% med=1.1079% long(wr=54.55% wr_net=54.55% exp_net=0.9847%) short(wr=45.45% wr_net=45.45% exp_net=-1.7847%)
  h=30m n=11 avg=0.7788% med=-0.0806% long(wr=45.45% wr_net=36.36% exp_net=0.3788%) short(wr=54.55% wr_net=45.45% exp_net=-1.1788%)
  h=60m n=10 avg=-7.5204% med=-0.8256% long(wr=20.00% wr_net=20.00% exp_net=-7.9204%) short(wr=80.00% wr_net=60.00% exp_net=7.1204%)
 14:26:
  h=1m n=10 avg=-0.4358% med=-0.3130% long(wr=20.00% wr_net=10.00% exp_net=-0.8358%) short(wr=70.00% wr_net=50.00% exp_net=0.0358%)
  h=3m n=10 avg=-0.8510% med=-0.6390% long(wr=40.00% wr_net=30.00% exp_net=-1.2510%) short(wr=60.00% wr_net=50.00% exp_net=0.4510%)
  h=5m n=10 avg=-0.0809% med=0.3891% long(wr=60.00% wr_net=40.00% exp_net=-0.4809%) short(wr=40.00% wr_net=40.00% exp_net=-0.3191%)
  h=15m n=9 avg=1.3066% med=-0.2019% long(wr=44.44% wr_net=44.44% exp_net=0.9066%) short(wr=55.56% wr_net=44.44% exp_net=-1.7066%)
  h=30m n=9 avg=-0.6962% med=-1.1378% long(wr=44.44% wr_net=33.33% exp_net=-1.0962%) short(wr=55.56% wr_net=55.56% exp_net=0.2962%)
  h=60m n=10 avg=-8.2820% med=-2.9560% long(wr=10.00% wr_net=10.00% exp_net=-8.6820%) short(wr=90.00% wr_net=90.00% exp_net=7.8820%)
 14:27:
  h=1m n=10 avg=-0.2267% med=-0.0665% long(wr=30.00% wr_net=10.00% exp_net=-0.6267%) short(wr=50.00% wr_net=30.00% exp_net=-0.1733%)
  h=3m n=9 avg=0.3127% med=0.1095% long(wr=55.56% wr_net=44.44% exp_net=-0.0873%) short(wr=33.33% wr_net=22.22% exp_net=-0.7127%)
  h=5m n=10 avg=0.3313% med=0.3940% long(wr=70.00% wr_net=40.00% exp_net=-0.0687%) short(wr=30.00% wr_net=10.00% exp_net=-0.7313%)
  h=15m n=9 avg=1.1201% med=0.0000% long(wr=44.44% wr_net=44.44% exp_net=0.7201%) short(wr=44.44% wr_net=33.33% exp_net=-1.5201%)
  h=30m n=9 avg=0.5344% med=0.0805% long(wr=55.56% wr_net=33.33% exp_net=0.1344%) short(wr=44.44% wr_net=44.44% exp_net=-0.9344%)
  h=60m n=9 avg=-9.6377% med=-1.3661% long(wr=22.22% wr_net=22.22% exp_net=-10.0377%) short(wr=77.78% wr_net=66.67% exp_net=9.2377%)
 14:28:
  h=1m n=10 avg=-0.2628% med=-0.0501% long(wr=50.00% wr_net=30.00% exp_net=-0.6628%) short(wr=50.00% wr_net=40.00% exp_net=-0.1372%)
  h=3m n=10 avg=0.2918% med=0.3957% long(wr=60.00% wr_net=50.00% exp_net=-0.1082%) short(wr=40.00% wr_net=30.00% exp_net=-0.6918%)
  h=5m n=9 avg=-0.0057% med=0.4806% long(wr=66.67% wr_net=55.56% exp_net=-0.4057%) short(wr=33.33% wr_net=22.22% exp_net=-0.3943%)
  h=15m n=9 avg=0.8891% med=0.0671% long(wr=55.56% wr_net=44.44% exp_net=0.4891%) short(wr=33.33% wr_net=33.33% exp_net=-1.2891%)
  h=30m n=9 avg=0.4971% med=-0.8529% long(wr=44.44% wr_net=44.44% exp_net=0.0971%) short(wr=55.56% wr_net=55.56% exp_net=-0.8971%)
  h=60m n=10 avg=-8.8702% med=-1.1996% long(wr=0.00% wr_net=0.00% exp_net=-9.2702%) short(wr=100.00% wr_net=70.00% exp_net=8.4702%)
 14:29:
  h=1m n=9 avg=0.4187% med=0.7429% long(wr=55.56% wr_net=55.56% exp_net=0.0187%) short(wr=33.33% wr_net=11.11% exp_net=-0.8187%)
  h=3m n=11 avg=0.7068% med=0.1326% long(wr=54.55% wr_net=36.36% exp_net=0.3068%) short(wr=45.45% wr_net=36.36% exp_net=-1.1068%)
  h=5m n=10 avg=-0.3836% med=-0.6805% long(wr=40.00% wr_net=40.00% exp_net=-0.7836%) short(wr=60.00% wr_net=60.00% exp_net=-0.0164%)
  h=15m n=10 avg=0.5428% med=0.4216% long(wr=60.00% wr_net=60.00% exp_net=0.1428%) short(wr=40.00% wr_net=30.00% exp_net=-0.9428%)
  h=30m n=10 avg=-0.4208% med=-0.8100% long(wr=40.00% wr_net=30.00% exp_net=-0.8208%) short(wr=60.00% wr_net=60.00% exp_net=0.0208%)
  h=60m n=11 avg=-7.4911% med=-0.9284% long(wr=9.09% wr_net=9.09% exp_net=-7.8911%) short(wr=90.91% wr_net=72.73% exp_net=7.0911%)
 14:30:
  h=1m n=9 avg=0.4042% med=-0.2099% long(wr=22.22% wr_net=22.22% exp_net=0.0042%) short(wr=66.67% wr_net=44.44% exp_net=-0.8042%)
  h=3m n=8 avg=0.5264% med=-0.6338% long(wr=37.50% wr_net=25.00% exp_net=0.1264%) short(wr=62.50% wr_net=50.00% exp_net=-0.9264%)
  h=5m n=8 avg=0.4571% med=-0.6860% long(wr=25.00% wr_net=25.00% exp_net=0.0571%) short(wr=75.00% wr_net=75.00% exp_net=-0.8571%)
  h=15m n=9 avg=0.9562% med=0.5803% long(wr=66.67% wr_net=66.67% exp_net=0.5562%) short(wr=33.33% wr_net=33.33% exp_net=-1.3562%)
  h=30m n=9 avg=-1.8085% med=-1.3274% long(wr=33.33% wr_net=33.33% exp_net=-2.2085%) short(wr=66.67% wr_net=55.56% exp_net=1.4085%)
  h=60m n=9 avg=-8.7747% med=-1.7105% long(wr=11.11% wr_net=11.11% exp_net=-9.1747%) short(wr=88.89% wr_net=77.78% exp_net=8.3747%)
 14:31:
  h=1m n=12 avg=0.1277% med=0.0172% long(wr=50.00% wr_net=16.67% exp_net=-0.2723%) short(wr=41.67% wr_net=25.00% exp_net=-0.5277%)
  h=3m n=11 avg=-0.7352% med=-0.2608% long(wr=18.18% wr_net=18.18% exp_net=-1.1352%) short(wr=63.64% wr_net=36.36% exp_net=0.3352%)
  h=5m n=11 avg=0.6021% med=0.2103% long(wr=54.55% wr_net=45.45% exp_net=0.2021%) short(wr=45.45% wr_net=27.27% exp_net=-1.0021%)
  h=15m n=11 avg=-0.1258% med=0.2935% long(wr=54.55% wr_net=45.45% exp_net=-0.5258%) short(wr=45.45% wr_net=36.36% exp_net=-0.2742%)
  h=30m n=10 avg=-4.0415% med=-1.0544% long(wr=40.00% wr_net=40.00% exp_net=-4.4415%) short(wr=60.00% wr_net=60.00% exp_net=3.6415%)
  h=60m n=11 avg=-6.4283% med=-1.3274% long(wr=18.18% wr_net=18.18% exp_net=-6.8283%) short(wr=81.82% wr_net=72.73% exp_net=6.0283%)
 14:32:
  h=1m n=10 avg=-0.4918% med=-0.7529% long(wr=20.00% wr_net=10.00% exp_net=-0.8918%) short(wr=80.00% wr_net=60.00% exp_net=0.0918%)
  h=3m n=9 avg=-0.3127% med=-0.4832% long(wr=44.44% wr_net=22.22% exp_net=-0.7127%) short(wr=55.56% wr_net=55.56% exp_net=-0.0873%)
  h=5m n=10 avg=0.4524% med=0.0516% long(wr=50.00% wr_net=30.00% exp_net=0.0524%) short(wr=50.00% wr_net=40.00% exp_net=-0.8524%)
  h=15m n=11 avg=0.6213% med=0.6529% long(wr=63.64% wr_net=54.55% exp_net=0.2213%) short(wr=36.36% wr_net=36.36% exp_net=-1.0213%)
  h=30m n=10 avg=-4.5056% med=-0.4876% long(wr=50.00% wr_net=40.00% exp_net=-4.9056%) short(wr=50.00% wr_net=50.00% exp_net=4.1056%)
  h=60m n=10 avg=-8.5893% med=-1.3832% long(wr=10.00% wr_net=10.00% exp_net=-8.9893%) short(wr=90.00% wr_net=90.00% exp_net=8.1893%)
 14:33:
  h=1m n=7 avg=-0.3029% med=-0.2002% long(wr=42.86% wr_net=28.57% exp_net=-0.7029%) short(wr=57.14% wr_net=28.57% exp_net=-0.0971%)
  h=3m n=7 avg=1.0776% med=1.2752% long(wr=71.43% wr_net=71.43% exp_net=0.6776%) short(wr=28.57% wr_net=14.29% exp_net=-1.4776%)
  h=5m n=8 avg=1.1443% med=-0.1694% long(wr=37.50% wr_net=37.50% exp_net=0.7443%) short(wr=62.50% wr_net=37.50% exp_net=-1.5443%)
  h=15m n=8 avg=1.5745% med=1.3266% long(wr=62.50% wr_net=50.00% exp_net=1.1745%) short(wr=37.50% wr_net=37.50% exp_net=-1.9745%)
  h=30m n=6 avg=-5.4229% med=-0.8830% long(wr=33.33% wr_net=16.67% exp_net=-5.8229%) short(wr=50.00% wr_net=50.00% exp_net=5.0229%)
  h=60m n=7 avg=-12.6003% med=-1.7660% long(wr=0.00% wr_net=0.00% exp_net=-13.0003%) short(wr=100.00% wr_net=100.00% exp_net=12.2003%)
 14:34:
  h=1m n=8 avg=0.3452% med=0.3931% long(wr=62.50% wr_net=50.00% exp_net=-0.0548%) short(wr=37.50% wr_net=0.00% exp_net=-0.7452%)
  h=3m n=9 avg=1.1546% med=0.1376% long(wr=55.56% wr_net=44.44% exp_net=0.7546%) short(wr=33.33% wr_net=0.00% exp_net=-1.5546%)
  h=5m n=10 avg=1.2024% med=0.9543% long(wr=60.00% wr_net=60.00% exp_net=0.8024%) short(wr=30.00% wr_net=10.00% exp_net=-1.6024%)
  h=15m n=10 avg=0.9749% med=0.9429% long(wr=60.00% wr_net=50.00% exp_net=0.5749%) short(wr=40.00% wr_net=40.00% exp_net=-1.3749%)
  h=30m n=8 avg=-4.4406% med=-1.5971% long(wr=37.50% wr_net=37.50% exp_net=-4.8406%) short(wr=62.50% wr_net=62.50% exp_net=4.0406%)
  h=60m n=10 avg=-8.0842% med=-1.1588% long(wr=30.00% wr_net=20.00% exp_net=-8.4842%) short(wr=60.00% wr_net=60.00% exp_net=7.6842%)
 14:35:
  h=1m n=7 avg=0.7906% med=0.2625% long(wr=71.43% wr_net=42.86% exp_net=0.3906%) short(wr=28.57% wr_net=14.29% exp_net=-1.1906%)
  h=3m n=8 avg=1.6000% med=0.5158% long(wr=62.50% wr_net=50.00% exp_net=1.2000%) short(wr=25.00% wr_net=12.50% exp_net=-2.0000%)
  h=5m n=8 avg=0.2869% med=-0.7649% long(wr=37.50% wr_net=37.50% exp_net=-0.1131%) short(wr=62.50% wr_net=62.50% exp_net=-0.6869%)
  h=15m n=8 avg=0.1880% med=-0.3725% long(wr=37.50% wr_net=25.00% exp_net=-0.2120%) short(wr=62.50% wr_net=50.00% exp_net=-0.5880%)
  h=30m n=7 avg=-5.9231% med=-2.1398% long(wr=28.57% wr_net=28.57% exp_net=-6.3231%) short(wr=71.43% wr_net=71.43% exp_net=5.5231%)
  h=60m n=8 avg=-9.9644% med=-0.9450% long(wr=25.00% wr_net=25.00% exp_net=-10.3644%) short(wr=75.00% wr_net=75.00% exp_net=9.5644%)
 14:36:
  h=1m n=8 avg=0.0408% med=0.0229% long(wr=50.00% wr_net=37.50% exp_net=-0.3592%) short(wr=50.00% wr_net=25.00% exp_net=-0.4408%)
  h=3m n=9 avg=0.1461% med=-0.1957% long(wr=44.44% wr_net=33.33% exp_net=-0.2539%) short(wr=55.56% wr_net=33.33% exp_net=-0.5461%)
  h=5m n=9 avg=-0.7692% med=-0.9804% long(wr=33.33% wr_net=33.33% exp_net=-1.1692%) short(wr=66.67% wr_net=55.56% exp_net=0.3692%)
  h=15m n=8 avg=-0.2278% med=-0.0784% long(wr=50.00% wr_net=25.00% exp_net=-0.6278%) short(wr=50.00% wr_net=37.50% exp_net=-0.1722%)
  h=30m n=6 avg=0.4244% med=0.7848% long(wr=66.67% wr_net=66.67% exp_net=0.0244%) short(wr=33.33% wr_net=33.33% exp_net=-0.8244%)
  h=60m n=9 avg=-9.6276% med=-1.3089% long(wr=22.22% wr_net=22.22% exp_net=-10.0276%) short(wr=77.78% wr_net=77.78% exp_net=9.2276%)
 14:37:
  h=1m n=11 avg=0.4555% med=0.2290% long(wr=72.73% wr_net=27.27% exp_net=0.0555%) short(wr=27.27% wr_net=18.18% exp_net=-0.8555%)
  h=3m n=11 avg=-0.4602% med=-0.4912% long(wr=36.36% wr_net=36.36% exp_net=-0.8602%) short(wr=63.64% wr_net=54.55% exp_net=0.0602%)
  h=5m n=11 avg=-0.3688% med=0.0000% long(wr=45.45% wr_net=18.18% exp_net=-0.7688%) short(wr=45.45% wr_net=27.27% exp_net=-0.0312%)
  h=15m n=11 avg=-0.1659% med=-0.8160% long(wr=36.36% wr_net=36.36% exp_net=-0.5659%) short(wr=54.55% wr_net=54.55% exp_net=-0.2341%)
  h=30m n=7 avg=-1.4646% med=-1.5782% long(wr=14.29% wr_net=14.29% exp_net=-1.8646%) short(wr=85.71% wr_net=85.71% exp_net=1.0646%)
  h=60m n=10 avg=-9.2257% med=-2.0878% long(wr=20.00% wr_net=0.00% exp_net=-9.6257%) short(wr=80.00% wr_net=70.00% exp_net=8.8257%)
 14:38:
  h=1m n=12 avg=-0.1759% med=0.1073% long(wr=50.00% wr_net=33.33% exp_net=-0.5759%) short(wr=41.67% wr_net=33.33% exp_net=-0.2241%)
  h=3m n=12 avg=-0.9432% med=-0.5424% long(wr=16.67% wr_net=16.67% exp_net=-1.3432%) short(wr=83.33% wr_net=58.33% exp_net=0.5432%)
  h=5m n=9 avg=-1.4573% med=-0.3681% long(wr=22.22% wr_net=22.22% exp_net=-1.8573%) short(wr=77.78% wr_net=44.44% exp_net=1.0573%)
  h=15m n=11 avg=-0.5020% med=-0.1795% long(wr=45.45% wr_net=45.45% exp_net=-0.9020%) short(wr=54.55% wr_net=36.36% exp_net=0.1020%)
  h=30m n=10 avg=-0.9866% med=-1.0306% long(wr=30.00% wr_net=30.00% exp_net=-1.3866%) short(wr=70.00% wr_net=60.00% exp_net=0.5866%)
  h=60m n=10 avg=-9.4839% med=-4.4590% long(wr=10.00% wr_net=10.00% exp_net=-9.8839%) short(wr=90.00% wr_net=80.00% exp_net=9.0839%)
 14:39:
  h=1m n=10 avg=-0.5036% med=-0.5668% long(wr=30.00% wr_net=30.00% exp_net=-0.9036%) short(wr=70.00% wr_net=70.00% exp_net=0.1036%)
  h=3m n=10 avg=-0.5136% med=-0.3563% long(wr=30.00% wr_net=10.00% exp_net=-0.9136%) short(wr=70.00% wr_net=50.00% exp_net=0.1136%)
  h=5m n=9 avg=-0.9761% med=-0.4996% long(wr=33.33% wr_net=11.11% exp_net=-1.3761%) short(wr=55.56% wr_net=55.56% exp_net=0.5761%)
  h=15m n=10 avg=-1.3946% med=-1.0806% long(wr=30.00% wr_net=30.00% exp_net=-1.7946%) short(wr=70.00% wr_net=60.00% exp_net=0.9946%)
  h=30m n=7 avg=-1.3754% med=-3.3748% long(wr=28.57% wr_net=28.57% exp_net=-1.7754%) short(wr=71.43% wr_net=71.43% exp_net=0.9754%)
  h=60m n=10 avg=-8.8976% med=-1.3170% long(wr=10.00% wr_net=10.00% exp_net=-9.2976%) short(wr=90.00% wr_net=70.00% exp_net=8.4976%)
 14:40:
  h=1m n=8 avg=-0.0859% med=-0.3669% long(wr=37.50% wr_net=12.50% exp_net=-0.4859%) short(wr=62.50% wr_net=50.00% exp_net=-0.3141%)
  h=3m n=6 avg=-0.6941% med=-0.4496% long(wr=33.33% wr_net=0.00% exp_net=-1.0941%) short(wr=66.67% wr_net=66.67% exp_net=0.2941%)
  h=5m n=8 avg=-0.3831% med=-0.7917% long(wr=37.50% wr_net=25.00% exp_net=-0.7831%) short(wr=62.50% wr_net=62.50% exp_net=-0.0169%)
  h=15m n=7 avg=-1.0612% med=-0.2551% long(wr=42.86% wr_net=42.86% exp_net=-1.4612%) short(wr=57.14% wr_net=42.86% exp_net=0.6612%)
  h=30m n=6 avg=-7.8064% med=-2.4594% long(wr=16.67% wr_net=16.67% exp_net=-8.2064%) short(wr=83.33% wr_net=83.33% exp_net=7.4064%)
  h=60m n=8 avg=-10.8835% med=-5.4449% long(wr=12.50% wr_net=12.50% exp_net=-11.2835%) short(wr=75.00% wr_net=62.50% exp_net=10.4835%)
 14:41:
  h=1m n=7 avg=-0.1606% med=0.1773% long(wr=57.14% wr_net=28.57% exp_net=-0.5606%) short(wr=42.86% wr_net=14.29% exp_net=-0.2394%)
  h=3m n=6 avg=-0.5062% med=0.0000% long(wr=33.33% wr_net=33.33% exp_net=-0.9062%) short(wr=33.33% wr_net=33.33% exp_net=0.1062%)
  h=5m n=7 avg=0.1883% med=0.9307% long(wr=71.43% wr_net=57.14% exp_net=-0.2117%) short(wr=28.57% wr_net=14.29% exp_net=-0.5883%)
  h=15m n=6 avg=-2.5270% med=-1.9956% long(wr=33.33% wr_net=33.33% exp_net=-2.9270%) short(wr=66.67% wr_net=66.67% exp_net=2.1270%)
  h=30m n=5 avg=-9.7959% med=-2.7500% long(wr=20.00% wr_net=20.00% exp_net=-10.1959%) short(wr=80.00% wr_net=80.00% exp_net=9.3959%)
  h=60m n=7 avg=-12.5646% med=-8.8652% long(wr=14.29% wr_net=0.00% exp_net=-12.9646%) short(wr=85.71% wr_net=85.71% exp_net=12.1646%)
 14:42:
  h=1m n=8 avg=-0.5824% med=-0.1840% long(wr=37.50% wr_net=0.00% exp_net=-0.9824%) short(wr=50.00% wr_net=37.50% exp_net=0.1824%)
  h=3m n=10 avg=-0.1945% med=-0.1884% long(wr=30.00% wr_net=20.00% exp_net=-0.5945%) short(wr=70.00% wr_net=30.00% exp_net=-0.2055%)
  h=5m n=10 avg=0.3860% med=0.6961% long(wr=70.00% wr_net=60.00% exp_net=-0.0140%) short(wr=30.00% wr_net=20.00% exp_net=-0.7860%)
  h=15m n=10 avg=-0.4681% med=0.5304% long(wr=60.00% wr_net=50.00% exp_net=-0.8681%) short(wr=40.00% wr_net=40.00% exp_net=0.0681%)
  h=30m n=9 avg=-8.5693% med=-1.4368% long(wr=22.22% wr_net=22.22% exp_net=-8.9693%) short(wr=77.78% wr_net=66.67% exp_net=8.1693%)
  h=60m n=10 avg=-8.1208% med=-1.9643% long(wr=40.00% wr_net=40.00% exp_net=-8.5208%) short(wr=60.00% wr_net=60.00% exp_net=7.7208%)
 14:43:
  h=1m n=8 avg=0.3091% med=0.2871% long(wr=62.50% wr_net=37.50% exp_net=-0.0909%) short(wr=37.50% wr_net=0.00% exp_net=-0.7091%)
  h=3m n=7 avg=0.5758% med=0.2567% long(wr=85.71% wr_net=28.57% exp_net=0.1758%) short(wr=14.29% wr_net=14.29% exp_net=-0.9758%)
  h=5m n=7 avg=1.3663% med=0.9240% long(wr=71.43% wr_net=71.43% exp_net=0.9663%) short(wr=28.57% wr_net=14.29% exp_net=-1.7663%)
  h=15m n=7 avg=-0.3673% med=0.4108% long(wr=57.14% wr_net=57.14% exp_net=-0.7673%) short(wr=42.86% wr_net=42.86% exp_net=-0.0327%)
  h=30m n=8 avg=-7.1773% med=-0.6717% long(wr=25.00% wr_net=12.50% exp_net=-7.5773%) short(wr=75.00% wr_net=62.50% exp_net=6.7773%)
  h=60m n=8 avg=-9.4872% med=-1.8857% long(wr=25.00% wr_net=25.00% exp_net=-9.8872%) short(wr=75.00% wr_net=75.00% exp_net=9.0872%)
 14:44:
  h=1m n=9 avg=0.0042% med=-0.3083% long(wr=22.22% wr_net=22.22% exp_net=-0.3958%) short(wr=77.78% wr_net=33.33% exp_net=-0.4042%)
  h=3m n=8 avg=0.8596% med=0.6043% long(wr=50.00% wr_net=50.00% exp_net=0.4596%) short(wr=50.00% wr_net=12.50% exp_net=-1.2596%)
  h=5m n=9 avg=0.6305% med=0.0000% long(wr=44.44% wr_net=22.22% exp_net=0.2305%) short(wr=44.44% wr_net=33.33% exp_net=-1.0305%)
  h=15m n=9 avg=-1.5508% med=-0.1545% long(wr=44.44% wr_net=22.22% exp_net=-1.9508%) short(wr=55.56% wr_net=44.44% exp_net=1.1508%)
  h=30m n=8 avg=-8.1176% med=-1.6122% long(wr=25.00% wr_net=25.00% exp_net=-8.5176%) short(wr=75.00% wr_net=75.00% exp_net=7.7176%)
  h=60m n=9 avg=-9.9237% med=-2.8699% long(wr=22.22% wr_net=22.22% exp_net=-10.3237%) short(wr=77.78% wr_net=77.78% exp_net=9.5237%)
 14:45:
  h=1m n=10 avg=0.1170% med=0.0890% long(wr=50.00% wr_net=20.00% exp_net=-0.2830%) short(wr=40.00% wr_net=10.00% exp_net=-0.5170%)
  h=3m n=10 avg=0.7964% med=0.3854% long(wr=70.00% wr_net=50.00% exp_net=0.3964%) short(wr=30.00% wr_net=20.00% exp_net=-1.1964%)
  h=5m n=10 avg=0.0074% med=-0.5019% long(wr=40.00% wr_net=40.00% exp_net=-0.3926%) short(wr=60.00% wr_net=50.00% exp_net=-0.4074%)
  h=15m n=11 avg=-2.2471% med=-1.0676% long(wr=27.27% wr_net=27.27% exp_net=-2.6471%) short(wr=72.73% wr_net=72.73% exp_net=1.8471%)
  h=30m n=11 avg=-5.3883% med=-0.5185% long(wr=27.27% wr_net=27.27% exp_net=-5.7883%) short(wr=72.73% wr_net=72.73% exp_net=4.9883%)
  h=60m n=11 avg=-7.9591% med=-1.9324% long(wr=18.18% wr_net=18.18% exp_net=-8.3591%) short(wr=81.82% wr_net=81.82% exp_net=7.5591%)
 14:46:
  h=1m n=9 avg=0.5470% med=0.0000% long(wr=44.44% wr_net=33.33% exp_net=0.1470%) short(wr=33.33% wr_net=0.00% exp_net=-0.9470%)
  h=3m n=8 avg=0.4331% med=0.3841% long(wr=50.00% wr_net=50.00% exp_net=0.0331%) short(wr=37.50% wr_net=25.00% exp_net=-0.8331%)
  h=5m n=7 avg=-0.2552% med=-0.2618% long(wr=28.57% wr_net=28.57% exp_net=-0.6552%) short(wr=71.43% wr_net=28.57% exp_net=-0.1448%)
  h=15m n=8 avg=-6.1896% med=-0.9447% long(wr=25.00% wr_net=12.50% exp_net=-6.5896%) short(wr=75.00% wr_net=75.00% exp_net=5.7896%)
  h=30m n=9 avg=-7.2739% med=-2.2482% long(wr=11.11% wr_net=11.11% exp_net=-7.6739%) short(wr=77.78% wr_net=55.56% exp_net=6.8739%)
  h=60m n=9 avg=-10.1800% med=-3.2010% long(wr=11.11% wr_net=11.11% exp_net=-10.5800%) short(wr=88.89% wr_net=88.89% exp_net=9.7800%)
 14:47:
  h=1m n=9 avg=0.4501% med=-0.0639% long(wr=33.33% wr_net=33.33% exp_net=0.0501%) short(wr=55.56% wr_net=11.11% exp_net=-0.8501%)
  h=3m n=8 avg=-0.3972% med=-0.4739% long(wr=37.50% wr_net=37.50% exp_net=-0.7972%) short(wr=62.50% wr_net=62.50% exp_net=-0.0028%)
  h=5m n=9 avg=-0.0088% med=0.2155% long(wr=55.56% wr_net=22.22% exp_net=-0.4088%) short(wr=44.44% wr_net=33.33% exp_net=-0.3912%)
  h=15m n=8 avg=-6.0270% med=-0.8663% long(wr=37.50% wr_net=37.50% exp_net=-6.4270%) short(wr=62.50% wr_net=50.00% exp_net=5.6270%)
  h=30m n=8 avg=-7.6264% med=-3.8881% long(wr=25.00% wr_net=12.50% exp_net=-8.0264%) short(wr=62.50% wr_net=62.50% exp_net=7.2264%)
  h=60m n=9 avg=-10.1556% med=-2.8245% long(wr=22.22% wr_net=11.11% exp_net=-10.5556%) short(wr=77.78% wr_net=77.78% exp_net=9.7556%)
 14:48:
  h=1m n=8 avg=-0.3077% med=-0.2574% long(wr=25.00% wr_net=25.00% exp_net=-0.7077%) short(wr=62.50% wr_net=37.50% exp_net=-0.0923%)
  h=3m n=7 avg=-0.8491% med=-0.9615% long(wr=28.57% wr_net=28.57% exp_net=-1.2491%) short(wr=71.43% wr_net=57.14% exp_net=0.4491%)
  h=5m n=9 avg=-0.7660% med=-0.7692% long(wr=44.44% wr_net=22.22% exp_net=-1.1660%) short(wr=55.56% wr_net=55.56% exp_net=0.3660%)
  h=15m n=7 avg=-4.5794% med=-2.0486% long(wr=28.57% wr_net=28.57% exp_net=-4.9794%) short(wr=71.43% wr_net=71.43% exp_net=4.1794%)
  h=30m n=9 avg=-6.4551% med=-2.4038% long(wr=33.33% wr_net=33.33% exp_net=-6.8551%) short(wr=66.67% wr_net=66.67% exp_net=6.0551%)
  h=60m n=9 avg=-9.6652% med=-3.5144% long(wr=33.33% wr_net=33.33% exp_net=-10.0652%) short(wr=66.67% wr_net=66.67% exp_net=9.2652%)
 14:49:
  h=1m n=8 avg=-0.4172% med=-0.2664% long(wr=37.50% wr_net=25.00% exp_net=-0.8172%) short(wr=50.00% wr_net=50.00% exp_net=0.0172%)
  h=3m n=9 avg=-0.0340% med=-0.1906% long(wr=33.33% wr_net=33.33% exp_net=-0.4340%) short(wr=55.56% wr_net=44.44% exp_net=-0.3660%)
  h=5m n=8 avg=-1.9349% med=-0.5776% long(wr=25.00% wr_net=25.00% exp_net=-2.3349%) short(wr=75.00% wr_net=62.50% exp_net=1.5349%)
  h=15m n=8 avg=-5.0575% med=-0.7614% long(wr=37.50% wr_net=37.50% exp_net=-5.4575%) short(wr=62.50% wr_net=50.00% exp_net=4.6575%)
  h=30m n=9 avg=-7.1277% med=-2.3377% long(wr=44.44% wr_net=44.44% exp_net=-7.5277%) short(wr=55.56% wr_net=55.56% exp_net=6.7277%)
  h=60m n=9 avg=-8.9666% med=-2.6684% long(wr=44.44% wr_net=44.44% exp_net=-9.3666%) short(wr=55.56% wr_net=55.56% exp_net=8.5666%)
 14:50:
  h=1m n=8 avg=0.0644% med=0.0557% long(wr=50.00% wr_net=37.50% exp_net=-0.3356%) short(wr=50.00% wr_net=25.00% exp_net=-0.4644%)
  h=3m n=9 avg=-0.0321% med=-0.4444% long(wr=44.44% wr_net=33.33% exp_net=-0.4321%) short(wr=55.56% wr_net=55.56% exp_net=-0.3679%)
  h=5m n=7 avg=-1.1276% med=-0.9576% long(wr=28.57% wr_net=14.29% exp_net=-1.5276%) short(wr=71.43% wr_net=57.14% exp_net=0.7276%)
  h=15m n=6 avg=-6.8320% med=-1.5355% long(wr=33.33% wr_net=33.33% exp_net=-7.2320%) short(wr=66.67% wr_net=66.67% exp_net=6.4320%)
  h=30m n=8 avg=-8.2636% med=-4.9624% long(wr=25.00% wr_net=25.00% exp_net=-8.6636%) short(wr=75.00% wr_net=75.00% exp_net=7.8636%)
  h=60m n=8 avg=-9.5286% med=-4.7107% long(wr=50.00% wr_net=50.00% exp_net=-9.9286%) short(wr=50.00% wr_net=50.00% exp_net=9.1286%)
 14:51:
  h=1m n=8 avg=0.3399% med=0.1320% long(wr=62.50% wr_net=25.00% exp_net=-0.0601%) short(wr=37.50% wr_net=12.50% exp_net=-0.7399%)
  h=3m n=7 avg=-1.4450% med=-0.5319% long(wr=42.86% wr_net=42.86% exp_net=-1.8450%) short(wr=57.14% wr_net=57.14% exp_net=1.0450%)
  h=5m n=6 avg=-2.7985% med=-2.0117% long(wr=33.33% wr_net=33.33% exp_net=-3.1985%) short(wr=66.67% wr_net=66.67% exp_net=2.3985%)
  h=15m n=5 avg=-0.3391% med=-0.1942% long(wr=40.00% wr_net=40.00% exp_net=-0.7391%) short(wr=60.00% wr_net=40.00% exp_net=-0.0609%)
  h=30m n=6 avg=-11.1524% med=-7.8639% long(wr=16.67% wr_net=0.00% exp_net=-11.5524%) short(wr=83.33% wr_net=66.67% exp_net=10.7524%)
  h=60m n=8 avg=-8.0230% med=-0.2793% long(wr=50.00% wr_net=37.50% exp_net=-8.4230%) short(wr=50.00% wr_net=50.00% exp_net=7.6230%)
 14:52:
  h=1m n=9 avg=-0.3460% med=-0.4444% long(wr=33.33% wr_net=22.22% exp_net=-0.7460%) short(wr=66.67% wr_net=55.56% exp_net=-0.0540%)
  h=3m n=8 avg=-1.3874% med=-0.4670% long(wr=37.50% wr_net=37.50% exp_net=-1.7874%) short(wr=62.50% wr_net=50.00% exp_net=0.9874%)
  h=5m n=8 avg=-1.2545% med=-0.4437% long(wr=37.50% wr_net=37.50% exp_net=-1.6545%) short(wr=62.50% wr_net=50.00% exp_net=0.8545%)
  h=15m n=6 avg=-0.6809% med=-0.7571% long(wr=33.33% wr_net=33.33% exp_net=-1.0809%) short(wr=66.67% wr_net=66.67% exp_net=0.2809%)
  h=30m n=8 avg=-9.6536% med=-4.2831% long(wr=12.50% wr_net=12.50% exp_net=-10.0536%) short(wr=87.50% wr_net=75.00% exp_net=9.2536%)
  h=60m n=9 avg=-8.2402% med=-3.6619% long(wr=22.22% wr_net=22.22% exp_net=-8.6402%) short(wr=77.78% wr_net=66.67% exp_net=7.8402%)
 14:53:
  h=1m n=10 avg=-1.0768% med=-0.2064% long(wr=40.00% wr_net=30.00% exp_net=-1.4768%) short(wr=60.00% wr_net=30.00% exp_net=0.6768%)
  h=3m n=9 avg=-1.8658% med=-0.6321% long(wr=44.44% wr_net=22.22% exp_net=-2.2658%) short(wr=55.56% wr_net=55.56% exp_net=1.4658%)
  h=5m n=9 avg=-1.0276% med=-0.5348% long(wr=44.44% wr_net=44.44% exp_net=-1.4276%) short(wr=55.56% wr_net=55.56% exp_net=0.6276%)
  h=15m n=8 avg=-0.9581% med=-0.9069% long(wr=37.50% wr_net=37.50% exp_net=-1.3581%) short(wr=62.50% wr_net=62.50% exp_net=0.5581%)
  h=30m n=9 avg=-7.4758% med=-2.6549% long(wr=33.33% wr_net=22.22% exp_net=-7.8758%) short(wr=66.67% wr_net=55.56% exp_net=7.0758%)
  h=60m n=11 avg=-7.3728% med=-2.4580% long(wr=18.18% wr_net=18.18% exp_net=-7.7728%) short(wr=81.82% wr_net=81.82% exp_net=6.9728%)
 14:54:
  h=1m n=8 avg=0.2959% med=0.2561% long(wr=62.50% wr_net=37.50% exp_net=-0.1041%) short(wr=37.50% wr_net=37.50% exp_net=-0.6959%)
  h=3m n=8 avg=0.3862% med=0.2924% long(wr=50.00% wr_net=50.00% exp_net=-0.0138%) short(wr=50.00% wr_net=50.00% exp_net=-0.7862%)
  h=5m n=8 avg=-0.6863% med=-0.8064% long(wr=37.50% wr_net=37.50% exp_net=-1.0863%) short(wr=62.50% wr_net=62.50% exp_net=0.2863%)
  h=15m n=5 avg=-0.7558% med=0.9597% long(wr=60.00% wr_net=60.00% exp_net=-1.1558%) short(wr=40.00% wr_net=40.00% exp_net=0.3558%)
  h=30m n=8 avg=-8.7959% med=-5.2216% long(wr=25.00% wr_net=12.50% exp_net=-9.1959%) short(wr=75.00% wr_net=75.00% exp_net=8.3959%)
  h=60m n=8 avg=-9.2749% med=-3.2622% long(wr=0.00% wr_net=0.00% exp_net=-9.6749%) short(wr=100.00% wr_net=100.00% exp_net=8.8749%)
 14:55:
  h=1m n=8 avg=-0.7586% med=-0.5320% long(wr=25.00% wr_net=25.00% exp_net=-1.1586%) short(wr=62.50% wr_net=62.50% exp_net=0.3586%)
  h=3m n=9 avg=-0.2148% med=-0.5348% long(wr=44.44% wr_net=33.33% exp_net=-0.6148%) short(wr=55.56% wr_net=55.56% exp_net=-0.1852%)
  h=5m n=9 avg=-2.1078% med=-2.0460% long(wr=22.22% wr_net=11.11% exp_net=-2.5078%) short(wr=77.78% wr_net=77.78% exp_net=1.7078%)
  h=15m n=7 avg=-5.5152% med=-2.2091% long(wr=28.57% wr_net=28.57% exp_net=-5.9152%) short(wr=71.43% wr_net=71.43% exp_net=5.1152%)
  h=30m n=8 avg=-10.6260% med=-6.0436% long(wr=12.50% wr_net=12.50% exp_net=-11.0260%) short(wr=87.50% wr_net=75.00% exp_net=10.2260%)
  h=60m n=9 avg=-8.3407% med=-2.9893% long(wr=11.11% wr_net=11.11% exp_net=-8.7407%) short(wr=88.89% wr_net=88.89% exp_net=7.9407%)
 14:56:
  h=1m n=6 avg=0.6042% med=0.6378% long(wr=50.00% wr_net=50.00% exp_net=0.2042%) short(wr=16.67% wr_net=16.67% exp_net=-1.0042%)
  h=3m n=6 avg=-0.0990% med=-0.3162% long(wr=50.00% wr_net=33.33% exp_net=-0.4990%) short(wr=50.00% wr_net=50.00% exp_net=-0.3010%)
  h=5m n=6 avg=-5.0413% med=-1.2206% long(wr=33.33% wr_net=33.33% exp_net=-5.4413%) short(wr=66.67% wr_net=50.00% exp_net=4.6413%)
  h=15m n=5 avg=-1.0001% med=0.0000% long(wr=20.00% wr_net=20.00% exp_net=-1.4001%) short(wr=40.00% wr_net=40.00% exp_net=0.6001%)
  h=30m n=6 avg=-9.3257% med=-5.3278% long(wr=16.67% wr_net=16.67% exp_net=-9.7257%) short(wr=83.33% wr_net=83.33% exp_net=8.9257%)
  h=60m n=6 avg=-9.0293% med=-3.1879% long(wr=0.00% wr_net=0.00% exp_net=-9.4293%) short(wr=100.00% wr_net=100.00% exp_net=8.6293%)
 14:57:
  h=1m n=8 avg=-0.2971% med=-0.0315% long(wr=25.00% wr_net=12.50% exp_net=-0.6971%) short(wr=50.00% wr_net=37.50% exp_net=-0.1029%)
  h=3m n=9 avg=-2.3514% med=-2.4272% long(wr=0.00% wr_net=0.00% exp_net=-2.7514%) short(wr=100.00% wr_net=88.89% exp_net=1.9514%)
  h=5m n=8 avg=-6.0153% med=-1.9317% long(wr=0.00% wr_net=0.00% exp_net=-6.4153%) short(wr=100.00% wr_net=75.00% exp_net=5.6153%)
  h=15m n=8 avg=-9.6134% med=-3.1904% long(wr=0.00% wr_net=0.00% exp_net=-10.0134%) short(wr=100.00% wr_net=100.00% exp_net=9.2134%)
  h=30m n=9 avg=-11.3666% med=-7.8571% long(wr=11.11% wr_net=11.11% exp_net=-11.7666%) short(wr=88.89% wr_net=88.89% exp_net=10.9666%)
  h=60m n=9 avg=-9.7421% med=-6.2114% long(wr=0.00% wr_net=0.00% exp_net=-10.1421%) short(wr=100.00% wr_net=100.00% exp_net=9.3421%)
 14:58:
  h=1m n=8 avg=-0.7421% med=-0.2535% long(wr=25.00% wr_net=12.50% exp_net=-1.1421%) short(wr=62.50% wr_net=37.50% exp_net=0.3421%)
  h=3m n=8 avg=-5.1731% med=-1.1566% long(wr=25.00% wr_net=12.50% exp_net=-5.5731%) short(wr=75.00% wr_net=75.00% exp_net=4.7731%)
  h=5m n=6 avg=-4.5821% med=-1.8041% long(wr=0.00% wr_net=0.00% exp_net=-4.9821%) short(wr=100.00% wr_net=66.67% exp_net=4.1821%)
  h=15m n=8 avg=-7.2803% med=-2.1861% long(wr=12.50% wr_net=12.50% exp_net=-7.6803%) short(wr=87.50% wr_net=87.50% exp_net=6.8803%)
  h=30m n=8 avg=-11.8387% med=-6.3270% long(wr=12.50% wr_net=12.50% exp_net=-12.2387%) short(wr=87.50% wr_net=87.50% exp_net=11.4387%)
  h=60m n=8 avg=-10.2505% med=-4.8314% long(wr=0.00% wr_net=0.00% exp_net=-10.6505%) short(wr=100.00% wr_net=87.50% exp_net=9.8505%)
 14:59:
  h=1m n=9 avg=-1.1696% med=-0.6321% long(wr=11.11% wr_net=11.11% exp_net=-1.5696%) short(wr=88.89% wr_net=88.89% exp_net=0.7696%)
  h=3m n=8 avg=-4.6810% med=-0.5966% long(wr=12.50% wr_net=12.50% exp_net=-5.0810%) short(wr=87.50% wr_net=62.50% exp_net=4.2810%)
  h=5m n=8 avg=-4.3974% med=-0.3830% long(wr=37.50% wr_net=25.00% exp_net=-4.7974%) short(wr=62.50% wr_net=50.00% exp_net=3.9974%)
  h=15m n=7 avg=-7.8380% med=-2.4711% long(wr=14.29% wr_net=14.29% exp_net=-8.2380%) short(wr=85.71% wr_net=85.71% exp_net=7.4380%)
  h=30m n=8 avg=-10.9373% med=-5.5373% long(wr=12.50% wr_net=12.50% exp_net=-11.3373%) short(wr=87.50% wr_net=87.50% exp_net=10.5373%)
  h=60m n=9 avg=-9.2385% med=-2.5305% long(wr=33.33% wr_net=33.33% exp_net=-9.6385%) short(wr=66.67% wr_net=66.67% exp_net=8.8385%)
 15:00:
  h=1m n=6 avg=-3.3092% med=-0.0676% long(wr=50.00% wr_net=33.33% exp_net=-3.7092%) short(wr=50.00% wr_net=33.33% exp_net=2.9092%)
  h=3m n=5 avg=-0.5956% med=-0.7778% long(wr=40.00% wr_net=40.00% exp_net=-0.9956%) short(wr=60.00% wr_net=60.00% exp_net=0.1956%)
  h=5m n=4 avg=-0.1638% med=1.1375% long(wr=75.00% wr_net=75.00% exp_net=-0.5638%) short(wr=25.00% wr_net=25.00% exp_net=-0.2362%)
  h=15m n=7 avg=-1.6926% med=-0.3817% long(wr=42.86% wr_net=42.86% exp_net=-2.0926%) short(wr=57.14% wr_net=42.86% exp_net=1.2926%)
  h=30m n=6 avg=-8.4668% med=-3.6255% long(wr=16.67% wr_net=16.67% exp_net=-8.8668%) short(wr=83.33% wr_net=83.33% exp_net=8.0668%)
 15:01:
  h=1m n=5 avg=0.3502% med=0.4917% long(wr=80.00% wr_net=60.00% exp_net=-0.0498%) short(wr=20.00% wr_net=20.00% exp_net=-0.7502%)
  h=3m n=5 avg=-0.0602% med=0.0000% long(wr=40.00% wr_net=40.00% exp_net=-0.4602%) short(wr=40.00% wr_net=20.00% exp_net=-0.3398%)
  h=5m n=6 avg=0.3631% med=1.4986% long(wr=83.33% wr_net=83.33% exp_net=-0.0369%) short(wr=16.67% wr_net=16.67% exp_net=-0.7631%)
  h=15m n=5 avg=-0.9170% med=-0.2786% long(wr=40.00% wr_net=40.00% exp_net=-1.3170%) short(wr=60.00% wr_net=20.00% exp_net=0.5170%)
  h=30m n=4 avg=-5.3500% med=-3.2613% long(wr=25.00% wr_net=25.00% exp_net=-5.7500%) short(wr=75.00% wr_net=75.00% exp_net=4.9500%)
 15:02:
  h=1m n=6 avg=-0.8228% med=-0.4983% long(wr=33.33% wr_net=16.67% exp_net=-1.2228%) short(wr=66.67% wr_net=50.00% exp_net=0.4228%)
  h=3m n=4 avg=-0.4776% med=0.6205% long(wr=75.00% wr_net=50.00% exp_net=-0.8776%) short(wr=25.00% wr_net=25.00% exp_net=0.0776%)
  h=5m n=6 avg=-0.1707% med=0.9489% long(wr=66.67% wr_net=66.67% exp_net=-0.5707%) short(wr=33.33% wr_net=33.33% exp_net=-0.2293%)
  h=15m n=5 avg=-0.8381% med=-0.1631% long(wr=40.00% wr_net=20.00% exp_net=-1.2381%) short(wr=60.00% wr_net=40.00% exp_net=0.4381%)
  h=30m n=6 avg=-3.7998% med=-2.1799% long(wr=16.67% wr_net=16.67% exp_net=-4.1998%) short(wr=83.33% wr_net=83.33% exp_net=3.3998%)
 15:03:
  h=1m n=4 avg=0.3969% med=-0.2209% long(wr=50.00% wr_net=50.00% exp_net=-0.0031%) short(wr=50.00% wr_net=50.00% exp_net=-0.7969%)
  h=3m n=5 avg=0.4637% med=0.7585% long(wr=80.00% wr_net=80.00% exp_net=0.0637%) short(wr=20.00% wr_net=20.00% exp_net=-0.8637%)
  h=5m n=5 avg=0.5252% med=0.7483% long(wr=80.00% wr_net=60.00% exp_net=0.1252%) short(wr=20.00% wr_net=20.00% exp_net=-0.9252%)
  h=15m n=5 avg=-0.9103% med=0.2528% long(wr=60.00% wr_net=40.00% exp_net=-1.3103%) short(wr=40.00% wr_net=40.00% exp_net=0.5103%)
  h=30m n=5 avg=-3.5560% med=-2.0630% long(wr=20.00% wr_net=20.00% exp_net=-3.9560%) short(wr=80.00% wr_net=80.00% exp_net=3.1560%)
 15:04:
  h=1m n=5 avg=0.0001% med=0.1883% long(wr=60.00% wr_net=20.00% exp_net=-0.3999%) short(wr=20.00% wr_net=20.00% exp_net=-0.4001%)
  h=3m n=5 avg=0.4066% med=0.4394% long(wr=80.00% wr_net=60.00% exp_net=0.0066%) short(wr=20.00% wr_net=20.00% exp_net=-0.8066%)
  h=5m n=4 avg=-0.4085% med=-0.5977% long(wr=25.00% wr_net=25.00% exp_net=-0.8085%) short(wr=75.00% wr_net=50.00% exp_net=0.0085%)
  h=15m n=6 avg=-3.0179% med=-1.8835% long(wr=0.00% wr_net=0.00% exp_net=-3.4179%) short(wr=83.33% wr_net=83.33% exp_net=2.6179%)
  h=30m n=6 avg=-3.9236% med=-3.2200% long(wr=0.00% wr_net=0.00% exp_net=-4.3236%) short(wr=100.00% wr_net=100.00% exp_net=3.5236%)
 15:05:
  h=1m n=5 avg=0.2150% med=-0.1253% long(wr=40.00% wr_net=40.00% exp_net=-0.1850%) short(wr=60.00% wr_net=20.00% exp_net=-0.6150%)
  h=3m n=5 avg=0.1197% med=0.2862% long(wr=80.00% wr_net=40.00% exp_net=-0.2803%) short(wr=20.00% wr_net=20.00% exp_net=-0.5197%)
  h=5m n=4 avg=-0.1300% med=-0.0924% long(wr=50.00% wr_net=25.00% exp_net=-0.5300%) short(wr=50.00% wr_net=25.00% exp_net=-0.2700%)
  h=15m n=4 avg=-2.9307% med=-2.6872% long(wr=0.00% wr_net=0.00% exp_net=-3.3307%) short(wr=100.00% wr_net=75.00% exp_net=2.5307%)
  h=30m n=4 avg=-4.7126% med=-2.9586% long(wr=0.00% wr_net=0.00% exp_net=-5.1126%) short(wr=100.00% wr_net=100.00% exp_net=4.3126%)
 15:06:
  h=1m n=6 avg=0.2547% med=0.2612% long(wr=83.33% wr_net=33.33% exp_net=-0.1453%) short(wr=16.67% wr_net=0.00% exp_net=-0.6547%)
  h=3m n=5 avg=-0.3821% med=-1.0038% long(wr=20.00% wr_net=20.00% exp_net=-0.7821%) short(wr=60.00% wr_net=60.00% exp_net=-0.0179%)
  h=5m n=4 avg=-0.5237% med=-0.5236% long(wr=50.00% wr_net=50.00% exp_net=-0.9237%) short(wr=50.00% wr_net=50.00% exp_net=0.1237%)
  h=15m n=5 avg=-3.5044% med=-2.2632% long(wr=0.00% wr_net=0.00% exp_net=-3.9044%) short(wr=100.00% wr_net=100.00% exp_net=3.1044%)
  h=30m n=7 avg=-3.4733% med=-3.1995% long(wr=14.29% wr_net=14.29% exp_net=-3.8733%) short(wr=85.71% wr_net=85.71% exp_net=3.0733%)
 15:07:
  h=1m n=6 avg=-0.2850% med=-0.2604% long(wr=16.67% wr_net=16.67% exp_net=-0.6850%) short(wr=83.33% wr_net=33.33% exp_net=-0.1150%)
  h=3m n=5 avg=-0.4794% med=-0.3702% long(wr=20.00% wr_net=0.00% exp_net=-0.8794%) short(wr=60.00% wr_net=40.00% exp_net=0.0794%)
  h=5m n=6 avg=-0.9054% med=-0.5085% long(wr=16.67% wr_net=16.67% exp_net=-1.3054%) short(wr=66.67% wr_net=66.67% exp_net=0.5054%)
  h=15m n=6 avg=-3.1967% med=-1.7853% long(wr=16.67% wr_net=0.00% exp_net=-3.5967%) short(wr=83.33% wr_net=83.33% exp_net=2.7967%)
  h=30m n=4 avg=-4.5690% med=-3.4297% long(wr=0.00% wr_net=0.00% exp_net=-4.9690%) short(wr=100.00% wr_net=100.00% exp_net=4.1690%)
 15:08:
  h=1m n=4 avg=-0.5445% med=-0.4324% long(wr=0.00% wr_net=0.00% exp_net=-0.9445%) short(wr=75.00% wr_net=50.00% exp_net=0.1445%)
  h=3m n=3 avg=-1.3744% med=-1.1666% long(wr=0.00% wr_net=0.00% exp_net=-1.7744%) short(wr=100.00% wr_net=100.00% exp_net=0.9744%)
  h=5m n=4 avg=-1.7518% med=-1.9714% long(wr=0.00% wr_net=0.00% exp_net=-2.1518%) short(wr=75.00% wr_net=75.00% exp_net=1.3518%)
  h=15m n=5 avg=-1.2416% med=-0.4892% long(wr=40.00% wr_net=40.00% exp_net=-1.6416%) short(wr=60.00% wr_net=60.00% exp_net=0.8416%)
  h=30m n=5 avg=-2.8195% med=-2.7990% long(wr=20.00% wr_net=0.00% exp_net=-3.2195%) short(wr=80.00% wr_net=60.00% exp_net=2.4195%)
 15:09:
  h=1m n=4 avg=-0.0890% med=0.1698% long(wr=75.00% wr_net=25.00% exp_net=-0.4890%) short(wr=25.00% wr_net=25.00% exp_net=-0.3110%)
  h=3m n=4 avg=-0.7223% med=-0.7621% long(wr=25.00% wr_net=0.00% exp_net=-1.1223%) short(wr=75.00% wr_net=75.00% exp_net=0.3223%)
  h=5m n=3 avg=-1.2830% med=-1.2723% long(wr=0.00% wr_net=0.00% exp_net=-1.6830%) short(wr=100.00% wr_net=100.00% exp_net=0.8830%)
  h=15m n=4 avg=-0.9679% med=-0.0509% long(wr=50.00% wr_net=50.00% exp_net=-1.3679%) short(wr=50.00% wr_net=50.00% exp_net=0.5679%)
  h=30m n=3 avg=-1.1653% med=0.0000% long(wr=33.33% wr_net=33.33% exp_net=-1.5653%) short(wr=33.33% wr_net=33.33% exp_net=0.7653%)
 15:10:
  h=1m n=5 avg=-0.2873% med=-0.1675% long(wr=40.00% wr_net=20.00% exp_net=-0.6873%) short(wr=60.00% wr_net=40.00% exp_net=-0.1127%)
  h=3m n=5 avg=-0.9307% med=-0.7752% long(wr=20.00% wr_net=20.00% exp_net=-1.3307%) short(wr=80.00% wr_net=80.00% exp_net=0.5307%)
  h=5m n=6 avg=-0.1602% med=-0.2430% long(wr=16.67% wr_net=16.67% exp_net=-0.5602%) short(wr=83.33% wr_net=33.33% exp_net=-0.2398%)
  h=15m n=5 avg=-3.0769% med=-0.1675% long(wr=40.00% wr_net=20.00% exp_net=-3.4769%) short(wr=60.00% wr_net=40.00% exp_net=2.6769%)
  h=30m n=6 avg=-1.5380% med=-0.3096% long(wr=50.00% wr_net=33.33% exp_net=-1.9380%) short(wr=50.00% wr_net=50.00% exp_net=1.1380%)
 15:11:
  h=1m n=5 avg=-0.2016% med=0.0000% long(wr=40.00% wr_net=0.00% exp_net=-0.6016%) short(wr=40.00% wr_net=40.00% exp_net=-0.1984%)
  h=3m n=5 avg=-0.4292% med=-0.3607% long(wr=0.00% wr_net=0.00% exp_net=-0.8292%) short(wr=80.00% wr_net=40.00% exp_net=0.0292%)
  h=5m n=5 avg=-0.5362% med=-0.2623% long(wr=20.00% wr_net=20.00% exp_net=-0.9362%) short(wr=60.00% wr_net=40.00% exp_net=0.1362%)
  h=15m n=4 avg=-5.0534% med=-5.3278% long(wr=25.00% wr_net=0.00% exp_net=-5.4534%) short(wr=75.00% wr_net=75.00% exp_net=4.6534%)
  h=30m n=5 avg=-1.0058% med=0.6393% long(wr=60.00% wr_net=60.00% exp_net=-1.4058%) short(wr=40.00% wr_net=40.00% exp_net=0.6058%)
 15:12:
  h=1m n=5 avg=-0.5042% med=-0.9077% long(wr=40.00% wr_net=20.00% exp_net=-0.9042%) short(wr=60.00% wr_net=60.00% exp_net=0.1042%)
  h=3m n=6 avg=0.2162% med=-0.1435% long(wr=33.33% wr_net=16.67% exp_net=-0.1838%) short(wr=66.67% wr_net=33.33% exp_net=-0.6162%)
  h=5m n=6 avg=0.0762% med=0.0946% long(wr=50.00% wr_net=33.33% exp_net=-0.3238%) short(wr=33.33% wr_net=16.67% exp_net=-0.4762%)
  h=15m n=6 avg=-2.9750% med=-0.4198% long(wr=50.00% wr_net=16.67% exp_net=-3.3750%) short(wr=50.00% wr_net=50.00% exp_net=2.5750%)
  h=30m n=6 avg=-0.6381% med=0.7618% long(wr=66.67% wr_net=66.67% exp_net=-1.0381%) short(wr=33.33% wr_net=33.33% exp_net=0.2381%)
 15:13:
  h=1m n=4 avg=0.1626% med=0.1304% long(wr=75.00% wr_net=25.00% exp_net=-0.2374%) short(wr=25.00% wr_net=25.00% exp_net=-0.5626%)
  h=3m n=5 avg=-0.2166% med=0.2306% long(wr=60.00% wr_net=40.00% exp_net=-0.6166%) short(wr=20.00% wr_net=20.00% exp_net=-0.1834%)
  h=5m n=5 avg=-0.5698% med=0.0000% long(wr=40.00% wr_net=20.00% exp_net=-0.9698%) short(wr=40.00% wr_net=40.00% exp_net=0.1698%)
  h=15m n=5 avg=-3.7540% med=-0.7742% long(wr=40.00% wr_net=0.00% exp_net=-4.1540%) short(wr=60.00% wr_net=60.00% exp_net=3.3540%)
  h=30m n=5 avg=-1.3467% med=0.9756% long(wr=60.00% wr_net=60.00% exp_net=-1.7467%) short(wr=40.00% wr_net=40.00% exp_net=0.9467%)
 15:14:
  h=1m n=6 avg=0.2457% med=0.2042% long(wr=50.00% wr_net=50.00% exp_net=-0.1543%) short(wr=50.00% wr_net=16.67% exp_net=-0.6457%)
  h=3m n=6 avg=0.0096% med=0.5242% long(wr=66.67% wr_net=50.00% exp_net=-0.3904%) short(wr=33.33% wr_net=33.33% exp_net=-0.4096%)
  h=5m n=6 avg=-1.9666% med=-1.1590% long(wr=33.33% wr_net=33.33% exp_net=-2.3666%) short(wr=66.67% wr_net=66.67% exp_net=1.5666%)
  h=15m n=6 avg=-3.9092% med=-0.9661% long(wr=33.33% wr_net=16.67% exp_net=-4.3092%) short(wr=66.67% wr_net=66.67% exp_net=3.5092%)
  h=30m n=6 avg=-0.8822% med=-0.1775% long(wr=50.00% wr_net=50.00% exp_net=-1.2822%) short(wr=50.00% wr_net=50.00% exp_net=0.4822%)
 15:15:
  h=1m n=5 avg=-0.8423% med=-0.5115% long(wr=20.00% wr_net=20.00% exp_net=-1.2423%) short(wr=80.00% wr_net=60.00% exp_net=0.4423%)
  h=3m n=7 avg=-0.9176% med=-0.4902% long(wr=28.57% wr_net=14.29% exp_net=-1.3176%) short(wr=71.43% wr_net=71.43% exp_net=0.5176%)
  h=5m n=6 avg=-1.9505% med=-0.8731% long(wr=16.67% wr_net=16.67% exp_net=-2.3505%) short(wr=66.67% wr_net=66.67% exp_net=1.5505%)
  h=15m n=6 avg=-4.0876% med=-2.1231% long(wr=0.00% wr_net=0.00% exp_net=-4.4876%) short(wr=100.00% wr_net=100.00% exp_net=3.6876%)
  h=30m n=7 avg=-1.6084% med=-0.6083% long(wr=28.57% wr_net=28.57% exp_net=-2.0084%) short(wr=71.43% wr_net=71.43% exp_net=1.2084%)
 15:16:
  h=1m n=4 avg=0.3864% med=0.5605% long(wr=75.00% wr_net=75.00% exp_net=-0.0136%) short(wr=25.00% wr_net=25.00% exp_net=-0.7864%)
  h=3m n=5 avg=-0.8156% med=-0.6575% long(wr=20.00% wr_net=20.00% exp_net=-1.2156%) short(wr=80.00% wr_net=60.00% exp_net=0.4156%)
  h=5m n=4 avg=-1.9907% med=-0.6700% long(wr=50.00% wr_net=25.00% exp_net=-2.3907%) short(wr=50.00% wr_net=50.00% exp_net=1.5907%)
  h=15m n=4 avg=-2.0309% med=-1.1315% long(wr=25.00% wr_net=25.00% exp_net=-2.4309%) short(wr=75.00% wr_net=75.00% exp_net=1.6309%)
  h=30m n=5 avg=0.3102% med=1.9066% long(wr=60.00% wr_net=60.00% exp_net=-0.0898%) short(wr=40.00% wr_net=40.00% exp_net=-0.7102%)
 15:17:
  h=1m n=5 avg=-0.3285% med=-0.0532% long(wr=40.00% wr_net=20.00% exp_net=-0.7285%) short(wr=60.00% wr_net=40.00% exp_net=-0.0715%)
  h=3m n=5 avg=-1.2485% med=0.0378% long(wr=60.00% wr_net=20.00% exp_net=-1.6485%) short(wr=40.00% wr_net=20.00% exp_net=0.8485%)
  h=5m n=5 avg=-1.5557% med=-0.1133% long(wr=40.00% wr_net=40.00% exp_net=-1.9557%) short(wr=60.00% wr_net=40.00% exp_net=1.1557%)
  h=15m n=5 avg=-1.5310% med=-0.6535% long(wr=40.00% wr_net=40.00% exp_net=-1.9310%) short(wr=60.00% wr_net=60.00% exp_net=1.1310%)
  h=30m n=5 avg=1.0168% med=1.0638% long(wr=80.00% wr_net=60.00% exp_net=0.6168%) short(wr=20.00% wr_net=20.00% exp_net=-1.4168%)
 15:18:
  h=1m n=7 avg=-0.5307% med=-0.3941% long(wr=14.29% wr_net=0.00% exp_net=-0.9307%) short(wr=85.71% wr_net=42.86% exp_net=0.1307%)
  h=3m n=4 avg=-1.9932% med=-0.6091% long(wr=25.00% wr_net=0.00% exp_net=-2.3932%) short(wr=75.00% wr_net=50.00% exp_net=1.5932%)
  h=5m n=4 avg=-0.2489% med=-0.0254% long(wr=50.00% wr_net=50.00% exp_net=-0.6489%) short(wr=50.00% wr_net=50.00% exp_net=-0.1511%)
  h=15m n=6 avg=-0.9238% med=-0.6679% long(wr=33.33% wr_net=33.33% exp_net=-1.3238%) short(wr=66.67% wr_net=50.00% exp_net=0.5238%)
  h=30m n=7 avg=0.8725% med=1.5764% long(wr=85.71% wr_net=85.71% exp_net=0.4725%) short(wr=14.29% wr_net=14.29% exp_net=-1.2725%)
 15:19:
  h=1m n=7 avg=-0.5092% med=0.0000% long(wr=42.86% wr_net=14.29% exp_net=-0.9092%) short(wr=42.86% wr_net=42.86% exp_net=0.1092%)
  h=3m n=7 avg=-0.6065% med=-0.7874% long(wr=42.86% wr_net=42.86% exp_net=-1.0065%) short(wr=57.14% wr_net=57.14% exp_net=0.2065%)
  h=5m n=7 avg=-0.3164% med=-0.7874% long(wr=28.57% wr_net=28.57% exp_net=-0.7164%) short(wr=71.43% wr_net=71.43% exp_net=-0.0836%)
  h=15m n=6 avg=-0.2091% med=-0.0401% long(wr=50.00% wr_net=50.00% exp_net=-0.6091%) short(wr=50.00% wr_net=50.00% exp_net=-0.1909%)
  h=30m n=8 avg=1.6381% med=1.8248% long(wr=87.50% wr_net=75.00% exp_net=1.2381%) short(wr=12.50% wr_net=12.50% exp_net=-2.0381%)
 15:20:
  h=1m n=4 avg=-0.8450% med=-0.6768% long(wr=0.00% wr_net=0.00% exp_net=-1.2450%) short(wr=100.00% wr_net=75.00% exp_net=0.4450%)
  h=3m n=4 avg=0.8635% med=0.9179% long(wr=75.00% wr_net=75.00% exp_net=0.4635%) short(wr=25.00% wr_net=25.00% exp_net=-1.2635%)
  h=5m n=4 avg=0.4515% med=-0.0134% long(wr=50.00% wr_net=50.00% exp_net=0.0515%) short(wr=50.00% wr_net=50.00% exp_net=-0.8515%)
  h=15m n=5 avg=1.4649% med=1.1715% long(wr=80.00% wr_net=60.00% exp_net=1.0649%) short(wr=20.00% wr_net=20.00% exp_net=-1.8649%)
  h=30m n=6 avg=1.3855% med=0.1333% long(wr=50.00% wr_net=50.00% exp_net=0.9855%) short(wr=50.00% wr_net=50.00% exp_net=-1.7855%)
 15:21:
  h=1m n=3 avg=0.1995% med=0.5587% long(wr=66.67% wr_net=66.67% exp_net=-0.2005%) short(wr=33.33% wr_net=33.33% exp_net=-0.5995%)
  h=3m n=3 avg=1.7793% med=2.7933% long(wr=66.67% wr_net=66.67% exp_net=1.3793%) short(wr=33.33% wr_net=33.33% exp_net=-2.1793%)
  h=5m n=3 avg=-1.0305% med=-1.1173% long(wr=33.33% wr_net=33.33% exp_net=-1.4305%) short(wr=66.67% wr_net=66.67% exp_net=0.6305%)
  h=15m n=3 avg=0.6175% med=-1.0511% long(wr=33.33% wr_net=33.33% exp_net=0.2175%) short(wr=66.67% wr_net=66.67% exp_net=-1.0175%)
  h=30m n=3 avg=2.4096% med=-0.4763% long(wr=33.33% wr_net=33.33% exp_net=2.0096%) short(wr=66.67% wr_net=66.67% exp_net=-2.8096%)
 15:22:
  h=1m n=4 avg=1.2302% med=1.3560% long(wr=100.00% wr_net=75.00% exp_net=0.8302%) short(wr=0.00% wr_net=0.00% exp_net=-1.6302%)
  h=3m n=4 avg=0.3919% med=-0.0123% long(wr=50.00% wr_net=25.00% exp_net=-0.0081%) short(wr=50.00% wr_net=0.00% exp_net=-0.7919%)
  h=5m n=6 avg=-0.3351% med=-0.0978% long(wr=50.00% wr_net=0.00% exp_net=-0.7351%) short(wr=50.00% wr_net=33.33% exp_net=-0.0649%)
  h=15m n=5 avg=1.3550% med=-0.2448% long(wr=40.00% wr_net=40.00% exp_net=0.9550%) short(wr=60.00% wr_net=40.00% exp_net=-1.7550%)
  h=30m n=6 avg=0.5286% med=-0.6426% long(wr=33.33% wr_net=33.33% exp_net=0.1286%) short(wr=66.67% wr_net=50.00% exp_net=-0.9286%)
 15:23:
  h=1m n=5 avg=-0.2245% med=-0.1274% long(wr=20.00% wr_net=0.00% exp_net=-0.6245%) short(wr=80.00% wr_net=20.00% exp_net=-0.1755%)
  h=3m n=4 avg=-2.3107% med=-2.3282% long(wr=0.00% wr_net=0.00% exp_net=-2.7107%) short(wr=100.00% wr_net=100.00% exp_net=1.9107%)
  h=5m n=5 avg=-2.0463% med=-2.0382% long(wr=0.00% wr_net=0.00% exp_net=-2.4463%) short(wr=100.00% wr_net=100.00% exp_net=1.6463%)
  h=15m n=5 avg=-0.8340% med=-1.0442% long(wr=20.00% wr_net=20.00% exp_net=-1.2340%) short(wr=80.00% wr_net=80.00% exp_net=0.4340%)
  h=30m n=5 avg=-1.8657% med=-1.9108% long(wr=20.00% wr_net=20.00% exp_net=-2.2657%) short(wr=80.00% wr_net=80.00% exp_net=1.4657%)
 15:24:
  h=1m n=5 avg=-0.2472% med=-0.2116% long(wr=40.00% wr_net=20.00% exp_net=-0.6472%) short(wr=60.00% wr_net=20.00% exp_net=-0.1528%)
  h=3m n=7 avg=-0.5283% med=-0.4233% long(wr=28.57% wr_net=14.29% exp_net=-0.9283%) short(wr=71.43% wr_net=57.14% exp_net=0.1283%)
  h=5m n=7 avg=-0.4745% med=0.0756% long(wr=57.14% wr_net=28.57% exp_net=-0.8745%) short(wr=42.86% wr_net=42.86% exp_net=0.0745%)
  h=15m n=6 avg=2.1999% med=3.2439% long(wr=66.67% wr_net=66.67% exp_net=1.7999%) short(wr=33.33% wr_net=33.33% exp_net=-2.5999%)
  h=30m n=7 avg=-0.7693% med=-1.0582% long(wr=42.86% wr_net=42.86% exp_net=-1.1693%) short(wr=57.14% wr_net=57.14% exp_net=0.3693%)
 15:25:
  h=1m n=3 avg=-0.7905% med=-1.9391% long(wr=33.33% wr_net=33.33% exp_net=-1.1905%) short(wr=66.67% wr_net=66.67% exp_net=0.3905%)
  h=3m n=4 avg=-0.5813% med=-1.0859% long(wr=25.00% wr_net=25.00% exp_net=-0.9813%) short(wr=75.00% wr_net=50.00% exp_net=0.1813%)
  h=5m n=3 avg=-0.6464% med=0.8310% long(wr=66.67% wr_net=66.67% exp_net=-1.0464%) short(wr=33.33% wr_net=33.33% exp_net=0.2464%)
  h=15m n=4 avg=2.2980% med=0.9595% long(wr=75.00% wr_net=50.00% exp_net=1.8980%) short(wr=25.00% wr_net=25.00% exp_net=-2.6980%)
  h=30m n=4 avg=-0.3742% med=-0.0519% long(wr=50.00% wr_net=50.00% exp_net=-0.7742%) short(wr=50.00% wr_net=50.00% exp_net=-0.0258%)
 15:26:
  h=1m n=4 avg=-0.3064% med=-0.2451% long(wr=0.00% wr_net=0.00% exp_net=-0.7064%) short(wr=50.00% wr_net=50.00% exp_net=-0.0936%)
  h=3m n=4 avg=0.2512% med=-0.1307% long(wr=25.00% wr_net=25.00% exp_net=-0.1488%) short(wr=75.00% wr_net=0.00% exp_net=-0.6512%)
  h=5m n=3 avg=0.3462% med=0.0000% long(wr=33.33% wr_net=33.33% exp_net=-0.0538%) short(wr=33.33% wr_net=33.33% exp_net=-0.7462%)
  h=15m n=3 avg=1.0296% med=0.3269% long(wr=66.67% wr_net=33.33% exp_net=0.6296%) short(wr=33.33% wr_net=33.33% exp_net=-1.4296%)
  h=30m n=4 avg=-3.9306% med=-3.5952% long(wr=0.00% wr_net=0.00% exp_net=-4.3306%) short(wr=100.00% wr_net=75.00% exp_net=3.5306%)
 15:27:
  h=1m n=9 avg=-0.1960% med=-0.1594% long(wr=44.44% wr_net=22.22% exp_net=-0.5960%) short(wr=55.56% wr_net=44.44% exp_net=-0.2040%)
  h=3m n=8 avg=0.2223% med=-0.4604% long(wr=37.50% wr_net=25.00% exp_net=-0.1777%) short(wr=62.50% wr_net=62.50% exp_net=-0.6223%)
  h=5m n=6 avg=0.1740% med=0.4561% long(wr=66.67% wr_net=50.00% exp_net=-0.2260%) short(wr=33.33% wr_net=33.33% exp_net=-0.5740%)
  h=15m n=7 avg=1.8167% med=0.5598% long(wr=71.43% wr_net=71.43% exp_net=1.4167%) short(wr=28.57% wr_net=28.57% exp_net=-2.2167%)
  h=30m n=9 avg=-0.8596% med=-0.6908% long(wr=22.22% wr_net=22.22% exp_net=-1.2596%) short(wr=77.78% wr_net=66.67% exp_net=0.4596%)
 15:28:
  h=1m n=6 avg=0.1913% med=0.2443% long(wr=66.67% wr_net=50.00% exp_net=-0.2087%) short(wr=33.33% wr_net=33.33% exp_net=-0.5913%)
  h=3m n=4 avg=0.3754% med=0.0603% long(wr=50.00% wr_net=50.00% exp_net=-0.0246%) short(wr=50.00% wr_net=50.00% exp_net=-0.7754%)
  h=5m n=5 avg=0.9670% med=0.5243% long(wr=80.00% wr_net=60.00% exp_net=0.5670%) short(wr=20.00% wr_net=20.00% exp_net=-1.3670%)
  h=15m n=5 avg=1.0641% med=0.6809% long(wr=100.00% wr_net=80.00% exp_net=0.6641%) short(wr=0.00% wr_net=0.00% exp_net=-1.4641%)
  h=30m n=4 avg=-1.3610% med=-1.1590% long(wr=25.00% wr_net=25.00% exp_net=-1.7610%) short(wr=75.00% wr_net=50.00% exp_net=0.9610%)
 15:29:
  h=1m n=5 avg=0.1423% med=-0.0614% long(wr=40.00% wr_net=20.00% exp_net=-0.2577%) short(wr=60.00% wr_net=40.00% exp_net=-0.5423%)
  h=3m n=3 avg=0.2589% med=0.0000% long(wr=33.33% wr_net=33.33% exp_net=-0.1411%) short(wr=33.33% wr_net=33.33% exp_net=-0.6589%)
  h=5m n=5 avg=0.3412% med=0.1581% long(wr=60.00% wr_net=40.00% exp_net=-0.0588%) short(wr=40.00% wr_net=40.00% exp_net=-0.7412%)
  h=15m n=4 avg=1.3749% med=1.0390% long(wr=75.00% wr_net=75.00% exp_net=0.9749%) short(wr=25.00% wr_net=0.00% exp_net=-1.7749%)
  h=30m n=6 avg=-2.3059% med=-0.6463% long(wr=50.00% wr_net=50.00% exp_net=-2.7059%) short(wr=50.00% wr_net=50.00% exp_net=1.9059%)
 15:30:
  h=1m n=6 avg=0.0208% med=-0.2469% long(wr=33.33% wr_net=33.33% exp_net=-0.3792%) short(wr=66.67% wr_net=33.33% exp_net=-0.4208%)
  h=3m n=6 avg=0.6594% med=0.2074% long(wr=66.67% wr_net=33.33% exp_net=0.2594%) short(wr=16.67% wr_net=0.00% exp_net=-1.0594%)
  h=5m n=6 avg=1.3632% med=0.4264% long(wr=83.33% wr_net=50.00% exp_net=0.9632%) short(wr=16.67% wr_net=0.00% exp_net=-1.7632%)
  h=15m n=7 avg=2.7194% med=1.9387% long(wr=85.71% wr_net=57.14% exp_net=2.3194%) short(wr=14.29% wr_net=0.00% exp_net=-3.1194%)
 15:31:
  h=1m n=4 avg=0.8326% med=1.0093% long(wr=75.00% wr_net=50.00% exp_net=0.4326%) short(wr=25.00% wr_net=25.00% exp_net=-1.2326%)
  h=3m n=6 avg=0.8743% med=0.7534% long(wr=83.33% wr_net=83.33% exp_net=0.4743%) short(wr=16.67% wr_net=16.67% exp_net=-1.2743%)
  h=5m n=6 avg=1.5043% med=0.9952% long(wr=83.33% wr_net=66.67% exp_net=1.1043%) short(wr=16.67% wr_net=16.67% exp_net=-1.9043%)
  h=15m n=6 avg=2.9450% med=2.4681% long(wr=83.33% wr_net=66.67% exp_net=2.5450%) short(wr=16.67% wr_net=16.67% exp_net=-3.3450%)
 15:32:
  h=1m n=7 avg=-0.0243% med=0.0000% long(wr=42.86% wr_net=14.29% exp_net=-0.4243%) short(wr=42.86% wr_net=14.29% exp_net=-0.3757%)
  h=3m n=7 avg=0.5922% med=0.1581% long(wr=57.14% wr_net=42.86% exp_net=0.1922%) short(wr=28.57% wr_net=28.57% exp_net=-0.9922%)
  h=5m n=5 avg=1.2206% med=0.9475% long(wr=80.00% wr_net=60.00% exp_net=0.8206%) short(wr=20.00% wr_net=20.00% exp_net=-1.6206%)
  h=15m n=8 avg=3.4197% med=2.8529% long(wr=87.50% wr_net=75.00% exp_net=3.0197%) short(wr=12.50% wr_net=12.50% exp_net=-3.8197%)
 15:33:
  h=1m n=7 avg=0.2040% med=0.1581% long(wr=57.14% wr_net=42.86% exp_net=-0.1960%) short(wr=42.86% wr_net=14.29% exp_net=-0.6040%)
  h=3m n=7 avg=0.5650% med=-0.0663% long(wr=42.86% wr_net=42.86% exp_net=0.1650%) short(wr=57.14% wr_net=28.57% exp_net=-0.9650%)
  h=5m n=7 avg=0.8038% med=0.5217% long(wr=71.43% wr_net=57.14% exp_net=0.4038%) short(wr=28.57% wr_net=28.57% exp_net=-1.2038%)
  h=15m n=8 avg=1.8427% med=1.5779% long(wr=62.50% wr_net=62.50% exp_net=1.4427%) short(wr=37.50% wr_net=0.00% exp_net=-2.2427%)
 15:34:
  h=1m n=8 avg=0.1400% med=0.0992% long(wr=50.00% wr_net=25.00% exp_net=-0.2600%) short(wr=25.00% wr_net=12.50% exp_net=-0.5400%)
  h=3m n=8 avg=0.6179% med=0.8085% long(wr=62.50% wr_net=50.00% exp_net=0.2179%) short(wr=25.00% wr_net=12.50% exp_net=-1.0179%)
  h=5m n=7 avg=1.4312% med=1.3986% long(wr=57.14% wr_net=57.14% exp_net=1.0312%) short(wr=42.86% wr_net=28.57% exp_net=-1.8312%)
  h=15m n=8 avg=1.1302% med=1.1741% long(wr=62.50% wr_net=62.50% exp_net=0.7302%) short(wr=37.50% wr_net=37.50% exp_net=-1.5302%)
 15:35:
  h=1m n=7 avg=0.0011% med=-0.2483% long(wr=28.57% wr_net=14.29% exp_net=-0.3989%) short(wr=57.14% wr_net=42.86% exp_net=-0.4011%)
  h=3m n=8 avg=0.3467% med=0.5221% long(wr=62.50% wr_net=50.00% exp_net=-0.0533%) short(wr=37.50% wr_net=25.00% exp_net=-0.7467%)
  h=5m n=10 avg=0.6488% med=0.2836% long(wr=60.00% wr_net=50.00% exp_net=0.2488%) short(wr=40.00% wr_net=40.00% exp_net=-1.0488%)
  h=15m n=10 avg=0.3158% med=-0.0623% long(wr=50.00% wr_net=40.00% exp_net=-0.0842%) short(wr=50.00% wr_net=30.00% exp_net=-0.7158%)
 15:36:
  h=1m n=7 avg=0.2762% med=0.4911% long(wr=71.43% wr_net=57.14% exp_net=-0.1238%) short(wr=28.57% wr_net=28.57% exp_net=-0.6762%)
  h=3m n=7 avg=0.7653% med=0.0000% long(wr=42.86% wr_net=28.57% exp_net=0.3653%) short(wr=42.86% wr_net=28.57% exp_net=-1.1653%)
  h=5m n=7 avg=0.6482% med=-0.0351% long(wr=42.86% wr_net=28.57% exp_net=0.2482%) short(wr=57.14% wr_net=28.57% exp_net=-1.0482%)
  h=15m n=7 avg=0.7268% med=0.5809% long(wr=57.14% wr_net=57.14% exp_net=0.3268%) short(wr=42.86% wr_net=42.86% exp_net=-1.1268%)
 15:37:
  h=1m n=6 avg=0.4181% med=0.5456% long(wr=66.67% wr_net=50.00% exp_net=0.0181%) short(wr=33.33% wr_net=33.33% exp_net=-0.8181%)
  h=3m n=8 avg=0.4962% med=0.4230% long(wr=62.50% wr_net=50.00% exp_net=0.0962%) short(wr=37.50% wr_net=37.50% exp_net=-0.8962%)
  h=5m n=6 avg=1.0993% med=0.6380% long(wr=83.33% wr_net=50.00% exp_net=0.6993%) short(wr=16.67% wr_net=16.67% exp_net=-1.4993%)
  h=15m n=8 avg=-0.2151% med=0.1486% long(wr=62.50% wr_net=37.50% exp_net=-0.6151%) short(wr=37.50% wr_net=25.00% exp_net=-0.1849%)
 15:38:
  h=1m n=7 avg=0.1398% med=0.1761% long(wr=57.14% wr_net=42.86% exp_net=-0.2602%) short(wr=42.86% wr_net=42.86% exp_net=-0.5398%)
  h=3m n=7 avg=0.5533% med=0.4242% long(wr=57.14% wr_net=57.14% exp_net=0.1533%) short(wr=42.86% wr_net=28.57% exp_net=-0.9533%)
  h=5m n=8 avg=0.5944% med=0.3040% long(wr=62.50% wr_net=37.50% exp_net=0.1944%) short(wr=37.50% wr_net=0.00% exp_net=-0.9944%)
  h=15m n=9 avg=-1.6512% med=-1.3175% long(wr=11.11% wr_net=11.11% exp_net=-2.0512%) short(wr=88.89% wr_net=66.67% exp_net=1.2512%)
 15:39:
  h=1m n=10 avg=-0.0595% med=0.1550% long(wr=50.00% wr_net=40.00% exp_net=-0.4595%) short(wr=50.00% wr_net=20.00% exp_net=-0.3405%)
  h=3m n=8 avg=1.1049% med=0.6813% long(wr=62.50% wr_net=62.50% exp_net=0.7049%) short(wr=37.50% wr_net=25.00% exp_net=-1.5049%)
  h=5m n=8 avg=0.6659% med=0.9547% long(wr=62.50% wr_net=62.50% exp_net=0.2659%) short(wr=37.50% wr_net=37.50% exp_net=-1.0659%)
  h=15m n=10 avg=-1.3877% med=-1.1071% long(wr=40.00% wr_net=40.00% exp_net=-1.7877%) short(wr=60.00% wr_net=60.00% exp_net=0.9877%)
 15:40:
  h=1m n=10 avg=0.4390% med=0.0661% long(wr=50.00% wr_net=20.00% exp_net=0.0390%) short(wr=30.00% wr_net=30.00% exp_net=-0.8390%)
  h=3m n=12 avg=0.4889% med=0.3181% long(wr=66.67% wr_net=50.00% exp_net=0.0889%) short(wr=25.00% wr_net=16.67% exp_net=-0.8889%)
  h=5m n=13 avg=0.3450% med=0.1225% long(wr=53.85% wr_net=30.77% exp_net=-0.0550%) short(wr=38.46% wr_net=23.08% exp_net=-0.7450%)
  h=15m n=11 avg=-1.2622% med=-0.8803% long(wr=27.27% wr_net=27.27% exp_net=-1.6622%) short(wr=72.73% wr_net=63.64% exp_net=0.8622%)
 15:41:
  h=1m n=8 avg=0.6020% med=0.1659% long(wr=50.00% wr_net=37.50% exp_net=0.2020%) short(wr=37.50% wr_net=25.00% exp_net=-1.0020%)
  h=3m n=8 avg=0.3179% med=0.3631% long(wr=75.00% wr_net=50.00% exp_net=-0.0821%) short(wr=25.00% wr_net=25.00% exp_net=-0.7179%)
  h=5m n=9 avg=-0.3604% med=0.0000% long(wr=44.44% wr_net=33.33% exp_net=-0.7604%) short(wr=44.44% wr_net=22.22% exp_net=-0.0396%)
  h=15m n=8 avg=-3.1386% med=-1.7596% long(wr=0.00% wr_net=0.00% exp_net=-3.5386%) short(wr=100.00% wr_net=87.50% exp_net=2.7386%)
 15:42:
  h=1m n=13 avg=-0.1786% med=0.1956% long(wr=53.85% wr_net=46.15% exp_net=-0.5786%) short(wr=38.46% wr_net=30.77% exp_net=-0.2214%)
  h=3m n=13 avg=-0.6347% med=-0.2179% long(wr=23.08% wr_net=15.38% exp_net=-1.0347%) short(wr=76.92% wr_net=46.15% exp_net=0.2347%)
  h=5m n=13 avg=-0.2972% med=-0.2205% long(wr=46.15% wr_net=46.15% exp_net=-0.6972%) short(wr=53.85% wr_net=46.15% exp_net=-0.1028%)
  h=15m n=12 avg=-1.2229% med=-1.0441% long(wr=16.67% wr_net=16.67% exp_net=-1.6229%) short(wr=66.67% wr_net=66.67% exp_net=0.8229%)
 15:43:
  h=1m n=11 avg=-0.0603% med=0.0000% long(wr=45.45% wr_net=9.09% exp_net=-0.4603%) short(wr=45.45% wr_net=36.36% exp_net=-0.3397%)
  h=3m n=12 avg=-0.4038% med=-0.2423% long(wr=50.00% wr_net=25.00% exp_net=-0.8038%) short(wr=50.00% wr_net=50.00% exp_net=0.0038%)
  h=5m n=12 avg=-0.0862% med=0.0730% long(wr=50.00% wr_net=41.67% exp_net=-0.4862%) short(wr=33.33% wr_net=25.00% exp_net=-0.3138%)
  h=15m n=11 avg=-1.5311% med=-1.0048% long(wr=18.18% wr_net=18.18% exp_net=-1.9311%) short(wr=81.82% wr_net=54.55% exp_net=1.1311%)
 15:44:
  h=1m n=11 avg=-0.2436% med=-0.3692% long(wr=18.18% wr_net=9.09% exp_net=-0.6436%) short(wr=81.82% wr_net=45.45% exp_net=-0.1564%)
  h=3m n=11 avg=0.0277% med=-0.1104% long(wr=45.45% wr_net=36.36% exp_net=-0.3723%) short(wr=54.55% wr_net=36.36% exp_net=-0.4277%)
  h=5m n=10 avg=-0.0737% med=-0.1309% long(wr=40.00% wr_net=30.00% exp_net=-0.4737%) short(wr=50.00% wr_net=30.00% exp_net=-0.3263%)
  h=15m n=11 avg=-1.4961% med=-1.6788% long(wr=45.45% wr_net=27.27% exp_net=-1.8961%) short(wr=54.55% wr_net=54.55% exp_net=1.0961%)
 15:45:
  h=1m n=13 avg=-0.1805% med=-0.0552% long(wr=38.46% wr_net=7.69% exp_net=-0.5805%) short(wr=53.85% wr_net=30.77% exp_net=-0.2195%)
  h=3m n=13 avg=0.1677% med=0.0000% long(wr=46.15% wr_net=30.77% exp_net=-0.2323%) short(wr=38.46% wr_net=23.08% exp_net=-0.5677%)
  h=5m n=12 avg=-0.6168% med=-0.5319% long(wr=33.33% wr_net=16.67% exp_net=-1.0168%) short(wr=66.67% wr_net=50.00% exp_net=0.2168%)
 15:46:
  h=1m n=14 avg=0.3807% med=0.0297% long(wr=50.00% wr_net=28.57% exp_net=-0.0193%) short(wr=21.43% wr_net=7.14% exp_net=-0.7807%)
  h=3m n=13 avg=0.1893% med=-0.1311% long(wr=46.15% wr_net=38.46% exp_net=-0.2107%) short(wr=53.85% wr_net=38.46% exp_net=-0.5893%)
  h=5m n=13 avg=-0.2462% med=-0.2519% long(wr=38.46% wr_net=30.77% exp_net=-0.6462%) short(wr=61.54% wr_net=46.15% exp_net=-0.1538%)
 15:47:
  h=1m n=14 avg=-0.0469% med=0.0155% long(wr=50.00% wr_net=14.29% exp_net=-0.4469%) short(wr=50.00% wr_net=21.43% exp_net=-0.3531%)
  h=3m n=13 avg=-0.8542% med=-0.9023% long(wr=23.08% wr_net=15.38% exp_net=-1.2542%) short(wr=61.54% wr_net=61.54% exp_net=0.4542%)
  h=5m n=14 avg=-0.9327% med=-0.9773% long(wr=28.57% wr_net=21.43% exp_net=-1.3327%) short(wr=71.43% wr_net=71.43% exp_net=0.5327%)
 15:48:
  h=1m n=14 avg=-0.1644% med=-0.1833% long(wr=21.43% wr_net=7.14% exp_net=-0.5644%) short(wr=71.43% wr_net=35.71% exp_net=-0.2356%)
  h=3m n=13 avg=-0.5501% med=-0.3040% long(wr=15.38% wr_net=15.38% exp_net=-0.9501%) short(wr=61.54% wr_net=46.15% exp_net=0.1501%)
  h=5m n=14 avg=-1.3490% med=-0.6220% long(wr=21.43% wr_net=21.43% exp_net=-1.7490%) short(wr=71.43% wr_net=64.29% exp_net=0.9490%)
 15:49:
  h=1m n=10 avg=-0.4285% med=-0.3234% long(wr=20.00% wr_net=10.00% exp_net=-0.8285%) short(wr=60.00% wr_net=50.00% exp_net=0.0285%)
  h=3m n=11 avg=-0.6868% med=-0.5084% long(wr=27.27% wr_net=27.27% exp_net=-1.0868%) short(wr=72.73% wr_net=54.55% exp_net=0.2868%)
  h=5m n=11 avg=-1.8037% med=-1.1853% long(wr=18.18% wr_net=18.18% exp_net=-2.2037%) short(wr=81.82% wr_net=72.73% exp_net=1.4037%)
 15:50:
  h=1m n=11 avg=0.0233% med=0.0000% long(wr=45.45% wr_net=27.27% exp_net=-0.3767%) short(wr=27.27% wr_net=18.18% exp_net=-0.4233%)
  h=3m n=12 avg=-0.9450% med=-0.6793% long(wr=25.00% wr_net=16.67% exp_net=-1.3450%) short(wr=66.67% wr_net=66.67% exp_net=0.5450%)
  h=5m n=10 avg=-0.7648% med=-0.5356% long(wr=30.00% wr_net=30.00% exp_net=-1.1648%) short(wr=70.00% wr_net=60.00% exp_net=0.3648%)
 15:51:
  h=1m n=11 avg=-0.5499% med=-0.4348% long(wr=27.27% wr_net=18.18% exp_net=-0.9499%) short(wr=72.73% wr_net=54.55% exp_net=0.1499%)
  h=3m n=11 avg=-1.0206% med=-0.7174% long(wr=18.18% wr_net=18.18% exp_net=-1.4206%) short(wr=81.82% wr_net=63.64% exp_net=0.6206%)
  h=5m n=10 avg=-1.1235% med=-0.7461% long(wr=20.00% wr_net=20.00% exp_net=-1.5235%) short(wr=70.00% wr_net=60.00% exp_net=0.7235%)
 15:52:
  h=1m n=11 avg=-0.6537% med=-0.5099% long(wr=27.27% wr_net=18.18% exp_net=-1.0537%) short(wr=72.73% wr_net=54.55% exp_net=0.2537%)
  h=3m n=9 avg=-0.6418% med=-0.5181% long(wr=33.33% wr_net=22.22% exp_net=-1.0418%) short(wr=66.67% wr_net=55.56% exp_net=0.2418%)
  h=5m n=10 avg=-1.4500% med=-0.5643% long(wr=30.00% wr_net=20.00% exp_net=-1.8500%) short(wr=60.00% wr_net=50.00% exp_net=1.0500%)
 15:53:
  h=1m n=9 avg=-0.4387% med=-0.0513% long(wr=44.44% wr_net=22.22% exp_net=-0.8387%) short(wr=55.56% wr_net=22.22% exp_net=0.0387%)
  h=3m n=9 avg=-1.1434% med=0.1953% long(wr=55.56% wr_net=33.33% exp_net=-1.5434%) short(wr=44.44% wr_net=44.44% exp_net=0.7434%)
  h=5m n=7 avg=0.6450% med=-0.4613% long(wr=28.57% wr_net=28.57% exp_net=0.2450%) short(wr=71.43% wr_net=57.14% exp_net=-1.0450%)
 15:54:
  h=1m n=7 avg=-0.2315% med=-0.2181% long(wr=28.57% wr_net=0.00% exp_net=-0.6315%) short(wr=71.43% wr_net=42.86% exp_net=-0.1685%)
  h=3m n=7 avg=0.1822% med=-0.1222% long(wr=28.57% wr_net=28.57% exp_net=-0.2178%) short(wr=71.43% wr_net=14.29% exp_net=-0.5822%)
  h=5m n=8 avg=0.1091% med=-0.1953% long(wr=50.00% wr_net=37.50% exp_net=-0.2909%) short(wr=50.00% wr_net=50.00% exp_net=-0.5091%)
 15:55:
  h=1m n=8 avg=-0.0818% med=0.0000% long(wr=37.50% wr_net=12.50% exp_net=-0.4818%) short(wr=25.00% wr_net=25.00% exp_net=-0.3182%)
  h=3m n=8 avg=0.3293% med=-0.0463% long(wr=50.00% wr_net=25.00% exp_net=-0.0707%) short(wr=50.00% wr_net=25.00% exp_net=-0.7293%)
 15:56:
  h=1m n=8 avg=0.3838% med=0.1115% long(wr=62.50% wr_net=25.00% exp_net=-0.0162%) short(wr=25.00% wr_net=12.50% exp_net=-0.7838%)
  h=3m n=9 avg=0.6134% med=0.4016% long(wr=66.67% wr_net=55.56% exp_net=0.2134%) short(wr=33.33% wr_net=33.33% exp_net=-1.0134%)
 15:57:
  h=1m n=7 avg=0.0560% med=0.0000% long(wr=42.86% wr_net=28.57% exp_net=-0.3440%) short(wr=28.57% wr_net=0.00% exp_net=-0.4560%)
 15:58:
  h=1m n=9 avg=0.2615% med=-0.0685% long(wr=44.44% wr_net=22.22% exp_net=-0.1385%) short(wr=55.56% wr_net=33.33% exp_net=-0.6615%)
 15:59:

=== by gain_bin (signals) ===
 <10%:
  h=1m n=15 avg=-0.2153% med=-0.1399% long(wr=26.67% wr_net=6.67% exp_net=-0.6153%) short(wr=66.67% wr_net=33.33% exp_net=-0.1847%)
  h=3m n=15 avg=-0.3524% med=-0.4170% long(wr=26.67% wr_net=20.00% exp_net=-0.7524%) short(wr=73.33% wr_net=53.33% exp_net=-0.0476%)
  h=5m n=15 avg=-0.3142% med=-0.4110% long(wr=20.00% wr_net=6.67% exp_net=-0.7142%) short(wr=73.33% wr_net=53.33% exp_net=-0.0858%)
  h=15m n=12 avg=-1.8957% med=-2.4720% long(wr=25.00% wr_net=8.33% exp_net=-2.2957%) short(wr=75.00% wr_net=75.00% exp_net=1.4957%)
  h=30m n=12 avg=-1.1504% med=-1.8105% long(wr=33.33% wr_net=33.33% exp_net=-1.5504%) short(wr=66.67% wr_net=66.67% exp_net=0.7504%)
  h=60m n=12 avg=-2.5505% med=-3.4454% long(wr=8.33% wr_net=8.33% exp_net=-2.9505%) short(wr=83.33% wr_net=83.33% exp_net=2.1505%)
 10-20%:
  h=1m n=263 avg=-0.0948% med=0.0000% long(wr=41.06% wr_net=18.25% exp_net=-0.4948%) short(wr=46.39% wr_net=25.48% exp_net=-0.3052%)
  h=3m n=258 avg=-0.1103% med=0.0000% long(wr=44.96% wr_net=25.97% exp_net=-0.5103%) short(wr=48.06% wr_net=35.27% exp_net=-0.2897%)
  h=5m n=250 avg=-0.1928% med=-0.0251% long(wr=46.40% wr_net=32.40% exp_net=-0.5928%) short(wr=50.00% wr_net=40.00% exp_net=-0.2072%)
  h=15m n=235 avg=-0.3982% med=-0.4003% long(wr=40.00% wr_net=32.77% exp_net=-0.7982%) short(wr=57.02% wr_net=50.21% exp_net=-0.0018%)
  h=30m n=223 avg=-0.9784% med=-0.8977% long(wr=34.53% wr_net=28.25% exp_net=-1.3784%) short(wr=63.68% wr_net=59.19% exp_net=0.5784%)
  h=60m n=211 avg=-0.6319% med=-0.9025% long(wr=36.49% wr_net=30.33% exp_net=-1.0319%) short(wr=61.61% wr_net=57.82% exp_net=0.2319%)
 20%+:
  h=1m n=2503 avg=0.0205% med=0.0000% long(wr=45.79% wr_net=31.20% exp_net=-0.3795%) short(wr=48.30% wr_net=33.72% exp_net=-0.4205%)
  h=3m n=2459 avg=0.0250% med=-0.1245% long(wr=44.77% wr_net=36.72% exp_net=-0.3750%) short(wr=51.36% wr_net=41.44% exp_net=-0.4250%)
  h=5m n=2456 avg=-0.0188% med=-0.1357% long(wr=45.64% wr_net=38.15% exp_net=-0.4188%) short(wr=51.75% wr_net=43.77% exp_net=-0.3812%)
  h=15m n=2334 avg=0.1102% med=0.0000% long(wr=49.06% wr_net=44.09% exp_net=-0.2898%) short(wr=49.44% wr_net=44.52% exp_net=-0.5102%)
  h=30m n=2205 avg=-0.1942% med=-0.0806% long(wr=48.84% wr_net=46.12% exp_net=-0.5942%) short(wr=50.11% wr_net=47.07% exp_net=-0.2058%)
  h=60m n=2022 avg=-0.5073% med=-0.1318% long(wr=49.16% wr_net=47.58% exp_net=-0.9073%) short(wr=50.25% wr_net=48.37% exp_net=0.1073%)

=== by rank_bin (signals) ===
 1-5:
  h=1m n=2614 avg=0.0129% med=0.0000% long(wr=45.49% wr_net=30.72% exp_net=-0.3871%) short(wr=48.24% wr_net=33.44% exp_net=-0.4129%)
  h=3m n=2570 avg=0.0145% med=-0.1175% long(wr=44.59% wr_net=36.19% exp_net=-0.3855%) short(wr=51.32% wr_net=41.36% exp_net=-0.4145%)
  h=5m n=2561 avg=-0.0366% med=-0.1502% long(wr=45.33% wr_net=37.60% exp_net=-0.4366%) short(wr=52.13% wr_net=44.08% exp_net=-0.3634%)
  h=15m n=2441 avg=0.0705% med=0.0000% long(wr=48.46% wr_net=43.22% exp_net=-0.3295%) short(wr=49.94% wr_net=45.02% exp_net=-0.4705%)
  h=30m n=2311 avg=-0.2453% med=-0.1433% long(wr=48.03% wr_net=45.05% exp_net=-0.6453%) short(wr=50.89% wr_net=47.77% exp_net=-0.1547%)
  h=60m n=2114 avg=-0.4863% med=-0.1884% long(wr=48.72% wr_net=47.02% exp_net=-0.8863%) short(wr=50.61% wr_net=48.53% exp_net=0.0863%)
 6-10:
  h=1m n=98 avg=-0.0197% med=0.0000% long(wr=47.96% wr_net=17.35% exp_net=-0.4197%) short(wr=42.86% wr_net=22.45% exp_net=-0.3803%)
  h=3m n=99 avg=0.1114% med=0.1355% long(wr=57.58% wr_net=33.33% exp_net=-0.2886%) short(wr=36.36% wr_net=27.27% exp_net=-0.5114%)
  h=5m n=99 avg=0.0982% med=0.1835% long(wr=58.59% wr_net=41.41% exp_net=-0.3018%) short(wr=37.37% wr_net=25.25% exp_net=-0.4982%)
  h=15m n=89 avg=0.0842% med=0.1350% long(wr=51.69% wr_net=48.31% exp_net=-0.3158%) short(wr=47.19% wr_net=42.70% exp_net=-0.4842%)
  h=30m n=86 avg=-0.5376% med=-0.6310% long(wr=41.86% wr_net=39.53% exp_net=-0.9376%) short(wr=55.81% wr_net=53.49% exp_net=0.1376%)
  h=60m n=86 avg=-0.7039% med=-0.3373% long(wr=45.35% wr_net=34.88% exp_net=-1.1039%) short(wr=52.33% wr_net=50.00% exp_net=0.3039%)
 11-20:
  h=1m n=69 avg=-0.1244% med=-0.0685% long(wr=31.88% wr_net=14.49% exp_net=-0.5244%) short(wr=55.07% wr_net=28.99% exp_net=-0.2756%)
  h=3m n=63 avg=-0.3248% med=-0.3406% long(wr=28.57% wr_net=15.87% exp_net=-0.7248%) short(wr=68.25% wr_net=44.44% exp_net=-0.0752%)
  h=5m n=61 avg=-0.2479% med=-0.3362% long(wr=34.43% wr_net=24.59% exp_net=-0.6479%) short(wr=57.38% wr_net=47.54% exp_net=-0.1521%)
  h=15m n=51 avg=-0.7607% med=-0.4743% long(wr=25.49% wr_net=17.65% exp_net=-1.1607%) short(wr=70.59% wr_net=56.86% exp_net=0.3607%)
  h=30m n=43 avg=-1.0935% med=-1.3569% long(wr=27.91% wr_net=20.93% exp_net=-1.4935%) short(wr=72.09% wr_net=65.12% exp_net=0.6935%)
  h=60m n=45 avg=-2.2498% med=-2.0353% long(wr=6.67% wr_net=6.67% exp_net=-2.6498%) short(wr=91.11% wr_net=91.11% exp_net=1.8498%)
 21+:

=== threshold >5% ===
  h=1m n=9778 avg=-0.0079% med=0.0000% long(wr=43.48% wr_net=19.91% exp_net=-0.4079%) short(wr=46.05% wr_net=21.96% exp_net=-0.3921%)
  h=3m n=9604 avg=-0.0325% med=-0.0084% long(wr=44.36% wr_net=27.49% exp_net=-0.4325%) short(wr=50.05% wr_net=31.74% exp_net=-0.3675%)
  h=5m n=9489 avg=-0.0552% med=-0.0658% long(wr=45.03% wr_net=31.01% exp_net=-0.4552%) short(wr=51.06% wr_net=36.14% exp_net=-0.3448%)
  h=15m n=9072 avg=-0.0756% med=-0.1172% long(wr=46.10% wr_net=37.01% exp_net=-0.4756%) short(wr=51.80% wr_net=42.58% exp_net=-0.3244%)
  h=30m n=8505 avg=-0.1855% med=-0.2045% long(wr=45.21% wr_net=39.13% exp_net=-0.5855%) short(wr=53.03% wr_net=46.31% exp_net=-0.2145%)
  h=60m n=7437 avg=-0.2732% med=-0.4055% long(wr=45.07% wr_net=41.20% exp_net=-0.6732%) short(wr=53.89% wr_net=50.13% exp_net=-0.1268%)

=== threshold >12% ===
  h=1m n=1158 avg=-0.0097% med=-0.0961% long(wr=44.30% wr_net=34.11% exp_net=-0.4097%) short(wr=51.30% wr_net=39.12% exp_net=-0.3903%)
  h=3m n=1127 avg=-0.0514% med=-0.2522% long(wr=43.83% wr_net=37.71% exp_net=-0.4514%) short(wr=53.59% wr_net=47.03% exp_net=-0.3486%)
  h=5m n=1122 avg=-0.1314% med=-0.2565% long(wr=43.85% wr_net=37.97% exp_net=-0.5314%) short(wr=53.57% wr_net=46.97% exp_net=-0.2686%)
  h=15m n=1070 avg=-0.1350% med=-0.2207% long(wr=47.10% wr_net=42.80% exp_net=-0.5350%) short(wr=51.50% wr_net=48.04% exp_net=-0.2650%)
  h=30m n=1024 avg=-0.9284% med=-0.4037% long(wr=45.70% wr_net=43.65% exp_net=-1.3284%) short(wr=53.12% wr_net=50.10% exp_net=0.5284%)
  h=60m n=942 avg=-3.0544% med=-1.3307% long(wr=43.31% wr_net=41.72% exp_net=-3.4544%) short(wr=55.94% wr_net=54.56% exp_net=2.6544%)

=== Chronological split train 40 / test -18 ===
 dates 2025-07-01 .. 2025-07-31 (22 days)
 train n=2973
  h=1m n=2781 avg=0.0083% med=0.0000% long(wr=45.24% wr_net=29.85% exp_net=-0.3917%) short(wr=48.22% wr_net=32.94% exp_net=-0.4083%)
  h=3m n=2732 avg=0.0102% med=-0.1081% long(wr=44.69% wr_net=35.61% exp_net=-0.3898%) short(wr=51.17% wr_net=40.92% exp_net=-0.4102%)
  h=5m n=2721 avg=-0.0364% med=-0.1355% long(wr=45.57% wr_net=37.45% exp_net=-0.4364%) short(wr=51.71% wr_net=43.48% exp_net=-0.3636%)
  h=15m n=2581 avg=0.0546% med=-0.0724% long(wr=48.12% wr_net=42.89% exp_net=-0.3454%) short(wr=50.25% wr_net=45.18% exp_net=-0.4546%)
  h=30m n=2440 avg=-0.2706% med=-0.2100% long(wr=47.46% wr_net=44.43% exp_net=-0.6706%) short(wr=51.43% wr_net=48.28% exp_net=-0.1294%)
  h=60m n=2245 avg=-0.5300% med=-0.3226% long(wr=47.75% wr_net=45.75% exp_net=-0.9300%) short(wr=51.49% wr_net=49.44% exp_net=0.1300%)
 test n=0

=== bucket train vs test (h15 h30 short exp) ===
  <3% train h15m n=91458 avg=-0.0102% short_exp_net=-0.3898%
  <3% train h30m n=87418 avg=0.0022% short_exp_net=-0.4022%
  3-5% train h15m n=19061 avg=-0.0031% short_exp_net=-0.3969%
  3-5% train h30m n=18033 avg=-0.0055% short_exp_net=-0.3945%
  5-8% train h15m n=6491 avg=-0.1273% short_exp_net=-0.2727%
  5-8% train h30m n=6065 avg=-0.1513% short_exp_net=-0.2487%
  8-12% train h15m n=1511 avg=0.1888% short_exp_net=-0.5888%
  8-12% train h30m n=1416 avg=0.2051% short_exp_net=-0.6051%
  12%+ train h15m n=1070 avg=-0.1350% short_exp_net=-0.2650%
  12%+ train h30m n=1024 avg=-0.9284% short_exp_net=0.5284%

Wrote factory\artifacts\h006_results_2025-07\cost40bps\events_with_vwap.parquet (139400 rows, 2973 signals >8.0%)
Wrote factory\artifacts\h006_results_2025-07\cost40bps\h006_summary.json
