Installed 4 packages in 1.06s
Loading events factory\artifacts\certification_2025-07\events_topN.parquet
 events: 139400 dates 22 tickers 669
Loading clean [WindowsPath('data/stage_2025-07/clean_ohlcv_2025-06.parquet'), WindowsPath('data/stage_2025-07/clean_ohlcv_2025-07.parquet')]
Computing VWAP...
 vwap join: 139400->139400 (dropped 0 no vwap)
Computing forward returns via clean join...
 threshold >5%: n=10607 (7.6%)
 threshold >8%: n=2973 (2.1%)
 threshold >12%: n=1225 (0.9%)

=== VWAP distance buckets (all events) ===
 <3%:
  h=1m n=95531 avg=-0.0010% med=0.0000% long(wr=43.43% wr_net=18.06% exp_net=-0.2010%) short(wr=43.43% wr_net=18.30% exp_net=-0.1990%)
  h=3m n=94581 avg=-0.0016% med=0.0000% long(wr=46.57% wr_net=27.59% exp_net=-0.2016%) short(wr=46.22% wr_net=27.57% exp_net=-0.1984%)
  h=5m n=94098 avg=-0.0040% med=0.0000% long(wr=47.66% wr_net=31.86% exp_net=-0.2040%) short(wr=46.95% wr_net=31.67% exp_net=-0.1960%)
  h=15m n=91458 avg=-0.0102% med=0.0000% long(wr=48.67% wr_net=38.52% exp_net=-0.2102%) short(wr=48.26% wr_net=38.38% exp_net=-0.1898%)
  h=30m n=87418 avg=0.0022% med=0.0000% long(wr=49.27% wr_net=41.85% exp_net=-0.1978%) short(wr=48.60% wr_net=41.15% exp_net=-0.2022%)
  h=60m n=79247 avg=0.0208% med=0.0130% long(wr=50.15% wr_net=44.38% exp_net=-0.1792%) short(wr=48.29% wr_net=42.57% exp_net=-0.2208%)
 3-5%:
  h=1m n=20192 avg=-0.0031% med=0.0000% long(wr=42.75% wr_net=20.53% exp_net=-0.2031%) short(wr=42.90% wr_net=21.87% exp_net=-0.1969%)
  h=3m n=19966 avg=-0.0061% med=0.0000% long(wr=45.75% wr_net=30.94% exp_net=-0.2061%) short(wr=46.99% wr_net=32.13% exp_net=-0.1939%)
  h=5m n=19813 avg=-0.0080% med=0.0000% long(wr=46.96% wr_net=35.12% exp_net=-0.2080%) short(wr=47.77% wr_net=36.04% exp_net=-0.1920%)
  h=15m n=19061 avg=-0.0031% med=0.0000% long(wr=47.42% wr_net=40.28% exp_net=-0.2031%) short(wr=49.86% wr_net=42.34% exp_net=-0.1969%)
  h=30m n=18033 avg=-0.0055% med=-0.0164% long(wr=47.90% wr_net=42.71% exp_net=-0.2055%) short(wr=50.14% wr_net=45.06% exp_net=-0.1945%)
  h=60m n=16129 avg=-0.0928% med=-0.1887% long(wr=45.12% wr_net=41.56% exp_net=-0.2928%) short(wr=53.26% wr_net=49.76% exp_net=-0.1072%)
 5-8%:
  h=1m n=6997 avg=-0.0144% med=0.0000% long(wr=42.78% wr_net=27.37% exp_net=-0.2144%) short(wr=45.19% wr_net=29.41% exp_net=-0.1856%)
  h=3m n=6872 avg=-0.0495% med=0.0000% long(wr=44.22% wr_net=34.02% exp_net=-0.2495%) short(wr=49.61% wr_net=39.49% exp_net=-0.1505%)
  h=5m n=6768 avg=-0.0628% med=-0.0444% long(wr=44.81% wr_net=36.91% exp_net=-0.2628%) short(wr=50.80% wr_net=43.17% exp_net=-0.1372%)
  h=15m n=6491 avg=-0.1273% med=-0.1229% long(wr=45.29% wr_net=40.49% exp_net=-0.3273%) short(wr=52.41% wr_net=47.36% exp_net=-0.0727%)
  h=30m n=6065 avg=-0.1513% med=-0.2041% long(wr=44.30% wr_net=41.14% exp_net=-0.3513%) short(wr=53.67% wr_net=50.04% exp_net=-0.0487%)
  h=60m n=5192 avg=-0.1621% med=-0.4284% long(wr=43.91% wr_net=41.85% exp_net=-0.3621%) short(wr=54.93% wr_net=52.99% exp_net=-0.0379%)
 8-12%:
  h=1m n=1623 avg=0.0212% med=0.0000% long(wr=45.90% wr_net=37.15% exp_net=-0.1788%) short(wr=46.03% wr_net=38.32% exp_net=-0.2212%)
  h=3m n=1605 avg=0.0535% med=0.0000% long(wr=45.30% wr_net=40.25% exp_net=-0.1465%) short(wr=49.47% wr_net=43.36% exp_net=-0.2535%)
  h=5m n=1599 avg=0.0302% med=-0.0746% long(wr=46.78% wr_net=41.71% exp_net=-0.1698%) short(wr=50.41% wr_net=46.59% exp_net=-0.2302%)
  h=15m n=1511 avg=0.1888% med=0.0000% long(wr=48.84% wr_net=46.53% exp_net=-0.0112%) short(wr=49.37% wr_net=47.25% exp_net=-0.3888%)
  h=30m n=1416 avg=0.2051% med=-0.0776% long(wr=48.73% wr_net=47.18% exp_net=0.0051%) short(wr=50.21% wr_net=48.80% exp_net=-0.4051%)
  h=60m n=1303 avg=1.2950% med=0.2681% long(wr=50.96% wr_net=50.35% exp_net=1.0950%) short(wr=48.27% wr_net=47.58% exp_net=-1.4950%)
 12%+:
  h=1m n=1158 avg=-0.0097% med=-0.0961% long(wr=44.30% wr_net=39.72% exp_net=-0.2097%) short(wr=51.30% wr_net=45.94% exp_net=-0.1903%)
  h=3m n=1127 avg=-0.0514% med=-0.2522% long(wr=43.83% wr_net=41.44% exp_net=-0.2514%) short(wr=53.59% wr_net=50.93% exp_net=-0.1486%)
  h=5m n=1122 avg=-0.1314% med=-0.2565% long(wr=43.85% wr_net=41.35% exp_net=-0.3314%) short(wr=53.57% wr_net=51.07% exp_net=-0.0686%)
  h=15m n=1070 avg=-0.1350% med=-0.2207% long(wr=47.10% wr_net=45.23% exp_net=-0.3350%) short(wr=51.50% wr_net=50.09% exp_net=-0.0650%)
  h=30m n=1024 avg=-0.9284% med=-0.4037% long(wr=45.70% wr_net=45.12% exp_net=-1.1284%) short(wr=53.12% wr_net=51.76% exp_net=0.7284%)
  h=60m n=942 avg=-3.0544% med=-1.3307% long(wr=43.31% wr_net=42.57% exp_net=-3.2544%) short(wr=55.94% wr_net=55.20% exp_net=2.8544%)

=== SIGNALS vwap_dist >8.0% : n=2973 ===
  h=1m n=2781 avg=0.0083% med=0.0000% long(wr=45.24% wr_net=38.22% exp_net=-0.1917%) short(wr=48.22% wr_net=41.50% exp_net=-0.2083%)
  h=3m n=2732 avg=0.0102% med=-0.1081% long(wr=44.69% wr_net=40.74% exp_net=-0.1898%) short(wr=51.17% wr_net=46.49% exp_net=-0.2102%)
  h=5m n=2721 avg=-0.0364% med=-0.1355% long(wr=45.57% wr_net=41.57% exp_net=-0.2364%) short(wr=51.71% wr_net=48.44% exp_net=-0.1636%)
  h=15m n=2581 avg=0.0546% med=-0.0724% long(wr=48.12% wr_net=45.99% exp_net=-0.1454%) short(wr=50.25% wr_net=48.43% exp_net=-0.2546%)
  h=30m n=2440 avg=-0.2706% med=-0.2100% long(wr=47.46% wr_net=46.31% exp_net=-0.4706%) short(wr=51.43% wr_net=50.04% exp_net=0.0706%)
  h=60m n=2245 avg=-0.5300% med=-0.3226% long(wr=47.75% wr_net=47.08% exp_net=-0.7300%) short(wr=51.49% wr_net=50.78% exp_net=0.3300%)

=== by time_bucket (signals) ===
 09:39:
  h=1m n=1 avg=3.1030% med=3.1030% long(wr=100.00% wr_net=100.00% exp_net=2.9030%) short(wr=0.00% wr_net=0.00% exp_net=-3.3030%)
  h=3m n=1 avg=4.0903% med=4.0903% long(wr=100.00% wr_net=100.00% exp_net=3.8903%) short(wr=0.00% wr_net=0.00% exp_net=-4.2903%)
  h=5m n=1 avg=-3.1030% med=-3.1030% long(wr=0.00% wr_net=0.00% exp_net=-3.3030%) short(wr=100.00% wr_net=100.00% exp_net=2.9030%)
  h=15m n=1 avg=-2.2567% med=-2.2567% long(wr=0.00% wr_net=0.00% exp_net=-2.4567%) short(wr=100.00% wr_net=100.00% exp_net=2.0567%)
  h=30m n=1 avg=-4.5134% med=-4.5134% long(wr=0.00% wr_net=0.00% exp_net=-4.7134%) short(wr=100.00% wr_net=100.00% exp_net=4.3134%)
  h=60m n=1 avg=-7.1932% med=-7.1932% long(wr=0.00% wr_net=0.00% exp_net=-7.3932%) short(wr=100.00% wr_net=100.00% exp_net=6.9932%)
 09:40:
  h=1m n=2 avg=0.8717% med=0.8717% long(wr=50.00% wr_net=50.00% exp_net=0.6717%) short(wr=50.00% wr_net=50.00% exp_net=-1.0717%)
  h=3m n=2 avg=-0.3661% med=-0.3661% long(wr=50.00% wr_net=50.00% exp_net=-0.5661%) short(wr=50.00% wr_net=50.00% exp_net=0.1661%)
  h=5m n=2 avg=-0.3661% med=-0.3661% long(wr=50.00% wr_net=50.00% exp_net=-0.5661%) short(wr=50.00% wr_net=50.00% exp_net=0.1661%)
  h=15m n=2 avg=-2.9895% med=-2.9895% long(wr=0.00% wr_net=0.00% exp_net=-3.1895%) short(wr=100.00% wr_net=100.00% exp_net=2.7895%)
  h=30m n=2 avg=-5.1863% med=-5.1863% long(wr=0.00% wr_net=0.00% exp_net=-5.3863%) short(wr=100.00% wr_net=100.00% exp_net=4.9863%)
  h=60m n=2 avg=-1.8038% med=-1.8038% long(wr=50.00% wr_net=50.00% exp_net=-2.0038%) short(wr=50.00% wr_net=50.00% exp_net=1.6038%)
 09:41:
  h=1m n=1 avg=-3.0223% med=-3.0223% long(wr=0.00% wr_net=0.00% exp_net=-3.2223%) short(wr=100.00% wr_net=100.00% exp_net=2.8223%)
  h=3m n=1 avg=-9.7240% med=-9.7240% long(wr=0.00% wr_net=0.00% exp_net=-9.9240%) short(wr=100.00% wr_net=100.00% exp_net=9.5240%)
  h=5m n=1 avg=-5.6505% med=-5.6505% long(wr=0.00% wr_net=0.00% exp_net=-5.8505%) short(wr=100.00% wr_net=100.00% exp_net=5.4505%)
  h=15m n=1 avg=-9.5926% med=-9.5926% long(wr=0.00% wr_net=0.00% exp_net=-9.7926%) short(wr=100.00% wr_net=100.00% exp_net=9.3926%)
  h=30m n=1 avg=-12.0894% med=-12.0894% long(wr=0.00% wr_net=0.00% exp_net=-12.2894%) short(wr=100.00% wr_net=100.00% exp_net=11.8894%)
  h=60m n=1 avg=-13.2720% med=-13.2720% long(wr=0.00% wr_net=0.00% exp_net=-13.4720%) short(wr=100.00% wr_net=100.00% exp_net=13.0720%)
 09:42:
  h=1m n=2 avg=1.7481% med=1.7481% long(wr=100.00% wr_net=100.00% exp_net=1.5481%) short(wr=0.00% wr_net=0.00% exp_net=-1.9481%)
  h=3m n=2 avg=-0.5057% med=-0.5057% long(wr=50.00% wr_net=50.00% exp_net=-0.7057%) short(wr=50.00% wr_net=50.00% exp_net=0.3057%)
  h=5m n=2 avg=3.1147% med=3.1147% long(wr=50.00% wr_net=50.00% exp_net=2.9147%) short(wr=50.00% wr_net=50.00% exp_net=-3.3147%)
  h=15m n=2 avg=-4.3055% med=-4.3055% long(wr=0.00% wr_net=0.00% exp_net=-4.5055%) short(wr=100.00% wr_net=100.00% exp_net=4.1055%)
  h=30m n=2 avg=-5.0708% med=-5.0708% long(wr=0.00% wr_net=0.00% exp_net=-5.2708%) short(wr=100.00% wr_net=100.00% exp_net=4.8708%)
  h=60m n=2 avg=-2.7959% med=-2.7959% long(wr=50.00% wr_net=50.00% exp_net=-2.9959%) short(wr=50.00% wr_net=50.00% exp_net=2.5959%)
 09:43:
  h=1m n=2 avg=-1.5117% med=-1.5117% long(wr=50.00% wr_net=50.00% exp_net=-1.7117%) short(wr=50.00% wr_net=50.00% exp_net=1.3117%)
  h=3m n=2 avg=-0.6585% med=-0.6585% long(wr=50.00% wr_net=50.00% exp_net=-0.8585%) short(wr=50.00% wr_net=50.00% exp_net=0.4585%)
  h=5m n=2 avg=3.3640% med=3.3640% long(wr=50.00% wr_net=50.00% exp_net=3.1640%) short(wr=50.00% wr_net=50.00% exp_net=-3.5640%)
  h=15m n=2 avg=-5.6345% med=-5.6345% long(wr=0.00% wr_net=0.00% exp_net=-5.8345%) short(wr=100.00% wr_net=100.00% exp_net=5.4345%)
  h=30m n=2 avg=-6.4436% med=-6.4436% long(wr=0.00% wr_net=0.00% exp_net=-6.6436%) short(wr=100.00% wr_net=100.00% exp_net=6.2436%)
  h=60m n=2 avg=-4.2046% med=-4.2046% long(wr=50.00% wr_net=50.00% exp_net=-4.4046%) short(wr=50.00% wr_net=50.00% exp_net=4.0046%)
 09:44:
  h=1m n=1 avg=-1.0101% med=-1.0101% long(wr=0.00% wr_net=0.00% exp_net=-1.2101%) short(wr=100.00% wr_net=100.00% exp_net=0.8101%)
  h=3m n=1 avg=4.8485% med=4.8485% long(wr=100.00% wr_net=100.00% exp_net=4.6485%) short(wr=0.00% wr_net=0.00% exp_net=-5.0485%)
  h=5m n=1 avg=10.3030% med=10.3030% long(wr=100.00% wr_net=100.00% exp_net=10.1030%) short(wr=0.00% wr_net=0.00% exp_net=-10.5030%)
  h=15m n=1 avg=-6.4646% med=-6.4646% long(wr=0.00% wr_net=0.00% exp_net=-6.6646%) short(wr=100.00% wr_net=100.00% exp_net=6.2646%)
  h=30m n=1 avg=-8.4848% med=-8.4848% long(wr=0.00% wr_net=0.00% exp_net=-8.6848%) short(wr=100.00% wr_net=100.00% exp_net=8.2848%)
  h=60m n=1 avg=0.0000% med=0.0000% long(wr=0.00% wr_net=0.00% exp_net=-0.2000%) short(wr=0.00% wr_net=0.00% exp_net=-0.2000%)
 09:45:
  h=1m n=1 avg=4.6939% med=4.6939% long(wr=100.00% wr_net=100.00% exp_net=4.4939%) short(wr=0.00% wr_net=0.00% exp_net=-4.8939%)
  h=3m n=1 avg=8.3673% med=8.3673% long(wr=100.00% wr_net=100.00% exp_net=8.1673%) short(wr=0.00% wr_net=0.00% exp_net=-8.5673%)
  h=5m n=1 avg=7.3469% med=7.3469% long(wr=100.00% wr_net=100.00% exp_net=7.1469%) short(wr=0.00% wr_net=0.00% exp_net=-7.5469%)
  h=15m n=1 avg=-7.7551% med=-7.7551% long(wr=0.00% wr_net=0.00% exp_net=-7.9551%) short(wr=100.00% wr_net=100.00% exp_net=7.5551%)
  h=30m n=1 avg=-7.3469% med=-7.3469% long(wr=0.00% wr_net=0.00% exp_net=-7.5469%) short(wr=100.00% wr_net=100.00% exp_net=7.1469%)
  h=60m n=1 avg=1.8367% med=1.8367% long(wr=100.00% wr_net=100.00% exp_net=1.6367%) short(wr=0.00% wr_net=0.00% exp_net=-2.0367%)
 09:46:
  h=1m n=1 avg=1.1696% med=1.1696% long(wr=100.00% wr_net=100.00% exp_net=0.9696%) short(wr=0.00% wr_net=0.00% exp_net=-1.3696%)
  h=3m n=1 avg=6.4327% med=6.4327% long(wr=100.00% wr_net=100.00% exp_net=6.2327%) short(wr=0.00% wr_net=0.00% exp_net=-6.6327%)
  h=5m n=1 avg=-7.7973% med=-7.7973% long(wr=0.00% wr_net=0.00% exp_net=-7.9973%) short(wr=100.00% wr_net=100.00% exp_net=7.5973%)
  h=15m n=1 avg=-10.3314% med=-10.3314% long(wr=0.00% wr_net=0.00% exp_net=-10.5314%) short(wr=100.00% wr_net=100.00% exp_net=10.1314%)
  h=30m n=1 avg=-11.5010% med=-11.5010% long(wr=0.00% wr_net=0.00% exp_net=-11.7010%) short(wr=100.00% wr_net=100.00% exp_net=11.3010%)
  h=60m n=1 avg=-3.1189% med=-3.1189% long(wr=0.00% wr_net=0.00% exp_net=-3.3189%) short(wr=100.00% wr_net=100.00% exp_net=2.9189%)
 09:47:
  h=1m n=1 avg=2.3121% med=2.3121% long(wr=100.00% wr_net=100.00% exp_net=2.1121%) short(wr=0.00% wr_net=0.00% exp_net=-2.5121%)
  h=3m n=1 avg=1.3487% med=1.3487% long(wr=100.00% wr_net=100.00% exp_net=1.1487%) short(wr=0.00% wr_net=0.00% exp_net=-1.5487%)
  h=5m n=1 avg=-6.3584% med=-6.3584% long(wr=0.00% wr_net=0.00% exp_net=-6.5584%) short(wr=100.00% wr_net=100.00% exp_net=6.1584%)
  h=15m n=1 avg=-12.1387% med=-12.1387% long(wr=0.00% wr_net=0.00% exp_net=-12.3387%) short(wr=100.00% wr_net=100.00% exp_net=11.9387%)
  h=30m n=1 avg=-10.0193% med=-10.0193% long(wr=0.00% wr_net=0.00% exp_net=-10.2193%) short(wr=100.00% wr_net=100.00% exp_net=9.8193%)
  h=60m n=1 avg=-6.5511% med=-6.5511% long(wr=0.00% wr_net=0.00% exp_net=-6.7511%) short(wr=100.00% wr_net=100.00% exp_net=6.3511%)
 09:48:
  h=1m n=1 avg=2.8249% med=2.8249% long(wr=100.00% wr_net=100.00% exp_net=2.6249%) short(wr=0.00% wr_net=0.00% exp_net=-3.0249%)
  h=3m n=1 avg=-10.9228% med=-10.9228% long(wr=0.00% wr_net=0.00% exp_net=-11.1228%) short(wr=100.00% wr_net=100.00% exp_net=10.7228%)
  h=5m n=1 avg=-11.1111% med=-11.1111% long(wr=0.00% wr_net=0.00% exp_net=-11.3111%) short(wr=100.00% wr_net=100.00% exp_net=10.9111%)
  h=15m n=1 avg=-13.9360% med=-13.9360% long(wr=0.00% wr_net=0.00% exp_net=-14.1360%) short(wr=100.00% wr_net=100.00% exp_net=13.7360%)
  h=30m n=1 avg=-12.2411% med=-12.2411% long(wr=0.00% wr_net=0.00% exp_net=-12.4411%) short(wr=100.00% wr_net=100.00% exp_net=12.0411%)
  h=60m n=1 avg=-11.2994% med=-11.2994% long(wr=0.00% wr_net=0.00% exp_net=-11.4994%) short(wr=100.00% wr_net=100.00% exp_net=11.0994%)
 09:49:
  h=1m n=2 avg=-5.9341% med=-5.9341% long(wr=0.00% wr_net=0.00% exp_net=-6.1341%) short(wr=100.00% wr_net=100.00% exp_net=5.7341%)
  h=3m n=2 avg=-11.2637% med=-11.2637% long(wr=0.00% wr_net=0.00% exp_net=-11.4637%) short(wr=100.00% wr_net=100.00% exp_net=11.0637%)
  h=5m n=2 avg=-12.3810% med=-12.3810% long(wr=0.00% wr_net=0.00% exp_net=-12.5810%) short(wr=100.00% wr_net=100.00% exp_net=12.1810%)
  h=15m n=2 avg=-23.9744% med=-23.9744% long(wr=0.00% wr_net=0.00% exp_net=-24.1744%) short(wr=100.00% wr_net=100.00% exp_net=23.7744%)
  h=30m n=2 avg=-29.0751% med=-29.0751% long(wr=0.00% wr_net=0.00% exp_net=-29.2751%) short(wr=100.00% wr_net=100.00% exp_net=28.8751%)
  h=60m n=2 avg=-24.3864% med=-24.3864% long(wr=0.00% wr_net=0.00% exp_net=-24.5864%) short(wr=100.00% wr_net=100.00% exp_net=24.1864%)
 09:50:
  h=1m n=1 avg=-10.0760% med=-10.0760% long(wr=0.00% wr_net=0.00% exp_net=-10.2760%) short(wr=100.00% wr_net=100.00% exp_net=9.8760%)
  h=3m n=1 avg=-10.2662% med=-10.2662% long(wr=0.00% wr_net=0.00% exp_net=-10.4662%) short(wr=100.00% wr_net=100.00% exp_net=10.0662%)
  h=5m n=1 avg=-11.9772% med=-11.9772% long(wr=0.00% wr_net=0.00% exp_net=-12.1772%) short(wr=100.00% wr_net=100.00% exp_net=11.7772%)
  h=15m n=1 avg=-13.1179% med=-13.1179% long(wr=0.00% wr_net=0.00% exp_net=-13.3179%) short(wr=100.00% wr_net=100.00% exp_net=12.9179%)
  h=30m n=1 avg=-12.5475% med=-12.5475% long(wr=0.00% wr_net=0.00% exp_net=-12.7475%) short(wr=100.00% wr_net=100.00% exp_net=12.3475%)
  h=60m n=1 avg=-8.1749% med=-8.1749% long(wr=0.00% wr_net=0.00% exp_net=-8.3749%) short(wr=100.00% wr_net=100.00% exp_net=7.9749%)
 09:51:
  h=1m n=2 avg=-2.6391% med=-2.6391% long(wr=0.00% wr_net=0.00% exp_net=-2.8391%) short(wr=100.00% wr_net=100.00% exp_net=2.4391%)
  h=3m n=2 avg=-2.8974% med=-2.8974% long(wr=0.00% wr_net=0.00% exp_net=-3.0974%) short(wr=100.00% wr_net=100.00% exp_net=2.6974%)
  h=5m n=2 avg=-3.1061% med=-3.1061% long(wr=0.00% wr_net=0.00% exp_net=-3.3061%) short(wr=100.00% wr_net=100.00% exp_net=2.9061%)
  h=15m n=2 avg=-6.8516% med=-6.8516% long(wr=0.00% wr_net=0.00% exp_net=-7.0516%) short(wr=100.00% wr_net=100.00% exp_net=6.6516%)
  h=30m n=2 avg=-6.9112% med=-6.9112% long(wr=0.00% wr_net=0.00% exp_net=-7.1112%) short(wr=100.00% wr_net=100.00% exp_net=6.7112%)
  h=60m n=2 avg=-3.2878% med=-3.2878% long(wr=0.00% wr_net=0.00% exp_net=-3.4878%) short(wr=100.00% wr_net=100.00% exp_net=3.0878%)
 09:54:
  h=1m n=1 avg=-2.9731% med=-2.9731% long(wr=0.00% wr_net=0.00% exp_net=-3.1731%) short(wr=100.00% wr_net=100.00% exp_net=2.7731%)
  h=3m n=1 avg=-1.7153% med=-1.7153% long(wr=0.00% wr_net=0.00% exp_net=-1.9153%) short(wr=100.00% wr_net=100.00% exp_net=1.5153%)
  h=5m n=1 avg=-1.2007% med=-1.2007% long(wr=0.00% wr_net=0.00% exp_net=-1.4007%) short(wr=100.00% wr_net=100.00% exp_net=1.0007%)
  h=15m n=1 avg=-6.0320% med=-6.0320% long(wr=0.00% wr_net=0.00% exp_net=-6.2320%) short(wr=100.00% wr_net=100.00% exp_net=5.8320%)
  h=30m n=1 avg=-2.6301% med=-2.6301% long(wr=0.00% wr_net=0.00% exp_net=-2.8301%) short(wr=100.00% wr_net=100.00% exp_net=2.4301%)
  h=60m n=1 avg=1.2007% med=1.2007% long(wr=100.00% wr_net=100.00% exp_net=1.0007%) short(wr=0.00% wr_net=0.00% exp_net=-1.4007%)
 09:57:
  h=1m n=1 avg=0.8130% med=0.8130% long(wr=100.00% wr_net=100.00% exp_net=0.6130%) short(wr=0.00% wr_net=0.00% exp_net=-1.0130%)
  h=3m n=1 avg=3.0894% med=3.0894% long(wr=100.00% wr_net=100.00% exp_net=2.8894%) short(wr=0.00% wr_net=0.00% exp_net=-3.2894%)
  h=5m n=1 avg=3.4146% med=3.4146% long(wr=100.00% wr_net=100.00% exp_net=3.2146%) short(wr=0.00% wr_net=0.00% exp_net=-3.6146%)
  h=15m n=1 avg=6.0163% med=6.0163% long(wr=100.00% wr_net=100.00% exp_net=5.8163%) short(wr=0.00% wr_net=0.00% exp_net=-6.2163%)
  h=30m n=1 avg=1.7886% med=1.7886% long(wr=100.00% wr_net=100.00% exp_net=1.5886%) short(wr=0.00% wr_net=0.00% exp_net=-1.9886%)
  h=60m n=1 avg=18.8618% med=18.8618% long(wr=100.00% wr_net=100.00% exp_net=18.6618%) short(wr=0.00% wr_net=0.00% exp_net=-19.0618%)
 09:58:
  h=1m n=1 avg=0.0000% med=0.0000% long(wr=0.00% wr_net=0.00% exp_net=-0.2000%) short(wr=0.00% wr_net=0.00% exp_net=-0.2000%)
  h=3m n=1 avg=3.0645% med=3.0645% long(wr=100.00% wr_net=100.00% exp_net=2.8645%) short(wr=0.00% wr_net=0.00% exp_net=-3.2645%)
  h=5m n=1 avg=3.3871% med=3.3871% long(wr=100.00% wr_net=100.00% exp_net=3.1871%) short(wr=0.00% wr_net=0.00% exp_net=-3.5871%)
  h=15m n=1 avg=5.9677% med=5.9677% long(wr=100.00% wr_net=100.00% exp_net=5.7677%) short(wr=0.00% wr_net=0.00% exp_net=-6.1677%)
  h=30m n=1 avg=2.7419% med=2.7419% long(wr=100.00% wr_net=100.00% exp_net=2.5419%) short(wr=0.00% wr_net=0.00% exp_net=-2.9419%)
  h=60m n=1 avg=16.7742% med=16.7742% long(wr=100.00% wr_net=100.00% exp_net=16.5742%) short(wr=0.00% wr_net=0.00% exp_net=-16.9742%)
 09:59:
  h=1m n=1 avg=2.2581% med=2.2581% long(wr=100.00% wr_net=100.00% exp_net=2.0581%) short(wr=0.00% wr_net=0.00% exp_net=-2.4581%)
  h=3m n=1 avg=2.5806% med=2.5806% long(wr=100.00% wr_net=100.00% exp_net=2.3806%) short(wr=0.00% wr_net=0.00% exp_net=-2.7806%)
  h=5m n=1 avg=4.1935% med=4.1935% long(wr=100.00% wr_net=100.00% exp_net=3.9935%) short(wr=0.00% wr_net=0.00% exp_net=-4.3935%)
  h=15m n=1 avg=5.1613% med=5.1613% long(wr=100.00% wr_net=100.00% exp_net=4.9613%) short(wr=0.00% wr_net=0.00% exp_net=-5.3613%)
  h=30m n=1 avg=1.9355% med=1.9355% long(wr=100.00% wr_net=100.00% exp_net=1.7355%) short(wr=0.00% wr_net=0.00% exp_net=-2.1355%)
  h=60m n=1 avg=16.6129% med=16.6129% long(wr=100.00% wr_net=100.00% exp_net=16.4129%) short(wr=0.00% wr_net=0.00% exp_net=-16.8129%)
 10:00:
  h=1m n=2 avg=0.5943% med=0.5943% long(wr=100.00% wr_net=100.00% exp_net=0.3943%) short(wr=0.00% wr_net=0.00% exp_net=-0.7943%)
  h=3m n=2 avg=0.6854% med=0.6854% long(wr=100.00% wr_net=100.00% exp_net=0.4854%) short(wr=0.00% wr_net=0.00% exp_net=-0.8854%)
  h=5m n=2 avg=0.8244% med=0.8244% long(wr=100.00% wr_net=100.00% exp_net=0.6244%) short(wr=0.00% wr_net=0.00% exp_net=-1.0244%)
  h=15m n=2 avg=-0.3325% med=-0.3325% long(wr=50.00% wr_net=50.00% exp_net=-0.5325%) short(wr=50.00% wr_net=50.00% exp_net=0.1325%)
  h=30m n=2 avg=-1.7764% med=-1.7764% long(wr=0.00% wr_net=0.00% exp_net=-1.9764%) short(wr=100.00% wr_net=100.00% exp_net=1.5764%)
  h=60m n=2 avg=6.7588% med=6.7588% long(wr=50.00% wr_net=50.00% exp_net=6.5588%) short(wr=50.00% wr_net=50.00% exp_net=-6.9588%)
 10:01:
  h=1m n=3 avg=-0.0430% med=-0.1328% long(wr=33.33% wr_net=33.33% exp_net=-0.2430%) short(wr=66.67% wr_net=33.33% exp_net=-0.1570%)
  h=3m n=3 avg=1.1842% med=1.1952% long(wr=100.00% wr_net=100.00% exp_net=0.9842%) short(wr=0.00% wr_net=0.00% exp_net=-1.3842%)
  h=5m n=3 avg=1.4761% med=0.7968% long(wr=66.67% wr_net=66.67% exp_net=1.2761%) short(wr=33.33% wr_net=33.33% exp_net=-1.6761%)
  h=15m n=3 avg=-0.7675% med=0.4695% long(wr=66.67% wr_net=66.67% exp_net=-0.9675%) short(wr=33.33% wr_net=33.33% exp_net=0.5675%)
  h=30m n=3 avg=0.4804% med=0.4695% long(wr=66.67% wr_net=66.67% exp_net=0.2804%) short(wr=33.33% wr_net=33.33% exp_net=-0.6804%)
  h=60m n=3 avg=5.1987% med=4.7319% long(wr=66.67% wr_net=66.67% exp_net=4.9987%) short(wr=33.33% wr_net=33.33% exp_net=-5.3987%)
 10:02:
  h=1m n=3 avg=-0.1415% med=0.4710% long(wr=66.67% wr_net=66.67% exp_net=-0.3415%) short(wr=33.33% wr_net=33.33% exp_net=-0.0585%)
  h=3m n=3 avg=0.1372% med=0.0000% long(wr=33.33% wr_net=33.33% exp_net=-0.0628%) short(wr=33.33% wr_net=33.33% exp_net=-0.3372%)
  h=5m n=3 avg=1.5255% med=0.3140% long(wr=100.00% wr_net=66.67% exp_net=1.3255%) short(wr=0.00% wr_net=0.00% exp_net=-1.7255%)
  h=15m n=3 avg=2.0294% med=1.0989% long(wr=66.67% wr_net=66.67% exp_net=1.8294%) short(wr=0.00% wr_net=0.00% exp_net=-2.2294%)
  h=30m n=3 avg=-0.2479% med=0.1572% long(wr=66.67% wr_net=33.33% exp_net=-0.4479%) short(wr=33.33% wr_net=33.33% exp_net=0.0479%)
  h=60m n=3 avg=2.1139% med=5.1805% long(wr=66.67% wr_net=66.67% exp_net=1.9139%) short(wr=33.33% wr_net=33.33% exp_net=-2.3139%)
 10:03:
  h=1m n=4 avg=-0.4024% med=-0.4980% long(wr=50.00% wr_net=50.00% exp_net=-0.6024%) short(wr=50.00% wr_net=50.00% exp_net=0.2024%)
  h=3m n=4 avg=1.4305% med=1.4754% long(wr=50.00% wr_net=50.00% exp_net=1.2305%) short(wr=50.00% wr_net=25.00% exp_net=-1.6305%)
  h=5m n=4 avg=1.8141% med=1.5094% long(wr=100.00% wr_net=100.00% exp_net=1.6141%) short(wr=0.00% wr_net=0.00% exp_net=-2.0141%)
  h=15m n=4 avg=3.5220% med=3.8040% long(wr=75.00% wr_net=75.00% exp_net=3.3220%) short(wr=25.00% wr_net=25.00% exp_net=-3.7220%)
  h=30m n=4 avg=-2.0372% med=-1.3898% long(wr=25.00% wr_net=25.00% exp_net=-2.2372%) short(wr=75.00% wr_net=75.00% exp_net=1.8372%)
  h=60m n=4 avg=1.5592% med=2.2926% long(wr=75.00% wr_net=75.00% exp_net=1.3592%) short(wr=25.00% wr_net=25.00% exp_net=-1.7592%)
 10:04:
  h=1m n=3 avg=0.2273% med=-0.2625% long(wr=33.33% wr_net=33.33% exp_net=0.0273%) short(wr=66.67% wr_net=66.67% exp_net=-0.4273%)
  h=3m n=3 avg=0.3636% med=-0.4673% long(wr=33.33% wr_net=33.33% exp_net=0.1636%) short(wr=66.67% wr_net=66.67% exp_net=-0.5636%)
  h=5m n=3 avg=1.6903% med=1.5576% long(wr=100.00% wr_net=100.00% exp_net=1.4903%) short(wr=0.00% wr_net=0.00% exp_net=-1.8903%)
  h=15m n=3 avg=-1.2530% med=-3.5604% long(wr=33.33% wr_net=33.33% exp_net=-1.4530%) short(wr=66.67% wr_net=66.67% exp_net=1.0530%)
  h=30m n=3 avg=-1.5488% med=-3.2508% long(wr=33.33% wr_net=33.33% exp_net=-1.7488%) short(wr=66.67% wr_net=66.67% exp_net=1.3488%)
  h=60m n=3 avg=4.2503% med=4.3614% long(wr=66.67% wr_net=66.67% exp_net=4.0503%) short(wr=33.33% wr_net=33.33% exp_net=-4.4503%)
 10:05:
  h=1m n=3 avg=0.0575% med=0.0000% long(wr=33.33% wr_net=33.33% exp_net=-0.1425%) short(wr=33.33% wr_net=0.00% exp_net=-0.2575%)
  h=3m n=3 avg=0.2901% med=0.0000% long(wr=33.33% wr_net=33.33% exp_net=0.0901%) short(wr=33.33% wr_net=33.33% exp_net=-0.4901%)
  h=5m n=4 avg=-0.5378% med=-0.4809% long(wr=25.00% wr_net=25.00% exp_net=-0.7378%) short(wr=75.00% wr_net=75.00% exp_net=0.3378%)
  h=15m n=4 avg=-2.4575% med=-1.9062% long(wr=25.00% wr_net=25.00% exp_net=-2.6575%) short(wr=75.00% wr_net=75.00% exp_net=2.2575%)
  h=30m n=4 avg=-4.4822% med=-2.9539% long(wr=0.00% wr_net=0.00% exp_net=-4.6822%) short(wr=100.00% wr_net=100.00% exp_net=4.2822%)
  h=60m n=4 avg=-0.2198% med=-0.3177% long(wr=50.00% wr_net=50.00% exp_net=-0.4198%) short(wr=50.00% wr_net=50.00% exp_net=0.0198%)
 10:06:
  h=1m n=4 avg=-0.3068% med=-1.0668% long(wr=25.00% wr_net=25.00% exp_net=-0.5068%) short(wr=75.00% wr_net=75.00% exp_net=0.1068%)
  h=3m n=4 avg=1.9782% med=2.1254% long(wr=75.00% wr_net=75.00% exp_net=1.7782%) short(wr=25.00% wr_net=25.00% exp_net=-2.1782%)
  h=5m n=4 avg=-0.1069% med=-0.9557% long(wr=25.00% wr_net=25.00% exp_net=-0.3069%) short(wr=75.00% wr_net=50.00% exp_net=-0.0931%)
  h=15m n=4 avg=-2.0362% med=-2.3860% long(wr=0.00% wr_net=0.00% exp_net=-2.2362%) short(wr=100.00% wr_net=100.00% exp_net=1.8362%)
  h=30m n=4 avg=-4.7185% med=-2.7985% long(wr=0.00% wr_net=0.00% exp_net=-4.9185%) short(wr=100.00% wr_net=100.00% exp_net=4.5185%)
  h=60m n=4 avg=-0.2185% med=-0.5797% long(wr=50.00% wr_net=50.00% exp_net=-0.4185%) short(wr=50.00% wr_net=50.00% exp_net=0.0185%)
 10:07:
  h=1m n=2 avg=0.6222% med=0.6222% long(wr=50.00% wr_net=50.00% exp_net=0.4222%) short(wr=50.00% wr_net=50.00% exp_net=-0.8222%)
  h=3m n=2 avg=1.8000% med=1.8000% long(wr=100.00% wr_net=50.00% exp_net=1.6000%) short(wr=0.00% wr_net=0.00% exp_net=-2.0000%)
  h=5m n=2 avg=1.2352% med=1.2352% long(wr=50.00% wr_net=50.00% exp_net=1.0352%) short(wr=50.00% wr_net=50.00% exp_net=-1.4352%)
  h=15m n=2 avg=-3.0789% med=-3.0789% long(wr=0.00% wr_net=0.00% exp_net=-3.2789%) short(wr=100.00% wr_net=100.00% exp_net=2.8789%)
  h=30m n=2 avg=-7.8979% med=-7.8979% long(wr=0.00% wr_net=0.00% exp_net=-8.0979%) short(wr=100.00% wr_net=100.00% exp_net=7.6979%)
  h=60m n=2 avg=-0.8409% med=-0.8409% long(wr=50.00% wr_net=50.00% exp_net=-1.0409%) short(wr=50.00% wr_net=50.00% exp_net=0.6409%)
 10:08:
  h=1m n=4 avg=1.3158% med=1.4986% long(wr=75.00% wr_net=75.00% exp_net=1.1158%) short(wr=25.00% wr_net=25.00% exp_net=-1.5158%)
  h=3m n=4 avg=-0.1886% med=-0.2788% long(wr=25.00% wr_net=25.00% exp_net=-0.3886%) short(wr=50.00% wr_net=50.00% exp_net=-0.0114%)
  h=5m n=4 avg=1.2765% med=1.2132% long(wr=50.00% wr_net=50.00% exp_net=1.0765%) short(wr=25.00% wr_net=25.00% exp_net=-1.4765%)
  h=15m n=4 avg=-0.2173% med=-1.4433% long(wr=50.00% wr_net=50.00% exp_net=-0.4173%) short(wr=50.00% wr_net=50.00% exp_net=0.0173%)
  h=30m n=4 avg=-5.6980% med=-4.2451% long(wr=0.00% wr_net=0.00% exp_net=-5.8980%) short(wr=100.00% wr_net=100.00% exp_net=5.4980%)
  h=60m n=4 avg=0.0837% med=0.7455% long(wr=50.00% wr_net=50.00% exp_net=-0.1163%) short(wr=50.00% wr_net=50.00% exp_net=-0.2837%)
 10:09:
  h=1m n=7 avg=-1.2340% med=-1.1780% long(wr=14.29% wr_net=14.29% exp_net=-1.4340%) short(wr=85.71% wr_net=85.71% exp_net=1.0340%)
  h=3m n=7 avg=-1.0940% med=-1.2371% long(wr=14.29% wr_net=14.29% exp_net=-1.2940%) short(wr=85.71% wr_net=85.71% exp_net=0.8940%)
  h=5m n=7 avg=-2.4492% med=-2.4540% long(wr=28.57% wr_net=28.57% exp_net=-2.6492%) short(wr=71.43% wr_net=71.43% exp_net=2.2492%)
  h=15m n=7 avg=-0.8933% med=-0.8216% long(wr=28.57% wr_net=28.57% exp_net=-1.0933%) short(wr=71.43% wr_net=71.43% exp_net=0.6933%)
  h=30m n=7 avg=-3.6063% med=-4.2254% long(wr=28.57% wr_net=28.57% exp_net=-3.8063%) short(wr=71.43% wr_net=71.43% exp_net=3.4063%)
  h=60m n=7 avg=0.0228% med=2.4540% long(wr=57.14% wr_net=57.14% exp_net=-0.1772%) short(wr=42.86% wr_net=42.86% exp_net=-0.2228%)
 10:10:
  h=1m n=4 avg=-0.8893% med=-1.0622% long(wr=25.00% wr_net=25.00% exp_net=-1.0893%) short(wr=75.00% wr_net=75.00% exp_net=0.6893%)
  h=3m n=4 avg=0.5439% med=0.5838% long(wr=50.00% wr_net=50.00% exp_net=0.3439%) short(wr=50.00% wr_net=50.00% exp_net=-0.7439%)
  h=5m n=4 avg=0.0070% med=-0.0102% long(wr=50.00% wr_net=50.00% exp_net=-0.1930%) short(wr=50.00% wr_net=50.00% exp_net=-0.2070%)
  h=15m n=4 avg=-2.6970% med=-2.6583% long(wr=50.00% wr_net=50.00% exp_net=-2.8970%) short(wr=50.00% wr_net=50.00% exp_net=2.4970%)
  h=30m n=4 avg=-3.4006% med=-1.3586% long(wr=25.00% wr_net=25.00% exp_net=-3.6006%) short(wr=75.00% wr_net=75.00% exp_net=3.2006%)
  h=60m n=4 avg=-0.6786% med=-1.6329% long(wr=50.00% wr_net=50.00% exp_net=-0.8786%) short(wr=50.00% wr_net=50.00% exp_net=0.4786%)
 10:11:
  h=1m n=4 avg=1.7818% med=1.7105% long(wr=75.00% wr_net=75.00% exp_net=1.5818%) short(wr=25.00% wr_net=25.00% exp_net=-1.9818%)
  h=3m n=4 avg=2.1449% med=2.2197% long(wr=75.00% wr_net=75.00% exp_net=1.9449%) short(wr=25.00% wr_net=25.00% exp_net=-2.3449%)
  h=5m n=4 avg=2.9142% med=3.9858% long(wr=75.00% wr_net=75.00% exp_net=2.7142%) short(wr=25.00% wr_net=25.00% exp_net=-3.1142%)
  h=15m n=4 avg=-0.8220% med=-1.6719% long(wr=50.00% wr_net=50.00% exp_net=-1.0220%) short(wr=50.00% wr_net=50.00% exp_net=0.6220%)
  h=30m n=4 avg=-0.3835% med=1.4581% long(wr=75.00% wr_net=75.00% exp_net=-0.5835%) short(wr=25.00% wr_net=25.00% exp_net=0.1835%)
  h=60m n=4 avg=1.8358% med=1.8462% long(wr=50.00% wr_net=50.00% exp_net=1.6358%) short(wr=50.00% wr_net=50.00% exp_net=-2.0358%)
 10:12:
  h=1m n=5 avg=-0.4217% med=0.3371% long(wr=60.00% wr_net=60.00% exp_net=-0.6217%) short(wr=40.00% wr_net=40.00% exp_net=0.2217%)
  h=3m n=5 avg=-0.7090% med=-1.0736% long(wr=40.00% wr_net=40.00% exp_net=-0.9090%) short(wr=60.00% wr_net=60.00% exp_net=0.5090%)
  h=5m n=5 avg=-0.8006% med=-0.1610% long(wr=40.00% wr_net=40.00% exp_net=-1.0006%) short(wr=60.00% wr_net=40.00% exp_net=0.6006%)
  h=15m n=5 avg=-1.9139% med=-2.4671% long(wr=20.00% wr_net=20.00% exp_net=-2.1139%) short(wr=80.00% wr_net=80.00% exp_net=1.7139%)
  h=30m n=5 avg=-2.5457% med=-1.6447% long(wr=40.00% wr_net=40.00% exp_net=-2.7457%) short(wr=60.00% wr_net=60.00% exp_net=2.3457%)
  h=60m n=5 avg=0.7061% med=1.4111% long(wr=60.00% wr_net=60.00% exp_net=0.5061%) short(wr=40.00% wr_net=40.00% exp_net=-0.9061%)
 10:13:
  h=1m n=4 avg=0.2203% med=0.0932% long(wr=75.00% wr_net=25.00% exp_net=0.0203%) short(wr=25.00% wr_net=25.00% exp_net=-0.4203%)
  h=3m n=4 avg=0.9651% med=1.4480% long(wr=75.00% wr_net=75.00% exp_net=0.7651%) short(wr=25.00% wr_net=25.00% exp_net=-1.1651%)
  h=5m n=4 avg=0.0603% med=-0.3631% long(wr=50.00% wr_net=50.00% exp_net=-0.1397%) short(wr=50.00% wr_net=50.00% exp_net=-0.2603%)
  h=15m n=4 avg=-1.9489% med=-1.4375% long(wr=50.00% wr_net=25.00% exp_net=-2.1489%) short(wr=50.00% wr_net=50.00% exp_net=1.7489%)
  h=30m n=4 avg=-3.6382% med=-1.0115% long(wr=25.00% wr_net=25.00% exp_net=-3.8382%) short(wr=75.00% wr_net=75.00% exp_net=3.4382%)
  h=60m n=4 avg=-0.8705% med=-0.9826% long(wr=50.00% wr_net=50.00% exp_net=-1.0705%) short(wr=50.00% wr_net=50.00% exp_net=0.6705%)
 10:14:
  h=1m n=5 avg=-0.4678% med=-0.7550% long(wr=20.00% wr_net=20.00% exp_net=-0.6678%) short(wr=60.00% wr_net=60.00% exp_net=0.2678%)
  h=3m n=5 avg=-1.7604% med=-1.5000% long(wr=0.00% wr_net=0.00% exp_net=-1.9604%) short(wr=80.00% wr_net=80.00% exp_net=1.5604%)
  h=5m n=5 avg=-0.6472% med=-2.7069% long(wr=40.00% wr_net=40.00% exp_net=-0.8472%) short(wr=60.00% wr_net=60.00% exp_net=0.4472%)
  h=15m n=5 avg=-2.3842% med=-2.2651% long(wr=20.00% wr_net=20.00% exp_net=-2.5842%) short(wr=80.00% wr_net=60.00% exp_net=2.1842%)
  h=30m n=5 avg=-2.7492% med=-2.5338% long(wr=40.00% wr_net=40.00% exp_net=-2.9492%) short(wr=60.00% wr_net=60.00% exp_net=2.5492%)
  h=60m n=5 avg=0.5625% med=4.9669% long(wr=60.00% wr_net=60.00% exp_net=0.3625%) short(wr=40.00% wr_net=40.00% exp_net=-0.7625%)
 10:15:
  h=1m n=3 avg=1.6660% med=1.7660% long(wr=100.00% wr_net=100.00% exp_net=1.4660%) short(wr=0.00% wr_net=0.00% exp_net=-1.8660%)
  h=3m n=3 avg=1.5583% med=0.5519% long(wr=66.67% wr_net=66.67% exp_net=1.3583%) short(wr=33.33% wr_net=33.33% exp_net=-1.7583%)
  h=5m n=3 avg=-0.1431% med=1.7660% long(wr=66.67% wr_net=66.67% exp_net=-0.3431%) short(wr=33.33% wr_net=33.33% exp_net=-0.0569%)
  h=15m n=3 avg=-2.4949% med=-1.6807% long(wr=33.33% wr_net=33.33% exp_net=-2.6949%) short(wr=66.67% wr_net=66.67% exp_net=2.2949%)
  h=30m n=3 avg=-6.7252% med=-5.3782% long(wr=0.00% wr_net=0.00% exp_net=-6.9252%) short(wr=100.00% wr_net=100.00% exp_net=6.5252%)
  h=60m n=3 avg=-6.7645% med=-7.8992% long(wr=33.33% wr_net=33.33% exp_net=-6.9645%) short(wr=66.67% wr_net=66.67% exp_net=6.5645%)
 10:16:
  h=1m n=3 avg=-2.3966% med=-2.4919% long(wr=0.00% wr_net=0.00% exp_net=-2.5966%) short(wr=100.00% wr_net=100.00% exp_net=2.1966%)
  h=3m n=3 avg=-0.0592% med=-0.9761% long(wr=33.33% wr_net=33.33% exp_net=-0.2592%) short(wr=66.67% wr_net=66.67% exp_net=-0.1408%)
  h=5m n=3 avg=-2.2176% med=0.1661% long(wr=66.67% wr_net=33.33% exp_net=-2.4176%) short(wr=33.33% wr_net=33.33% exp_net=2.0176%)
  h=15m n=3 avg=-3.4347% med=-2.9900% long(wr=33.33% wr_net=33.33% exp_net=-3.6347%) short(wr=66.67% wr_net=66.67% exp_net=3.2347%)
  h=30m n=3 avg=-7.9692% med=-6.8106% long(wr=0.00% wr_net=0.00% exp_net=-8.1692%) short(wr=100.00% wr_net=100.00% exp_net=7.7692%)
  h=60m n=3 avg=-7.9328% med=-8.6379% long(wr=33.33% wr_net=33.33% exp_net=-8.1328%) short(wr=66.67% wr_net=66.67% exp_net=7.7328%)
 10:17:
  h=1m n=2 avg=-0.5535% med=-0.5535% long(wr=50.00% wr_net=0.00% exp_net=-0.7535%) short(wr=50.00% wr_net=50.00% exp_net=0.3535%)
  h=3m n=2 avg=-1.5223% med=-1.5223% long(wr=50.00% wr_net=50.00% exp_net=-1.7223%) short(wr=50.00% wr_net=50.00% exp_net=1.3223%)
  h=5m n=2 avg=-3.4086% med=-3.4086% long(wr=0.00% wr_net=0.00% exp_net=-3.6086%) short(wr=100.00% wr_net=100.00% exp_net=3.2086%)
  h=15m n=2 avg=-7.5602% med=-7.5602% long(wr=0.00% wr_net=0.00% exp_net=-7.7602%) short(wr=100.00% wr_net=100.00% exp_net=7.3602%)
  h=30m n=2 avg=-10.5426% med=-10.5426% long(wr=0.00% wr_net=0.00% exp_net=-10.7426%) short(wr=100.00% wr_net=100.00% exp_net=10.3426%)
  h=60m n=2 avg=-5.7062% med=-5.7062% long(wr=50.00% wr_net=50.00% exp_net=-5.9062%) short(wr=50.00% wr_net=50.00% exp_net=5.5062%)
 10:18:
  h=1m n=4 avg=0.7861% med=0.1364% long(wr=75.00% wr_net=50.00% exp_net=0.5861%) short(wr=25.00% wr_net=0.00% exp_net=-0.9861%)
  h=3m n=4 avg=-1.0919% med=-1.0288% long(wr=50.00% wr_net=50.00% exp_net=-1.2919%) short(wr=50.00% wr_net=50.00% exp_net=0.8919%)
  h=5m n=4 avg=-1.5667% med=-1.3799% long(wr=25.00% wr_net=25.00% exp_net=-1.7667%) short(wr=75.00% wr_net=75.00% exp_net=1.3667%)
  h=15m n=4 avg=-5.9973% med=-8.3807% long(wr=25.00% wr_net=25.00% exp_net=-6.1973%) short(wr=75.00% wr_net=75.00% exp_net=5.7973%)
  h=30m n=4 avg=-7.1488% med=-7.7255% long(wr=25.00% wr_net=25.00% exp_net=-7.3488%) short(wr=75.00% wr_net=75.00% exp_net=6.9488%)
  h=60m n=4 avg=-4.4153% med=-3.5671% long(wr=50.00% wr_net=50.00% exp_net=-4.6153%) short(wr=50.00% wr_net=50.00% exp_net=4.2153%)
 10:19:
  h=1m n=4 avg=-0.6654% med=-0.7108% long(wr=25.00% wr_net=25.00% exp_net=-0.8654%) short(wr=75.00% wr_net=75.00% exp_net=0.4654%)
  h=3m n=4 avg=-1.1874% med=-0.7154% long(wr=25.00% wr_net=25.00% exp_net=-1.3874%) short(wr=50.00% wr_net=50.00% exp_net=0.9874%)
  h=5m n=4 avg=-0.7613% med=-1.4415% long(wr=50.00% wr_net=25.00% exp_net=-0.9613%) short(wr=50.00% wr_net=50.00% exp_net=0.5613%)
  h=15m n=4 avg=-3.3550% med=-4.7335% long(wr=25.00% wr_net=25.00% exp_net=-3.5550%) short(wr=75.00% wr_net=75.00% exp_net=3.1550%)
  h=30m n=4 avg=-4.9536% med=-5.1007% long(wr=0.00% wr_net=0.00% exp_net=-5.1536%) short(wr=100.00% wr_net=75.00% exp_net=4.7536%)
  h=60m n=4 avg=-0.1410% med=2.5847% long(wr=75.00% wr_net=75.00% exp_net=-0.3410%) short(wr=25.00% wr_net=25.00% exp_net=-0.0590%)
 10:20:
  h=1m n=5 avg=-0.4682% med=0.0000% long(wr=40.00% wr_net=20.00% exp_net=-0.6682%) short(wr=40.00% wr_net=40.00% exp_net=0.2682%)
  h=3m n=4 avg=-0.0289% med=0.4518% long(wr=50.00% wr_net=50.00% exp_net=-0.2289%) short(wr=25.00% wr_net=25.00% exp_net=-0.1711%)
  h=5m n=4 avg=-1.7044% med=-1.8647% long(wr=25.00% wr_net=25.00% exp_net=-1.9044%) short(wr=75.00% wr_net=75.00% exp_net=1.5044%)
  h=15m n=5 avg=-4.4712% med=-5.9350% long(wr=20.00% wr_net=20.00% exp_net=-4.6712%) short(wr=80.00% wr_net=80.00% exp_net=4.2712%)
  h=30m n=5 avg=-4.6870% med=-5.9305% long(wr=0.00% wr_net=0.00% exp_net=-4.8870%) short(wr=100.00% wr_net=100.00% exp_net=4.4870%)
  h=60m n=5 avg=-0.9483% med=2.1084% long(wr=60.00% wr_net=60.00% exp_net=-1.1483%) short(wr=40.00% wr_net=40.00% exp_net=0.7483%)
 10:21:
  h=1m n=2 avg=-2.0195% med=-2.0195% long(wr=0.00% wr_net=0.00% exp_net=-2.2195%) short(wr=100.00% wr_net=100.00% exp_net=1.8195%)
  h=3m n=2 avg=-0.2944% med=-0.2944% long(wr=50.00% wr_net=50.00% exp_net=-0.4944%) short(wr=50.00% wr_net=50.00% exp_net=0.0944%)
  h=5m n=2 avg=-1.5755% med=-1.5755% long(wr=0.00% wr_net=0.00% exp_net=-1.7755%) short(wr=100.00% wr_net=100.00% exp_net=1.3755%)
  h=15m n=2 avg=-3.1247% med=-3.1247% long(wr=50.00% wr_net=50.00% exp_net=-3.3247%) short(wr=50.00% wr_net=50.00% exp_net=2.9247%)
  h=30m n=2 avg=-4.2457% med=-4.2457% long(wr=0.00% wr_net=0.00% exp_net=-4.4457%) short(wr=100.00% wr_net=100.00% exp_net=4.0457%)
  h=60m n=2 avg=5.6841% med=5.6841% long(wr=100.00% wr_net=100.00% exp_net=5.4841%) short(wr=0.00% wr_net=0.00% exp_net=-5.8841%)
 10:22:
  h=1m n=3 avg=0.1834% med=0.6006% long(wr=66.67% wr_net=66.67% exp_net=-0.0166%) short(wr=33.33% wr_net=33.33% exp_net=-0.3834%)
  h=3m n=3 avg=-1.8319% med=-1.2012% long(wr=33.33% wr_net=33.33% exp_net=-2.0319%) short(wr=66.67% wr_net=66.67% exp_net=1.6319%)
  h=5m n=3 avg=-1.1742% med=-1.6517% long(wr=33.33% wr_net=33.33% exp_net=-1.3742%) short(wr=66.67% wr_net=66.67% exp_net=0.9742%)
  h=15m n=3 avg=-2.1185% med=-1.2012% long(wr=33.33% wr_net=33.33% exp_net=-2.3185%) short(wr=66.67% wr_net=66.67% exp_net=1.9185%)
  h=30m n=3 avg=-3.9988% med=-2.5918% long(wr=0.00% wr_net=0.00% exp_net=-4.1988%) short(wr=100.00% wr_net=100.00% exp_net=3.7988%)
  h=60m n=3 avg=-0.8484% med=2.6998% long(wr=66.67% wr_net=66.67% exp_net=-1.0484%) short(wr=33.33% wr_net=33.33% exp_net=0.6484%)
 10:23:
  h=1m n=3 avg=-0.2071% med=-0.4478% long(wr=33.33% wr_net=33.33% exp_net=-0.4071%) short(wr=66.67% wr_net=66.67% exp_net=0.0071%)
  h=3m n=3 avg=-2.1664% med=-1.7910% long(wr=0.00% wr_net=0.00% exp_net=-2.3664%) short(wr=100.00% wr_net=100.00% exp_net=1.9664%)
  h=5m n=3 avg=-1.1865% med=-1.6418% long(wr=33.33% wr_net=33.33% exp_net=-1.3865%) short(wr=66.67% wr_net=66.67% exp_net=0.9865%)
  h=15m n=3 avg=-2.6163% med=-2.0896% long(wr=33.33% wr_net=33.33% exp_net=-2.8163%) short(wr=66.67% wr_net=66.67% exp_net=2.4163%)
  h=30m n=3 avg=-4.7082% med=-4.6088% long(wr=0.00% wr_net=0.00% exp_net=-4.9082%) short(wr=100.00% wr_net=100.00% exp_net=4.5082%)
  h=60m n=3 avg=-1.2167% med=1.9293% long(wr=66.67% wr_net=66.67% exp_net=-1.4167%) short(wr=33.33% wr_net=33.33% exp_net=1.0167%)
 10:24:
  h=1m n=2 avg=-0.7808% med=-0.7808% long(wr=0.00% wr_net=0.00% exp_net=-0.9808%) short(wr=100.00% wr_net=100.00% exp_net=0.5808%)
  h=3m n=2 avg=-0.5280% med=-0.5280% long(wr=50.00% wr_net=50.00% exp_net=-0.7280%) short(wr=50.00% wr_net=50.00% exp_net=0.3280%)
  h=5m n=2 avg=-1.0402% med=-1.0402% long(wr=50.00% wr_net=50.00% exp_net=-1.2402%) short(wr=50.00% wr_net=50.00% exp_net=0.8402%)
  h=15m n=2 avg=-0.6747% med=-0.6747% long(wr=0.00% wr_net=0.00% exp_net=-0.8747%) short(wr=50.00% wr_net=50.00% exp_net=0.4747%)
  h=30m n=2 avg=-4.4870% med=-4.4870% long(wr=0.00% wr_net=0.00% exp_net=-4.6870%) short(wr=100.00% wr_net=100.00% exp_net=4.2870%)
  h=60m n=2 avg=1.8927% med=1.8927% long(wr=100.00% wr_net=100.00% exp_net=1.6927%) short(wr=0.00% wr_net=0.00% exp_net=-2.0927%)
 10:25:
  h=1m n=1 avg=-1.3830% med=-1.3830% long(wr=0.00% wr_net=0.00% exp_net=-1.5830%) short(wr=100.00% wr_net=100.00% exp_net=1.1830%)
  h=3m n=1 avg=1.0638% med=1.0638% long(wr=100.00% wr_net=100.00% exp_net=0.8638%) short(wr=0.00% wr_net=0.00% exp_net=-1.2638%)
  h=5m n=1 avg=0.4255% med=0.4255% long(wr=100.00% wr_net=100.00% exp_net=0.2255%) short(wr=0.00% wr_net=0.00% exp_net=-0.6255%)
  h=15m n=1 avg=-0.6383% med=-0.6383% long(wr=0.00% wr_net=0.00% exp_net=-0.8383%) short(wr=100.00% wr_net=100.00% exp_net=0.4383%)
  h=30m n=1 avg=-6.9149% med=-6.9149% long(wr=0.00% wr_net=0.00% exp_net=-7.1149%) short(wr=100.00% wr_net=100.00% exp_net=6.7149%)
  h=60m n=1 avg=1.4894% med=1.4894% long(wr=100.00% wr_net=100.00% exp_net=1.2894%) short(wr=0.00% wr_net=0.00% exp_net=-1.6894%)
 10:26:
  h=1m n=1 avg=2.3732% med=2.3732% long(wr=100.00% wr_net=100.00% exp_net=2.1732%) short(wr=0.00% wr_net=0.00% exp_net=-2.5732%)
  h=3m n=1 avg=1.9417% med=1.9417% long(wr=100.00% wr_net=100.00% exp_net=1.7417%) short(wr=0.00% wr_net=0.00% exp_net=-2.1417%)
  h=5m n=1 avg=3.5599% med=3.5599% long(wr=100.00% wr_net=100.00% exp_net=3.3599%) short(wr=0.00% wr_net=0.00% exp_net=-3.7599%)
  h=15m n=1 avg=0.5394% med=0.5394% long(wr=100.00% wr_net=100.00% exp_net=0.3394%) short(wr=0.00% wr_net=0.00% exp_net=-0.7394%)
  h=30m n=1 avg=-5.9331% med=-5.9331% long(wr=0.00% wr_net=0.00% exp_net=-6.1331%) short(wr=100.00% wr_net=100.00% exp_net=5.7331%)
  h=60m n=1 avg=1.9417% med=1.9417% long(wr=100.00% wr_net=100.00% exp_net=1.7417%) short(wr=0.00% wr_net=0.00% exp_net=-2.1417%)
 10:27:
  h=1m n=3 avg=0.8268% med=0.7005% long(wr=100.00% wr_net=66.67% exp_net=0.6268%) short(wr=0.00% wr_net=0.00% exp_net=-1.0268%)
  h=3m n=3 avg=1.0633% med=-0.3503% long(wr=33.33% wr_net=33.33% exp_net=0.8633%) short(wr=66.67% wr_net=66.67% exp_net=-1.2633%)
  h=5m n=3 avg=1.3143% med=0.8757% long(wr=100.00% wr_net=100.00% exp_net=1.1143%) short(wr=0.00% wr_net=0.00% exp_net=-1.5143%)
  h=15m n=3 avg=-1.0560% med=-1.5762% long(wr=33.33% wr_net=33.33% exp_net=-1.2560%) short(wr=66.67% wr_net=66.67% exp_net=0.8560%)
  h=30m n=3 avg=-2.4775% med=-4.2032% long(wr=33.33% wr_net=33.33% exp_net=-2.6775%) short(wr=66.67% wr_net=66.67% exp_net=2.2775%)
  h=60m n=3 avg=-0.8827% med=-0.7903% long(wr=33.33% wr_net=33.33% exp_net=-1.0827%) short(wr=66.67% wr_net=66.67% exp_net=0.6827%)
 10:28:
  h=1m n=4 avg=-0.3300% med=0.0898% long(wr=50.00% wr_net=50.00% exp_net=-0.5300%) short(wr=50.00% wr_net=50.00% exp_net=0.1300%)
  h=3m n=4 avg=-0.2782% med=-0.2563% long(wr=50.00% wr_net=50.00% exp_net=-0.4782%) short(wr=50.00% wr_net=50.00% exp_net=0.0782%)
  h=5m n=4 avg=-0.5630% med=-0.4629% long(wr=50.00% wr_net=25.00% exp_net=-0.7630%) short(wr=50.00% wr_net=50.00% exp_net=0.3630%)
  h=15m n=4 avg=-1.9654% med=-0.7852% long(wr=25.00% wr_net=25.00% exp_net=-2.1654%) short(wr=75.00% wr_net=75.00% exp_net=1.7654%)
  h=30m n=4 avg=-2.1620% med=-2.1723% long(wr=50.00% wr_net=50.00% exp_net=-2.3620%) short(wr=50.00% wr_net=50.00% exp_net=1.9620%)
  h=60m n=4 avg=-1.7284% med=-1.7637% long(wr=25.00% wr_net=25.00% exp_net=-1.9284%) short(wr=50.00% wr_net=50.00% exp_net=1.5284%)
 10:29:
  h=1m n=3 avg=-0.1786% med=-0.1058% long(wr=33.33% wr_net=33.33% exp_net=-0.3786%) short(wr=66.67% wr_net=33.33% exp_net=-0.0214%)
  h=3m n=3 avg=0.0769% med=0.3505% long(wr=66.67% wr_net=66.67% exp_net=-0.1231%) short(wr=33.33% wr_net=33.33% exp_net=-0.2769%)
  h=5m n=3 avg=-0.0224% med=-0.7009% long(wr=33.33% wr_net=33.33% exp_net=-0.2224%) short(wr=66.67% wr_net=66.67% exp_net=-0.1776%)
  h=15m n=3 avg=-2.9059% med=-1.0327% long(wr=0.00% wr_net=0.00% exp_net=-3.1059%) short(wr=100.00% wr_net=100.00% exp_net=2.7059%)
  h=30m n=3 avg=-3.4621% med=-7.0568% long(wr=33.33% wr_net=33.33% exp_net=-3.6621%) short(wr=66.67% wr_net=66.67% exp_net=3.2621%)
  h=60m n=3 avg=-1.5919% med=0.0000% long(wr=33.33% wr_net=33.33% exp_net=-1.7919%) short(wr=33.33% wr_net=33.33% exp_net=1.3919%)
 10:30:
  h=1m n=4 avg=1.7637% med=0.8475% long(wr=50.00% wr_net=50.00% exp_net=1.5637%) short(wr=25.00% wr_net=25.00% exp_net=-1.9637%)
  h=3m n=4 avg=2.3142% med=-0.2445% long(wr=50.00% wr_net=50.00% exp_net=2.1142%) short(wr=50.00% wr_net=50.00% exp_net=-2.5142%)
  h=5m n=3 avg=-3.3254% med=-2.1839% long(wr=0.00% wr_net=0.00% exp_net=-3.5254%) short(wr=100.00% wr_net=100.00% exp_net=3.1254%)
  h=15m n=4 avg=2.0181% med=-2.8697% long(wr=25.00% wr_net=25.00% exp_net=1.8181%) short(wr=75.00% wr_net=75.00% exp_net=-2.2181%)
  h=30m n=3 avg=4.0002% med=1.4943% long(wr=66.67% wr_net=66.67% exp_net=3.8002%) short(wr=33.33% wr_net=33.33% exp_net=-4.2002%)
  h=60m n=3 avg=-2.1716% med=0.1059% long(wr=66.67% wr_net=33.33% exp_net=-2.3716%) short(wr=33.33% wr_net=33.33% exp_net=1.9716%)
 10:31:
  h=1m n=3 avg=1.0190% med=-0.8333% long(wr=33.33% wr_net=33.33% exp_net=0.8190%) short(wr=66.67% wr_net=66.67% exp_net=-1.2190%)
  h=3m n=2 avg=-0.9411% med=-0.9411% long(wr=50.00% wr_net=50.00% exp_net=-1.1411%) short(wr=50.00% wr_net=50.00% exp_net=0.7411%)
  h=5m n=2 avg=-1.3829% med=-1.3829% long(wr=0.00% wr_net=0.00% exp_net=-1.5829%) short(wr=100.00% wr_net=100.00% exp_net=1.1829%)
  h=15m n=3 avg=4.3985% med=2.4138% long(wr=66.67% wr_net=66.67% exp_net=4.1985%) short(wr=33.33% wr_net=33.33% exp_net=-4.5985%)
  h=30m n=3 avg=0.8262% med=2.2989% long(wr=66.67% wr_net=66.67% exp_net=0.6262%) short(wr=33.33% wr_net=33.33% exp_net=-1.0262%)
  h=60m n=2 avg=-1.6377% med=-1.6377% long(wr=0.00% wr_net=0.00% exp_net=-1.8377%) short(wr=100.00% wr_net=100.00% exp_net=1.4377%)
 10:32:
  h=1m n=5 avg=-0.4676% med=-0.9313% long(wr=20.00% wr_net=20.00% exp_net=-0.6676%) short(wr=60.00% wr_net=60.00% exp_net=0.2676%)
  h=3m n=4 avg=-1.1943% med=-1.0675% long(wr=0.00% wr_net=0.00% exp_net=-1.3943%) short(wr=100.00% wr_net=75.00% exp_net=0.9943%)
  h=5m n=4 avg=-1.0825% med=-1.0936% long(wr=0.00% wr_net=0.00% exp_net=-1.2825%) short(wr=100.00% wr_net=100.00% exp_net=0.8825%)
  h=15m n=5 avg=1.6164% med=-2.6042% long(wr=40.00% wr_net=40.00% exp_net=1.4164%) short(wr=60.00% wr_net=60.00% exp_net=-1.8164%)
  h=30m n=5 avg=-2.4530% med=-4.8581% long(wr=40.00% wr_net=40.00% exp_net=-2.6530%) short(wr=60.00% wr_net=60.00% exp_net=2.2530%)
  h=60m n=5 avg=-2.5141% med=-1.2605% long(wr=20.00% wr_net=20.00% exp_net=-2.7141%) short(wr=80.00% wr_net=80.00% exp_net=2.3141%)
 10:33:
  h=1m n=2 avg=0.1496% med=0.1496% long(wr=50.00% wr_net=50.00% exp_net=-0.0504%) short(wr=50.00% wr_net=0.00% exp_net=-0.3496%)
  h=3m n=2 avg=-0.2858% med=-0.2858% long(wr=50.00% wr_net=50.00% exp_net=-0.4858%) short(wr=50.00% wr_net=50.00% exp_net=0.0858%)
  h=5m n=2 avg=-0.3373% med=-0.3373% long(wr=50.00% wr_net=50.00% exp_net=-0.5373%) short(wr=50.00% wr_net=50.00% exp_net=0.1373%)
  h=15m n=3 avg=5.3571% med=5.2879% long(wr=66.67% wr_net=66.67% exp_net=5.1571%) short(wr=33.33% wr_net=33.33% exp_net=-5.5571%)
  h=30m n=3 avg=0.0453% med=0.9804% long(wr=66.67% wr_net=66.67% exp_net=-0.1547%) short(wr=33.33% wr_net=33.33% exp_net=-0.2453%)
  h=60m n=3 avg=0.0848% med=-2.0833% long(wr=33.33% wr_net=33.33% exp_net=-0.1152%) short(wr=66.67% wr_net=66.67% exp_net=-0.2848%)
 10:34:
  h=1m n=2 avg=-1.7825% med=-1.7825% long(wr=50.00% wr_net=0.00% exp_net=-1.9825%) short(wr=50.00% wr_net=50.00% exp_net=1.5825%)
  h=3m n=2 avg=-0.7812% med=-0.7812% long(wr=50.00% wr_net=50.00% exp_net=-0.9812%) short(wr=50.00% wr_net=50.00% exp_net=0.5812%)
  h=5m n=2 avg=-1.1411% med=-1.1411% long(wr=0.00% wr_net=0.00% exp_net=-1.3411%) short(wr=50.00% wr_net=50.00% exp_net=0.9411%)
  h=15m n=2 avg=0.4206% med=0.4206% long(wr=50.00% wr_net=50.00% exp_net=0.2206%) short(wr=50.00% wr_net=50.00% exp_net=-0.6206%)
  h=30m n=2 avg=-1.4473% med=-1.4473% long(wr=50.00% wr_net=50.00% exp_net=-1.6473%) short(wr=50.00% wr_net=50.00% exp_net=1.2473%)
  h=60m n=2 avg=3.1840% med=3.1840% long(wr=50.00% wr_net=50.00% exp_net=2.9840%) short(wr=50.00% wr_net=50.00% exp_net=-3.3840%)
 10:35:
  h=1m n=1 avg=0.4700% med=0.4700% long(wr=100.00% wr_net=100.00% exp_net=0.2700%) short(wr=0.00% wr_net=0.00% exp_net=-0.6700%)
  h=3m n=1 avg=0.9401% med=0.9401% long(wr=100.00% wr_net=100.00% exp_net=0.7401%) short(wr=0.00% wr_net=0.00% exp_net=-1.1401%)
  h=5m n=1 avg=-0.1175% med=-0.1175% long(wr=0.00% wr_net=0.00% exp_net=-0.3175%) short(wr=100.00% wr_net=0.00% exp_net=-0.0825%)
  h=15m n=1 avg=6.3455% med=6.3455% long(wr=100.00% wr_net=100.00% exp_net=6.1455%) short(wr=0.00% wr_net=0.00% exp_net=-6.5455%)
  h=30m n=1 avg=5.4054% med=5.4054% long(wr=100.00% wr_net=100.00% exp_net=5.2054%) short(wr=0.00% wr_net=0.00% exp_net=-5.6054%)
  h=60m n=1 avg=13.3960% med=13.3960% long(wr=100.00% wr_net=100.00% exp_net=13.1960%) short(wr=0.00% wr_net=0.00% exp_net=-13.5960%)
 10:36:
  h=1m n=3 avg=-0.4834% med=-0.7366% long(wr=33.33% wr_net=33.33% exp_net=-0.6834%) short(wr=66.67% wr_net=66.67% exp_net=0.2834%)
  h=3m n=3 avg=-0.7826% med=-0.8421% long(wr=0.00% wr_net=0.00% exp_net=-0.9826%) short(wr=100.00% wr_net=100.00% exp_net=0.5826%)
  h=5m n=3 avg=-0.6482% med=-0.2339% long(wr=33.33% wr_net=0.00% exp_net=-0.8482%) short(wr=66.67% wr_net=66.67% exp_net=0.4482%)
  h=15m n=3 avg=0.7972% med=1.1050% long(wr=66.67% wr_net=66.67% exp_net=0.5972%) short(wr=33.33% wr_net=33.33% exp_net=-0.9972%)
  h=30m n=3 avg=0.6375% med=-0.3683% long(wr=33.33% wr_net=33.33% exp_net=0.4375%) short(wr=66.67% wr_net=66.67% exp_net=-0.8375%)
  h=60m n=3 avg=4.1267% med=0.3683% long(wr=100.00% wr_net=100.00% exp_net=3.9267%) short(wr=0.00% wr_net=0.00% exp_net=-4.3267%)
 10:37:
  h=1m n=2 avg=0.3027% med=0.3027% long(wr=100.00% wr_net=100.00% exp_net=0.1027%) short(wr=0.00% wr_net=0.00% exp_net=-0.5027%)
  h=3m n=2 avg=-0.7803% med=-0.7803% long(wr=0.00% wr_net=0.00% exp_net=-0.9803%) short(wr=100.00% wr_net=100.00% exp_net=0.5803%)
  h=5m n=2 avg=-1.6305% med=-1.6305% long(wr=0.00% wr_net=0.00% exp_net=-1.8305%) short(wr=100.00% wr_net=100.00% exp_net=1.4305%)
  h=15m n=2 avg=0.2031% med=0.2031% long(wr=50.00% wr_net=50.00% exp_net=0.0031%) short(wr=50.00% wr_net=50.00% exp_net=-0.4031%)
  h=30m n=2 avg=1.6128% med=1.6128% long(wr=100.00% wr_net=100.00% exp_net=1.4128%) short(wr=0.00% wr_net=0.00% exp_net=-1.8128%)
  h=60m n=2 avg=8.3473% med=8.3473% long(wr=100.00% wr_net=100.00% exp_net=8.1473%) short(wr=0.00% wr_net=0.00% exp_net=-8.5473%)
 10:38:
  h=1m n=2 avg=-0.6562% med=-0.6562% long(wr=0.00% wr_net=0.00% exp_net=-0.8562%) short(wr=100.00% wr_net=100.00% exp_net=0.4562%)
  h=3m n=2 avg=-1.0110% med=-1.0110% long(wr=0.00% wr_net=0.00% exp_net=-1.2110%) short(wr=100.00% wr_net=100.00% exp_net=0.8110%)
  h=5m n=2 avg=-3.9012% med=-3.9012% long(wr=0.00% wr_net=0.00% exp_net=-4.1012%) short(wr=100.00% wr_net=100.00% exp_net=3.7012%)
  h=15m n=2 avg=0.0834% med=0.0834% long(wr=50.00% wr_net=50.00% exp_net=-0.1166%) short(wr=50.00% wr_net=50.00% exp_net=-0.2834%)
  h=30m n=2 avg=1.5981% med=1.5981% long(wr=100.00% wr_net=50.00% exp_net=1.3981%) short(wr=0.00% wr_net=0.00% exp_net=-1.7981%)
  h=60m n=2 avg=7.6207% med=7.6207% long(wr=100.00% wr_net=100.00% exp_net=7.4207%) short(wr=0.00% wr_net=0.00% exp_net=-7.8207%)
 10:39:
  h=1m n=2 avg=-0.4246% med=-0.4246% long(wr=0.00% wr_net=0.00% exp_net=-0.6246%) short(wr=50.00% wr_net=50.00% exp_net=0.2246%)
  h=3m n=2 avg=-1.2739% med=-1.2739% long(wr=0.00% wr_net=0.00% exp_net=-1.4739%) short(wr=50.00% wr_net=50.00% exp_net=1.0739%)
  h=5m n=2 avg=-3.3439% med=-3.3439% long(wr=0.00% wr_net=0.00% exp_net=-3.5439%) short(wr=50.00% wr_net=50.00% exp_net=3.1439%)
  h=15m n=2 avg=-0.4565% med=-0.4565% long(wr=50.00% wr_net=50.00% exp_net=-0.6565%) short(wr=50.00% wr_net=50.00% exp_net=0.2565%)
  h=30m n=2 avg=1.8350% med=1.8350% long(wr=50.00% wr_net=50.00% exp_net=1.6350%) short(wr=50.00% wr_net=50.00% exp_net=-2.0350%)
  h=60m n=2 avg=5.9754% med=5.9754% long(wr=100.00% wr_net=100.00% exp_net=5.7754%) short(wr=0.00% wr_net=0.00% exp_net=-6.1754%)
 10:40:
  h=1m n=2 avg=-0.7952% med=-0.7952% long(wr=50.00% wr_net=50.00% exp_net=-0.9952%) short(wr=50.00% wr_net=50.00% exp_net=0.5952%)
  h=3m n=2 avg=-0.5004% med=-0.5004% long(wr=0.00% wr_net=0.00% exp_net=-0.7004%) short(wr=100.00% wr_net=100.00% exp_net=0.3004%)
  h=5m n=2 avg=-0.5087% med=-0.5087% long(wr=50.00% wr_net=50.00% exp_net=-0.7087%) short(wr=50.00% wr_net=50.00% exp_net=0.3087%)
  h=15m n=2 avg=0.5363% med=0.5363% long(wr=50.00% wr_net=50.00% exp_net=0.3363%) short(wr=50.00% wr_net=50.00% exp_net=-0.7363%)
  h=30m n=2 avg=1.5932% med=1.5932% long(wr=50.00% wr_net=50.00% exp_net=1.3932%) short(wr=50.00% wr_net=50.00% exp_net=-1.7932%)
  h=60m n=2 avg=0.3822% med=0.3822% long(wr=50.00% wr_net=50.00% exp_net=0.1822%) short(wr=50.00% wr_net=50.00% exp_net=-0.5822%)
 10:41:
  h=1m n=3 avg=-0.1925% med=-0.3517% long(wr=33.33% wr_net=33.33% exp_net=-0.3925%) short(wr=66.67% wr_net=66.67% exp_net=-0.0075%)
  h=3m n=3 avg=0.6363% med=0.3087% long(wr=66.67% wr_net=66.67% exp_net=0.4363%) short(wr=33.33% wr_net=33.33% exp_net=-0.8363%)
  h=5m n=3 avg=1.5542% med=0.6006% long(wr=66.67% wr_net=66.67% exp_net=1.3542%) short(wr=33.33% wr_net=33.33% exp_net=-1.7542%)
  h=15m n=3 avg=4.7127% med=6.0961% long(wr=66.67% wr_net=66.67% exp_net=4.5127%) short(wr=33.33% wr_net=33.33% exp_net=-4.9127%)
  h=30m n=3 avg=5.9822% med=3.0481% long(wr=66.67% wr_net=66.67% exp_net=5.7822%) short(wr=33.33% wr_net=33.33% exp_net=-6.1822%)
  h=60m n=3 avg=8.7452% med=8.4408% long(wr=66.67% wr_net=66.67% exp_net=8.5452%) short(wr=33.33% wr_net=33.33% exp_net=-8.9452%)
 10:42:
  h=1m n=5 avg=0.3467% med=0.3914% long(wr=60.00% wr_net=60.00% exp_net=0.1467%) short(wr=40.00% wr_net=40.00% exp_net=-0.5467%)
  h=3m n=5 avg=0.8548% med=0.8197% long(wr=60.00% wr_net=60.00% exp_net=0.6548%) short(wr=40.00% wr_net=0.00% exp_net=-1.0548%)
  h=5m n=5 avg=1.0633% med=1.2066% long(wr=60.00% wr_net=60.00% exp_net=0.8633%) short(wr=40.00% wr_net=40.00% exp_net=-1.2633%)
  h=15m n=5 avg=2.3611% med=0.1957% long(wr=60.00% wr_net=40.00% exp_net=2.1611%) short(wr=40.00% wr_net=40.00% exp_net=-2.5611%)
  h=30m n=5 avg=3.8571% med=0.7326% long(wr=60.00% wr_net=60.00% exp_net=3.6571%) short(wr=40.00% wr_net=40.00% exp_net=-4.0571%)
  h=60m n=5 avg=4.9294% med=-2.0147% long(wr=40.00% wr_net=40.00% exp_net=4.7294%) short(wr=60.00% wr_net=60.00% exp_net=-5.1294%)
 10:43:
  h=1m n=5 avg=-0.1763% med=0.3369% long(wr=60.00% wr_net=60.00% exp_net=-0.3763%) short(wr=40.00% wr_net=40.00% exp_net=-0.0237%)
  h=3m n=5 avg=2.4291% med=1.5286% long(wr=60.00% wr_net=60.00% exp_net=2.2291%) short(wr=40.00% wr_net=40.00% exp_net=-2.6291%)
  h=5m n=5 avg=3.7520% med=1.3677% long(wr=80.00% wr_net=80.00% exp_net=3.5520%) short(wr=20.00% wr_net=20.00% exp_net=-3.9520%)
  h=15m n=5 avg=2.2604% med=3.0571% long(wr=80.00% wr_net=80.00% exp_net=2.0604%) short(wr=20.00% wr_net=20.00% exp_net=-2.4604%)
  h=30m n=4 avg=1.6198% med=-1.9986% long(wr=25.00% wr_net=25.00% exp_net=1.4198%) short(wr=75.00% wr_net=75.00% exp_net=-1.8198%)
  h=60m n=4 avg=4.5898% med=1.5533% long(wr=50.00% wr_net=50.00% exp_net=4.3898%) short(wr=50.00% wr_net=50.00% exp_net=-4.7898%)
 10:44:
  h=1m n=5 avg=2.1328% med=0.0000% long(wr=40.00% wr_net=40.00% exp_net=1.9328%) short(wr=40.00% wr_net=20.00% exp_net=-2.3328%)
  h=3m n=5 avg=3.5111% med=1.0535% long(wr=60.00% wr_net=60.00% exp_net=3.3111%) short(wr=40.00% wr_net=40.00% exp_net=-3.7111%)
  h=5m n=5 avg=3.7288% med=1.3255% long(wr=60.00% wr_net=60.00% exp_net=3.5288%) short(wr=20.00% wr_net=20.00% exp_net=-3.9288%)
  h=15m n=5 avg=2.2733% med=3.1605% long(wr=60.00% wr_net=60.00% exp_net=2.0733%) short(wr=40.00% wr_net=20.00% exp_net=-2.4733%)
  h=30m n=5 avg=1.0854% med=-1.9586% long(wr=40.00% wr_net=40.00% exp_net=0.8854%) short(wr=60.00% wr_net=60.00% exp_net=-1.2854%)
  h=60m n=5 avg=3.1153% med=-2.1667% long(wr=40.00% wr_net=40.00% exp_net=2.9153%) short(wr=60.00% wr_net=60.00% exp_net=-3.3153%)
 10:45:
  h=1m n=6 avg=0.9904% med=1.0759% long(wr=66.67% wr_net=66.67% exp_net=0.7904%) short(wr=33.33% wr_net=33.33% exp_net=-1.1904%)
  h=3m n=6 avg=2.1061% med=1.8009% long(wr=66.67% wr_net=66.67% exp_net=1.9061%) short(wr=33.33% wr_net=33.33% exp_net=-2.3061%)
  h=5m n=6 avg=2.1727% med=2.7667% long(wr=66.67% wr_net=66.67% exp_net=1.9727%) short(wr=33.33% wr_net=33.33% exp_net=-2.3727%)
  h=15m n=6 avg=0.8997% med=1.3150% long(wr=66.67% wr_net=50.00% exp_net=0.6997%) short(wr=33.33% wr_net=33.33% exp_net=-1.0997%)
  h=30m n=6 avg=-0.1351% med=0.0178% long(wr=50.00% wr_net=50.00% exp_net=-0.3351%) short(wr=50.00% wr_net=50.00% exp_net=-0.0649%)
  h=60m n=6 avg=1.1527% med=0.6192% long(wr=50.00% wr_net=50.00% exp_net=0.9527%) short(wr=50.00% wr_net=50.00% exp_net=-1.3527%)
 10:46:
  h=1m n=5 avg=0.6239% med=0.1493% long(wr=60.00% wr_net=40.00% exp_net=0.4239%) short(wr=40.00% wr_net=40.00% exp_net=-0.8239%)
  h=3m n=5 avg=1.2347% med=1.3468% long(wr=80.00% wr_net=60.00% exp_net=1.0347%) short(wr=20.00% wr_net=20.00% exp_net=-1.4347%)
  h=5m n=5 avg=0.9585% med=0.0792% long(wr=60.00% wr_net=40.00% exp_net=0.7585%) short(wr=40.00% wr_net=40.00% exp_net=-1.1585%)
  h=15m n=5 avg=-0.2149% med=-1.1094% long(wr=20.00% wr_net=20.00% exp_net=-0.4149%) short(wr=80.00% wr_net=60.00% exp_net=0.0149%)
  h=30m n=5 avg=-0.7743% med=-2.3569% long(wr=20.00% wr_net=20.00% exp_net=-0.9743%) short(wr=80.00% wr_net=80.00% exp_net=0.5743%)
  h=60m n=5 avg=0.8434% med=1.4590% long(wr=60.00% wr_net=60.00% exp_net=0.6434%) short(wr=40.00% wr_net=40.00% exp_net=-1.0434%)
 10:47:
  h=1m n=6 avg=0.5936% med=1.0429% long(wr=66.67% wr_net=66.67% exp_net=0.3936%) short(wr=33.33% wr_net=16.67% exp_net=-0.7936%)
  h=3m n=6 avg=0.6660% med=1.4603% long(wr=83.33% wr_net=66.67% exp_net=0.4660%) short(wr=16.67% wr_net=16.67% exp_net=-0.8660%)
  h=5m n=6 avg=-0.0512% med=0.1766% long(wr=50.00% wr_net=50.00% exp_net=-0.2512%) short(wr=50.00% wr_net=50.00% exp_net=-0.1488%)
  h=15m n=6 avg=-1.2117% med=-1.3298% long(wr=50.00% wr_net=50.00% exp_net=-1.4117%) short(wr=50.00% wr_net=50.00% exp_net=1.0117%)
  h=30m n=6 avg=-2.3366% med=-3.2918% long(wr=33.33% wr_net=33.33% exp_net=-2.5366%) short(wr=66.67% wr_net=66.67% exp_net=2.1366%)
  h=60m n=6 avg=-0.0094% med=-0.2778% long(wr=50.00% wr_net=50.00% exp_net=-0.2094%) short(wr=50.00% wr_net=50.00% exp_net=-0.1906%)
 10:48:
  h=1m n=6 avg=-0.1059% med=0.1190% long(wr=50.00% wr_net=50.00% exp_net=-0.3059%) short(wr=33.33% wr_net=33.33% exp_net=-0.0941%)
  h=3m n=6 avg=-0.3092% med=0.1190% long(wr=50.00% wr_net=50.00% exp_net=-0.5092%) short(wr=33.33% wr_net=33.33% exp_net=0.1092%)
  h=5m n=6 avg=-0.9106% med=0.0039% long(wr=50.00% wr_net=50.00% exp_net=-1.1106%) short(wr=50.00% wr_net=50.00% exp_net=0.7106%)
  h=15m n=6 avg=-1.8656% med=-0.9021% long(wr=50.00% wr_net=33.33% exp_net=-2.0656%) short(wr=50.00% wr_net=50.00% exp_net=1.6656%)
  h=30m n=6 avg=-2.9950% med=-3.1584% long(wr=16.67% wr_net=16.67% exp_net=-3.1950%) short(wr=83.33% wr_net=83.33% exp_net=2.7950%)
  h=60m n=6 avg=-1.4520% med=-0.9123% long(wr=50.00% wr_net=50.00% exp_net=-1.6520%) short(wr=50.00% wr_net=50.00% exp_net=1.2520%)
 10:49:
  h=1m n=4 avg=0.8256% med=0.8674% long(wr=100.00% wr_net=100.00% exp_net=0.6256%) short(wr=0.00% wr_net=0.00% exp_net=-1.0256%)
  h=3m n=4 avg=-0.3810% med=-0.6251% long(wr=25.00% wr_net=25.00% exp_net=-0.5810%) short(wr=75.00% wr_net=75.00% exp_net=0.1810%)
  h=5m n=4 avg=-0.4703% med=0.2018% long(wr=75.00% wr_net=50.00% exp_net=-0.6703%) short(wr=25.00% wr_net=25.00% exp_net=0.2703%)
  h=15m n=4 avg=-2.3938% med=-0.4743% long(wr=50.00% wr_net=50.00% exp_net=-2.5938%) short(wr=50.00% wr_net=50.00% exp_net=2.1938%)
  h=30m n=4 avg=-3.5412% med=-3.3704% long(wr=25.00% wr_net=25.00% exp_net=-3.7412%) short(wr=75.00% wr_net=75.00% exp_net=3.3412%)
  h=60m n=4 avg=-0.0635% med=1.9872% long(wr=75.00% wr_net=75.00% exp_net=-0.2635%) short(wr=25.00% wr_net=25.00% exp_net=-0.1365%)
 10:50:
  h=1m n=5 avg=-0.6860% med=-0.3839% long(wr=40.00% wr_net=40.00% exp_net=-0.8860%) short(wr=60.00% wr_net=60.00% exp_net=0.4860%)
  h=3m n=5 avg=-1.3290% med=-0.8594% long(wr=40.00% wr_net=40.00% exp_net=-1.5290%) short(wr=60.00% wr_net=60.00% exp_net=1.1290%)
  h=5m n=5 avg=-0.7601% med=-1.2156% long(wr=20.00% wr_net=20.00% exp_net=-0.9601%) short(wr=80.00% wr_net=80.00% exp_net=0.5601%)
  h=15m n=5 avg=-2.6892% med=-0.8840% long(wr=20.00% wr_net=20.00% exp_net=-2.8892%) short(wr=80.00% wr_net=80.00% exp_net=2.4892%)
  h=30m n=5 avg=-4.2693% med=-5.3743% long(wr=20.00% wr_net=20.00% exp_net=-4.4693%) short(wr=80.00% wr_net=80.00% exp_net=4.0693%)
  h=60m n=5 avg=-1.3024% med=0.0000% long(wr=40.00% wr_net=40.00% exp_net=-1.5024%) short(wr=40.00% wr_net=40.00% exp_net=1.1024%)
 10:51:
  h=1m n=3 avg=-1.0363% med=-0.9873% long(wr=0.00% wr_net=0.00% exp_net=-1.2363%) short(wr=100.00% wr_net=100.00% exp_net=0.8363%)
  h=3m n=3 avg=-0.0646% med=0.2375% long(wr=66.67% wr_net=66.67% exp_net=-0.2646%) short(wr=33.33% wr_net=33.33% exp_net=-0.1354%)
  h=5m n=3 avg=1.7187% med=1.5835% long(wr=66.67% wr_net=66.67% exp_net=1.5187%) short(wr=33.33% wr_net=33.33% exp_net=-1.9187%)
  h=15m n=3 avg=0.3569% med=0.6334% long(wr=66.67% wr_net=66.67% exp_net=0.1569%) short(wr=33.33% wr_net=33.33% exp_net=-0.5569%)
  h=30m n=3 avg=0.2800% med=-0.2375% long(wr=33.33% wr_net=33.33% exp_net=0.0800%) short(wr=66.67% wr_net=66.67% exp_net=-0.4800%)
  h=60m n=3 avg=2.7447% med=3.7213% long(wr=66.67% wr_net=66.67% exp_net=2.5447%) short(wr=33.33% wr_net=33.33% exp_net=-2.9447%)
 10:52:
  h=1m n=4 avg=-0.2174% med=0.3349% long(wr=50.00% wr_net=50.00% exp_net=-0.4174%) short(wr=50.00% wr_net=50.00% exp_net=0.0174%)
  h=3m n=4 avg=0.5321% med=0.8864% long(wr=75.00% wr_net=75.00% exp_net=0.3321%) short(wr=25.00% wr_net=25.00% exp_net=-0.7321%)
  h=5m n=4 avg=0.8917% med=0.4434% long(wr=50.00% wr_net=50.00% exp_net=0.6917%) short(wr=50.00% wr_net=50.00% exp_net=-1.0917%)
  h=15m n=4 avg=-1.2131% med=-0.1211% long(wr=50.00% wr_net=50.00% exp_net=-1.4131%) short(wr=50.00% wr_net=50.00% exp_net=1.0131%)
  h=30m n=4 avg=-2.8952% med=-1.8896% long(wr=50.00% wr_net=50.00% exp_net=-3.0952%) short(wr=50.00% wr_net=50.00% exp_net=2.6952%)
  h=60m n=4 avg=-0.9618% med=2.3640% long(wr=75.00% wr_net=75.00% exp_net=-1.1618%) short(wr=25.00% wr_net=25.00% exp_net=0.7618%)
 10:53:
  h=1m n=4 avg=0.1827% med=-0.1182% long(wr=25.00% wr_net=25.00% exp_net=-0.0173%) short(wr=50.00% wr_net=50.00% exp_net=-0.3827%)
  h=3m n=4 avg=1.1232% med=0.2769% long(wr=50.00% wr_net=50.00% exp_net=0.9232%) short(wr=50.00% wr_net=50.00% exp_net=-1.3232%)
  h=5m n=4 avg=0.4067% med=0.4728% long(wr=50.00% wr_net=50.00% exp_net=0.2067%) short(wr=25.00% wr_net=25.00% exp_net=-0.6067%)
  h=15m n=4 avg=0.7500% med=-0.3957% long(wr=50.00% wr_net=50.00% exp_net=0.5500%) short(wr=50.00% wr_net=50.00% exp_net=-0.9500%)
  h=30m n=3 avg=0.0049% med=-2.7985% long(wr=33.33% wr_net=33.33% exp_net=-0.1951%) short(wr=66.67% wr_net=66.67% exp_net=-0.2049%)
  h=60m n=3 avg=1.2992% med=2.0489% long(wr=66.67% wr_net=66.67% exp_net=1.0992%) short(wr=33.33% wr_net=33.33% exp_net=-1.4992%)
 10:54:
  h=1m n=5 avg=0.6794% med=0.3160% long(wr=60.00% wr_net=60.00% exp_net=0.4794%) short(wr=40.00% wr_net=40.00% exp_net=-0.8794%)
  h=3m n=4 avg=0.2115% med=0.2050% long(wr=50.00% wr_net=50.00% exp_net=0.0115%) short(wr=50.00% wr_net=50.00% exp_net=-0.4115%)
  h=5m n=4 avg=0.1361% med=0.2298% long(wr=50.00% wr_net=50.00% exp_net=-0.0639%) short(wr=50.00% wr_net=25.00% exp_net=-0.3361%)
  h=15m n=4 avg=0.4394% med=-0.8862% long(wr=25.00% wr_net=25.00% exp_net=0.2394%) short(wr=50.00% wr_net=50.00% exp_net=-0.6394%)
  h=30m n=5 avg=2.1638% med=-0.4739% long(wr=40.00% wr_net=40.00% exp_net=1.9638%) short(wr=60.00% wr_net=60.00% exp_net=-2.3638%)
  h=60m n=5 avg=10.2650% med=3.0806% long(wr=60.00% wr_net=60.00% exp_net=10.0650%) short(wr=40.00% wr_net=40.00% exp_net=-10.4650%)
 10:55:
  h=1m n=3 avg=0.6005% med=1.0236% long(wr=66.67% wr_net=66.67% exp_net=0.4005%) short(wr=33.33% wr_net=33.33% exp_net=-0.8005%)
  h=3m n=3 avg=-2.2894% med=-0.5495% long(wr=33.33% wr_net=33.33% exp_net=-2.4894%) short(wr=66.67% wr_net=66.67% exp_net=2.0894%)
  h=5m n=4 avg=0.9543% med=0.1474% long(wr=75.00% wr_net=25.00% exp_net=0.7543%) short(wr=25.00% wr_net=25.00% exp_net=-1.1543%)
  h=15m n=3 avg=-1.0970% med=-0.0787% long(wr=33.33% wr_net=33.33% exp_net=-1.2970%) short(wr=66.67% wr_net=33.33% exp_net=0.8970%)
  h=30m n=4 avg=0.2366% med=2.6283% long(wr=50.00% wr_net=50.00% exp_net=0.0366%) short(wr=50.00% wr_net=50.00% exp_net=-0.4366%)
  h=60m n=4 avg=8.2595% med=2.8111% long(wr=75.00% wr_net=75.00% exp_net=8.0595%) short(wr=25.00% wr_net=25.00% exp_net=-8.4595%)
 10:56:
  h=1m n=3 avg=-1.1712% med=-1.0825% long(wr=0.00% wr_net=0.00% exp_net=-1.3712%) short(wr=66.67% wr_net=66.67% exp_net=0.9712%)
  h=3m n=3 avg=-1.5340% med=-1.6575% long(wr=0.00% wr_net=0.00% exp_net=-1.7340%) short(wr=100.00% wr_net=100.00% exp_net=1.3340%)
  h=5m n=3 avg=-2.2286% med=-2.3004% long(wr=0.00% wr_net=0.00% exp_net=-2.4286%) short(wr=100.00% wr_net=100.00% exp_net=2.0286%)
  h=15m n=3 avg=0.4186% med=-1.0133% long(wr=33.33% wr_net=33.33% exp_net=0.2186%) short(wr=66.67% wr_net=66.67% exp_net=-0.6186%)
  h=30m n=2 avg=0.7671% med=0.7671% long(wr=50.00% wr_net=50.00% exp_net=0.5671%) short(wr=50.00% wr_net=50.00% exp_net=-0.9671%)
  h=60m n=3 avg=0.2679% med=2.2603% long(wr=66.67% wr_net=66.67% exp_net=0.0679%) short(wr=33.33% wr_net=33.33% exp_net=-0.4679%)
 10:57:
  h=1m n=4 avg=-0.3459% med=-0.3263% long(wr=25.00% wr_net=25.00% exp_net=-0.5459%) short(wr=75.00% wr_net=50.00% exp_net=0.1459%)
  h=3m n=4 avg=-0.5311% med=-0.5655% long(wr=0.00% wr_net=0.00% exp_net=-0.7311%) short(wr=75.00% wr_net=75.00% exp_net=0.3311%)
  h=5m n=4 avg=-0.1753% med=0.0288% long(wr=50.00% wr_net=50.00% exp_net=-0.3753%) short(wr=50.00% wr_net=50.00% exp_net=-0.0247%)
  h=15m n=4 avg=1.0477% med=-0.6332% long(wr=25.00% wr_net=25.00% exp_net=0.8477%) short(wr=75.00% wr_net=75.00% exp_net=-1.2477%)
  h=30m n=4 avg=-0.1496% med=-1.9646% long(wr=25.00% wr_net=25.00% exp_net=-0.3496%) short(wr=75.00% wr_net=75.00% exp_net=-0.0504%)
  h=60m n=4 avg=1.7400% med=1.9029% long(wr=50.00% wr_net=50.00% exp_net=1.5400%) short(wr=50.00% wr_net=50.00% exp_net=-1.9400%)
 10:58:
  h=1m n=6 avg=0.5082% med=-0.1157% long(wr=33.33% wr_net=33.33% exp_net=0.3082%) short(wr=66.67% wr_net=33.33% exp_net=-0.7082%)
  h=3m n=7 avg=0.1824% med=0.3328% long(wr=57.14% wr_net=57.14% exp_net=-0.0176%) short(wr=42.86% wr_net=42.86% exp_net=-0.3824%)
  h=5m n=7 avg=-0.0354% med=1.3559% long(wr=57.14% wr_net=57.14% exp_net=-0.2354%) short(wr=42.86% wr_net=42.86% exp_net=-0.1646%)
  h=15m n=6 avg=5.0189% med=-0.8773% long(wr=50.00% wr_net=33.33% exp_net=4.8189%) short(wr=50.00% wr_net=50.00% exp_net=-5.2189%)
  h=30m n=7 avg=0.0114% med=-1.6949% long(wr=28.57% wr_net=28.57% exp_net=-0.1886%) short(wr=71.43% wr_net=57.14% exp_net=-0.2114%)
  h=60m n=6 avg=-0.3563% med=-1.1976% long(wr=33.33% wr_net=33.33% exp_net=-0.5563%) short(wr=66.67% wr_net=66.67% exp_net=0.1563%)
 10:59:
  h=1m n=6 avg=-0.2708% med=-0.2924% long(wr=33.33% wr_net=33.33% exp_net=-0.4708%) short(wr=66.67% wr_net=50.00% exp_net=0.0708%)
  h=3m n=6 avg=-1.3000% med=-0.5281% long(wr=16.67% wr_net=16.67% exp_net=-1.5000%) short(wr=83.33% wr_net=83.33% exp_net=1.1000%)
  h=5m n=6 avg=-1.7378% med=-0.5989% long(wr=0.00% wr_net=0.00% exp_net=-1.9378%) short(wr=100.00% wr_net=83.33% exp_net=1.5378%)
  h=15m n=6 avg=2.7434% med=-1.4488% long(wr=33.33% wr_net=33.33% exp_net=2.5434%) short(wr=66.67% wr_net=66.67% exp_net=-2.9434%)
  h=30m n=6 avg=-0.1312% med=-1.8696% long(wr=33.33% wr_net=33.33% exp_net=-0.3312%) short(wr=66.67% wr_net=66.67% exp_net=-0.0688%)
  h=60m n=5 avg=-0.0987% med=1.4607% long(wr=60.00% wr_net=60.00% exp_net=-0.2987%) short(wr=40.00% wr_net=40.00% exp_net=-0.1013%)
 11:00:
  h=1m n=5 avg=-0.8039% med=-0.9602% long(wr=0.00% wr_net=0.00% exp_net=-1.0039%) short(wr=80.00% wr_net=60.00% exp_net=0.6039%)
  h=3m n=4 avg=-1.2725% med=-0.7546% long(wr=0.00% wr_net=0.00% exp_net=-1.4725%) short(wr=100.00% wr_net=75.00% exp_net=1.0725%)
  h=5m n=4 avg=0.5316% med=-0.4994% long(wr=50.00% wr_net=50.00% exp_net=0.3316%) short(wr=50.00% wr_net=50.00% exp_net=-0.7316%)
  h=15m n=4 avg=3.3049% med=1.2430% long(wr=50.00% wr_net=50.00% exp_net=3.1049%) short(wr=50.00% wr_net=50.00% exp_net=-3.5049%)
  h=30m n=5 avg=-0.6691% med=-3.9308% long(wr=20.00% wr_net=20.00% exp_net=-0.8691%) short(wr=80.00% wr_net=80.00% exp_net=0.4691%)
  h=60m n=4 avg=12.5765% med=9.1675% long(wr=75.00% wr_net=75.00% exp_net=12.3765%) short(wr=25.00% wr_net=25.00% exp_net=-12.7765%)
 11:01:
  h=1m n=6 avg=0.0032% med=0.2946% long(wr=66.67% wr_net=50.00% exp_net=-0.1968%) short(wr=33.33% wr_net=33.33% exp_net=-0.2032%)
  h=3m n=5 avg=-1.0056% med=-0.5540% long(wr=20.00% wr_net=20.00% exp_net=-1.2056%) short(wr=80.00% wr_net=80.00% exp_net=0.8056%)
  h=5m n=6 avg=-0.7283% med=0.1364% long(wr=50.00% wr_net=50.00% exp_net=-0.9283%) short(wr=50.00% wr_net=50.00% exp_net=0.5283%)
  h=15m n=6 avg=2.7277% med=3.6292% long(wr=66.67% wr_net=66.67% exp_net=2.5277%) short(wr=33.33% wr_net=33.33% exp_net=-2.9277%)
  h=30m n=5 avg=5.4019% med=2.1858% long(wr=60.00% wr_net=60.00% exp_net=5.2019%) short(wr=40.00% wr_net=40.00% exp_net=-5.6019%)
  h=60m n=5 avg=13.4523% med=9.9723% long(wr=60.00% wr_net=60.00% exp_net=13.2523%) short(wr=40.00% wr_net=40.00% exp_net=-13.6523%)
 11:02:
  h=1m n=5 avg=0.0960% med=0.3160% long(wr=60.00% wr_net=60.00% exp_net=-0.1040%) short(wr=40.00% wr_net=40.00% exp_net=-0.2960%)
  h=3m n=5 avg=-0.2500% med=0.0000% long(wr=40.00% wr_net=40.00% exp_net=-0.4500%) short(wr=40.00% wr_net=40.00% exp_net=0.0500%)
  h=5m n=6 avg=0.0073% med=0.1079% long(wr=50.00% wr_net=50.00% exp_net=-0.1927%) short(wr=50.00% wr_net=50.00% exp_net=-0.2073%)
  h=15m n=6 avg=-0.0206% med=-0.2694% long(wr=50.00% wr_net=50.00% exp_net=-0.2206%) short(wr=50.00% wr_net=50.00% exp_net=-0.1794%)
  h=30m n=6 avg=3.6461% med=-0.5420% long(wr=50.00% wr_net=50.00% exp_net=3.4461%) short(wr=50.00% wr_net=50.00% exp_net=-3.8461%)
  h=60m n=6 avg=5.1107% med=6.2702% long(wr=66.67% wr_net=66.67% exp_net=4.9107%) short(wr=33.33% wr_net=33.33% exp_net=-5.3107%)
 11:03:
  h=1m n=6 avg=-0.6756% med=-0.3685% long(wr=33.33% wr_net=16.67% exp_net=-0.8756%) short(wr=66.67% wr_net=66.67% exp_net=0.4756%)
  h=3m n=6 avg=0.5030% med=-0.2885% long(wr=50.00% wr_net=33.33% exp_net=0.3030%) short(wr=50.00% wr_net=50.00% exp_net=-0.7030%)
  h=5m n=6 avg=2.7643% med=0.0987% long(wr=50.00% wr_net=50.00% exp_net=2.5643%) short(wr=50.00% wr_net=50.00% exp_net=-2.9643%)
  h=15m n=5 avg=-0.8764% med=-1.4961% long(wr=20.00% wr_net=20.00% exp_net=-1.0764%) short(wr=80.00% wr_net=80.00% exp_net=0.6764%)
  h=30m n=5 avg=2.5836% med=0.3731% long(wr=60.00% wr_net=60.00% exp_net=2.3836%) short(wr=40.00% wr_net=40.00% exp_net=-2.7836%)
  h=60m n=5 avg=2.8363% med=1.0033% long(wr=60.00% wr_net=60.00% exp_net=2.6363%) short(wr=40.00% wr_net=40.00% exp_net=-3.0363%)
 11:04:
  h=1m n=5 avg=-0.0934% med=0.2358% long(wr=60.00% wr_net=60.00% exp_net=-0.2934%) short(wr=40.00% wr_net=40.00% exp_net=-0.1066%)
  h=3m n=5 avg=-0.4936% med=-0.7883% long(wr=40.00% wr_net=40.00% exp_net=-0.6936%) short(wr=60.00% wr_net=60.00% exp_net=0.2936%)
  h=5m n=5 avg=-0.1961% med=-0.5631% long(wr=20.00% wr_net=20.00% exp_net=-0.3961%) short(wr=80.00% wr_net=80.00% exp_net=-0.0039%)
  h=15m n=4 avg=-0.9189% med=-2.9194% long(wr=25.00% wr_net=25.00% exp_net=-1.1189%) short(wr=75.00% wr_net=75.00% exp_net=0.7189%)
  h=30m n=5 avg=2.5866% med=-0.9434% long(wr=40.00% wr_net=40.00% exp_net=2.3866%) short(wr=60.00% wr_net=60.00% exp_net=-2.7866%)
  h=60m n=4 avg=4.4852% med=5.0629% long(wr=75.00% wr_net=75.00% exp_net=4.2852%) short(wr=25.00% wr_net=25.00% exp_net=-4.6852%)
 11:05:
  h=1m n=7 avg=-1.0700% med=-1.0033% long(wr=14.29% wr_net=14.29% exp_net=-1.2700%) short(wr=71.43% wr_net=71.43% exp_net=0.8700%)
  h=3m n=7 avg=0.6329% med=-0.3300% long(wr=42.86% wr_net=42.86% exp_net=0.4329%) short(wr=57.14% wr_net=57.14% exp_net=-0.8329%)
  h=5m n=7 avg=0.0897% med=-0.4706% long(wr=28.57% wr_net=28.57% exp_net=-0.1103%) short(wr=71.43% wr_net=71.43% exp_net=-0.2897%)
  h=15m n=6 avg=-0.6035% med=-0.9774% long(wr=16.67% wr_net=16.67% exp_net=-0.8035%) short(wr=66.67% wr_net=66.67% exp_net=0.4035%)
  h=30m n=6 avg=2.2728% med=-2.3817% long(wr=33.33% wr_net=33.33% exp_net=2.0728%) short(wr=66.67% wr_net=66.67% exp_net=-2.4728%)
  h=60m n=5 avg=0.1890% med=0.3344% long(wr=60.00% wr_net=60.00% exp_net=-0.0110%) short(wr=40.00% wr_net=40.00% exp_net=-0.3890%)
 11:06:
  h=1m n=6 avg=4.0338% med=0.5683% long(wr=66.67% wr_net=66.67% exp_net=3.8338%) short(wr=33.33% wr_net=33.33% exp_net=-4.2338%)
  h=3m n=5 avg=1.7886% med=-0.3934% long(wr=40.00% wr_net=40.00% exp_net=1.5886%) short(wr=60.00% wr_net=60.00% exp_net=-1.9886%)
  h=5m n=5 avg=2.8006% med=-0.0787% long(wr=40.00% wr_net=40.00% exp_net=2.6006%) short(wr=60.00% wr_net=40.00% exp_net=-3.0006%)
  h=15m n=4 avg=1.4163% med=1.1420% long(wr=50.00% wr_net=50.00% exp_net=1.2163%) short(wr=50.00% wr_net=50.00% exp_net=-1.6163%)
  h=30m n=5 avg=2.4624% med=-0.4386% long(wr=20.00% wr_net=20.00% exp_net=2.2624%) short(wr=80.00% wr_net=80.00% exp_net=-2.6624%)
  h=60m n=5 avg=9.7665% med=6.0274% long(wr=60.00% wr_net=60.00% exp_net=9.5665%) short(wr=40.00% wr_net=40.00% exp_net=-9.9665%)
 11:07:
  h=1m n=9 avg=0.9197% med=0.1658% long(wr=55.56% wr_net=44.44% exp_net=0.7197%) short(wr=33.33% wr_net=33.33% exp_net=-1.1197%)
  h=3m n=8 avg=-0.2753% med=-0.1813% long(wr=37.50% wr_net=37.50% exp_net=-0.4753%) short(wr=62.50% wr_net=37.50% exp_net=0.0753%)
  h=5m n=8 avg=1.4626% med=-0.2398% long(wr=37.50% wr_net=37.50% exp_net=1.2626%) short(wr=62.50% wr_net=50.00% exp_net=-1.6626%)
  h=15m n=7 avg=1.4789% med=1.9493% long(wr=57.14% wr_net=57.14% exp_net=1.2789%) short(wr=42.86% wr_net=42.86% exp_net=-1.6789%)
  h=30m n=9 avg=2.1392% med=-0.6705% long(wr=33.33% wr_net=33.33% exp_net=1.9392%) short(wr=66.67% wr_net=66.67% exp_net=-2.3392%)
  h=60m n=8 avg=1.9593% med=1.4110% long(wr=50.00% wr_net=50.00% exp_net=1.7593%) short(wr=50.00% wr_net=50.00% exp_net=-2.1593%)
 11:08:
  h=1m n=6 avg=-1.1540% med=-0.9650% long(wr=33.33% wr_net=16.67% exp_net=-1.3540%) short(wr=66.67% wr_net=66.67% exp_net=0.9540%)
  h=3m n=6 avg=-0.2077% med=-0.7492% long(wr=33.33% wr_net=33.33% exp_net=-0.4077%) short(wr=66.67% wr_net=66.67% exp_net=0.0077%)
  h=5m n=6 avg=0.2419% med=-0.2470% long(wr=33.33% wr_net=33.33% exp_net=0.0419%) short(wr=66.67% wr_net=50.00% exp_net=-0.4419%)
  h=15m n=4 avg=1.3427% med=0.3285% long(wr=50.00% wr_net=50.00% exp_net=1.1427%) short(wr=50.00% wr_net=50.00% exp_net=-1.5427%)
  h=30m n=7 avg=3.3714% med=2.4620% long(wr=57.14% wr_net=57.14% exp_net=3.1714%) short(wr=28.57% wr_net=28.57% exp_net=-3.5714%)
  h=60m n=6 avg=3.7876% med=1.4903% long(wr=50.00% wr_net=50.00% exp_net=3.5876%) short(wr=50.00% wr_net=50.00% exp_net=-3.9876%)
 11:09:
  h=1m n=6 avg=-0.5602% med=0.0218% long(wr=50.00% wr_net=50.00% exp_net=-0.7602%) short(wr=50.00% wr_net=33.33% exp_net=0.3602%)
  h=3m n=6 avg=1.6317% med=1.7226% long(wr=66.67% wr_net=66.67% exp_net=1.4317%) short(wr=33.33% wr_net=33.33% exp_net=-1.8317%)
  h=5m n=6 avg=0.9907% med=-0.3578% long(wr=33.33% wr_net=33.33% exp_net=0.7907%) short(wr=66.67% wr_net=50.00% exp_net=-1.1907%)
  h=15m n=5 avg=1.8840% med=0.2656% long(wr=60.00% wr_net=60.00% exp_net=1.6840%) short(wr=40.00% wr_net=40.00% exp_net=-2.0840%)
  h=30m n=6 avg=2.3167% med=-0.7336% long(wr=50.00% wr_net=50.00% exp_net=2.1167%) short(wr=50.00% wr_net=50.00% exp_net=-2.5167%)
  h=60m n=5 avg=1.3552% med=2.0198% long(wr=60.00% wr_net=60.00% exp_net=1.1552%) short(wr=40.00% wr_net=40.00% exp_net=-1.5552%)
 11:10:
  h=1m n=6 avg=1.3002% med=0.2332% long(wr=66.67% wr_net=50.00% exp_net=1.1002%) short(wr=16.67% wr_net=16.67% exp_net=-1.5002%)
  h=3m n=5 avg=2.7204% med=-0.2584% long(wr=40.00% wr_net=40.00% exp_net=2.5204%) short(wr=60.00% wr_net=60.00% exp_net=-2.9204%)
  h=5m n=6 avg=-0.2309% med=-1.2267% long(wr=33.33% wr_net=33.33% exp_net=-0.4309%) short(wr=66.67% wr_net=66.67% exp_net=0.0309%)
  h=15m n=5 avg=-0.2044% med=-0.3135% long(wr=20.00% wr_net=20.00% exp_net=-0.4044%) short(wr=80.00% wr_net=80.00% exp_net=0.0044%)
  h=30m n=6 avg=2.6888% med=2.7152% long(wr=66.67% wr_net=66.67% exp_net=2.4888%) short(wr=33.33% wr_net=33.33% exp_net=-2.8888%)
  h=60m n=5 avg=2.9923% med=1.4629% long(wr=80.00% wr_net=60.00% exp_net=2.7923%) short(wr=20.00% wr_net=20.00% exp_net=-3.1923%)
 11:11:
  h=1m n=5 avg=0.8918% med=0.3861% long(wr=100.00% wr_net=80.00% exp_net=0.6918%) short(wr=0.00% wr_net=0.00% exp_net=-1.0918%)
  h=3m n=5 avg=-0.7459% med=-0.8661% long(wr=20.00% wr_net=20.00% exp_net=-0.9459%) short(wr=80.00% wr_net=80.00% exp_net=0.5459%)
  h=5m n=5 avg=-2.6481% med=-1.4961% long(wr=0.00% wr_net=0.00% exp_net=-2.8481%) short(wr=100.00% wr_net=100.00% exp_net=2.4481%)
  h=15m n=4 avg=-2.8003% med=-0.2409% long(wr=50.00% wr_net=50.00% exp_net=-3.0003%) short(wr=50.00% wr_net=50.00% exp_net=2.6003%)
  h=30m n=5 avg=2.1329% med=4.0945% long(wr=80.00% wr_net=80.00% exp_net=1.9329%) short(wr=20.00% wr_net=20.00% exp_net=-2.3329%)
  h=60m n=4 avg=3.9889% med=2.6916% long(wr=100.00% wr_net=100.00% exp_net=3.7889%) short(wr=0.00% wr_net=0.00% exp_net=-4.1889%)
 11:12:
  h=1m n=4 avg=0.4651% med=-0.9816% long(wr=25.00% wr_net=25.00% exp_net=0.2651%) short(wr=75.00% wr_net=75.00% exp_net=-0.6651%)
  h=3m n=5 avg=-2.4743% med=-2.0833% long(wr=0.00% wr_net=0.00% exp_net=-2.6743%) short(wr=100.00% wr_net=100.00% exp_net=2.2743%)
  h=5m n=4 avg=-1.6863% med=-1.5453% long(wr=0.00% wr_net=0.00% exp_net=-1.8863%) short(wr=100.00% wr_net=100.00% exp_net=1.4863%)
  h=15m n=5 avg=-4.1830% med=-1.9271% long(wr=20.00% wr_net=20.00% exp_net=-4.3830%) short(wr=80.00% wr_net=80.00% exp_net=3.9830%)
  h=30m n=5 avg=1.3853% med=4.0126% long(wr=80.00% wr_net=80.00% exp_net=1.1853%) short(wr=20.00% wr_net=20.00% exp_net=-1.5853%)
  h=60m n=4 avg=4.1280% med=1.7927% long(wr=100.00% wr_net=100.00% exp_net=3.9280%) short(wr=0.00% wr_net=0.00% exp_net=-4.3280%)
 11:13:
  h=1m n=5 avg=-1.7385% med=-1.0363% long(wr=20.00% wr_net=0.00% exp_net=-1.9385%) short(wr=60.00% wr_net=60.00% exp_net=1.5385%)
  h=3m n=5 avg=-3.6245% med=-1.1423% long(wr=0.00% wr_net=0.00% exp_net=-3.8245%) short(wr=100.00% wr_net=80.00% exp_net=3.4245%)
  h=5m n=5 avg=-2.4867% med=-0.9973% long(wr=20.00% wr_net=20.00% exp_net=-2.6867%) short(wr=80.00% wr_net=80.00% exp_net=2.2867%)
  h=15m n=6 avg=-0.7789% med=0.8542% long(wr=50.00% wr_net=50.00% exp_net=-0.9789%) short(wr=50.00% wr_net=33.33% exp_net=0.5789%)
  h=30m n=6 avg=0.9696% med=2.7964% long(wr=66.67% wr_net=66.67% exp_net=0.7696%) short(wr=33.33% wr_net=33.33% exp_net=-1.1696%)
  h=60m n=5 avg=6.3371% med=0.7772% long(wr=80.00% wr_net=80.00% exp_net=6.1371%) short(wr=20.00% wr_net=20.00% exp_net=-6.5371%)
 11:14:
  h=1m n=6 avg=-0.7585% med=-0.7428% long(wr=16.67% wr_net=16.67% exp_net=-0.9585%) short(wr=83.33% wr_net=66.67% exp_net=0.5585%)
  h=3m n=5 avg=0.3127% med=0.0000% long(wr=40.00% wr_net=40.00% exp_net=0.1127%) short(wr=40.00% wr_net=40.00% exp_net=-0.5127%)
  h=5m n=4 avg=1.7056% med=1.0898% long(wr=75.00% wr_net=75.00% exp_net=1.5056%) short(wr=0.00% wr_net=0.00% exp_net=-1.9056%)
  h=15m n=6 avg=1.1362% med=2.5641% long(wr=50.00% wr_net=50.00% exp_net=0.9362%) short(wr=50.00% wr_net=50.00% exp_net=-1.3362%)
  h=30m n=5 avg=-0.2552% med=1.8927% long(wr=60.00% wr_net=60.00% exp_net=-0.4552%) short(wr=40.00% wr_net=40.00% exp_net=0.0552%)
  h=60m n=5 avg=1.0278% med=0.3155% long(wr=60.00% wr_net=60.00% exp_net=0.8278%) short(wr=40.00% wr_net=40.00% exp_net=-1.2278%)
 11:15:
  h=1m n=6 avg=-0.8271% med=-0.1937% long(wr=50.00% wr_net=50.00% exp_net=-1.0271%) short(wr=50.00% wr_net=50.00% exp_net=0.6271%)
  h=3m n=5 avg=0.3526% med=0.3300% long(wr=80.00% wr_net=60.00% exp_net=0.1526%) short(wr=20.00% wr_net=20.00% exp_net=-0.5526%)
  h=5m n=5 avg=1.4974% med=1.1936% long(wr=60.00% wr_net=60.00% exp_net=1.2974%) short(wr=20.00% wr_net=20.00% exp_net=-1.6974%)
  h=15m n=6 avg=1.1472% med=2.2461% long(wr=50.00% wr_net=50.00% exp_net=0.9472%) short(wr=50.00% wr_net=50.00% exp_net=-1.3472%)
  h=30m n=5 avg=-1.1816% med=-1.9361% long(wr=40.00% wr_net=40.00% exp_net=-1.3816%) short(wr=60.00% wr_net=60.00% exp_net=0.9816%)
  h=60m n=5 avg=-0.4880% med=-2.6403% long(wr=40.00% wr_net=40.00% exp_net=-0.6880%) short(wr=60.00% wr_net=60.00% exp_net=0.2880%)
 11:16:
  h=1m n=4 avg=0.6242% med=0.4190% long(wr=50.00% wr_net=50.00% exp_net=0.4242%) short(wr=50.00% wr_net=50.00% exp_net=-0.8242%)
  h=3m n=3 avg=-0.0819% med=-0.9079% long(wr=33.33% wr_net=33.33% exp_net=-0.2819%) short(wr=66.67% wr_net=66.67% exp_net=-0.1181%)
  h=5m n=4 avg=1.6199% med=-1.1035% long(wr=25.00% wr_net=25.00% exp_net=1.4199%) short(wr=75.00% wr_net=75.00% exp_net=-1.8199%)
  h=15m n=4 avg=3.2167% med=1.9149% long(wr=50.00% wr_net=50.00% exp_net=3.0167%) short(wr=50.00% wr_net=50.00% exp_net=-3.4167%)
  h=30m n=4 avg=1.7132% med=0.8374% long(wr=50.00% wr_net=50.00% exp_net=1.5132%) short(wr=50.00% wr_net=50.00% exp_net=-1.9132%)
  h=60m n=4 avg=0.0839% med=0.0468% long(wr=50.00% wr_net=50.00% exp_net=-0.1161%) short(wr=50.00% wr_net=50.00% exp_net=-0.2839%)
 11:17:
  h=1m n=5 avg=-0.2022% med=0.0000% long(wr=40.00% wr_net=40.00% exp_net=-0.4022%) short(wr=40.00% wr_net=40.00% exp_net=0.0022%)
  h=3m n=5 avg=0.4619% med=-0.3289% long(wr=40.00% wr_net=40.00% exp_net=0.2619%) short(wr=60.00% wr_net=60.00% exp_net=-0.6619%)
  h=5m n=5 avg=-0.3606% med=-1.8253% long(wr=40.00% wr_net=40.00% exp_net=-0.5606%) short(wr=60.00% wr_net=60.00% exp_net=0.1606%)
  h=15m n=5 avg=3.0426% med=1.6820% long(wr=60.00% wr_net=60.00% exp_net=2.8426%) short(wr=40.00% wr_net=40.00% exp_net=-3.2426%)
  h=30m n=5 avg=0.3102% med=0.7645% long(wr=60.00% wr_net=60.00% exp_net=0.1102%) short(wr=40.00% wr_net=40.00% exp_net=-0.5102%)
  h=60m n=5 avg=-1.0855% med=-2.9605% long(wr=40.00% wr_net=40.00% exp_net=-1.2855%) short(wr=60.00% wr_net=60.00% exp_net=0.8855%)
 11:18:
  h=1m n=4 avg=3.9122% med=0.1917% long(wr=75.00% wr_net=50.00% exp_net=3.7122%) short(wr=25.00% wr_net=0.00% exp_net=-4.1122%)
  h=3m n=4 avg=1.5921% med=-0.5640% long(wr=25.00% wr_net=25.00% exp_net=1.3921%) short(wr=75.00% wr_net=75.00% exp_net=-1.7921%)
  h=5m n=4 avg=-0.7023% med=-1.4548% long(wr=25.00% wr_net=25.00% exp_net=-0.9023%) short(wr=75.00% wr_net=75.00% exp_net=0.5023%)
  h=15m n=3 avg=7.6080% med=10.3268% long(wr=100.00% wr_net=100.00% exp_net=7.4080%) short(wr=0.00% wr_net=0.00% exp_net=-7.8080%)
  h=30m n=4 avg=7.2321% med=1.3211% long(wr=50.00% wr_net=50.00% exp_net=7.0321%) short(wr=50.00% wr_net=50.00% exp_net=-7.4321%)
  h=60m n=4 avg=15.8599% med=7.1791% long(wr=75.00% wr_net=75.00% exp_net=15.6599%) short(wr=25.00% wr_net=25.00% exp_net=-16.0599%)
 11:19:
  h=1m n=5 avg=0.7767% med=0.2098% long(wr=60.00% wr_net=60.00% exp_net=0.5767%) short(wr=40.00% wr_net=20.00% exp_net=-0.9767%)
  h=3m n=5 avg=1.4106% med=-0.4188% long(wr=40.00% wr_net=40.00% exp_net=1.2106%) short(wr=60.00% wr_net=60.00% exp_net=-1.6106%)
  h=5m n=6 avg=-0.1381% med=-0.9555% long(wr=33.33% wr_net=33.33% exp_net=-0.3381%) short(wr=66.67% wr_net=66.67% exp_net=-0.0619%)
  h=15m n=5 avg=5.6981% med=3.1619% long(wr=80.00% wr_net=80.00% exp_net=5.4981%) short(wr=20.00% wr_net=20.00% exp_net=-5.8981%)
  h=30m n=5 avg=2.7104% med=0.5236% long(wr=60.00% wr_net=60.00% exp_net=2.5104%) short(wr=40.00% wr_net=40.00% exp_net=-2.9104%)
  h=60m n=6 avg=5.3337% med=3.4686% long(wr=50.00% wr_net=50.00% exp_net=5.1337%) short(wr=33.33% wr_net=33.33% exp_net=-5.5337%)
 11:20:
  h=1m n=6 avg=1.0516% med=-0.0523% long(wr=50.00% wr_net=33.33% exp_net=0.8516%) short(wr=50.00% wr_net=50.00% exp_net=-1.2516%)
  h=3m n=6 avg=-0.3916% med=-1.2658% long(wr=16.67% wr_net=16.67% exp_net=-0.5916%) short(wr=83.33% wr_net=66.67% exp_net=0.1916%)
  h=5m n=6 avg=0.6060% med=-0.1860% long(wr=50.00% wr_net=33.33% exp_net=0.4060%) short(wr=50.00% wr_net=50.00% exp_net=-0.8060%)
  h=15m n=6 avg=4.4228% med=0.6725% long(wr=66.67% wr_net=66.67% exp_net=4.2228%) short(wr=33.33% wr_net=33.33% exp_net=-4.6228%)
  h=30m n=4 avg=-1.5914% med=-0.8002% long(wr=50.00% wr_net=50.00% exp_net=-1.7914%) short(wr=50.00% wr_net=50.00% exp_net=1.3914%)
  h=60m n=5 avg=-0.3176% med=-0.2625% long(wr=40.00% wr_net=40.00% exp_net=-0.5176%) short(wr=60.00% wr_net=60.00% exp_net=0.1176%)
 11:21:
  h=1m n=5 avg=-0.7202% med=-0.3145% long(wr=20.00% wr_net=0.00% exp_net=-0.9202%) short(wr=60.00% wr_net=60.00% exp_net=0.5202%)
  h=3m n=5 avg=-0.7059% med=-0.6289% long(wr=20.00% wr_net=20.00% exp_net=-0.9059%) short(wr=60.00% wr_net=60.00% exp_net=0.5059%)
  h=5m n=5 avg=0.1316% med=0.8721% long(wr=60.00% wr_net=60.00% exp_net=-0.0684%) short(wr=40.00% wr_net=40.00% exp_net=-0.3316%)
  h=15m n=5 avg=4.5619% med=5.8140% long(wr=60.00% wr_net=60.00% exp_net=4.3619%) short(wr=40.00% wr_net=20.00% exp_net=-4.7619%)
  h=30m n=4 avg=-1.2381% med=-0.3824% long(wr=50.00% wr_net=50.00% exp_net=-1.4381%) short(wr=50.00% wr_net=50.00% exp_net=1.0381%)
  h=60m n=5 avg=1.1698% med=0.7338% long(wr=60.00% wr_net=60.00% exp_net=0.9698%) short(wr=40.00% wr_net=40.00% exp_net=-1.3698%)
 11:22:
  h=1m n=7 avg=-0.6733% med=-0.2907% long(wr=14.29% wr_net=14.29% exp_net=-0.8733%) short(wr=71.43% wr_net=57.14% exp_net=0.4733%)
  h=3m n=7 avg=-0.3645% med=0.3155% long(wr=57.14% wr_net=57.14% exp_net=-0.5645%) short(wr=42.86% wr_net=42.86% exp_net=0.1645%)
  h=5m n=7 avg=-0.0361% med=-0.3040% long(wr=42.86% wr_net=42.86% exp_net=-0.2361%) short(wr=57.14% wr_net=57.14% exp_net=-0.1639%)
  h=15m n=7 avg=3.3091% med=3.5752% long(wr=71.43% wr_net=71.43% exp_net=3.1091%) short(wr=28.57% wr_net=28.57% exp_net=-3.5091%)
  h=30m n=7 avg=-2.4166% med=-1.7264% long(wr=28.57% wr_net=28.57% exp_net=-2.6166%) short(wr=71.43% wr_net=71.43% exp_net=2.2166%)
  h=60m n=7 avg=-0.4184% med=1.1567% long(wr=57.14% wr_net=57.14% exp_net=-0.6184%) short(wr=42.86% wr_net=42.86% exp_net=0.2184%)
 11:23:
  h=1m n=5 avg=0.5745% med=0.3989% long(wr=80.00% wr_net=80.00% exp_net=0.3745%) short(wr=20.00% wr_net=20.00% exp_net=-0.7745%)
  h=3m n=5 avg=1.4239% med=1.1662% long(wr=80.00% wr_net=80.00% exp_net=1.2239%) short(wr=20.00% wr_net=20.00% exp_net=-1.6239%)
  h=5m n=5 avg=1.9488% med=1.9541% long(wr=80.00% wr_net=80.00% exp_net=1.7488%) short(wr=20.00% wr_net=0.00% exp_net=-2.1488%)
  h=15m n=5 avg=5.0708% med=4.9563% long(wr=80.00% wr_net=80.00% exp_net=4.8708%) short(wr=20.00% wr_net=20.00% exp_net=-5.2708%)
  h=30m n=5 avg=0.5754% med=1.3144% long(wr=60.00% wr_net=60.00% exp_net=0.3754%) short(wr=40.00% wr_net=40.00% exp_net=-0.7754%)
  h=60m n=5 avg=2.4163% med=3.5904% long(wr=80.00% wr_net=80.00% exp_net=2.2163%) short(wr=20.00% wr_net=20.00% exp_net=-2.6163%)
 11:24:
  h=1m n=5 avg=2.0754% med=1.4607% long(wr=80.00% wr_net=80.00% exp_net=1.8754%) short(wr=20.00% wr_net=20.00% exp_net=-2.2754%)
  h=3m n=5 avg=1.8072% med=1.7629% long(wr=100.00% wr_net=80.00% exp_net=1.6072%) short(wr=0.00% wr_net=0.00% exp_net=-2.0072%)
  h=5m n=5 avg=3.1814% med=2.8278% long(wr=100.00% wr_net=100.00% exp_net=2.9814%) short(wr=0.00% wr_net=0.00% exp_net=-3.3814%)
  h=15m n=4 avg=3.6135% med=7.5105% long(wr=75.00% wr_net=75.00% exp_net=3.4135%) short(wr=25.00% wr_net=25.00% exp_net=-3.8135%)
  h=30m n=5 avg=6.5230% med=3.8701% long(wr=60.00% wr_net=60.00% exp_net=6.3230%) short(wr=40.00% wr_net=40.00% exp_net=-6.7230%)
  h=60m n=5 avg=8.4343% med=4.1965% long(wr=80.00% wr_net=80.00% exp_net=8.2343%) short(wr=20.00% wr_net=20.00% exp_net=-8.6343%)
 11:25:
  h=1m n=6 avg=-1.1733% med=-0.3272% long(wr=50.00% wr_net=50.00% exp_net=-1.3733%) short(wr=50.00% wr_net=50.00% exp_net=0.9733%)
  h=3m n=6 avg=-0.2747% med=-0.2819% long(wr=33.33% wr_net=33.33% exp_net=-0.4747%) short(wr=66.67% wr_net=50.00% exp_net=0.0747%)
  h=5m n=6 avg=0.6237% med=-0.0382% long(wr=50.00% wr_net=50.00% exp_net=0.4237%) short(wr=50.00% wr_net=50.00% exp_net=-0.8237%)
  h=15m n=5 avg=2.5323% med=5.9249% long(wr=80.00% wr_net=80.00% exp_net=2.3323%) short(wr=20.00% wr_net=20.00% exp_net=-2.7323%)
  h=30m n=6 avg=3.6814% med=4.0178% long(wr=66.67% wr_net=66.67% exp_net=3.4814%) short(wr=33.33% wr_net=33.33% exp_net=-3.8814%)
  h=60m n=5 avg=0.7244% med=1.5723% long(wr=80.00% wr_net=60.00% exp_net=0.5244%) short(wr=20.00% wr_net=20.00% exp_net=-0.9244%)
 11:26:
  h=1m n=5 avg=1.0578% med=0.5764% long(wr=60.00% wr_net=60.00% exp_net=0.8578%) short(wr=40.00% wr_net=20.00% exp_net=-1.2578%)
  h=3m n=5 avg=2.4047% med=3.1928% long(wr=80.00% wr_net=80.00% exp_net=2.2047%) short(wr=20.00% wr_net=20.00% exp_net=-2.6047%)
  h=5m n=4 avg=2.3758% med=2.6509% long(wr=75.00% wr_net=75.00% exp_net=2.1758%) short(wr=25.00% wr_net=25.00% exp_net=-2.5758%)
  h=15m n=4 avg=2.5230% med=4.3980% long(wr=75.00% wr_net=75.00% exp_net=2.3230%) short(wr=25.00% wr_net=25.00% exp_net=-2.7230%)
  h=30m n=5 avg=5.9171% med=5.3314% long(wr=60.00% wr_net=60.00% exp_net=5.7171%) short(wr=40.00% wr_net=40.00% exp_net=-6.1171%)
  h=60m n=5 avg=5.2252% med=4.1402% long(wr=60.00% wr_net=60.00% exp_net=5.0252%) short(wr=40.00% wr_net=40.00% exp_net=-5.4252%)
 11:27:
  h=1m n=5 avg=-0.0297% med=-0.5556% long(wr=40.00% wr_net=40.00% exp_net=-0.2297%) short(wr=60.00% wr_net=60.00% exp_net=-0.1703%)
  h=3m n=5 avg=1.1175% med=0.0000% long(wr=40.00% wr_net=40.00% exp_net=0.9175%) short(wr=40.00% wr_net=40.00% exp_net=-1.3175%)
  h=5m n=5 avg=3.9852% med=6.1345% long(wr=60.00% wr_net=60.00% exp_net=3.7852%) short(wr=20.00% wr_net=20.00% exp_net=-4.1852%)
  h=15m n=4 avg=2.3509% med=4.6866% long(wr=75.00% wr_net=75.00% exp_net=2.1509%) short(wr=25.00% wr_net=25.00% exp_net=-2.5509%)
  h=30m n=5 avg=4.6253% med=5.0143% long(wr=60.00% wr_net=60.00% exp_net=4.4253%) short(wr=40.00% wr_net=40.00% exp_net=-4.8253%)
  h=60m n=4 avg=0.1308% med=1.7660% long(wr=50.00% wr_net=50.00% exp_net=-0.0692%) short(wr=50.00% wr_net=50.00% exp_net=-0.3308%)
 11:28:
  h=1m n=6 avg=1.1212% med=0.4174% long(wr=83.33% wr_net=66.67% exp_net=0.9212%) short(wr=16.67% wr_net=0.00% exp_net=-1.3212%)
  h=3m n=5 avg=1.4201% med=1.0130% long(wr=60.00% wr_net=60.00% exp_net=1.2201%) short(wr=40.00% wr_net=40.00% exp_net=-1.6201%)
  h=5m n=5 avg=1.9489% med=1.3636% long(wr=80.00% wr_net=80.00% exp_net=1.7489%) short(wr=20.00% wr_net=20.00% exp_net=-2.1489%)
  h=15m n=6 avg=2.9945% med=3.7587% long(wr=83.33% wr_net=83.33% exp_net=2.7945%) short(wr=16.67% wr_net=16.67% exp_net=-3.1945%)
  h=30m n=6 avg=4.3535% med=1.5488% long(wr=50.00% wr_net=50.00% exp_net=4.1535%) short(wr=50.00% wr_net=50.00% exp_net=-4.5535%)
  h=60m n=6 avg=3.1542% med=0.5534% long(wr=50.00% wr_net=50.00% exp_net=2.9542%) short(wr=50.00% wr_net=50.00% exp_net=-3.3542%)
 11:29:
  h=1m n=5 avg=-0.2302% med=0.6188% long(wr=60.00% wr_net=60.00% exp_net=-0.4302%) short(wr=40.00% wr_net=40.00% exp_net=0.0302%)
  h=3m n=5 avg=2.6179% med=4.4554% long(wr=80.00% wr_net=80.00% exp_net=2.4179%) short(wr=20.00% wr_net=20.00% exp_net=-2.8179%)
  h=5m n=4 avg=1.8605% med=3.2078% long(wr=75.00% wr_net=75.00% exp_net=1.6605%) short(wr=25.00% wr_net=25.00% exp_net=-2.0605%)
  h=15m n=5 avg=0.7890% med=6.0833% long(wr=60.00% wr_net=60.00% exp_net=0.5890%) short(wr=40.00% wr_net=40.00% exp_net=-0.9890%)
  h=30m n=5 avg=4.0121% med=2.9979% long(wr=60.00% wr_net=60.00% exp_net=3.8121%) short(wr=40.00% wr_net=40.00% exp_net=-4.2121%)
  h=60m n=5 avg=2.9158% med=2.4778% long(wr=60.00% wr_net=60.00% exp_net=2.7158%) short(wr=40.00% wr_net=40.00% exp_net=-3.1158%)
 11:30:
  h=1m n=5 avg=-0.2997% med=0.0000% long(wr=20.00% wr_net=20.00% exp_net=-0.4997%) short(wr=40.00% wr_net=40.00% exp_net=0.0997%)
  h=3m n=5 avg=0.1982% med=0.4665% long(wr=60.00% wr_net=60.00% exp_net=-0.0018%) short(wr=20.00% wr_net=20.00% exp_net=-0.3982%)
  h=5m n=5 avg=2.1511% med=0.6061% long(wr=60.00% wr_net=60.00% exp_net=1.9511%) short(wr=20.00% wr_net=20.00% exp_net=-2.3511%)
  h=15m n=6 avg=3.2536% med=1.7928% long(wr=66.67% wr_net=66.67% exp_net=3.0536%) short(wr=33.33% wr_net=33.33% exp_net=-3.4536%)
  h=30m n=6 avg=5.4698% med=0.0543% long(wr=50.00% wr_net=50.00% exp_net=5.2698%) short(wr=50.00% wr_net=50.00% exp_net=-5.6698%)
  h=60m n=6 avg=1.7244% med=-2.2864% long(wr=33.33% wr_net=33.33% exp_net=1.5244%) short(wr=66.67% wr_net=66.67% exp_net=-1.9244%)
 11:31:
  h=1m n=5 avg=0.3388% med=-0.3790% long(wr=20.00% wr_net=20.00% exp_net=0.1388%) short(wr=60.00% wr_net=60.00% exp_net=-0.5388%)
  h=3m n=5 avg=1.0955% med=-0.1433% long(wr=40.00% wr_net=40.00% exp_net=0.8955%) short(wr=60.00% wr_net=20.00% exp_net=-1.2955%)
  h=5m n=5 avg=2.1831% med=3.7805% long(wr=60.00% wr_net=60.00% exp_net=1.9831%) short(wr=40.00% wr_net=40.00% exp_net=-2.3831%)
  h=15m n=4 avg=-2.7001% med=-2.9562% long(wr=25.00% wr_net=25.00% exp_net=-2.9001%) short(wr=75.00% wr_net=75.00% exp_net=2.5001%)
  h=30m n=5 avg=-2.0484% med=-3.1707% long(wr=20.00% wr_net=20.00% exp_net=-2.2484%) short(wr=80.00% wr_net=80.00% exp_net=1.8484%)
  h=60m n=5 avg=-2.3881% med=-5.3659% long(wr=20.00% wr_net=20.00% exp_net=-2.5881%) short(wr=80.00% wr_net=80.00% exp_net=2.1881%)
 11:32:
  h=1m n=5 avg=-0.1525% med=0.0000% long(wr=40.00% wr_net=40.00% exp_net=-0.3525%) short(wr=20.00% wr_net=20.00% exp_net=-0.0475%)
  h=3m n=5 avg=1.7834% med=0.0000% long(wr=40.00% wr_net=40.00% exp_net=1.5834%) short(wr=40.00% wr_net=20.00% exp_net=-1.9834%)
  h=5m n=6 avg=1.5130% med=0.5577% long(wr=50.00% wr_net=50.00% exp_net=1.3130%) short(wr=50.00% wr_net=33.33% exp_net=-1.7130%)
  h=15m n=6 avg=-1.2986% med=-3.5317% long(wr=33.33% wr_net=33.33% exp_net=-1.4986%) short(wr=66.67% wr_net=66.67% exp_net=1.0986%)
  h=30m n=6 avg=4.0554% med=-1.6379% long(wr=33.33% wr_net=33.33% exp_net=3.8554%) short(wr=66.67% wr_net=66.67% exp_net=-4.2554%)
  h=60m n=6 avg=-0.4485% med=-1.9102% long(wr=33.33% wr_net=33.33% exp_net=-0.6485%) short(wr=66.67% wr_net=66.67% exp_net=0.2485%)
 11:33:
  h=1m n=5 avg=0.7775% med=0.6565% long(wr=80.00% wr_net=80.00% exp_net=0.5775%) short(wr=20.00% wr_net=0.00% exp_net=-0.9775%)
  h=3m n=5 avg=2.7836% med=4.2980% long(wr=80.00% wr_net=80.00% exp_net=2.5836%) short(wr=20.00% wr_net=20.00% exp_net=-2.9836%)
  h=5m n=5 avg=1.4417% med=3.1519% long(wr=60.00% wr_net=60.00% exp_net=1.2417%) short(wr=40.00% wr_net=40.00% exp_net=-1.6417%)
  h=15m n=4 avg=-0.2226% med=-1.2451% long(wr=25.00% wr_net=25.00% exp_net=-0.4226%) short(wr=75.00% wr_net=75.00% exp_net=0.0226%)
  h=30m n=5 avg=-1.0857% med=-2.9019% long(wr=20.00% wr_net=20.00% exp_net=-1.2857%) short(wr=80.00% wr_net=80.00% exp_net=0.8857%)
  h=60m n=5 avg=-1.2106% med=-3.0180% long(wr=40.00% wr_net=40.00% exp_net=-1.4106%) short(wr=60.00% wr_net=60.00% exp_net=1.0106%)
 11:34:
  h=1m n=8 avg=0.9615% med=0.2840% long(wr=62.50% wr_net=50.00% exp_net=0.7615%) short(wr=37.50% wr_net=37.50% exp_net=-1.1615%)
  h=3m n=8 avg=0.7012% med=-0.5103% long(wr=50.00% wr_net=37.50% exp_net=0.5012%) short(wr=50.00% wr_net=50.00% exp_net=-0.9012%)
  h=5m n=8 avg=-1.0080% med=-0.4464% long(wr=37.50% wr_net=37.50% exp_net=-1.2080%) short(wr=50.00% wr_net=50.00% exp_net=0.8080%)
  h=15m n=7 avg=-2.4766% med=-2.0173% long(wr=14.29% wr_net=14.29% exp_net=-2.6766%) short(wr=85.71% wr_net=85.71% exp_net=2.2766%)
  h=30m n=8 avg=-3.0057% med=-3.4499% long(wr=25.00% wr_net=12.50% exp_net=-3.2057%) short(wr=75.00% wr_net=75.00% exp_net=2.8057%)
  h=60m n=7 avg=-1.1127% med=-4.4067% long(wr=42.86% wr_net=42.86% exp_net=-1.3127%) short(wr=57.14% wr_net=57.14% exp_net=0.9127%)
 11:35:
  h=1m n=9 avg=-0.0798% med=-0.3687% long(wr=22.22% wr_net=22.22% exp_net=-0.2798%) short(wr=77.78% wr_net=66.67% exp_net=-0.1202%)
  h=3m n=9 avg=-0.5807% med=-0.6320% long(wr=33.33% wr_net=33.33% exp_net=-0.7807%) short(wr=55.56% wr_net=55.56% exp_net=0.3807%)
  h=5m n=9 avg=-1.8595% med=-1.6269% long(wr=22.22% wr_net=22.22% exp_net=-2.0595%) short(wr=66.67% wr_net=66.67% exp_net=1.6595%)
  h=15m n=8 avg=-3.0083% med=-3.1571% long(wr=25.00% wr_net=25.00% exp_net=-3.2083%) short(wr=75.00% wr_net=75.00% exp_net=2.8083%)
  h=30m n=9 avg=-3.8832% med=-3.3080% long(wr=22.22% wr_net=22.22% exp_net=-4.0832%) short(wr=77.78% wr_net=77.78% exp_net=3.6832%)
  h=60m n=9 avg=-3.0810% med=-3.9378% long(wr=33.33% wr_net=33.33% exp_net=-3.2810%) short(wr=66.67% wr_net=66.67% exp_net=2.8810%)
 11:36:
  h=1m n=8 avg=-0.7218% med=-0.2728% long(wr=50.00% wr_net=37.50% exp_net=-0.9218%) short(wr=50.00% wr_net=50.00% exp_net=0.5218%)
  h=3m n=8 avg=-1.4278% med=-1.5399% long(wr=25.00% wr_net=25.00% exp_net=-1.6278%) short(wr=75.00% wr_net=75.00% exp_net=1.2278%)
  h=5m n=8 avg=-2.6077% med=-1.2975% long(wr=37.50% wr_net=37.50% exp_net=-2.8077%) short(wr=62.50% wr_net=62.50% exp_net=2.4077%)
  h=15m n=7 avg=-1.3189% med=-1.7198% long(wr=42.86% wr_net=42.86% exp_net=-1.5189%) short(wr=57.14% wr_net=57.14% exp_net=1.1189%)
  h=30m n=8 avg=-2.3669% med=-2.5315% long(wr=37.50% wr_net=37.50% exp_net=-2.5669%) short(wr=62.50% wr_net=62.50% exp_net=2.1669%)
  h=60m n=8 avg=-2.5478% med=-2.5682% long(wr=25.00% wr_net=25.00% exp_net=-2.7478%) short(wr=62.50% wr_net=62.50% exp_net=2.3478%)
 11:37:
  h=1m n=9 avg=0.4486% med=-0.1015% long(wr=44.44% wr_net=33.33% exp_net=0.2486%) short(wr=55.56% wr_net=44.44% exp_net=-0.6486%)
  h=3m n=8 avg=-1.4510% med=-1.1587% long(wr=0.00% wr_net=0.00% exp_net=-1.6510%) short(wr=75.00% wr_net=75.00% exp_net=1.2510%)
  h=5m n=8 avg=-1.3859% med=-1.5493% long(wr=12.50% wr_net=12.50% exp_net=-1.5859%) short(wr=87.50% wr_net=87.50% exp_net=1.1859%)
  h=15m n=9 avg=-3.2330% med=-1.4721% long(wr=11.11% wr_net=11.11% exp_net=-3.4330%) short(wr=77.78% wr_net=77.78% exp_net=3.0330%)
  h=30m n=7 avg=-0.9802% med=-2.2335% long(wr=28.57% wr_net=28.57% exp_net=-1.1802%) short(wr=71.43% wr_net=71.43% exp_net=0.7802%)
  h=60m n=8 avg=-3.1485% med=-3.5839% long(wr=25.00% wr_net=25.00% exp_net=-3.3485%) short(wr=75.00% wr_net=75.00% exp_net=2.9485%)
 11:38:
  h=1m n=10 avg=-0.2039% med=0.0845% long(wr=50.00% wr_net=40.00% exp_net=-0.4039%) short(wr=40.00% wr_net=40.00% exp_net=0.0039%)
  h=3m n=10 avg=-0.5065% med=-0.8938% long(wr=40.00% wr_net=30.00% exp_net=-0.7065%) short(wr=60.00% wr_net=60.00% exp_net=0.3065%)
  h=5m n=11 avg=-1.4073% med=-1.5931% long(wr=18.18% wr_net=18.18% exp_net=-1.6073%) short(wr=72.73% wr_net=63.64% exp_net=1.2073%)
  h=15m n=10 avg=-0.9324% med=-1.1300% long(wr=40.00% wr_net=30.00% exp_net=-1.1324%) short(wr=60.00% wr_net=50.00% exp_net=0.7324%)
  h=30m n=10 avg=0.1836% med=-0.8638% long(wr=40.00% wr_net=40.00% exp_net=-0.0164%) short(wr=50.00% wr_net=50.00% exp_net=-0.3836%)
  h=60m n=10 avg=-2.9108% med=-3.4036% long(wr=30.00% wr_net=30.00% exp_net=-3.1108%) short(wr=70.00% wr_net=70.00% exp_net=2.7108%)
 11:39:
  h=1m n=9 avg=-0.2350% med=-0.4219% long(wr=33.33% wr_net=33.33% exp_net=-0.4350%) short(wr=66.67% wr_net=66.67% exp_net=0.0350%)
  h=3m n=9 avg=-0.1710% med=0.0000% long(wr=33.33% wr_net=22.22% exp_net=-0.3710%) short(wr=44.44% wr_net=44.44% exp_net=-0.0290%)
  h=5m n=9 avg=-0.3757% med=-0.5907% long(wr=44.44% wr_net=44.44% exp_net=-0.5757%) short(wr=55.56% wr_net=55.56% exp_net=0.1757%)
  h=15m n=9 avg=-3.0727% med=-2.2785% long(wr=22.22% wr_net=22.22% exp_net=-3.2727%) short(wr=77.78% wr_net=77.78% exp_net=2.8727%)
  h=30m n=8 avg=-1.0369% med=-1.8385% long(wr=25.00% wr_net=25.00% exp_net=-1.2369%) short(wr=62.50% wr_net=62.50% exp_net=0.8369%)
  h=60m n=8 avg=-1.8446% med=-2.9072% long(wr=37.50% wr_net=37.50% exp_net=-2.0446%) short(wr=62.50% wr_net=62.50% exp_net=1.6446%)
 11:40:
  h=1m n=8 avg=-0.0316% med=0.0258% long(wr=50.00% wr_net=37.50% exp_net=-0.2316%) short(wr=37.50% wr_net=25.00% exp_net=-0.1684%)
  h=3m n=8 avg=-0.5096% med=-0.2304% long(wr=25.00% wr_net=12.50% exp_net=-0.7096%) short(wr=62.50% wr_net=50.00% exp_net=0.3096%)
  h=5m n=8 avg=-0.8343% med=-0.6602% long(wr=25.00% wr_net=12.50% exp_net=-1.0343%) short(wr=75.00% wr_net=75.00% exp_net=0.6343%)
  h=15m n=8 avg=-2.8776% med=-1.8593% long(wr=25.00% wr_net=12.50% exp_net=-3.0776%) short(wr=75.00% wr_net=75.00% exp_net=2.6776%)
  h=30m n=7 avg=-0.9453% med=-1.2712% long(wr=42.86% wr_net=42.86% exp_net=-1.1453%) short(wr=57.14% wr_net=57.14% exp_net=0.7453%)
  h=60m n=8 avg=-1.1161% med=0.3779% long(wr=50.00% wr_net=50.00% exp_net=-1.3161%) short(wr=50.00% wr_net=50.00% exp_net=0.9161%)
 11:41:
  h=1m n=7 avg=0.0510% med=0.0000% long(wr=42.86% wr_net=28.57% exp_net=-0.1490%) short(wr=42.86% wr_net=28.57% exp_net=-0.2510%)
  h=3m n=7 avg=-0.2952% med=-0.0756% long(wr=28.57% wr_net=14.29% exp_net=-0.4952%) short(wr=71.43% wr_net=42.86% exp_net=0.0952%)
  h=5m n=7 avg=-1.8735% med=-1.4993% long(wr=28.57% wr_net=28.57% exp_net=-2.0735%) short(wr=71.43% wr_net=71.43% exp_net=1.6735%)
  h=15m n=7 avg=-2.7560% med=-2.0990% long(wr=0.00% wr_net=0.00% exp_net=-2.9560%) short(wr=100.00% wr_net=85.71% exp_net=2.5560%)
  h=30m n=7 avg=-1.8290% med=-2.9189% long(wr=42.86% wr_net=42.86% exp_net=-2.0290%) short(wr=57.14% wr_net=57.14% exp_net=1.6290%)
  h=60m n=7 avg=-1.0375% med=-1.4956% long(wr=42.86% wr_net=42.86% exp_net=-1.2375%) short(wr=57.14% wr_net=57.14% exp_net=0.8375%)
 11:42:
  h=1m n=7 avg=-0.7003% med=-0.2680% long(wr=14.29% wr_net=14.29% exp_net=-0.9003%) short(wr=71.43% wr_net=57.14% exp_net=0.5003%)
  h=3m n=7 avg=-1.0100% med=-0.9784% long(wr=14.29% wr_net=14.29% exp_net=-1.2100%) short(wr=85.71% wr_net=71.43% exp_net=0.8100%)
  h=5m n=7 avg=-2.5969% med=-2.0424% long(wr=28.57% wr_net=14.29% exp_net=-2.7969%) short(wr=71.43% wr_net=71.43% exp_net=2.3969%)
  h=15m n=7 avg=-2.3366% med=-2.2523% long(wr=28.57% wr_net=28.57% exp_net=-2.5366%) short(wr=71.43% wr_net=71.43% exp_net=2.1366%)
  h=30m n=6 avg=-1.1320% med=-2.4894% long(wr=33.33% wr_net=33.33% exp_net=-1.3320%) short(wr=66.67% wr_net=66.67% exp_net=0.9320%)
  h=60m n=6 avg=-1.4274% med=-2.9539% long(wr=33.33% wr_net=33.33% exp_net=-1.6274%) short(wr=66.67% wr_net=66.67% exp_net=1.2274%)
 11:43:
  h=1m n=9 avg=-0.4479% med=0.0758% long(wr=55.56% wr_net=44.44% exp_net=-0.6479%) short(wr=33.33% wr_net=33.33% exp_net=0.2479%)
  h=3m n=9 avg=0.7168% med=-0.1245% long(wr=44.44% wr_net=33.33% exp_net=0.5168%) short(wr=55.56% wr_net=44.44% exp_net=-0.9168%)
  h=5m n=8 avg=0.2817% med=-0.4337% long(wr=37.50% wr_net=37.50% exp_net=0.0817%) short(wr=62.50% wr_net=62.50% exp_net=-0.4817%)
  h=15m n=9 avg=0.9884% med=-0.9733% long(wr=44.44% wr_net=44.44% exp_net=0.7884%) short(wr=55.56% wr_net=55.56% exp_net=-1.1884%)
  h=30m n=8 avg=0.4349% med=-2.1778% long(wr=37.50% wr_net=37.50% exp_net=0.2349%) short(wr=62.50% wr_net=62.50% exp_net=-0.6349%)
  h=60m n=8 avg=-0.2433% med=-0.0747% long(wr=50.00% wr_net=50.00% exp_net=-0.4433%) short(wr=50.00% wr_net=50.00% exp_net=0.0433%)
 11:44:
  h=1m n=8 avg=1.2262% med=-0.9467% long(wr=25.00% wr_net=25.00% exp_net=1.0262%) short(wr=75.00% wr_net=75.00% exp_net=-1.4262%)
  h=3m n=7 avg=-0.2583% med=-1.3473% long(wr=42.86% wr_net=42.86% exp_net=-0.4583%) short(wr=57.14% wr_net=57.14% exp_net=0.0583%)
  h=5m n=7 avg=1.0492% med=-0.9288% long(wr=28.57% wr_net=28.57% exp_net=0.8492%) short(wr=71.43% wr_net=71.43% exp_net=-1.2492%)
  h=15m n=7 avg=2.3225% med=-0.6192% long(wr=28.57% wr_net=28.57% exp_net=2.1225%) short(wr=71.43% wr_net=71.43% exp_net=-2.5225%)
  h=30m n=7 avg=0.2700% med=-0.6227% long(wr=42.86% wr_net=42.86% exp_net=0.0700%) short(wr=57.14% wr_net=57.14% exp_net=-0.4700%)
  h=60m n=5 avg=-3.1883% med=-2.3736% long(wr=20.00% wr_net=20.00% exp_net=-3.3883%) short(wr=80.00% wr_net=80.00% exp_net=2.9883%)
 11:45:
  h=1m n=9 avg=-1.2454% med=-0.5348% long(wr=44.44% wr_net=33.33% exp_net=-1.4454%) short(wr=55.56% wr_net=55.56% exp_net=1.0454%)
  h=3m n=8 avg=-1.3513% med=-0.8028% long(wr=37.50% wr_net=37.50% exp_net=-1.5513%) short(wr=62.50% wr_net=62.50% exp_net=1.1513%)
  h=5m n=8 avg=-2.8549% med=-2.0838% long(wr=25.00% wr_net=12.50% exp_net=-3.0549%) short(wr=62.50% wr_net=62.50% exp_net=2.6549%)
  h=15m n=9 avg=0.2015% med=-1.2610% long(wr=33.33% wr_net=33.33% exp_net=0.0015%) short(wr=66.67% wr_net=66.67% exp_net=-0.4015%)
  h=30m n=8 avg=-0.4687% med=0.2826% long(wr=50.00% wr_net=50.00% exp_net=-0.6687%) short(wr=50.00% wr_net=50.00% exp_net=0.2687%)
  h=60m n=7 avg=-0.4590% med=-0.6305% long(wr=42.86% wr_net=42.86% exp_net=-0.6590%) short(wr=57.14% wr_net=57.14% exp_net=0.2590%)
 11:46:
  h=1m n=8 avg=-1.4909% med=-0.5151% long(wr=25.00% wr_net=25.00% exp_net=-1.6909%) short(wr=75.00% wr_net=62.50% exp_net=1.2909%)
  h=3m n=7 avg=-0.6894% med=-0.5922% long(wr=42.86% wr_net=42.86% exp_net=-0.8894%) short(wr=57.14% wr_net=57.14% exp_net=0.4894%)
  h=5m n=7 avg=-3.0329% med=-1.0277% long(wr=28.57% wr_net=28.57% exp_net=-3.2329%) short(wr=71.43% wr_net=71.43% exp_net=2.8329%)
  h=15m n=8 avg=3.4091% med=2.0264% long(wr=62.50% wr_net=62.50% exp_net=3.2091%) short(wr=37.50% wr_net=37.50% exp_net=-3.6091%)
  h=30m n=8 avg=-0.0520% med=-0.3117% long(wr=37.50% wr_net=37.50% exp_net=-0.2520%) short(wr=50.00% wr_net=50.00% exp_net=-0.1480%)
  h=60m n=7 avg=1.7861% med=1.8817% long(wr=57.14% wr_net=57.14% exp_net=1.5861%) short(wr=42.86% wr_net=42.86% exp_net=-1.9861%)
 11:47:
  h=1m n=6 avg=-0.1054% med=0.1029% long(wr=50.00% wr_net=50.00% exp_net=-0.3054%) short(wr=33.33% wr_net=16.67% exp_net=-0.0946%)
  h=3m n=6 avg=-0.4085% med=-0.0680% long(wr=50.00% wr_net=50.00% exp_net=-0.6085%) short(wr=50.00% wr_net=50.00% exp_net=0.2085%)
  h=5m n=7 avg=-1.0593% med=-0.1543% long(wr=42.86% wr_net=42.86% exp_net=-1.2593%) short(wr=57.14% wr_net=42.86% exp_net=0.8593%)
  h=15m n=7 avg=5.3699% med=2.0216% long(wr=71.43% wr_net=71.43% exp_net=5.1699%) short(wr=28.57% wr_net=28.57% exp_net=-5.5699%)
  h=30m n=7 avg=3.1741% med=1.0782% long(wr=71.43% wr_net=71.43% exp_net=2.9741%) short(wr=28.57% wr_net=28.57% exp_net=-3.3741%)
  h=60m n=5 avg=2.3709% med=2.1563% long(wr=80.00% wr_net=80.00% exp_net=2.1709%) short(wr=20.00% wr_net=20.00% exp_net=-2.5709%)
 11:48:
  h=1m n=8 avg=1.8016% med=0.0589% long(wr=50.00% wr_net=50.00% exp_net=1.6016%) short(wr=50.00% wr_net=50.00% exp_net=-2.0016%)
  h=3m n=7 avg=-3.6233% med=-3.0544% long(wr=28.57% wr_net=28.57% exp_net=-3.8233%) short(wr=71.43% wr_net=71.43% exp_net=3.4233%)
  h=5m n=6 avg=0.6651% med=-0.5443% long(wr=33.33% wr_net=33.33% exp_net=0.4651%) short(wr=66.67% wr_net=66.67% exp_net=-0.8651%)
  h=15m n=7 avg=5.4754% med=-0.1264% long(wr=42.86% wr_net=42.86% exp_net=5.2754%) short(wr=57.14% wr_net=28.57% exp_net=-5.6754%)
  h=30m n=7 avg=2.1049% med=-0.3949% long(wr=42.86% wr_net=42.86% exp_net=1.9049%) short(wr=57.14% wr_net=57.14% exp_net=-2.3049%)
  h=60m n=6 avg=0.4929% med=-0.1360% long(wr=50.00% wr_net=50.00% exp_net=0.2929%) short(wr=50.00% wr_net=50.00% exp_net=-0.6929%)
 11:49:
  h=1m n=8 avg=-1.9870% med=-0.1997% long(wr=37.50% wr_net=25.00% exp_net=-2.1870%) short(wr=50.00% wr_net=50.00% exp_net=1.7870%)
  h=3m n=7 avg=-1.7202% med=-0.7752% long(wr=28.57% wr_net=28.57% exp_net=-1.9202%) short(wr=71.43% wr_net=71.43% exp_net=1.5202%)
  h=5m n=9 avg=-3.4606% med=-0.6658% long(wr=22.22% wr_net=11.11% exp_net=-3.6606%) short(wr=77.78% wr_net=77.78% exp_net=3.2606%)
  h=15m n=9 avg=1.0333% med=0.4777% long(wr=66.67% wr_net=55.56% exp_net=0.8333%) short(wr=33.33% wr_net=33.33% exp_net=-1.2333%)
  h=30m n=8 avg=0.1546% med=1.2959% long(wr=62.50% wr_net=62.50% exp_net=-0.0454%) short(wr=37.50% wr_net=37.50% exp_net=-0.3546%)
  h=60m n=8 avg=1.8998% med=3.1530% long(wr=62.50% wr_net=62.50% exp_net=1.6998%) short(wr=37.50% wr_net=37.50% exp_net=-2.0998%)
 11:50:
  h=1m n=8 avg=-1.1912% med=-0.2534% long(wr=25.00% wr_net=25.00% exp_net=-1.3912%) short(wr=50.00% wr_net=50.00% exp_net=0.9912%)
  h=3m n=8 avg=2.0008% med=-0.1308% long(wr=50.00% wr_net=37.50% exp_net=1.8008%) short(wr=50.00% wr_net=50.00% exp_net=-2.2008%)
  h=5m n=8 avg=0.7772% med=-0.5068% long(wr=37.50% wr_net=37.50% exp_net=0.5772%) short(wr=50.00% wr_net=50.00% exp_net=-0.9772%)
  h=15m n=8 avg=2.5059% med=0.7814% long(wr=62.50% wr_net=62.50% exp_net=2.3059%) short(wr=37.50% wr_net=25.00% exp_net=-2.7059%)
  h=30m n=8 avg=0.7430% med=0.8114% long(wr=50.00% wr_net=50.00% exp_net=0.5430%) short(wr=50.00% wr_net=50.00% exp_net=-0.9430%)
  h=60m n=8 avg=-1.9872% med=0.0824% long(wr=50.00% wr_net=50.00% exp_net=-2.1872%) short(wr=50.00% wr_net=50.00% exp_net=1.7872%)
 11:51:
  h=1m n=6 avg=2.5665% med=0.9374% long(wr=83.33% wr_net=83.33% exp_net=2.3665%) short(wr=16.67% wr_net=16.67% exp_net=-2.7665%)
  h=3m n=6 avg=4.0825% med=0.9920% long(wr=50.00% wr_net=50.00% exp_net=3.8825%) short(wr=50.00% wr_net=50.00% exp_net=-4.2825%)
  h=5m n=6 avg=2.1866% med=0.1448% long(wr=66.67% wr_net=33.33% exp_net=1.9866%) short(wr=33.33% wr_net=33.33% exp_net=-2.3866%)
  h=15m n=6 avg=4.5529% med=0.9777% long(wr=66.67% wr_net=66.67% exp_net=4.3529%) short(wr=33.33% wr_net=33.33% exp_net=-4.7529%)
  h=30m n=6 avg=2.5681% med=1.8140% long(wr=50.00% wr_net=50.00% exp_net=2.3681%) short(wr=50.00% wr_net=50.00% exp_net=-2.7681%)
  h=60m n=6 avg=-1.5456% med=1.0539% long(wr=50.00% wr_net=50.00% exp_net=-1.7456%) short(wr=50.00% wr_net=50.00% exp_net=1.3456%)
 11:52:
  h=1m n=7 avg=2.5512% med=0.2946% long(wr=57.14% wr_net=57.14% exp_net=2.3512%) short(wr=42.86% wr_net=42.86% exp_net=-2.7512%)
  h=3m n=7 avg=1.5777% med=-0.0515% long(wr=42.86% wr_net=42.86% exp_net=1.3777%) short(wr=57.14% wr_net=42.86% exp_net=-1.7777%)
  h=5m n=7 avg=1.2386% med=-0.5667% long(wr=42.86% wr_net=42.86% exp_net=1.0386%) short(wr=57.14% wr_net=57.14% exp_net=-1.4386%)
  h=15m n=7 avg=1.0413% med=-0.7502% long(wr=42.86% wr_net=42.86% exp_net=0.8413%) short(wr=57.14% wr_net=57.14% exp_net=-1.2413%)
  h=30m n=7 avg=0.4919% med=2.4390% long(wr=57.14% wr_net=57.14% exp_net=0.2919%) short(wr=42.86% wr_net=42.86% exp_net=-0.6919%)
  h=60m n=7 avg=-4.1111% med=2.3757% long(wr=57.14% wr_net=57.14% exp_net=-4.3111%) short(wr=42.86% wr_net=42.86% exp_net=3.9111%)
 11:53:
  h=1m n=7 avg=-0.7106% med=-0.5333% long(wr=28.57% wr_net=28.57% exp_net=-0.9106%) short(wr=71.43% wr_net=71.43% exp_net=0.5106%)
  h=3m n=7 avg=-1.6709% med=-0.7660% long(wr=42.86% wr_net=42.86% exp_net=-1.8709%) short(wr=57.14% wr_net=57.14% exp_net=1.4709%)
  h=5m n=7 avg=-0.3432% med=0.2358% long(wr=57.14% wr_net=57.14% exp_net=-0.5432%) short(wr=42.86% wr_net=42.86% exp_net=0.1432%)
  h=15m n=7 avg=-0.8797% med=0.3633% long(wr=57.14% wr_net=57.14% exp_net=-1.0797%) short(wr=42.86% wr_net=42.86% exp_net=0.6797%)
  h=30m n=7 avg=-2.8912% med=-0.1572% long(wr=42.86% wr_net=28.57% exp_net=-3.0912%) short(wr=57.14% wr_net=42.86% exp_net=2.6912%)
  h=60m n=7 avg=-5.0770% med=-1.5049% long(wr=42.86% wr_net=42.86% exp_net=-5.2770%) short(wr=57.14% wr_net=57.14% exp_net=4.8770%)
 11:54:
  h=1m n=6 avg=-0.2273% med=-0.4787% long(wr=50.00% wr_net=50.00% exp_net=-0.4273%) short(wr=50.00% wr_net=50.00% exp_net=0.0273%)
  h=3m n=6 avg=-0.6060% med=-0.6632% long(wr=50.00% wr_net=50.00% exp_net=-0.8060%) short(wr=50.00% wr_net=50.00% exp_net=0.4060%)
  h=5m n=6 avg=-0.1517% med=0.4608% long(wr=66.67% wr_net=66.67% exp_net=-0.3517%) short(wr=33.33% wr_net=33.33% exp_net=-0.0483%)
  h=15m n=6 avg=0.3524% med=1.5039% long(wr=66.67% wr_net=66.67% exp_net=0.1524%) short(wr=33.33% wr_net=33.33% exp_net=-0.5524%)
  h=30m n=6 avg=-2.4262% med=0.2612% long(wr=66.67% wr_net=66.67% exp_net=-2.6262%) short(wr=33.33% wr_net=33.33% exp_net=2.2262%)
  h=60m n=6 avg=-7.3901% med=-2.6551% long(wr=33.33% wr_net=33.33% exp_net=-7.5901%) short(wr=66.67% wr_net=66.67% exp_net=7.1901%)
 11:55:
  h=1m n=7 avg=0.9131% med=-0.4124% long(wr=42.86% wr_net=28.57% exp_net=0.7131%) short(wr=57.14% wr_net=57.14% exp_net=-1.1131%)
  h=3m n=7 avg=1.6143% med=1.3587% long(wr=71.43% wr_net=71.43% exp_net=1.4143%) short(wr=28.57% wr_net=28.57% exp_net=-1.8143%)
  h=5m n=7 avg=1.2174% med=0.0000% long(wr=42.86% wr_net=42.86% exp_net=1.0174%) short(wr=42.86% wr_net=42.86% exp_net=-1.4174%)
  h=15m n=7 avg=0.0099% med=0.1031% long(wr=57.14% wr_net=42.86% exp_net=-0.1901%) short(wr=42.86% wr_net=42.86% exp_net=-0.2099%)
  h=30m n=6 avg=-5.0657% med=-1.9650% long(wr=33.33% wr_net=33.33% exp_net=-5.2657%) short(wr=66.67% wr_net=50.00% exp_net=4.8657%)
  h=60m n=7 avg=-9.4655% med=-6.4068% long(wr=28.57% wr_net=28.57% exp_net=-9.6655%) short(wr=71.43% wr_net=71.43% exp_net=9.2655%)
 11:56:
  h=1m n=7 avg=-0.4242% med=-0.1035% long(wr=42.86% wr_net=42.86% exp_net=-0.6242%) short(wr=57.14% wr_net=42.86% exp_net=0.2242%)
  h=3m n=7 avg=0.2395% med=0.6614% long(wr=57.14% wr_net=57.14% exp_net=0.0395%) short(wr=42.86% wr_net=42.86% exp_net=-0.4395%)
  h=5m n=7 avg=2.4276% med=1.5048% long(wr=57.14% wr_net=57.14% exp_net=2.2276%) short(wr=42.86% wr_net=42.86% exp_net=-2.6276%)
  h=15m n=7 avg=-1.3251% med=0.8282% long(wr=71.43% wr_net=71.43% exp_net=-1.5251%) short(wr=28.57% wr_net=28.57% exp_net=1.1251%)
  h=30m n=7 avg=-4.0146% med=-0.1035% long(wr=42.86% wr_net=42.86% exp_net=-4.2146%) short(wr=57.14% wr_net=42.86% exp_net=3.8146%)
  h=60m n=5 avg=-6.3163% med=-1.6563% long(wr=40.00% wr_net=40.00% exp_net=-6.5163%) short(wr=60.00% wr_net=60.00% exp_net=6.1163%)
 11:57:
  h=1m n=8 avg=0.7539% med=0.7779% long(wr=62.50% wr_net=62.50% exp_net=0.5539%) short(wr=37.50% wr_net=37.50% exp_net=-0.9539%)
  h=3m n=8 avg=1.2561% med=1.1193% long(wr=62.50% wr_net=62.50% exp_net=1.0561%) short(wr=37.50% wr_net=37.50% exp_net=-1.4561%)
  h=5m n=8 avg=1.7426% med=1.4558% long(wr=50.00% wr_net=50.00% exp_net=1.5426%) short(wr=50.00% wr_net=50.00% exp_net=-1.9426%)
  h=15m n=8 avg=-1.7946% med=-1.5954% long(wr=37.50% wr_net=37.50% exp_net=-1.9946%) short(wr=62.50% wr_net=50.00% exp_net=1.5946%)
  h=30m n=7 avg=-3.7382% med=-0.2981% long(wr=28.57% wr_net=28.57% exp_net=-3.9382%) short(wr=71.43% wr_net=57.14% exp_net=3.5382%)
  h=60m n=7 avg=-5.9234% med=-1.7617% long(wr=42.86% wr_net=42.86% exp_net=-6.1234%) short(wr=57.14% wr_net=57.14% exp_net=5.7234%)
 11:58:
  h=1m n=7 avg=-0.4099% med=-0.2353% long(wr=42.86% wr_net=28.57% exp_net=-0.6099%) short(wr=57.14% wr_net=57.14% exp_net=0.2099%)
  h=3m n=7 avg=1.6931% med=0.3235% long(wr=57.14% wr_net=57.14% exp_net=1.4931%) short(wr=42.86% wr_net=42.86% exp_net=-1.8931%)
  h=5m n=7 avg=1.1224% med=0.8043% long(wr=57.14% wr_net=57.14% exp_net=0.9224%) short(wr=42.86% wr_net=42.86% exp_net=-1.3224%)
  h=15m n=7 avg=-2.6659% med=-0.8351% long(wr=42.86% wr_net=42.86% exp_net=-2.8659%) short(wr=57.14% wr_net=57.14% exp_net=2.4659%)
  h=30m n=7 avg=-4.9561% med=-1.4851% long(wr=28.57% wr_net=28.57% exp_net=-5.1561%) short(wr=71.43% wr_net=71.43% exp_net=4.7561%)
  h=60m n=7 avg=-8.1604% med=-2.3148% long(wr=42.86% wr_net=42.86% exp_net=-8.3604%) short(wr=57.14% wr_net=57.14% exp_net=7.9604%)
 11:59:
  h=1m n=8 avg=0.7830% med=1.2220% long(wr=62.50% wr_net=62.50% exp_net=0.5830%) short(wr=37.50% wr_net=37.50% exp_net=-0.9830%)
  h=3m n=8 avg=1.2830% med=1.1623% long(wr=62.50% wr_net=62.50% exp_net=1.0830%) short(wr=37.50% wr_net=25.00% exp_net=-1.4830%)
  h=5m n=8 avg=0.5161% med=1.3075% long(wr=75.00% wr_net=75.00% exp_net=0.3161%) short(wr=25.00% wr_net=25.00% exp_net=-0.7161%)
  h=15m n=8 avg=-2.6932% med=-0.8474% long(wr=37.50% wr_net=37.50% exp_net=-2.8932%) short(wr=62.50% wr_net=62.50% exp_net=2.4932%)
  h=30m n=8 avg=-3.6054% med=0.3187% long(wr=50.00% wr_net=50.00% exp_net=-3.8054%) short(wr=50.00% wr_net=50.00% exp_net=3.4054%)
  h=60m n=7 avg=-2.3069% med=-1.5576% long(wr=42.86% wr_net=42.86% exp_net=-2.5069%) short(wr=57.14% wr_net=57.14% exp_net=2.1069%)
 12:00:
  h=1m n=7 avg=1.1392% med=0.5420% long(wr=71.43% wr_net=71.43% exp_net=0.9392%) short(wr=14.29% wr_net=14.29% exp_net=-1.3392%)
  h=3m n=7 avg=0.3021% med=0.8940% long(wr=57.14% wr_net=57.14% exp_net=0.1021%) short(wr=42.86% wr_net=42.86% exp_net=-0.5021%)
  h=5m n=7 avg=-3.3812% med=-2.4814% long(wr=14.29% wr_net=14.29% exp_net=-3.5812%) short(wr=85.71% wr_net=71.43% exp_net=3.1812%)
  h=15m n=7 avg=-4.6163% med=-4.3838% long(wr=28.57% wr_net=28.57% exp_net=-4.8163%) short(wr=71.43% wr_net=71.43% exp_net=4.4163%)
  h=30m n=7 avg=-5.7491% med=-3.4190% long(wr=14.29% wr_net=14.29% exp_net=-5.9491%) short(wr=85.71% wr_net=85.71% exp_net=5.5491%)
  h=60m n=6 avg=-1.8030% med=-0.5815% long(wr=50.00% wr_net=50.00% exp_net=-2.0030%) short(wr=50.00% wr_net=50.00% exp_net=1.6030%)
 12:01:
  h=1m n=8 avg=-0.6511% med=-0.6507% long(wr=25.00% wr_net=25.00% exp_net=-0.8511%) short(wr=75.00% wr_net=75.00% exp_net=0.4511%)
  h=3m n=8 avg=-1.8035% med=-1.5548% long(wr=25.00% wr_net=12.50% exp_net=-2.0035%) short(wr=75.00% wr_net=75.00% exp_net=1.6035%)
  h=5m n=8 avg=-3.6071% med=-2.7483% long(wr=0.00% wr_net=0.00% exp_net=-3.8071%) short(wr=87.50% wr_net=87.50% exp_net=3.4071%)
  h=15m n=8 avg=-4.7886% med=-3.1940% long(wr=25.00% wr_net=25.00% exp_net=-4.9886%) short(wr=75.00% wr_net=75.00% exp_net=4.5886%)
  h=30m n=8 avg=-5.3541% med=-1.9193% long(wr=25.00% wr_net=25.00% exp_net=-5.5541%) short(wr=75.00% wr_net=75.00% exp_net=5.1541%)
  h=60m n=7 avg=-4.7163% med=0.0000% long(wr=42.86% wr_net=42.86% exp_net=-4.9163%) short(wr=42.86% wr_net=42.86% exp_net=4.5163%)
 12:02:
  h=1m n=8 avg=-0.1733% med=-0.3303% long(wr=37.50% wr_net=25.00% exp_net=-0.3733%) short(wr=50.00% wr_net=50.00% exp_net=-0.0267%)
  h=3m n=8 avg=-3.2814% med=-2.4876% long(wr=12.50% wr_net=12.50% exp_net=-3.4814%) short(wr=87.50% wr_net=87.50% exp_net=3.0814%)
  h=5m n=8 avg=-3.3669% med=-3.4166% long(wr=12.50% wr_net=12.50% exp_net=-3.5669%) short(wr=87.50% wr_net=87.50% exp_net=3.1669%)
  h=15m n=8 avg=-3.6595% med=-3.3242% long(wr=12.50% wr_net=12.50% exp_net=-3.8595%) short(wr=87.50% wr_net=75.00% exp_net=3.4595%)
  h=30m n=8 avg=-4.7249% med=-1.8934% long(wr=37.50% wr_net=25.00% exp_net=-4.9249%) short(wr=62.50% wr_net=62.50% exp_net=4.5249%)
  h=60m n=6 avg=-6.2692% med=0.6922% long(wr=50.00% wr_net=50.00% exp_net=-6.4692%) short(wr=50.00% wr_net=50.00% exp_net=6.0692%)
 12:03:
  h=1m n=9 avg=-0.9373% med=-0.6297% long(wr=11.11% wr_net=11.11% exp_net=-1.1373%) short(wr=77.78% wr_net=77.78% exp_net=0.7373%)
  h=3m n=9 avg=-2.2386% med=-1.5417% long(wr=22.22% wr_net=22.22% exp_net=-2.4386%) short(wr=77.78% wr_net=77.78% exp_net=2.0386%)
  h=5m n=9 avg=-2.3392% med=-1.8220% long(wr=33.33% wr_net=33.33% exp_net=-2.5392%) short(wr=66.67% wr_net=66.67% exp_net=2.1392%)
  h=15m n=9 avg=-2.4774% med=-0.2660% long(wr=44.44% wr_net=44.44% exp_net=-2.6774%) short(wr=55.56% wr_net=55.56% exp_net=2.2774%)
  h=30m n=9 avg=-3.9535% med=-1.5190% long(wr=33.33% wr_net=33.33% exp_net=-4.1535%) short(wr=66.67% wr_net=55.56% exp_net=3.7535%)
  h=60m n=9 avg=-7.3182% med=-3.9151% long(wr=33.33% wr_net=33.33% exp_net=-7.5182%) short(wr=66.67% wr_net=66.67% exp_net=7.1182%)
 12:04:
  h=1m n=10 avg=-1.2121% med=-0.2884% long(wr=40.00% wr_net=20.00% exp_net=-1.4121%) short(wr=60.00% wr_net=60.00% exp_net=1.0121%)
  h=3m n=10 avg=-1.0349% med=-0.1829% long(wr=40.00% wr_net=30.00% exp_net=-1.2349%) short(wr=60.00% wr_net=50.00% exp_net=0.8349%)
  h=5m n=10 avg=-0.0583% med=0.7008% long(wr=70.00% wr_net=70.00% exp_net=-0.2583%) short(wr=30.00% wr_net=30.00% exp_net=-0.1417%)
  h=15m n=10 avg=0.0397% med=0.7383% long(wr=60.00% wr_net=50.00% exp_net=-0.1603%) short(wr=40.00% wr_net=40.00% exp_net=-0.2397%)
  h=30m n=10 avg=-0.5364% med=0.5404% long(wr=60.00% wr_net=60.00% exp_net=-0.7364%) short(wr=30.00% wr_net=30.00% exp_net=0.3364%)
  h=60m n=10 avg=-3.5318% med=-1.0152% long(wr=50.00% wr_net=50.00% exp_net=-3.7318%) short(wr=50.00% wr_net=50.00% exp_net=3.3318%)
 12:05:
  h=1m n=9 avg=1.1283% med=0.5736% long(wr=66.67% wr_net=66.67% exp_net=0.9283%) short(wr=33.33% wr_net=33.33% exp_net=-1.3283%)
  h=3m n=9 avg=-0.7949% med=0.1582% long(wr=66.67% wr_net=33.33% exp_net=-0.9949%) short(wr=33.33% wr_net=33.33% exp_net=0.5949%)
  h=5m n=9 avg=0.8613% med=0.2667% long(wr=55.56% wr_net=55.56% exp_net=0.6613%) short(wr=44.44% wr_net=44.44% exp_net=-1.0613%)
  h=15m n=9 avg=-0.6349% med=0.5031% long(wr=66.67% wr_net=55.56% exp_net=-0.8349%) short(wr=33.33% wr_net=33.33% exp_net=0.4349%)
  h=30m n=9 avg=-0.9059% med=0.8000% long(wr=55.56% wr_net=55.56% exp_net=-1.1059%) short(wr=44.44% wr_net=44.44% exp_net=0.7059%)
  h=60m n=9 avg=-1.4216% med=4.1429% long(wr=66.67% wr_net=66.67% exp_net=-1.6216%) short(wr=33.33% wr_net=33.33% exp_net=1.2216%)
 12:06:
  h=1m n=10 avg=-1.1887% med=-0.2503% long(wr=30.00% wr_net=20.00% exp_net=-1.3887%) short(wr=70.00% wr_net=50.00% exp_net=0.9887%)
  h=3m n=10 avg=-0.9971% med=0.3819% long(wr=50.00% wr_net=50.00% exp_net=-1.1971%) short(wr=50.00% wr_net=40.00% exp_net=0.7971%)
  h=5m n=10 avg=-1.3971% med=-0.2218% long(wr=40.00% wr_net=40.00% exp_net=-1.5971%) short(wr=60.00% wr_net=50.00% exp_net=1.1971%)
  h=15m n=10 avg=-1.1519% med=-0.2191% long(wr=50.00% wr_net=40.00% exp_net=-1.3519%) short(wr=50.00% wr_net=50.00% exp_net=0.9519%)
  h=30m n=10 avg=-1.6873% med=0.4912% long(wr=50.00% wr_net=50.00% exp_net=-1.8873%) short(wr=50.00% wr_net=50.00% exp_net=1.4873%)
  h=60m n=9 avg=2.8523% med=2.0641% long(wr=55.56% wr_net=55.56% exp_net=2.6523%) short(wr=44.44% wr_net=44.44% exp_net=-3.0523%)
 12:07:
  h=1m n=10 avg=0.3906% med=0.2103% long(wr=60.00% wr_net=50.00% exp_net=0.1906%) short(wr=40.00% wr_net=20.00% exp_net=-0.5906%)
  h=3m n=10 avg=1.2013% med=0.8055% long(wr=70.00% wr_net=70.00% exp_net=1.0013%) short(wr=30.00% wr_net=30.00% exp_net=-1.4013%)
  h=5m n=10 avg=-0.1321% med=-0.0143% long(wr=50.00% wr_net=40.00% exp_net=-0.3321%) short(wr=50.00% wr_net=40.00% exp_net=-0.0679%)
  h=15m n=10 avg=0.8419% med=0.5769% long(wr=70.00% wr_net=60.00% exp_net=0.6419%) short(wr=30.00% wr_net=20.00% exp_net=-1.0419%)
  h=30m n=10 avg=-0.2355% med=-0.1644% long(wr=40.00% wr_net=40.00% exp_net=-0.4355%) short(wr=50.00% wr_net=50.00% exp_net=0.0355%)
  h=60m n=9 avg=2.2580% med=-0.8537% long(wr=44.44% wr_net=44.44% exp_net=2.0580%) short(wr=55.56% wr_net=55.56% exp_net=-2.4580%)
 12:08:
  h=1m n=10 avg=0.6022% med=0.2534% long(wr=70.00% wr_net=50.00% exp_net=0.4022%) short(wr=30.00% wr_net=30.00% exp_net=-0.8022%)
  h=3m n=10 avg=-0.2184% med=0.1977% long(wr=60.00% wr_net=50.00% exp_net=-0.4184%) short(wr=30.00% wr_net=30.00% exp_net=0.0184%)
  h=5m n=10 avg=-0.3456% med=-0.3235% long(wr=30.00% wr_net=30.00% exp_net=-0.5456%) short(wr=70.00% wr_net=70.00% exp_net=0.1456%)
  h=15m n=10 avg=-0.4245% med=0.4232% long(wr=60.00% wr_net=60.00% exp_net=-0.6245%) short(wr=40.00% wr_net=40.00% exp_net=0.2245%)
  h=30m n=9 avg=-0.6995% med=-0.2653% long(wr=44.44% wr_net=44.44% exp_net=-0.8995%) short(wr=55.56% wr_net=55.56% exp_net=0.4995%)
  h=60m n=9 avg=2.6156% med=-1.4581% long(wr=44.44% wr_net=44.44% exp_net=2.4156%) short(wr=55.56% wr_net=55.56% exp_net=-2.8156%)
 12:09:
  h=1m n=9 avg=-0.3069% med=-0.6141% long(wr=44.44% wr_net=44.44% exp_net=-0.5069%) short(wr=55.56% wr_net=55.56% exp_net=0.1069%)
  h=3m n=9 avg=-1.6046% med=-1.3306% long(wr=22.22% wr_net=22.22% exp_net=-1.8046%) short(wr=77.78% wr_net=77.78% exp_net=1.4046%)
  h=5m n=9 avg=-1.8127% med=-0.5249% long(wr=44.44% wr_net=33.33% exp_net=-2.0127%) short(wr=55.56% wr_net=55.56% exp_net=1.6127%)
  h=15m n=9 avg=-1.2031% med=-1.0499% long(wr=44.44% wr_net=33.33% exp_net=-1.4031%) short(wr=55.56% wr_net=55.56% exp_net=1.0031%)
  h=30m n=9 avg=-3.0612% med=-1.3122% long(wr=33.33% wr_net=33.33% exp_net=-3.2612%) short(wr=66.67% wr_net=66.67% exp_net=2.8612%)
  h=60m n=7 avg=2.7334% med=-1.6402% long(wr=42.86% wr_net=42.86% exp_net=2.5334%) short(wr=57.14% wr_net=57.14% exp_net=-2.9334%)
 12:10:
  h=1m n=10 avg=-1.0292% med=-0.2242% long(wr=40.00% wr_net=30.00% exp_net=-1.2292%) short(wr=60.00% wr_net=50.00% exp_net=0.8292%)
  h=3m n=10 avg=-1.1888% med=-0.4789% long(wr=30.00% wr_net=20.00% exp_net=-1.3888%) short(wr=60.00% wr_net=60.00% exp_net=0.9888%)
  h=5m n=10 avg=-1.4369% med=-0.5788% long(wr=40.00% wr_net=40.00% exp_net=-1.6369%) short(wr=60.00% wr_net=50.00% exp_net=1.2369%)
  h=15m n=8 avg=-0.8519% med=0.0300% long(wr=50.00% wr_net=50.00% exp_net=-1.0519%) short(wr=50.00% wr_net=50.00% exp_net=0.6519%)
  h=30m n=10 avg=-2.8352% med=-0.2705% long(wr=50.00% wr_net=50.00% exp_net=-3.0352%) short(wr=50.00% wr_net=50.00% exp_net=2.6352%)
  h=60m n=8 avg=2.9127% med=0.3498% long(wr=50.00% wr_net=50.00% exp_net=2.7127%) short(wr=50.00% wr_net=50.00% exp_net=-3.1127%)
 12:11:
  h=1m n=11 avg=-0.2242% med=0.1092% long(wr=54.55% wr_net=45.45% exp_net=-0.4242%) short(wr=45.45% wr_net=45.45% exp_net=0.0242%)
  h=3m n=11 avg=-0.4881% med=0.5714% long(wr=63.64% wr_net=54.55% exp_net=-0.6881%) short(wr=36.36% wr_net=27.27% exp_net=0.2881%)
  h=5m n=11 avg=-0.0808% med=-0.2553% long(wr=45.45% wr_net=45.45% exp_net=-0.2808%) short(wr=54.55% wr_net=54.55% exp_net=-0.1192%)
  h=15m n=11 avg=0.3707% med=0.1321% long(wr=54.55% wr_net=45.45% exp_net=0.1707%) short(wr=45.45% wr_net=45.45% exp_net=-0.5707%)
  h=30m n=10 avg=2.0067% med=1.2385% long(wr=70.00% wr_net=70.00% exp_net=1.8067%) short(wr=20.00% wr_net=20.00% exp_net=-2.2067%)
  h=60m n=9 avg=4.2780% med=4.2810% long(wr=66.67% wr_net=66.67% exp_net=4.0780%) short(wr=33.33% wr_net=33.33% exp_net=-4.4780%)
 12:12:
  h=1m n=10 avg=0.2019% med=-0.2924% long(wr=40.00% wr_net=40.00% exp_net=0.0019%) short(wr=60.00% wr_net=60.00% exp_net=-0.4019%)
  h=3m n=10 avg=-0.2934% med=0.2069% long(wr=60.00% wr_net=50.00% exp_net=-0.4934%) short(wr=30.00% wr_net=30.00% exp_net=0.0934%)
  h=5m n=10 avg=0.8201% med=-0.2383% long(wr=40.00% wr_net=40.00% exp_net=0.6201%) short(wr=60.00% wr_net=50.00% exp_net=-1.0201%)
  h=15m n=9 avg=1.8127% med=0.5456% long(wr=66.67% wr_net=66.67% exp_net=1.6127%) short(wr=22.22% wr_net=22.22% exp_net=-2.0127%)
  h=30m n=9 avg=1.7764% med=0.3979% long(wr=55.56% wr_net=55.56% exp_net=1.5764%) short(wr=44.44% wr_net=44.44% exp_net=-1.9764%)
  h=60m n=9 avg=3.8029% med=1.7607% long(wr=55.56% wr_net=55.56% exp_net=3.6029%) short(wr=44.44% wr_net=44.44% exp_net=-4.0029%)
 12:13:
  h=1m n=10 avg=-0.2148% med=0.1797% long(wr=60.00% wr_net=50.00% exp_net=-0.4148%) short(wr=40.00% wr_net=40.00% exp_net=0.0148%)
  h=3m n=9 avg=0.0710% med=0.0000% long(wr=44.44% wr_net=33.33% exp_net=-0.1290%) short(wr=44.44% wr_net=44.44% exp_net=-0.2710%)
  h=5m n=9 avg=1.1089% med=0.1422% long(wr=55.56% wr_net=44.44% exp_net=0.9089%) short(wr=44.44% wr_net=44.44% exp_net=-1.3089%)
  h=15m n=9 avg=0.9240% med=0.0543% long(wr=55.56% wr_net=44.44% exp_net=0.7240%) short(wr=44.44% wr_net=44.44% exp_net=-1.1240%)
  h=30m n=8 avg=1.5863% med=1.3802% long(wr=75.00% wr_net=62.50% exp_net=1.3863%) short(wr=25.00% wr_net=12.50% exp_net=-1.7863%)
  h=60m n=8 avg=3.3000% med=1.8145% long(wr=62.50% wr_net=62.50% exp_net=3.1000%) short(wr=37.50% wr_net=37.50% exp_net=-3.5000%)
 12:14:
  h=1m n=10 avg=0.0838% med=-0.1249% long(wr=30.00% wr_net=30.00% exp_net=-0.1162%) short(wr=60.00% wr_net=40.00% exp_net=-0.2838%)
  h=3m n=10 avg=0.0376% med=0.1083% long(wr=50.00% wr_net=50.00% exp_net=-0.1624%) short(wr=40.00% wr_net=40.00% exp_net=-0.2376%)
  h=5m n=11 avg=1.4351% med=0.5682% long(wr=72.73% wr_net=72.73% exp_net=1.2351%) short(wr=27.27% wr_net=27.27% exp_net=-1.6351%)
  h=15m n=10 avg=1.1336% med=0.5917% long(wr=50.00% wr_net=50.00% exp_net=0.9336%) short(wr=50.00% wr_net=50.00% exp_net=-1.3336%)
  h=30m n=9 avg=2.3802% med=0.4512% long(wr=55.56% wr_net=55.56% exp_net=2.1802%) short(wr=44.44% wr_net=44.44% exp_net=-2.5802%)
  h=60m n=10 avg=3.8597% med=4.5279% long(wr=70.00% wr_net=70.00% exp_net=3.6597%) short(wr=30.00% wr_net=30.00% exp_net=-4.0597%)
 12:15:
  h=1m n=11 avg=0.3878% med=0.1961% long(wr=54.55% wr_net=45.45% exp_net=0.1878%) short(wr=45.45% wr_net=27.27% exp_net=-0.5878%)
  h=3m n=11 avg=1.1543% med=-0.3922% long(wr=45.45% wr_net=45.45% exp_net=0.9543%) short(wr=54.55% wr_net=54.55% exp_net=-1.3543%)
  h=5m n=11 avg=0.5469% med=0.9569% long(wr=72.73% wr_net=72.73% exp_net=0.3469%) short(wr=27.27% wr_net=27.27% exp_net=-0.7469%)
  h=15m n=11 avg=0.4142% med=-0.5545% long(wr=36.36% wr_net=36.36% exp_net=0.2142%) short(wr=63.64% wr_net=54.55% exp_net=-0.6142%)
  h=30m n=10 avg=2.6919% med=1.1729% long(wr=80.00% wr_net=80.00% exp_net=2.4919%) short(wr=20.00% wr_net=10.00% exp_net=-2.8919%)
  h=60m n=9 avg=4.2757% med=5.7416% long(wr=66.67% wr_net=66.67% exp_net=4.0757%) short(wr=33.33% wr_net=33.33% exp_net=-4.4757%)
 12:16:
  h=1m n=10 avg=0.5933% med=0.1862% long(wr=50.00% wr_net=50.00% exp_net=0.3933%) short(wr=40.00% wr_net=40.00% exp_net=-0.7933%)
  h=3m n=10 avg=0.7736% med=0.4713% long(wr=60.00% wr_net=60.00% exp_net=0.5736%) short(wr=40.00% wr_net=40.00% exp_net=-0.9736%)
  h=5m n=10 avg=0.8517% med=1.0488% long(wr=70.00% wr_net=70.00% exp_net=0.6517%) short(wr=20.00% wr_net=20.00% exp_net=-1.0517%)
  h=15m n=10 avg=0.3177% med=0.1310% long(wr=50.00% wr_net=50.00% exp_net=0.1177%) short(wr=50.00% wr_net=50.00% exp_net=-0.5177%)
  h=30m n=9 avg=2.3804% med=1.0667% long(wr=66.67% wr_net=66.67% exp_net=2.1804%) short(wr=33.33% wr_net=33.33% exp_net=-2.5804%)
  h=60m n=9 avg=4.5737% med=5.4313% long(wr=77.78% wr_net=77.78% exp_net=4.3737%) short(wr=22.22% wr_net=22.22% exp_net=-4.7737%)
 12:17:
  h=1m n=10 avg=0.3285% med=0.0000% long(wr=40.00% wr_net=40.00% exp_net=0.1285%) short(wr=40.00% wr_net=20.00% exp_net=-0.5285%)
  h=3m n=10 avg=-0.0910% med=0.4801% long(wr=60.00% wr_net=60.00% exp_net=-0.2910%) short(wr=40.00% wr_net=40.00% exp_net=-0.1090%)
  h=5m n=10 avg=0.7461% med=0.7180% long(wr=60.00% wr_net=60.00% exp_net=0.5461%) short(wr=40.00% wr_net=40.00% exp_net=-0.9461%)
  h=15m n=10 avg=0.1565% med=0.3880% long(wr=50.00% wr_net=50.00% exp_net=-0.0435%) short(wr=50.00% wr_net=50.00% exp_net=-0.3565%)
  h=30m n=8 avg=3.0622% med=2.7008% long(wr=75.00% wr_net=75.00% exp_net=2.8622%) short(wr=12.50% wr_net=12.50% exp_net=-3.2622%)
  h=60m n=9 avg=4.0469% med=5.8824% long(wr=66.67% wr_net=66.67% exp_net=3.8469%) short(wr=33.33% wr_net=33.33% exp_net=-4.2469%)
 12:18:
  h=1m n=9 avg=-0.3576% med=-0.1078% long(wr=44.44% wr_net=44.44% exp_net=-0.5576%) short(wr=55.56% wr_net=44.44% exp_net=0.1576%)
  h=3m n=9 avg=-0.6141% med=-0.1586% long(wr=33.33% wr_net=33.33% exp_net=-0.8141%) short(wr=55.56% wr_net=44.44% exp_net=0.4141%)
  h=5m n=10 avg=-1.2818% med=-0.4771% long(wr=40.00% wr_net=40.00% exp_net=-1.4818%) short(wr=60.00% wr_net=60.00% exp_net=1.0818%)
  h=15m n=10 avg=-1.0203% med=-0.4754% long(wr=40.00% wr_net=40.00% exp_net=-1.2203%) short(wr=60.00% wr_net=60.00% exp_net=0.8203%)
  h=30m n=7 avg=1.6487% med=1.7333% long(wr=71.43% wr_net=71.43% exp_net=1.4487%) short(wr=28.57% wr_net=28.57% exp_net=-1.8487%)
  h=60m n=9 avg=1.0677% med=1.8498% long(wr=55.56% wr_net=55.56% exp_net=0.8677%) short(wr=44.44% wr_net=44.44% exp_net=-1.2677%)
 12:19:
  h=1m n=9 avg=-1.2120% med=-1.2672% long(wr=44.44% wr_net=33.33% exp_net=-1.4120%) short(wr=55.56% wr_net=55.56% exp_net=1.0120%)
  h=3m n=9 avg=1.1461% med=0.3984% long(wr=55.56% wr_net=55.56% exp_net=0.9461%) short(wr=33.33% wr_net=33.33% exp_net=-1.3461%)
  h=5m n=10 avg=0.4370% med=0.0963% long(wr=60.00% wr_net=40.00% exp_net=0.2370%) short(wr=30.00% wr_net=30.00% exp_net=-0.6370%)
  h=15m n=9 avg=0.4078% med=0.0448% long(wr=55.56% wr_net=44.44% exp_net=0.2078%) short(wr=44.44% wr_net=33.33% exp_net=-0.6078%)
  h=30m n=8 avg=1.3585% med=0.8379% long(wr=62.50% wr_net=62.50% exp_net=1.1585%) short(wr=37.50% wr_net=25.00% exp_net=-1.5585%)
  h=60m n=8 avg=1.5758% med=-0.3207% long(wr=50.00% wr_net=50.00% exp_net=1.3758%) short(wr=50.00% wr_net=50.00% exp_net=-1.7758%)
 12:20:
  h=1m n=10 avg=0.4019% med=0.2222% long(wr=60.00% wr_net=50.00% exp_net=0.2019%) short(wr=40.00% wr_net=40.00% exp_net=-0.6019%)
  h=3m n=10 avg=1.1430% med=0.4274% long(wr=60.00% wr_net=60.00% exp_net=0.9430%) short(wr=40.00% wr_net=40.00% exp_net=-1.3430%)
  h=5m n=8 avg=1.8392% med=-0.3466% long(wr=37.50% wr_net=37.50% exp_net=1.6392%) short(wr=62.50% wr_net=62.50% exp_net=-2.0392%)
  h=15m n=9 avg=-0.2991% med=0.3745% long(wr=55.56% wr_net=55.56% exp_net=-0.4991%) short(wr=44.44% wr_net=44.44% exp_net=0.0991%)
  h=30m n=9 avg=0.1321% med=4.9938% long(wr=66.67% wr_net=66.67% exp_net=-0.0679%) short(wr=33.33% wr_net=33.33% exp_net=-0.3321%)
  h=60m n=8 avg=3.5801% med=4.2796% long(wr=75.00% wr_net=75.00% exp_net=3.3801%) short(wr=25.00% wr_net=25.00% exp_net=-3.7801%)
 12:21:
  h=1m n=10 avg=1.6307% med=0.5197% long(wr=70.00% wr_net=60.00% exp_net=1.4307%) short(wr=20.00% wr_net=20.00% exp_net=-1.8307%)
  h=3m n=10 avg=1.0391% med=0.1169% long(wr=60.00% wr_net=40.00% exp_net=0.8391%) short(wr=30.00% wr_net=30.00% exp_net=-1.2391%)
  h=5m n=10 avg=1.6768% med=0.3574% long(wr=50.00% wr_net=50.00% exp_net=1.4768%) short(wr=40.00% wr_net=40.00% exp_net=-1.8768%)
  h=15m n=9 avg=-1.2509% med=-0.2639% long(wr=44.44% wr_net=44.44% exp_net=-1.4509%) short(wr=55.56% wr_net=55.56% exp_net=1.0509%)
  h=30m n=9 avg=-0.9263% med=3.8674% long(wr=55.56% wr_net=55.56% exp_net=-1.1263%) short(wr=44.44% wr_net=44.44% exp_net=0.7263%)
  h=60m n=8 avg=2.9820% med=2.9792% long(wr=62.50% wr_net=62.50% exp_net=2.7820%) short(wr=37.50% wr_net=25.00% exp_net=-3.1820%)
 12:22:
  h=1m n=11 avg=-1.0335% med=-0.2672% long(wr=36.36% wr_net=27.27% exp_net=-1.2335%) short(wr=63.64% wr_net=54.55% exp_net=0.8335%)
  h=3m n=9 avg=-0.2975% med=-0.3160% long(wr=33.33% wr_net=22.22% exp_net=-0.4975%) short(wr=66.67% wr_net=66.67% exp_net=0.0975%)
  h=5m n=10 avg=1.3008% med=0.1887% long(wr=50.00% wr_net=50.00% exp_net=1.1008%) short(wr=40.00% wr_net=40.00% exp_net=-1.5008%)
  h=15m n=10 avg=-1.0934% med=-0.3572% long(wr=40.00% wr_net=40.00% exp_net=-1.2934%) short(wr=60.00% wr_net=50.00% exp_net=0.8934%)
  h=30m n=10 avg=-0.9660% med=4.1103% long(wr=70.00% wr_net=60.00% exp_net=-1.1660%) short(wr=30.00% wr_net=30.00% exp_net=0.7660%)
  h=60m n=9 avg=2.6816% med=2.3320% long(wr=66.67% wr_net=66.67% exp_net=2.4816%) short(wr=33.33% wr_net=33.33% exp_net=-2.8816%)
 12:23:
  h=1m n=11 avg=0.6716% med=0.1575% long(wr=63.64% wr_net=36.36% exp_net=0.4716%) short(wr=27.27% wr_net=18.18% exp_net=-0.8716%)
  h=3m n=10 avg=1.0271% med=0.0940% long(wr=50.00% wr_net=40.00% exp_net=0.8271%) short(wr=40.00% wr_net=30.00% exp_net=-1.2271%)
  h=5m n=10 avg=0.3807% med=-0.2334% long(wr=50.00% wr_net=30.00% exp_net=0.1807%) short(wr=50.00% wr_net=50.00% exp_net=-0.5807%)
  h=15m n=9 avg=-0.7438% med=-0.0224% long(wr=44.44% wr_net=44.44% exp_net=-0.9438%) short(wr=55.56% wr_net=44.44% exp_net=0.5438%)
  h=30m n=9 avg=-0.3241% med=4.4944% long(wr=55.56% wr_net=55.56% exp_net=-0.5241%) short(wr=44.44% wr_net=44.44% exp_net=0.1241%)
  h=60m n=10 avg=-1.5942% med=-0.2208% long(wr=50.00% wr_net=50.00% exp_net=-1.7942%) short(wr=50.00% wr_net=50.00% exp_net=1.3942%)
 12:24:
  h=1m n=9 avg=0.0040% med=-0.8047% long(wr=22.22% wr_net=11.11% exp_net=-0.1960%) short(wr=66.67% wr_net=66.67% exp_net=-0.2040%)
  h=3m n=10 avg=1.6967% med=-0.0240% long(wr=50.00% wr_net=50.00% exp_net=1.4967%) short(wr=50.00% wr_net=50.00% exp_net=-1.8967%)
  h=5m n=10 avg=-1.4621% med=-0.3499% long(wr=20.00% wr_net=20.00% exp_net=-1.6621%) short(wr=60.00% wr_net=50.00% exp_net=1.2621%)
  h=15m n=10 avg=-2.1962% med=-0.7964% long(wr=30.00% wr_net=30.00% exp_net=-2.3962%) short(wr=70.00% wr_net=70.00% exp_net=1.9962%)
  h=30m n=9 avg=-0.8123% med=2.1429% long(wr=55.56% wr_net=55.56% exp_net=-1.0123%) short(wr=44.44% wr_net=44.44% exp_net=0.6123%)
  h=60m n=9 avg=-1.0180% med=1.9337% long(wr=55.56% wr_net=55.56% exp_net=-1.2180%) short(wr=44.44% wr_net=44.44% exp_net=0.8180%)
 12:25:
  h=1m n=8 avg=1.1444% med=0.2824% long(wr=62.50% wr_net=50.00% exp_net=0.9444%) short(wr=25.00% wr_net=25.00% exp_net=-1.3444%)
  h=3m n=7 avg=1.0108% med=0.0000% long(wr=42.86% wr_net=42.86% exp_net=0.8108%) short(wr=42.86% wr_net=28.57% exp_net=-1.2108%)
  h=5m n=7 avg=-0.0617% med=0.1326% long(wr=71.43% wr_net=28.57% exp_net=-0.2617%) short(wr=28.57% wr_net=28.57% exp_net=-0.1383%)
  h=15m n=7 avg=-0.3179% med=-1.1352% long(wr=42.86% wr_net=42.86% exp_net=-0.5179%) short(wr=57.14% wr_net=57.14% exp_net=0.1179%)
  h=30m n=7 avg=2.7056% med=-0.3979% long(wr=42.86% wr_net=42.86% exp_net=2.5056%) short(wr=57.14% wr_net=57.14% exp_net=-2.9056%)
  h=60m n=8 avg=-2.4296% med=-2.0180% long(wr=37.50% wr_net=37.50% exp_net=-2.6296%) short(wr=62.50% wr_net=62.50% exp_net=2.2296%)
 12:26:
  h=1m n=9 avg=0.4782% med=0.0000% long(wr=44.44% wr_net=44.44% exp_net=0.2782%) short(wr=44.44% wr_net=33.33% exp_net=-0.6782%)
  h=3m n=8 avg=-0.0494% med=0.0685% long(wr=50.00% wr_net=50.00% exp_net=-0.2494%) short(wr=50.00% wr_net=50.00% exp_net=-0.1506%)
  h=5m n=8 avg=-0.0137% med=0.1366% long(wr=50.00% wr_net=50.00% exp_net=-0.2137%) short(wr=37.50% wr_net=37.50% exp_net=-0.1863%)
  h=15m n=8 avg=0.1797% med=0.5848% long(wr=62.50% wr_net=50.00% exp_net=-0.0203%) short(wr=37.50% wr_net=37.50% exp_net=-0.3797%)
  h=30m n=8 avg=3.4953% med=3.1647% long(wr=62.50% wr_net=62.50% exp_net=3.2953%) short(wr=37.50% wr_net=37.50% exp_net=-3.6953%)
  h=60m n=9 avg=-1.5340% med=0.2732% long(wr=55.56% wr_net=55.56% exp_net=-1.7340%) short(wr=44.44% wr_net=44.44% exp_net=1.3340%)
 12:27:
  h=1m n=9 avg=0.4230% med=0.3968% long(wr=66.67% wr_net=66.67% exp_net=0.2230%) short(wr=22.22% wr_net=22.22% exp_net=-0.6230%)
  h=3m n=8 avg=-0.4861% med=0.0629% long(wr=50.00% wr_net=50.00% exp_net=-0.6861%) short(wr=50.00% wr_net=37.50% exp_net=0.2861%)
  h=5m n=9 avg=0.3279% med=0.2646% long(wr=55.56% wr_net=55.56% exp_net=0.1279%) short(wr=44.44% wr_net=44.44% exp_net=-0.5279%)
  h=15m n=8 avg=-0.0571% med=0.5823% long(wr=62.50% wr_net=50.00% exp_net=-0.2571%) short(wr=37.50% wr_net=37.50% exp_net=-0.1429%)
  h=30m n=8 avg=2.8036% med=1.2486% long(wr=62.50% wr_net=62.50% exp_net=2.6036%) short(wr=37.50% wr_net=37.50% exp_net=-3.0036%)
  h=60m n=9 avg=2.2451% med=1.3240% long(wr=55.56% wr_net=55.56% exp_net=2.0451%) short(wr=44.44% wr_net=44.44% exp_net=-2.4451%)
 12:28:
  h=1m n=8 avg=-0.6840% med=-0.6034% long(wr=25.00% wr_net=25.00% exp_net=-0.8840%) short(wr=62.50% wr_net=62.50% exp_net=0.4840%)
  h=3m n=8 avg=-0.6367% med=-0.4664% long(wr=37.50% wr_net=37.50% exp_net=-0.8367%) short(wr=62.50% wr_net=62.50% exp_net=0.4367%)
  h=5m n=8 avg=-0.3931% med=-0.3372% long(wr=25.00% wr_net=25.00% exp_net=-0.5931%) short(wr=75.00% wr_net=75.00% exp_net=0.1931%)
  h=15m n=7 avg=-0.7400% med=-0.5319% long(wr=42.86% wr_net=42.86% exp_net=-0.9400%) short(wr=57.14% wr_net=57.14% exp_net=0.5400%)
  h=30m n=8 avg=2.8905% med=1.1451% long(wr=75.00% wr_net=75.00% exp_net=2.6905%) short(wr=25.00% wr_net=25.00% exp_net=-3.0905%)
  h=60m n=8 avg=0.8022% med=0.4644% long(wr=50.00% wr_net=50.00% exp_net=0.6022%) short(wr=37.50% wr_net=37.50% exp_net=-1.0022%)
 12:29:
  h=1m n=9 avg=0.0948% med=0.2349% long(wr=77.78% wr_net=55.56% exp_net=-0.1052%) short(wr=22.22% wr_net=22.22% exp_net=-0.2948%)
  h=3m n=8 avg=0.1075% med=0.2868% long(wr=62.50% wr_net=50.00% exp_net=-0.0925%) short(wr=37.50% wr_net=37.50% exp_net=-0.3075%)
  h=5m n=8 avg=0.7993% med=0.1158% long(wr=62.50% wr_net=37.50% exp_net=0.5993%) short(wr=25.00% wr_net=12.50% exp_net=-0.9993%)
  h=15m n=8 avg=0.6227% med=-0.4007% long(wr=37.50% wr_net=37.50% exp_net=0.4227%) short(wr=62.50% wr_net=62.50% exp_net=-0.8227%)
  h=30m n=9 avg=2.9025% med=-0.5305% long(wr=44.44% wr_net=44.44% exp_net=2.7025%) short(wr=55.56% wr_net=55.56% exp_net=-3.1025%)
  h=60m n=9 avg=2.2375% med=2.5842% long(wr=55.56% wr_net=55.56% exp_net=2.0375%) short(wr=44.44% wr_net=44.44% exp_net=-2.4375%)
 12:30:
  h=1m n=9 avg=-0.0051% med=-0.1325% long(wr=33.33% wr_net=33.33% exp_net=-0.2051%) short(wr=66.67% wr_net=44.44% exp_net=-0.1949%)
  h=3m n=9 avg=0.2001% med=-0.3093% long(wr=44.44% wr_net=33.33% exp_net=0.0001%) short(wr=55.56% wr_net=55.56% exp_net=-0.4001%)
  h=5m n=9 avg=0.2067% med=0.0000% long(wr=44.44% wr_net=33.33% exp_net=0.0067%) short(wr=44.44% wr_net=33.33% exp_net=-0.4067%)
  h=15m n=9 avg=0.9852% med=0.8649% long(wr=66.67% wr_net=66.67% exp_net=0.7852%) short(wr=33.33% wr_net=33.33% exp_net=-1.1852%)
  h=30m n=9 avg=3.1510% med=-0.1325% long(wr=44.44% wr_net=44.44% exp_net=2.9510%) short(wr=55.56% wr_net=44.44% exp_net=-3.3510%)
  h=60m n=9 avg=2.3065% med=1.5625% long(wr=55.56% wr_net=55.56% exp_net=2.1065%) short(wr=44.44% wr_net=44.44% exp_net=-2.5065%)
 12:31:
  h=1m n=9 avg=0.1272% med=0.1034% long(wr=55.56% wr_net=33.33% exp_net=-0.0728%) short(wr=22.22% wr_net=22.22% exp_net=-0.3272%)
  h=3m n=9 avg=0.7851% med=0.2653% long(wr=66.67% wr_net=55.56% exp_net=0.5851%) short(wr=33.33% wr_net=22.22% exp_net=-0.9851%)
  h=5m n=11 avg=0.0132% med=-0.0501% long(wr=45.45% wr_net=45.45% exp_net=-0.1868%) short(wr=54.55% wr_net=45.45% exp_net=-0.2132%)
  h=15m n=8 avg=0.6808% med=0.5377% long(wr=62.50% wr_net=62.50% exp_net=0.4808%) short(wr=25.00% wr_net=25.00% exp_net=-0.8808%)
  h=30m n=10 avg=2.5107% med=0.8820% long(wr=60.00% wr_net=60.00% exp_net=2.3107%) short(wr=40.00% wr_net=40.00% exp_net=-2.7107%)
  h=60m n=10 avg=1.0537% med=0.7748% long(wr=50.00% wr_net=50.00% exp_net=0.8537%) short(wr=50.00% wr_net=50.00% exp_net=-1.2537%)
 12:32:
  h=1m n=10 avg=-0.6529% med=-0.1158% long(wr=40.00% wr_net=40.00% exp_net=-0.8529%) short(wr=60.00% wr_net=30.00% exp_net=0.4529%)
  h=3m n=9 avg=0.1154% med=0.0000% long(wr=44.44% wr_net=33.33% exp_net=-0.0846%) short(wr=44.44% wr_net=33.33% exp_net=-0.3154%)
  h=5m n=9 avg=0.3024% med=-0.3958% long(wr=44.44% wr_net=44.44% exp_net=0.1024%) short(wr=55.56% wr_net=55.56% exp_net=-0.5024%)
  h=15m n=8 avg=1.0718% med=0.3663% long(wr=50.00% wr_net=50.00% exp_net=0.8718%) short(wr=37.50% wr_net=37.50% exp_net=-1.2718%)
  h=30m n=8 avg=2.6280% med=2.8366% long(wr=62.50% wr_net=62.50% exp_net=2.4280%) short(wr=37.50% wr_net=37.50% exp_net=-2.8280%)
  h=60m n=9 avg=-1.8778% med=-0.2725% long(wr=44.44% wr_net=44.44% exp_net=-2.0778%) short(wr=55.56% wr_net=55.56% exp_net=1.6778%)
 12:33:
  h=1m n=9 avg=0.3156% med=-0.1321% long(wr=44.44% wr_net=44.44% exp_net=0.1156%) short(wr=55.56% wr_net=44.44% exp_net=-0.5156%)
  h=3m n=10 avg=-0.6158% med=-0.5385% long(wr=30.00% wr_net=30.00% exp_net=-0.8158%) short(wr=70.00% wr_net=50.00% exp_net=0.4158%)
  h=5m n=8 avg=0.4244% med=-0.6065% long(wr=25.00% wr_net=12.50% exp_net=0.2244%) short(wr=75.00% wr_net=62.50% exp_net=-0.6244%)
  h=15m n=9 avg=1.2768% med=0.1350% long(wr=55.56% wr_net=44.44% exp_net=1.0768%) short(wr=44.44% wr_net=44.44% exp_net=-1.4768%)
  h=30m n=10 avg=-1.3668% med=-1.3601% long(wr=40.00% wr_net=40.00% exp_net=-1.5668%) short(wr=60.00% wr_net=50.00% exp_net=1.1668%)
  h=60m n=8 avg=1.2952% med=2.0631% long(wr=50.00% wr_net=50.00% exp_net=1.0952%) short(wr=50.00% wr_net=50.00% exp_net=-1.4952%)
 12:34:
  h=1m n=11 avg=-0.5533% med=-0.2681% long(wr=18.18% wr_net=9.09% exp_net=-0.7533%) short(wr=63.64% wr_net=63.64% exp_net=0.3533%)
  h=3m n=9 avg=0.0421% med=-0.2681% long(wr=33.33% wr_net=33.33% exp_net=-0.1579%) short(wr=66.67% wr_net=55.56% exp_net=-0.2421%)
  h=5m n=11 avg=-0.4706% med=-0.7907% long(wr=27.27% wr_net=27.27% exp_net=-0.6706%) short(wr=63.64% wr_net=63.64% exp_net=0.2706%)
  h=15m n=11 avg=1.3113% med=0.5833% long(wr=63.64% wr_net=63.64% exp_net=1.1113%) short(wr=36.36% wr_net=36.36% exp_net=-1.5113%)
  h=30m n=11 avg=0.9097% med=0.0000% long(wr=45.45% wr_net=45.45% exp_net=0.7097%) short(wr=45.45% wr_net=45.45% exp_net=-1.1097%)
  h=60m n=8 avg=2.2027% med=5.0031% long(wr=62.50% wr_net=62.50% exp_net=2.0027%) short(wr=37.50% wr_net=37.50% exp_net=-2.4027%)
 12:35:
  h=1m n=13 avg=0.0206% med=0.0000% long(wr=38.46% wr_net=38.46% exp_net=-0.1794%) short(wr=46.15% wr_net=38.46% exp_net=-0.2206%)
  h=3m n=13 avg=0.4390% med=-0.3690% long(wr=38.46% wr_net=30.77% exp_net=0.2390%) short(wr=53.85% wr_net=53.85% exp_net=-0.6390%)
  h=5m n=13 avg=-0.1007% med=0.0000% long(wr=46.15% wr_net=46.15% exp_net=-0.3007%) short(wr=46.15% wr_net=46.15% exp_net=-0.0993%)
  h=15m n=12 avg=1.6636% med=-0.1137% long(wr=50.00% wr_net=41.67% exp_net=1.4636%) short(wr=50.00% wr_net=50.00% exp_net=-1.8636%)
  h=30m n=11 avg=1.6072% med=2.2140% long(wr=63.64% wr_net=63.64% exp_net=1.4072%) short(wr=36.36% wr_net=36.36% exp_net=-1.8072%)
  h=60m n=11 avg=1.9614% med=0.7380% long(wr=54.55% wr_net=54.55% exp_net=1.7614%) short(wr=45.45% wr_net=45.45% exp_net=-2.1614%)
 12:36:
  h=1m n=11 avg=-0.0802% med=-0.3690% long(wr=36.36% wr_net=27.27% exp_net=-0.2802%) short(wr=63.64% wr_net=54.55% exp_net=-0.1198%)
  h=3m n=11 avg=-0.6080% med=-0.5333% long(wr=18.18% wr_net=18.18% exp_net=-0.8080%) short(wr=72.73% wr_net=63.64% exp_net=0.4080%)
  h=5m n=12 avg=-0.8080% med=-0.1092% long(wr=50.00% wr_net=50.00% exp_net=-1.0080%) short(wr=50.00% wr_net=50.00% exp_net=0.6080%)
  h=15m n=13 avg=1.2528% med=0.1802% long(wr=53.85% wr_net=38.46% exp_net=1.0528%) short(wr=38.46% wr_net=38.46% exp_net=-1.4528%)
  h=30m n=11 avg=1.1358% med=-0.4296% long(wr=45.45% wr_net=45.45% exp_net=0.9358%) short(wr=54.55% wr_net=54.55% exp_net=-1.3358%)
  h=60m n=13 avg=3.0472% med=2.4119% long(wr=61.54% wr_net=61.54% exp_net=2.8472%) short(wr=38.46% wr_net=38.46% exp_net=-3.2472%)
 12:37:
  h=1m n=10 avg=-0.2115% med=-0.1987% long(wr=30.00% wr_net=30.00% exp_net=-0.4115%) short(wr=50.00% wr_net=50.00% exp_net=0.0115%)
  h=3m n=10 avg=-0.9331% med=-0.4818% long(wr=30.00% wr_net=20.00% exp_net=-1.1331%) short(wr=70.00% wr_net=60.00% exp_net=0.7331%)
  h=5m n=10 avg=-0.8863% med=-1.1800% long(wr=40.00% wr_net=40.00% exp_net=-1.0863%) short(wr=60.00% wr_net=60.00% exp_net=0.6863%)
  h=15m n=10 avg=0.1297% med=0.0598% long(wr=50.00% wr_net=50.00% exp_net=-0.0703%) short(wr=50.00% wr_net=40.00% exp_net=-0.3297%)
  h=30m n=10 avg=-0.6826% med=-0.8119% long(wr=40.00% wr_net=40.00% exp_net=-0.8826%) short(wr=60.00% wr_net=50.00% exp_net=0.4826%)
  h=60m n=10 avg=0.9135% med=-1.8637% long(wr=40.00% wr_net=40.00% exp_net=0.7135%) short(wr=60.00% wr_net=60.00% exp_net=-1.1135%)
 12:38:
  h=1m n=10 avg=-0.3550% med=-0.1852% long(wr=30.00% wr_net=20.00% exp_net=-0.5550%) short(wr=50.00% wr_net=50.00% exp_net=0.1550%)
  h=3m n=11 avg=-0.9063% med=-0.3289% long(wr=27.27% wr_net=27.27% exp_net=-1.1063%) short(wr=63.64% wr_net=54.55% exp_net=0.7063%)
  h=5m n=11 avg=-0.9938% med=-0.6579% long(wr=36.36% wr_net=27.27% exp_net=-1.1938%) short(wr=63.64% wr_net=63.64% exp_net=0.7938%)
  h=15m n=11 avg=0.3721% med=0.0000% long(wr=45.45% wr_net=45.45% exp_net=0.1721%) short(wr=45.45% wr_net=45.45% exp_net=-0.5721%)
  h=30m n=10 avg=-0.3778% med=-0.5969% long(wr=50.00% wr_net=40.00% exp_net=-0.5778%) short(wr=50.00% wr_net=50.00% exp_net=0.1778%)
  h=60m n=9 avg=0.4849% med=-1.8759% long(wr=33.33% wr_net=33.33% exp_net=0.2849%) short(wr=66.67% wr_net=66.67% exp_net=-0.6849%)
 12:39:
  h=1m n=8 avg=-0.6889% med=-0.2683% long(wr=37.50% wr_net=25.00% exp_net=-0.8889%) short(wr=62.50% wr_net=50.00% exp_net=0.4889%)
  h=3m n=8 avg=-0.6432% med=-0.6348% long(wr=37.50% wr_net=37.50% exp_net=-0.8432%) short(wr=62.50% wr_net=62.50% exp_net=0.4432%)
  h=5m n=8 avg=-0.6175% med=-0.4884% long(wr=12.50% wr_net=12.50% exp_net=-0.8175%) short(wr=75.00% wr_net=75.00% exp_net=0.4175%)
  h=15m n=8 avg=1.3364% med=1.7212% long(wr=62.50% wr_net=62.50% exp_net=1.1364%) short(wr=25.00% wr_net=25.00% exp_net=-1.5364%)
  h=30m n=8 avg=-0.4293% med=0.3319% long(wr=50.00% wr_net=50.00% exp_net=-0.6293%) short(wr=50.00% wr_net=50.00% exp_net=0.2293%)
  h=60m n=7 avg=0.9799% med=0.5874% long(wr=57.14% wr_net=57.14% exp_net=0.7799%) short(wr=42.86% wr_net=42.86% exp_net=-1.1799%)
 12:40:
  h=1m n=11 avg=-0.2313% med=0.1072% long(wr=54.55% wr_net=36.36% exp_net=-0.4313%) short(wr=36.36% wr_net=36.36% exp_net=0.0313%)
  h=3m n=11 avg=-0.3096% med=-0.6596% long(wr=36.36% wr_net=36.36% exp_net=-0.5096%) short(wr=63.64% wr_net=63.64% exp_net=0.1096%)
  h=5m n=11 avg=0.4506% med=0.1835% long(wr=54.55% wr_net=45.45% exp_net=0.2506%) short(wr=36.36% wr_net=27.27% exp_net=-0.6506%)
  h=15m n=11 avg=1.6940% med=0.5738% long(wr=54.55% wr_net=54.55% exp_net=1.4940%) short(wr=45.45% wr_net=45.45% exp_net=-1.8940%)
  h=30m n=10 avg=1.4437% med=2.0766% long(wr=70.00% wr_net=60.00% exp_net=1.2437%) short(wr=30.00% wr_net=30.00% exp_net=-1.6437%)
  h=60m n=8 avg=1.0371% med=0.1992% long(wr=50.00% wr_net=50.00% exp_net=0.8371%) short(wr=50.00% wr_net=50.00% exp_net=-1.2371%)
 12:41:
  h=1m n=10 avg=0.1598% med=0.2995% long(wr=60.00% wr_net=60.00% exp_net=-0.0402%) short(wr=40.00% wr_net=40.00% exp_net=-0.3598%)
  h=3m n=9 avg=0.4926% med=0.0000% long(wr=44.44% wr_net=44.44% exp_net=0.2926%) short(wr=33.33% wr_net=22.22% exp_net=-0.6926%)
  h=5m n=10 avg=0.1988% med=-0.3186% long(wr=30.00% wr_net=30.00% exp_net=-0.0012%) short(wr=70.00% wr_net=60.00% exp_net=-0.3988%)
  h=15m n=10 avg=2.8570% med=1.7127% long(wr=80.00% wr_net=80.00% exp_net=2.6570%) short(wr=20.00% wr_net=20.00% exp_net=-3.0570%)
  h=30m n=11 avg=2.8001% med=2.8616% long(wr=81.82% wr_net=81.82% exp_net=2.6001%) short(wr=18.18% wr_net=18.18% exp_net=-3.0001%)
  h=60m n=10 avg=2.8286% med=1.6975% long(wr=60.00% wr_net=60.00% exp_net=2.6286%) short(wr=40.00% wr_net=40.00% exp_net=-3.0286%)
 12:42:
  h=1m n=11 avg=-0.0817% med=0.0000% long(wr=45.45% wr_net=36.36% exp_net=-0.2817%) short(wr=45.45% wr_net=36.36% exp_net=-0.1183%)
  h=3m n=11 avg=0.5107% med=0.3663% long(wr=54.55% wr_net=54.55% exp_net=0.3107%) short(wr=36.36% wr_net=18.18% exp_net=-0.7107%)
  h=5m n=10 avg=0.4806% med=0.1344% long(wr=60.00% wr_net=40.00% exp_net=0.2806%) short(wr=40.00% wr_net=40.00% exp_net=-0.6806%)
  h=15m n=11 avg=2.4647% med=1.8282% long(wr=81.82% wr_net=81.82% exp_net=2.2647%) short(wr=18.18% wr_net=18.18% exp_net=-2.6647%)
  h=30m n=11 avg=2.6502% med=1.3333% long(wr=90.91% wr_net=90.91% exp_net=2.4502%) short(wr=9.09% wr_net=9.09% exp_net=-2.8502%)
  h=60m n=11 avg=2.0753% med=-0.8197% long(wr=45.45% wr_net=45.45% exp_net=1.8753%) short(wr=54.55% wr_net=54.55% exp_net=-2.2753%)
 12:43:
  h=1m n=9 avg=0.3777% med=0.0000% long(wr=44.44% wr_net=44.44% exp_net=0.1777%) short(wr=44.44% wr_net=22.22% exp_net=-0.5777%)
  h=3m n=10 avg=-0.0266% med=-0.1680% long(wr=40.00% wr_net=30.00% exp_net=-0.2266%) short(wr=60.00% wr_net=50.00% exp_net=-0.1734%)
  h=5m n=10 avg=1.0640% med=0.1709% long(wr=50.00% wr_net=50.00% exp_net=0.8640%) short(wr=40.00% wr_net=40.00% exp_net=-1.2640%)
  h=15m n=11 avg=1.9625% med=1.0695% long(wr=81.82% wr_net=81.82% exp_net=1.7625%) short(wr=18.18% wr_net=18.18% exp_net=-2.1625%)
  h=30m n=11 avg=1.7846% med=0.7519% long(wr=90.91% wr_net=90.91% exp_net=1.5846%) short(wr=9.09% wr_net=9.09% exp_net=-1.9846%)
  h=60m n=11 avg=0.2226% med=-0.5484% long(wr=45.45% wr_net=45.45% exp_net=0.0226%) short(wr=54.55% wr_net=54.55% exp_net=-0.4226%)
 12:44:
  h=1m n=9 avg=0.1435% med=0.1475% long(wr=66.67% wr_net=33.33% exp_net=-0.0565%) short(wr=33.33% wr_net=22.22% exp_net=-0.3435%)
  h=3m n=9 avg=0.0094% med=-0.5338% long(wr=33.33% wr_net=33.33% exp_net=-0.1906%) short(wr=66.67% wr_net=55.56% exp_net=-0.2094%)
  h=5m n=9 avg=0.8403% med=0.8086% long(wr=66.67% wr_net=66.67% exp_net=0.6403%) short(wr=33.33% wr_net=33.33% exp_net=-1.0403%)
  h=15m n=9 avg=2.1628% med=1.9439% long(wr=66.67% wr_net=66.67% exp_net=1.9628%) short(wr=22.22% wr_net=22.22% exp_net=-2.3628%)
  h=30m n=9 avg=1.6984% med=1.0782% long(wr=66.67% wr_net=66.67% exp_net=1.4984%) short(wr=33.33% wr_net=33.33% exp_net=-1.8984%)
  h=60m n=9 avg=0.4434% med=-0.1348% long(wr=44.44% wr_net=33.33% exp_net=0.2434%) short(wr=55.56% wr_net=44.44% exp_net=-0.6434%)
 12:45:
  h=1m n=11 avg=-0.3971% med=-0.4283% long(wr=18.18% wr_net=9.09% exp_net=-0.5971%) short(wr=63.64% wr_net=63.64% exp_net=0.1971%)
  h=3m n=11 avg=0.4564% med=-0.0831% long(wr=36.36% wr_net=36.36% exp_net=0.2564%) short(wr=54.55% wr_net=45.45% exp_net=-0.6564%)
  h=5m n=11 avg=1.2330% med=0.9144% long(wr=72.73% wr_net=72.73% exp_net=1.0330%) short(wr=27.27% wr_net=27.27% exp_net=-1.4330%)
  h=15m n=12 avg=1.8132% med=1.3921% long(wr=66.67% wr_net=66.67% exp_net=1.6132%) short(wr=33.33% wr_net=33.33% exp_net=-2.0132%)
  h=30m n=10 avg=2.0705% med=2.3652% long(wr=70.00% wr_net=70.00% exp_net=1.8705%) short(wr=30.00% wr_net=20.00% exp_net=-2.2705%)
  h=60m n=11 avg=2.0633% med=-0.2688% long(wr=45.45% wr_net=45.45% exp_net=1.8633%) short(wr=54.55% wr_net=54.55% exp_net=-2.2633%)
 12:46:
  h=1m n=10 avg=0.3127% med=0.0547% long(wr=50.00% wr_net=30.00% exp_net=0.1127%) short(wr=40.00% wr_net=40.00% exp_net=-0.5127%)
  h=3m n=11 avg=1.0930% med=1.3550% long(wr=63.64% wr_net=63.64% exp_net=0.8930%) short(wr=27.27% wr_net=18.18% exp_net=-1.2930%)
  h=5m n=11 avg=1.7571% med=1.4599% long(wr=72.73% wr_net=72.73% exp_net=1.5571%) short(wr=27.27% wr_net=27.27% exp_net=-1.9571%)
  h=15m n=11 avg=2.2217% med=2.6748% long(wr=72.73% wr_net=72.73% exp_net=2.0217%) short(wr=27.27% wr_net=27.27% exp_net=-2.4217%)
  h=30m n=10 avg=2.5796% med=2.7774% long(wr=80.00% wr_net=80.00% exp_net=2.3796%) short(wr=20.00% wr_net=20.00% exp_net=-2.7796%)
  h=60m n=10 avg=2.5400% med=1.1866% long(wr=60.00% wr_net=60.00% exp_net=2.3400%) short(wr=40.00% wr_net=30.00% exp_net=-2.7400%)
 12:47:
  h=1m n=10 avg=0.3220% med=0.1415% long(wr=60.00% wr_net=40.00% exp_net=0.1220%) short(wr=20.00% wr_net=20.00% exp_net=-0.5220%)
  h=3m n=9 avg=1.1134% med=0.7273% long(wr=66.67% wr_net=66.67% exp_net=0.9134%) short(wr=33.33% wr_net=22.22% exp_net=-1.3134%)
  h=5m n=10 avg=0.8607% med=0.9073% long(wr=60.00% wr_net=60.00% exp_net=0.6607%) short(wr=20.00% wr_net=10.00% exp_net=-1.0607%)
  h=15m n=9 avg=2.0456% med=3.1746% long(wr=77.78% wr_net=77.78% exp_net=1.8456%) short(wr=11.11% wr_net=11.11% exp_net=-2.2456%)
  h=30m n=9 avg=2.0695% med=2.6834% long(wr=77.78% wr_net=77.78% exp_net=1.8695%) short(wr=22.22% wr_net=22.22% exp_net=-2.2695%)
  h=60m n=10 avg=2.4186% med=1.2332% long(wr=70.00% wr_net=60.00% exp_net=2.2186%) short(wr=30.00% wr_net=30.00% exp_net=-2.6186%)
 12:48:
  h=1m n=13 avg=0.2886% med=0.2928% long(wr=69.23% wr_net=61.54% exp_net=0.0886%) short(wr=30.77% wr_net=30.77% exp_net=-0.4886%)
  h=3m n=13 avg=1.1931% med=0.9567% long(wr=76.92% wr_net=76.92% exp_net=0.9931%) short(wr=15.38% wr_net=15.38% exp_net=-1.3931%)
  h=5m n=13 avg=1.1225% med=1.0249% long(wr=69.23% wr_net=61.54% exp_net=0.9225%) short(wr=23.08% wr_net=23.08% exp_net=-1.3225%)
  h=15m n=12 avg=0.9817% med=0.8444% long(wr=66.67% wr_net=66.67% exp_net=0.7817%) short(wr=33.33% wr_net=33.33% exp_net=-1.1817%)
  h=30m n=13 avg=1.7773% med=1.1892% long(wr=76.92% wr_net=76.92% exp_net=1.5773%) short(wr=23.08% wr_net=23.08% exp_net=-1.9773%)
  h=60m n=13 avg=2.8182% med=2.1962% long(wr=61.54% wr_net=61.54% exp_net=2.6182%) short(wr=38.46% wr_net=38.46% exp_net=-3.0182%)
 12:49:
  h=1m n=11 avg=0.6024% med=0.2674% long(wr=54.55% wr_net=54.55% exp_net=0.4024%) short(wr=27.27% wr_net=18.18% exp_net=-0.8024%)
  h=3m n=12 avg=1.0694% med=0.5914% long(wr=75.00% wr_net=75.00% exp_net=0.8694%) short(wr=16.67% wr_net=16.67% exp_net=-1.2694%)
  h=5m n=12 avg=1.2114% med=1.2311% long(wr=66.67% wr_net=66.67% exp_net=1.0114%) short(wr=33.33% wr_net=33.33% exp_net=-1.4114%)
  h=15m n=10 avg=0.1676% med=0.6532% long(wr=60.00% wr_net=60.00% exp_net=-0.0324%) short(wr=40.00% wr_net=40.00% exp_net=-0.3676%)
  h=30m n=11 avg=0.4614% med=0.5312% long(wr=72.73% wr_net=72.73% exp_net=0.2614%) short(wr=27.27% wr_net=27.27% exp_net=-0.6614%)
  h=60m n=8 avg=4.5126% med=5.1148% long(wr=75.00% wr_net=75.00% exp_net=4.3126%) short(wr=25.00% wr_net=25.00% exp_net=-4.7126%)
 12:50:
  h=1m n=11 avg=0.5979% med=0.2656% long(wr=63.64% wr_net=54.55% exp_net=0.3979%) short(wr=36.36% wr_net=9.09% exp_net=-0.7979%)
  h=3m n=11 avg=0.3812% med=0.0000% long(wr=45.45% wr_net=36.36% exp_net=0.1812%) short(wr=45.45% wr_net=36.36% exp_net=-0.5812%)
  h=5m n=10 avg=0.6888% med=0.0460% long(wr=50.00% wr_net=50.00% exp_net=0.4888%) short(wr=50.00% wr_net=40.00% exp_net=-0.8888%)
  h=15m n=10 avg=-0.3331% med=0.1196% long(wr=50.00% wr_net=50.00% exp_net=-0.5331%) short(wr=50.00% wr_net=50.00% exp_net=0.1331%)
  h=30m n=10 avg=0.2081% med=-0.3134% long(wr=50.00% wr_net=50.00% exp_net=0.0081%) short(wr=50.00% wr_net=50.00% exp_net=-0.4081%)
  h=60m n=10 avg=2.2601% med=2.0448% long(wr=60.00% wr_net=60.00% exp_net=2.0601%) short(wr=40.00% wr_net=40.00% exp_net=-2.4601%)
 12:51:
  h=1m n=15 avg=-0.0052% med=0.1236% long(wr=53.33% wr_net=33.33% exp_net=-0.2052%) short(wr=26.67% wr_net=26.67% exp_net=-0.1948%)
  h=3m n=15 avg=0.0869% med=-0.1190% long(wr=26.67% wr_net=26.67% exp_net=-0.1131%) short(wr=53.33% wr_net=46.67% exp_net=-0.2869%)
  h=5m n=14 avg=0.4404% med=0.7717% long(wr=57.14% wr_net=57.14% exp_net=0.2404%) short(wr=35.71% wr_net=35.71% exp_net=-0.6404%)
  h=15m n=11 avg=-0.3350% med=0.2162% long(wr=54.55% wr_net=54.55% exp_net=-0.5350%) short(wr=45.45% wr_net=45.45% exp_net=0.1350%)
  h=30m n=14 avg=0.6624% med=0.4436% long(wr=57.14% wr_net=50.00% exp_net=0.4624%) short(wr=42.86% wr_net=42.86% exp_net=-0.8624%)
  h=60m n=14 avg=0.9423% med=-0.0913% long(wr=50.00% wr_net=50.00% exp_net=0.7423%) short(wr=50.00% wr_net=50.00% exp_net=-1.1423%)
 12:52:
  h=1m n=15 avg=-0.1080% med=-0.2137% long(wr=33.33% wr_net=26.67% exp_net=-0.3080%) short(wr=60.00% wr_net=53.33% exp_net=-0.0920%)
  h=3m n=13 avg=0.5409% med=0.0000% long(wr=46.15% wr_net=38.46% exp_net=0.3409%) short(wr=46.15% wr_net=46.15% exp_net=-0.7409%)
  h=5m n=13 avg=0.5246% med=-0.3601% long(wr=38.46% wr_net=38.46% exp_net=0.3246%) short(wr=61.54% wr_net=53.85% exp_net=-0.7246%)
  h=15m n=14 avg=-0.5451% med=-0.1748% long(wr=35.71% wr_net=28.57% exp_net=-0.7451%) short(wr=50.00% wr_net=50.00% exp_net=0.3451%)
  h=30m n=12 avg=0.2331% med=0.4073% long(wr=58.33% wr_net=50.00% exp_net=0.0331%) short(wr=41.67% wr_net=41.67% exp_net=-0.4331%)
  h=60m n=13 avg=0.4450% med=-1.1596% long(wr=46.15% wr_net=46.15% exp_net=0.2450%) short(wr=53.85% wr_net=53.85% exp_net=-0.6450%)
 12:53:
  h=1m n=13 avg=0.3860% med=0.0193% long(wr=53.85% wr_net=46.15% exp_net=0.1860%) short(wr=38.46% wr_net=30.77% exp_net=-0.5860%)
  h=3m n=11 avg=0.5814% med=0.3519% long(wr=63.64% wr_net=63.64% exp_net=0.3814%) short(wr=36.36% wr_net=36.36% exp_net=-0.7814%)
  h=5m n=12 avg=0.6531% med=0.2467% long(wr=58.33% wr_net=50.00% exp_net=0.4531%) short(wr=41.67% wr_net=41.67% exp_net=-0.8531%)
  h=15m n=13 avg=-0.6099% med=-1.3889% long(wr=46.15% wr_net=46.15% exp_net=-0.8099%) short(wr=53.85% wr_net=53.85% exp_net=0.4099%)
  h=30m n=11 avg=-0.2132% med=0.2601% long(wr=63.64% wr_net=54.55% exp_net=-0.4132%) short(wr=36.36% wr_net=36.36% exp_net=0.0132%)
  h=60m n=9 avg=1.7748% med=1.3043% long(wr=66.67% wr_net=66.67% exp_net=1.5748%) short(wr=33.33% wr_net=33.33% exp_net=-1.9748%)
 12:54:
  h=1m n=11 avg=0.0913% med=-0.1330% long(wr=27.27% wr_net=27.27% exp_net=-0.1087%) short(wr=54.55% wr_net=36.36% exp_net=-0.2913%)
  h=3m n=11 avg=0.1301% med=0.0000% long(wr=45.45% wr_net=45.45% exp_net=-0.0699%) short(wr=36.36% wr_net=36.36% exp_net=-0.3301%)
  h=5m n=11 avg=-0.0611% med=-0.1748% long(wr=45.45% wr_net=45.45% exp_net=-0.2611%) short(wr=54.55% wr_net=45.45% exp_net=-0.1389%)
  h=15m n=10 avg=-0.5457% med=-0.5738% long(wr=30.00% wr_net=30.00% exp_net=-0.7457%) short(wr=70.00% wr_net=60.00% exp_net=0.3457%)
  h=30m n=11 avg=-0.7132% med=0.6623% long(wr=54.55% wr_net=54.55% exp_net=-0.9132%) short(wr=45.45% wr_net=45.45% exp_net=0.5132%)
  h=60m n=10 avg=0.4565% med=-0.1600% long(wr=40.00% wr_net=40.00% exp_net=0.2565%) short(wr=60.00% wr_net=40.00% exp_net=-0.6565%)
 12:55:
  h=1m n=10 avg=-0.0180% med=0.0666% long(wr=50.00% wr_net=40.00% exp_net=-0.2180%) short(wr=40.00% wr_net=40.00% exp_net=-0.1820%)
  h=3m n=11 avg=0.2389% med=0.1799% long(wr=54.55% wr_net=45.45% exp_net=0.0389%) short(wr=36.36% wr_net=36.36% exp_net=-0.4389%)
  h=5m n=11 avg=-0.0232% med=0.2649% long(wr=63.64% wr_net=54.55% exp_net=-0.2232%) short(wr=36.36% wr_net=36.36% exp_net=-0.1768%)
  h=15m n=10 avg=0.1366% med=-0.4903% long(wr=40.00% wr_net=40.00% exp_net=-0.0634%) short(wr=60.00% wr_net=60.00% exp_net=-0.3366%)
  h=30m n=11 avg=-0.8772% med=0.0000% long(wr=45.45% wr_net=45.45% exp_net=-1.0772%) short(wr=45.45% wr_net=45.45% exp_net=0.6772%)
  h=60m n=8 avg=0.5115% med=-0.6571% long(wr=37.50% wr_net=37.50% exp_net=0.3115%) short(wr=62.50% wr_net=62.50% exp_net=-0.7115%)
 12:56:
  h=1m n=15 avg=-0.2190% med=0.0000% long(wr=40.00% wr_net=26.67% exp_net=-0.4190%) short(wr=46.67% wr_net=46.67% exp_net=0.0190%)
  h=3m n=15 avg=-0.3002% med=-0.2660% long(wr=33.33% wr_net=33.33% exp_net=-0.5002%) short(wr=66.67% wr_net=60.00% exp_net=0.1002%)
  h=5m n=16 avg=1.5242% med=-0.8291% long(wr=43.75% wr_net=37.50% exp_net=1.3242%) short(wr=56.25% wr_net=56.25% exp_net=-1.7242%)
  h=15m n=14 avg=2.5160% med=-0.6979% long(wr=42.86% wr_net=42.86% exp_net=2.3160%) short(wr=57.14% wr_net=57.14% exp_net=-2.7160%)
  h=30m n=15 avg=1.5620% med=0.0000% long(wr=46.67% wr_net=46.67% exp_net=1.3620%) short(wr=46.67% wr_net=46.67% exp_net=-1.7620%)
  h=60m n=14 avg=1.5155% med=-0.5319% long(wr=42.86% wr_net=42.86% exp_net=1.3155%) short(wr=50.00% wr_net=50.00% exp_net=-1.7155%)
 12:57:
  h=1m n=15 avg=0.4335% med=0.4819% long(wr=60.00% wr_net=53.33% exp_net=0.2335%) short(wr=33.33% wr_net=26.67% exp_net=-0.6335%)
  h=3m n=15 avg=1.5822% med=0.3591% long(wr=53.33% wr_net=53.33% exp_net=1.3822%) short(wr=46.67% wr_net=40.00% exp_net=-1.7822%)
  h=5m n=14 avg=2.0350% med=0.4823% long(wr=50.00% wr_net=50.00% exp_net=1.8350%) short(wr=50.00% wr_net=42.86% exp_net=-2.2350%)
  h=15m n=15 avg=3.7267% med=0.4847% long(wr=60.00% wr_net=60.00% exp_net=3.5267%) short(wr=40.00% wr_net=40.00% exp_net=-3.9267%)
  h=30m n=13 avg=2.8341% med=1.6694% long(wr=53.85% wr_net=53.85% exp_net=2.6341%) short(wr=46.15% wr_net=38.46% exp_net=-3.0341%)
  h=60m n=12 avg=3.7423% med=2.6919% long(wr=58.33% wr_net=58.33% exp_net=3.5423%) short(wr=41.67% wr_net=41.67% exp_net=-3.9423%)
 12:58:
  h=1m n=14 avg=0.0303% med=-0.6102% long(wr=35.71% wr_net=35.71% exp_net=-0.1697%) short(wr=57.14% wr_net=57.14% exp_net=-0.2303%)
  h=3m n=15 avg=1.1885% med=0.1751% long(wr=53.33% wr_net=46.67% exp_net=0.9885%) short(wr=46.67% wr_net=46.67% exp_net=-1.3885%)
  h=5m n=14 avg=0.8711% med=-0.2824% long(wr=50.00% wr_net=50.00% exp_net=0.6711%) short(wr=50.00% wr_net=50.00% exp_net=-1.0711%)
  h=15m n=14 avg=4.1121% med=0.3538% long(wr=50.00% wr_net=50.00% exp_net=3.9121%) short(wr=42.86% wr_net=42.86% exp_net=-4.3121%)
  h=30m n=14 avg=1.6104% med=1.5567% long(wr=57.14% wr_net=57.14% exp_net=1.4104%) short(wr=42.86% wr_net=42.86% exp_net=-1.8104%)
  h=60m n=15 avg=2.7021% med=1.6340% long(wr=53.33% wr_net=53.33% exp_net=2.5021%) short(wr=46.67% wr_net=46.67% exp_net=-2.9021%)
 12:59:
  h=1m n=14 avg=0.7214% med=0.4433% long(wr=64.29% wr_net=64.29% exp_net=0.5214%) short(wr=28.57% wr_net=21.43% exp_net=-0.9214%)
  h=3m n=13 avg=0.6824% med=-0.4071% long(wr=38.46% wr_net=38.46% exp_net=0.4824%) short(wr=61.54% wr_net=61.54% exp_net=-0.8824%)
  h=5m n=13 avg=0.4817% med=0.0000% long(wr=38.46% wr_net=23.08% exp_net=0.2817%) short(wr=46.15% wr_net=46.15% exp_net=-0.6817%)
  h=15m n=14 avg=2.9676% med=1.1150% long(wr=71.43% wr_net=71.43% exp_net=2.7676%) short(wr=28.57% wr_net=28.57% exp_net=-3.1676%)
  h=30m n=13 avg=1.3214% med=-0.8945% long(wr=46.15% wr_net=46.15% exp_net=1.1214%) short(wr=53.85% wr_net=53.85% exp_net=-1.5214%)
  h=60m n=14 avg=1.0141% med=-1.2534% long(wr=42.86% wr_net=42.86% exp_net=0.8141%) short(wr=57.14% wr_net=57.14% exp_net=-1.2141%)
 13:00:
  h=1m n=15 avg=0.1524% med=-0.1321% long(wr=33.33% wr_net=33.33% exp_net=-0.0476%) short(wr=66.67% wr_net=46.67% exp_net=-0.3524%)
  h=3m n=14 avg=-0.1514% med=-0.3316% long(wr=35.71% wr_net=28.57% exp_net=-0.3514%) short(wr=57.14% wr_net=57.14% exp_net=-0.0486%)
  h=5m n=14 avg=-0.6518% med=-0.9280% long(wr=35.71% wr_net=28.57% exp_net=-0.8518%) short(wr=57.14% wr_net=57.14% exp_net=0.4518%)
  h=15m n=14 avg=2.8644% med=0.2332% long(wr=64.29% wr_net=50.00% exp_net=2.6644%) short(wr=35.71% wr_net=35.71% exp_net=-3.0644%)
  h=30m n=15 avg=0.6070% med=-0.6803% long(wr=40.00% wr_net=40.00% exp_net=0.4070%) short(wr=53.33% wr_net=53.33% exp_net=-0.8070%)
  h=60m n=14 avg=0.7308% med=-0.1819% long(wr=42.86% wr_net=42.86% exp_net=0.5308%) short(wr=57.14% wr_net=50.00% exp_net=-0.9308%)
 13:01:
  h=1m n=15 avg=-0.4463% med=-0.2658% long(wr=26.67% wr_net=20.00% exp_net=-0.6463%) short(wr=66.67% wr_net=53.33% exp_net=0.2463%)
  h=3m n=13 avg=-1.0081% med=-0.8741% long(wr=7.69% wr_net=7.69% exp_net=-1.2081%) short(wr=76.92% wr_net=69.23% exp_net=0.8081%)
  h=5m n=12 avg=-1.2719% med=-0.9583% long(wr=25.00% wr_net=25.00% exp_net=-1.4719%) short(wr=75.00% wr_net=75.00% exp_net=1.0719%)
  h=15m n=14 avg=1.4777% med=0.0682% long(wr=50.00% wr_net=50.00% exp_net=1.2777%) short(wr=50.00% wr_net=50.00% exp_net=-1.6777%)
  h=30m n=13 avg=-0.4272% med=-0.6993% long(wr=38.46% wr_net=38.46% exp_net=-0.6272%) short(wr=53.85% wr_net=53.85% exp_net=0.2272%)
  h=60m n=14 avg=-0.4078% med=0.2431% long(wr=57.14% wr_net=50.00% exp_net=-0.6078%) short(wr=42.86% wr_net=42.86% exp_net=0.2078%)
 13:02:
  h=1m n=13 avg=0.2449% med=0.1183% long(wr=53.85% wr_net=46.15% exp_net=0.0449%) short(wr=46.15% wr_net=30.77% exp_net=-0.4449%)
  h=3m n=14 avg=-0.7689% med=-0.8926% long(wr=28.57% wr_net=28.57% exp_net=-0.9689%) short(wr=64.29% wr_net=64.29% exp_net=0.5689%)
  h=5m n=14 avg=-0.2475% med=-0.5962% long(wr=21.43% wr_net=14.29% exp_net=-0.4475%) short(wr=71.43% wr_net=64.29% exp_net=0.0475%)
  h=15m n=13 avg=3.3294% med=0.4087% long(wr=61.54% wr_net=53.85% exp_net=3.1294%) short(wr=38.46% wr_net=38.46% exp_net=-3.5294%)
  h=30m n=15 avg=-0.1528% med=-0.2725% long(wr=46.67% wr_net=46.67% exp_net=-0.3528%) short(wr=53.33% wr_net=53.33% exp_net=-0.0472%)
  h=60m n=12 avg=-0.2416% med=-0.4923% long(wr=50.00% wr_net=50.00% exp_net=-0.4416%) short(wr=50.00% wr_net=50.00% exp_net=0.0416%)
 13:03:
  h=1m n=14 avg=-0.5571% med=-0.6430% long(wr=42.86% wr_net=35.71% exp_net=-0.7571%) short(wr=57.14% wr_net=57.14% exp_net=0.3571%)
  h=3m n=13 avg=-0.7053% med=-0.7241% long(wr=30.77% wr_net=30.77% exp_net=-0.9053%) short(wr=61.54% wr_net=61.54% exp_net=0.5053%)
  h=5m n=14 avg=-0.2748% med=-0.6172% long(wr=21.43% wr_net=21.43% exp_net=-0.4748%) short(wr=71.43% wr_net=64.29% exp_net=0.0748%)
  h=15m n=14 avg=2.1081% med=-0.0603% long(wr=42.86% wr_net=42.86% exp_net=1.9081%) short(wr=50.00% wr_net=42.86% exp_net=-2.3081%)
  h=30m n=13 avg=0.0287% med=-0.1745% long(wr=38.46% wr_net=38.46% exp_net=-0.1713%) short(wr=61.54% wr_net=46.15% exp_net=-0.2287%)
  h=60m n=14 avg=0.7048% med=1.2734% long(wr=57.14% wr_net=57.14% exp_net=0.5048%) short(wr=35.71% wr_net=35.71% exp_net=-0.9048%)
 13:04:
  h=1m n=14 avg=-0.3160% med=-0.5087% long(wr=42.86% wr_net=42.86% exp_net=-0.5160%) short(wr=57.14% wr_net=50.00% exp_net=0.1160%)
  h=3m n=14 avg=0.0664% med=-0.5517% long(wr=28.57% wr_net=28.57% exp_net=-0.1336%) short(wr=64.29% wr_net=57.14% exp_net=-0.2664%)
  h=5m n=14 avg=-0.1544% med=-0.3512% long(wr=35.71% wr_net=28.57% exp_net=-0.3544%) short(wr=64.29% wr_net=57.14% exp_net=-0.0456%)
  h=15m n=12 avg=2.7669% med=0.2427% long(wr=66.67% wr_net=58.33% exp_net=2.5669%) short(wr=33.33% wr_net=33.33% exp_net=-2.9669%)
  h=30m n=12 avg=0.3184% med=-1.5078% long(wr=33.33% wr_net=33.33% exp_net=0.1184%) short(wr=66.67% wr_net=66.67% exp_net=-0.5184%)
  h=60m n=14 avg=1.4170% med=0.2141% long(wr=57.14% wr_net=57.14% exp_net=1.2170%) short(wr=42.86% wr_net=42.86% exp_net=-1.6170%)
 13:05:
  h=1m n=10 avg=0.3894% med=-0.0575% long(wr=40.00% wr_net=30.00% exp_net=0.1894%) short(wr=50.00% wr_net=30.00% exp_net=-0.5894%)
  h=3m n=12 avg=0.3346% med=-0.1009% long(wr=41.67% wr_net=41.67% exp_net=0.1346%) short(wr=58.33% wr_net=41.67% exp_net=-0.5346%)
  h=5m n=11 avg=0.9215% med=0.1464% long(wr=54.55% wr_net=45.45% exp_net=0.7215%) short(wr=45.45% wr_net=45.45% exp_net=-1.1215%)
  h=15m n=11 avg=1.1986% med=0.6472% long(wr=54.55% wr_net=54.55% exp_net=0.9986%) short(wr=45.45% wr_net=36.36% exp_net=-1.3986%)
  h=30m n=11 avg=1.2422% med=-1.4440% long(wr=36.36% wr_net=36.36% exp_net=1.0422%) short(wr=63.64% wr_net=63.64% exp_net=-1.4422%)
  h=60m n=11 avg=1.9875% med=-1.2635% long(wr=45.45% wr_net=45.45% exp_net=1.7875%) short(wr=54.55% wr_net=54.55% exp_net=-2.1875%)
 13:06:
  h=1m n=11 avg=0.1244% med=0.0000% long(wr=45.45% wr_net=45.45% exp_net=-0.0756%) short(wr=45.45% wr_net=36.36% exp_net=-0.3244%)
  h=3m n=11 avg=-0.5040% med=-0.0810% long(wr=36.36% wr_net=36.36% exp_net=-0.7040%) short(wr=54.55% wr_net=45.45% exp_net=0.3040%)
  h=5m n=12 avg=0.7870% med=0.1049% long(wr=50.00% wr_net=50.00% exp_net=0.5870%) short(wr=50.00% wr_net=41.67% exp_net=-0.9870%)
  h=15m n=12 avg=0.3846% med=0.4027% long(wr=58.33% wr_net=58.33% exp_net=0.1846%) short(wr=41.67% wr_net=41.67% exp_net=-0.5846%)
  h=30m n=12 avg=0.5320% med=-0.5525% long(wr=41.67% wr_net=41.67% exp_net=0.3320%) short(wr=50.00% wr_net=50.00% exp_net=-0.7320%)
  h=60m n=11 avg=-0.8800% med=-1.0870% long(wr=45.45% wr_net=45.45% exp_net=-1.0800%) short(wr=54.55% wr_net=54.55% exp_net=0.6800%)
 13:07:
  h=1m n=11 avg=-0.0453% med=0.0000% long(wr=45.45% wr_net=18.18% exp_net=-0.2453%) short(wr=45.45% wr_net=27.27% exp_net=-0.1547%)
  h=3m n=10 avg=0.3804% med=0.2022% long(wr=50.00% wr_net=50.00% exp_net=0.1804%) short(wr=40.00% wr_net=30.00% exp_net=-0.5804%)
  h=5m n=11 avg=1.0731% med=0.1764% long(wr=54.55% wr_net=45.45% exp_net=0.8731%) short(wr=45.45% wr_net=45.45% exp_net=-1.2731%)
  h=15m n=11 avg=-0.0825% med=0.3584% long(wr=54.55% wr_net=54.55% exp_net=-0.2825%) short(wr=36.36% wr_net=36.36% exp_net=-0.1175%)
  h=30m n=11 avg=1.4972% med=0.0000% long(wr=45.45% wr_net=45.45% exp_net=1.2972%) short(wr=45.45% wr_net=45.45% exp_net=-1.6972%)
  h=60m n=11 avg=0.5216% med=0.5822% long(wr=54.55% wr_net=54.55% exp_net=0.3216%) short(wr=45.45% wr_net=45.45% exp_net=-0.7216%)
 13:08:
  h=1m n=12 avg=-0.2422% med=-0.3971% long(wr=33.33% wr_net=33.33% exp_net=-0.4422%) short(wr=66.67% wr_net=58.33% exp_net=0.0422%)
  h=3m n=12 avg=0.2788% med=-0.2465% long(wr=41.67% wr_net=33.33% exp_net=0.0788%) short(wr=50.00% wr_net=50.00% exp_net=-0.4788%)
  h=5m n=13 avg=1.3688% med=-0.2113% long(wr=46.15% wr_net=38.46% exp_net=1.1688%) short(wr=53.85% wr_net=53.85% exp_net=-1.5688%)
  h=15m n=13 avg=-0.6888% med=-0.3397% long(wr=46.15% wr_net=46.15% exp_net=-0.8888%) short(wr=53.85% wr_net=53.85% exp_net=0.4888%)
  h=30m n=11 avg=2.5970% med=0.3521% long(wr=54.55% wr_net=54.55% exp_net=2.3970%) short(wr=36.36% wr_net=36.36% exp_net=-2.7970%)
  h=60m n=11 avg=-0.0155% med=2.0588% long(wr=54.55% wr_net=54.55% exp_net=-0.2155%) short(wr=45.45% wr_net=45.45% exp_net=-0.1845%)
 13:09:
  h=1m n=12 avg=0.6306% med=-0.2425% long(wr=41.67% wr_net=41.67% exp_net=0.4306%) short(wr=58.33% wr_net=50.00% exp_net=-0.8306%)
  h=3m n=12 avg=1.3774% med=0.3974% long(wr=58.33% wr_net=58.33% exp_net=1.1774%) short(wr=41.67% wr_net=41.67% exp_net=-1.5774%)
  h=5m n=12 avg=1.7476% med=-0.7617% long(wr=41.67% wr_net=41.67% exp_net=1.5476%) short(wr=58.33% wr_net=58.33% exp_net=-1.9476%)
  h=15m n=12 avg=-0.6464% med=-0.7822% long(wr=33.33% wr_net=33.33% exp_net=-0.8464%) short(wr=66.67% wr_net=66.67% exp_net=0.4464%)
  h=30m n=11 avg=1.8879% med=-0.7194% long(wr=45.45% wr_net=45.45% exp_net=1.6879%) short(wr=54.55% wr_net=54.55% exp_net=-2.0879%)
  h=60m n=11 avg=1.7845% med=2.5142% long(wr=54.55% wr_net=54.55% exp_net=1.5845%) short(wr=45.45% wr_net=45.45% exp_net=-1.9845%)
 13:10:
  h=1m n=11 avg=0.4802% med=-0.1309% long(wr=45.45% wr_net=45.45% exp_net=0.2802%) short(wr=54.55% wr_net=45.45% exp_net=-0.6802%)
  h=3m n=12 avg=1.1536% med=-0.2669% long(wr=33.33% wr_net=33.33% exp_net=0.9536%) short(wr=66.67% wr_net=50.00% exp_net=-1.3536%)
  h=5m n=12 avg=1.5901% med=0.2724% long(wr=50.00% wr_net=50.00% exp_net=1.3901%) short(wr=41.67% wr_net=41.67% exp_net=-1.7901%)
  h=15m n=12 avg=-1.0224% med=-0.2618% long(wr=41.67% wr_net=41.67% exp_net=-1.2224%) short(wr=50.00% wr_net=50.00% exp_net=0.8224%)
  h=30m n=10 avg=0.4090% med=-0.1555% long(wr=40.00% wr_net=40.00% exp_net=0.2090%) short(wr=60.00% wr_net=40.00% exp_net=-0.6090%)
  h=60m n=11 avg=-1.0114% med=0.1594% long(wr=54.55% wr_net=45.45% exp_net=-1.2114%) short(wr=45.45% wr_net=45.45% exp_net=0.8114%)
 13:11:
  h=1m n=13 avg=0.1973% med=-0.0708% long(wr=23.08% wr_net=23.08% exp_net=-0.0027%) short(wr=53.85% wr_net=46.15% exp_net=-0.3973%)
  h=3m n=13 avg=0.4722% med=-0.3392% long(wr=38.46% wr_net=30.77% exp_net=0.2722%) short(wr=53.85% wr_net=53.85% exp_net=-0.6722%)
  h=5m n=14 avg=0.5723% med=-0.7970% long(wr=35.71% wr_net=35.71% exp_net=0.3723%) short(wr=57.14% wr_net=57.14% exp_net=-0.7723%)
  h=15m n=13 avg=-1.2047% med=-1.1533% long(wr=38.46% wr_net=38.46% exp_net=-1.4047%) short(wr=61.54% wr_net=61.54% exp_net=1.0047%)
  h=30m n=12 avg=-0.2035% med=-0.0734% long(wr=50.00% wr_net=50.00% exp_net=-0.4035%) short(wr=50.00% wr_net=50.00% exp_net=0.0035%)
  h=60m n=13 avg=-1.4183% med=-1.4862% long(wr=30.77% wr_net=30.77% exp_net=-1.6183%) short(wr=69.23% wr_net=69.23% exp_net=1.2183%)
 13:12:
  h=1m n=14 avg=0.6728% med=0.2503% long(wr=57.14% wr_net=57.14% exp_net=0.4728%) short(wr=35.71% wr_net=21.43% exp_net=-0.8728%)
  h=3m n=13 avg=0.9394% med=0.0790% long(wr=53.85% wr_net=38.46% exp_net=0.7394%) short(wr=38.46% wr_net=30.77% exp_net=-1.1394%)
  h=5m n=12 avg=1.2443% med=-0.0678% long(wr=41.67% wr_net=41.67% exp_net=1.0443%) short(wr=50.00% wr_net=41.67% exp_net=-1.4443%)
  h=15m n=13 avg=-1.2224% med=-1.8996% long(wr=46.15% wr_net=46.15% exp_net=-1.4224%) short(wr=53.85% wr_net=53.85% exp_net=1.0224%)
  h=30m n=14 avg=-0.8660% med=-1.6270% long(wr=28.57% wr_net=28.57% exp_net=-1.0660%) short(wr=71.43% wr_net=71.43% exp_net=0.6660%)
  h=60m n=12 avg=-1.3365% med=-0.9296% long(wr=33.33% wr_net=33.33% exp_net=-1.5365%) short(wr=66.67% wr_net=58.33% exp_net=1.1365%)
 13:13:
  h=1m n=15 avg=-0.3192% med=-0.3392% long(wr=20.00% wr_net=20.00% exp_net=-0.5192%) short(wr=73.33% wr_net=60.00% exp_net=0.1192%)
  h=3m n=15 avg=-0.4748% med=-0.2646% long(wr=46.67% wr_net=40.00% exp_net=-0.6748%) short(wr=53.33% wr_net=53.33% exp_net=0.2748%)
  h=5m n=17 avg=-0.2613% med=-0.1357% long(wr=47.06% wr_net=41.18% exp_net=-0.4613%) short(wr=52.94% wr_net=47.06% exp_net=0.0613%)
  h=15m n=16 avg=-1.8465% med=-1.4208% long(wr=25.00% wr_net=25.00% exp_net=-2.0465%) short(wr=68.75% wr_net=62.50% exp_net=1.6465%)
  h=30m n=16 avg=-1.3070% med=-1.3136% long(wr=31.25% wr_net=31.25% exp_net=-1.5070%) short(wr=62.50% wr_net=62.50% exp_net=1.1070%)
  h=60m n=14 avg=-1.6756% med=-1.4024% long(wr=35.71% wr_net=35.71% exp_net=-1.8756%) short(wr=64.29% wr_net=64.29% exp_net=1.4756%)
 13:14:
  h=1m n=12 avg=0.3564% med=0.2676% long(wr=58.33% wr_net=50.00% exp_net=0.1564%) short(wr=41.67% wr_net=41.67% exp_net=-0.5564%)
  h=3m n=11 avg=0.6660% med=-0.1499% long(wr=45.45% wr_net=45.45% exp_net=0.4660%) short(wr=54.55% wr_net=45.45% exp_net=-0.8660%)
  h=5m n=12 avg=-0.4654% med=-0.4378% long(wr=25.00% wr_net=25.00% exp_net=-0.6654%) short(wr=58.33% wr_net=58.33% exp_net=0.2654%)
  h=15m n=12 avg=-1.8093% med=-1.2460% long(wr=25.00% wr_net=25.00% exp_net=-2.0093%) short(wr=66.67% wr_net=66.67% exp_net=1.6093%)
  h=30m n=12 avg=-1.1108% med=-0.9636% long(wr=25.00% wr_net=25.00% exp_net=-1.3108%) short(wr=75.00% wr_net=75.00% exp_net=0.9108%)
  h=60m n=12 avg=-1.7033% med=-0.3060% long(wr=41.67% wr_net=41.67% exp_net=-1.9033%) short(wr=58.33% wr_net=50.00% exp_net=1.5033%)
 13:15:
  h=1m n=11 avg=-0.3694% med=-0.5277% long(wr=36.36% wr_net=18.18% exp_net=-0.5694%) short(wr=63.64% wr_net=63.64% exp_net=0.1694%)
  h=3m n=13 avg=-0.1542% med=0.0000% long(wr=46.15% wr_net=30.77% exp_net=-0.3542%) short(wr=38.46% wr_net=38.46% exp_net=-0.0458%)
  h=5m n=12 avg=-1.6453% med=-0.1323% long(wr=41.67% wr_net=25.00% exp_net=-1.8453%) short(wr=50.00% wr_net=50.00% exp_net=1.4453%)
  h=15m n=12 avg=-1.8740% med=-0.9511% long(wr=25.00% wr_net=25.00% exp_net=-2.0740%) short(wr=58.33% wr_net=58.33% exp_net=1.6740%)
  h=30m n=12 avg=-1.0517% med=-0.6255% long(wr=41.67% wr_net=41.67% exp_net=-1.2517%) short(wr=58.33% wr_net=58.33% exp_net=0.8517%)
  h=60m n=12 avg=-2.0287% med=-0.8197% long(wr=41.67% wr_net=41.67% exp_net=-2.2287%) short(wr=58.33% wr_net=58.33% exp_net=1.8287%)
 13:16:
  h=1m n=10 avg=0.6243% med=0.0000% long(wr=40.00% wr_net=40.00% exp_net=0.4243%) short(wr=30.00% wr_net=30.00% exp_net=-0.8243%)
  h=3m n=11 avg=-0.3746% med=0.0000% long(wr=45.45% wr_net=45.45% exp_net=-0.5746%) short(wr=45.45% wr_net=45.45% exp_net=0.1746%)
  h=5m n=12 avg=-0.8732% med=0.1915% long(wr=58.33% wr_net=50.00% exp_net=-1.0732%) short(wr=41.67% wr_net=41.67% exp_net=0.6732%)
  h=15m n=11 avg=-2.1390% med=-0.9042% long(wr=36.36% wr_net=36.36% exp_net=-2.3390%) short(wr=63.64% wr_net=54.55% exp_net=1.9390%)
  h=30m n=11 avg=-0.7751% med=-0.2326% long(wr=45.45% wr_net=45.45% exp_net=-0.9751%) short(wr=54.55% wr_net=54.55% exp_net=0.5751%)
  h=60m n=9 avg=-2.1892% med=0.9585% long(wr=55.56% wr_net=55.56% exp_net=-2.3892%) short(wr=44.44% wr_net=44.44% exp_net=1.9892%)
 13:17:
  h=1m n=11 avg=-0.3920% med=-0.3754% long(wr=18.18% wr_net=18.18% exp_net=-0.5920%) short(wr=63.64% wr_net=54.55% exp_net=0.1920%)
  h=3m n=9 avg=-2.4141% med=-0.3003% long(wr=22.22% wr_net=11.11% exp_net=-2.6141%) short(wr=66.67% wr_net=66.67% exp_net=2.2141%)
  h=5m n=10 avg=-1.8637% med=0.0646% long(wr=50.00% wr_net=40.00% exp_net=-2.0637%) short(wr=50.00% wr_net=40.00% exp_net=1.6637%)
  h=15m n=11 avg=-3.0376% med=-1.2639% long(wr=18.18% wr_net=18.18% exp_net=-3.2376%) short(wr=81.82% wr_net=72.73% exp_net=2.8376%)
  h=30m n=10 avg=-1.2357% med=-0.6349% long(wr=50.00% wr_net=50.00% exp_net=-1.4357%) short(wr=50.00% wr_net=50.00% exp_net=1.0357%)
  h=60m n=11 avg=-1.2366% med=-0.0401% long(wr=45.45% wr_net=45.45% exp_net=-1.4366%) short(wr=54.55% wr_net=45.45% exp_net=1.0366%)
 13:18:
  h=1m n=12 avg=-0.4612% med=-0.2797% long(wr=25.00% wr_net=25.00% exp_net=-0.6612%) short(wr=66.67% wr_net=58.33% exp_net=0.2612%)
  h=3m n=15 avg=-0.8584% med=-0.1799% long(wr=33.33% wr_net=26.67% exp_net=-1.0584%) short(wr=60.00% wr_net=46.67% exp_net=0.6584%)
  h=5m n=12 avg=-1.8677% med=-0.5919% long(wr=33.33% wr_net=33.33% exp_net=-2.0677%) short(wr=66.67% wr_net=66.67% exp_net=1.6677%)
  h=15m n=11 avg=-2.3455% med=-0.1745% long(wr=45.45% wr_net=45.45% exp_net=-2.5455%) short(wr=54.55% wr_net=45.45% exp_net=2.1455%)
  h=30m n=14 avg=-0.2286% med=0.9723% long(wr=57.14% wr_net=57.14% exp_net=-0.4286%) short(wr=42.86% wr_net=42.86% exp_net=0.0286%)
  h=60m n=13 avg=0.9587% med=1.9868% long(wr=61.54% wr_net=61.54% exp_net=0.7587%) short(wr=38.46% wr_net=38.46% exp_net=-1.1587%)
 13:19:
  h=1m n=12 avg=-0.9676% med=0.4782% long(wr=58.33% wr_net=58.33% exp_net=-1.1676%) short(wr=41.67% wr_net=41.67% exp_net=0.7676%)
  h=3m n=13 avg=-0.9225% med=-0.1321% long(wr=46.15% wr_net=46.15% exp_net=-1.1225%) short(wr=53.85% wr_net=46.15% exp_net=0.7225%)
  h=5m n=12 avg=-1.9591% med=-0.7342% long(wr=41.67% wr_net=33.33% exp_net=-2.1591%) short(wr=58.33% wr_net=58.33% exp_net=1.7591%)
  h=15m n=11 avg=-1.6826% med=0.0000% long(wr=45.45% wr_net=45.45% exp_net=-1.8826%) short(wr=45.45% wr_net=45.45% exp_net=1.4826%)
  h=30m n=11 avg=0.6531% med=4.3478% long(wr=63.64% wr_net=63.64% exp_net=0.4531%) short(wr=36.36% wr_net=36.36% exp_net=-0.8531%)
  h=60m n=10 avg=0.2269% med=0.1626% long(wr=50.00% wr_net=50.00% exp_net=0.0269%) short(wr=50.00% wr_net=50.00% exp_net=-0.4269%)
 13:20:
  h=1m n=9 avg=-0.0421% med=-0.1751% long(wr=33.33% wr_net=33.33% exp_net=-0.2421%) short(wr=66.67% wr_net=44.44% exp_net=-0.1579%)
  h=3m n=9 avg=-1.0857% med=-1.2048% long(wr=22.22% wr_net=22.22% exp_net=-1.2857%) short(wr=77.78% wr_net=77.78% exp_net=0.8857%)
  h=5m n=9 avg=-0.9174% med=-0.7833% long(wr=22.22% wr_net=22.22% exp_net=-1.1174%) short(wr=77.78% wr_net=66.67% exp_net=0.7174%)
  h=15m n=8 avg=0.1655% med=0.6900% long(wr=62.50% wr_net=50.00% exp_net=-0.0345%) short(wr=37.50% wr_net=37.50% exp_net=-0.3655%)
  h=30m n=8 avg=-0.0690% med=1.7161% long(wr=62.50% wr_net=62.50% exp_net=-0.2690%) short(wr=37.50% wr_net=37.50% exp_net=-0.1310%)
  h=60m n=8 avg=-2.6530% med=0.5023% long(wr=62.50% wr_net=62.50% exp_net=-2.8530%) short(wr=37.50% wr_net=37.50% exp_net=2.4530%)
 13:21:
  h=1m n=12 avg=-0.3656% med=0.3027% long(wr=50.00% wr_net=50.00% exp_net=-0.5656%) short(wr=41.67% wr_net=33.33% exp_net=0.1656%)
  h=3m n=12 avg=-1.3783% med=-0.7799% long(wr=33.33% wr_net=25.00% exp_net=-1.5783%) short(wr=66.67% wr_net=66.67% exp_net=1.1783%)
  h=5m n=12 avg=-0.8054% med=-0.4746% long(wr=33.33% wr_net=33.33% exp_net=-1.0054%) short(wr=58.33% wr_net=58.33% exp_net=0.6054%)
  h=15m n=13 avg=1.0734% med=0.5263% long(wr=61.54% wr_net=61.54% exp_net=0.8734%) short(wr=38.46% wr_net=38.46% exp_net=-1.2734%)
  h=30m n=12 avg=-0.0020% med=2.0401% long(wr=58.33% wr_net=58.33% exp_net=-0.2020%) short(wr=41.67% wr_net=41.67% exp_net=-0.1980%)
  h=60m n=11 avg=1.9711% med=3.7764% long(wr=54.55% wr_net=54.55% exp_net=1.7711%) short(wr=45.45% wr_net=36.36% exp_net=-2.1711%)
 13:22:
  h=1m n=10 avg=-0.7899% med=-0.8032% long(wr=30.00% wr_net=30.00% exp_net=-0.9899%) short(wr=70.00% wr_net=70.00% exp_net=0.5899%)
  h=3m n=11 avg=-0.5292% med=-0.1053% long(wr=27.27% wr_net=27.27% exp_net=-0.7292%) short(wr=54.55% wr_net=45.45% exp_net=0.3292%)
  h=5m n=11 avg=-0.5830% med=0.1661% long(wr=54.55% wr_net=45.45% exp_net=-0.7830%) short(wr=45.45% wr_net=45.45% exp_net=0.3830%)
  h=15m n=11 avg=0.3383% med=-0.3478% long(wr=27.27% wr_net=27.27% exp_net=0.1383%) short(wr=63.64% wr_net=54.55% exp_net=-0.5383%)
  h=30m n=11 avg=-0.4370% med=1.9108% long(wr=54.55% wr_net=54.55% exp_net=-0.6370%) short(wr=45.45% wr_net=45.45% exp_net=0.2370%)
  h=60m n=10 avg=0.8199% med=-1.5258% long(wr=40.00% wr_net=40.00% exp_net=0.6199%) short(wr=60.00% wr_net=60.00% exp_net=-1.0199%)
 13:23:
  h=1m n=9 avg=-0.4150% med=-0.2625% long(wr=33.33% wr_net=33.33% exp_net=-0.6150%) short(wr=55.56% wr_net=55.56% exp_net=0.2150%)
  h=3m n=9 avg=0.2446% med=0.1733% long(wr=55.56% wr_net=44.44% exp_net=0.0446%) short(wr=44.44% wr_net=44.44% exp_net=-0.4446%)
  h=5m n=9 avg=-0.1274% med=0.0656% long(wr=55.56% wr_net=44.44% exp_net=-0.3274%) short(wr=44.44% wr_net=44.44% exp_net=-0.0726%)
  h=15m n=8 avg=-0.0777% med=-1.3940% long(wr=37.50% wr_net=37.50% exp_net=-0.2777%) short(wr=62.50% wr_net=62.50% exp_net=-0.1223%)
  h=30m n=9 avg=0.2432% med=2.6903% long(wr=55.56% wr_net=55.56% exp_net=0.0432%) short(wr=33.33% wr_net=33.33% exp_net=-0.4432%)
  h=60m n=8 avg=3.9398% med=-0.9170% long(wr=37.50% wr_net=37.50% exp_net=3.7398%) short(wr=62.50% wr_net=62.50% exp_net=-4.1398%)
 13:24:
  h=1m n=8 avg=-0.0040% med=-0.0860% long(wr=25.00% wr_net=25.00% exp_net=-0.2040%) short(wr=50.00% wr_net=37.50% exp_net=-0.1960%)
  h=3m n=9 avg=0.6525% med=0.3623% long(wr=66.67% wr_net=55.56% exp_net=0.4525%) short(wr=22.22% wr_net=22.22% exp_net=-0.8525%)
  h=5m n=8 avg=0.2247% med=0.4398% long(wr=75.00% wr_net=62.50% exp_net=0.0247%) short(wr=25.00% wr_net=25.00% exp_net=-0.4247%)
  h=15m n=8 avg=-0.5577% med=-0.2860% long(wr=25.00% wr_net=25.00% exp_net=-0.7577%) short(wr=50.00% wr_net=50.00% exp_net=0.3577%)
  h=30m n=8 avg=-0.4257% med=1.5283% long(wr=62.50% wr_net=62.50% exp_net=-0.6257%) short(wr=37.50% wr_net=37.50% exp_net=0.2257%)
  h=60m n=7 avg=-0.0045% med=-1.4625% long(wr=28.57% wr_net=28.57% exp_net=-0.2045%) short(wr=71.43% wr_net=71.43% exp_net=-0.1955%)
 13:25:
  h=1m n=10 avg=0.4805% med=0.1408% long(wr=50.00% wr_net=50.00% exp_net=0.2805%) short(wr=30.00% wr_net=30.00% exp_net=-0.6805%)
  h=3m n=10 avg=0.0993% med=0.3334% long(wr=60.00% wr_net=60.00% exp_net=-0.1007%) short(wr=40.00% wr_net=40.00% exp_net=-0.2993%)
  h=5m n=11 avg=0.7498% med=-0.2863% long(wr=45.45% wr_net=45.45% exp_net=0.5498%) short(wr=54.55% wr_net=54.55% exp_net=-0.9498%)
  h=15m n=8 avg=-0.3498% med=0.8656% long(wr=62.50% wr_net=62.50% exp_net=-0.5498%) short(wr=37.50% wr_net=37.50% exp_net=0.1498%)
  h=30m n=9 avg=0.3284% med=0.5192% long(wr=66.67% wr_net=55.56% exp_net=0.1284%) short(wr=33.33% wr_net=33.33% exp_net=-0.5284%)
  h=60m n=10 avg=3.4573% med=0.4109% long(wr=50.00% wr_net=50.00% exp_net=3.2573%) short(wr=50.00% wr_net=50.00% exp_net=-3.6573%)
 13:26:
  h=1m n=11 avg=0.1667% med=0.0385% long(wr=54.55% wr_net=45.45% exp_net=-0.0333%) short(wr=27.27% wr_net=27.27% exp_net=-0.3667%)
  h=3m n=10 avg=-0.0166% med=0.3484% long(wr=70.00% wr_net=60.00% exp_net=-0.2166%) short(wr=30.00% wr_net=30.00% exp_net=-0.1834%)
  h=5m n=10 avg=-0.1175% med=-0.7136% long(wr=30.00% wr_net=30.00% exp_net=-0.3175%) short(wr=70.00% wr_net=70.00% exp_net=-0.0825%)
  h=15m n=11 avg=0.5446% med=0.3900% long(wr=63.64% wr_net=54.55% exp_net=0.3446%) short(wr=36.36% wr_net=36.36% exp_net=-0.7446%)
  h=30m n=10 avg=0.5407% med=1.6405% long(wr=70.00% wr_net=70.00% exp_net=0.3407%) short(wr=30.00% wr_net=30.00% exp_net=-0.7407%)
  h=60m n=8 avg=4.8475% med=4.9445% long(wr=50.00% wr_net=50.00% exp_net=4.6475%) short(wr=50.00% wr_net=37.50% exp_net=-5.0475%)
 13:27:
  h=1m n=12 avg=-0.4873% med=-0.1511% long(wr=33.33% wr_net=25.00% exp_net=-0.6873%) short(wr=58.33% wr_net=50.00% exp_net=0.2873%)
  h=3m n=11 avg=0.1637% med=-0.0384% long(wr=45.45% wr_net=45.45% exp_net=-0.0363%) short(wr=54.55% wr_net=45.45% exp_net=-0.3637%)
  h=5m n=10 avg=-0.5123% med=-0.6024% long(wr=40.00% wr_net=40.00% exp_net=-0.7123%) short(wr=60.00% wr_net=50.00% exp_net=0.3123%)
  h=15m n=9 avg=-1.1278% med=0.4155% long(wr=55.56% wr_net=55.56% exp_net=-1.3278%) short(wr=44.44% wr_net=44.44% exp_net=0.9278%)
  h=30m n=10 avg=1.4456% med=1.8290% long(wr=60.00% wr_net=60.00% exp_net=1.2456%) short(wr=30.00% wr_net=30.00% exp_net=-1.6456%)
  h=60m n=11 avg=2.4180% med=-0.9025% long(wr=45.45% wr_net=45.45% exp_net=2.2180%) short(wr=54.55% wr_net=54.55% exp_net=-2.6180%)
 13:28:
  h=1m n=8 avg=0.3322% med=0.4301% long(wr=75.00% wr_net=62.50% exp_net=0.1322%) short(wr=25.00% wr_net=12.50% exp_net=-0.5322%)
  h=3m n=8 avg=0.4856% med=-0.2032% long(wr=37.50% wr_net=37.50% exp_net=0.2856%) short(wr=62.50% wr_net=50.00% exp_net=-0.6856%)
  h=5m n=7 avg=0.1234% med=0.0656% long(wr=57.14% wr_net=42.86% exp_net=-0.0766%) short(wr=42.86% wr_net=42.86% exp_net=-0.3234%)
  h=15m n=9 avg=1.5071% med=0.7018% long(wr=66.67% wr_net=66.67% exp_net=1.3071%) short(wr=33.33% wr_net=33.33% exp_net=-1.7071%)
  h=30m n=9 avg=4.5515% med=3.9832% long(wr=77.78% wr_net=77.78% exp_net=4.3515%) short(wr=22.22% wr_net=22.22% exp_net=-4.7515%)
  h=60m n=8 avg=6.9558% med=4.0845% long(wr=62.50% wr_net=62.50% exp_net=6.7558%) short(wr=37.50% wr_net=37.50% exp_net=-7.1558%)
 13:29:
  h=1m n=9 avg=0.4731% med=0.5256% long(wr=55.56% wr_net=55.56% exp_net=0.2731%) short(wr=44.44% wr_net=44.44% exp_net=-0.6731%)
  h=3m n=8 avg=-0.2790% med=-0.1451% long(wr=50.00% wr_net=37.50% exp_net=-0.4790%) short(wr=50.00% wr_net=50.00% exp_net=0.0790%)
  h=5m n=8 avg=-0.5702% med=-0.7877% long(wr=25.00% wr_net=25.00% exp_net=-0.7702%) short(wr=62.50% wr_net=50.00% exp_net=0.3702%)
  h=15m n=8 avg=-0.9968% med=-0.7220% long(wr=37.50% wr_net=37.50% exp_net=-1.1968%) short(wr=50.00% wr_net=50.00% exp_net=0.7968%)
  h=30m n=8 avg=2.6149% med=0.9589% long(wr=62.50% wr_net=50.00% exp_net=2.4149%) short(wr=37.50% wr_net=37.50% exp_net=-2.8149%)
  h=60m n=8 avg=6.2718% med=3.6653% long(wr=62.50% wr_net=62.50% exp_net=6.0718%) short(wr=37.50% wr_net=37.50% exp_net=-6.4718%)
 13:30:
  h=1m n=8 avg=-0.5495% med=-0.2865% long(wr=25.00% wr_net=25.00% exp_net=-0.7495%) short(wr=50.00% wr_net=50.00% exp_net=0.3495%)
  h=3m n=7 avg=-1.1095% med=-0.9379% long(wr=14.29% wr_net=14.29% exp_net=-1.3095%) short(wr=85.71% wr_net=85.71% exp_net=0.9095%)
  h=5m n=8 avg=-0.3788% med=-1.1700% long(wr=37.50% wr_net=37.50% exp_net=-0.5788%) short(wr=62.50% wr_net=62.50% exp_net=0.1788%)
  h=15m n=9 avg=-0.8665% med=0.4575% long(wr=66.67% wr_net=66.67% exp_net=-1.0665%) short(wr=33.33% wr_net=33.33% exp_net=0.6665%)
  h=30m n=9 avg=1.9594% med=1.2418% long(wr=66.67% wr_net=66.67% exp_net=1.7594%) short(wr=33.33% wr_net=33.33% exp_net=-2.1594%)
  h=60m n=7 avg=5.1930% med=0.7843% long(wr=71.43% wr_net=57.14% exp_net=4.9930%) short(wr=28.57% wr_net=28.57% exp_net=-5.3930%)
 13:31:
  h=1m n=8 avg=-0.2830% med=-0.0590% long(wr=37.50% wr_net=37.50% exp_net=-0.4830%) short(wr=50.00% wr_net=25.00% exp_net=0.0830%)
  h=3m n=8 avg=-0.5528% med=-0.1629% long(wr=50.00% wr_net=50.00% exp_net=-0.7528%) short(wr=50.00% wr_net=50.00% exp_net=0.3528%)
  h=5m n=9 avg=0.3349% med=0.3538% long(wr=55.56% wr_net=55.56% exp_net=0.1349%) short(wr=44.44% wr_net=33.33% exp_net=-0.5349%)
  h=15m n=9 avg=-0.1389% med=0.2614% long(wr=55.56% wr_net=55.56% exp_net=-0.3389%) short(wr=33.33% wr_net=33.33% exp_net=-0.0611%)
  h=30m n=9 avg=3.1980% med=2.9024% long(wr=66.67% wr_net=66.67% exp_net=2.9980%) short(wr=33.33% wr_net=33.33% exp_net=-3.3980%)
  h=60m n=9 avg=6.8607% med=5.9181% long(wr=66.67% wr_net=66.67% exp_net=6.6607%) short(wr=33.33% wr_net=33.33% exp_net=-7.0607%)
 13:32:
  h=1m n=8 avg=0.0396% med=0.2256% long(wr=50.00% wr_net=50.00% exp_net=-0.1604%) short(wr=37.50% wr_net=37.50% exp_net=-0.2396%)
  h=3m n=8 avg=0.6055% med=0.8784% long(wr=62.50% wr_net=62.50% exp_net=0.4055%) short(wr=37.50% wr_net=37.50% exp_net=-0.8055%)
  h=5m n=9 avg=1.8370% med=1.0626% long(wr=66.67% wr_net=66.67% exp_net=1.6370%) short(wr=33.33% wr_net=33.33% exp_net=-2.0370%)
  h=15m n=8 avg=0.9146% med=1.4940% long(wr=75.00% wr_net=75.00% exp_net=0.7146%) short(wr=25.00% wr_net=25.00% exp_net=-1.1146%)
  h=30m n=7 avg=3.6870% med=5.2632% long(wr=57.14% wr_net=57.14% exp_net=3.4870%) short(wr=42.86% wr_net=42.86% exp_net=-3.8870%)
  h=60m n=9 avg=6.7801% med=0.6502% long(wr=55.56% wr_net=55.56% exp_net=6.5801%) short(wr=44.44% wr_net=44.44% exp_net=-6.9801%)
 13:33:
  h=1m n=8 avg=-0.3147% med=-0.4698% long(wr=12.50% wr_net=12.50% exp_net=-0.5147%) short(wr=87.50% wr_net=62.50% exp_net=0.1147%)
  h=3m n=8 avg=0.6085% med=0.3868% long(wr=62.50% wr_net=50.00% exp_net=0.4085%) short(wr=37.50% wr_net=37.50% exp_net=-0.8085%)
  h=5m n=8 avg=0.0618% med=-0.0188% long(wr=50.00% wr_net=50.00% exp_net=-0.1382%) short(wr=50.00% wr_net=50.00% exp_net=-0.2618%)
  h=15m n=8 avg=0.8437% med=2.5679% long(wr=75.00% wr_net=75.00% exp_net=0.6437%) short(wr=25.00% wr_net=25.00% exp_net=-1.0437%)
  h=30m n=8 avg=3.2927% med=2.8073% long(wr=62.50% wr_net=62.50% exp_net=3.0927%) short(wr=37.50% wr_net=37.50% exp_net=-3.4927%)
  h=60m n=7 avg=8.0941% med=4.0419% long(wr=57.14% wr_net=57.14% exp_net=7.8941%) short(wr=42.86% wr_net=42.86% exp_net=-8.2941%)
 13:34:
  h=1m n=7 avg=0.3339% med=0.2384% long(wr=71.43% wr_net=57.14% exp_net=0.1339%) short(wr=28.57% wr_net=28.57% exp_net=-0.5339%)
  h=3m n=8 avg=1.4052% med=0.0378% long(wr=50.00% wr_net=50.00% exp_net=1.2052%) short(wr=50.00% wr_net=50.00% exp_net=-1.6052%)
  h=5m n=8 avg=0.5163% med=1.3493% long(wr=50.00% wr_net=50.00% exp_net=0.3163%) short(wr=37.50% wr_net=37.50% exp_net=-0.7163%)
  h=15m n=8 avg=2.0538% med=3.2923% long(wr=62.50% wr_net=62.50% exp_net=1.8538%) short(wr=37.50% wr_net=37.50% exp_net=-2.2538%)
  h=30m n=8 avg=3.6760% med=2.9642% long(wr=62.50% wr_net=62.50% exp_net=3.4760%) short(wr=37.50% wr_net=37.50% exp_net=-3.8760%)
  h=60m n=8 avg=7.4976% med=2.8578% long(wr=75.00% wr_net=75.00% exp_net=7.2976%) short(wr=25.00% wr_net=25.00% exp_net=-7.6976%)
 13:35:
  h=1m n=11 avg=0.7953% med=0.1748% long(wr=63.64% wr_net=45.45% exp_net=0.5953%) short(wr=27.27% wr_net=27.27% exp_net=-0.9953%)
  h=3m n=11 avg=0.4778% med=0.5556% long(wr=54.55% wr_net=54.55% exp_net=0.2778%) short(wr=45.45% wr_net=45.45% exp_net=-0.6778%)
  h=5m n=11 avg=-0.1580% med=0.2715% long(wr=54.55% wr_net=54.55% exp_net=-0.3580%) short(wr=45.45% wr_net=45.45% exp_net=-0.0420%)
  h=15m n=11 avg=-0.8676% med=-0.1490% long(wr=36.36% wr_net=36.36% exp_net=-1.0676%) short(wr=54.55% wr_net=45.45% exp_net=0.6676%)
  h=30m n=11 avg=-0.4884% med=-0.2981% long(wr=45.45% wr_net=45.45% exp_net=-0.6884%) short(wr=54.55% wr_net=54.55% exp_net=0.2884%)
  h=60m n=11 avg=0.6133% med=-0.8942% long(wr=45.45% wr_net=45.45% exp_net=0.4133%) short(wr=54.55% wr_net=54.55% exp_net=-0.8133%)
 13:36:
  h=1m n=12 avg=0.0812% med=0.2938% long(wr=50.00% wr_net=50.00% exp_net=-0.1188%) short(wr=33.33% wr_net=25.00% exp_net=-0.2812%)
  h=3m n=11 avg=0.4526% med=0.1318% long(wr=54.55% wr_net=36.36% exp_net=0.2526%) short(wr=36.36% wr_net=27.27% exp_net=-0.6526%)
  h=5m n=12 avg=-0.0141% med=0.4602% long(wr=66.67% wr_net=58.33% exp_net=-0.2141%) short(wr=33.33% wr_net=33.33% exp_net=-0.1859%)
  h=15m n=11 avg=-0.2649% med=0.9664% long(wr=54.55% wr_net=54.55% exp_net=-0.4649%) short(wr=45.45% wr_net=45.45% exp_net=0.0649%)
  h=30m n=12 avg=0.2624% med=2.3933% long(wr=58.33% wr_net=58.33% exp_net=0.0624%) short(wr=41.67% wr_net=41.67% exp_net=-0.4624%)
  h=60m n=12 avg=2.2285% med=0.6752% long(wr=58.33% wr_net=58.33% exp_net=2.0285%) short(wr=41.67% wr_net=41.67% exp_net=-2.4285%)
 13:37:
  h=1m n=10 avg=-0.2635% med=-0.2546% long(wr=30.00% wr_net=20.00% exp_net=-0.4635%) short(wr=60.00% wr_net=60.00% exp_net=0.0635%)
  h=3m n=10 avg=-0.6102% med=-0.5724% long(wr=50.00% wr_net=40.00% exp_net=-0.8102%) short(wr=50.00% wr_net=50.00% exp_net=0.4102%)
  h=5m n=10 avg=-1.3717% med=-0.5676% long(wr=30.00% wr_net=30.00% exp_net=-1.5717%) short(wr=70.00% wr_net=60.00% exp_net=1.1717%)
  h=15m n=11 avg=-1.1155% med=0.0000% long(wr=45.45% wr_net=45.45% exp_net=-1.3155%) short(wr=45.45% wr_net=45.45% exp_net=0.9155%)
  h=30m n=10 avg=-1.4736% med=0.3402% long(wr=50.00% wr_net=50.00% exp_net=-1.6736%) short(wr=50.00% wr_net=50.00% exp_net=1.2736%)
  h=60m n=11 avg=0.6854% med=0.7246% long(wr=54.55% wr_net=54.55% exp_net=0.4854%) short(wr=45.45% wr_net=45.45% exp_net=-0.8854%)
 13:38:
  h=1m n=9 avg=0.4165% med=0.7353% long(wr=66.67% wr_net=66.67% exp_net=0.2165%) short(wr=33.33% wr_net=33.33% exp_net=-0.6165%)
  h=3m n=9 avg=-0.3931% med=0.9048% long(wr=66.67% wr_net=55.56% exp_net=-0.5931%) short(wr=33.33% wr_net=33.33% exp_net=0.1931%)
  h=5m n=9 avg=-0.2362% med=0.9570% long(wr=66.67% wr_net=66.67% exp_net=-0.4362%) short(wr=33.33% wr_net=33.33% exp_net=0.0362%)
  h=15m n=8 avg=-0.7855% med=0.1356% long(wr=50.00% wr_net=50.00% exp_net=-0.9855%) short(wr=50.00% wr_net=50.00% exp_net=0.5855%)
  h=30m n=8 avg=-1.3277% med=0.4851% long(wr=50.00% wr_net=50.00% exp_net=-1.5277%) short(wr=50.00% wr_net=50.00% exp_net=1.1277%)
  h=60m n=9 avg=1.3999% med=-3.1805% long(wr=44.44% wr_net=44.44% exp_net=1.1999%) short(wr=55.56% wr_net=55.56% exp_net=-1.5999%)
 13:39:
  h=1m n=9 avg=-0.4472% med=-0.2920% long(wr=44.44% wr_net=33.33% exp_net=-0.6472%) short(wr=55.56% wr_net=55.56% exp_net=0.2472%)
  h=3m n=9 avg=-0.9744% med=-0.1486% long(wr=33.33% wr_net=33.33% exp_net=-1.1744%) short(wr=55.56% wr_net=44.44% exp_net=0.7744%)
  h=5m n=9 avg=-1.8160% med=-1.0357% long(wr=33.33% wr_net=11.11% exp_net=-2.0160%) short(wr=66.67% wr_net=66.67% exp_net=1.6160%)
  h=15m n=9 avg=-0.6404% med=0.7246% long(wr=66.67% wr_net=55.56% exp_net=-0.8404%) short(wr=33.33% wr_net=33.33% exp_net=0.4404%)
  h=30m n=7 avg=-0.8010% med=2.7737% long(wr=57.14% wr_net=57.14% exp_net=-1.0010%) short(wr=42.86% wr_net=42.86% exp_net=0.6010%)
  h=60m n=10 avg=1.2273% med=1.3253% long(wr=60.00% wr_net=60.00% exp_net=1.0273%) short(wr=40.00% wr_net=40.00% exp_net=-1.4273%)
 13:40:
  h=1m n=7 avg=0.2164% med=0.5215% long(wr=57.14% wr_net=57.14% exp_net=0.0164%) short(wr=42.86% wr_net=42.86% exp_net=-0.4164%)
  h=3m n=7 avg=0.2697% med=0.5857% long(wr=57.14% wr_net=57.14% exp_net=0.0697%) short(wr=28.57% wr_net=28.57% exp_net=-0.4697%)
  h=5m n=7 avg=-0.6808% med=0.1956% long(wr=57.14% wr_net=42.86% exp_net=-0.8808%) short(wr=42.86% wr_net=42.86% exp_net=0.4808%)
  h=15m n=5 avg=2.4019% med=0.8174% long(wr=100.00% wr_net=80.00% exp_net=2.2019%) short(wr=0.00% wr_net=0.00% exp_net=-2.6019%)
  h=30m n=7 avg=2.9300% med=2.4890% long(wr=71.43% wr_net=71.43% exp_net=2.7300%) short(wr=28.57% wr_net=28.57% exp_net=-3.1300%)
  h=60m n=6 avg=9.2979% med=7.0940% long(wr=83.33% wr_net=83.33% exp_net=9.0979%) short(wr=16.67% wr_net=16.67% exp_net=-9.4979%)
 13:41:
  h=1m n=7 avg=-0.6093% med=-0.7233% long(wr=14.29% wr_net=14.29% exp_net=-0.8093%) short(wr=85.71% wr_net=85.71% exp_net=0.4093%)
  h=3m n=8 avg=-1.5089% med=-1.0306% long(wr=25.00% wr_net=25.00% exp_net=-1.7089%) short(wr=75.00% wr_net=75.00% exp_net=1.3089%)
  h=5m n=9 avg=-1.2526% med=-0.5425% long(wr=33.33% wr_net=22.22% exp_net=-1.4526%) short(wr=66.67% wr_net=66.67% exp_net=1.0526%)
  h=15m n=8 avg=1.5768% med=0.7645% long(wr=75.00% wr_net=62.50% exp_net=1.3768%) short(wr=25.00% wr_net=25.00% exp_net=-1.7768%)
  h=30m n=7 avg=2.8256% med=1.8077% long(wr=57.14% wr_net=57.14% exp_net=2.6256%) short(wr=28.57% wr_net=28.57% exp_net=-3.0256%)
  h=60m n=8 avg=7.5632% med=4.0408% long(wr=87.50% wr_net=87.50% exp_net=7.3632%) short(wr=12.50% wr_net=12.50% exp_net=-7.7632%)
 13:42:
  h=1m n=6 avg=0.6555% med=0.0880% long(wr=50.00% wr_net=50.00% exp_net=0.4555%) short(wr=50.00% wr_net=16.67% exp_net=-0.8555%)
  h=3m n=6 avg=0.6836% med=-0.3120% long(wr=50.00% wr_net=33.33% exp_net=0.4836%) short(wr=50.00% wr_net=50.00% exp_net=-0.8836%)
  h=5m n=6 avg=0.8446% med=0.3184% long(wr=66.67% wr_net=50.00% exp_net=0.6446%) short(wr=33.33% wr_net=33.33% exp_net=-1.0446%)
  h=15m n=6 avg=3.3961% med=2.0870% long(wr=100.00% wr_net=83.33% exp_net=3.1961%) short(wr=0.00% wr_net=0.00% exp_net=-3.5961%)
  h=30m n=5 avg=4.9465% med=5.3111% long(wr=80.00% wr_net=80.00% exp_net=4.7465%) short(wr=20.00% wr_net=20.00% exp_net=-5.1465%)
  h=60m n=6 avg=9.1231% med=7.1834% long(wr=83.33% wr_net=83.33% exp_net=8.9231%) short(wr=16.67% wr_net=16.67% exp_net=-9.3231%)
 13:43:
  h=1m n=8 avg=-1.3076% med=-0.1113% long(wr=25.00% wr_net=12.50% exp_net=-1.5076%) short(wr=75.00% wr_net=25.00% exp_net=1.1076%)
  h=3m n=9 avg=-1.1732% med=-0.3484% long(wr=33.33% wr_net=33.33% exp_net=-1.3732%) short(wr=55.56% wr_net=55.56% exp_net=0.9732%)
  h=5m n=9 avg=-0.0635% med=0.7823% long(wr=55.56% wr_net=55.56% exp_net=-0.2635%) short(wr=44.44% wr_net=44.44% exp_net=-0.1365%)
  h=15m n=9 avg=2.6952% med=1.3690% long(wr=66.67% wr_net=66.67% exp_net=2.4952%) short(wr=33.33% wr_net=22.22% exp_net=-2.8952%)
  h=30m n=7 avg=3.2618% med=1.4556% long(wr=85.71% wr_net=85.71% exp_net=3.0618%) short(wr=14.29% wr_net=14.29% exp_net=-3.4618%)
  h=60m n=7 avg=6.3073% med=1.6012% long(wr=71.43% wr_net=71.43% exp_net=6.1073%) short(wr=28.57% wr_net=28.57% exp_net=-6.5073%)
 13:44:
  h=1m n=8 avg=0.3093% med=0.0186% long(wr=50.00% wr_net=37.50% exp_net=0.1093%) short(wr=50.00% wr_net=37.50% exp_net=-0.5093%)
  h=3m n=7 avg=0.7293% med=0.9288% long(wr=71.43% wr_net=71.43% exp_net=0.5293%) short(wr=28.57% wr_net=28.57% exp_net=-0.9293%)
  h=5m n=7 avg=2.0928% med=1.4577% long(wr=57.14% wr_net=57.14% exp_net=1.8928%) short(wr=28.57% wr_net=28.57% exp_net=-2.2928%)
  h=15m n=7 avg=3.7531% med=2.9491% long(wr=71.43% wr_net=71.43% exp_net=3.5531%) short(wr=28.57% wr_net=28.57% exp_net=-3.9531%)
  h=30m n=7 avg=5.9383% med=6.4963% long(wr=85.71% wr_net=85.71% exp_net=5.7383%) short(wr=14.29% wr_net=14.29% exp_net=-6.1383%)
  h=60m n=7 avg=6.1934% med=1.6035% long(wr=57.14% wr_net=57.14% exp_net=5.9934%) short(wr=42.86% wr_net=42.86% exp_net=-6.3934%)
 13:45:
  h=1m n=9 avg=-0.3170% med=-0.6939% long(wr=33.33% wr_net=33.33% exp_net=-0.5170%) short(wr=66.67% wr_net=55.56% exp_net=0.1170%)
  h=3m n=9 avg=0.8155% med=0.5291% long(wr=55.56% wr_net=55.56% exp_net=0.6155%) short(wr=44.44% wr_net=44.44% exp_net=-1.0155%)
  h=5m n=9 avg=1.0244% med=-0.5935% long(wr=44.44% wr_net=44.44% exp_net=0.8244%) short(wr=55.56% wr_net=55.56% exp_net=-1.2244%)
  h=15m n=8 avg=3.1829% med=1.3163% long(wr=62.50% wr_net=62.50% exp_net=2.9829%) short(wr=37.50% wr_net=37.50% exp_net=-3.3829%)
  h=30m n=8 avg=5.1958% med=6.6052% long(wr=75.00% wr_net=75.00% exp_net=4.9958%) short(wr=25.00% wr_net=25.00% exp_net=-5.3958%)
  h=60m n=9 avg=5.5817% med=1.3012% long(wr=66.67% wr_net=66.67% exp_net=5.3817%) short(wr=33.33% wr_net=33.33% exp_net=-5.7817%)
 13:46:
  h=1m n=7 avg=0.7292% med=0.5828% long(wr=85.71% wr_net=71.43% exp_net=0.5292%) short(wr=0.00% wr_net=0.00% exp_net=-0.9292%)
  h=3m n=7 avg=2.1707% med=1.2539% long(wr=85.71% wr_net=85.71% exp_net=1.9707%) short(wr=14.29% wr_net=14.29% exp_net=-2.3707%)
  h=5m n=7 avg=1.2726% med=1.3975% long(wr=57.14% wr_net=57.14% exp_net=1.0726%) short(wr=42.86% wr_net=42.86% exp_net=-1.4726%)
  h=15m n=7 avg=3.5425% med=2.9024% long(wr=71.43% wr_net=71.43% exp_net=3.3425%) short(wr=28.57% wr_net=28.57% exp_net=-3.7425%)
  h=30m n=6 avg=5.9221% med=7.3316% long(wr=66.67% wr_net=66.67% exp_net=5.7221%) short(wr=33.33% wr_net=33.33% exp_net=-6.1221%)
  h=60m n=8 avg=7.0831% med=5.2142% long(wr=75.00% wr_net=75.00% exp_net=6.8831%) short(wr=25.00% wr_net=25.00% exp_net=-7.2831%)
 13:47:
  h=1m n=7 avg=0.3933% med=0.1295% long(wr=57.14% wr_net=28.57% exp_net=0.1933%) short(wr=28.57% wr_net=14.29% exp_net=-0.5933%)
  h=3m n=7 avg=0.5478% med=-0.1553% long(wr=42.86% wr_net=42.86% exp_net=0.3478%) short(wr=57.14% wr_net=42.86% exp_net=-0.7478%)
  h=5m n=7 avg=0.7372% med=0.2088% long(wr=57.14% wr_net=57.14% exp_net=0.5372%) short(wr=42.86% wr_net=28.57% exp_net=-0.9372%)
  h=15m n=6 avg=2.8447% med=1.5995% long(wr=83.33% wr_net=66.67% exp_net=2.6447%) short(wr=16.67% wr_net=16.67% exp_net=-3.0447%)
  h=30m n=6 avg=4.7885% med=5.3831% long(wr=66.67% wr_net=66.67% exp_net=4.5885%) short(wr=33.33% wr_net=33.33% exp_net=-4.9885%)
  h=60m n=7 avg=9.0543% med=6.9937% long(wr=85.71% wr_net=85.71% exp_net=8.8543%) short(wr=14.29% wr_net=14.29% exp_net=-9.2543%)
 13:48:
  h=1m n=8 avg=0.8685% med=0.6535% long(wr=75.00% wr_net=62.50% exp_net=0.6685%) short(wr=25.00% wr_net=25.00% exp_net=-1.0685%)
  h=3m n=8 avg=0.0125% med=-0.3165% long(wr=37.50% wr_net=37.50% exp_net=-0.1875%) short(wr=62.50% wr_net=62.50% exp_net=-0.2125%)
  h=5m n=8 avg=0.8233% med=0.8129% long(wr=75.00% wr_net=62.50% exp_net=0.6233%) short(wr=25.00% wr_net=25.00% exp_net=-1.0233%)
  h=15m n=9 avg=2.4684% med=1.0526% long(wr=66.67% wr_net=66.67% exp_net=2.2684%) short(wr=33.33% wr_net=33.33% exp_net=-2.6684%)
  h=30m n=9 avg=5.0729% med=4.5732% long(wr=66.67% wr_net=66.67% exp_net=4.8729%) short(wr=33.33% wr_net=22.22% exp_net=-5.2729%)
  h=60m n=9 avg=6.5059% med=5.4441% long(wr=77.78% wr_net=77.78% exp_net=6.3059%) short(wr=22.22% wr_net=22.22% exp_net=-6.7059%)
 13:49:
  h=1m n=8 avg=-0.7455% med=-0.3703% long(wr=12.50% wr_net=0.00% exp_net=-0.9455%) short(wr=87.50% wr_net=87.50% exp_net=0.5455%)
  h=3m n=8 avg=-0.4565% med=0.1437% long(wr=50.00% wr_net=50.00% exp_net=-0.6565%) short(wr=37.50% wr_net=37.50% exp_net=0.2565%)
  h=5m n=7 avg=0.7246% med=0.3861% long(wr=71.43% wr_net=57.14% exp_net=0.5246%) short(wr=28.57% wr_net=28.57% exp_net=-0.9246%)
  h=15m n=8 avg=1.7715% med=-0.0644% long(wr=37.50% wr_net=37.50% exp_net=1.5715%) short(wr=50.00% wr_net=37.50% exp_net=-1.9715%)
  h=30m n=6 avg=5.7546% med=3.6004% long(wr=66.67% wr_net=66.67% exp_net=5.5546%) short(wr=33.33% wr_net=33.33% exp_net=-5.9546%)
  h=60m n=7 avg=7.2177% med=5.0287% long(wr=85.71% wr_net=85.71% exp_net=7.0177%) short(wr=14.29% wr_net=14.29% exp_net=-7.4177%)
 13:50:
  h=1m n=8 avg=-0.0963% med=-0.0765% long(wr=50.00% wr_net=50.00% exp_net=-0.2963%) short(wr=50.00% wr_net=50.00% exp_net=-0.1037%)
  h=3m n=8 avg=0.7143% med=0.9870% long(wr=87.50% wr_net=87.50% exp_net=0.5143%) short(wr=12.50% wr_net=12.50% exp_net=-0.9143%)
  h=5m n=7 avg=0.9339% med=1.3932% long(wr=85.71% wr_net=85.71% exp_net=0.7339%) short(wr=14.29% wr_net=14.29% exp_net=-1.1339%)
  h=15m n=8 avg=4.8847% med=4.1497% long(wr=87.50% wr_net=87.50% exp_net=4.6847%) short(wr=12.50% wr_net=12.50% exp_net=-5.0847%)
  h=30m n=9 avg=4.6875% med=1.0653% long(wr=55.56% wr_net=55.56% exp_net=4.4875%) short(wr=44.44% wr_net=44.44% exp_net=-4.8875%)
  h=60m n=7 avg=7.8035% med=4.3216% long(wr=85.71% wr_net=85.71% exp_net=7.6035%) short(wr=14.29% wr_net=14.29% exp_net=-8.0035%)
 13:51:
  h=1m n=7 avg=0.2126% med=0.3326% long(wr=57.14% wr_net=57.14% exp_net=0.0126%) short(wr=28.57% wr_net=28.57% exp_net=-0.4126%)
  h=3m n=6 avg=1.2676% med=1.3083% long(wr=66.67% wr_net=66.67% exp_net=1.0676%) short(wr=16.67% wr_net=16.67% exp_net=-1.4676%)
  h=5m n=7 avg=0.9523% med=-0.4594% long(wr=42.86% wr_net=42.86% exp_net=0.7523%) short(wr=57.14% wr_net=57.14% exp_net=-1.1523%)
  h=15m n=7 avg=2.9553% med=2.3422% long(wr=57.14% wr_net=57.14% exp_net=2.7553%) short(wr=42.86% wr_net=42.86% exp_net=-3.1553%)
  h=30m n=6 avg=6.1603% med=3.0114% long(wr=50.00% wr_net=50.00% exp_net=5.9603%) short(wr=50.00% wr_net=50.00% exp_net=-6.3603%)
  h=60m n=6 avg=8.8267% med=5.3265% long(wr=83.33% wr_net=83.33% exp_net=8.6267%) short(wr=16.67% wr_net=16.67% exp_net=-9.0267%)
 13:52:
  h=1m n=8 avg=0.4173% med=0.2104% long(wr=87.50% wr_net=50.00% exp_net=0.2173%) short(wr=12.50% wr_net=12.50% exp_net=-0.6173%)
  h=3m n=7 avg=0.6915% med=0.8333% long(wr=71.43% wr_net=71.43% exp_net=0.4915%) short(wr=28.57% wr_net=14.29% exp_net=-0.8915%)
  h=5m n=7 avg=1.7452% med=1.5957% long(wr=71.43% wr_net=71.43% exp_net=1.5452%) short(wr=14.29% wr_net=14.29% exp_net=-1.9452%)
  h=15m n=8 avg=2.5812% med=1.2147% long(wr=50.00% wr_net=50.00% exp_net=2.3812%) short(wr=50.00% wr_net=50.00% exp_net=-2.7812%)
  h=30m n=7 avg=4.9273% med=4.6875% long(wr=57.14% wr_net=57.14% exp_net=4.7273%) short(wr=42.86% wr_net=42.86% exp_net=-5.1273%)
  h=60m n=8 avg=6.7620% med=3.1903% long(wr=87.50% wr_net=87.50% exp_net=6.5620%) short(wr=12.50% wr_net=12.50% exp_net=-6.9620%)
 13:53:
  h=1m n=8 avg=0.3330% med=0.4458% long(wr=62.50% wr_net=62.50% exp_net=0.1330%) short(wr=37.50% wr_net=37.50% exp_net=-0.5330%)
  h=3m n=9 avg=0.3906% med=0.4292% long(wr=66.67% wr_net=55.56% exp_net=0.1906%) short(wr=22.22% wr_net=22.22% exp_net=-0.5906%)
  h=5m n=9 avg=1.6180% med=2.0690% long(wr=55.56% wr_net=55.56% exp_net=1.4180%) short(wr=44.44% wr_net=44.44% exp_net=-1.8180%)
  h=15m n=9 avg=1.6165% med=-0.7153% long(wr=44.44% wr_net=44.44% exp_net=1.4165%) short(wr=55.56% wr_net=55.56% exp_net=-1.8165%)
  h=30m n=8 avg=4.1122% med=1.2311% long(wr=50.00% wr_net=50.00% exp_net=3.9122%) short(wr=50.00% wr_net=50.00% exp_net=-4.3122%)
  h=60m n=9 avg=5.6119% med=1.2261% long(wr=88.89% wr_net=77.78% exp_net=5.4119%) short(wr=11.11% wr_net=11.11% exp_net=-5.8119%)
 13:54:
  h=1m n=7 avg=-0.1999% med=-0.5315% long(wr=42.86% wr_net=28.57% exp_net=-0.3999%) short(wr=57.14% wr_net=57.14% exp_net=-0.0001%)
  h=3m n=8 avg=0.8717% med=0.8514% long(wr=62.50% wr_net=62.50% exp_net=0.6717%) short(wr=37.50% wr_net=37.50% exp_net=-1.0717%)
  h=5m n=8 avg=0.9099% med=0.1082% long(wr=50.00% wr_net=50.00% exp_net=0.7099%) short(wr=50.00% wr_net=50.00% exp_net=-1.1099%)
  h=15m n=6 avg=2.3618% med=1.4648% long(wr=50.00% wr_net=50.00% exp_net=2.1618%) short(wr=50.00% wr_net=50.00% exp_net=-2.5618%)
  h=30m n=7 avg=3.4254% med=-1.0791% long(wr=42.86% wr_net=42.86% exp_net=3.2254%) short(wr=57.14% wr_net=57.14% exp_net=-3.6254%)
  h=60m n=8 avg=3.6358% med=0.4177% long(wr=62.50% wr_net=50.00% exp_net=3.4358%) short(wr=37.50% wr_net=37.50% exp_net=-3.8358%)
 13:55:
  h=1m n=8 avg=0.3525% med=0.3045% long(wr=62.50% wr_net=50.00% exp_net=0.1525%) short(wr=37.50% wr_net=25.00% exp_net=-0.5525%)
  h=3m n=8 avg=1.6976% med=1.6427% long(wr=62.50% wr_net=62.50% exp_net=1.4976%) short(wr=37.50% wr_net=37.50% exp_net=-1.8976%)
  h=5m n=8 avg=1.7374% med=1.3830% long(wr=62.50% wr_net=62.50% exp_net=1.5374%) short(wr=37.50% wr_net=37.50% exp_net=-1.9374%)
  h=15m n=6 avg=1.5888% med=1.7364% long(wr=50.00% wr_net=50.00% exp_net=1.3888%) short(wr=50.00% wr_net=50.00% exp_net=-1.7888%)
  h=30m n=8 avg=3.6618% med=0.2374% long(wr=50.00% wr_net=50.00% exp_net=3.4618%) short(wr=50.00% wr_net=50.00% exp_net=-3.8618%)
  h=60m n=7 avg=5.6586% med=2.7679% long(wr=71.43% wr_net=57.14% exp_net=5.4586%) short(wr=28.57% wr_net=28.57% exp_net=-5.8586%)
 13:56:
  h=1m n=9 avg=0.6984% med=0.3019% long(wr=66.67% wr_net=55.56% exp_net=0.4984%) short(wr=22.22% wr_net=22.22% exp_net=-0.8984%)
  h=3m n=10 avg=0.4973% med=-0.4630% long(wr=40.00% wr_net=40.00% exp_net=0.2973%) short(wr=50.00% wr_net=50.00% exp_net=-0.6973%)
  h=5m n=10 avg=0.6888% med=-0.2020% long(wr=50.00% wr_net=40.00% exp_net=0.4888%) short(wr=50.00% wr_net=50.00% exp_net=-0.8888%)
  h=15m n=9 avg=0.6326% med=-0.5161% long(wr=44.44% wr_net=44.44% exp_net=0.4326%) short(wr=55.56% wr_net=55.56% exp_net=-0.8326%)
  h=30m n=8 avg=3.0308% med=-1.2849% long(wr=37.50% wr_net=37.50% exp_net=2.8308%) short(wr=62.50% wr_net=62.50% exp_net=-3.2308%)
  h=60m n=9 avg=2.2029% med=0.5415% long(wr=55.56% wr_net=55.56% exp_net=2.0029%) short(wr=44.44% wr_net=44.44% exp_net=-2.4029%)
 13:57:
  h=1m n=9 avg=0.7558% med=0.2257% long(wr=66.67% wr_net=55.56% exp_net=0.5558%) short(wr=33.33% wr_net=33.33% exp_net=-0.9558%)
  h=3m n=8 avg=0.3040% med=0.0682% long(wr=50.00% wr_net=50.00% exp_net=0.1040%) short(wr=50.00% wr_net=25.00% exp_net=-0.5040%)
  h=5m n=7 avg=-0.0633% med=-0.6772% long(wr=42.86% wr_net=42.86% exp_net=-0.2633%) short(wr=57.14% wr_net=57.14% exp_net=-0.1367%)
  h=15m n=7 avg=0.2597% med=0.2865% long(wr=57.14% wr_net=57.14% exp_net=0.0597%) short(wr=42.86% wr_net=42.86% exp_net=-0.4597%)
  h=30m n=9 avg=2.1163% med=-0.9025% long(wr=33.33% wr_net=33.33% exp_net=1.9163%) short(wr=66.67% wr_net=66.67% exp_net=-2.3163%)
  h=60m n=8 avg=3.1216% med=1.7013% long(wr=62.50% wr_net=62.50% exp_net=2.9216%) short(wr=37.50% wr_net=37.50% exp_net=-3.3216%)
 13:58:
  h=1m n=8 avg=-0.3411% med=-0.5575% long(wr=12.50% wr_net=12.50% exp_net=-0.5411%) short(wr=87.50% wr_net=87.50% exp_net=0.1411%)
  h=3m n=8 avg=-0.3110% med=-0.3281% long(wr=25.00% wr_net=25.00% exp_net=-0.5110%) short(wr=75.00% wr_net=62.50% exp_net=0.1110%)
  h=5m n=9 avg=-0.6549% med=-0.3215% long(wr=11.11% wr_net=11.11% exp_net=-0.8549%) short(wr=88.89% wr_net=66.67% exp_net=0.4549%)
  h=15m n=8 avg=0.0888% med=-0.4426% long(wr=50.00% wr_net=37.50% exp_net=-0.1112%) short(wr=50.00% wr_net=50.00% exp_net=-0.2888%)
  h=30m n=8 avg=1.1914% med=-1.1543% long(wr=25.00% wr_net=25.00% exp_net=0.9914%) short(wr=75.00% wr_net=75.00% exp_net=-1.3914%)
  h=60m n=8 avg=2.6950% med=1.9362% long(wr=62.50% wr_net=62.50% exp_net=2.4950%) short(wr=37.50% wr_net=37.50% exp_net=-2.8950%)
 13:59:
  h=1m n=7 avg=0.2874% med=0.2604% long(wr=57.14% wr_net=57.14% exp_net=0.0874%) short(wr=42.86% wr_net=14.29% exp_net=-0.4874%)
  h=3m n=6 avg=-0.1632% med=-0.5517% long(wr=33.33% wr_net=33.33% exp_net=-0.3632%) short(wr=66.67% wr_net=66.67% exp_net=-0.0368%)
  h=5m n=8 avg=0.0248% med=0.1021% long(wr=62.50% wr_net=37.50% exp_net=-0.1752%) short(wr=37.50% wr_net=37.50% exp_net=-0.2248%)
  h=15m n=8 avg=0.6570% med=-0.0005% long(wr=50.00% wr_net=50.00% exp_net=0.4570%) short(wr=50.00% wr_net=50.00% exp_net=-0.8570%)
  h=30m n=8 avg=1.0680% med=0.0318% long(wr=50.00% wr_net=50.00% exp_net=0.8680%) short(wr=50.00% wr_net=50.00% exp_net=-1.2680%)
  h=60m n=7 avg=1.9447% med=2.0645% long(wr=57.14% wr_net=57.14% exp_net=1.7447%) short(wr=42.86% wr_net=42.86% exp_net=-2.1447%)
 14:00:
  h=1m n=8 avg=-0.2882% med=-0.1416% long(wr=37.50% wr_net=12.50% exp_net=-0.4882%) short(wr=50.00% wr_net=50.00% exp_net=0.0882%)
  h=3m n=8 avg=-0.4629% med=-0.3264% long(wr=37.50% wr_net=12.50% exp_net=-0.6629%) short(wr=62.50% wr_net=62.50% exp_net=0.2629%)
  h=5m n=7 avg=1.2815% med=1.0390% long(wr=57.14% wr_net=57.14% exp_net=1.0815%) short(wr=42.86% wr_net=28.57% exp_net=-1.4815%)
  h=15m n=8 avg=0.0748% med=-0.6977% long(wr=37.50% wr_net=37.50% exp_net=-0.1252%) short(wr=62.50% wr_net=62.50% exp_net=-0.2748%)
  h=30m n=7 avg=2.0996% med=0.6336% long(wr=57.14% wr_net=57.14% exp_net=1.8996%) short(wr=42.86% wr_net=42.86% exp_net=-2.2996%)
  h=60m n=8 avg=0.6743% med=1.5205% long(wr=62.50% wr_net=62.50% exp_net=0.4743%) short(wr=37.50% wr_net=37.50% exp_net=-0.8743%)
 14:01:
  h=1m n=8 avg=-0.2450% med=-0.3738% long(wr=25.00% wr_net=25.00% exp_net=-0.4450%) short(wr=75.00% wr_net=75.00% exp_net=0.0450%)
  h=3m n=9 avg=0.2972% med=0.0752% long(wr=55.56% wr_net=44.44% exp_net=0.0972%) short(wr=33.33% wr_net=11.11% exp_net=-0.4972%)
  h=5m n=9 avg=0.6156% med=-0.0786% long(wr=44.44% wr_net=33.33% exp_net=0.4156%) short(wr=55.56% wr_net=33.33% exp_net=-0.8156%)
  h=15m n=7 avg=0.5043% med=0.4329% long(wr=57.14% wr_net=57.14% exp_net=0.3043%) short(wr=42.86% wr_net=42.86% exp_net=-0.7043%)
  h=30m n=9 avg=3.1500% med=1.9293% long(wr=66.67% wr_net=66.67% exp_net=2.9500%) short(wr=33.33% wr_net=33.33% exp_net=-3.3500%)
  h=60m n=9 avg=-1.8978% med=0.9021% long(wr=55.56% wr_net=55.56% exp_net=-2.0978%) short(wr=44.44% wr_net=44.44% exp_net=1.6978%)
 14:02:
  h=1m n=9 avg=0.2402% med=0.2653% long(wr=55.56% wr_net=55.56% exp_net=0.0402%) short(wr=44.44% wr_net=33.33% exp_net=-0.4402%)
  h=3m n=9 avg=1.8109% med=0.7958% long(wr=77.78% wr_net=77.78% exp_net=1.6109%) short(wr=22.22% wr_net=0.00% exp_net=-2.0109%)
  h=5m n=9 avg=0.6683% med=-0.2584% long(wr=44.44% wr_net=33.33% exp_net=0.4683%) short(wr=55.56% wr_net=55.56% exp_net=-0.8683%)
  h=15m n=8 avg=1.3727% med=0.3818% long(wr=50.00% wr_net=50.00% exp_net=1.1727%) short(wr=50.00% wr_net=50.00% exp_net=-1.5727%)
  h=30m n=8 avg=4.3922% med=2.4425% long(wr=62.50% wr_net=62.50% exp_net=4.1922%) short(wr=25.00% wr_net=25.00% exp_net=-4.5922%)
  h=60m n=8 avg=-3.4627% med=-2.4175% long(wr=37.50% wr_net=37.50% exp_net=-3.6627%) short(wr=62.50% wr_net=62.50% exp_net=3.2627%)
 14:03:
  h=1m n=11 avg=0.4554% med=0.3157% long(wr=72.73% wr_net=63.64% exp_net=0.2554%) short(wr=18.18% wr_net=18.18% exp_net=-0.6554%)
  h=3m n=10 avg=1.1598% med=0.1302% long(wr=50.00% wr_net=50.00% exp_net=0.9598%) short(wr=20.00% wr_net=20.00% exp_net=-1.3598%)
  h=5m n=9 avg=0.5372% med=0.0000% long(wr=44.44% wr_net=44.44% exp_net=0.3372%) short(wr=44.44% wr_net=33.33% exp_net=-0.7372%)
  h=15m n=10 avg=2.4789% med=0.8619% long(wr=60.00% wr_net=60.00% exp_net=2.2789%) short(wr=40.00% wr_net=40.00% exp_net=-2.6789%)
  h=30m n=9 avg=2.4601% med=1.4009% long(wr=55.56% wr_net=55.56% exp_net=2.2601%) short(wr=33.33% wr_net=33.33% exp_net=-2.6601%)
  h=60m n=8 avg=-1.6728% med=-1.4662% long(wr=37.50% wr_net=37.50% exp_net=-1.8728%) short(wr=50.00% wr_net=50.00% exp_net=1.4728%)
 14:04:
  h=1m n=10 avg=1.4138% med=1.2208% long(wr=80.00% wr_net=70.00% exp_net=1.2138%) short(wr=20.00% wr_net=20.00% exp_net=-1.6138%)
  h=3m n=10 avg=-0.0127% med=-0.1727% long(wr=40.00% wr_net=40.00% exp_net=-0.2127%) short(wr=60.00% wr_net=50.00% exp_net=-0.1873%)
  h=5m n=9 avg=0.4129% med=-0.1507% long(wr=44.44% wr_net=44.44% exp_net=0.2129%) short(wr=55.56% wr_net=44.44% exp_net=-0.6129%)
  h=15m n=8 avg=3.1477% med=0.5291% long(wr=50.00% wr_net=50.00% exp_net=2.9477%) short(wr=50.00% wr_net=37.50% exp_net=-3.3477%)
  h=30m n=10 avg=0.6353% med=-0.6029% long(wr=50.00% wr_net=50.00% exp_net=0.4353%) short(wr=50.00% wr_net=50.00% exp_net=-0.8353%)
  h=60m n=8 avg=-2.4112% med=-0.3484% long(wr=50.00% wr_net=50.00% exp_net=-2.6112%) short(wr=50.00% wr_net=50.00% exp_net=2.2112%)
 14:05:
  h=1m n=9 avg=-0.7347% med=-0.5263% long(wr=44.44% wr_net=44.44% exp_net=-0.9347%) short(wr=55.56% wr_net=55.56% exp_net=0.5347%)
  h=3m n=8 avg=-1.0043% med=-0.0658% long(wr=50.00% wr_net=50.00% exp_net=-1.2043%) short(wr=50.00% wr_net=50.00% exp_net=0.8043%)
  h=5m n=9 avg=-1.5234% med=-0.7893% long(wr=44.44% wr_net=22.22% exp_net=-1.7234%) short(wr=55.56% wr_net=55.56% exp_net=1.3234%)
  h=15m n=9 avg=0.5237% med=-1.3418% long(wr=22.22% wr_net=22.22% exp_net=0.3237%) short(wr=77.78% wr_net=77.78% exp_net=-0.7237%)
  h=30m n=8 avg=0.2474% med=-0.7843% long(wr=50.00% wr_net=50.00% exp_net=0.0474%) short(wr=50.00% wr_net=50.00% exp_net=-0.4474%)
  h=60m n=6 avg=-4.9701% med=-2.1181% long(wr=33.33% wr_net=33.33% exp_net=-5.1701%) short(wr=66.67% wr_net=66.67% exp_net=4.7701%)
 14:06:
  h=1m n=10 avg=-0.0581% med=0.0678% long(wr=50.00% wr_net=30.00% exp_net=-0.2581%) short(wr=40.00% wr_net=40.00% exp_net=-0.1419%)
  h=3m n=9 avg=0.3219% med=0.1355% long(wr=55.56% wr_net=33.33% exp_net=0.1219%) short(wr=44.44% wr_net=44.44% exp_net=-0.5219%)
  h=5m n=9 avg=-0.0969% med=-0.5161% long(wr=33.33% wr_net=33.33% exp_net=-0.2969%) short(wr=66.67% wr_net=55.56% exp_net=-0.1031%)
  h=15m n=10 avg=1.2127% med=-0.9360% long(wr=40.00% wr_net=40.00% exp_net=1.0127%) short(wr=60.00% wr_net=60.00% exp_net=-1.4127%)
  h=30m n=10 avg=1.8705% med=-0.2774% long(wr=50.00% wr_net=50.00% exp_net=1.6705%) short(wr=50.00% wr_net=50.00% exp_net=-2.0705%)
  h=60m n=7 avg=1.2570% med=0.7559% long(wr=71.43% wr_net=71.43% exp_net=1.0570%) short(wr=28.57% wr_net=28.57% exp_net=-1.4570%)
 14:07:
  h=1m n=9 avg=0.0098% med=-0.2051% long(wr=44.44% wr_net=44.44% exp_net=-0.1902%) short(wr=55.56% wr_net=55.56% exp_net=-0.2098%)
  h=3m n=8 avg=-0.0631% med=-0.1259% long(wr=50.00% wr_net=37.50% exp_net=-0.2631%) short(wr=50.00% wr_net=50.00% exp_net=-0.1369%)
  h=5m n=7 avg=0.0300% med=0.2591% long(wr=57.14% wr_net=57.14% exp_net=-0.1700%) short(wr=28.57% wr_net=28.57% exp_net=-0.2300%)
  h=15m n=8 avg=2.1650% med=-0.0644% long(wr=50.00% wr_net=50.00% exp_net=1.9650%) short(wr=50.00% wr_net=50.00% exp_net=-2.3650%)
  h=30m n=8 avg=3.8574% med=0.5695% long(wr=62.50% wr_net=62.50% exp_net=3.6574%) short(wr=37.50% wr_net=37.50% exp_net=-4.0574%)
  h=60m n=6 avg=1.4379% med=0.4924% long(wr=50.00% wr_net=50.00% exp_net=1.2379%) short(wr=33.33% wr_net=33.33% exp_net=-1.6379%)
 14:08:
  h=1m n=9 avg=0.2172% med=-0.4043% long(wr=44.44% wr_net=33.33% exp_net=0.0172%) short(wr=55.56% wr_net=55.56% exp_net=-0.4172%)
  h=3m n=9 avg=-0.0250% med=-0.3083% long(wr=33.33% wr_net=33.33% exp_net=-0.2250%) short(wr=66.67% wr_net=66.67% exp_net=-0.1750%)
  h=5m n=9 avg=-0.0516% med=-0.2695% long(wr=33.33% wr_net=33.33% exp_net=-0.2516%) short(wr=55.56% wr_net=55.56% exp_net=-0.1484%)
  h=15m n=9 avg=1.6118% med=-1.9608% long(wr=44.44% wr_net=44.44% exp_net=1.4118%) short(wr=55.56% wr_net=55.56% exp_net=-1.8118%)
  h=30m n=10 avg=3.1902% med=-0.0868% long(wr=50.00% wr_net=40.00% exp_net=2.9902%) short(wr=50.00% wr_net=50.00% exp_net=-3.3902%)
  h=60m n=8 avg=1.1137% med=0.0429% long(wr=50.00% wr_net=50.00% exp_net=0.9137%) short(wr=50.00% wr_net=50.00% exp_net=-1.3137%)
 14:09:
  h=1m n=10 avg=-0.5563% med=-0.4297% long(wr=30.00% wr_net=20.00% exp_net=-0.7563%) short(wr=70.00% wr_net=60.00% exp_net=0.3563%)
  h=3m n=9 avg=-0.4388% med=-0.5682% long(wr=22.22% wr_net=22.22% exp_net=-0.6388%) short(wr=55.56% wr_net=55.56% exp_net=0.2388%)
  h=5m n=10 avg=-0.4246% med=-0.4473% long(wr=30.00% wr_net=20.00% exp_net=-0.6246%) short(wr=70.00% wr_net=60.00% exp_net=0.2246%)
  h=15m n=10 avg=1.0108% med=-0.6564% long(wr=40.00% wr_net=40.00% exp_net=0.8108%) short(wr=60.00% wr_net=60.00% exp_net=-1.2108%)
  h=30m n=10 avg=2.7842% med=0.5653% long(wr=60.00% wr_net=60.00% exp_net=2.5842%) short(wr=40.00% wr_net=40.00% exp_net=-2.9842%)
  h=60m n=7 avg=0.2761% med=-0.3820% long(wr=28.57% wr_net=28.57% exp_net=0.0761%) short(wr=57.14% wr_net=57.14% exp_net=-0.4761%)
 14:10:
  h=1m n=8 avg=0.2676% med=0.2252% long(wr=50.00% wr_net=50.00% exp_net=0.0676%) short(wr=25.00% wr_net=12.50% exp_net=-0.4676%)
  h=3m n=9 avg=0.4666% med=0.0000% long(wr=44.44% wr_net=33.33% exp_net=0.2666%) short(wr=44.44% wr_net=44.44% exp_net=-0.6666%)
  h=5m n=9 avg=0.8438% med=0.2387% long(wr=55.56% wr_net=55.56% exp_net=0.6438%) short(wr=33.33% wr_net=22.22% exp_net=-1.0438%)
  h=15m n=8 avg=2.3964% med=0.7516% long(wr=50.00% wr_net=50.00% exp_net=2.1964%) short(wr=50.00% wr_net=50.00% exp_net=-2.5964%)
  h=30m n=8 avg=3.9290% med=0.5388% long(wr=75.00% wr_net=62.50% exp_net=3.7290%) short(wr=25.00% wr_net=25.00% exp_net=-4.1290%)
  h=60m n=8 avg=-3.6143% med=-1.1670% long(wr=37.50% wr_net=37.50% exp_net=-3.8143%) short(wr=62.50% wr_net=62.50% exp_net=3.4143%)
 14:11:
  h=1m n=6 avg=0.0480% med=0.1143% long(wr=66.67% wr_net=33.33% exp_net=-0.1520%) short(wr=33.33% wr_net=33.33% exp_net=-0.2480%)
  h=3m n=7 avg=0.0570% med=-0.0747% long(wr=28.57% wr_net=28.57% exp_net=-0.1430%) short(wr=71.43% wr_net=28.57% exp_net=-0.2570%)
  h=5m n=6 avg=0.1897% med=-0.5308% long(wr=50.00% wr_net=16.67% exp_net=-0.0103%) short(wr=50.00% wr_net=50.00% exp_net=-0.3897%)
  h=15m n=6 avg=3.0038% med=-0.0544% long(wr=50.00% wr_net=50.00% exp_net=2.8038%) short(wr=50.00% wr_net=50.00% exp_net=-3.2038%)
  h=30m n=7 avg=4.2888% med=0.0747% long(wr=57.14% wr_net=42.86% exp_net=4.0888%) short(wr=42.86% wr_net=42.86% exp_net=-4.4888%)
  h=60m n=6 avg=-3.1980% med=-0.5982% long(wr=50.00% wr_net=50.00% exp_net=-3.3980%) short(wr=50.00% wr_net=50.00% exp_net=2.9980%)
 14:12:
  h=1m n=6 avg=-0.0096% med=-0.4382% long(wr=33.33% wr_net=33.33% exp_net=-0.2096%) short(wr=66.67% wr_net=66.67% exp_net=-0.1904%)
  h=3m n=7 avg=0.3400% med=-0.3165% long(wr=42.86% wr_net=42.86% exp_net=0.1400%) short(wr=57.14% wr_net=57.14% exp_net=-0.5400%)
  h=5m n=7 avg=0.6158% med=-0.7143% long(wr=28.57% wr_net=28.57% exp_net=0.4158%) short(wr=71.43% wr_net=57.14% exp_net=-0.8158%)
  h=15m n=6 avg=2.8185% med=-0.0471% long(wr=50.00% wr_net=50.00% exp_net=2.6185%) short(wr=50.00% wr_net=50.00% exp_net=-3.0185%)
  h=30m n=7 avg=4.2101% med=0.2985% long(wr=57.14% wr_net=57.14% exp_net=4.0101%) short(wr=42.86% wr_net=42.86% exp_net=-4.4101%)
  h=60m n=6 avg=-8.3623% med=-2.1472% long(wr=33.33% wr_net=33.33% exp_net=-8.5623%) short(wr=66.67% wr_net=66.67% exp_net=8.1623%)
 14:13:
  h=1m n=9 avg=0.1963% med=0.1300% long(wr=55.56% wr_net=33.33% exp_net=-0.0037%) short(wr=33.33% wr_net=33.33% exp_net=-0.3963%)
  h=3m n=8 avg=0.1876% med=-0.2192% long(wr=37.50% wr_net=37.50% exp_net=-0.0124%) short(wr=62.50% wr_net=50.00% exp_net=-0.3876%)
  h=5m n=9 avg=1.4286% med=0.2703% long(wr=66.67% wr_net=55.56% exp_net=1.2286%) short(wr=22.22% wr_net=22.22% exp_net=-1.6286%)
  h=15m n=9 avg=1.3327% med=0.3249% long(wr=55.56% wr_net=55.56% exp_net=1.1327%) short(wr=44.44% wr_net=44.44% exp_net=-1.5327%)
  h=30m n=9 avg=2.6020% med=0.4498% long(wr=77.78% wr_net=66.67% exp_net=2.4020%) short(wr=22.22% wr_net=22.22% exp_net=-2.8020%)
  h=60m n=9 avg=-4.1747% med=-1.0043% long(wr=33.33% wr_net=33.33% exp_net=-4.3747%) short(wr=66.67% wr_net=66.67% exp_net=3.9747%)
 14:14:
  h=1m n=10 avg=0.2484% med=0.0324% long(wr=50.00% wr_net=40.00% exp_net=0.0484%) short(wr=30.00% wr_net=10.00% exp_net=-0.4484%)
  h=3m n=9 avg=0.3979% med=0.1351% long(wr=55.56% wr_net=22.22% exp_net=0.1979%) short(wr=44.44% wr_net=44.44% exp_net=-0.5979%)
  h=5m n=8 avg=2.2768% med=0.2546% long(wr=62.50% wr_net=50.00% exp_net=2.0768%) short(wr=37.50% wr_net=37.50% exp_net=-2.4768%)
  h=15m n=10 avg=0.9247% med=0.3690% long(wr=60.00% wr_net=50.00% exp_net=0.7247%) short(wr=30.00% wr_net=30.00% exp_net=-1.1247%)
  h=30m n=9 avg=1.4691% med=0.6757% long(wr=77.78% wr_net=77.78% exp_net=1.2691%) short(wr=22.22% wr_net=22.22% exp_net=-1.6691%)
  h=60m n=7 avg=-5.1034% med=-1.2248% long(wr=28.57% wr_net=28.57% exp_net=-5.3034%) short(wr=71.43% wr_net=71.43% exp_net=4.9034%)
 14:15:
  h=1m n=8 avg=-0.2035% med=-0.4258% long(wr=37.50% wr_net=37.50% exp_net=-0.4035%) short(wr=62.50% wr_net=62.50% exp_net=0.0035%)
  h=3m n=10 avg=1.1426% med=0.0703% long(wr=50.00% wr_net=50.00% exp_net=0.9426%) short(wr=50.00% wr_net=40.00% exp_net=-1.3426%)
  h=5m n=10 avg=1.0546% med=-0.2206% long(wr=30.00% wr_net=30.00% exp_net=0.8546%) short(wr=70.00% wr_net=50.00% exp_net=-1.2546%)
  h=15m n=8 avg=2.3052% med=1.2735% long(wr=75.00% wr_net=75.00% exp_net=2.1052%) short(wr=12.50% wr_net=12.50% exp_net=-2.5052%)
  h=30m n=10 avg=1.1899% med=0.8498% long(wr=70.00% wr_net=70.00% exp_net=0.9899%) short(wr=20.00% wr_net=20.00% exp_net=-1.3899%)
  h=60m n=9 avg=-3.0381% med=-0.4054% long(wr=33.33% wr_net=33.33% exp_net=-3.2381%) short(wr=66.67% wr_net=55.56% exp_net=2.8381%)
 14:16:
  h=1m n=7 avg=0.1535% med=0.0000% long(wr=28.57% wr_net=28.57% exp_net=-0.0465%) short(wr=42.86% wr_net=14.29% exp_net=-0.3535%)
  h=3m n=7 avg=2.4949% med=0.2240% long(wr=57.14% wr_net=57.14% exp_net=2.2949%) short(wr=42.86% wr_net=42.86% exp_net=-2.6949%)
  h=5m n=7 avg=2.1114% med=0.2088% long(wr=57.14% wr_net=57.14% exp_net=1.9114%) short(wr=42.86% wr_net=42.86% exp_net=-2.3114%)
  h=15m n=7 avg=1.6961% med=0.2874% long(wr=57.14% wr_net=57.14% exp_net=1.4961%) short(wr=42.86% wr_net=42.86% exp_net=-1.8961%)
  h=30m n=7 avg=1.6199% med=1.8789% long(wr=71.43% wr_net=71.43% exp_net=1.4199%) short(wr=28.57% wr_net=28.57% exp_net=-1.8199%)
  h=60m n=6 avg=-5.6389% med=-3.2341% long(wr=33.33% wr_net=33.33% exp_net=-5.8389%) short(wr=66.67% wr_net=66.67% exp_net=5.4389%)
 14:17:
  h=1m n=9 avg=1.1267% med=0.2878% long(wr=88.89% wr_net=66.67% exp_net=0.9267%) short(wr=11.11% wr_net=11.11% exp_net=-1.3267%)
  h=3m n=9 avg=1.0346% med=0.3210% long(wr=66.67% wr_net=66.67% exp_net=0.8346%) short(wr=33.33% wr_net=33.33% exp_net=-1.2346%)
  h=5m n=8 avg=1.4944% med=0.3502% long(wr=62.50% wr_net=50.00% exp_net=1.2944%) short(wr=37.50% wr_net=37.50% exp_net=-1.6944%)
  h=15m n=9 avg=1.5516% med=0.7194% long(wr=55.56% wr_net=55.56% exp_net=1.3516%) short(wr=44.44% wr_net=44.44% exp_net=-1.7516%)
  h=30m n=9 avg=1.8665% med=0.4902% long(wr=66.67% wr_net=66.67% exp_net=1.6665%) short(wr=33.33% wr_net=33.33% exp_net=-2.0665%)
  h=60m n=7 avg=-4.3583% med=-1.2039% long(wr=28.57% wr_net=28.57% exp_net=-4.5583%) short(wr=71.43% wr_net=71.43% exp_net=4.1583%)
 14:18:
  h=1m n=8 avg=0.8493% med=0.3920% long(wr=62.50% wr_net=50.00% exp_net=0.6493%) short(wr=25.00% wr_net=12.50% exp_net=-1.0493%)
  h=3m n=9 avg=-0.0352% med=0.1348% long(wr=55.56% wr_net=44.44% exp_net=-0.2352%) short(wr=44.44% wr_net=44.44% exp_net=-0.1648%)
  h=5m n=9 avg=0.1827% med=0.5391% long(wr=55.56% wr_net=55.56% exp_net=-0.0173%) short(wr=44.44% wr_net=44.44% exp_net=-0.3827%)
  h=15m n=9 avg=-0.2172% med=0.0801% long(wr=55.56% wr_net=44.44% exp_net=-0.4172%) short(wr=44.44% wr_net=44.44% exp_net=0.0172%)
  h=30m n=10 avg=1.0694% med=0.9702% long(wr=70.00% wr_net=70.00% exp_net=0.8694%) short(wr=30.00% wr_net=30.00% exp_net=-1.2694%)
  h=60m n=10 avg=-4.3493% med=-1.4415% long(wr=30.00% wr_net=30.00% exp_net=-4.5493%) short(wr=70.00% wr_net=70.00% exp_net=4.1493%)
 14:19:
  h=1m n=8 avg=-0.6624% med=-0.4754% long(wr=37.50% wr_net=25.00% exp_net=-0.8624%) short(wr=62.50% wr_net=62.50% exp_net=0.4624%)
  h=3m n=8 avg=-0.3348% med=-0.3382% long(wr=37.50% wr_net=37.50% exp_net=-0.5348%) short(wr=50.00% wr_net=50.00% exp_net=0.1348%)
  h=5m n=8 avg=-0.5223% med=-0.9661% long(wr=37.50% wr_net=37.50% exp_net=-0.7223%) short(wr=62.50% wr_net=62.50% exp_net=0.3223%)
  h=15m n=8 avg=-1.5353% med=-0.3305% long(wr=50.00% wr_net=37.50% exp_net=-1.7353%) short(wr=50.00% wr_net=50.00% exp_net=1.3353%)
  h=30m n=7 avg=1.7202% med=-0.0745% long(wr=42.86% wr_net=42.86% exp_net=1.5202%) short(wr=57.14% wr_net=28.57% exp_net=-1.9202%)
  h=60m n=9 avg=-7.2328% med=-3.0769% long(wr=22.22% wr_net=22.22% exp_net=-7.4328%) short(wr=66.67% wr_net=66.67% exp_net=7.0328%)
 14:20:
  h=1m n=9 avg=0.0505% med=0.0000% long(wr=44.44% wr_net=33.33% exp_net=-0.1495%) short(wr=44.44% wr_net=33.33% exp_net=-0.2505%)
  h=3m n=9 avg=0.2872% med=-0.4000% long(wr=44.44% wr_net=44.44% exp_net=0.0872%) short(wr=55.56% wr_net=55.56% exp_net=-0.4872%)
  h=5m n=9 avg=-0.1780% med=-0.3679% long(wr=33.33% wr_net=33.33% exp_net=-0.3780%) short(wr=66.67% wr_net=55.56% exp_net=-0.0220%)
  h=15m n=8 avg=-0.4201% med=0.0444% long(wr=50.00% wr_net=50.00% exp_net=-0.6201%) short(wr=50.00% wr_net=37.50% exp_net=0.2201%)
  h=30m n=8 avg=1.4318% med=-0.0213% long(wr=50.00% wr_net=50.00% exp_net=1.2318%) short(wr=50.00% wr_net=50.00% exp_net=-1.6318%)
  h=60m n=8 avg=-6.0472% med=-0.5256% long(wr=50.00% wr_net=50.00% exp_net=-6.2472%) short(wr=50.00% wr_net=50.00% exp_net=5.8472%)
 14:21:
  h=1m n=8 avg=0.1902% med=0.0741% long(wr=50.00% wr_net=37.50% exp_net=-0.0098%) short(wr=37.50% wr_net=37.50% exp_net=-0.3902%)
  h=3m n=9 avg=0.1125% med=-0.4393% long(wr=44.44% wr_net=44.44% exp_net=-0.0875%) short(wr=55.56% wr_net=55.56% exp_net=-0.3125%)
  h=5m n=8 avg=-0.1366% med=0.3174% long(wr=50.00% wr_net=50.00% exp_net=-0.3366%) short(wr=50.00% wr_net=50.00% exp_net=-0.0634%)
  h=15m n=8 avg=0.8751% med=1.6430% long(wr=50.00% wr_net=50.00% exp_net=0.6751%) short(wr=50.00% wr_net=37.50% exp_net=-1.0751%)
  h=30m n=6 avg=2.4462% med=3.1411% long(wr=66.67% wr_net=66.67% exp_net=2.2462%) short(wr=33.33% wr_net=33.33% exp_net=-2.6462%)
  h=60m n=7 avg=-8.1953% med=-0.9984% long(wr=28.57% wr_net=14.29% exp_net=-8.3953%) short(wr=71.43% wr_net=71.43% exp_net=7.9953%)
 14:22:
  h=1m n=8 avg=0.1376% med=-0.0531% long(wr=50.00% wr_net=37.50% exp_net=-0.0624%) short(wr=50.00% wr_net=50.00% exp_net=-0.3376%)
  h=3m n=8 avg=-0.0424% med=-0.4707% long(wr=37.50% wr_net=37.50% exp_net=-0.2424%) short(wr=62.50% wr_net=62.50% exp_net=-0.1576%)
  h=5m n=7 avg=0.2576% med=0.6657% long(wr=71.43% wr_net=71.43% exp_net=0.0576%) short(wr=28.57% wr_net=28.57% exp_net=-0.4576%)
  h=15m n=9 avg=1.3284% med=0.2203% long(wr=55.56% wr_net=55.56% exp_net=1.1284%) short(wr=44.44% wr_net=44.44% exp_net=-1.5284%)
  h=30m n=8 avg=1.5900% med=0.8950% long(wr=50.00% wr_net=50.00% exp_net=1.3900%) short(wr=50.00% wr_net=50.00% exp_net=-1.7900%)
  h=60m n=7 avg=-9.1133% med=-0.5525% long(wr=28.57% wr_net=14.29% exp_net=-9.3133%) short(wr=71.43% wr_net=71.43% exp_net=8.9133%)
 14:23:
  h=1m n=9 avg=-0.1364% med=0.1205% long(wr=55.56% wr_net=33.33% exp_net=-0.3364%) short(wr=44.44% wr_net=33.33% exp_net=-0.0636%)
  h=3m n=8 avg=-0.0886% med=-0.1691% long(wr=50.00% wr_net=37.50% exp_net=-0.2886%) short(wr=50.00% wr_net=50.00% exp_net=-0.1114%)
  h=5m n=8 avg=-0.6735% med=-0.3561% long(wr=37.50% wr_net=37.50% exp_net=-0.8735%) short(wr=62.50% wr_net=50.00% exp_net=0.4735%)
  h=15m n=9 avg=0.4181% med=-0.0803% long(wr=44.44% wr_net=44.44% exp_net=0.2181%) short(wr=55.56% wr_net=44.44% exp_net=-0.6181%)
  h=30m n=8 avg=1.4083% med=-0.8040% long(wr=37.50% wr_net=37.50% exp_net=1.2083%) short(wr=62.50% wr_net=62.50% exp_net=-1.6083%)
  h=60m n=7 avg=-8.2877% med=-1.4706% long(wr=28.57% wr_net=28.57% exp_net=-8.4877%) short(wr=57.14% wr_net=57.14% exp_net=8.0877%)
 14:24:
  h=1m n=9 avg=-0.0182% med=0.0000% long(wr=44.44% wr_net=33.33% exp_net=-0.2182%) short(wr=44.44% wr_net=44.44% exp_net=-0.1818%)
  h=3m n=9 avg=-0.1203% med=-0.2808% long(wr=33.33% wr_net=33.33% exp_net=-0.3203%) short(wr=66.67% wr_net=55.56% exp_net=-0.0797%)
  h=5m n=10 avg=-0.4135% med=0.9699% long(wr=70.00% wr_net=70.00% exp_net=-0.6135%) short(wr=30.00% wr_net=30.00% exp_net=0.2135%)
  h=15m n=10 avg=0.1748% med=-0.3672% long(wr=40.00% wr_net=40.00% exp_net=-0.0252%) short(wr=60.00% wr_net=60.00% exp_net=-0.3748%)
  h=30m n=8 avg=0.9713% med=0.0267% long(wr=50.00% wr_net=37.50% exp_net=0.7713%) short(wr=50.00% wr_net=37.50% exp_net=-1.1713%)
  h=60m n=9 avg=-7.8075% med=-2.0875% long(wr=22.22% wr_net=22.22% exp_net=-8.0075%) short(wr=77.78% wr_net=77.78% exp_net=7.6075%)
 14:25:
  h=1m n=9 avg=0.2867% med=-0.1210% long(wr=44.44% wr_net=22.22% exp_net=0.0867%) short(wr=55.56% wr_net=44.44% exp_net=-0.4867%)
  h=3m n=10 avg=-0.0891% med=-0.1486% long(wr=50.00% wr_net=40.00% exp_net=-0.2891%) short(wr=50.00% wr_net=50.00% exp_net=-0.1109%)
  h=5m n=10 avg=0.3568% med=0.5279% long(wr=60.00% wr_net=60.00% exp_net=0.1568%) short(wr=40.00% wr_net=30.00% exp_net=-0.5568%)
  h=15m n=11 avg=1.3847% med=1.1079% long(wr=54.55% wr_net=54.55% exp_net=1.1847%) short(wr=45.45% wr_net=45.45% exp_net=-1.5847%)
  h=30m n=11 avg=0.7788% med=-0.0806% long(wr=45.45% wr_net=36.36% exp_net=0.5788%) short(wr=54.55% wr_net=45.45% exp_net=-0.9788%)
  h=60m n=10 avg=-7.5204% med=-0.8256% long(wr=20.00% wr_net=20.00% exp_net=-7.7204%) short(wr=80.00% wr_net=80.00% exp_net=7.3204%)
 14:26:
  h=1m n=10 avg=-0.4358% med=-0.3130% long(wr=20.00% wr_net=20.00% exp_net=-0.6358%) short(wr=70.00% wr_net=60.00% exp_net=0.2358%)
  h=3m n=10 avg=-0.8510% med=-0.6390% long(wr=40.00% wr_net=40.00% exp_net=-1.0510%) short(wr=60.00% wr_net=50.00% exp_net=0.6510%)
  h=5m n=10 avg=-0.0809% med=0.3891% long(wr=60.00% wr_net=60.00% exp_net=-0.2809%) short(wr=40.00% wr_net=40.00% exp_net=-0.1191%)
  h=15m n=9 avg=1.3066% med=-0.2019% long(wr=44.44% wr_net=44.44% exp_net=1.1066%) short(wr=55.56% wr_net=55.56% exp_net=-1.5066%)
  h=30m n=9 avg=-0.6962% med=-1.1378% long(wr=44.44% wr_net=33.33% exp_net=-0.8962%) short(wr=55.56% wr_net=55.56% exp_net=0.4962%)
  h=60m n=10 avg=-8.2820% med=-2.9560% long(wr=10.00% wr_net=10.00% exp_net=-8.4820%) short(wr=90.00% wr_net=90.00% exp_net=8.0820%)
 14:27:
  h=1m n=10 avg=-0.2267% med=-0.0665% long(wr=30.00% wr_net=20.00% exp_net=-0.4267%) short(wr=50.00% wr_net=40.00% exp_net=0.0267%)
  h=3m n=9 avg=0.3127% med=0.1095% long(wr=55.56% wr_net=44.44% exp_net=0.1127%) short(wr=33.33% wr_net=33.33% exp_net=-0.5127%)
  h=5m n=10 avg=0.3313% med=0.3940% long(wr=70.00% wr_net=60.00% exp_net=0.1313%) short(wr=30.00% wr_net=30.00% exp_net=-0.5313%)
  h=15m n=9 avg=1.1201% med=0.0000% long(wr=44.44% wr_net=44.44% exp_net=0.9201%) short(wr=44.44% wr_net=44.44% exp_net=-1.3201%)
  h=30m n=9 avg=0.5344% med=0.0805% long(wr=55.56% wr_net=33.33% exp_net=0.3344%) short(wr=44.44% wr_net=44.44% exp_net=-0.7344%)
  h=60m n=9 avg=-9.6377% med=-1.3661% long(wr=22.22% wr_net=22.22% exp_net=-9.8377%) short(wr=77.78% wr_net=77.78% exp_net=9.4377%)
 14:28:
  h=1m n=10 avg=-0.2628% med=-0.0501% long(wr=50.00% wr_net=40.00% exp_net=-0.4628%) short(wr=50.00% wr_net=40.00% exp_net=0.0628%)
  h=3m n=10 avg=0.2918% med=0.3957% long(wr=60.00% wr_net=60.00% exp_net=0.0918%) short(wr=40.00% wr_net=40.00% exp_net=-0.4918%)
  h=5m n=9 avg=-0.0057% med=0.4806% long(wr=66.67% wr_net=66.67% exp_net=-0.2057%) short(wr=33.33% wr_net=33.33% exp_net=-0.1943%)
  h=15m n=9 avg=0.8891% med=0.0671% long(wr=55.56% wr_net=44.44% exp_net=0.6891%) short(wr=33.33% wr_net=33.33% exp_net=-1.0891%)
  h=30m n=9 avg=0.4971% med=-0.8529% long(wr=44.44% wr_net=44.44% exp_net=0.2971%) short(wr=55.56% wr_net=55.56% exp_net=-0.6971%)
  h=60m n=10 avg=-8.8702% med=-1.1996% long(wr=0.00% wr_net=0.00% exp_net=-9.0702%) short(wr=100.00% wr_net=90.00% exp_net=8.6702%)
 14:29:
  h=1m n=9 avg=0.4187% med=0.7429% long(wr=55.56% wr_net=55.56% exp_net=0.2187%) short(wr=33.33% wr_net=33.33% exp_net=-0.6187%)
  h=3m n=11 avg=0.7068% med=0.1326% long(wr=54.55% wr_net=45.45% exp_net=0.5068%) short(wr=45.45% wr_net=36.36% exp_net=-0.9068%)
  h=5m n=10 avg=-0.3836% med=-0.6805% long(wr=40.00% wr_net=40.00% exp_net=-0.5836%) short(wr=60.00% wr_net=60.00% exp_net=0.1836%)
  h=15m n=10 avg=0.5428% med=0.4216% long(wr=60.00% wr_net=60.00% exp_net=0.3428%) short(wr=40.00% wr_net=40.00% exp_net=-0.7428%)
  h=30m n=10 avg=-0.4208% med=-0.8100% long(wr=40.00% wr_net=40.00% exp_net=-0.6208%) short(wr=60.00% wr_net=60.00% exp_net=0.2208%)
  h=60m n=11 avg=-7.4911% med=-0.9284% long(wr=9.09% wr_net=9.09% exp_net=-7.6911%) short(wr=90.91% wr_net=81.82% exp_net=7.2911%)
 14:30:
  h=1m n=9 avg=0.4042% med=-0.2099% long(wr=22.22% wr_net=22.22% exp_net=0.2042%) short(wr=66.67% wr_net=55.56% exp_net=-0.6042%)
  h=3m n=8 avg=0.5264% med=-0.6338% long(wr=37.50% wr_net=37.50% exp_net=0.3264%) short(wr=62.50% wr_net=50.00% exp_net=-0.7264%)
  h=5m n=8 avg=0.4571% med=-0.6860% long(wr=25.00% wr_net=25.00% exp_net=0.2571%) short(wr=75.00% wr_net=75.00% exp_net=-0.6571%)
  h=15m n=9 avg=0.9562% med=0.5803% long(wr=66.67% wr_net=66.67% exp_net=0.7562%) short(wr=33.33% wr_net=33.33% exp_net=-1.1562%)
  h=30m n=9 avg=-1.8085% med=-1.3274% long(wr=33.33% wr_net=33.33% exp_net=-2.0085%) short(wr=66.67% wr_net=55.56% exp_net=1.6085%)
  h=60m n=9 avg=-8.7747% med=-1.7105% long(wr=11.11% wr_net=11.11% exp_net=-8.9747%) short(wr=88.89% wr_net=88.89% exp_net=8.5747%)
 14:31:
  h=1m n=12 avg=0.1277% med=0.0172% long(wr=50.00% wr_net=33.33% exp_net=-0.0723%) short(wr=41.67% wr_net=33.33% exp_net=-0.3277%)
  h=3m n=11 avg=-0.7352% med=-0.2608% long(wr=18.18% wr_net=18.18% exp_net=-0.9352%) short(wr=63.64% wr_net=54.55% exp_net=0.5352%)
  h=5m n=11 avg=0.6021% med=0.2103% long(wr=54.55% wr_net=54.55% exp_net=0.4021%) short(wr=45.45% wr_net=27.27% exp_net=-0.8021%)
  h=15m n=11 avg=-0.1258% med=0.2935% long(wr=54.55% wr_net=54.55% exp_net=-0.3258%) short(wr=45.45% wr_net=36.36% exp_net=-0.0742%)
  h=30m n=10 avg=-4.0415% med=-1.0544% long(wr=40.00% wr_net=40.00% exp_net=-4.2415%) short(wr=60.00% wr_net=60.00% exp_net=3.8415%)
  h=60m n=11 avg=-6.4283% med=-1.3274% long(wr=18.18% wr_net=18.18% exp_net=-6.6283%) short(wr=81.82% wr_net=72.73% exp_net=6.2283%)
 14:32:
  h=1m n=10 avg=-0.4918% med=-0.7529% long(wr=20.00% wr_net=10.00% exp_net=-0.6918%) short(wr=80.00% wr_net=60.00% exp_net=0.2918%)
  h=3m n=9 avg=-0.3127% med=-0.4832% long(wr=44.44% wr_net=33.33% exp_net=-0.5127%) short(wr=55.56% wr_net=55.56% exp_net=0.1127%)
  h=5m n=10 avg=0.4524% med=0.0516% long(wr=50.00% wr_net=50.00% exp_net=0.2524%) short(wr=50.00% wr_net=40.00% exp_net=-0.6524%)
  h=15m n=11 avg=0.6213% med=0.6529% long(wr=63.64% wr_net=63.64% exp_net=0.4213%) short(wr=36.36% wr_net=36.36% exp_net=-0.8213%)
  h=30m n=10 avg=-4.5056% med=-0.4876% long(wr=50.00% wr_net=40.00% exp_net=-4.7056%) short(wr=50.00% wr_net=50.00% exp_net=4.3056%)
  h=60m n=10 avg=-8.5893% med=-1.3832% long(wr=10.00% wr_net=10.00% exp_net=-8.7893%) short(wr=90.00% wr_net=90.00% exp_net=8.3893%)
 14:33:
  h=1m n=7 avg=-0.3029% med=-0.2002% long(wr=42.86% wr_net=42.86% exp_net=-0.5029%) short(wr=57.14% wr_net=57.14% exp_net=0.1029%)
  h=3m n=7 avg=1.0776% med=1.2752% long(wr=71.43% wr_net=71.43% exp_net=0.8776%) short(wr=28.57% wr_net=14.29% exp_net=-1.2776%)
  h=5m n=8 avg=1.1443% med=-0.1694% long(wr=37.50% wr_net=37.50% exp_net=0.9443%) short(wr=62.50% wr_net=50.00% exp_net=-1.3443%)
  h=15m n=8 avg=1.5745% med=1.3266% long(wr=62.50% wr_net=50.00% exp_net=1.3745%) short(wr=37.50% wr_net=37.50% exp_net=-1.7745%)
  h=30m n=6 avg=-5.4229% med=-0.8830% long(wr=33.33% wr_net=16.67% exp_net=-5.6229%) short(wr=50.00% wr_net=50.00% exp_net=5.2229%)
  h=60m n=7 avg=-12.6003% med=-1.7660% long(wr=0.00% wr_net=0.00% exp_net=-12.8003%) short(wr=100.00% wr_net=100.00% exp_net=12.4003%)
 14:34:
  h=1m n=8 avg=0.3452% med=0.3931% long(wr=62.50% wr_net=62.50% exp_net=0.1452%) short(wr=37.50% wr_net=37.50% exp_net=-0.5452%)
  h=3m n=9 avg=1.1546% med=0.1376% long(wr=55.56% wr_net=44.44% exp_net=0.9546%) short(wr=33.33% wr_net=33.33% exp_net=-1.3546%)
  h=5m n=10 avg=1.2024% med=0.9543% long(wr=60.00% wr_net=60.00% exp_net=1.0024%) short(wr=30.00% wr_net=30.00% exp_net=-1.4024%)
  h=15m n=10 avg=0.9749% med=0.9429% long(wr=60.00% wr_net=50.00% exp_net=0.7749%) short(wr=40.00% wr_net=40.00% exp_net=-1.1749%)
  h=30m n=8 avg=-4.4406% med=-1.5971% long(wr=37.50% wr_net=37.50% exp_net=-4.6406%) short(wr=62.50% wr_net=62.50% exp_net=4.2406%)
  h=60m n=10 avg=-8.0842% med=-1.1588% long(wr=30.00% wr_net=30.00% exp_net=-8.2842%) short(wr=60.00% wr_net=60.00% exp_net=7.8842%)
 14:35:
  h=1m n=7 avg=0.7906% med=0.2625% long(wr=71.43% wr_net=57.14% exp_net=0.5906%) short(wr=28.57% wr_net=28.57% exp_net=-0.9906%)
  h=3m n=8 avg=1.6000% med=0.5158% long(wr=62.50% wr_net=50.00% exp_net=1.4000%) short(wr=25.00% wr_net=25.00% exp_net=-1.8000%)
  h=5m n=8 avg=0.2869% med=-0.7649% long(wr=37.50% wr_net=37.50% exp_net=0.0869%) short(wr=62.50% wr_net=62.50% exp_net=-0.4869%)
  h=15m n=8 avg=0.1880% med=-0.3725% long(wr=37.50% wr_net=25.00% exp_net=-0.0120%) short(wr=62.50% wr_net=62.50% exp_net=-0.3880%)
  h=30m n=7 avg=-5.9231% med=-2.1398% long(wr=28.57% wr_net=28.57% exp_net=-6.1231%) short(wr=71.43% wr_net=71.43% exp_net=5.7231%)
  h=60m n=8 avg=-9.9644% med=-0.9450% long(wr=25.00% wr_net=25.00% exp_net=-10.1644%) short(wr=75.00% wr_net=75.00% exp_net=9.7644%)
 14:36:
  h=1m n=8 avg=0.0408% med=0.0229% long(wr=50.00% wr_net=50.00% exp_net=-0.1592%) short(wr=50.00% wr_net=37.50% exp_net=-0.2408%)
  h=3m n=9 avg=0.1461% med=-0.1957% long(wr=44.44% wr_net=44.44% exp_net=-0.0539%) short(wr=55.56% wr_net=33.33% exp_net=-0.3461%)
  h=5m n=9 avg=-0.7692% med=-0.9804% long(wr=33.33% wr_net=33.33% exp_net=-0.9692%) short(wr=66.67% wr_net=66.67% exp_net=0.5692%)
  h=15m n=8 avg=-0.2278% med=-0.0784% long(wr=50.00% wr_net=37.50% exp_net=-0.4278%) short(wr=50.00% wr_net=50.00% exp_net=0.0278%)
  h=30m n=6 avg=0.4244% med=0.7848% long(wr=66.67% wr_net=66.67% exp_net=0.2244%) short(wr=33.33% wr_net=33.33% exp_net=-0.6244%)
  h=60m n=9 avg=-9.6276% med=-1.3089% long(wr=22.22% wr_net=22.22% exp_net=-9.8276%) short(wr=77.78% wr_net=77.78% exp_net=9.4276%)
 14:37:
  h=1m n=11 avg=0.4555% med=0.2290% long(wr=72.73% wr_net=54.55% exp_net=0.2555%) short(wr=27.27% wr_net=18.18% exp_net=-0.6555%)
  h=3m n=11 avg=-0.4602% med=-0.4912% long(wr=36.36% wr_net=36.36% exp_net=-0.6602%) short(wr=63.64% wr_net=54.55% exp_net=0.2602%)
  h=5m n=11 avg=-0.3688% med=0.0000% long(wr=45.45% wr_net=36.36% exp_net=-0.5688%) short(wr=45.45% wr_net=36.36% exp_net=0.1688%)
  h=15m n=11 avg=-0.1659% med=-0.8160% long(wr=36.36% wr_net=36.36% exp_net=-0.3659%) short(wr=54.55% wr_net=54.55% exp_net=-0.0341%)
  h=30m n=7 avg=-1.4646% med=-1.5782% long(wr=14.29% wr_net=14.29% exp_net=-1.6646%) short(wr=85.71% wr_net=85.71% exp_net=1.2646%)
  h=60m n=10 avg=-9.2257% med=-2.0878% long(wr=20.00% wr_net=10.00% exp_net=-9.4257%) short(wr=80.00% wr_net=80.00% exp_net=9.0257%)
 14:38:
  h=1m n=12 avg=-0.1759% med=0.1073% long(wr=50.00% wr_net=50.00% exp_net=-0.3759%) short(wr=41.67% wr_net=33.33% exp_net=-0.0241%)
  h=3m n=12 avg=-0.9432% med=-0.5424% long(wr=16.67% wr_net=16.67% exp_net=-1.1432%) short(wr=83.33% wr_net=75.00% exp_net=0.7432%)
  h=5m n=9 avg=-1.4573% med=-0.3681% long(wr=22.22% wr_net=22.22% exp_net=-1.6573%) short(wr=77.78% wr_net=55.56% exp_net=1.2573%)
  h=15m n=11 avg=-0.5020% med=-0.1795% long(wr=45.45% wr_net=45.45% exp_net=-0.7020%) short(wr=54.55% wr_net=45.45% exp_net=0.3020%)
  h=30m n=10 avg=-0.9866% med=-1.0306% long(wr=30.00% wr_net=30.00% exp_net=-1.1866%) short(wr=70.00% wr_net=60.00% exp_net=0.7866%)
  h=60m n=10 avg=-9.4839% med=-4.4590% long(wr=10.00% wr_net=10.00% exp_net=-9.6839%) short(wr=90.00% wr_net=90.00% exp_net=9.2839%)
 14:39:
  h=1m n=10 avg=-0.5036% med=-0.5668% long(wr=30.00% wr_net=30.00% exp_net=-0.7036%) short(wr=70.00% wr_net=70.00% exp_net=0.3036%)
  h=3m n=10 avg=-0.5136% med=-0.3563% long(wr=30.00% wr_net=20.00% exp_net=-0.7136%) short(wr=70.00% wr_net=50.00% exp_net=0.3136%)
  h=5m n=9 avg=-0.9761% med=-0.4996% long(wr=33.33% wr_net=11.11% exp_net=-1.1761%) short(wr=55.56% wr_net=55.56% exp_net=0.7761%)
  h=15m n=10 avg=-1.3946% med=-1.0806% long(wr=30.00% wr_net=30.00% exp_net=-1.5946%) short(wr=70.00% wr_net=70.00% exp_net=1.1946%)
  h=30m n=7 avg=-1.3754% med=-3.3748% long(wr=28.57% wr_net=28.57% exp_net=-1.5754%) short(wr=71.43% wr_net=71.43% exp_net=1.1754%)
  h=60m n=10 avg=-8.8976% med=-1.3170% long(wr=10.00% wr_net=10.00% exp_net=-9.0976%) short(wr=90.00% wr_net=90.00% exp_net=8.6976%)
 14:40:
  h=1m n=8 avg=-0.0859% med=-0.3669% long(wr=37.50% wr_net=12.50% exp_net=-0.2859%) short(wr=62.50% wr_net=62.50% exp_net=-0.1141%)
  h=3m n=6 avg=-0.6941% med=-0.4496% long(wr=33.33% wr_net=16.67% exp_net=-0.8941%) short(wr=66.67% wr_net=66.67% exp_net=0.4941%)
  h=5m n=8 avg=-0.3831% med=-0.7917% long(wr=37.50% wr_net=25.00% exp_net=-0.5831%) short(wr=62.50% wr_net=62.50% exp_net=0.1831%)
  h=15m n=7 avg=-1.0612% med=-0.2551% long(wr=42.86% wr_net=42.86% exp_net=-1.2612%) short(wr=57.14% wr_net=57.14% exp_net=0.8612%)
  h=30m n=6 avg=-7.8064% med=-2.4594% long(wr=16.67% wr_net=16.67% exp_net=-8.0064%) short(wr=83.33% wr_net=83.33% exp_net=7.6064%)
  h=60m n=8 avg=-10.8835% med=-5.4449% long(wr=12.50% wr_net=12.50% exp_net=-11.0835%) short(wr=75.00% wr_net=75.00% exp_net=10.6835%)
 14:41:
  h=1m n=7 avg=-0.1606% med=0.1773% long(wr=57.14% wr_net=42.86% exp_net=-0.3606%) short(wr=42.86% wr_net=28.57% exp_net=-0.0394%)
  h=3m n=6 avg=-0.5062% med=0.0000% long(wr=33.33% wr_net=33.33% exp_net=-0.7062%) short(wr=33.33% wr_net=33.33% exp_net=0.3062%)
  h=5m n=7 avg=0.1883% med=0.9307% long(wr=71.43% wr_net=71.43% exp_net=-0.0117%) short(wr=28.57% wr_net=14.29% exp_net=-0.3883%)
  h=15m n=6 avg=-2.5270% med=-1.9956% long(wr=33.33% wr_net=33.33% exp_net=-2.7270%) short(wr=66.67% wr_net=66.67% exp_net=2.3270%)
  h=30m n=5 avg=-9.7959% med=-2.7500% long(wr=20.00% wr_net=20.00% exp_net=-9.9959%) short(wr=80.00% wr_net=80.00% exp_net=9.5959%)
  h=60m n=7 avg=-12.5646% med=-8.8652% long(wr=14.29% wr_net=14.29% exp_net=-12.7646%) short(wr=85.71% wr_net=85.71% exp_net=12.3646%)
 14:42:
  h=1m n=8 avg=-0.5824% med=-0.1840% long(wr=37.50% wr_net=37.50% exp_net=-0.7824%) short(wr=50.00% wr_net=50.00% exp_net=0.3824%)
  h=3m n=10 avg=-0.1945% med=-0.1884% long(wr=30.00% wr_net=30.00% exp_net=-0.3945%) short(wr=70.00% wr_net=50.00% exp_net=-0.0055%)
  h=5m n=10 avg=0.3860% med=0.6961% long(wr=70.00% wr_net=60.00% exp_net=0.1860%) short(wr=30.00% wr_net=30.00% exp_net=-0.5860%)
  h=15m n=10 avg=-0.4681% med=0.5304% long(wr=60.00% wr_net=50.00% exp_net=-0.6681%) short(wr=40.00% wr_net=40.00% exp_net=0.2681%)
  h=30m n=9 avg=-8.5693% med=-1.4368% long(wr=22.22% wr_net=22.22% exp_net=-8.7693%) short(wr=77.78% wr_net=66.67% exp_net=8.3693%)
  h=60m n=10 avg=-8.1208% med=-1.9643% long(wr=40.00% wr_net=40.00% exp_net=-8.3208%) short(wr=60.00% wr_net=60.00% exp_net=7.9208%)
 14:43:
  h=1m n=8 avg=0.3091% med=0.2871% long(wr=62.50% wr_net=62.50% exp_net=0.1091%) short(wr=37.50% wr_net=0.00% exp_net=-0.5091%)
  h=3m n=7 avg=0.5758% med=0.2567% long(wr=85.71% wr_net=71.43% exp_net=0.3758%) short(wr=14.29% wr_net=14.29% exp_net=-0.7758%)
  h=5m n=7 avg=1.3663% med=0.9240% long(wr=71.43% wr_net=71.43% exp_net=1.1663%) short(wr=28.57% wr_net=28.57% exp_net=-1.5663%)
  h=15m n=7 avg=-0.3673% med=0.4108% long(wr=57.14% wr_net=57.14% exp_net=-0.5673%) short(wr=42.86% wr_net=42.86% exp_net=0.1673%)
  h=30m n=8 avg=-7.1773% med=-0.6717% long(wr=25.00% wr_net=25.00% exp_net=-7.3773%) short(wr=75.00% wr_net=75.00% exp_net=6.9773%)
  h=60m n=8 avg=-9.4872% med=-1.8857% long(wr=25.00% wr_net=25.00% exp_net=-9.6872%) short(wr=75.00% wr_net=75.00% exp_net=9.2872%)
 14:44:
  h=1m n=9 avg=0.0042% med=-0.3083% long(wr=22.22% wr_net=22.22% exp_net=-0.1958%) short(wr=77.78% wr_net=66.67% exp_net=-0.2042%)
  h=3m n=8 avg=0.8596% med=0.6043% long(wr=50.00% wr_net=50.00% exp_net=0.6596%) short(wr=50.00% wr_net=25.00% exp_net=-1.0596%)
  h=5m n=9 avg=0.6305% med=0.0000% long(wr=44.44% wr_net=33.33% exp_net=0.4305%) short(wr=44.44% wr_net=33.33% exp_net=-0.8305%)
  h=15m n=9 avg=-1.5508% med=-0.1545% long(wr=44.44% wr_net=44.44% exp_net=-1.7508%) short(wr=55.56% wr_net=44.44% exp_net=1.3508%)
  h=30m n=8 avg=-8.1176% med=-1.6122% long(wr=25.00% wr_net=25.00% exp_net=-8.3176%) short(wr=75.00% wr_net=75.00% exp_net=7.9176%)
  h=60m n=9 avg=-9.9237% med=-2.8699% long(wr=22.22% wr_net=22.22% exp_net=-10.1237%) short(wr=77.78% wr_net=77.78% exp_net=9.7237%)
 14:45:
  h=1m n=10 avg=0.1170% med=0.0890% long(wr=50.00% wr_net=40.00% exp_net=-0.0830%) short(wr=40.00% wr_net=30.00% exp_net=-0.3170%)
  h=3m n=10 avg=0.7964% med=0.3854% long(wr=70.00% wr_net=60.00% exp_net=0.5964%) short(wr=30.00% wr_net=30.00% exp_net=-0.9964%)
  h=5m n=10 avg=0.0074% med=-0.5019% long(wr=40.00% wr_net=40.00% exp_net=-0.1926%) short(wr=60.00% wr_net=60.00% exp_net=-0.2074%)
  h=15m n=11 avg=-2.2471% med=-1.0676% long(wr=27.27% wr_net=27.27% exp_net=-2.4471%) short(wr=72.73% wr_net=72.73% exp_net=2.0471%)
  h=30m n=11 avg=-5.3883% med=-0.5185% long(wr=27.27% wr_net=27.27% exp_net=-5.5883%) short(wr=72.73% wr_net=72.73% exp_net=5.1883%)
  h=60m n=11 avg=-7.9591% med=-1.9324% long(wr=18.18% wr_net=18.18% exp_net=-8.1591%) short(wr=81.82% wr_net=81.82% exp_net=7.7591%)
 14:46:
  h=1m n=9 avg=0.5470% med=0.0000% long(wr=44.44% wr_net=44.44% exp_net=0.3470%) short(wr=33.33% wr_net=11.11% exp_net=-0.7470%)
  h=3m n=8 avg=0.4331% med=0.3841% long(wr=50.00% wr_net=50.00% exp_net=0.2331%) short(wr=37.50% wr_net=37.50% exp_net=-0.6331%)
  h=5m n=7 avg=-0.2552% med=-0.2618% long(wr=28.57% wr_net=28.57% exp_net=-0.4552%) short(wr=71.43% wr_net=57.14% exp_net=0.0552%)
  h=15m n=8 avg=-6.1896% med=-0.9447% long(wr=25.00% wr_net=25.00% exp_net=-6.3896%) short(wr=75.00% wr_net=75.00% exp_net=5.9896%)
  h=30m n=9 avg=-7.2739% med=-2.2482% long(wr=11.11% wr_net=11.11% exp_net=-7.4739%) short(wr=77.78% wr_net=66.67% exp_net=7.0739%)
  h=60m n=9 avg=-10.1800% med=-3.2010% long(wr=11.11% wr_net=11.11% exp_net=-10.3800%) short(wr=88.89% wr_net=88.89% exp_net=9.9800%)
 14:47:
  h=1m n=9 avg=0.4501% med=-0.0639% long(wr=33.33% wr_net=33.33% exp_net=0.2501%) short(wr=55.56% wr_net=44.44% exp_net=-0.6501%)
  h=3m n=8 avg=-0.3972% med=-0.4739% long(wr=37.50% wr_net=37.50% exp_net=-0.5972%) short(wr=62.50% wr_net=62.50% exp_net=0.1972%)
  h=5m n=9 avg=-0.0088% med=0.2155% long(wr=55.56% wr_net=55.56% exp_net=-0.2088%) short(wr=44.44% wr_net=44.44% exp_net=-0.1912%)
  h=15m n=8 avg=-6.0270% med=-0.8663% long(wr=37.50% wr_net=37.50% exp_net=-6.2270%) short(wr=62.50% wr_net=50.00% exp_net=5.8270%)
  h=30m n=8 avg=-7.6264% med=-3.8881% long(wr=25.00% wr_net=12.50% exp_net=-7.8264%) short(wr=62.50% wr_net=62.50% exp_net=7.4264%)
  h=60m n=9 avg=-10.1556% med=-2.8245% long(wr=22.22% wr_net=22.22% exp_net=-10.3556%) short(wr=77.78% wr_net=77.78% exp_net=9.9556%)
 14:48:
  h=1m n=8 avg=-0.3077% med=-0.2574% long(wr=25.00% wr_net=25.00% exp_net=-0.5077%) short(wr=62.50% wr_net=62.50% exp_net=0.1077%)
  h=3m n=7 avg=-0.8491% med=-0.9615% long(wr=28.57% wr_net=28.57% exp_net=-1.0491%) short(wr=71.43% wr_net=57.14% exp_net=0.6491%)
  h=5m n=9 avg=-0.7660% med=-0.7692% long(wr=44.44% wr_net=33.33% exp_net=-0.9660%) short(wr=55.56% wr_net=55.56% exp_net=0.5660%)
  h=15m n=7 avg=-4.5794% med=-2.0486% long(wr=28.57% wr_net=28.57% exp_net=-4.7794%) short(wr=71.43% wr_net=71.43% exp_net=4.3794%)
  h=30m n=9 avg=-6.4551% med=-2.4038% long(wr=33.33% wr_net=33.33% exp_net=-6.6551%) short(wr=66.67% wr_net=66.67% exp_net=6.2551%)
  h=60m n=9 avg=-9.6652% med=-3.5144% long(wr=33.33% wr_net=33.33% exp_net=-9.8652%) short(wr=66.67% wr_net=66.67% exp_net=9.4652%)
 14:49:
  h=1m n=8 avg=-0.4172% med=-0.2664% long(wr=37.50% wr_net=37.50% exp_net=-0.6172%) short(wr=50.00% wr_net=50.00% exp_net=0.2172%)
  h=3m n=9 avg=-0.0340% med=-0.1906% long(wr=33.33% wr_net=33.33% exp_net=-0.2340%) short(wr=55.56% wr_net=44.44% exp_net=-0.1660%)
  h=5m n=8 avg=-1.9349% med=-0.5776% long(wr=25.00% wr_net=25.00% exp_net=-2.1349%) short(wr=75.00% wr_net=75.00% exp_net=1.7349%)
  h=15m n=8 avg=-5.0575% med=-0.7614% long(wr=37.50% wr_net=37.50% exp_net=-5.2575%) short(wr=62.50% wr_net=62.50% exp_net=4.8575%)
  h=30m n=9 avg=-7.1277% med=-2.3377% long(wr=44.44% wr_net=44.44% exp_net=-7.3277%) short(wr=55.56% wr_net=55.56% exp_net=6.9277%)
  h=60m n=9 avg=-8.9666% med=-2.6684% long(wr=44.44% wr_net=44.44% exp_net=-9.1666%) short(wr=55.56% wr_net=55.56% exp_net=8.7666%)
 14:50:
  h=1m n=8 avg=0.0644% med=0.0557% long(wr=50.00% wr_net=50.00% exp_net=-0.1356%) short(wr=50.00% wr_net=25.00% exp_net=-0.2644%)
  h=3m n=9 avg=-0.0321% med=-0.4444% long(wr=44.44% wr_net=44.44% exp_net=-0.2321%) short(wr=55.56% wr_net=55.56% exp_net=-0.1679%)
  h=5m n=7 avg=-1.1276% med=-0.9576% long(wr=28.57% wr_net=28.57% exp_net=-1.3276%) short(wr=71.43% wr_net=57.14% exp_net=0.9276%)
  h=15m n=6 avg=-6.8320% med=-1.5355% long(wr=33.33% wr_net=33.33% exp_net=-7.0320%) short(wr=66.67% wr_net=66.67% exp_net=6.6320%)
  h=30m n=8 avg=-8.2636% med=-4.9624% long(wr=25.00% wr_net=25.00% exp_net=-8.4636%) short(wr=75.00% wr_net=75.00% exp_net=8.0636%)
  h=60m n=8 avg=-9.5286% med=-4.7107% long(wr=50.00% wr_net=50.00% exp_net=-9.7286%) short(wr=50.00% wr_net=50.00% exp_net=9.3286%)
 14:51:
  h=1m n=8 avg=0.3399% med=0.1320% long(wr=62.50% wr_net=37.50% exp_net=0.1399%) short(wr=37.50% wr_net=25.00% exp_net=-0.5399%)
  h=3m n=7 avg=-1.4450% med=-0.5319% long(wr=42.86% wr_net=42.86% exp_net=-1.6450%) short(wr=57.14% wr_net=57.14% exp_net=1.2450%)
  h=5m n=6 avg=-2.7985% med=-2.0117% long(wr=33.33% wr_net=33.33% exp_net=-2.9985%) short(wr=66.67% wr_net=66.67% exp_net=2.5985%)
  h=15m n=5 avg=-0.3391% med=-0.1942% long(wr=40.00% wr_net=40.00% exp_net=-0.5391%) short(wr=60.00% wr_net=40.00% exp_net=0.1391%)
  h=30m n=6 avg=-11.1524% med=-7.8639% long(wr=16.67% wr_net=0.00% exp_net=-11.3524%) short(wr=83.33% wr_net=66.67% exp_net=10.9524%)
  h=60m n=8 avg=-8.0230% med=-0.2793% long(wr=50.00% wr_net=37.50% exp_net=-8.2230%) short(wr=50.00% wr_net=50.00% exp_net=7.8230%)
 14:52:
  h=1m n=9 avg=-0.3460% med=-0.4444% long(wr=33.33% wr_net=22.22% exp_net=-0.5460%) short(wr=66.67% wr_net=66.67% exp_net=0.1460%)
  h=3m n=8 avg=-1.3874% med=-0.4670% long(wr=37.50% wr_net=37.50% exp_net=-1.5874%) short(wr=62.50% wr_net=50.00% exp_net=1.1874%)
  h=5m n=8 avg=-1.2545% med=-0.4437% long(wr=37.50% wr_net=37.50% exp_net=-1.4545%) short(wr=62.50% wr_net=50.00% exp_net=1.0545%)
  h=15m n=6 avg=-0.6809% med=-0.7571% long(wr=33.33% wr_net=33.33% exp_net=-0.8809%) short(wr=66.67% wr_net=66.67% exp_net=0.4809%)
  h=30m n=8 avg=-9.6536% med=-4.2831% long(wr=12.50% wr_net=12.50% exp_net=-9.8536%) short(wr=87.50% wr_net=87.50% exp_net=9.4536%)
  h=60m n=9 avg=-8.2402% med=-3.6619% long(wr=22.22% wr_net=22.22% exp_net=-8.4402%) short(wr=77.78% wr_net=77.78% exp_net=8.0402%)
 14:53:
  h=1m n=10 avg=-1.0768% med=-0.2064% long(wr=40.00% wr_net=40.00% exp_net=-1.2768%) short(wr=60.00% wr_net=50.00% exp_net=0.8768%)
  h=3m n=9 avg=-1.8658% med=-0.6321% long(wr=44.44% wr_net=33.33% exp_net=-2.0658%) short(wr=55.56% wr_net=55.56% exp_net=1.6658%)
  h=5m n=9 avg=-1.0276% med=-0.5348% long(wr=44.44% wr_net=44.44% exp_net=-1.2276%) short(wr=55.56% wr_net=55.56% exp_net=0.8276%)
  h=15m n=8 avg=-0.9581% med=-0.9069% long(wr=37.50% wr_net=37.50% exp_net=-1.1581%) short(wr=62.50% wr_net=62.50% exp_net=0.7581%)
  h=30m n=9 avg=-7.4758% med=-2.6549% long(wr=33.33% wr_net=33.33% exp_net=-7.6758%) short(wr=66.67% wr_net=55.56% exp_net=7.2758%)
  h=60m n=11 avg=-7.3728% med=-2.4580% long(wr=18.18% wr_net=18.18% exp_net=-7.5728%) short(wr=81.82% wr_net=81.82% exp_net=7.1728%)
 14:54:
  h=1m n=8 avg=0.2959% med=0.2561% long(wr=62.50% wr_net=50.00% exp_net=0.0959%) short(wr=37.50% wr_net=37.50% exp_net=-0.4959%)
  h=3m n=8 avg=0.3862% med=0.2924% long(wr=50.00% wr_net=50.00% exp_net=0.1862%) short(wr=50.00% wr_net=50.00% exp_net=-0.5862%)
  h=5m n=8 avg=-0.6863% med=-0.8064% long(wr=37.50% wr_net=37.50% exp_net=-0.8863%) short(wr=62.50% wr_net=62.50% exp_net=0.4863%)
  h=15m n=5 avg=-0.7558% med=0.9597% long(wr=60.00% wr_net=60.00% exp_net=-0.9558%) short(wr=40.00% wr_net=40.00% exp_net=0.5558%)
  h=30m n=8 avg=-8.7959% med=-5.2216% long(wr=25.00% wr_net=25.00% exp_net=-8.9959%) short(wr=75.00% wr_net=75.00% exp_net=8.5959%)
  h=60m n=8 avg=-9.2749% med=-3.2622% long(wr=0.00% wr_net=0.00% exp_net=-9.4749%) short(wr=100.00% wr_net=100.00% exp_net=9.0749%)
 14:55:
  h=1m n=8 avg=-0.7586% med=-0.5320% long(wr=25.00% wr_net=25.00% exp_net=-0.9586%) short(wr=62.50% wr_net=62.50% exp_net=0.5586%)
  h=3m n=9 avg=-0.2148% med=-0.5348% long(wr=44.44% wr_net=44.44% exp_net=-0.4148%) short(wr=55.56% wr_net=55.56% exp_net=0.0148%)
  h=5m n=9 avg=-2.1078% med=-2.0460% long(wr=22.22% wr_net=22.22% exp_net=-2.3078%) short(wr=77.78% wr_net=77.78% exp_net=1.9078%)
  h=15m n=7 avg=-5.5152% med=-2.2091% long(wr=28.57% wr_net=28.57% exp_net=-5.7152%) short(wr=71.43% wr_net=71.43% exp_net=5.3152%)
  h=30m n=8 avg=-10.6260% med=-6.0436% long(wr=12.50% wr_net=12.50% exp_net=-10.8260%) short(wr=87.50% wr_net=87.50% exp_net=10.4260%)
  h=60m n=9 avg=-8.3407% med=-2.9893% long(wr=11.11% wr_net=11.11% exp_net=-8.5407%) short(wr=88.89% wr_net=88.89% exp_net=8.1407%)
 14:56:
  h=1m n=6 avg=0.6042% med=0.6378% long(wr=50.00% wr_net=50.00% exp_net=0.4042%) short(wr=16.67% wr_net=16.67% exp_net=-0.8042%)
  h=3m n=6 avg=-0.0990% med=-0.3162% long(wr=50.00% wr_net=33.33% exp_net=-0.2990%) short(wr=50.00% wr_net=50.00% exp_net=-0.1010%)
  h=5m n=6 avg=-5.0413% med=-1.2206% long(wr=33.33% wr_net=33.33% exp_net=-5.2413%) short(wr=66.67% wr_net=50.00% exp_net=4.8413%)
  h=15m n=5 avg=-1.0001% med=0.0000% long(wr=20.00% wr_net=20.00% exp_net=-1.2001%) short(wr=40.00% wr_net=40.00% exp_net=0.8001%)
  h=30m n=6 avg=-9.3257% med=-5.3278% long(wr=16.67% wr_net=16.67% exp_net=-9.5257%) short(wr=83.33% wr_net=83.33% exp_net=9.1257%)
  h=60m n=6 avg=-9.0293% med=-3.1879% long(wr=0.00% wr_net=0.00% exp_net=-9.2293%) short(wr=100.00% wr_net=100.00% exp_net=8.8293%)
 14:57:
  h=1m n=8 avg=-0.2971% med=-0.0315% long(wr=25.00% wr_net=12.50% exp_net=-0.4971%) short(wr=50.00% wr_net=37.50% exp_net=0.0971%)
  h=3m n=9 avg=-2.3514% med=-2.4272% long(wr=0.00% wr_net=0.00% exp_net=-2.5514%) short(wr=100.00% wr_net=100.00% exp_net=2.1514%)
  h=5m n=8 avg=-6.0153% med=-1.9317% long(wr=0.00% wr_net=0.00% exp_net=-6.2153%) short(wr=100.00% wr_net=100.00% exp_net=5.8153%)
  h=15m n=8 avg=-9.6134% med=-3.1904% long(wr=0.00% wr_net=0.00% exp_net=-9.8134%) short(wr=100.00% wr_net=100.00% exp_net=9.4134%)
  h=30m n=9 avg=-11.3666% med=-7.8571% long(wr=11.11% wr_net=11.11% exp_net=-11.5666%) short(wr=88.89% wr_net=88.89% exp_net=11.1666%)
  h=60m n=9 avg=-9.7421% med=-6.2114% long(wr=0.00% wr_net=0.00% exp_net=-9.9421%) short(wr=100.00% wr_net=100.00% exp_net=9.5421%)
 14:58:
  h=1m n=8 avg=-0.7421% med=-0.2535% long(wr=25.00% wr_net=12.50% exp_net=-0.9421%) short(wr=62.50% wr_net=50.00% exp_net=0.5421%)
  h=3m n=8 avg=-5.1731% med=-1.1566% long(wr=25.00% wr_net=12.50% exp_net=-5.3731%) short(wr=75.00% wr_net=75.00% exp_net=4.9731%)
  h=5m n=6 avg=-4.5821% med=-1.8041% long(wr=0.00% wr_net=0.00% exp_net=-4.7821%) short(wr=100.00% wr_net=83.33% exp_net=4.3821%)
  h=15m n=8 avg=-7.2803% med=-2.1861% long(wr=12.50% wr_net=12.50% exp_net=-7.4803%) short(wr=87.50% wr_net=87.50% exp_net=7.0803%)
  h=30m n=8 avg=-11.8387% med=-6.3270% long(wr=12.50% wr_net=12.50% exp_net=-12.0387%) short(wr=87.50% wr_net=87.50% exp_net=11.6387%)
  h=60m n=8 avg=-10.2505% med=-4.8314% long(wr=0.00% wr_net=0.00% exp_net=-10.4505%) short(wr=100.00% wr_net=87.50% exp_net=10.0505%)
 14:59:
  h=1m n=9 avg=-1.1696% med=-0.6321% long(wr=11.11% wr_net=11.11% exp_net=-1.3696%) short(wr=88.89% wr_net=88.89% exp_net=0.9696%)
  h=3m n=8 avg=-4.6810% med=-0.5966% long(wr=12.50% wr_net=12.50% exp_net=-4.8810%) short(wr=87.50% wr_net=75.00% exp_net=4.4810%)
  h=5m n=8 avg=-4.3974% med=-0.3830% long(wr=37.50% wr_net=25.00% exp_net=-4.5974%) short(wr=62.50% wr_net=62.50% exp_net=4.1974%)
  h=15m n=7 avg=-7.8380% med=-2.4711% long(wr=14.29% wr_net=14.29% exp_net=-8.0380%) short(wr=85.71% wr_net=85.71% exp_net=7.6380%)
  h=30m n=8 avg=-10.9373% med=-5.5373% long(wr=12.50% wr_net=12.50% exp_net=-11.1373%) short(wr=87.50% wr_net=87.50% exp_net=10.7373%)
  h=60m n=9 avg=-9.2385% med=-2.5305% long(wr=33.33% wr_net=33.33% exp_net=-9.4385%) short(wr=66.67% wr_net=66.67% exp_net=9.0385%)
 15:00:
  h=1m n=6 avg=-3.3092% med=-0.0676% long(wr=50.00% wr_net=50.00% exp_net=-3.5092%) short(wr=50.00% wr_net=50.00% exp_net=3.1092%)
  h=3m n=5 avg=-0.5956% med=-0.7778% long(wr=40.00% wr_net=40.00% exp_net=-0.7956%) short(wr=60.00% wr_net=60.00% exp_net=0.3956%)
  h=5m n=4 avg=-0.1638% med=1.1375% long(wr=75.00% wr_net=75.00% exp_net=-0.3638%) short(wr=25.00% wr_net=25.00% exp_net=-0.0362%)
  h=15m n=7 avg=-1.6926% med=-0.3817% long(wr=42.86% wr_net=42.86% exp_net=-1.8926%) short(wr=57.14% wr_net=57.14% exp_net=1.4926%)
  h=30m n=6 avg=-8.4668% med=-3.6255% long(wr=16.67% wr_net=16.67% exp_net=-8.6668%) short(wr=83.33% wr_net=83.33% exp_net=8.2668%)
 15:01:
  h=1m n=5 avg=0.3502% med=0.4917% long(wr=80.00% wr_net=80.00% exp_net=0.1502%) short(wr=20.00% wr_net=20.00% exp_net=-0.5502%)
  h=3m n=5 avg=-0.0602% med=0.0000% long(wr=40.00% wr_net=40.00% exp_net=-0.2602%) short(wr=40.00% wr_net=40.00% exp_net=-0.1398%)
  h=5m n=6 avg=0.3631% med=1.4986% long(wr=83.33% wr_net=83.33% exp_net=0.1631%) short(wr=16.67% wr_net=16.67% exp_net=-0.5631%)
  h=15m n=5 avg=-0.9170% med=-0.2786% long(wr=40.00% wr_net=40.00% exp_net=-1.1170%) short(wr=60.00% wr_net=60.00% exp_net=0.7170%)
  h=30m n=4 avg=-5.3500% med=-3.2613% long(wr=25.00% wr_net=25.00% exp_net=-5.5500%) short(wr=75.00% wr_net=75.00% exp_net=5.1500%)
 15:02:
  h=1m n=6 avg=-0.8228% med=-0.4983% long(wr=33.33% wr_net=16.67% exp_net=-1.0228%) short(wr=66.67% wr_net=66.67% exp_net=0.6228%)
  h=3m n=4 avg=-0.4776% med=0.6205% long(wr=75.00% wr_net=75.00% exp_net=-0.6776%) short(wr=25.00% wr_net=25.00% exp_net=0.2776%)
  h=5m n=6 avg=-0.1707% med=0.9489% long(wr=66.67% wr_net=66.67% exp_net=-0.3707%) short(wr=33.33% wr_net=33.33% exp_net=-0.0293%)
  h=15m n=5 avg=-0.8381% med=-0.1631% long(wr=40.00% wr_net=40.00% exp_net=-1.0381%) short(wr=60.00% wr_net=40.00% exp_net=0.6381%)
  h=30m n=6 avg=-3.7998% med=-2.1799% long(wr=16.67% wr_net=16.67% exp_net=-3.9998%) short(wr=83.33% wr_net=83.33% exp_net=3.5998%)
 15:03:
  h=1m n=4 avg=0.3969% med=-0.2209% long(wr=50.00% wr_net=50.00% exp_net=0.1969%) short(wr=50.00% wr_net=50.00% exp_net=-0.5969%)
  h=3m n=5 avg=0.4637% med=0.7585% long(wr=80.00% wr_net=80.00% exp_net=0.2637%) short(wr=20.00% wr_net=20.00% exp_net=-0.6637%)
  h=5m n=5 avg=0.5252% med=0.7483% long(wr=80.00% wr_net=80.00% exp_net=0.3252%) short(wr=20.00% wr_net=20.00% exp_net=-0.7252%)
  h=15m n=5 avg=-0.9103% med=0.2528% long(wr=60.00% wr_net=60.00% exp_net=-1.1103%) short(wr=40.00% wr_net=40.00% exp_net=0.7103%)
  h=30m n=5 avg=-3.5560% med=-2.0630% long(wr=20.00% wr_net=20.00% exp_net=-3.7560%) short(wr=80.00% wr_net=80.00% exp_net=3.3560%)
 15:04:
  h=1m n=5 avg=0.0001% med=0.1883% long(wr=60.00% wr_net=40.00% exp_net=-0.1999%) short(wr=20.00% wr_net=20.00% exp_net=-0.2001%)
  h=3m n=5 avg=0.4066% med=0.4394% long(wr=80.00% wr_net=80.00% exp_net=0.2066%) short(wr=20.00% wr_net=20.00% exp_net=-0.6066%)
  h=5m n=4 avg=-0.4085% med=-0.5977% long(wr=25.00% wr_net=25.00% exp_net=-0.6085%) short(wr=75.00% wr_net=75.00% exp_net=0.2085%)
  h=15m n=6 avg=-3.0179% med=-1.8835% long(wr=0.00% wr_net=0.00% exp_net=-3.2179%) short(wr=83.33% wr_net=83.33% exp_net=2.8179%)
  h=30m n=6 avg=-3.9236% med=-3.2200% long(wr=0.00% wr_net=0.00% exp_net=-4.1236%) short(wr=100.00% wr_net=100.00% exp_net=3.7236%)
 15:05:
  h=1m n=5 avg=0.2150% med=-0.1253% long(wr=40.00% wr_net=40.00% exp_net=0.0150%) short(wr=60.00% wr_net=20.00% exp_net=-0.4150%)
  h=3m n=5 avg=0.1197% med=0.2862% long(wr=80.00% wr_net=60.00% exp_net=-0.0803%) short(wr=20.00% wr_net=20.00% exp_net=-0.3197%)
  h=5m n=4 avg=-0.1300% med=-0.0924% long(wr=50.00% wr_net=25.00% exp_net=-0.3300%) short(wr=50.00% wr_net=50.00% exp_net=-0.0700%)
  h=15m n=4 avg=-2.9307% med=-2.6872% long(wr=0.00% wr_net=0.00% exp_net=-3.1307%) short(wr=100.00% wr_net=75.00% exp_net=2.7307%)
  h=30m n=4 avg=-4.7126% med=-2.9586% long(wr=0.00% wr_net=0.00% exp_net=-4.9126%) short(wr=100.00% wr_net=100.00% exp_net=4.5126%)
 15:06:
  h=1m n=6 avg=0.2547% med=0.2612% long(wr=83.33% wr_net=50.00% exp_net=0.0547%) short(wr=16.67% wr_net=16.67% exp_net=-0.4547%)
  h=3m n=5 avg=-0.3821% med=-1.0038% long(wr=20.00% wr_net=20.00% exp_net=-0.5821%) short(wr=60.00% wr_net=60.00% exp_net=0.1821%)
  h=5m n=4 avg=-0.5237% med=-0.5236% long(wr=50.00% wr_net=50.00% exp_net=-0.7237%) short(wr=50.00% wr_net=50.00% exp_net=0.3237%)
  h=15m n=5 avg=-3.5044% med=-2.2632% long(wr=0.00% wr_net=0.00% exp_net=-3.7044%) short(wr=100.00% wr_net=100.00% exp_net=3.3044%)
  h=30m n=7 avg=-3.4733% med=-3.1995% long(wr=14.29% wr_net=14.29% exp_net=-3.6733%) short(wr=85.71% wr_net=85.71% exp_net=3.2733%)
 15:07:
  h=1m n=6 avg=-0.2850% med=-0.2604% long(wr=16.67% wr_net=16.67% exp_net=-0.4850%) short(wr=83.33% wr_net=66.67% exp_net=0.0850%)
  h=3m n=5 avg=-0.4794% med=-0.3702% long(wr=20.00% wr_net=0.00% exp_net=-0.6794%) short(wr=60.00% wr_net=60.00% exp_net=0.2794%)
  h=5m n=6 avg=-0.9054% med=-0.5085% long(wr=16.67% wr_net=16.67% exp_net=-1.1054%) short(wr=66.67% wr_net=66.67% exp_net=0.7054%)
  h=15m n=6 avg=-3.1967% med=-1.7853% long(wr=16.67% wr_net=0.00% exp_net=-3.3967%) short(wr=83.33% wr_net=83.33% exp_net=2.9967%)
  h=30m n=4 avg=-4.5690% med=-3.4297% long(wr=0.00% wr_net=0.00% exp_net=-4.7690%) short(wr=100.00% wr_net=100.00% exp_net=4.3690%)
 15:08:
  h=1m n=4 avg=-0.5445% med=-0.4324% long(wr=0.00% wr_net=0.00% exp_net=-0.7445%) short(wr=75.00% wr_net=75.00% exp_net=0.3445%)
  h=3m n=3 avg=-1.3744% med=-1.1666% long(wr=0.00% wr_net=0.00% exp_net=-1.5744%) short(wr=100.00% wr_net=100.00% exp_net=1.1744%)
  h=5m n=4 avg=-1.7518% med=-1.9714% long(wr=0.00% wr_net=0.00% exp_net=-1.9518%) short(wr=75.00% wr_net=75.00% exp_net=1.5518%)
  h=15m n=5 avg=-1.2416% med=-0.4892% long(wr=40.00% wr_net=40.00% exp_net=-1.4416%) short(wr=60.00% wr_net=60.00% exp_net=1.0416%)
  h=30m n=5 avg=-2.8195% med=-2.7990% long(wr=20.00% wr_net=0.00% exp_net=-3.0195%) short(wr=80.00% wr_net=60.00% exp_net=2.6195%)
 15:09:
  h=1m n=4 avg=-0.0890% med=0.1698% long(wr=75.00% wr_net=50.00% exp_net=-0.2890%) short(wr=25.00% wr_net=25.00% exp_net=-0.1110%)
  h=3m n=4 avg=-0.7223% med=-0.7621% long(wr=25.00% wr_net=0.00% exp_net=-0.9223%) short(wr=75.00% wr_net=75.00% exp_net=0.5223%)
  h=5m n=3 avg=-1.2830% med=-1.2723% long(wr=0.00% wr_net=0.00% exp_net=-1.4830%) short(wr=100.00% wr_net=100.00% exp_net=1.0830%)
  h=15m n=4 avg=-0.9679% med=-0.0509% long(wr=50.00% wr_net=50.00% exp_net=-1.1679%) short(wr=50.00% wr_net=50.00% exp_net=0.7679%)
  h=30m n=3 avg=-1.1653% med=0.0000% long(wr=33.33% wr_net=33.33% exp_net=-1.3653%) short(wr=33.33% wr_net=33.33% exp_net=0.9653%)
 15:10:
  h=1m n=5 avg=-0.2873% med=-0.1675% long(wr=40.00% wr_net=40.00% exp_net=-0.4873%) short(wr=60.00% wr_net=40.00% exp_net=0.0873%)
  h=3m n=5 avg=-0.9307% med=-0.7752% long(wr=20.00% wr_net=20.00% exp_net=-1.1307%) short(wr=80.00% wr_net=80.00% exp_net=0.7307%)
  h=5m n=6 avg=-0.1602% med=-0.2430% long(wr=16.67% wr_net=16.67% exp_net=-0.3602%) short(wr=83.33% wr_net=50.00% exp_net=-0.0398%)
  h=15m n=5 avg=-3.0769% med=-0.1675% long(wr=40.00% wr_net=20.00% exp_net=-3.2769%) short(wr=60.00% wr_net=40.00% exp_net=2.8769%)
  h=30m n=6 avg=-1.5380% med=-0.3096% long(wr=50.00% wr_net=50.00% exp_net=-1.7380%) short(wr=50.00% wr_net=50.00% exp_net=1.3380%)
 15:11:
  h=1m n=5 avg=-0.2016% med=0.0000% long(wr=40.00% wr_net=0.00% exp_net=-0.4016%) short(wr=40.00% wr_net=40.00% exp_net=0.0016%)
  h=3m n=5 avg=-0.4292% med=-0.3607% long(wr=0.00% wr_net=0.00% exp_net=-0.6292%) short(wr=80.00% wr_net=80.00% exp_net=0.2292%)
  h=5m n=5 avg=-0.5362% med=-0.2623% long(wr=20.00% wr_net=20.00% exp_net=-0.7362%) short(wr=60.00% wr_net=60.00% exp_net=0.3362%)
  h=15m n=4 avg=-5.0534% med=-5.3278% long(wr=25.00% wr_net=25.00% exp_net=-5.2534%) short(wr=75.00% wr_net=75.00% exp_net=4.8534%)
  h=30m n=5 avg=-1.0058% med=0.6393% long(wr=60.00% wr_net=60.00% exp_net=-1.2058%) short(wr=40.00% wr_net=40.00% exp_net=0.8058%)
 15:12:
  h=1m n=5 avg=-0.5042% med=-0.9077% long(wr=40.00% wr_net=40.00% exp_net=-0.7042%) short(wr=60.00% wr_net=60.00% exp_net=0.3042%)
  h=3m n=6 avg=0.2162% med=-0.1435% long(wr=33.33% wr_net=33.33% exp_net=0.0162%) short(wr=66.67% wr_net=33.33% exp_net=-0.4162%)
  h=5m n=6 avg=0.0762% med=0.0946% long(wr=50.00% wr_net=33.33% exp_net=-0.1238%) short(wr=33.33% wr_net=16.67% exp_net=-0.2762%)
  h=15m n=6 avg=-2.9750% med=-0.4198% long(wr=50.00% wr_net=33.33% exp_net=-3.1750%) short(wr=50.00% wr_net=50.00% exp_net=2.7750%)
  h=30m n=6 avg=-0.6381% med=0.7618% long(wr=66.67% wr_net=66.67% exp_net=-0.8381%) short(wr=33.33% wr_net=33.33% exp_net=0.4381%)
 15:13:
  h=1m n=4 avg=0.1626% med=0.1304% long(wr=75.00% wr_net=25.00% exp_net=-0.0374%) short(wr=25.00% wr_net=25.00% exp_net=-0.3626%)
  h=3m n=5 avg=-0.2166% med=0.2306% long(wr=60.00% wr_net=60.00% exp_net=-0.4166%) short(wr=20.00% wr_net=20.00% exp_net=0.0166%)
  h=5m n=5 avg=-0.5698% med=0.0000% long(wr=40.00% wr_net=40.00% exp_net=-0.7698%) short(wr=40.00% wr_net=40.00% exp_net=0.3698%)
  h=15m n=5 avg=-3.7540% med=-0.7742% long(wr=40.00% wr_net=40.00% exp_net=-3.9540%) short(wr=60.00% wr_net=60.00% exp_net=3.5540%)
  h=30m n=5 avg=-1.3467% med=0.9756% long(wr=60.00% wr_net=60.00% exp_net=-1.5467%) short(wr=40.00% wr_net=40.00% exp_net=1.1467%)
 15:14:
  h=1m n=6 avg=0.2457% med=0.2042% long(wr=50.00% wr_net=50.00% exp_net=0.0457%) short(wr=50.00% wr_net=50.00% exp_net=-0.4457%)
  h=3m n=6 avg=0.0096% med=0.5242% long(wr=66.67% wr_net=66.67% exp_net=-0.1904%) short(wr=33.33% wr_net=33.33% exp_net=-0.2096%)
  h=5m n=6 avg=-1.9666% med=-1.1590% long(wr=33.33% wr_net=33.33% exp_net=-2.1666%) short(wr=66.67% wr_net=66.67% exp_net=1.7666%)
  h=15m n=6 avg=-3.9092% med=-0.9661% long(wr=33.33% wr_net=33.33% exp_net=-4.1092%) short(wr=66.67% wr_net=66.67% exp_net=3.7092%)
  h=30m n=6 avg=-0.8822% med=-0.1775% long(wr=50.00% wr_net=50.00% exp_net=-1.0822%) short(wr=50.00% wr_net=50.00% exp_net=0.6822%)
 15:15:
  h=1m n=5 avg=-0.8423% med=-0.5115% long(wr=20.00% wr_net=20.00% exp_net=-1.0423%) short(wr=80.00% wr_net=80.00% exp_net=0.6423%)
  h=3m n=7 avg=-0.9176% med=-0.4902% long(wr=28.57% wr_net=14.29% exp_net=-1.1176%) short(wr=71.43% wr_net=71.43% exp_net=0.7176%)
  h=5m n=6 avg=-1.9505% med=-0.8731% long(wr=16.67% wr_net=16.67% exp_net=-2.1505%) short(wr=66.67% wr_net=66.67% exp_net=1.7505%)
  h=15m n=6 avg=-4.0876% med=-2.1231% long(wr=0.00% wr_net=0.00% exp_net=-4.2876%) short(wr=100.00% wr_net=100.00% exp_net=3.8876%)
  h=30m n=7 avg=-1.6084% med=-0.6083% long(wr=28.57% wr_net=28.57% exp_net=-1.8084%) short(wr=71.43% wr_net=71.43% exp_net=1.4084%)
 15:16:
  h=1m n=4 avg=0.3864% med=0.5605% long(wr=75.00% wr_net=75.00% exp_net=0.1864%) short(wr=25.00% wr_net=25.00% exp_net=-0.5864%)
  h=3m n=5 avg=-0.8156% med=-0.6575% long(wr=20.00% wr_net=20.00% exp_net=-1.0156%) short(wr=80.00% wr_net=60.00% exp_net=0.6156%)
  h=5m n=4 avg=-1.9907% med=-0.6700% long(wr=50.00% wr_net=25.00% exp_net=-2.1907%) short(wr=50.00% wr_net=50.00% exp_net=1.7907%)
  h=15m n=4 avg=-2.0309% med=-1.1315% long(wr=25.00% wr_net=25.00% exp_net=-2.2309%) short(wr=75.00% wr_net=75.00% exp_net=1.8309%)
  h=30m n=5 avg=0.3102% med=1.9066% long(wr=60.00% wr_net=60.00% exp_net=0.1102%) short(wr=40.00% wr_net=40.00% exp_net=-0.5102%)
 15:17:
  h=1m n=5 avg=-0.3285% med=-0.0532% long(wr=40.00% wr_net=40.00% exp_net=-0.5285%) short(wr=60.00% wr_net=40.00% exp_net=0.1285%)
  h=3m n=5 avg=-1.2485% med=0.0378% long(wr=60.00% wr_net=40.00% exp_net=-1.4485%) short(wr=40.00% wr_net=20.00% exp_net=1.0485%)
  h=5m n=5 avg=-1.5557% med=-0.1133% long(wr=40.00% wr_net=40.00% exp_net=-1.7557%) short(wr=60.00% wr_net=40.00% exp_net=1.3557%)
  h=15m n=5 avg=-1.5310% med=-0.6535% long(wr=40.00% wr_net=40.00% exp_net=-1.7310%) short(wr=60.00% wr_net=60.00% exp_net=1.3310%)
  h=30m n=5 avg=1.0168% med=1.0638% long(wr=80.00% wr_net=80.00% exp_net=0.8168%) short(wr=20.00% wr_net=20.00% exp_net=-1.2168%)
 15:18:
  h=1m n=7 avg=-0.5307% med=-0.3941% long(wr=14.29% wr_net=14.29% exp_net=-0.7307%) short(wr=85.71% wr_net=57.14% exp_net=0.3307%)
  h=3m n=4 avg=-1.9932% med=-0.6091% long(wr=25.00% wr_net=0.00% exp_net=-2.1932%) short(wr=75.00% wr_net=75.00% exp_net=1.7932%)
  h=5m n=4 avg=-0.2489% med=-0.0254% long(wr=50.00% wr_net=50.00% exp_net=-0.4489%) short(wr=50.00% wr_net=50.00% exp_net=0.0489%)
  h=15m n=6 avg=-0.9238% med=-0.6679% long(wr=33.33% wr_net=33.33% exp_net=-1.1238%) short(wr=66.67% wr_net=66.67% exp_net=0.7238%)
  h=30m n=7 avg=0.8725% med=1.5764% long(wr=85.71% wr_net=85.71% exp_net=0.6725%) short(wr=14.29% wr_net=14.29% exp_net=-1.0725%)
 15:19:
  h=1m n=7 avg=-0.5092% med=0.0000% long(wr=42.86% wr_net=28.57% exp_net=-0.7092%) short(wr=42.86% wr_net=42.86% exp_net=0.3092%)
  h=3m n=7 avg=-0.6065% med=-0.7874% long(wr=42.86% wr_net=42.86% exp_net=-0.8065%) short(wr=57.14% wr_net=57.14% exp_net=0.4065%)
  h=5m n=7 avg=-0.3164% med=-0.7874% long(wr=28.57% wr_net=28.57% exp_net=-0.5164%) short(wr=71.43% wr_net=71.43% exp_net=0.1164%)
  h=15m n=6 avg=-0.2091% med=-0.0401% long(wr=50.00% wr_net=50.00% exp_net=-0.4091%) short(wr=50.00% wr_net=50.00% exp_net=0.0091%)
  h=30m n=8 avg=1.6381% med=1.8248% long(wr=87.50% wr_net=87.50% exp_net=1.4381%) short(wr=12.50% wr_net=12.50% exp_net=-1.8381%)
 15:20:
  h=1m n=4 avg=-0.8450% med=-0.6768% long(wr=0.00% wr_net=0.00% exp_net=-1.0450%) short(wr=100.00% wr_net=100.00% exp_net=0.6450%)
  h=3m n=4 avg=0.8635% med=0.9179% long(wr=75.00% wr_net=75.00% exp_net=0.6635%) short(wr=25.00% wr_net=25.00% exp_net=-1.0635%)
  h=5m n=4 avg=0.4515% med=-0.0134% long(wr=50.00% wr_net=50.00% exp_net=0.2515%) short(wr=50.00% wr_net=50.00% exp_net=-0.6515%)
  h=15m n=5 avg=1.4649% med=1.1715% long(wr=80.00% wr_net=60.00% exp_net=1.2649%) short(wr=20.00% wr_net=20.00% exp_net=-1.6649%)
  h=30m n=6 avg=1.3855% med=0.1333% long(wr=50.00% wr_net=50.00% exp_net=1.1855%) short(wr=50.00% wr_net=50.00% exp_net=-1.5855%)
 15:21:
  h=1m n=3 avg=0.1995% med=0.5587% long(wr=66.67% wr_net=66.67% exp_net=-0.0005%) short(wr=33.33% wr_net=33.33% exp_net=-0.3995%)
  h=3m n=3 avg=1.7793% med=2.7933% long(wr=66.67% wr_net=66.67% exp_net=1.5793%) short(wr=33.33% wr_net=33.33% exp_net=-1.9793%)
  h=5m n=3 avg=-1.0305% med=-1.1173% long(wr=33.33% wr_net=33.33% exp_net=-1.2305%) short(wr=66.67% wr_net=66.67% exp_net=0.8305%)
  h=15m n=3 avg=0.6175% med=-1.0511% long(wr=33.33% wr_net=33.33% exp_net=0.4175%) short(wr=66.67% wr_net=66.67% exp_net=-0.8175%)
  h=30m n=3 avg=2.4096% med=-0.4763% long(wr=33.33% wr_net=33.33% exp_net=2.2096%) short(wr=66.67% wr_net=66.67% exp_net=-2.6096%)
 15:22:
  h=1m n=4 avg=1.2302% med=1.3560% long(wr=100.00% wr_net=100.00% exp_net=1.0302%) short(wr=0.00% wr_net=0.00% exp_net=-1.4302%)
  h=3m n=4 avg=0.3919% med=-0.0123% long(wr=50.00% wr_net=50.00% exp_net=0.1919%) short(wr=50.00% wr_net=50.00% exp_net=-0.5919%)
  h=5m n=6 avg=-0.3351% med=-0.0978% long(wr=50.00% wr_net=16.67% exp_net=-0.5351%) short(wr=50.00% wr_net=50.00% exp_net=0.1351%)
  h=15m n=5 avg=1.3550% med=-0.2448% long(wr=40.00% wr_net=40.00% exp_net=1.1550%) short(wr=60.00% wr_net=60.00% exp_net=-1.5550%)
  h=30m n=6 avg=0.5286% med=-0.6426% long(wr=33.33% wr_net=33.33% exp_net=0.3286%) short(wr=66.67% wr_net=50.00% exp_net=-0.7286%)
 15:23:
  h=1m n=5 avg=-0.2245% med=-0.1274% long(wr=20.00% wr_net=20.00% exp_net=-0.4245%) short(wr=80.00% wr_net=40.00% exp_net=0.0245%)
  h=3m n=4 avg=-2.3107% med=-2.3282% long(wr=0.00% wr_net=0.00% exp_net=-2.5107%) short(wr=100.00% wr_net=100.00% exp_net=2.1107%)
  h=5m n=5 avg=-2.0463% med=-2.0382% long(wr=0.00% wr_net=0.00% exp_net=-2.2463%) short(wr=100.00% wr_net=100.00% exp_net=1.8463%)
  h=15m n=5 avg=-0.8340% med=-1.0442% long(wr=20.00% wr_net=20.00% exp_net=-1.0340%) short(wr=80.00% wr_net=80.00% exp_net=0.6340%)
  h=30m n=5 avg=-1.8657% med=-1.9108% long(wr=20.00% wr_net=20.00% exp_net=-2.0657%) short(wr=80.00% wr_net=80.00% exp_net=1.6657%)
 15:24:
  h=1m n=5 avg=-0.2472% med=-0.2116% long(wr=40.00% wr_net=20.00% exp_net=-0.4472%) short(wr=60.00% wr_net=60.00% exp_net=0.0472%)
  h=3m n=7 avg=-0.5283% med=-0.4233% long(wr=28.57% wr_net=14.29% exp_net=-0.7283%) short(wr=71.43% wr_net=57.14% exp_net=0.3283%)
  h=5m n=7 avg=-0.4745% med=0.0756% long(wr=57.14% wr_net=42.86% exp_net=-0.6745%) short(wr=42.86% wr_net=42.86% exp_net=0.2745%)
  h=15m n=6 avg=2.1999% med=3.2439% long(wr=66.67% wr_net=66.67% exp_net=1.9999%) short(wr=33.33% wr_net=33.33% exp_net=-2.3999%)
  h=30m n=7 avg=-0.7693% med=-1.0582% long(wr=42.86% wr_net=42.86% exp_net=-0.9693%) short(wr=57.14% wr_net=57.14% exp_net=0.5693%)
 15:25:
  h=1m n=3 avg=-0.7905% med=-1.9391% long(wr=33.33% wr_net=33.33% exp_net=-0.9905%) short(wr=66.67% wr_net=66.67% exp_net=0.5905%)
  h=3m n=4 avg=-0.5813% med=-1.0859% long(wr=25.00% wr_net=25.00% exp_net=-0.7813%) short(wr=75.00% wr_net=75.00% exp_net=0.3813%)
  h=5m n=3 avg=-0.6464% med=0.8310% long(wr=66.67% wr_net=66.67% exp_net=-0.8464%) short(wr=33.33% wr_net=33.33% exp_net=0.4464%)
  h=15m n=4 avg=2.2980% med=0.9595% long(wr=75.00% wr_net=75.00% exp_net=2.0980%) short(wr=25.00% wr_net=25.00% exp_net=-2.4980%)
  h=30m n=4 avg=-0.3742% med=-0.0519% long(wr=50.00% wr_net=50.00% exp_net=-0.5742%) short(wr=50.00% wr_net=50.00% exp_net=0.1742%)
 15:26:
  h=1m n=4 avg=-0.3064% med=-0.2451% long(wr=0.00% wr_net=0.00% exp_net=-0.5064%) short(wr=50.00% wr_net=50.00% exp_net=0.1064%)
  h=3m n=4 avg=0.2512% med=-0.1307% long(wr=25.00% wr_net=25.00% exp_net=0.0512%) short(wr=75.00% wr_net=25.00% exp_net=-0.4512%)
  h=5m n=3 avg=0.3462% med=0.0000% long(wr=33.33% wr_net=33.33% exp_net=0.1462%) short(wr=33.33% wr_net=33.33% exp_net=-0.5462%)
  h=15m n=3 avg=1.0296% med=0.3269% long(wr=66.67% wr_net=66.67% exp_net=0.8296%) short(wr=33.33% wr_net=33.33% exp_net=-1.2296%)
  h=30m n=4 avg=-3.9306% med=-3.5952% long(wr=0.00% wr_net=0.00% exp_net=-4.1306%) short(wr=100.00% wr_net=75.00% exp_net=3.7306%)
 15:27:
  h=1m n=9 avg=-0.1960% med=-0.1594% long(wr=44.44% wr_net=22.22% exp_net=-0.3960%) short(wr=55.56% wr_net=44.44% exp_net=-0.0040%)
  h=3m n=8 avg=0.2223% med=-0.4604% long(wr=37.50% wr_net=25.00% exp_net=0.0223%) short(wr=62.50% wr_net=62.50% exp_net=-0.4223%)
  h=5m n=6 avg=0.1740% med=0.4561% long(wr=66.67% wr_net=50.00% exp_net=-0.0260%) short(wr=33.33% wr_net=33.33% exp_net=-0.3740%)
  h=15m n=7 avg=1.8167% med=0.5598% long(wr=71.43% wr_net=71.43% exp_net=1.6167%) short(wr=28.57% wr_net=28.57% exp_net=-2.0167%)
  h=30m n=9 avg=-0.8596% med=-0.6908% long(wr=22.22% wr_net=22.22% exp_net=-1.0596%) short(wr=77.78% wr_net=66.67% exp_net=0.6596%)
 15:28:
  h=1m n=6 avg=0.1913% med=0.2443% long(wr=66.67% wr_net=50.00% exp_net=-0.0087%) short(wr=33.33% wr_net=33.33% exp_net=-0.3913%)
  h=3m n=4 avg=0.3754% med=0.0603% long(wr=50.00% wr_net=50.00% exp_net=0.1754%) short(wr=50.00% wr_net=50.00% exp_net=-0.5754%)
  h=5m n=5 avg=0.9670% med=0.5243% long(wr=80.00% wr_net=60.00% exp_net=0.7670%) short(wr=20.00% wr_net=20.00% exp_net=-1.1670%)
  h=15m n=5 avg=1.0641% med=0.6809% long(wr=100.00% wr_net=100.00% exp_net=0.8641%) short(wr=0.00% wr_net=0.00% exp_net=-1.2641%)
  h=30m n=4 avg=-1.3610% med=-1.1590% long(wr=25.00% wr_net=25.00% exp_net=-1.5610%) short(wr=75.00% wr_net=75.00% exp_net=1.1610%)
 15:29:
  h=1m n=5 avg=0.1423% med=-0.0614% long(wr=40.00% wr_net=20.00% exp_net=-0.0577%) short(wr=60.00% wr_net=40.00% exp_net=-0.3423%)
  h=3m n=3 avg=0.2589% med=0.0000% long(wr=33.33% wr_net=33.33% exp_net=0.0589%) short(wr=33.33% wr_net=33.33% exp_net=-0.4589%)
  h=5m n=5 avg=0.3412% med=0.1581% long(wr=60.00% wr_net=40.00% exp_net=0.1412%) short(wr=40.00% wr_net=40.00% exp_net=-0.5412%)
  h=15m n=4 avg=1.3749% med=1.0390% long(wr=75.00% wr_net=75.00% exp_net=1.1749%) short(wr=25.00% wr_net=0.00% exp_net=-1.5749%)
  h=30m n=6 avg=-2.3059% med=-0.6463% long(wr=50.00% wr_net=50.00% exp_net=-2.5059%) short(wr=50.00% wr_net=50.00% exp_net=2.1059%)
 15:30:
  h=1m n=6 avg=0.0208% med=-0.2469% long(wr=33.33% wr_net=33.33% exp_net=-0.1792%) short(wr=66.67% wr_net=66.67% exp_net=-0.2208%)
  h=3m n=6 avg=0.6594% med=0.2074% long(wr=66.67% wr_net=50.00% exp_net=0.4594%) short(wr=16.67% wr_net=0.00% exp_net=-0.8594%)
  h=5m n=6 avg=1.3632% med=0.4264% long(wr=83.33% wr_net=50.00% exp_net=1.1632%) short(wr=16.67% wr_net=0.00% exp_net=-1.5632%)
  h=15m n=7 avg=2.7194% med=1.9387% long(wr=85.71% wr_net=85.71% exp_net=2.5194%) short(wr=14.29% wr_net=0.00% exp_net=-2.9194%)
 15:31:
  h=1m n=4 avg=0.8326% med=1.0093% long(wr=75.00% wr_net=75.00% exp_net=0.6326%) short(wr=25.00% wr_net=25.00% exp_net=-1.0326%)
  h=3m n=6 avg=0.8743% med=0.7534% long(wr=83.33% wr_net=83.33% exp_net=0.6743%) short(wr=16.67% wr_net=16.67% exp_net=-1.0743%)
  h=5m n=6 avg=1.5043% med=0.9952% long(wr=83.33% wr_net=66.67% exp_net=1.3043%) short(wr=16.67% wr_net=16.67% exp_net=-1.7043%)
  h=15m n=6 avg=2.9450% med=2.4681% long(wr=83.33% wr_net=66.67% exp_net=2.7450%) short(wr=16.67% wr_net=16.67% exp_net=-3.1450%)
 15:32:
  h=1m n=7 avg=-0.0243% med=0.0000% long(wr=42.86% wr_net=14.29% exp_net=-0.2243%) short(wr=42.86% wr_net=42.86% exp_net=-0.1757%)
  h=3m n=7 avg=0.5922% med=0.1581% long(wr=57.14% wr_net=42.86% exp_net=0.3922%) short(wr=28.57% wr_net=28.57% exp_net=-0.7922%)
  h=5m n=5 avg=1.2206% med=0.9475% long(wr=80.00% wr_net=60.00% exp_net=1.0206%) short(wr=20.00% wr_net=20.00% exp_net=-1.4206%)
  h=15m n=8 avg=3.4197% med=2.8529% long(wr=87.50% wr_net=75.00% exp_net=3.2197%) short(wr=12.50% wr_net=12.50% exp_net=-3.6197%)
 15:33:
  h=1m n=7 avg=0.2040% med=0.1581% long(wr=57.14% wr_net=42.86% exp_net=0.0040%) short(wr=42.86% wr_net=28.57% exp_net=-0.4040%)
  h=3m n=7 avg=0.5650% med=-0.0663% long(wr=42.86% wr_net=42.86% exp_net=0.3650%) short(wr=57.14% wr_net=42.86% exp_net=-0.7650%)
  h=5m n=7 avg=0.8038% med=0.5217% long(wr=71.43% wr_net=57.14% exp_net=0.6038%) short(wr=28.57% wr_net=28.57% exp_net=-1.0038%)
  h=15m n=8 avg=1.8427% med=1.5779% long(wr=62.50% wr_net=62.50% exp_net=1.6427%) short(wr=37.50% wr_net=37.50% exp_net=-2.0427%)
 15:34:
  h=1m n=8 avg=0.1400% med=0.0992% long(wr=50.00% wr_net=37.50% exp_net=-0.0600%) short(wr=25.00% wr_net=12.50% exp_net=-0.3400%)
  h=3m n=8 avg=0.6179% med=0.8085% long(wr=62.50% wr_net=62.50% exp_net=0.4179%) short(wr=25.00% wr_net=25.00% exp_net=-0.8179%)
  h=5m n=7 avg=1.4312% med=1.3986% long(wr=57.14% wr_net=57.14% exp_net=1.2312%) short(wr=42.86% wr_net=28.57% exp_net=-1.6312%)
  h=15m n=8 avg=1.1302% med=1.1741% long(wr=62.50% wr_net=62.50% exp_net=0.9302%) short(wr=37.50% wr_net=37.50% exp_net=-1.3302%)
 15:35:
  h=1m n=7 avg=0.0011% med=-0.2483% long(wr=28.57% wr_net=28.57% exp_net=-0.1989%) short(wr=57.14% wr_net=57.14% exp_net=-0.2011%)
  h=3m n=8 avg=0.3467% med=0.5221% long(wr=62.50% wr_net=62.50% exp_net=0.1467%) short(wr=37.50% wr_net=37.50% exp_net=-0.5467%)
  h=5m n=10 avg=0.6488% med=0.2836% long(wr=60.00% wr_net=50.00% exp_net=0.4488%) short(wr=40.00% wr_net=40.00% exp_net=-0.8488%)
  h=15m n=10 avg=0.3158% med=-0.0623% long(wr=50.00% wr_net=40.00% exp_net=0.1158%) short(wr=50.00% wr_net=50.00% exp_net=-0.5158%)
 15:36:
  h=1m n=7 avg=0.2762% med=0.4911% long(wr=71.43% wr_net=57.14% exp_net=0.0762%) short(wr=28.57% wr_net=28.57% exp_net=-0.4762%)
  h=3m n=7 avg=0.7653% med=0.0000% long(wr=42.86% wr_net=28.57% exp_net=0.5653%) short(wr=42.86% wr_net=28.57% exp_net=-0.9653%)
  h=5m n=7 avg=0.6482% med=-0.0351% long(wr=42.86% wr_net=42.86% exp_net=0.4482%) short(wr=57.14% wr_net=28.57% exp_net=-0.8482%)
  h=15m n=7 avg=0.7268% med=0.5809% long(wr=57.14% wr_net=57.14% exp_net=0.5268%) short(wr=42.86% wr_net=42.86% exp_net=-0.9268%)
 15:37:
  h=1m n=6 avg=0.4181% med=0.5456% long(wr=66.67% wr_net=66.67% exp_net=0.2181%) short(wr=33.33% wr_net=33.33% exp_net=-0.6181%)
  h=3m n=8 avg=0.4962% med=0.4230% long(wr=62.50% wr_net=50.00% exp_net=0.2962%) short(wr=37.50% wr_net=37.50% exp_net=-0.6962%)
  h=5m n=6 avg=1.0993% med=0.6380% long(wr=83.33% wr_net=83.33% exp_net=0.8993%) short(wr=16.67% wr_net=16.67% exp_net=-1.2993%)
  h=15m n=8 avg=-0.2151% med=0.1486% long(wr=62.50% wr_net=37.50% exp_net=-0.4151%) short(wr=37.50% wr_net=25.00% exp_net=0.0151%)
 15:38:
  h=1m n=7 avg=0.1398% med=0.1761% long(wr=57.14% wr_net=42.86% exp_net=-0.0602%) short(wr=42.86% wr_net=42.86% exp_net=-0.3398%)
  h=3m n=7 avg=0.5533% med=0.4242% long(wr=57.14% wr_net=57.14% exp_net=0.3533%) short(wr=42.86% wr_net=42.86% exp_net=-0.7533%)
  h=5m n=8 avg=0.5944% med=0.3040% long(wr=62.50% wr_net=62.50% exp_net=0.3944%) short(wr=37.50% wr_net=12.50% exp_net=-0.7944%)
  h=15m n=9 avg=-1.6512% med=-1.3175% long(wr=11.11% wr_net=11.11% exp_net=-1.8512%) short(wr=88.89% wr_net=88.89% exp_net=1.4512%)
 15:39:
  h=1m n=10 avg=-0.0595% med=0.1550% long(wr=50.00% wr_net=50.00% exp_net=-0.2595%) short(wr=50.00% wr_net=20.00% exp_net=-0.1405%)
  h=3m n=8 avg=1.1049% med=0.6813% long(wr=62.50% wr_net=62.50% exp_net=0.9049%) short(wr=37.50% wr_net=25.00% exp_net=-1.3049%)
  h=5m n=8 avg=0.6659% med=0.9547% long(wr=62.50% wr_net=62.50% exp_net=0.4659%) short(wr=37.50% wr_net=37.50% exp_net=-0.8659%)
  h=15m n=10 avg=-1.3877% med=-1.1071% long(wr=40.00% wr_net=40.00% exp_net=-1.5877%) short(wr=60.00% wr_net=60.00% exp_net=1.1877%)
 15:40:
  h=1m n=10 avg=0.4390% med=0.0661% long(wr=50.00% wr_net=30.00% exp_net=0.2390%) short(wr=30.00% wr_net=30.00% exp_net=-0.6390%)
  h=3m n=12 avg=0.4889% med=0.3181% long(wr=66.67% wr_net=50.00% exp_net=0.2889%) short(wr=25.00% wr_net=16.67% exp_net=-0.6889%)
  h=5m n=13 avg=0.3450% med=0.1225% long(wr=53.85% wr_net=38.46% exp_net=0.1450%) short(wr=38.46% wr_net=30.77% exp_net=-0.5450%)
  h=15m n=11 avg=-1.2622% med=-0.8803% long(wr=27.27% wr_net=27.27% exp_net=-1.4622%) short(wr=72.73% wr_net=72.73% exp_net=1.0622%)
 15:41:
  h=1m n=8 avg=0.6020% med=0.1659% long(wr=50.00% wr_net=50.00% exp_net=0.4020%) short(wr=37.50% wr_net=25.00% exp_net=-0.8020%)
  h=3m n=8 avg=0.3179% med=0.3631% long(wr=75.00% wr_net=62.50% exp_net=0.1179%) short(wr=25.00% wr_net=25.00% exp_net=-0.5179%)
  h=5m n=9 avg=-0.3604% med=0.0000% long(wr=44.44% wr_net=33.33% exp_net=-0.5604%) short(wr=44.44% wr_net=22.22% exp_net=0.1604%)
  h=15m n=8 avg=-3.1386% med=-1.7596% long(wr=0.00% wr_net=0.00% exp_net=-3.3386%) short(wr=100.00% wr_net=87.50% exp_net=2.9386%)
 15:42:
  h=1m n=13 avg=-0.1786% med=0.1956% long(wr=53.85% wr_net=46.15% exp_net=-0.3786%) short(wr=38.46% wr_net=30.77% exp_net=-0.0214%)
  h=3m n=13 avg=-0.6347% med=-0.2179% long(wr=23.08% wr_net=23.08% exp_net=-0.8347%) short(wr=76.92% wr_net=53.85% exp_net=0.4347%)
  h=5m n=13 avg=-0.2972% med=-0.2205% long(wr=46.15% wr_net=46.15% exp_net=-0.4972%) short(wr=53.85% wr_net=53.85% exp_net=0.0972%)
  h=15m n=12 avg=-1.2229% med=-1.0441% long(wr=16.67% wr_net=16.67% exp_net=-1.4229%) short(wr=66.67% wr_net=66.67% exp_net=1.0229%)
 15:43:
  h=1m n=11 avg=-0.0603% med=0.0000% long(wr=45.45% wr_net=36.36% exp_net=-0.2603%) short(wr=45.45% wr_net=45.45% exp_net=-0.1397%)
  h=3m n=12 avg=-0.4038% med=-0.2423% long(wr=50.00% wr_net=25.00% exp_net=-0.6038%) short(wr=50.00% wr_net=50.00% exp_net=0.2038%)
  h=5m n=12 avg=-0.0862% med=0.0730% long(wr=50.00% wr_net=41.67% exp_net=-0.2862%) short(wr=33.33% wr_net=33.33% exp_net=-0.1138%)
  h=15m n=11 avg=-1.5311% med=-1.0048% long(wr=18.18% wr_net=18.18% exp_net=-1.7311%) short(wr=81.82% wr_net=72.73% exp_net=1.3311%)
 15:44:
  h=1m n=11 avg=-0.2436% med=-0.3692% long(wr=18.18% wr_net=18.18% exp_net=-0.4436%) short(wr=81.82% wr_net=72.73% exp_net=0.0436%)
  h=3m n=11 avg=0.0277% med=-0.1104% long(wr=45.45% wr_net=45.45% exp_net=-0.1723%) short(wr=54.55% wr_net=36.36% exp_net=-0.2277%)
  h=5m n=10 avg=-0.0737% med=-0.1309% long(wr=40.00% wr_net=40.00% exp_net=-0.2737%) short(wr=50.00% wr_net=50.00% exp_net=-0.1263%)
  h=15m n=11 avg=-1.4961% med=-1.6788% long(wr=45.45% wr_net=36.36% exp_net=-1.6961%) short(wr=54.55% wr_net=54.55% exp_net=1.2961%)
 15:45:
  h=1m n=13 avg=-0.1805% med=-0.0552% long(wr=38.46% wr_net=30.77% exp_net=-0.3805%) short(wr=53.85% wr_net=38.46% exp_net=-0.0195%)
  h=3m n=13 avg=0.1677% med=0.0000% long(wr=46.15% wr_net=38.46% exp_net=-0.0323%) short(wr=38.46% wr_net=23.08% exp_net=-0.3677%)
  h=5m n=12 avg=-0.6168% med=-0.5319% long(wr=33.33% wr_net=25.00% exp_net=-0.8168%) short(wr=66.67% wr_net=66.67% exp_net=0.4168%)
 15:46:
  h=1m n=14 avg=0.3807% med=0.0297% long(wr=50.00% wr_net=42.86% exp_net=0.1807%) short(wr=21.43% wr_net=14.29% exp_net=-0.5807%)
  h=3m n=13 avg=0.1893% med=-0.1311% long(wr=46.15% wr_net=38.46% exp_net=-0.0107%) short(wr=53.85% wr_net=38.46% exp_net=-0.3893%)
  h=5m n=13 avg=-0.2462% med=-0.2519% long(wr=38.46% wr_net=38.46% exp_net=-0.4462%) short(wr=61.54% wr_net=53.85% exp_net=0.0462%)
 15:47:
  h=1m n=14 avg=-0.0469% med=0.0155% long(wr=50.00% wr_net=35.71% exp_net=-0.2469%) short(wr=50.00% wr_net=28.57% exp_net=-0.1531%)
  h=3m n=13 avg=-0.8542% med=-0.9023% long(wr=23.08% wr_net=23.08% exp_net=-1.0542%) short(wr=61.54% wr_net=61.54% exp_net=0.6542%)
  h=5m n=14 avg=-0.9327% med=-0.9773% long(wr=28.57% wr_net=21.43% exp_net=-1.1327%) short(wr=71.43% wr_net=71.43% exp_net=0.7327%)
 15:48:
  h=1m n=14 avg=-0.1644% med=-0.1833% long(wr=21.43% wr_net=14.29% exp_net=-0.3644%) short(wr=71.43% wr_net=42.86% exp_net=-0.0356%)
  h=3m n=13 avg=-0.5501% med=-0.3040% long(wr=15.38% wr_net=15.38% exp_net=-0.7501%) short(wr=61.54% wr_net=53.85% exp_net=0.3501%)
  h=5m n=14 avg=-1.3490% med=-0.6220% long(wr=21.43% wr_net=21.43% exp_net=-1.5490%) short(wr=71.43% wr_net=71.43% exp_net=1.1490%)
 15:49:
  h=1m n=10 avg=-0.4285% med=-0.3234% long(wr=20.00% wr_net=10.00% exp_net=-0.6285%) short(wr=60.00% wr_net=50.00% exp_net=0.2285%)
  h=3m n=11 avg=-0.6868% med=-0.5084% long(wr=27.27% wr_net=27.27% exp_net=-0.8868%) short(wr=72.73% wr_net=72.73% exp_net=0.4868%)
  h=5m n=11 avg=-1.8037% med=-1.1853% long(wr=18.18% wr_net=18.18% exp_net=-2.0037%) short(wr=81.82% wr_net=81.82% exp_net=1.6037%)
 15:50:
  h=1m n=11 avg=0.0233% med=0.0000% long(wr=45.45% wr_net=36.36% exp_net=-0.1767%) short(wr=27.27% wr_net=18.18% exp_net=-0.2233%)
  h=3m n=12 avg=-0.9450% med=-0.6793% long(wr=25.00% wr_net=25.00% exp_net=-1.1450%) short(wr=66.67% wr_net=66.67% exp_net=0.7450%)
  h=5m n=10 avg=-0.7648% med=-0.5356% long(wr=30.00% wr_net=30.00% exp_net=-0.9648%) short(wr=70.00% wr_net=70.00% exp_net=0.5648%)
 15:51:
  h=1m n=11 avg=-0.5499% med=-0.4348% long(wr=27.27% wr_net=18.18% exp_net=-0.7499%) short(wr=72.73% wr_net=63.64% exp_net=0.3499%)
  h=3m n=11 avg=-1.0206% med=-0.7174% long(wr=18.18% wr_net=18.18% exp_net=-1.2206%) short(wr=81.82% wr_net=81.82% exp_net=0.8206%)
  h=5m n=10 avg=-1.1235% med=-0.7461% long(wr=20.00% wr_net=20.00% exp_net=-1.3235%) short(wr=70.00% wr_net=70.00% exp_net=0.9235%)
 15:52:
  h=1m n=11 avg=-0.6537% med=-0.5099% long(wr=27.27% wr_net=18.18% exp_net=-0.8537%) short(wr=72.73% wr_net=54.55% exp_net=0.4537%)
  h=3m n=9 avg=-0.6418% med=-0.5181% long(wr=33.33% wr_net=22.22% exp_net=-0.8418%) short(wr=66.67% wr_net=55.56% exp_net=0.4418%)
  h=5m n=10 avg=-1.4500% med=-0.5643% long(wr=30.00% wr_net=20.00% exp_net=-1.6500%) short(wr=60.00% wr_net=50.00% exp_net=1.2500%)
 15:53:
  h=1m n=9 avg=-0.4387% med=-0.0513% long(wr=44.44% wr_net=33.33% exp_net=-0.6387%) short(wr=55.56% wr_net=33.33% exp_net=0.2387%)
  h=3m n=9 avg=-1.1434% med=0.1953% long(wr=55.56% wr_net=44.44% exp_net=-1.3434%) short(wr=44.44% wr_net=44.44% exp_net=0.9434%)
  h=5m n=7 avg=0.6450% med=-0.4613% long(wr=28.57% wr_net=28.57% exp_net=0.4450%) short(wr=71.43% wr_net=57.14% exp_net=-0.8450%)
 15:54:
  h=1m n=7 avg=-0.2315% med=-0.2181% long(wr=28.57% wr_net=14.29% exp_net=-0.4315%) short(wr=71.43% wr_net=57.14% exp_net=0.0315%)
  h=3m n=7 avg=0.1822% med=-0.1222% long(wr=28.57% wr_net=28.57% exp_net=-0.0178%) short(wr=71.43% wr_net=14.29% exp_net=-0.3822%)
  h=5m n=8 avg=0.1091% med=-0.1953% long(wr=50.00% wr_net=37.50% exp_net=-0.0909%) short(wr=50.00% wr_net=50.00% exp_net=-0.3091%)
 15:55:
  h=1m n=8 avg=-0.0818% med=0.0000% long(wr=37.50% wr_net=25.00% exp_net=-0.2818%) short(wr=25.00% wr_net=25.00% exp_net=-0.1182%)
  h=3m n=8 avg=0.3293% med=-0.0463% long(wr=50.00% wr_net=37.50% exp_net=0.1293%) short(wr=50.00% wr_net=37.50% exp_net=-0.5293%)
 15:56:
  h=1m n=8 avg=0.3838% med=0.1115% long(wr=62.50% wr_net=37.50% exp_net=0.1838%) short(wr=25.00% wr_net=25.00% exp_net=-0.5838%)
  h=3m n=9 avg=0.6134% med=0.4016% long(wr=66.67% wr_net=66.67% exp_net=0.4134%) short(wr=33.33% wr_net=33.33% exp_net=-0.8134%)
 15:57:
  h=1m n=7 avg=0.0560% med=0.0000% long(wr=42.86% wr_net=28.57% exp_net=-0.1440%) short(wr=28.57% wr_net=28.57% exp_net=-0.2560%)
 15:58:
  h=1m n=9 avg=0.2615% med=-0.0685% long(wr=44.44% wr_net=44.44% exp_net=0.0615%) short(wr=55.56% wr_net=33.33% exp_net=-0.4615%)
 15:59:

=== by gain_bin (signals) ===
 <10%:
  h=1m n=15 avg=-0.2153% med=-0.1399% long(wr=26.67% wr_net=26.67% exp_net=-0.4153%) short(wr=66.67% wr_net=46.67% exp_net=0.0153%)
  h=3m n=15 avg=-0.3524% med=-0.4170% long(wr=26.67% wr_net=26.67% exp_net=-0.5524%) short(wr=73.33% wr_net=66.67% exp_net=0.1524%)
  h=5m n=15 avg=-0.3142% med=-0.4110% long(wr=20.00% wr_net=13.33% exp_net=-0.5142%) short(wr=73.33% wr_net=66.67% exp_net=0.1142%)
  h=15m n=12 avg=-1.8957% med=-2.4720% long(wr=25.00% wr_net=25.00% exp_net=-2.0957%) short(wr=75.00% wr_net=75.00% exp_net=1.6957%)
  h=30m n=12 avg=-1.1504% med=-1.8105% long(wr=33.33% wr_net=33.33% exp_net=-1.3504%) short(wr=66.67% wr_net=66.67% exp_net=0.9504%)
  h=60m n=12 avg=-2.5505% med=-3.4454% long(wr=8.33% wr_net=8.33% exp_net=-2.7505%) short(wr=83.33% wr_net=83.33% exp_net=2.3505%)
 10-20%:
  h=1m n=263 avg=-0.0948% med=0.0000% long(wr=41.06% wr_net=30.42% exp_net=-0.2948%) short(wr=46.39% wr_net=35.74% exp_net=-0.1052%)
  h=3m n=258 avg=-0.1103% med=0.0000% long(wr=44.96% wr_net=35.27% exp_net=-0.3103%) short(wr=48.06% wr_net=42.25% exp_net=-0.0897%)
  h=5m n=250 avg=-0.1928% med=-0.0251% long(wr=46.40% wr_net=38.80% exp_net=-0.3928%) short(wr=50.00% wr_net=47.20% exp_net=-0.0072%)
  h=15m n=235 avg=-0.3982% med=-0.4003% long(wr=40.00% wr_net=35.74% exp_net=-0.5982%) short(wr=57.02% wr_net=54.89% exp_net=0.1982%)
  h=30m n=223 avg=-0.9784% med=-0.8977% long(wr=34.53% wr_net=31.84% exp_net=-1.1784%) short(wr=63.68% wr_net=61.43% exp_net=0.7784%)
  h=60m n=211 avg=-0.6319% med=-0.9025% long(wr=36.49% wr_net=36.02% exp_net=-0.8319%) short(wr=61.61% wr_net=60.19% exp_net=0.4319%)
 20%+:
  h=1m n=2503 avg=0.0205% med=0.0000% long(wr=45.79% wr_net=39.11% exp_net=-0.1795%) short(wr=48.30% wr_net=42.07% exp_net=-0.2205%)
  h=3m n=2459 avg=0.0250% med=-0.1245% long(wr=44.77% wr_net=41.40% exp_net=-0.1750%) short(wr=51.36% wr_net=46.81% exp_net=-0.2250%)
  h=5m n=2456 avg=-0.0188% med=-0.1357% long(wr=45.64% wr_net=42.02% exp_net=-0.2188%) short(wr=51.75% wr_net=48.45% exp_net=-0.1812%)
  h=15m n=2334 avg=0.1102% med=0.0000% long(wr=49.06% wr_net=47.13% exp_net=-0.0898%) short(wr=49.44% wr_net=47.64% exp_net=-0.3102%)
  h=30m n=2205 avg=-0.1942% med=-0.0806% long(wr=48.84% wr_net=47.85% exp_net=-0.3942%) short(wr=50.11% wr_net=48.80% exp_net=-0.0058%)
  h=60m n=2022 avg=-0.5073% med=-0.1318% long(wr=49.16% wr_net=48.47% exp_net=-0.7073%) short(wr=50.25% wr_net=49.60% exp_net=0.3073%)

=== by rank_bin (signals) ===
 1-5:
  h=1m n=2614 avg=0.0129% med=0.0000% long(wr=45.49% wr_net=38.75% exp_net=-0.1871%) short(wr=48.24% wr_net=41.85% exp_net=-0.2129%)
  h=3m n=2570 avg=0.0145% med=-0.1175% long(wr=44.59% wr_net=41.05% exp_net=-0.1855%) short(wr=51.32% wr_net=46.77% exp_net=-0.2145%)
  h=5m n=2561 avg=-0.0366% med=-0.1502% long(wr=45.33% wr_net=41.51% exp_net=-0.2366%) short(wr=52.13% wr_net=48.89% exp_net=-0.1634%)
  h=15m n=2441 avg=0.0705% med=0.0000% long(wr=48.46% wr_net=46.37% exp_net=-0.1295%) short(wr=49.94% wr_net=48.18% exp_net=-0.2705%)
  h=30m n=2311 avg=-0.2453% med=-0.1433% long(wr=48.03% wr_net=46.95% exp_net=-0.4453%) short(wr=50.89% wr_net=49.50% exp_net=0.0453%)
  h=60m n=2114 avg=-0.4863% med=-0.1884% long(wr=48.72% wr_net=48.06% exp_net=-0.6863%) short(wr=50.61% wr_net=49.91% exp_net=0.2863%)
 6-10:
  h=1m n=98 avg=-0.0197% med=0.0000% long(wr=47.96% wr_net=33.67% exp_net=-0.2197%) short(wr=42.86% wr_net=32.65% exp_net=-0.1803%)
  h=3m n=99 avg=0.1114% med=0.1355% long(wr=57.58% wr_net=44.44% exp_net=-0.0886%) short(wr=36.36% wr_net=30.30% exp_net=-0.3114%)
  h=5m n=99 avg=0.0982% med=0.1835% long(wr=58.59% wr_net=49.49% exp_net=-0.1018%) short(wr=37.37% wr_net=32.32% exp_net=-0.2982%)
  h=15m n=89 avg=0.0842% med=0.1350% long(wr=51.69% wr_net=48.31% exp_net=-0.1158%) short(wr=47.19% wr_net=43.82% exp_net=-0.2842%)
  h=30m n=86 avg=-0.5376% med=-0.6310% long(wr=41.86% wr_net=40.70% exp_net=-0.7376%) short(wr=55.81% wr_net=54.65% exp_net=0.3376%)
  h=60m n=86 avg=-0.7039% med=-0.3373% long(wr=45.35% wr_net=44.19% exp_net=-0.9039%) short(wr=52.33% wr_net=51.16% exp_net=0.5039%)
 11-20:
  h=1m n=69 avg=-0.1244% med=-0.0685% long(wr=31.88% wr_net=24.64% exp_net=-0.3244%) short(wr=55.07% wr_net=40.58% exp_net=-0.0756%)
  h=3m n=63 avg=-0.3248% med=-0.3406% long(wr=28.57% wr_net=22.22% exp_net=-0.5248%) short(wr=68.25% wr_net=60.32% exp_net=0.1248%)
  h=5m n=61 avg=-0.2479% med=-0.3362% long(wr=34.43% wr_net=31.15% exp_net=-0.4479%) short(wr=57.38% wr_net=55.74% exp_net=0.0479%)
  h=15m n=51 avg=-0.7607% med=-0.4743% long(wr=25.49% wr_net=23.53% exp_net=-0.9607%) short(wr=70.59% wr_net=68.63% exp_net=0.5607%)
  h=30m n=43 avg=-1.0935% med=-1.3569% long(wr=27.91% wr_net=23.26% exp_net=-1.2935%) short(wr=72.09% wr_net=69.77% exp_net=0.8935%)
  h=60m n=45 avg=-2.2498% med=-2.0353% long(wr=6.67% wr_net=6.67% exp_net=-2.4498%) short(wr=91.11% wr_net=91.11% exp_net=2.0498%)
 21+:

=== threshold >5% ===
  h=1m n=9778 avg=-0.0079% med=0.0000% long(wr=43.48% wr_net=30.46% exp_net=-0.2079%) short(wr=46.05% wr_net=32.85% exp_net=-0.1921%)
  h=3m n=9604 avg=-0.0325% med=-0.0084% long(wr=44.36% wr_net=35.93% exp_net=-0.2325%) short(wr=50.05% wr_net=41.48% exp_net=-0.1675%)
  h=5m n=9489 avg=-0.0552% med=-0.0658% long(wr=45.03% wr_net=38.24% exp_net=-0.2552%) short(wr=51.06% wr_net=44.68% exp_net=-0.1448%)
  h=15m n=9072 avg=-0.0756% med=-0.1172% long(wr=46.10% wr_net=42.05% exp_net=-0.2756%) short(wr=51.80% wr_net=47.66% exp_net=-0.1244%)
  h=30m n=8505 avg=-0.1855% med=-0.2045% long(wr=45.21% wr_net=42.62% exp_net=-0.3855%) short(wr=53.03% wr_net=50.04% exp_net=-0.0145%)
  h=60m n=7437 avg=-0.2732% med=-0.4055% long(wr=45.07% wr_net=43.43% exp_net=-0.4732%) short(wr=53.89% wr_net=52.32% exp_net=0.0732%)

=== threshold >12% ===
  h=1m n=1158 avg=-0.0097% med=-0.0961% long(wr=44.30% wr_net=39.72% exp_net=-0.2097%) short(wr=51.30% wr_net=45.94% exp_net=-0.1903%)
  h=3m n=1127 avg=-0.0514% med=-0.2522% long(wr=43.83% wr_net=41.44% exp_net=-0.2514%) short(wr=53.59% wr_net=50.93% exp_net=-0.1486%)
  h=5m n=1122 avg=-0.1314% med=-0.2565% long(wr=43.85% wr_net=41.35% exp_net=-0.3314%) short(wr=53.57% wr_net=51.07% exp_net=-0.0686%)
  h=15m n=1070 avg=-0.1350% med=-0.2207% long(wr=47.10% wr_net=45.23% exp_net=-0.3350%) short(wr=51.50% wr_net=50.09% exp_net=-0.0650%)
  h=30m n=1024 avg=-0.9284% med=-0.4037% long(wr=45.70% wr_net=45.12% exp_net=-1.1284%) short(wr=53.12% wr_net=51.76% exp_net=0.7284%)
  h=60m n=942 avg=-3.0544% med=-1.3307% long(wr=43.31% wr_net=42.57% exp_net=-3.2544%) short(wr=55.94% wr_net=55.20% exp_net=2.8544%)

=== Chronological split train 40 / test -18 ===
 dates 2025-07-01 .. 2025-07-31 (22 days)
 train n=2973
  h=1m n=2781 avg=0.0083% med=0.0000% long(wr=45.24% wr_net=38.22% exp_net=-0.1917%) short(wr=48.22% wr_net=41.50% exp_net=-0.2083%)
  h=3m n=2732 avg=0.0102% med=-0.1081% long(wr=44.69% wr_net=40.74% exp_net=-0.1898%) short(wr=51.17% wr_net=46.49% exp_net=-0.2102%)
  h=5m n=2721 avg=-0.0364% med=-0.1355% long(wr=45.57% wr_net=41.57% exp_net=-0.2364%) short(wr=51.71% wr_net=48.44% exp_net=-0.1636%)
  h=15m n=2581 avg=0.0546% med=-0.0724% long(wr=48.12% wr_net=45.99% exp_net=-0.1454%) short(wr=50.25% wr_net=48.43% exp_net=-0.2546%)
  h=30m n=2440 avg=-0.2706% med=-0.2100% long(wr=47.46% wr_net=46.31% exp_net=-0.4706%) short(wr=51.43% wr_net=50.04% exp_net=0.0706%)
  h=60m n=2245 avg=-0.5300% med=-0.3226% long(wr=47.75% wr_net=47.08% exp_net=-0.7300%) short(wr=51.49% wr_net=50.78% exp_net=0.3300%)
 test n=0

=== bucket train vs test (h15 h30 short exp) ===
  <3% train h15m n=91458 avg=-0.0102% short_exp_net=-0.1898%
  <3% train h30m n=87418 avg=0.0022% short_exp_net=-0.2022%
  3-5% train h15m n=19061 avg=-0.0031% short_exp_net=-0.1969%
  3-5% train h30m n=18033 avg=-0.0055% short_exp_net=-0.1945%
  5-8% train h15m n=6491 avg=-0.1273% short_exp_net=-0.0727%
  5-8% train h30m n=6065 avg=-0.1513% short_exp_net=-0.0487%
  8-12% train h15m n=1511 avg=0.1888% short_exp_net=-0.3888%
  8-12% train h30m n=1416 avg=0.2051% short_exp_net=-0.4051%
  12%+ train h15m n=1070 avg=-0.1350% short_exp_net=-0.0650%
  12%+ train h30m n=1024 avg=-0.9284% short_exp_net=0.7284%

Wrote factory\artifacts\h006_results_2025-07\events_with_vwap.parquet (139400 rows, 2973 signals >8.0%)
Wrote factory\artifacts\h006_results_2025-07\h006_summary.json
