cell,population,discount,expiry,refresh,rearm,friction_bps,order_notional,occupancy_population,net_dollars_per_day_legacy,net_dollars_per_day_optimistic,net_dollars_per_day_pessimistic,fills_per_day_legacy,fills_per_day_optimistic,fills_per_day_pessimistic,net_return_per_fill_legacy,net_return_per_fill_optimistic,net_return_per_fill_pessimistic
d06_e010_rolling_rearm,all_orders,0.06,10,True,True,100,250,all_orders,4.817902397533483,7.058858131759101,-11.638803146634782,2.029636711281071,2.029636711281071,2.019120458891013,0.00965431141966854,0.014284451426283028,-0.024298266466680964
d06_e010_rolling_rearm,all_orders,0.06,10,True,True,100,500,all_orders,9.627466903460844,14.219460325066951,-24.092536440707427,2.040152963671128,2.040152963671128,2.029636711281071,0.009503065600603903,0.014109338906153363,-0.024401645675867736
d06_e010_rolling_rearm,all_orders,0.06,10,True,True,100,1000,all_orders,19.34388973713205,28.647095547839484,-48.913936766500875,2.041108986615679,2.041108986615679,2.0305927342256216,0.009523827531111372,0.014127943331599682,-0.024441946219334845
d06_e010_rolling_rearm,all_orders,0.06,10,True,True,150,250,all_orders,2.381124964369046,4.622080698594671,-14.062667576931139,2.029636711281071,2.029636711281071,2.019120458891013,0.004654311419668543,0.009284451426283046,-0.029298266466681006
d06_e010_rolling_rearm,all_orders,0.06,10,True,True,150,500,all_orders,4.639022382533511,9.231015804139627,-29.054957789550635,2.040152963671128,2.040152963671128,2.029636711281071,0.004503065600603908,0.009109338906153387,-0.029401645675867775
d06_e010_rolling_rearm,all_orders,0.06,10,True,True,150,1000,all_orders,9.252936031319399,18.556141842026868,-58.95264282795403,2.041108986615679,2.041108986615679,2.0305927342256216,0.004523827531111373,0.009127943331599704,-0.029441946219334884
d06_e010_rolling_rearm,all_orders,0.06,10,True,True,200,250,all_orders,-0.05565246879539101,2.1853032654302282,-16.486532007227524,2.029636711281071,2.029636711281071,2.019120458891013,-0.0003456885803314643,0.004284451426283029,-0.034298266466680986
d06_e010_rolling_rearm,all_orders,0.06,10,True,True,200,500,all_orders,-0.34942213839384034,4.24257128321228,-34.01737913839385,2.040152963671128,2.040152963671128,2.029636711281071,-0.0004969343993961022,0.0041093389061533665,-0.03440164567586776
d06_e010_rolling_rearm,all_orders,0.06,10,True,True,200,1000,all_orders,-0.8380176744932245,8.465188136214243,-68.99134888940715,2.041108986615679,2.041108986615679,2.0305927342256216,-0.00047617246888863665,0.004127943331599684,-0.034441946219334864
d06_e010_rolling_rearm,pf2_posthoc,0.06,10,True,True,100,250,all_orders,3.9695260900000156,5.537572493441693,-6.092102153977045,1.4216061185468452,1.4216061185468452,1.4110898661567877,0.011358871462083045,0.01598620909747632,-0.018177546120223785
d06_e010_rolling_rearm,pf2_posthoc,0.06,10,True,True,100,500,all_orders,7.893745944894871,11.100605064397724,-12.620805353384293,1.4263862332695985,1.4263862332695985,1.4158699808795412,0.011120188751890803,0.015732019223626593,-0.018318283808066653
d06_e010_rolling_rearm,pf2_posthoc,0.06,10,True,True,100,1000,all_orders,15.839196082007723,22.34448543000005,-25.660300805946402,1.4273422562141491,1.4273422562141491,1.4168260038240919,0.011148795314839331,0.015757536817739393,-0.01838014731426904
d06_e010_rolling_rearm,pf2_posthoc,0.06,10,True,True,150,250,all_orders,2.260488671328886,3.8285350747705706,-7.788226569780094,1.4216061185468452,1.4216061185468452,1.4110898661567877,0.006358871462083047,0.010986209097476317,-0.023177546120223807
d06_e010_rolling_rearm,pf2_posthoc,0.06,10,True,True,150,500,all_orders,4.3990620565392256,7.605921176042092,-16.08946606965579,1.4263862332695985,1.4263862332695985,1.4158699808795412,0.006120188751890802,0.010732019223626592,-0.02331828380806669
d06_e010_rolling_rearm,pf2_posthoc,0.06,10,True,True,150,1000,all_orders,8.778215761826063,15.283505109818435,-32.66903348176857,1.4273422562141491,1.4273422562141491,1.4168260038240919,0.006148795314839332,0.010757536817739393,-0.023380147314269073
d06_e010_rolling_rearm,pf2_posthoc,0.06,10,True,True,200,250,all_orders,0.5514512526577577,2.119497656099439,-9.484350985583161,1.4216061185468452,1.4216061185468452,1.4110898661567877,0.0013588714620830335,0.005986209097476306,-0.028177546120223773
d06_e010_rolling_rearm,pf2_posthoc,0.06,10,True,True,200,500,all_orders,0.9043781681835861,4.1112372876864525,-19.558126785927314,1.4263862332695985,1.4263862332695985,1.4158699808795412,0.001120188751890792,0.005732019223626583,-0.028318283808066644
d06_e010_rolling_rearm,pf2_posthoc,0.06,10,True,True,200,1000,all_orders,1.7172354416444213,8.22252478963677,-39.677766157590796,1.4273422562141491,1.4273422562141491,1.4168260038240919,0.0011487953148393197,0.005757536817739385,-0.02838014731426903
d06_e010_rolling_rearm,pf2_preorder,0.06,10,True,True,100,250,pf2_preorder,4.836445170305942,6.70730622001913,-7.790437031606106,1.658699808795411,1.658699808795411,1.6481835564053537,0.011990046273693624,0.01671136579052481,-0.019903301561431316
d06_e010_rolling_rearm,pf2_preorder,0.06,10,True,True,100,500,pf2_preorder,9.704512009904434,13.53129327089868,-16.139635980535356,1.6644359464627152,1.6644359464627152,1.6539196940726577,0.011807719601261382,0.016512768057150014,-0.020037656880754526
d06_e010_rolling_rearm,pf2_preorder,0.06,10,True,True,100,1000,pf2_preorder,19.59426572636718,27.344493430000057,-32.76815590346074,1.6653919694072659,1.6653919694072659,1.6548757170172084,0.011831842487388123,0.016534189996976017,-0.02008962819393722
d06_e010_rolling_rearm,pf2_preorder,0.06,10,True,True,150,250,pf2_preorder,2.845802578594661,4.71666362830786,-9.768166620449309,1.658699808795411,1.658699808795411,1.6481835564053537,0.006990046273693602,0.0117113657905248,-0.02490330156143136
d06_e010_rolling_rearm,pf2_preorder,0.06,10,True,True,150,500,pf2_preorder,5.631830389235215,9.458611650229484,-20.186294429120405,1.6644359464627152,1.6644359464627152,1.6539196940726577,0.006807719601261366,0.011512768057150005,-0.02503765688075457
d06_e010_rolling_rearm,pf2_preorder,0.06,10,True,True,150,1000,pf2_preorder,11.357945801979032,19.108173505611934,-40.9522281834894,1.6653919694072659,1.6653919694072659,1.6548757170172084,0.006831842487388104,0.011534189996976005,-0.02508962819393726
d06_e010_rolling_rearm,pf2_preorder,0.06,10,True,True,200,250,pf2_preorder,0.8551599868833814,2.726021036596575,-11.745896209292534,1.658699808795411,1.658699808795411,1.6481835564053537,0.0019900462736935918,0.006711365790524789,-0.029903301561431332
d06_e010_rolling_rearm,pf2_preorder,0.06,10,True,True,200,500,pf2_preorder,1.5591487685659997,5.3859300295602655,-24.232952877705515,1.6644359464627152,1.6644359464627152,1.6539196940726577,0.0018077196012613538,0.006512768057149995,-0.030037656880754545
d06_e010_rolling_rearm,pf2_preorder,0.06,10,True,True,200,1000,pf2_preorder,3.121625877590889,10.871853581223787,-49.136300463518154,1.6653919694072659,1.6653919694072659,1.6548757170172084,0.0018318424873880934,0.0065341899969759976,-0.03008962819393724
d06_e010_static_rearm,all_orders,0.06,10,False,True,100,250,all_orders,2.9463445708030727,4.074550631988545,-7.445505276424463,1.2409177820267687,1.2409177820267687,1.2342256214149139,0.009668907746118628,0.013455420548138107,-0.025411757960748432
d06_e010_static_rearm,all_orders,0.06,10,False,True,100,500,all_orders,5.859846264110924,8.166691178068861,-15.397929144110867,1.2466539196940727,1.2466539196940727,1.239961759082218,0.009435797868655298,0.013204888065757512,-0.025483840679307396
d06_e010_static_rearm,all_orders,0.06,10,False,True,100,1000,all_orders,11.778983006615729,16.440502643327015,-31.189735532198778,1.2466539196940727,1.2466539196940727,1.239961759082218,0.009435797868655298,0.013204888065757512,-0.025483840679307396
d06_e010_static_rearm,all_orders,0.06,10,False,True,150,250,all_orders,1.4522254306787905,2.5804314918642577,-8.93154684197896,1.2409177820267687,1.2409177820267687,1.2342256214149139,0.004668907746118622,0.00845542054813811,-0.030411757960748454
d06_e010_static_rearm,all_orders,0.06,10,False,True,150,500,all_orders,2.808502059359492,5.115346973317428,-18.432819372284865,1.2466539196940727,1.2466539196940727,1.239961759082218,0.004435797868655295,0.008204888065757514,-0.030483840679307428
d06_e010_static_rearm,all_orders,0.06,10,False,True,150,1000,all_orders,5.609621143001969,10.271140779713253,-37.32587753969397,1.2466539196940727,1.2466539196940727,1.239961759082218,0.004435797868655295,0.008204888065757514,-0.030483840679307428
d06_e010_static_rearm,all_orders,0.06,10,False,True,200,250,all_orders,-0.04189370944549472,1.086312351739974,-10.417588407533449,1.2409177820267687,1.2409177820267687,1.2342256214149139,-0.00033109225388138456,0.00345542054813809,-0.0354117579607485
d06_e010_static_rearm,all_orders,0.06,10,False,True,200,500,all_orders,-0.24284214539194404,2.0640027685659925,-21.467709600458875,1.2466539196940727,1.2466539196940727,1.239961759082218,-0.0005642021313447131,0.003204888065757495,-0.03548384067930746
d06_e010_static_rearm,all_orders,0.06,10,False,True,200,1000,all_orders,-0.5597407206118036,4.101778916099478,-43.462019547189236,1.2466539196940727,1.2466539196940727,1.239961759082218,-0.0005642021313447131,0.003204888065757495,-0.03548384067930746
d06_e010_static_rearm,pf2_posthoc,0.06,10,False,True,100,250,all_orders,2.9025918855258235,3.700568061434044,-4.1096698986042,0.9244741873804971,0.9244741873804971,0.9187380497131931,0.01289199562957567,0.01644982968533047,-0.018586009509424753
d06_e010_static_rearm,pf2_posthoc,0.06,10,False,True,100,500,all_orders,5.8079131155449515,7.42799311554495,-8.443794222887178,0.9273422562141491,0.9273422562141491,0.9216061185468452,0.012680813980447129,0.01622764442572021,-0.018700544970252225
d06_e010_static_rearm,pf2_posthoc,0.06,10,False,True,100,1000,all_orders,11.729828889502903,14.994609749923557,-17.033335065181614,0.9273422562141491,0.9273422562141491,0.9216061185468452,0.012680813980447129,0.01622764442572021,-0.018700544970252225
d06_e010_static_rearm,pf2_posthoc,0.06,10,False,True,150,250,all_orders,1.7870781135659752,2.585054289474196,-5.218338116070734,0.9244741873804971,0.9244741873804971,0.9187380497131931,0.007891995629575658,0.011449829685330473,-0.023586009509424737
d06_e010_static_rearm,pf2_posthoc,0.06,10,False,True,150,500,all_orders,3.534991466051645,5.155071466051645,-10.702664400105133,0.9273422562141491,0.9273422562141491,0.9216061185468452,0.0076808139804471175,0.011227644425720216,-0.023700544970252216
d06_e010_static_rearm,pf2_posthoc,0.06,10,False,True,150,1000,all_orders,7.138964148977087,10.403745009397753,-21.595723422342214,0.9273422562141491,0.9273422562141491,0.9216061185468452,0.0076808139804471175,0.011227644425720216,-0.023700544970252216
d06_e010_static_rearm,pf2_posthoc,0.06,10,False,True,200,250,all_orders,0.6715643416061265,1.4695405175143497,-6.327006333537277,0.9244741873804971,0.9244741873804971,0.9187380497131931,0.002891995629575648,0.006449829685330456,-0.02858600950942477
d06_e010_static_rearm,pf2_posthoc,0.06,10,False,True,200,500,all_orders,1.2620698165583342,2.8821498165583357,-12.96153457732311,0.9273422562141491,0.9273422562141491,0.9216061185468452,0.0026808139804471074,0.0062276444257202,-0.028700544970252245
d06_e010_static_rearm,pf2_posthoc,0.06,10,False,True,200,1000,all_orders,2.548099408451278,5.812880268871934,-26.158111779502832,0.9273422562141491,0.9273422562141491,0.9216061185468452,0.0026808139804471074,0.0062276444257202,-0.028700544970252245
d06_e010_static_rearm,pf2_preorder,0.06,10,False,True,100,250,pf2_preorder,3.2240743773422667,4.161012732982801,-4.811801768164428,1.0095602294455066,1.0095602294455066,1.002868068833652,0.01307388912306073,0.0169524352223515,-0.02008794376889064
d06_e010_static_rearm,pf2_preorder,0.06,10,False,True,100,500,pf2_preorder,6.460796926137687,8.376247748317418,-9.9233982650669,1.0133843212237095,1.0133843212237095,1.0066921606118546,0.012918572158886995,0.01678248223516157,-0.02021933285074413
d06_e010_static_rearm,pf2_preorder,0.06,10,False,True,100,1000,pf2_preorder,13.062850672256253,16.938774496348046,-20.066983347437827,1.0133843212237095,1.0133843212237095,1.0066921606118546,0.012918572158886995,0.01678248223516157,-0.02021933285074413
d06_e010_static_rearm,pf2_preorder,0.06,10,False,True,150,250,pf2_preorder,2.007879832170183,2.9448181878107156,-6.019882432839371,1.0095602294455066,1.0095602294455066,1.002868068833652,0.008073889123060724,0.011952435222351517,-0.02508794376889066
d06_e010_static_rearm,pf2_preorder,0.06,10,False,True,150,500,pf2_preorder,3.9797319582313775,5.895182780411113,-12.387976208116605,1.0133843212237095,1.0133843212237095,1.0066921606118546,0.007918572158886989,0.011782482235161592,-0.02521933285074416
d06_e010_static_rearm,pf2_preorder,0.06,10,False,True,150,1000,pf2_preorder,8.048830802074612,11.924754626166402,-25.047756828518104,1.0133843212237095,1.0133843212237095,1.0066921606118546,0.007918572158886989,0.011782482235161592,-0.02521933285074416
d06_e010_static_rearm,pf2_preorder,0.06,10,False,True,200,250,pf2_preorder,0.7916852869980977,1.7286236426386343,-7.227963097514334,1.0095602294455066,1.0095602294455066,1.002868068833652,0.0030738891230607116,0.006952435222351501,-0.030087943768890693
d06_e010_static_rearm,pf2_preorder,0.06,10,False,True,200,500,pf2_preorder,1.4986669903250671,3.4141178125048017,-14.852554151166329,1.0133843212237095,1.0133843212237095,1.0066921606118546,0.002918572158886978,0.006782482235161575,-0.03021933285074418
d06_e010_static_rearm,pf2_preorder,0.06,10,False,True,200,1000,pf2_preorder,3.0348109318929635,6.910734755984747,-30.028530309598437,1.0133843212237095,1.0133843212237095,1.0066921606118546,0.002918572158886978,0.006782482235161575,-0.03021933285074418
d06_e030_rolling_rearm,all_orders,0.06,30,True,True,100,250,all_orders,4.002388701204616,6.243344435430235,-12.482079749273405,2.112810707456979,2.112810707456979,2.1022944550669216,0.0076155362699753155,0.01206340379669139,-0.025058820944191405
d06_e030_rolling_rearm,all_orders,0.06,30,True,True,100,500,all_orders,7.955549869177869,12.54754329078398,-25.892959975946418,2.124282982791587,2.124282982791587,2.1137667304015295,0.007501171823407701,0.011925018463390835,-0.02519271924401352
d06_e030_rolling_rearm,all_orders,0.06,30,True,True,100,1000,all_orders,15.887775532868167,25.19098134357562,-52.48341617152954,2.124282982791587,2.124282982791587,2.1137667304015295,0.007501171823407701,0.011925018463390835,-0.02519271924401352
d06_e030_rolling_rearm,all_orders,0.06,30,True,True,150,250,all_orders,1.4671606942543252,3.7081164284799466,-15.004394753355621,2.112810707456979,2.112810707456979,2.1022944550669216,0.002615536269975312,0.00706340379669141,-0.03005882094419145
d06_e030_rolling_rearm,all_orders,0.06,30,True,True,150,500,all_orders,2.7623771590249016,7.354370580631023,-31.060109514015263,2.124282982791587,2.124282982791587,2.1137667304015295,0.0025011718234076935,0.006925018463390853,-0.030192719244013573
d06_e030_rolling_rearm,all_orders,0.06,30,True,True,150,1000,all_orders,5.386145941940825,14.689351752648276,-62.932798118097445,2.124282982791587,2.124282982791587,2.1137667304015295,0.0025011718234076935,0.006925018463390853,-0.030192719244013573
d06_e030_rolling_rearm,all_orders,0.06,30,True,True,200,250,all_orders,-1.0680673126959646,1.1728884215296558,-17.52670975743784,2.112810707456979,2.112810707456979,2.1022944550669216,-0.002384463730024695,0.0020634037966913922,-0.03505882094419142
d06_e030_rolling_rearm,all_orders,0.06,30,True,True,200,500,all_orders,-2.4307955511280643,2.1611978704780554,-36.22725905208413,2.124282982791587,2.124282982791587,2.1137667304015295,-0.0024988281765923113,0.0019250184633908358,-0.03519271924401352
d06_e030_rolling_rearm,all_orders,0.06,30,True,True,200,1000,all_orders,-5.115483648986527,4.187722161720929,-73.38218006466529,2.124282982791587,2.124282982791587,2.1137667304015295,-0.0024988281765923113,0.0019250184633908358,-0.03519271924401352
d06_e030_rolling_rearm,pf2_posthoc,0.06,30,True,True,100,250,all_orders,3.6640024113384486,5.2320488147801285,-6.425388738948364,1.4760994263862333,1.4760994263862333,1.465583173996176,0.010076352519373498,0.014532862275739954,-0.018449740469009084
d06_e030_rolling_rearm,pf2_posthoc,0.06,30,True,True,100,500,all_orders,7.294836795984734,10.50169591548759,-13.348221003250453,1.4818355640535372,1.4818355640535372,1.47131931166348,0.009878966342484074,0.014318225093342012,-0.018643776728581765
d06_e030_rolling_rearm,pf2_posthoc,0.06,30,True,True,100,1000,all_orders,14.580949013690317,21.086238361682664,-27.031913075028623,1.4818355640535372,1.4818355640535372,1.47131931166348,0.009878966342484074,0.014318225093342012,-0.018643776728581765
d06_e030_rolling_rearm,pf2_posthoc,0.06,30,True,True,150,250,all_orders,1.8899939171988676,3.4580403206405532,-8.186484230219866,1.4760994263862333,1.4760994263862333,1.465583173996176,0.0050763525193735,0.009532862275739946,-0.023449740469009137
d06_e030_rolling_rearm,pf2_posthoc,0.06,30,True,True,150,500,all_orders,3.6649809507648508,6.871840070267718,-16.952053676386193,1.4818355640535372,1.4818355640535372,1.47131931166348,0.004878966342484075,0.009318225093342005,-0.023643776728581815
d06_e030_rolling_rearm,pf2_posthoc,0.06,30,True,True,150,1000,all_orders,7.250971491089929,13.756260839082296,-34.30964295326952,1.4818355640535372,1.4818355640535372,1.47131931166348,0.004878966342484075,0.009318225093342005,-0.023643776728581815
d06_e030_rolling_rearm,pf2_posthoc,0.06,30,True,True,200,250,all_orders,0.1159854230592881,1.6840318265009706,-9.947579721491387,1.4760994263862333,1.4760994263862333,1.465583173996176,7.635251937348715e-05,0.00453286227573994,-0.028449740469009083
d06_e030_rolling_rearm,pf2_posthoc,0.06,30,True,True,200,500,all_orders,0.03512510554496286,3.2419842250478292,-20.555886349521945,1.4818355640535372,1.4818355640535372,1.47131931166348,-0.0001210336575159371,0.004318225093342,-0.028643776728581764
d06_e030_rolling_rearm,pf2_posthoc,0.06,30,True,True,200,1000,all_orders,-0.07900603151045482,6.426283316481894,-41.58737283151046,1.4818355640535372,1.4818355640535372,1.47131931166348,-0.0001210336575159371,0.004318225093342,-0.028643776728581764
d06_e030_rolling_rearm,pf2_preorder,0.06,30,True,True,100,250,pf2_preorder,4.051215357801167,5.9220764075143535,-8.60342975042063,1.7332695984703632,1.7332695984703632,1.722753346080306,0.009573947989298646,0.014092143996856375,-0.021020585440345928
d06_e030_rolling_rearm,pf2_preorder,0.06,30,True,True,100,500,pf2_preorder,8.120561729063136,11.947342990057386,-17.852092762332664,1.739961759082218,1.739961759082218,1.7294455066921606,0.009431817050972596,0.013932635381578178,-0.021194554712714815
d06_e030_rolling_rearm,pf2_preorder,0.06,30,True,True,100,1000,pf2_preorder,16.341044159005804,24.091271862638678,-36.13474267158695,1.739961759082218,1.739961759082218,1.7294455066921606,0.009431817050972596,0.013932635381578178,-0.021194554712714815
d06_e030_rolling_rearm,pf2_preorder,0.06,30,True,True,150,250,pf2_preorder,1.9718705548661744,3.8427316045793685,-10.669861550487557,1.7332695984703632,1.7332695984703632,1.722753346080306,0.00457394798929864,0.009092143996856362,-0.02602058544034598
d06_e030_rolling_rearm,pf2_preorder,0.06,30,True,True,150,500,pf2_preorder,3.863797327437894,7.690578588432159,-22.082833991873752,1.739961759082218,1.739961759082218,1.7294455066921606,0.0044318170509725875,0.008932635381578164,-0.026194554712714868
d06_e030_rolling_rearm,pf2_preorder,0.06,30,True,True,150,1000,pf2_preorder,7.736588080956101,15.486815784588995,-44.68695110527717,1.739961759082218,1.739961759082218,1.7294455066921606,0.0044318170509725875,0.008932635381578164,-0.026194554712714868
d06_e030_rolling_rearm,pf2_preorder,0.06,30,True,True,200,250,pf2_preorder,-0.10747424806881664,1.7633868016443768,-12.736293350554481,1.7332695984703632,1.7332695984703632,1.722753346080306,-0.0004260520107013669,0.0040921439968563495,-0.031020585440345957
d06_e030_rolling_rearm,pf2_preorder,0.06,30,True,True,200,500,pf2_preorder,-0.3929670741873457,3.4338141868069174,-26.313575221414872,1.739961759082218,1.739961759082218,1.7294455066921606,-0.0005681829490274189,0.003932635381578153,-0.03119455471271484
d06_e030_rolling_rearm,pf2_preorder,0.06,30,True,True,200,1000,pf2_preorder,-0.8678679970936206,6.882359706539273,-53.23915953896747,1.739961759082218,1.739961759082218,1.7294455066921606,-0.0005681829490274189,0.003932635381578153,-0.03119455471271484
d06_e030_static_rearm,all_orders,0.06,30,False,True,100,250,all_orders,1.7557174725239129,2.8025111245315597,-6.873758583690238,1.219885277246654,1.219885277246654,1.2160611854684513,0.005833115746137083,0.009428126751272813,-0.023662669804936753
d06_e030_static_rearm,all_orders,0.06,30,False,True,100,500,all_orders,3.500661571300216,5.649847881051647,-14.106512560630962,1.2246653919694073,1.2246653919694073,1.2208413001912046,0.00570421066224469,0.009285189618180048,-0.02367649007487472
d06_e030_static_rearm,all_orders,0.06,30,False,True,100,1000,all_orders,7.006365015066977,11.353355110669257,-28.555474425468393,1.2246653919694073,1.2246653919694073,1.2208413001912046,0.00570421066224469,0.009285189618180048,-0.02367649007487472
d06_e030_static_rearm,all_orders,0.06,30,False,True,150,250,all_orders,0.28243239444551954,1.329226046453168,-8.342393941883351,1.219885277246654,1.219885277246654,1.2160611854684513,0.0008331157461370775,0.004428126751272809,-0.028662669804936758
d06_e030_static_rearm,all_orders,0.06,30,False,True,150,500,all_orders,0.49815734375719517,2.64734365350863,-17.099575966472237,1.2246653919694073,1.2246653919694073,1.2208413001912046,0.000704210662244685,0.004285189618180044,-0.028676490074874734
d06_e030_static_rearm,all_orders,0.06,30,False,True,150,1000,all_orders,0.9401534385660187,5.28714353416831,-34.602686656367034,1.2246653919694073,1.2246653919694073,1.2208413001912046,0.000704210662244685,0.004285189618180044,-0.028676490074874734
d06_e030_static_rearm,all_orders,0.06,30,False,True,200,250,all_orders,-1.190852683632876,-0.1440590316252268,-9.811029300076466,1.219885277246654,1.219885277246654,1.2160611854684513,-0.004166884253862921,-0.0005718732487272017,-0.03366266980493678
d06_e030_static_rearm,all_orders,0.06,30,False,True,200,500,all_orders,-2.5043468837858285,-0.3551605740343921,-20.092639372313528,1.2246653919694073,1.2246653919694073,1.2208413001912046,-0.004295789337755314,-0.0007148103818199658,-0.03367649007487475
d06_e030_static_rearm,all_orders,0.06,30,False,True,200,1000,all_orders,-5.126058137934944,-0.7790680423326466,-40.64989888726573,1.2246653919694073,1.2246653919694073,1.2208413001912046,-0.004295789337755314,-0.0007148103818199658,-0.03367649007487475
d06_e030_static_rearm,pf2_posthoc,0.06,30,False,True,100,250,all_orders,2.0236023929828,2.7012097543594735,-3.750877680439762,0.9034416826003824,0.9034416826003824,0.8996175908221797,0.009261981578799292,0.012382548954685818,-0.017330697137035025
d06_e030_static_rearm,pf2_posthoc,0.06,30,False,True,100,500,all_orders,4.105903810936921,5.49041239602296,-7.65695894718927,0.9053537284894837,0.9053537284894837,0.9015296367112811,0.00918310705300884,0.012297084001491173,-0.017353506064385918
d06_e030_static_rearm,pf2_posthoc,0.06,30,False,True,100,1000,all_orders,8.285573644588947,11.079380986845154,-15.477857835143388,0.9053537284894837,0.9053537284894837,0.9015296367112811,0.00918310705300884,0.012297084001491173,-0.017353506064385918
d06_e030_static_rearm,pf2_posthoc,0.06,30,False,True,150,250,all_orders,0.930971065286816,1.6085784266634895,-4.8388827882504675,0.9034416826003824,0.9034416826003824,0.8996175908221797,0.004261981578799288,0.007382548954685814,-0.022330697137035033
d06_e030_static_rearm,pf2_posthoc,0.06,30,False,True,150,500,all_orders,1.8832876979541286,3.2677962830401728,-9.87015600854683,0.9053537284894837,0.9053537284894837,0.9015296367112811,0.004183107053008838,0.007297084001491169,-0.02235350606438592
d06_e030_static_rearm,pf2_posthoc,0.06,30,False,True,150,1000,all_orders,3.7988436151625593,6.592650957418774,-19.945570073938786,0.9053537284894837,0.9053537284894837,0.9015296367112811,0.004183107053008838,0.007297084001491169,-0.02235350606438592
d06_e030_static_rearm,pf2_posthoc,0.06,30,False,True,200,250,all_orders,-0.1616602624091698,0.5159470989675038,-5.926887896061177,0.9034416826003824,0.9034416826003824,0.8996175908221797,-0.0007380184212007237,0.0023825489546858017,-0.027330697137035054
d06_e030_static_rearm,pf2_posthoc,0.06,30,False,True,200,500,all_orders,-0.33932841502866457,1.0451801700573782,-12.083353069904382,0.9053537284894837,0.9053537284894837,0.9015296367112811,-0.0008168929469911734,0.0022970840014911566,-0.027353506064385937
d06_e030_static_rearm,pf2_posthoc,0.06,30,False,True,200,1000,all_orders,-0.6878864142638295,2.105920927992385,-24.41328231273418,0.9053537284894837,0.9053537284894837,0.9015296367112811,-0.0008168929469911734,0.0022970840014911566,-0.027353506064385937
d06_e030_static_rearm,pf2_preorder,0.06,30,False,True,100,250,pf2_preorder,2.0472256109560325,2.9424823795984802,-4.520645982543016,0.9799235181644359,0.9799235181644359,0.9770554493307839,0.008597796998884986,0.012433811529243064,-0.019274010640251287
d06_e030_static_rearm,pf2_preorder,0.06,30,False,True,100,500,pf2_preorder,4.154454470592754,5.990350895066943,-9.253557318126171,0.982791586998088,0.982791586998088,0.9799235181644359,0.008570429473078985,0.01239524940850411,-0.019323652051321076
d06_e030_static_rearm,pf2_preorder,0.06,30,False,True,100,1000,pf2_preorder,8.385729743059315,12.106037008833688,-18.730966820803015,0.982791586998088,0.982791586998088,0.9799235181644359,0.008570429473078985,0.01239524940850411,-0.019323652051321076
d06_e030_static_rearm,pf2_preorder,0.06,30,False,True,150,250,pf2_preorder,0.8635310643307942,1.7587878329732425,-5.7008702127246575,0.9799235181644359,0.9799235181644359,0.9770554493307839,0.0035977969988849803,0.007433811529243053,-0.02427401064025131
d06_e030_static_rearm,pf2_preorder,0.06,30,False,True,150,500,pf2_preorder,1.7439392323709577,3.5798356568451477,-11.657011547743767,0.982791586998088,0.982791586998088,0.9799235181644359,0.003570429473078979,0.0073952494085041,-0.024323652051321098
d06_e030_static_rearm,pf2_preorder,0.06,30,False,True,150,1000,pf2_preorder,3.516611959808839,7.236919225583216,-23.585829135602264,0.982791586998088,0.982791586998088,0.9799235181644359,0.003570429473078979,0.0073952494085041,-0.024323652051321098
d06_e030_static_rearm,pf2_preorder,0.06,30,False,True,200,250,pf2_preorder,-0.3201634822944453,0.5750932863480017,-6.881094442906303,0.9799235181644359,0.9799235181644359,0.9770554493307839,-0.0014022030011150255,0.002433811529243041,-0.029274010640251334
d06_e030_static_rearm,pf2_preorder,0.06,30,False,True,200,500,pf2_preorder,-0.6665760058508429,1.1693204186233457,-14.060465777361369,0.982791586998088,0.982791586998088,0.9799235181644359,-0.0014295705269210268,0.0023952494085040872,-0.029323652051321127
d06_e030_static_rearm,pf2_preorder,0.06,30,False,True,200,1000,pf2_preorder,-1.3525058234416405,2.3678014423327336,-28.440691450401488,0.982791586998088,0.982791586998088,0.9799235181644359,-0.0014295705269210268,0.0023952494085040872,-0.029323652051321127
d06_e060_rolling_rearm,all_orders,0.06,60,True,True,100,250,all_orders,3.975017930764846,6.215973664990467,-12.509450519713175,2.117590822179732,2.117590822179732,2.107074569789675,0.007535019546590189,0.011972846740288848,-0.02506561439075548
d06_e060_rolling_rearm,all_orders,0.06,60,True,True,100,500,all_orders,7.896830473671177,12.488823895277287,-25.95167937145311,2.1290630975143405,2.1290630975143405,2.118546845124283,0.007421345725488877,0.011835260064978112,-0.025199173785858335
d06_e060_rolling_rearm,all_orders,0.06,60,True,True,100,1000,all_orders,15.766358887227634,25.06956469793509,-52.604832817170085,2.1290630975143405,2.1290630975143405,2.118546845124283,0.007421345725488877,0.011835260064978112,-0.025199173785858335
d06_e060_rolling_rearm,all_orders,0.06,60,True,True,150,250,all_orders,1.4344476494933311,3.675403383718952,-15.037107798116615,2.117590822179732,2.117590822179732,2.107074569789675,0.002535019546590184,0.006972846740288867,-0.030065614390755533
d06_e060_rolling_rearm,all_orders,0.06,60,True,True,150,500,all_orders,2.6925350495124736,7.284528471118593,-31.12995162352769,2.1290630975143405,2.1290630975143405,2.118546845124283,0.0024213457254888718,0.0068352600649781315,-0.030199173785858395
d06_e060_rolling_rearm,all_orders,0.06,60,True,True,150,1000,all_orders,5.242045702925526,14.545251513632977,-63.07689835711274,2.1290630975143405,2.1290630975143405,2.118546845124283,0.0024213457254888718,0.0068352600649781315,-0.030199173785858395
d06_e060_rolling_rearm,all_orders,0.06,60,True,True,200,250,all_orders,-1.1061226317781827,1.1348331024474387,-17.564765076520054,2.117590822179732,2.117590822179732,2.107074569789675,-0.0024649804534098217,0.0019728467402888475,-0.03506561439075549
d06_e060_rolling_rearm,all_orders,0.06,60,True,True,200,500,all_orders,-2.5117603746462294,2.080233046959891,-36.308223875602295,2.1290630975143405,2.1290630975143405,2.118546845124283,-0.0025786542745111344,0.001835260064978113,-0.03519917378585834
d06_e060_rolling_rearm,all_orders,0.06,60,True,True,200,1000,all_orders,-5.282267481376583,4.020938329330872,-73.54896389705537,2.1290630975143405,2.1290630975143405,2.118546845124283,-0.0025786542745111344,0.001835260064978113,-0.03519917378585834
d06_e060_rolling_rearm,pf2_posthoc,0.06,60,True,True,100,250,all_orders,3.659174233518181,5.227220636959861,-6.430216916768631,1.4789674952198852,1.4789674952198852,1.468451242829828,0.010042499156772832,0.014490366683488931,-0.01842812124568752
d06_e060_rolling_rearm,pf2_posthoc,0.06,60,True,True,100,500,all_orders,7.285133891587031,10.491993011089889,-13.35792390764816,1.4847036328871892,1.4847036328871892,1.474187380497132,0.009845625071774116,0.014276308306693502,-0.0186218641243012
d06_e060_rolling_rearm,pf2_posthoc,0.06,60,True,True,100,1000,all_orders,14.56149665613774,21.066786004130083,-27.051365432581203,1.4847036328871892,1.4847036328871892,1.474187380497132,0.009845625071774116,0.014276308306693502,-0.0186218641243012
d06_e060_rolling_rearm,pf2_posthoc,0.06,60,True,True,150,250,all_orders,1.8816892221701869,3.4497356256118716,-8.19478892524855,1.4789674952198852,1.4789674952198852,1.468451242829828,0.005042499156772834,0.009490366683488924,-0.023428121245687578
d06_e060_rolling_rearm,pf2_posthoc,0.06,60,True,True,150,500,all_orders,3.6482964794455395,6.8551555989484045,-16.968738147705505,1.4847036328871892,1.4847036328871892,1.474187380497132,0.004845625071774119,0.009276308306693497,-0.023621864124301246
d06_e060_rolling_rearm,pf2_posthoc,0.06,60,True,True,150,1000,all_orders,7.217527467189357,13.722816815181721,-34.34308697717009,1.4847036328871892,1.4847036328871892,1.474187380497132,0.004845625071774119,0.009276308306693497,-0.023621864124301246
d06_e060_rolling_rearm,pf2_posthoc,0.06,60,True,True,200,250,all_orders,0.1042042108221945,1.6722506142638769,-9.95936093372848,1.4789674952198852,1.4789674952198852,1.468451242829828,4.2499156772820665e-05,0.004490366683488917,-0.028428121245687516
d06_e060_rolling_rearm,pf2_posthoc,0.06,60,True,True,200,500,all_orders,0.011459067304045664,3.2183181868069117,-20.579552387762863,1.4847036328871892,1.4847036328871892,1.474187380497132,-0.0001543749282258932,0.00427630830669349,-0.02862186412430119
d06_e060_rolling_rearm,pf2_posthoc,0.06,60,True,True,200,1000,all_orders,-0.12644172175902071,6.378847626233328,-41.63480852175902,1.4847036328871892,1.4847036328871892,1.474187380497132,-0.0001543749282258932,0.00427630830669349,-0.02862186412430119
d06_e060_rolling_rearm,pf2_preorder,0.06,60,True,True,100,250,pf2_preorder,4.031247810956042,5.90210886066923,-8.623397297265758,1.7370936902485659,1.7370936902485659,1.7265774378585086,0.009478334202866371,0.013986583713984783,-0.02104901961323013
d06_e060_rolling_rearm,pf2_preorder,0.06,60,True,True,100,500,pf2_preorder,8.065440717590864,11.892221978585113,-17.907213773804944,1.7437858508604207,1.7437858508604207,1.7332695984703632,0.009336881894067913,0.013827830009036202,-0.021222495274843548
d06_e060_rolling_rearm,pf2_preorder,0.06,60,True,True,100,1000,pf2_preorder,16.21561621827923,23.965843921912107,-36.26017061231352,1.7437858508604207,1.7437858508604207,1.7332695984703632,0.009336881894067913,0.013827830009036202,-0.021222495274843548
d06_e060_rolling_rearm,pf2_preorder,0.06,60,True,True,150,250,pf2_preorder,1.9477583359369208,3.818619385650114,-10.693973769416809,1.7370936902485659,1.7370936902485659,1.7265774378585086,0.004478334202866362,0.008986583713984772,-0.02604901961323019
d06_e060_rolling_rearm,pf2_preorder,0.06,60,True,True,150,500,pf2_preorder,3.799690284416861,7.626471545411126,-22.146941034894787,1.7437858508604207,1.7437858508604207,1.7332695984703632,0.004336881894067903,0.00882783000903619,-0.0262224952748436
d06_e060_rolling_rearm,pf2_preorder,0.06,60,True,True,150,1000,pf2_preorder,7.592491389751512,15.342719093384401,-44.83104779648175,1.7437858508604207,1.7437858508604207,1.7332695984703632,0.004336881894067903,0.00882783000903619,-0.0262224952748436
d06_e060_rolling_rearm,pf2_preorder,0.06,60,True,True,200,250,pf2_preorder,-0.13573113908220094,1.7351299106309928,-12.764550241567868,1.7370936902485659,1.7370936902485659,1.7265774378585086,-0.0005216657971336449,0.003986583713984759,-0.031049019613230155
d06_e060_rolling_rearm,pf2_preorder,0.06,60,True,True,200,500,pf2_preorder,-0.46606014875713575,3.360721112237127,-26.386668295984652,1.7437858508604207,1.7437858508604207,1.7332695984703632,-0.0006631181059321037,0.0038278300090361745,-0.031222495274843578
d06_e060_rolling_rearm,pf2_preorder,0.06,60,True,True,200,1000,pf2_preorder,-1.0306334387762215,6.719594264856669,-53.40192498065006,1.7437858508604207,1.7437858508604207,1.7332695984703632,-0.0006631181059321037,0.0038278300090361745,-0.031222495274843578
d06_e060_static_rearm,all_orders,0.06,60,False,True,100,250,all_orders,1.301837348145328,2.3109392793116754,-6.817560983403426,1.1969407265774379,1.1969407265774379,1.1931166347992352,0.004183709813271298,0.007716780304740267,-0.023959961894730705
d06_e060_static_rearm,all_orders,0.06,60,False,True,100,500,all_orders,2.5252447167877894,4.597260242600408,-13.981596749751416,1.2026768642447419,1.2026768642447419,1.1988527724665392,0.00409846791710194,0.0076146875159247935,-0.023910816978568856
d06_e060_static_rearm,all_orders,0.06,60,False,True,100,1000,all_orders,4.998451329445559,9.18962463728495,-28.283110688527657,1.2026768642447419,1.2026768642447419,1.1988527724665392,0.00409846791710194,0.0076146875159247935,-0.023910816978568856
d06_e060_static_rearm,all_orders,0.06,60,False,True,150,250,all_orders,-0.14422625780113427,0.8648756733652136,-8.258964085525806,1.1969407265774379,1.1969407265774379,1.1931166347992352,-0.0008162901867287079,0.002716780304740263,-0.02895996189473073
d06_e060_static_rearm,all_orders,0.06,60,False,True,150,500,all_orders,-0.4239039977628804,1.6481115280497374,-16.92128253552579,1.2026768642447419,1.2026768642447419,1.1988527724665392,-0.0009015320828980669,0.002614687515924789,-0.028910816978568878
d06_e060_static_rearm,all_orders,0.06,60,False,True,150,1000,all_orders,-0.95611336644354,3.2350599413958467,-34.218631285468405,1.2026768642447419,1.2026768642447419,1.1988527724665392,-0.0009015320828980669,0.002614687515924789,-0.028910816978568878
d06_e060_static_rearm,all_orders,0.06,60,False,True,200,250,all_orders,-1.5902898637476004,-0.5811879325812507,-9.70036718764817,1.1969407265774379,1.1969407265774379,1.1931166347992352,-0.005816290186728707,-0.002283219695259741,-0.03395996189473074
d06_e060_static_rearm,all_orders,0.06,60,False,True,200,500,all_orders,-3.373052712313553,-1.3010371865009316,-19.86096832130016,1.2026768642447419,1.2026768642447419,1.1988527724665392,-0.005901532082898067,-0.002385312484075215,-0.03391081697856889
d06_e060_static_rearm,all_orders,0.06,60,False,True,200,1000,all_orders,-6.9106780623326465,-2.7195047544932605,-40.15415188240912,1.2026768642447419,1.2026768642447419,1.1988527724665392,-0.005901532082898067,-0.002385312484075215,-0.03391081697856889
d06_e060_static_rearm,pf2_posthoc,0.06,60,False,True,100,250,all_orders,1.9422920295602368,2.5822076700956096,-3.551712040038231,0.861376673040153,0.861376673040153,0.8575525812619503,0.009125917915971624,0.012217045976991298,-0.01726855114504757
d06_e060_static_rearm,pf2_posthoc,0.06,60,False,True,100,500,all_orders,3.8945951447418916,5.2019329458891175,-7.243737835181629,0.864244741873805,0.864244741873805,0.8604206500956023,0.009093043823847919,0.012173913716523502,-0.017213589780710654
d06_e060_static_rearm,pf2_posthoc,0.06,60,False,True,100,1000,all_orders,7.838973277342291,10.476963831835594,-14.637349269311644,0.864244741873805,0.864244741873805,0.8604206500956023,0.009093043823847919,0.012173913716523502,-0.017213589780710654
d06_e060_static_rearm,pf2_posthoc,0.06,60,False,True,150,250,all_orders,0.9002219129828007,1.5401375535181736,-4.589145152791579,0.861376673040153,0.861376673040153,0.8575525812619503,0.004125917915971623,0.007217045976991292,-0.022268551145047562
d06_e060_static_rearm,pf2_posthoc,0.06,60,False,True,150,500,all_orders,1.7735093951243004,3.080847196271527,-9.355382426099414,0.864244741873805,0.864244741873805,0.8604206500956023,0.004093043823847917,0.007173913716523495,-0.022213589780710648
d06_e060_static_rearm,pf2_posthoc,0.06,60,False,True,150,1000,all_orders,3.559238000908257,6.197228555401561,-18.89802200176861,0.864244741873805,0.864244741873805,0.8604206500956023,0.004093043823847917,0.007173913716523495,-0.022213589780710648
d06_e060_static_rearm,pf2_posthoc,0.06,60,False,True,200,250,all_orders,-0.1418482035946389,0.4980674369407343,-5.626578265544924,0.861376673040153,0.861376673040153,0.8575525812619503,-0.0008740820840283828,0.0022170459769912843,-0.027268551145047552
d06_e060_static_rearm,pf2_posthoc,0.06,60,False,True,200,500,all_orders,-0.347576354493292,0.9597614466539358,-11.467027017017202,0.864244741873805,0.864244741873805,0.8604206500956023,-0.0009069561761520869,0.002173913716523487,-0.02721358978071063
d06_e060_static_rearm,pf2_posthoc,0.06,60,False,True,200,1000,all_orders,-0.7204972755257795,1.9174932789675294,-23.158694734225595,0.864244741873805,0.864244741873805,0.8604206500956023,-0.0009069561761520869,0.002173913716523487,-0.02721358978071063
d06_e060_static_rearm,pf2_preorder,0.06,60,False,True,100,250,pf2_preorder,2.0573780601529728,2.878390928221806,-4.280905527609932,0.9502868068833652,0.9502868068833652,0.9464627151051626,0.00873302921303519,0.012359040600508972,-0.018888275915543283
d06_e060_static_rearm,pf2_preorder,0.06,60,False,True,100,500,pf2_preorder,4.185408479349924,5.867706834990459,-8.675790534990421,0.9531548757170172,0.9531548757170172,0.9493307839388145,0.008868726579196694,0.012483827200208672,-0.018668583881858738
d06_e060_static_rearm,pf2_preorder,0.06,60,False,True,100,1000,pf2_preorder,8.408941033556445,11.817254016348027,-17.548129820936875,0.9531548757170172,0.9531548757170172,0.9493307839388145,0.008868726579196694,0.012483827200208672,-0.018668583881858738
d06_e060_static_rearm,pf2_preorder,0.06,60,False,True,150,250,pf2_preorder,0.908792373785861,1.7298052418546945,-5.424838663307829,0.9502868068833652,0.9502868068833652,0.9464627151051626,0.003733029213035185,0.007359040600508965,-0.023888275915543294
d06_e060_static_rearm,pf2_preorder,0.06,60,False,True,150,500,pf2_preorder,1.8469087278202871,3.5292070834608213,-11.00482387543019,0.9531548757170172,0.9531548757170172,0.9493307839388145,0.003868726579196692,0.007483827200208665,-0.02366858388185875
d06_e060_static_rearm,pf2_preorder,0.06,60,False,True,150,1000,pf2_preorder,3.6895692623805396,7.097882245172121,-22.248434779493277,0.9531548757170172,0.9531548757170172,0.9493307839388145,0.003868726579196692,0.007483827200208665,-0.02366858388185875
d06_e060_static_rearm,pf2_preorder,0.06,60,False,True,200,250,pf2_preorder,-0.23979331258125386,0.5812195554875805,-6.568771799005724,0.9502868068833652,0.9502868068833652,0.9464627151051626,-0.0012669707869648193,0.0023590406005089544,-0.02888827591554331
d06_e060_static_rearm,pf2_preorder,0.06,60,False,True,200,500,pf2_preorder,-0.49159102370935015,1.1907073319311856,-13.33385721586997,0.9531548757170172,0.9531548757170172,0.9493307839388145,-0.0011312734208033135,0.0024838272002086544,-0.028668583881858757
d06_e060_static_rearm,pf2_preorder,0.06,60,False,True,200,1000,pf2_preorder,-1.0298025087953742,2.378510473996214,-26.948739738049678,0.9531548757170172,0.9531548757170172,0.9493307839388145,-0.0011312734208033135,0.0024838272002086544,-0.028668583881858757
d06_e120_rolling_rearm,all_orders,0.06,120,True,True,100,250,all_orders,3.9608303313384594,6.2017860655640815,-12.523638119139562,2.123326959847036,2.123326959847036,2.112810707456979,0.007490695370457221,0.011916533836932917,-0.025021650676532513
d06_e120_rolling_rearm,all_orders,0.06,120,True,True,100,500,all_orders,7.8696738417400125,12.461667263346122,-25.978836003384277,2.1347992351816445,2.1347992351816445,2.124282982791587,0.007377565182602751,0.011779619474605674,-0.025155086853003533
d06_e120_rolling_rearm,all_orders,0.06,120,True,True,100,1000,all_orders,15.713687953193219,25.01689376390068,-52.65750375120449,2.1347992351816445,2.1347992351816445,2.124282982791587,0.007377565182602751,0.011779619474605674,-0.025155086853003533
d06_e120_rolling_rearm,all_orders,0.06,120,True,True,150,250,all_orders,1.413609797198876,3.6545655314244962,-15.057945650411071,2.123326959847036,2.123326959847036,2.112810707456979,0.0024906953704572164,0.006916533836932939,-0.03002165067653256
d06_e120_rolling_rearm,all_orders,0.06,120,True,True,150,500,all_orders,2.6515509142352274,7.243544335841346,-31.17093575880494,2.1347992351816445,2.1347992351816445,2.124282982791587,0.0023775651826027466,0.006779619474605694,-0.0301550868530036
d06_e120_rolling_rearm,all_orders,0.06,120,True,True,150,1000,all_orders,5.161153403212334,14.464359213919785,-63.157790656825924,2.1347992351816445,2.1347992351816445,2.124282982791587,0.0023775651826027466,0.006779619474605694,-0.0301550868530036
d06_e120_rolling_rearm,all_orders,0.06,120,True,True,200,250,all_orders,-1.1336107369407074,1.1073449972849148,-17.59225318168258,2.123326959847036,2.123326959847036,2.112810707456979,-0.0025093046295427907,0.0019165338369329192,-0.03502165067653252
d06_e120_rolling_rearm,all_orders,0.06,120,True,True,200,500,all_orders,-2.566572013269556,2.025421408336564,-36.36303551422563,2.1347992351816445,2.1347992351816445,2.124282982791587,-0.0026224348173972583,0.0017796194746056754,-0.035155086853003545
d06_e120_rolling_rearm,all_orders,0.06,120,True,True,200,1000,all_orders,-5.391381146768555,3.9118246639389054,-73.65807756244735,2.1347992351816445,2.1347992351816445,2.124282982791587,-0.0026224348173972583,0.0017796194746056754,-0.035155086853003545
d06_e120_rolling_rearm,pf2_posthoc,0.06,120,True,True,100,250,all_orders,3.6481660423135924,5.216212445755271,-6.44122510797322,1.479923518164436,1.479923518164436,1.4694072657743786,0.010006231760954037,0.014451225988234275,-0.018446124699379802
d06_e120_rolling_rearm,pf2_posthoc,0.06,120,True,True,100,500,all_orders,7.263117509177852,10.46997662868071,-13.379940290057338,1.4856596558317399,1.4856596558317399,1.4751434034416826,0.009809624393110993,0.014237456480517559,-0.01863967200858274
d06_e120_rolling_rearm,pf2_posthoc,0.06,120,True,True,100,1000,all_orders,14.517463891319386,21.02275323931173,-27.09539819739956,1.4856596558317399,1.4856596558317399,1.4751434034416826,0.009809624393110993,0.014237456480517559,-0.01863967200858274
d06_e120_rolling_rearm,pf2_posthoc,0.06,120,True,True,150,250,all_orders,1.8694870692065155,3.4375334726482003,-8.20699107821222,1.479923518164436,1.479923518164436,1.4694072657743786,0.00500623176095404,0.009451225988234266,-0.023446124699379862
d06_e120_rolling_rearm,pf2_posthoc,0.06,120,True,True,150,500,all_orders,3.623892173518197,6.830751293021062,-16.993142453632846,1.4856596558317399,1.4856596558317399,1.4751434034416826,0.0048096243931109945,0.009237456480517554,-0.023639672008582795
d06_e120_rolling_rearm,pf2_posthoc,0.06,120,True,True,150,1000,all_orders,7.168718855334672,13.674008203327038,-34.391895589024784,1.4856596558317399,1.4856596558317399,1.4751434034416826,0.0048096243931109945,0.009237456480517554,-0.023639672008582795
d06_e120_rolling_rearm,pf2_posthoc,0.06,120,True,True,200,250,all_orders,0.09080809609944111,1.6588544995411234,-9.972757048451234,1.479923518164436,1.479923518164436,1.4694072657743786,6.231760954026407e-06,0.0044512259882342605,-0.028446124699379797
d06_e120_rolling_rearm,pf2_posthoc,0.06,120,True,True,200,500,all_orders,-0.01533316214146097,3.1915259573614057,-20.606344617208368,1.4856596558317399,1.4856596558317399,1.4751434034416826,-0.0001903756068890174,0.004237456480517547,-0.028639672008582737
d06_e120_rolling_rearm,pf2_posthoc,0.06,120,True,True,200,1000,all_orders,-0.18002618065003428,6.325263167342313,-41.688392980650036,1.4856596558317399,1.4856596558317399,1.4751434034416826,-0.0001903756068890174,0.004237456480517547,-0.028639672008582737
d06_e120_rolling_rearm,pf2_preorder,0.06,120,True,True,100,250,pf2_preorder,4.020239619751455,5.891100669464641,-8.634405488470346,1.7380497131931167,1.7380497131931167,1.7275334608030593,0.009447763375708181,0.013953533101616957,-0.021062882596051095
d06_e120_rolling_rearm,pf2_preorder,0.06,120,True,True,100,500,pf2_preorder,8.043424335181685,11.870205596175934,-17.92923015621412,1.7447418738049714,1.7447418738049714,1.7342256214149139,0.009306505832991318,0.01379499315447195,-0.02123620913057446
d06_e120_rolling_rearm,pf2_preorder,0.06,120,True,True,100,1000,pf2_preorder,16.171583453460876,23.92181115709375,-36.304203377131884,1.7447418738049714,1.7447418738049714,1.7342256214149139,0.009306505832991318,0.01379499315447195,-0.02123620913057446
d06_e120_rolling_rearm,pf2_preorder,0.06,120,True,True,150,250,pf2_preorder,1.9355561829732497,3.8064172326864427,-10.70617592238048,1.7380497131931167,1.7380497131931167,1.7275334608030593,0.004447763375708173,0.008953533101616947,-0.02606288259605116
d06_e120_rolling_rearm,pf2_preorder,0.06,120,True,True,150,500,pf2_preorder,3.7752859784895194,7.602067239483783,-22.171345340822132,1.7447418738049714,1.7447418738049714,1.7342256214149139,0.004306505832991306,0.008794993154471936,-0.026236209130574516
d06_e120_rolling_rearm,pf2_preorder,0.06,120,True,True,150,1000,pf2_preorder,7.543682777896827,15.293910481529716,-44.87985640833644,1.7447418738049714,1.7447418738049714,1.7342256214149139,0.004306505832991306,0.008794993154471936,-0.026236209130574516
d06_e120_rolling_rearm,pf2_preorder,0.06,120,True,True,200,250,pf2_preorder,-0.14912725380495426,1.7217337959082393,-12.77794635629062,1.7380497131931167,1.7380497131931167,1.7275334608030593,-0.0005522366242918333,0.003953533101616934,-0.03106288259605112
d06_e120_rolling_rearm,pf2_preorder,0.06,120,True,True,200,500,pf2_preorder,-0.4928523782026422,3.33392888279162,-26.413460525430164,1.7447418738049714,1.7447418738049714,1.7342256214149139,-0.0006934941670087003,0.0037949931544719244,-0.03123620913057449
d06_e120_rolling_rearm,pf2_preorder,0.06,120,True,True,200,1000,pf2_preorder,-1.0842178976672348,6.666009805965656,-53.455509439541075,1.7447418738049714,1.7447418738049714,1.7342256214149139,-0.0006934941670087003,0.0037949931544719244,-0.03123620913057449
d06_e120_static_rearm,all_orders,0.06,120,False,True,100,250,all_orders,0.8727203490631098,1.8448092783174104,-6.832649990133827,1.1768642447418738,1.1768642447418738,1.1730401529636711,0.00272541113793076,0.006185666595351647,-0.02443117206198637
d06_e120_static_rearm,all_orders,0.06,120,False,True,100,500,all_orders,1.673878065717042,3.6694000542447687,-13.997524364493284,1.1826003824091778,1.1826003824091778,1.178776290630975,0.0026349020913390272,0.006078373771278486,-0.02438982590743201
d06_e120_static_rearm,all_orders,0.06,120,False,True,100,1000,all_orders,3.213749451778253,7.249468151587048,-28.385077981108918,1.1826003824091778,1.1826003824091778,1.178776290630975,0.0026349020913390272,0.006078373771278486,-0.02438982590743201
d06_e120_static_rearm,all_orders,0.06,120,False,True,150,250,all_orders,-0.5490754925621294,0.42301343669217323,-8.249796111873797,1.1768642447418738,1.1768642447418738,1.1730401529636711,-0.0022745888620692364,0.0011856665953516366,-0.029431172061986404
d06_e120_static_rearm,all_orders,0.06,120,False,True,150,500,all_orders,-1.226065617772442,0.769456370755283,-16.888027226281046,1.1826003824091778,1.1826003824091778,1.178776290630975,-0.0023650979086609707,0.001078373771278476,-0.029389825907432037
d06_e120_static_rearm,all_orders,0.06,120,False,True,150,1000,all_orders,-2.6419515825620916,1.393767117246706,-34.22177966984698,1.1826003824091778,1.1826003824091778,1.178776290630975,-0.0023650979086609707,0.001078373771278476,-0.029389825907432037
d06_e120_static_rearm,all_orders,0.06,120,False,True,200,250,all_orders,-1.9708713341873696,-0.9987824049330679,-9.666942233613751,1.1768642447418738,1.1768642447418738,1.1730401529636711,-0.007274588862069239,-0.003814333404648361,-0.0344311720619864
d06_e120_static_rearm,all_orders,0.06,120,False,True,200,500,all_orders,-4.1260093012619325,-2.1304873127342008,-19.7785300880688,1.1826003824091778,1.1826003824091778,1.178776290630975,-0.007365097908660971,-0.003921626228721522,-0.03438982590743204
d06_e120_static_rearm,all_orders,0.06,120,False,True,200,1000,all_orders,-8.497652616902442,-4.461933917093643,-40.05848135858501,1.1826003824091778,1.1826003824091778,1.178776290630975,-0.007365097908660971,-0.003921626228721522,-0.03438982590743204
d06_e120_static_rearm,pf2_posthoc,0.06,120,False,True,100,250,all_orders,1.490610761835572,2.0935134004588987,-3.5504265773613692,0.8326959847036329,0.8326959847036329,0.8288718929254302,0.007165393017258875,0.010174895423395138,-0.01787710197709578
d06_e120_static_rearm,pf2_posthoc,0.06,120,False,True,100,500,all_orders,3.004689246061203,4.235533509923536,-7.2203272214340215,0.8355640535372849,0.8355640535372849,0.8317399617590823,0.007122702191299315,0.010121874497643348,-0.01783363565169991
d06_e120_static_rearm,pf2_posthoc,0.06,120,False,True,100,1000,all_orders,5.970061039254338,8.452596985717053,-14.66710061256213,0.8355640535372849,0.8355640535372849,0.8317399617590823,0.007122702191299315,0.010121874497643348,-0.01783363565169991
d06_e120_static_rearm,pf2_posthoc,0.06,120,False,True,150,250,all_orders,0.48326265193117446,1.0861652905545016,-4.553148467380486,0.8326959847036329,0.8326959847036329,0.8288718929254302,0.0021653930172588712,0.005174895423395127,-0.022877101977095773
d06_e120_static_rearm,pf2_posthoc,0.06,120,False,True,150,500,all_orders,0.9541652421319475,2.185009505994281,-9.26143217373804,0.8355640535372849,0.8355640535372849,0.8317399617590823,0.0021227021912993103,0.0051218744976433365,-0.02283363565169991
d06_e120_static_rearm,pf2_posthoc,0.06,120,False,True,150,1000,all_orders,1.831290123699845,4.313826070162557,-18.78685373748562,0.8355640535372849,0.8355640535372849,0.8317399617590823,0.0021227021912993103,0.0051218744976433365,-0.02283363565169991
d06_e120_static_rearm,pf2_posthoc,0.06,120,False,True,200,250,all_orders,-0.5240854579732239,0.07881718065010308,-5.55587035739961,0.8326959847036329,0.8326959847036329,0.8288718929254302,-0.0028346069827411345,0.00017489542339511953,-0.027877101977095777
d06_e120_static_rearm,pf2_posthoc,0.06,120,False,True,200,500,all_orders,-1.096358761797308,0.13448550206502521,-11.302537126042054,0.8355640535372849,0.8355640535372849,0.8317399617590823,-0.0028772978087006967,0.00012187449764332964,-0.027833635651699905
d06_e120_static_rearm,pf2_posthoc,0.06,120,False,True,200,1000,all_orders,-2.307480791854653,0.17505515460806215,-22.906606862409138,0.8355640535372849,0.8355640535372849,0.8317399617590823,-0.0028772978087006967,0.00012187449764332964,-0.027833635651699905
d06_e120_static_rearm,pf2_preorder,0.06,120,False,True,100,250,pf2_preorder,1.6573649769407355,2.4413648430975234,-4.152250427265764,0.9359464627151052,0.9359464627151052,0.9321223709369025,0.007088595164215214,0.010602819405190594,-0.018605940786345098
d06_e120_static_rearm,pf2_preorder,0.06,120,False,True,100,500,pf2_preorder,3.358984808202695,4.964789626558333,-8.435978343804956,0.9397705544933078,0.9397705544933078,0.9359464627151052,0.007098422024581748,0.010598346268645734,-0.018491090993145363
d06_e120_static_rearm,pf2_preorder,0.06,120,False,True,100,1000,pf2_preorder,6.674781867170212,9.9276402419312,-17.13157401982789,0.9397705544933078,0.9397705544933078,0.9359464627151052,0.007098422024581748,0.010598346268645734,-0.018491090993145363
d06_e120_static_rearm,pf2_preorder,0.06,120,False,True,150,250,pf2_preorder,0.5264411734416924,1.3104410395984805,-5.278532464034403,0.9359464627151052,0.9359464627151052,0.9321223709369025,0.0020885951642152095,0.005602819405190586,-0.0236059407863451
d06_e120_static_rearm,pf2_preorder,0.06,120,False,True,150,500,pf2_preorder,1.0540316063766915,2.659836424732334,-10.731487241615659,0.9397705544933078,0.9397705544933078,0.9359464627151052,0.0020984220245817433,0.005598346268645725,-0.02349109099314536
d06_e120_static_rearm,pf2_preorder,0.06,120,False,True,150,1000,pf2_preorder,2.021169491768683,5.274027866529673,-21.766164335956,0.9397705544933078,0.9397705544933078,0.9359464627151052,0.0020984220245817433,0.005598346268645725,-0.02349109099314536
d06_e120_static_rearm,pf2_preorder,0.06,120,False,True,200,250,pf2_preorder,-0.6044826300573529,0.17951723609943462,-6.40481450080305,0.9359464627151052,0.9359464627151052,0.9321223709369025,-0.002911404835784792,0.0006028194051905776,-0.028605940786345107
d06_e120_static_rearm,pf2_preorder,0.06,120,False,True,200,500,pf2_preorder,-1.2509215954493123,0.3548832229063277,-13.02699613942637,0.9397705544933078,0.9397705544933078,0.9359464627151052,-0.0029015779754182586,0.0005983462686457148,-0.02849109099314536
d06_e120_static_rearm,pf2_preorder,0.06,120,False,True,200,1000,pf2_preorder,-2.6324428836328497,0.6204154911281448,-26.400754652084096,0.9397705544933078,0.9397705544933078,0.9359464627151052,-0.0029015779754182586,0.0005983462686457148,-0.02849109099314536
d08_e010_rolling_rearm,all_orders,0.08,10,True,True,100,250,all_orders,4.821859216022934,6.077980806845112,-8.169677701376681,1.6089866156787762,1.6089866156787762,1.604206500956023,0.01232647155902751,0.015547944601472418,-0.021580575678606218
d08_e010_rolling_rearm,all_orders,0.08,10,True,True,100,500,all_orders,9.775581516749499,12.329907392466508,-16.950938688604236,1.618546845124283,1.618546845124283,1.6137667304015297,0.012197056948049715,0.01539950179768632,-0.02169125824859518
d08_e010_rolling_rearm,all_orders,0.08,10,True,True,100,1000,all_orders,19.653913367074534,24.808147009521942,-34.4480396508987,1.618546845124283,1.618546845124283,1.6137667304015297,0.012197056948049715,0.01539950179768632,-0.02169125824859518
d08_e010_rolling_rearm,all_orders,0.08,10,True,True,150,250,all_orders,2.8919970211663353,4.148118611988511,-10.09371531114724,1.6089866156787762,1.6089866156787762,1.604206500956023,0.007326471559027465,0.010547944601472367,-0.026580575678606208
d08_e010_rolling_rearm,all_orders,0.08,10,True,True,150,500,all_orders,5.819602498642423,8.373928374359439,-20.895223723919717,1.618546845124283,1.618546845124283,1.6137667304015297,0.007197056948049663,0.010399501797686264,-0.026691258248595164
d08_e010_rolling_rearm,all_orders,0.08,10,True,True,150,1000,all_orders,11.650321387514307,16.8045550299617,-42.42801581975153,1.618546845124283,1.618546845124283,1.6137667304015297,0.007197056948049663,0.010399501797686264,-0.026691258248595164
d08_e010_rolling_rearm,all_orders,0.08,10,True,True,200,250,all_orders,0.9621348263097366,2.2182564171319172,-12.01775292091779,1.6089866156787762,1.6089866156787762,1.604206500956023,0.0023264715590274802,0.005547944601472386,-0.03158057567860623
d08_e010_rolling_rearm,all_orders,0.08,10,True,True,200,500,all_orders,1.863623480535344,4.41794935625236,-24.839508759235198,1.618546845124283,1.618546845124283,1.6137667304015297,0.0021970569480496806,0.005399501797686287,-0.031691258248595186
d08_e010_rolling_rearm,all_orders,0.08,10,True,True,200,1000,all_orders,3.6467294079540475,8.800963050401469,-50.40799198860427,1.618546845124283,1.618546845124283,1.6137667304015297,0.0021970569480496806,0.005399501797686287,-0.031691258248595186
d08_e010_rolling_rearm,pf2_posthoc,0.08,10,True,True,100,250,all_orders,4.252278616175899,5.079725560726567,-3.7547037964436,1.1204588910133844,1.1204588910133844,1.115678776290631,0.015497814704404735,0.01852867981792308,-0.014474689607259434
d08_e010_rolling_rearm,pf2_posthoc,0.08,10,True,True,100,500,all_orders,8.553381596405337,10.229474814378568,-7.930566693078405,1.1261950286806883,1.1261950286806883,1.121414913957935,0.015284567335349832,0.018299995105335826,-0.014704440480454337
d08_e010_rolling_rearm,pf2_posthoc,0.08,10,True,True,100,1000,all_orders,17.11837634168257,20.49553755583172,-16.219115957361392,1.1261950286806883,1.1261950286806883,1.121414913957935,0.015284567335349832,0.018299995105335826,-0.014704440480454337
d08_e010_rolling_rearm,pf2_posthoc,0.08,10,True,True,150,250,all_orders,2.9063022131739875,3.7337491577246555,-5.094855614359468,1.1204588910133844,1.1204588910133844,1.115678776290631,0.010497814704404687,0.013528679817923,-0.019474689607259472
d08_e010_rolling_rearm,pf2_posthoc,0.08,10,True,True,150,500,all_orders,5.79454361621413,7.470636834187358,-10.677710690478024,1.1261950286806883,1.1261950286806883,1.121414913957935,0.010284567335349788,0.013299995105335746,-0.019704440480454378
d08_e010_rolling_rearm,pf2_posthoc,0.08,10,True,True,150,1000,all_orders,11.546057711759047,14.923218925908184,-21.76781877657748,1.1261950286806883,1.1261950286806883,1.121414913957935,0.010284567335349788,0.013299995105335746,-0.019704440480454378
d08_e010_rolling_rearm,pf2_posthoc,0.08,10,True,True,200,250,all_orders,1.5603258101720734,2.387772754722744,-6.43500743227535,1.1204588910133844,1.1204588910133844,1.115678776290631,0.00549781470440469,0.00852867981792305,-0.024474689607259428
d08_e010_rolling_rearm,pf2_posthoc,0.08,10,True,True,200,500,all_orders,3.035705636022922,4.711798853996158,-13.424854687877657,1.1261950286806883,1.1261950286806883,1.121414913957935,0.00528456733534979,0.0082999951053358,-0.02470444048045433
d08_e010_rolling_rearm,pf2_posthoc,0.08,10,True,True,200,1000,all_orders,5.973739081835519,9.350900295984664,-27.316521595793517,1.1261950286806883,1.1261950286806883,1.121414913957935,0.00528456733534979,0.0082999951053358,-0.02470444048045433
d08_e010_rolling_rearm,pf2_preorder,0.08,10,True,True,100,250,pf2_preorder,5.334514669713183,6.337672933575515,-4.838337188413007,1.3107074569789674,1.3107074569789674,1.305927342256214,0.016804644109498376,0.019941040900162115,-0.01579704530886289
d08_e010_rolling_rearm,pf2_preorder,0.08,10,True,True,100,500,pf2_preorder,10.823305649942624,12.853296267533448,-10.147616444512439,1.3173996175908222,1.3173996175908222,1.312619502868069,0.01666030847847689,0.019780772919696037,-0.01599914755777139
d08_e010_rolling_rearm,pf2_preorder,0.08,10,True,True,100,1000,pf2_preorder,21.80998210076479,25.89937624034414,-20.634138343594664,1.3173996175908222,1.3173996175908222,1.312619502868069,0.01666030847847689,0.019780772919696037,-0.01599914755777139
d08_e010_rolling_rearm,pf2_preorder,0.08,10,True,True,150,250,pf2_preorder,3.762833769579341,4.765992033441671,-6.404193503460812,1.3107074569789674,1.3107074569789674,1.305927342256214,0.011804644109498314,0.014941040900162078,-0.020797045308862897
d08_e010_rolling_rearm,pf2_preorder,0.08,10,True,True,150,500,pf2_preorder,7.601583654455045,9.631574272045862,-13.357644457208423,1.3173996175908222,1.3173996175908222,1.312619502868069,0.011660308478476832,0.014780772919696003,-0.020999147557771394
d08_e010_rolling_rearm,pf2_preorder,0.08,10,True,True,150,1000,pf2_preorder,15.296281914435903,19.38567605401524,-27.124222719216114,1.3173996175908222,1.3173996175908222,1.312619502868069,0.011660308478476832,0.014780772919696003,-0.020999147557771394
d08_e010_rolling_rearm,pf2_preorder,0.08,10,True,True,200,250,pf2_preorder,2.191152869445494,3.19431113330783,-7.9700498185086195,1.3107074569789674,1.3107074569789674,1.305927342256214,0.006804644109498322,0.009941040900162105,-0.0257970453088629
d08_e010_rolling_rearm,pf2_preorder,0.08,10,True,True,200,500,pf2_preorder,4.379861658967471,6.409852276558294,-16.567672469904426,1.3173996175908222,1.3173996175908222,1.312619502868069,0.00666030847847684,0.00978077291969603,-0.02599914755777138
d08_e010_rolling_rearm,pf2_preorder,0.08,10,True,True,200,1000,pf2_preorder,8.782581728107019,12.871975867686368,-33.614307094837514,1.3173996175908222,1.3173996175908222,1.312619502868069,0.00666030847847684,0.00978077291969603,-0.02599914755777138
d08_e010_static_rearm,all_orders,0.08,10,False,True,100,250,all_orders,2.719543710439764,3.4539721999235136,-5.239765430286813,0.8957934990439771,0.8957934990439771,0.8938814531548758,0.012484688950464545,0.01587664292011793,-0.024482229014478267
d08_e010_static_rearm,all_orders,0.08,10,False,True,100,500,all_orders,5.480606978623314,6.977691032160601,-10.764732029407279,0.9005736137667304,0.9005736137667304,0.8986615678776291,0.012204134135389988,0.015578084103081303,-0.02456674821232456
d08_e010_static_rearm,all_orders,0.08,10,False,True,100,1000,all_orders,11.020399128795384,14.041858669904377,-21.75725718707458,0.9005736137667304,0.9005736137667304,0.8986615678776291,0.012204134135389988,0.015578084103081303,-0.02456674821232456
d08_e010_static_rearm,all_orders,0.08,10,False,True,150,250,all_orders,1.6432235050477941,2.3776519945315404,-6.313762283862339,0.8957934990439771,0.8957934990439771,0.8938814531548758,0.007484688950464524,0.010876642920117878,-0.02948222901447825
d08_e010_static_rearm,all_orders,0.08,10,False,True,150,500,all_orders,3.2783884560802923,4.775472509617575,-12.962281683881482,0.9005736137667304,0.9005736137667304,0.8986615678776291,0.007204134135389972,0.010578084103081259,-0.02956674821232455
d08_e010_static_rearm,all_orders,0.08,10,False,True,150,1000,all_orders,6.565709617667271,9.587169158776248,-26.202507463021067,0.9005736137667304,0.9005736137667304,0.8986615678776291,0.007204134135389972,0.010578084103081259,-0.02956674821232455
d08_e010_static_rearm,all_orders,0.08,10,False,True,200,250,all_orders,0.566903299655823,1.301331789139571,-7.387759137437869,0.8957934990439771,0.8957934990439771,0.8938814531548758,0.0024846889504645257,0.005876642920117895,-0.03448222901447828
d08_e010_static_rearm,all_orders,0.08,10,False,True,200,500,all_orders,1.076169933537268,2.573253987074551,-15.159831338355657,0.9005736137667304,0.9005736137667304,0.8986615678776291,0.002204134135389971,0.005578084103081275,-0.034566748212324576
d08_e010_static_rearm,all_orders,0.08,10,False,True,200,1000,all_orders,2.1110201065391645,5.132479647648146,-30.647757738967513,0.9005736137667304,0.9005736137667304,0.8986615678776291,0.002204134135389971,0.005578084103081275,-0.034566748212324576
d08_e010_static_rearm,pf2_posthoc,0.08,10,False,True,100,250,all_orders,2.9083791628298234,3.3469988951433995,-2.9117483105927358,0.6625239005736138,0.6625239005736138,0.6606118546845124,0.0180402554534845,0.020738040759965454,-0.01810572323711449
d08_e010_static_rearm,pf2_posthoc,0.08,10,False,True,100,500,all_orders,5.842544550133832,6.728704664856586,-5.961262136673045,0.6653919694072657,0.6653919694072657,0.6634799235181644,0.017756973492821675,0.0204431304143609,-0.018233570943958194
d08_e010_static_rearm,pf2_posthoc,0.08,10,False,True,100,1000,all_orders,11.794426482523876,13.573855277934962,-11.960562624933086,0.6653919694072657,0.6653919694072657,0.6634799235181644,0.017756973492821675,0.0204431304143609,-0.018233570943958194
d08_e010_static_rearm,pf2_posthoc,0.08,10,False,True,150,250,all_orders,2.109403758202671,2.5480234905162473,-3.70839499820268,0.6625239005736138,0.6625239005736138,0.6606118546845124,0.013040255453484452,0.015738040759965398,-0.023105723237114576
d08_e010_static_rearm,pf2_posthoc,0.08,10,False,True,150,500,all_orders,4.211465310478003,5.097625425200754,-7.58766177785852,0.6653919694072657,0.6653919694072657,0.6634799235181644,0.012756973492821634,0.015443130414360849,-0.023233570943958275
d08_e010_static_rearm,pf2_posthoc,0.08,10,False,True,150,1000,all_orders,8.501719883441663,10.281148678852746,-15.243828009866174,0.6653919694072657,0.6653919694072657,0.6634799235181644,0.012756973492821634,0.015443130414360849,-0.023233570943958275
d08_e010_static_rearm,pf2_posthoc,0.08,10,False,True,200,250,all_orders,1.3104283535755195,1.7490480858890942,-4.50504168581262,0.6625239005736138,0.6625239005736138,0.6606118546845124,0.008040255453484458,0.010738040759965413,-0.028105723237114452
d08_e010_static_rearm,pf2_posthoc,0.08,10,False,True,200,500,all_orders,2.5803860708221653,3.4665461855449173,-9.214061419043986,0.6653919694072657,0.6653919694072657,0.6634799235181644,0.007756973492821637,0.010443130414360863,-0.028233570943958144
d08_e010_static_rearm,pf2_posthoc,0.08,10,False,True,200,1000,all_orders,5.209013284359435,6.9884420797705245,-18.527093394799255,0.6653919694072657,0.6653919694072657,0.6634799235181644,0.007756973492821637,0.010443130414360863,-0.028233570943958144
d08_e010_static_rearm,pf2_preorder,0.08,10,False,True,100,250,pf2_preorder,3.5037759333843166,3.9863493941873744,-3.4164071232122413,0.7437858508604207,0.7437858508604207,0.7418738049713193,0.019485374387008595,0.02212871852470839,-0.01898334268029001
d08_e010_static_rearm,pf2_preorder,0.08,10,False,True,100,500,pf2_preorder,7.101519030057348,8.075586601759067,-6.983352972237104,0.7476099426386233,0.7476099426386233,0.745697896749522,0.019301194778223712,0.02193101797404269,-0.019110047680997624
d08_e010_static_rearm,pf2_preorder,0.08,10,False,True,100,1000,pf2_preorder,14.372531251166324,16.330216834340323,-14.057879615372856,0.7476099426386233,0.7476099426386233,0.745697896749522,0.019301194778223712,0.02193101797404269,-0.019110047680997624
d08_e010_static_rearm,pf2_preorder,0.08,10,False,True,150,250,pf2_preorder,2.6100439809560174,3.092617441759079,-4.307810358623333,0.7437858508604207,0.7437858508604207,0.7418738049713193,0.014485374387008535,0.017128718524708313,-0.023983342680290055
d08_e010_static_rearm,pf2_preorder,0.08,10,False,True,150,500,pf2_preorder,5.273245156558304,6.2473127282600265,-8.806947247265787,0.7476099426386233,0.7476099426386233,0.745697896749522,0.014301194778223655,0.01693101797404261,-0.024110047680997653
d08_e010_static_rearm,pf2_preorder,0.08,10,False,True,150,1000,pf2_preorder,10.676708049789648,12.634393632963643,-17.744261602600393,0.7476099426386233,0.7476099426386233,0.745697896749522,0.014301194778223655,0.01693101797404261,-0.024110047680997653
d08_e010_static_rearm,pf2_preorder,0.08,10,False,True,200,250,pf2_preorder,1.7163120285277167,2.1988854893307757,-5.199213594034421,0.7437858508604207,0.7437858508604207,0.7418738049713193,0.009485374387008543,0.012128718524708348,-0.028983342680289997
d08_e010_static_rearm,pf2_preorder,0.08,10,False,True,200,500,pf2_preorder,3.4449712830592576,4.419038854760976,-10.630541522294465,0.7476099426386233,0.7476099426386233,0.745697896749522,0.009301194778223667,0.011931017974042654,-0.029110047680997602
d08_e010_static_rearm,pf2_preorder,0.08,10,False,True,200,1000,pf2_preorder,6.980884848412968,8.938570431586966,-21.43064358982795,0.7476099426386233,0.7476099426386233,0.745697896749522,0.009301194778223667,0.011931017974042654,-0.029110047680997602
d08_e030_rolling_once,all_orders,0.08,30,True,False,100,250,all_orders,0.2543982869216002,0.9026606960994199,-5.988723454569789,0.780114722753346,0.780114722753346,0.780114722753346,0.0012142973547208608,0.004650998121984275,-0.0325156855553312
d08_e030_rolling_once,all_orders,0.08,30,True,False,100,500,all_orders,0.4985822128106967,1.8222241630975031,-12.33204216883367,0.7829827915869981,0.7829827915869981,0.7829827915869981,0.0011920566684227082,0.004616168788186989,-0.03241437319067678
d08_e030_rolling_once,all_orders,0.08,30,True,False,100,1000,all_orders,0.9778942798852546,3.6461338974760746,-25.017177786653935,0.7829827915869981,0.7829827915869981,0.7829827915869981,0.0011920566684227082,0.004616168788186989,-0.03241437319067678
d08_e030_rolling_once,all_orders,0.08,30,True,False,150,250,all_orders,-0.6847901332887253,-0.03652772411090489,-6.9279118747801185,0.780114722753346,0.780114722753346,0.780114722753346,-0.0037857026452791627,-0.000349001878015742,-0.03751568555533116
d08_e030_rolling_once,all_orders,0.08,30,True,False,150,500,all_orders,-1.4187879951242965,-0.09514604483748973,-14.249412376768646,0.7829827915869981,0.7829827915869981,0.7829827915869981,-0.0038079433315773153,-0.00038383121181303164,-0.03741437319067675
d08_e030_rolling_once,all_orders,0.08,30,True,False,150,1000,all_orders,-2.8999838968069116,-0.2317442792160886,-28.895055963346103,0.7829827915869981,0.7829827915869981,0.7829827915869981,-0.0038079433315773153,-0.00038383121181303164,-0.03741437319067675
d08_e030_rolling_once,all_orders,0.08,30,True,False,200,250,all_orders,-1.623978553499051,-0.9757161443212304,-7.867100294990452,0.780114722753346,0.780114722753346,0.780114722753346,-0.008785702645279189,-0.005349001878015753,-0.04251568555533124
d08_e030_rolling_once,all_orders,0.08,30,True,False,200,500,all_orders,-3.33615820305929,-2.0125162527724814,-16.166782584703643,0.7829827915869981,0.7829827915869981,0.7829827915869981,-0.008807943331577342,-0.00538383121181304,-0.04241437319067682
d08_e030_rolling_once,all_orders,0.08,30,True,False,200,1000,all_orders,-6.777862073499076,-4.109622455908254,-32.772934140038295,0.7829827915869981,0.7829827915869981,0.7829827915869981,-0.008807943331577342,-0.00538383121181304,-0.04241437319067682
d08_e030_rolling_once,pf2_posthoc,0.08,30,True,False,100,250,all_orders,1.6098366278011436,1.8733419432887148,-1.3797808192351853,0.41395793499043976,0.41395793499043976,0.41395793499043976,0.01596757807779618,0.018558199626144384,-0.014623263226303461
d08_e030_rolling_once,pf2_posthoc,0.08,30,True,False,100,500,all_orders,3.2555643326194956,3.7888087303250417,-2.901397636022948,0.41395793499043976,0.41395793499043976,0.41395793499043976,0.01596757807779618,0.018558199626144384,-0.014623263226303461
d08_e030_rolling_once,pf2_posthoc,0.08,30,True,False,100,1000,all_orders,6.573177122179711,7.642010774187364,-5.935197934799248,0.41395793499043976,0.41395793499043976,0.41395793499043976,0.01596757807779618,0.018558199626144384,-0.014623263226303461
d08_e030_rolling_once,pf2_posthoc,0.08,30,True,False,150,250,all_orders,1.1100452288910099,1.3735505443785805,-1.8795722181453183,0.41395793499043976,0.41395793499043976,0.41395793499043976,0.010967578077796135,0.013558199626144346,-0.0196232632263035
d08_e030_rolling_once,pf2_posthoc,0.08,30,True,False,150,500,all_orders,2.238377654952189,2.7716220526577344,-3.918584313690254,0.41395793499043976,0.41395793499043976,0.41395793499043976,0.010967578077796135,0.013558199626144346,-0.0196232632263035
d08_e030_rolling_once,pf2_posthoc,0.08,30,True,False,150,1000,all_orders,4.520933471797308,5.589767123804957,-7.9874415851816565,0.41395793499043976,0.41395793499043976,0.41395793499043976,0.010967578077796135,0.013558199626144346,-0.0196232632263035
d08_e030_rolling_once,pf2_posthoc,0.08,30,True,False,200,250,all_orders,0.6102538299808764,0.8737591454684476,-2.3793636170554513,0.41395793499043976,0.41395793499043976,0.41395793499043976,0.0059675780777961535,0.008558199626144378,-0.024623263226303448
d08_e030_rolling_once,pf2_posthoc,0.08,30,True,False,200,500,all_orders,1.221190977284886,1.7544353749904305,-4.935770991357557,0.41395793499043976,0.41395793499043976,0.41395793499043976,0.0059675780777961535,0.008558199626144378,-0.024623263226303448
d08_e030_rolling_once,pf2_posthoc,0.08,30,True,False,200,1000,all_orders,2.4686898214148973,3.537523473422542,-10.03968523556407,0.41395793499043976,0.41395793499043976,0.41395793499043976,0.0059675780777961535,0.008558199626144378,-0.024623263226303448
d08_e030_rolling_once,pf2_preorder,0.08,30,True,False,100,250,pf2_preorder,1.4976401706309692,1.892939252848941,-3.5856907069980917,0.6252390057361377,0.6252390057361377,0.6252390057361377,0.009896913557017153,0.012469709727739125,-0.024319910168062366
d08_e030_rolling_once,pf2_preorder,0.08,30,True,False,100,500,pf2_preorder,3.0979478695602185,3.897254561720831,-7.337443392007656,0.627151051625239,0.627151051625239,0.627151051625239,0.010101363581962623,0.012666315861920198,-0.024011140558589224
d08_e030_rolling_once,pf2_preorder,0.08,30,True,False,100,1000,pf2_preorder,6.295665898699781,7.899066013422532,-14.850966925391983,0.627151051625239,0.627151051625239,0.627151051625239,0.010101363581962623,0.012666315861920198,-0.024011140558589224
d08_e030_rolling_once,pf2_preorder,0.08,30,True,False,150,250,pf2_preorder,0.7440216138814479,1.1393206960994209,-4.339309263747616,0.6252390057361377,0.6252390057361377,0.6252390057361377,0.004896913557017145,0.007469709727739102,-0.029319910168062433
d08_e030_rolling_once,pf2_preorder,0.08,30,True,False,150,500,pf2_preorder,1.5598356066347887,2.3591422987953994,-8.875555654933095,0.627151051625239,0.627151051625239,0.627151051625239,0.00510136358196261,0.007666315861920173,-0.02901114055858929
d08_e030_rolling_once,pf2_preorder,0.08,30,True,False,150,1000,pf2_preorder,3.190977791453134,4.79437790617589,-17.955655032638642,0.627151051625239,0.627151051625239,0.627151051625239,0.00510136358196261,0.007666315861920173,-0.02901114055858929
d08_e030_rolling_once,pf2_preorder,0.08,30,True,False,200,250,pf2_preorder,-0.00959694286807458,0.38570213934989855,-5.092927820497141,0.6252390057361377,0.6252390057361377,0.6252390057361377,-0.00010308644298286854,0.0024697097277391103,-0.034319910168062406
d08_e030_rolling_once,pf2_preorder,0.08,30,True,False,200,500,pf2_preorder,0.02172334370935665,0.8210300358699689,-10.413667917858525,0.627151051625239,0.627151051625239,0.627151051625239,0.00010136358196259908,0.002666315861920183,-0.03401114055858926
d08_e030_rolling_once,pf2_preorder,0.08,30,True,False,200,1000,pf2_preorder,0.08628968420647608,1.689689798929229,-21.06034313988531,0.627151051625239,0.627151051625239,0.627151051625239,0.00010136358196259908,0.002666315861920183,-0.03401114055858926
d08_e030_rolling_rearm,all_orders,0.08,30,True,True,100,250,all_orders,3.3271725580496994,4.583294148871883,-9.722472607915876,1.7504780114722753,1.7504780114722753,1.7447418738049714,0.0077363986887940125,0.01069747959017839,-0.0235865755766095
d08_e030_rolling_rearm,all_orders,0.08,30,True,True,100,500,all_orders,6.7104723237858295,9.264798199502843,-20.1351039236329,1.760038240917782,1.760038240917782,1.754302103250478,0.007642320357624497,0.010587317169376154,-0.023677459597950826
d08_e030_rolling_rearm,all_orders,0.08,30,True,True,100,1000,all_orders,13.449381045506643,18.603614687954064,-40.892337976290634,1.760038240917782,1.760038240917782,1.754302103250478,0.007642320357624497,0.010587317169376154,-0.023677459597950826
d08_e030_rolling_rearm,all_orders,0.08,30,True,True,150,250,all_orders,1.2279738430018965,2.484095433824079,-11.814700651835578,1.7504780114722753,1.7504780114722753,1.7447418738049714,0.0027363986887940037,0.005697479590178354,-0.0285865755766095
d08_e030_rolling_rearm,all_orders,0.08,30,True,True,150,500,all_orders,2.4085059099617316,4.9628317856787465,-24.423016765755282,1.760038240917782,1.760038240917782,1.754302103250478,0.0026423203576244874,0.005587317169376114,-0.028677459597950827
d08_e030_rolling_rearm,all_orders,0.08,30,True,True,150,1000,all_orders,4.74620167954105,9.90043532198848,-49.567182353728555,1.760038240917782,1.760038240917782,1.754302103250478,0.0026423203576244874,0.005587317169376114,-0.028677459597950827
d08_e030_rolling_rearm,all_orders,0.08,30,True,True,200,250,all_orders,-0.8712248720459042,0.384896718776274,-13.906928695755267,1.7504780114722753,1.7504780114722753,1.7447418738049714,-0.002263601311206006,0.0006974795901783654,-0.03358657557660948
d08_e030_rolling_rearm,all_orders,0.08,30,True,True,200,500,all_orders,-1.8934605038623646,0.6608653718546519,-28.710929607877638,1.760038240917782,1.760038240917782,1.754302103250478,-0.0023576796423755227,0.0005873171693761269,-0.03367745959795081
d08_e030_rolling_rearm,all_orders,0.08,30,True,True,200,1000,all_orders,-3.9569776864245405,1.1972559560228784,-58.24202673116644,1.760038240917782,1.760038240917782,1.754302103250478,-0.0023576796423755227,0.0005873171693761269,-0.03367745959795081
d08_e030_rolling_rearm,pf2_posthoc,0.08,30,True,True,100,250,all_orders,3.7691369907074477,4.596583935258116,-4.321167563403449,1.2084130019120458,1.2084130019120458,1.2036328871892925,0.012668800730281348,0.01547906490199298,-0.015413205946074787
d08_e030_rolling_rearm,pf2_posthoc,0.08,30,True,True,100,500,all_orders,7.550226827915855,9.226320045889086,-9.104688459655842,1.21414913957935,1.21414913957935,1.2093690248565965,0.012484366622484552,0.015281353955589671,-0.015621796203959946
d08_e030_rolling_rearm,pf2_posthoc,0.08,30,True,True,100,1000,all_orders,15.096579152045852,18.473740366194995,-18.58450106286809,1.21414913957935,1.21414913957935,1.2093690248565965,0.012484366622484552,0.015281353955589671,-0.015621796203959946
d08_e030_rolling_rearm,pf2_posthoc,0.08,30,True,True,150,250,all_orders,2.317616392562131,3.145063337112802,-5.766863576462723,1.2084130019120458,1.2084130019120458,1.2036328871892925,0.007668800730281321,0.010479064901992914,-0.020413205946074816
d08_e030_rolling_rearm,pf2_posthoc,0.08,30,True,True,150,500,all_orders,4.575684094455044,6.251777312428276,-12.067537210325069,1.21414913957935,1.21414913957935,1.2093690248565965,0.007484366622484522,0.010281353955589606,-0.02062179620395998
d08_e030_rolling_rearm,pf2_posthoc,0.08,30,True,True,150,1000,all_orders,9.089108885238964,12.466270099388103,-24.568355518967525,1.21414913957935,1.21414913957935,1.2093690248565965,0.007484366622484522,0.010281353955589606,-0.02062179620395998
d08_e030_rolling_rearm,pf2_posthoc,0.08,30,True,True,200,250,all_orders,0.8660957944168151,1.693542738967485,-7.212559589522007,1.2084130019120458,1.2084130019120458,1.2036328871892925,0.002668800730281321,0.005479064901992918,-0.02541320594607479
d08_e030_rolling_rearm,pf2_posthoc,0.08,30,True,True,200,500,all_orders,1.6011413609942406,3.277234578967473,-15.030385960994284,1.21414913957935,1.21414913957935,1.2093690248565965,0.0024843666224845244,0.005281353955589611,-0.02562179620395994
d08_e030_rolling_rearm,pf2_posthoc,0.08,30,True,True,200,1000,all_orders,3.081638618432073,6.458799832581219,-30.552209975066955,1.21414913957935,1.21414913957935,1.2093690248565965,0.0024843666224845244,0.005281353955589611,-0.02562179620395994
d08_e030_rolling_rearm,pf2_preorder,0.08,30,True,True,100,250,pf2_preorder,4.088779380764807,5.091937644627139,-6.186134454416833,1.4311663479923518,1.4311663479923518,1.4254302103250478,0.01173579942030932,0.01460821090995529,-0.018437011777005168
d08_e030_rolling_rearm,pf2_preorder,0.08,30,True,True,100,500,pf2_preorder,8.271705948374734,10.301696565965562,-12.907156394646288,1.4378585086042066,1.4378585086042066,1.4321223709369024,0.011627147434456081,0.014486189987647575,-0.018609913394144268
d08_e030_rolling_rearm,pf2_preorder,0.08,30,True,True,100,1000,pf2_preorder,16.657599511510472,20.746993651089827,-26.204055349674974,1.4378585086042066,1.4378585086042066,1.4321223709369024,0.011627147434456081,0.014486189987647575,-0.018609913394144268
d08_e030_rolling_rearm,pf2_preorder,0.08,30,True,True,150,250,pf2_preorder,2.3723843179923385,3.375542581854675,-7.895558846061195,1.4311663479923518,1.4311663479923518,1.4254302103250478,0.0067357994203092976,0.009608210909955249,-0.023437011777005166
d08_e030_rolling_rearm,pf2_preorder,0.08,30,True,True,150,500,pf2_preorder,4.754525930019097,6.784516547609915,-16.41028284130021,1.4378585086042066,1.4378585086042066,1.4321223709369024,0.006627147434456055,0.009486189987647532,-0.02360991339414427
d08_e030_rolling_rearm,pf2_preorder,0.08,30,True,True,150,1000,pf2_preorder,9.547993783900527,13.637387923479878,-33.285326088757216,1.4378585086042066,1.4378585086042066,1.4321223709369024,0.006627147434456055,0.009486189987647532,-0.02360991339414427
d08_e030_rolling_rearm,pf2_preorder,0.08,30,True,True,200,250,pf2_preorder,0.6559892552198714,1.6591475190822045,-9.604983237705559,1.4311663479923518,1.4311663479923518,1.4254302103250478,0.0017357994203093033,0.004608210909955251,-0.02843701177700512
d08_e030_rolling_rearm,pf2_preorder,0.08,30,True,True,200,500,pf2_preorder,1.2373459116634533,3.2673365292542704,-19.913409287954135,1.4378585086042066,1.4378585086042066,1.4321223709369024,0.001627147434456059,0.004486189987647537,-0.028609913394144218
d08_e030_rolling_rearm,pf2_preorder,0.08,30,True,True,200,1000,pf2_preorder,2.438388056290576,6.527782195869921,-40.36659682783943,1.4378585086042066,1.4378585086042066,1.4321223709369024,0.001627147434456059,0.004486189987647537,-0.028609913394144218
d08_e030_static_once,all_orders,0.08,30,False,False,100,250,all_orders,0.06679111674951828,0.49648691024856145,-4.156259280573617,0.6309751434034416,0.6309751434034416,0.6309751434034416,0.00010642429348181515,0.0029390988652868402,-0.027644287803171845
d08_e030_static_once,all_orders,0.08,30,False,False,100,500,all_orders,0.09684475304014503,0.9764224968259966,-8.521231165889104,0.6328871892925431,0.6328871892925431,0.6328871892925431,1.7257282342838858e-05,0.002841373924927909,-0.02764961580495537
d08_e030_static_once,all_orders,0.08,30,False,False,100,1000,all_orders,0.06274002653918158,1.8404800647800967,-17.28916303235182,0.6328871892925431,0.6328871892925431,0.6328871892925431,1.7257282342838858e-05,0.002841373924927909,-0.02764961580495537
d08_e030_static_once,all_orders,0.08,30,False,False,150,250,all_orders,-0.6941043642638668,-0.2644085707648229,-4.917154761587002,0.6309751434034416,0.6309751434034416,0.6309751434034416,-0.004893575706518185,-0.002060901134713176,-0.03264428780317192
d08_e030_static_once,all_orders,0.08,30,False,False,150,500,all_orders,-1.4534506578202773,-0.5738729140344264,-10.071526576749537,0.6328871892925431,0.6328871892925431,0.6328871892925431,-0.004982742717657161,-0.002158626075072107,-0.03264961580495544
d08_e030_static_once,all_orders,0.08,30,False,False,150,1000,all_orders,-3.0722976225239202,-1.2945575842830006,-20.424200681414938,0.6328871892925431,0.6328871892925431,0.6328871892925431,-0.004982742717657161,-0.002158626075072107,-0.03264961580495544
d08_e030_static_once,all_orders,0.08,30,False,False,200,250,all_orders,-1.4549998452772503,-1.0253040517782082,-5.678050242600384,0.6309751434034416,0.6309751434034416,0.6309751434034416,-0.009893575706518193,-0.007060901134713193,-0.03764428780317189
d08_e030_static_once,all_orders,0.08,30,False,False,200,500,all_orders,-3.003746068680697,-2.124168324894849,-11.621821987609946,0.6328871892925431,0.6328871892925431,0.6328871892925431,-0.009982742717657169,-0.0071586260750721225,-0.03764961580495542
d08_e030_static_once,all_orders,0.08,30,False,False,200,1000,all_orders,-6.207335271587019,-4.429595233346103,-23.55923833047804,0.6328871892925431,0.6328871892925431,0.6328871892925431,-0.009982742717657169,-0.0071586260750721225,-0.03764961580495542
d08_e030_static_once,pf2_posthoc,0.08,30,False,False,100,250,all_orders,0.75933473969407,0.9363763458126166,-1.8204069386998105,0.3862332695984704,0.3862332695984704,0.3862332695984704,0.008094502629728927,0.009945557300413386,-0.0194131522070263
d08_e030_static_once,pf2_posthoc,0.08,30,False,False,100,500,all_orders,1.5505393559082172,1.9071006178585037,-3.700301266653923,0.3862332695984704,0.3862332695984704,0.3862332695984704,0.008094502629728927,0.009945557300413386,-0.0194131522070263
d08_e030_static_once,pf2_posthoc,0.08,30,False,False,100,1000,all_orders,3.1030556242447305,3.8161781481453043,-7.447885178432131,0.3862332695984704,0.3862332695984704,0.3862332695984704,0.008094502629728927,0.009945557300413386,-0.0194131522070263
d08_e030_static_once,pf2_posthoc,0.08,30,False,False,150,250,all_orders,0.29208477952198547,0.4691263856405328,-2.2876568988718957,0.3862332695984704,0.3862332695984704,0.3862332695984704,0.0030945026297289073,0.004945557300413374,-0.02441315220702634
d08_e030_static_once,pf2_posthoc,0.08,30,False,False,150,500,all_orders,0.6009130246845062,0.9574742866347933,-4.649927597877635,0.3862332695984704,0.3862332695984704,0.3862332695984704,0.0030945026297289073,0.004945557300413374,-0.02441315220702634
d08_e030_static_once,pf2_posthoc,0.08,30,False,False,150,1000,all_orders,1.187925028336509,1.9010475522370816,-9.363015774340363,0.3862332695984704,0.3862332695984704,0.3862332695984704,0.0030945026297289073,0.004945557300413374,-0.02441315220702634
d08_e030_static_once,pf2_posthoc,0.08,30,False,False,200,250,all_orders,-0.17516518065009873,0.0018764254684480476,-2.7549068590439796,0.3862332695984704,0.3862332695984704,0.3862332695984704,-0.00190549737027111,-5.444269958664664e-05,-0.02941315220702624
d08_e030_static_once,pf2_posthoc,0.08,30,False,False,200,500,all_orders,-0.3487133065392036,0.007847955411083131,-5.599553929101344,0.3862332695984704,0.3862332695984704,0.3862332695984704,-0.00190549737027111,-5.444269958664664e-05,-0.02941315220702624
d08_e030_static_once,pf2_posthoc,0.08,30,False,False,200,1000,all_orders,-0.7272055675717166,-0.01408304367114237,-11.278146370248571,0.3862332695984704,0.3862332695984704,0.3862332695984704,-0.00190549737027111,-5.444269958664664e-05,-0.02941315220702624
d08_e030_static_once,pf2_preorder,0.08,30,False,False,100,250,pf2_preorder,1.1621410936520047,1.4711853001529593,-2.5597544470745714,0.5019120458891013,0.5019120458891013,0.5019120458891013,0.009469009746545035,0.011961763369733421,-0.021131719071695497
d08_e030_static_once,pf2_preorder,0.08,30,False,False,100,500,pf2_preorder,2.3682175858126127,2.989583207227526,-5.203244967915871,0.502868068833652,0.502868068833652,0.502868068833652,0.009597313001283787,0.01208532754914292,-0.02094523952642777
d08_e030_static_once,pf2_preorder,0.08,30,False,False,100,1000,pf2_preorder,4.7876375878011315,6.033609863135741,-10.451237287533468,0.502868068833652,0.502868068833652,0.502868068833652,0.009597313001283787,0.01208532754914292,-0.02094523952642777
d08_e030_static_once,pf2_preorder,0.08,30,False,False,150,250,pf2_preorder,0.5558617942064973,0.864906000707453,-3.16603374652008,0.5019120458891013,0.5019120458891013,0.5019120458891013,0.00446900974654502,0.0069617633697334124,-0.026131719071695633
d08_e030_static_once,pf2_preorder,0.08,30,False,False,150,500,pf2_preorder,1.133851933594638,1.7552175550095512,-6.437610620133856,0.502868068833652,0.502868068833652,0.502868068833652,0.004597313001283774,0.007085327549142912,-0.025945239526427903
d08_e030_static_once,pf2_preorder,0.08,30,False,False,150,1000,pf2_preorder,2.2971260578011305,3.5430983331357373,-12.941748817533485,0.502868068833652,0.502868068833652,0.502868068833652,0.004597313001283774,0.007085327549142912,-0.025945239526427903
d08_e030_static_once,pf2_preorder,0.08,30,False,False,200,250,pf2_preorder,-0.05041750523901046,0.25862670126194603,-3.772313045965586,0.5019120458891013,0.5019120458891013,0.5019120458891013,-0.0005309902534549946,0.00196176336973341,-0.031131719071695395
d08_e030_static_once,pf2_preorder,0.08,30,False,False,200,500,pf2_preorder,-0.10051371862333633,0.520851902791578,-7.671976272351823,0.502868068833652,0.502868068833652,0.502868068833652,-0.0004026869987162395,0.00208532754914291,-0.030945239526427668
d08_e030_static_once,pf2_preorder,0.08,30,False,False,200,1000,pf2_preorder,-0.19338547219887145,1.0525868031357357,-15.432260347533473,0.502868068833652,0.502868068833652,0.502868068833652,-0.0004026869987162395,0.00208532754914291,-0.030945239526427668
d08_e030_static_rearm,all_orders,0.08,30,False,True,100,250,all_orders,1.1371048238240855,1.742637730133836,-5.370618001032511,0.9655831739961759,0.9655831739961759,0.9665391969407265,0.004651017194004771,0.007242493732963016,-0.02321717659112578
d08_e030_static_rearm,all_orders,0.08,30,False,True,100,500,all_orders,2.2582632330401413,3.489515202447405,-10.98301305835565,0.9694072657743786,0.9694072657743786,0.9703632887189293,0.0045420790679456735,0.0071233328197679874,-0.023216181994754746
d08_e030_static_rearm,all_orders,0.08,30,False,True,100,1000,all_orders,4.458371735831715,6.9467373381261694,-22.22993678692162,0.9694072657743786,0.9694072657743786,0.9703632887189293,0.0045420790679456735,0.0071233328197679874,-0.023216181994754746
d08_e030_static_rearm,all_orders,0.08,30,False,True,150,250,all_orders,-0.026002484340351753,0.5795304219693994,-6.534932831185475,0.9655831739961759,0.9655831739961759,0.9665391969407265,-0.00034898280599523265,0.002242493732963006,-0.02821717659112577
d08_e030_static_rearm,all_orders,0.08,30,False,True,150,500,all_orders,-0.11363724374762492,1.1176147256596394,-13.357327919464632,0.9694072657743786,0.9694072657743786,0.9703632887189293,-0.0004579209320543328,0.0021233328197679774,-0.028216181994754737
d08_e030_static_rearm,all_orders,0.08,30,False,True,150,1000,all_orders,-0.34028356336522914,2.1480820389292243,-27.03340449529637,0.9694072657743786,0.9694072657743786,0.9703632887189293,-0.0004579209320543328,0.0021233328197679774,-0.028216181994754737
d08_e030_static_rearm,all_orders,0.08,30,False,True,200,250,all_orders,-1.189109792504789,-0.583576886195037,-7.699247661338441,0.9655831739961759,0.9655831739961759,0.9665391969407265,-0.005348982805995256,-0.0027575062670370056,-0.03321717659112584
d08_e030_static_rearm,all_orders,0.08,30,False,True,200,500,all_orders,-2.48553772053539,-1.2542857511281247,-15.731642780573633,0.9694072657743786,0.9694072657743786,0.9703632887189293,-0.0054579209320543545,-0.002876667180232034,-0.0332161819947548
d08_e030_static_rearm,all_orders,0.08,30,False,True,200,1000,all_orders,-5.138938862562179,-2.650573260267722,-31.83687220367119,0.9694072657743786,0.9694072657743786,0.9703632887189293,-0.0054579209320543545,-0.002876667180232034,-0.0332161819947548
d08_e030_static_rearm,pf2_posthoc,0.08,30,False,True,100,250,all_orders,1.7826801637858467,2.1355588827151006,-2.6767109364053567,0.6988527724665392,0.6988527724665392,0.6998087954110899,0.010470909478279252,0.012516945283905852,-0.015726621855339285
d08_e030_static_rearm,pf2_posthoc,0.08,30,False,True,100,500,all_orders,3.612358616022935,4.320594103594636,-5.429265430630983,0.7007648183556405,0.7007648183556405,0.7017208413001912,0.010397259686713864,0.012437712857127295,-0.01572878838742402
d08_e030_static_rearm,pf2_posthoc,0.08,30,False,True,100,1000,all_orders,7.2842044807648,8.707952568718909,-10.904584672963683,0.7007648183556405,0.7007648183556405,0.7017208413001912,0.010397259686713864,0.012437712857127295,-0.01572878838742402
d08_e030_static_rearm,pf2_posthoc,0.08,30,False,True,150,250,all_orders,0.9394954586806832,1.2923741776099373,-3.5210977982982836,0.6988527724665392,0.6988527724665392,0.6998087954110899,0.005470909478279241,0.007516945283905836,-0.020726621855339366
d08_e030_static_rearm,pf2_posthoc,0.08,30,False,True,150,500,all_orders,1.8944638230783837,2.602699310650085,-7.149563877495234,0.7007648183556405,0.7007648183556405,0.7017208413001912,0.005397259686713855,0.007437712857127279,-0.020728788387424098
d08_e030_static_rearm,pf2_posthoc,0.08,30,False,True,150,1000,all_orders,3.8139396266921395,5.237687714646249,-14.379659957246684,0.7007648183556405,0.7007648183556405,0.7017208413001912,0.005397259686713855,0.007437712857127279,-0.020728788387424098
d08_e030_static_rearm,pf2_posthoc,0.08,30,False,True,200,250,all_orders,0.09631075357551933,0.44918947250477387,-4.365484660191209,0.6988527724665392,0.6988527724665392,0.6998087954110899,0.0004709094782792344,0.0025169452839058316,-0.02572662185533925
d08_e030_static_rearm,pf2_posthoc,0.08,30,False,True,200,500,all_orders,0.17656903013383102,0.8848045177055323,-8.869862324359477,0.7007648183556405,0.7007648183556405,0.7017208413001912,0.00039725968671384856,0.002437712857127276,-0.02572878838742397
d08_e030_static_rearm,pf2_posthoc,0.08,30,False,True,200,1000,all_orders,0.34367477261947776,1.7674228605735873,-17.85473524152966,0.7007648183556405,0.7007648183556405,0.7017208413001912,0.00039725968671384856,0.002437712857127276,-0.02572878838742397
d08_e030_static_rearm,pf2_preorder,0.08,30,False,True,100,250,pf2_preorder,1.820696825353723,2.261483001261945,-3.436412523403447,0.765774378585086,0.765774378585086,0.7676864244741873,0.009733722363274602,0.012067761336297453,-0.01849570976600031
d08_e030_static_rearm,pf2_preorder,0.08,30,False,True,100,500,pf2_preorder,3.6881851571319193,4.573034717361365,-7.00850590290632,0.768642447418738,0.768642447418738,0.7705544933078394,0.009752020716991563,0.012077350589368806,-0.018507218627011598
d08_e030_static_rearm,pf2_preorder,0.08,30,False,True,100,1000,pf2_preorder,7.467905811548736,9.248123077323111,-14.09419338042067,0.768642447418738,0.768642447418738,0.7705544933078394,0.009752020716991563,0.012077350589368806,-0.018507218627011598
d08_e030_static_rearm,pf2_preorder,0.08,30,False,True,150,250,pf2_preorder,0.8971659959655772,1.3379521718737988,-4.362322071720848,0.765774378585086,0.765774378585086,0.7676864244741873,0.0047337223632746,0.007067761336297441,-0.02349570976600032
d08_e030_static_rearm,pf2_preorder,0.08,30,False,True,150,500,pf2_preorder,1.8051993326386113,2.6900488928680573,-8.89624850560231,0.768642447418738,0.768642447418738,0.7705544933078394,0.004752020716991561,0.007077350589368796,-0.023507218627011606
d08_e030_static_rearm,pf2_preorder,0.08,30,False,True,150,1000,pf2_preorder,3.663197033957911,5.443414299732289,-17.90846408917784,0.768642447418738,0.768642447418738,0.7705544933078394,0.004752020716991561,0.007077350589368796,-0.023507218627011606
d08_e030_static_rearm,pf2_preorder,0.08,30,False,True,200,250,pf2_preorder,-0.026364833422569334,0.41442134248565277,-5.288231620038249,0.765774378585086,0.765774378585086,0.7676864244741873,-0.000266277636725412,0.0020677613362974395,-0.02849570976600028
d08_e030_static_rearm,pf2_preorder,0.08,30,False,True,200,500,pf2_preorder,-0.07778649185469756,0.8070630683747466,-10.783991108298288,0.768642447418738,0.768642447418738,0.7705544933078394,-0.00024797928300844866,0.0020773505893687937,-0.02850721862701157
d08_e030_static_rearm,pf2_preorder,0.08,30,False,True,200,1000,pf2_preorder,-0.14151174363291322,1.638705522141462,-21.722734797935033,0.768642447418738,0.768642447418738,0.7705544933078394,-0.00024797928300844866,0.0020773505893687937,-0.02850721862701157
d08_e060_rolling_rearm,all_orders,0.08,60,True,True,100,250,all_orders,3.2397998122370812,4.495921403059263,-9.809845353728493,1.7657743785850861,1.7657743785850861,1.760038240917782,0.007454757800565856,0.010390187757487785,-0.02359690861968987
d08_e060_rolling_rearm,all_orders,0.08,60,True,True,100,500,all_orders,6.530028017782002,9.08435389349902,-20.315548229636732,1.7753346080305927,1.7753346080305927,1.7695984703632888,0.007363006697280558,0.010282629276943886,-0.023686951217599395
d08_e060_rolling_rearm,all_orders,0.08,60,True,True,100,1000,all_orders,13.083415417323089,18.237649059770508,-41.258303604474186,1.7753346080305927,1.7753346080305927,1.7695984703632888,0.007363006697280558,0.010282629276943886,-0.023686951217599395
d08_e060_rolling_rearm,all_orders,0.08,60,True,True,150,250,all_orders,1.122929682217958,2.379051273040138,-11.919744812619518,1.7657743785850861,1.7657743785850861,1.760038240917782,0.002454757800565849,0.005390187757487752,-0.028596908619689866
d08_e060_rolling_rearm,all_orders,0.08,60,True,True,150,500,all_orders,2.191479301816415,4.745805177533432,-24.640043373900603,1.7753346080305927,1.7753346080305927,1.7695984703632888,0.002363006697280552,0.005282629276943855,-0.028686951217599392
d08_e060_rolling_rearm,all_orders,0.08,60,True,True,150,1000,all_orders,4.305891300363227,9.460124942810664,-50.007492732906364,1.7753346080305927,1.7753346080305927,1.7695984703632888,0.002363006697280552,0.005282629276943855,-0.028686951217599392
d08_e060_rolling_rearm,all_orders,0.08,60,True,True,200,250,all_orders,-0.9939404478011629,0.26218114302101586,-14.029644271510529,1.7657743785850861,1.7657743785850861,1.760038240917782,-0.002545242199434164,0.00039018775748775813,-0.033596908619689836
d08_e060_rolling_rearm,all_orders,0.08,60,True,True,200,500,all_orders,-2.147069414149173,0.40725646156784534,-28.96453851816444,1.7753346080305927,1.7753346080305927,1.7695984703632888,-0.002636993302719462,0.00028262927694386113,-0.03368695121759936
d08_e060_rolling_rearm,all_orders,0.08,60,True,True,200,1000,all_orders,-4.4716328165966255,0.682600825850794,-58.756681861338514,1.7753346080305927,1.7753346080305927,1.7695984703632888,-0.002636993302719462,0.00028262927694386113,-0.03368695121759936
d08_e060_rolling_rearm,pf2_posthoc,0.08,60,True,True,100,250,all_orders,3.726503325047793,4.553950269598461,-4.363801229063106,1.2189292543021033,1.2189292543021033,1.21414913957935,0.012410162191214718,0.015196180946542957,-0.015429632768019693
d08_e060_rolling_rearm,pf2_posthoc,0.08,60,True,True,100,500,all_orders,7.462417067418724,9.138510285391957,-9.192498220152974,1.2246653919694073,1.2246653919694073,1.219885277246654,0.012228523248460984,0.015001492735614382,-0.015636347591917073
d08_e060_rolling_rearm,pf2_posthoc,0.08,60,True,True,100,1000,all_orders,14.917451076558281,18.29461229070742,-18.76362913835566,1.2246653919694073,1.2246653919694073,1.219885277246654,0.012228523248460984,0.015001492735614382,-0.015636347591917073
d08_e060_rolling_rearm,pf2_posthoc,0.08,60,True,True,150,250,all_orders,2.262628182791576,3.0900751273422475,-5.821851786233277,1.2189292543021033,1.2189292543021033,1.21414913957935,0.00741016219121469,0.01019618094654289,-0.02042963276801972
d08_e060_rolling_rearm,pf2_posthoc,0.08,60,True,True,150,500,all_orders,4.462466713747588,6.138559931720819,-12.18075459103252,1.2246653919694073,1.2246653919694073,1.219885277246654,0.007228523248460958,0.010001492735614318,-0.020636347591917098
d08_e060_rolling_rearm,pf2_posthoc,0.08,60,True,True,150,1000,all_orders,8.858386339885236,12.235547554034376,-24.799078064321254,1.2246653919694073,1.2246653919694073,1.219885277246654,0.007228523248460958,0.010001492735614318,-0.020636347591917098
d08_e060_rolling_rearm,pf2_posthoc,0.08,60,True,True,200,250,all_orders,0.7987530405353617,1.6261999850860318,-7.279902343403461,1.2189292543021033,1.2189292543021033,1.21414913957935,0.0024101621912146916,0.0051961809465428934,-0.025429632768019697
d08_e060_rolling_rearm,pf2_posthoc,0.08,60,True,True,200,500,all_orders,1.4625163600764586,3.1386095780496897,-15.169010961912067,1.2246653919694073,1.2246653919694073,1.219885277246654,0.002228523248460956,0.005001492735614321,-0.025636347591917075
d08_e060_rolling_rearm,pf2_posthoc,0.08,60,True,True,200,1000,all_orders,2.799321603212189,6.176482817361329,-30.83452699028684,1.2246653919694073,1.2246653919694073,1.219885277246654,0.002228523248460956,0.005001492735614321,-0.025636347591917075
d08_e060_rolling_rearm,pf2_preorder,0.08,60,True,True,100,250,pf2_preorder,4.045723114722741,5.048881378585074,-6.229190720458898,1.44263862332696,1.44263862332696,1.4369024856596557,0.011514150570480969,0.014363719821640692,-0.01841864476437922
d08_e060_rolling_rearm,pf2_preorder,0.08,60,True,True,100,500,pf2_preorder,8.182628386730373,10.212619004321203,-12.99623395629065,1.4493307839388145,1.4493307839388145,1.4435946462715106,0.011407382071289366,0.01424379368078805,-0.018590257474023427
d08_e060_rolling_rearm,pf2_preorder,0.08,60,True,True,100,1000,pf2_preorder,16.475513233346042,20.564907372925397,-26.386141627839407,1.4493307839388145,1.4493307839388145,1.4435946462715106,0.011407382071289366,0.01424379368078805,-0.018590257474023427
d08_e060_rolling_rearm,pf2_preorder,0.08,60,True,True,150,250,pf2_preorder,2.316319569024844,3.319477832887179,-7.95162359502869,1.44263862332696,1.44263862332696,1.4369024856596557,0.006514150570480953,0.009363719821640649,-0.023418644764379222
d08_e060_rolling_rearm,pf2_preorder,0.08,60,True,True,150,500,pf2_preorder,4.638078931720819,6.668069549311635,-16.52672983959848,1.4493307839388145,1.4493307839388145,1.4435946462715106,0.006407382071289342,0.009243793680788011,-0.02359025747402344
d08_e060_rolling_rearm,pf2_preorder,0.08,60,True,True,150,1000,pf2_preorder,9.309735464168213,13.399129603747562,-33.52358440848953,1.4493307839388145,1.4493307839388145,1.4435946462715106,0.006407382071289342,0.009243793680788011,-0.02359025747402344
d08_e060_rolling_rearm,pf2_preorder,0.08,60,True,True,200,250,pf2_preorder,0.5869160233269461,1.5900742871892797,-9.674056469598485,1.44263862332696,1.44263862332696,1.4369024856596557,0.0015141505704809534,0.0043637198216406525,-0.028418644764379174
d08_e060_rolling_rearm,pf2_preorder,0.08,60,True,True,200,500,pf2_preorder,1.093529476711254,3.123520094302074,-20.057225722906328,1.4493307839388145,1.4493307839388145,1.4435946462715106,0.0014073820712893438,0.004243793680788015,-0.02859025747402338
d08_e060_rolling_rearm,pf2_preorder,0.08,60,True,True,200,1000,pf2_preorder,2.1439576949903842,6.2333518345697305,-40.66102718913962,1.4493307839388145,1.4493307839388145,1.4435946462715106,0.0014073820712893438,0.004243793680788015,-0.02859025747402338
d08_e060_static_rearm,all_orders,0.08,60,False,True,100,250,all_orders,0.3487958958317331,0.9536233719311599,-5.3482231584703674,0.9512428298279159,0.9512428298279159,0.9521988527724665,0.0010876966643758924,0.003718240688846066,-0.023564983805402173
d08_e060_static_rearm,all_orders,0.08,60,False,True,100,500,all_orders,0.6267999926959714,1.8581325357170038,-10.943386577858526,0.9560229445506692,0.9560229445506692,0.9569789674952199,0.0010673555117452344,0.0036847468160930586,-0.023462164375114232
d08_e060_static_rearm,all_orders,0.08,60,False,True,100,1000,all_orders,1.124878904550643,3.6129008357169887,-22.14068812680688,0.9560229445506692,0.9560229445506692,0.9569789674952199,0.0010673555117452344,0.0036847468160930586,-0.023462164375114232
d08_e060_static_rearm,all_orders,0.08,60,False,True,150,250,all_orders,-0.7964655711663555,-0.19163809506692944,-6.494681065239008,0.9512428298279159,0.9512428298279159,0.9521988527724665,-0.0039123033356241125,-0.0012817593111539287,-0.028564983805402174
d08_e060_static_rearm,all_orders,0.08,60,False,True,150,500,all_orders,-1.713080062198867,-0.4817475191778359,-13.28565885263863,0.9560229445506692,0.9560229445506692,0.9569789674952199,-0.003932644488254767,-0.001315253183906934,-0.02846216437511423
d08_e060_static_rearm,all_orders,0.08,60,False,True,150,1000,all_orders,-3.6067991219503144,-1.1187771907839676,-26.877189996520066,0.9560229445506692,0.9560229445506692,0.9569789674952199,-0.003932644488254767,-0.001315253183906934,-0.02846216437511423
d08_e060_static_rearm,all_orders,0.08,60,False,True,200,250,all_orders,-1.9417270381644423,-1.3368995620650186,-7.641138972007661,0.9512428298279159,0.9512428298279159,0.9521988527724665,-0.008912303335624101,-0.006281759311153956,-0.03356498380540219
d08_e060_static_rearm,all_orders,0.08,60,False,True,200,500,all_orders,-4.052960117093702,-2.8216275740726733,-15.627931127418748,0.9560229445506692,0.9560229445506692,0.9569789674952199,-0.00893264448825476,-0.006315253183906965,-0.03346216437511424
d08_e060_static_rearm,all_orders,0.08,60,False,True,200,1000,all_orders,-8.338477148451268,-5.850455217284925,-31.613691866233314,0.9560229445506692,0.9560229445506692,0.9569789674952199,-0.00893264448825476,-0.006315253183906965,-0.03346216437511424
d08_e060_static_rearm,pf2_posthoc,0.08,60,False,True,100,250,all_orders,1.3619394459655787,1.7141127346845078,-2.6281801972466554,0.6663479923518164,0.6663479923518164,0.6673040152963671,0.008170710257419115,0.01031655268771042,-0.016387604403518226
d08_e060_static_rearm,pf2_posthoc,0.08,60,False,True,100,500,all_orders,2.7348234928871786,3.4431395540726477,-5.349115804244745,0.6692160611854685,0.6692160611854685,0.6701720841300192,0.008198425846999119,0.010335071809732033,-0.016254828573719626
d08_e060_static_rearm,pf2_posthoc,0.08,60,False,True,100,1000,all_orders,5.502678492810685,6.92608290963669,-10.746174676214157,0.6692160611854685,0.6692160611854685,0.6701720841300192,0.008198425846999119,0.010335071809732033,-0.016254828573719626
d08_e060_static_rearm,pf2_posthoc,0.08,60,False,True,150,250,all_orders,0.5580395513575472,0.9102128400764762,-3.4332711664244786,0.6663479923518164,0.6663479923518164,0.6673040152963671,0.003170710257419112,0.005316552687710424,-0.021387604403518296
d08_e060_static_rearm,pf2_posthoc,0.08,60,False,True,150,500,all_orders,1.0941731708795306,1.8024892320649986,-6.992147615736155,0.6692160611854685,0.6692160611854685,0.6701720841300192,0.003198425846999115,0.005335071809732035,-0.021254828573719704
d08_e060_static_rearm,pf2_posthoc,0.08,60,False,True,150,1000,all_orders,2.1903982661758863,3.6138026830018894,-14.063276767093715,0.6692160611854685,0.6692160611854685,0.6701720841300192,0.003198425846999115,0.005335071809732035,-0.021254828573719704
d08_e060_static_rearm,pf2_posthoc,0.08,60,False,True,200,250,all_orders,-0.24586034325048406,0.10631294546844472,-4.2383621356023005,0.6663479923518164,0.6663479923518164,0.6673040152963671,-0.001829289742580905,0.0003165526877104039,-0.026387604403518197
d08_e060_static_rearm,pf2_posthoc,0.08,60,False,True,200,500,all_orders,-0.5464771511281205,0.16183891005734868,-8.63517942722754,0.6692160611854685,0.6692160611854685,0.6701720841300192,-0.0018015741530009004,0.00033507180973201824,-0.0262548285737196
d08_e060_static_rearm,pf2_posthoc,0.08,60,False,True,200,1000,all_orders,-1.121881960458914,0.3015224563670885,-17.380378857973238,0.6692160611854685,0.6692160611854685,0.6701720841300192,-0.0018015741530009004,0.00033507180973201824,-0.0262548285737196
d08_e060_static_rearm,pf2_preorder,0.08,60,False,True,100,250,pf2_preorder,1.407364631434029,1.847445377131926,-3.4437412144550748,0.7466539196940727,0.7466539196940727,0.7476099426386233,0.007477908706564028,0.009871718203864026,-0.019234785580762397
d08_e060_static_rearm,pf2_preorder,0.08,60,False,True,100,500,pf2_preorder,2.846423177399606,3.731353311242818,-6.990908066195036,0.748565965583174,0.748565965583174,0.7495219885277247,0.007655376428230861,0.010043071469599063,-0.018989399592701444
d08_e060_static_rearm,pf2_preorder,0.08,60,False,True,100,1000,pf2_preorder,5.732369311166328,7.512242905812597,-14.062241238355655,0.748565965583174,0.748565965583174,0.7495219885277247,0.007655376428230861,0.010043071469599063,-0.018989399592701444
d08_e060_static_rearm,pf2_preorder,0.08,60,False,True,150,250,pf2_preorder,0.5068406373996112,0.9469213830975078,-4.345446784015303,0.7466539196940727,0.7466539196940727,0.7476099426386233,0.0024779087065640174,0.004871718203864029,-0.0242347855807624
d08_e060_static_rearm,pf2_preorder,0.08,60,False,True,150,500,pf2_preorder,1.0110896192542904,1.8960197530975016,-8.828604115736153,0.748565965583174,0.748565965583174,0.7495219885277247,0.0026553764282308554,0.005043071469599064,-0.023989399592701452
d08_e060_static_rearm,pf2_preorder,0.08,60,False,True,150,1000,pf2_preorder,2.026951052026743,3.806824646673015,-17.772488617954128,0.748565965583174,0.748565965583174,0.7495219885277247,0.0026553764282308554,0.005043071469599064,-0.023989399592701452
d08_e060_static_rearm,pf2_preorder,0.08,60,False,True,200,250,pf2_preorder,-0.3936833566348055,0.04639738906308961,-5.247152353575532,0.7466539196940727,0.7466539196940727,0.7476099426386233,-0.002522091293436002,-0.0001282817961359935,-0.02923478558076237
d08_e060_static_rearm,pf2_preorder,0.08,60,False,True,200,500,pf2_preorder,-0.8242439388910268,0.06068619495218344,-10.666300165277251,0.748565965583174,0.748565965583174,0.7495219885277247,-0.002344623571769167,4.3071469599043375e-05,-0.02898939959270142
d08_e060_static_rearm,pf2_preorder,0.08,60,False,True,200,1000,pf2_preorder,-1.6784672071128377,0.10140638753343496,-21.482735997552606,0.748565965583174,0.748565965583174,0.7495219885277247,-0.002344623571769167,4.3071469599043375e-05,-0.02898939959270142
d08_e120_rolling_once,all_orders,0.08,120,True,False,100,250,all_orders,0.2701615759846976,0.9184239851625173,-5.972960165506693,0.7944550669216062,0.7944550669216062,0.7944550669216062,0.0012557462690734923,0.004630412726458508,-0.03186539218411843
d08_e120_rolling_once,all_orders,0.08,120,True,False,100,500,all_orders,0.5287279324282861,1.8523698827150947,-12.301896449216079,0.7973231357552581,0.7973231357552581,0.7973231357552581,0.0012337564983046134,0.004596283867713426,-0.03176824116908446
d08_e120_rolling_once,all_orders,0.08,120,True,False,100,1000,all_orders,1.0367928788527492,3.7050324964435712,-24.95827918768644,0.7973231357552581,0.7973231357552581,0.7973231357552581,0.0012337564983046134,0.004596283867713426,-0.03176824116908446
d08_e120_rolling_once,all_orders,0.08,120,True,False,150,250,all_orders,-0.6860035343021098,-0.03774112512428944,-6.929125275793502,0.7944550669216062,0.7944550669216062,0.7944550669216062,-0.0037442537309265284,-0.0003695872735415109,-0.03686539218411838
d08_e120_rolling_once,all_orders,0.08,120,True,False,150,500,all_orders,-1.423204803843226,-0.09956285355641843,-14.253829185487573,0.7973231357552581,0.7973231357552581,0.7973231357552581,-0.0037662435016954073,-0.0004037161322865975,-0.03676824116908441
d08_e120_rolling_once,all_orders,0.08,120,True,False,150,1000,all_orders,-2.9109202105927614,-0.24268059300194028,-28.905992277131947,0.7973231357552581,0.7973231357552581,0.7973231357552581,-0.0037662435016954073,-0.0004037161322865975,-0.03676824116908441
d08_e120_rolling_once,all_orders,0.08,120,True,False,200,250,all_orders,-1.6421686445889174,-0.9939062354110969,-7.885290386080319,0.7944550669216062,0.7944550669216062,0.7944550669216062,-0.008744253730926554,-0.0053695872735415205,-0.04186539218411846
d08_e120_rolling_once,all_orders,0.08,120,True,False,200,500,all_orders,-3.375137540114738,-2.0514955898279306,-16.20576192175909,0.7973231357552581,0.7973231357552581,0.7973231357552581,-0.008766243501695435,-0.0054037161322866055,-0.04176824116908449
d08_e120_rolling_once,all_orders,0.08,120,True,False,200,1000,all_orders,-6.858633300038272,-4.190393682447449,-32.85370536657749,0.7973231357552581,0.7973231357552581,0.7973231357552581,-0.008766243501695435,-0.0054037161322866055,-0.04176824116908449
d08_e120_rolling_once,pf2_posthoc,0.08,120,True,False,100,250,all_orders,1.66086649223709,1.9243718077246612,-1.3287509547992389,0.4187380497131931,0.4187380497131931,0.4187380497131931,0.016282713218211165,0.01884376146121293,-0.01395891756871839
d08_e120_rolling_once,pf2_posthoc,0.08,120,True,False,100,500,all_orders,3.3593995881835492,3.8926439858890944,-2.797562380458895,0.4187380497131931,0.4187380497131931,0.4187380497131931,0.016282713218211165,0.01884376146121293,-0.01395891756871839
d08_e120_rolling_once,pf2_posthoc,0.08,120,True,False,100,1000,all_orders,6.780923713613746,7.8497573656213975,-5.727451343365213,0.4187380497131931,0.4187380497131931,0.4187380497131931,0.016282713218211165,0.01884376146121293,-0.01395891756871839
d08_e120_rolling_once,pf2_posthoc,0.08,120,True,False,150,250,all_orders,1.1552545475334572,1.4187598630210283,-1.8343628995028711,0.4187380497131931,0.4187380497131931,0.4187380497131931,0.011282713218211126,0.013843761461212889,-0.018958917568718425
d08_e120_rolling_once,pf2_posthoc,0.08,120,True,False,150,500,all_orders,2.3305036109560135,2.8637480086615588,-3.8264583576864304,0.4187380497131931,0.4187380497131931,0.4187380497131931,0.011282713218211126,0.013843761461212889,-0.018958917568718425
d08_e120_rolling_once,pf2_posthoc,0.08,120,True,False,150,1000,all_orders,4.705233538680673,5.774067190688321,-7.803141518298292,0.4187380497131931,0.4187380497131931,0.4187380497131931,0.011282713218211126,0.013843761461212889,-0.018958917568718425
d08_e120_rolling_once,pf2_posthoc,0.08,120,True,False,200,250,all_orders,0.6496426028298248,0.913147918317396,-2.339974844206503,0.4187380497131931,0.4187380497131931,0.4187380497131931,0.0062827132182111415,0.008843761461212926,-0.023958917568718367
d08_e120_rolling_once,pf2_posthoc,0.08,120,True,False,200,500,all_orders,1.3016076337284805,1.8348520314340253,-4.855354334913963,0.4187380497131931,0.4187380497131931,0.4187380497131931,0.0062827132182111415,0.008843761461212926,-0.023958917568718367
d08_e120_rolling_once,pf2_posthoc,0.08,120,True,False,200,1000,all_orders,2.6295433637475933,3.6983770157552387,-9.878831693231376,0.4187380497131931,0.4187380497131931,0.4187380497131931,0.0062827132182111415,0.008843761461212926,-0.023958917568718367
d08_e120_rolling_once,pf2_preorder,0.08,120,True,False,100,250,pf2_preorder,1.5514691937667244,1.9467682759846967,-3.5318616838623362,0.6328871892925431,0.6328871892925431,0.6328871892925431,0.010118989096125694,0.012660694074452238,-0.023684338269738366
d08_e120_rolling_once,pf2_preorder,0.08,120,True,False,100,500,pf2_preorder,3.2069588421414816,4.006265534302092,-7.228432419426396,0.6347992351816444,0.6347992351816444,0.6347992351816444,0.010320306965532336,0.012854356205972358,-0.02338120314922973
d08_e120_rolling_once,pf2_preorder,0.08,120,True,False,100,1000,pf2_preorder,6.511874593384295,8.115274708107043,-14.634758230707469,0.6347992351816444,0.6347992351816444,0.6347992351816444,0.010320306965532336,0.012854356205972358,-0.02338120314922973
d08_e120_rolling_once,pf2_preorder,0.08,120,True,False,150,250,pf2_preorder,0.789062079751429,1.184361161969402,-4.294268797877634,0.6328871892925431,0.6328871892925431,0.6328871892925431,0.005118989096125686,0.007660694074452215,-0.028684338269738423
d08_e120_rolling_once,pf2_preorder,0.08,120,True,False,150,500,pf2_preorder,1.6505473178967387,2.4498540100573494,-8.784843943671143,0.6347992351816444,0.6347992351816444,0.6347992351816444,0.005320306965532329,0.007854356205972326,-0.028381203149229785
d08_e120_rolling_once,pf2_preorder,0.08,120,True,False,150,1000,pf2_preorder,3.3696818162714894,4.973081930994246,-17.776951007820287,0.6347992351816444,0.6347992351816444,0.6347992351816444,0.005320306965532329,0.007854356205972326,-0.028381203149229785
d08_e120_rolling_once,pf2_preorder,0.08,120,True,False,200,250,pf2_preorder,0.026654965736131846,0.4219540479541051,-5.056675911892935,0.6328871892925431,0.6328871892925431,0.6328871892925431,0.00011898909612567531,0.0026606940744522234,-0.0336843382697384
d08_e120_rolling_once,pf2_preorder,0.08,120,True,False,200,500,pf2_preorder,0.09413579365199548,0.8934424858126073,-10.34125546791589,0.6347992351816444,0.6347992351816444,0.6347992351816444,0.0003203069655323169,0.0028543562059723383,-0.03338120314922975
d08_e120_rolling_once,pf2_preorder,0.08,120,True,False,200,1000,pf2_preorder,0.22748903915867494,1.830889153881428,-20.91914378493311,0.6347992351816444,0.6347992351816444,0.6347992351816444,0.0003203069655323169,0.0028543562059723383,-0.03338120314922975
d08_e120_rolling_rearm,all_orders,0.08,120,True,True,100,250,all_orders,3.2414686650095486,4.49759025583173,-9.808176500956026,1.7734225621414914,1.7734225621414914,1.7676864244741874,0.007426866258256626,0.010349636678976194,-0.023490540571891906
d08_e120_rolling_rearm,all_orders,0.08,120,True,True,100,500,all_orders,6.585765731357528,9.140091607074547,-20.2598105160612,1.7820267686424474,1.7820267686424474,1.7762906309751434,0.007398606592420013,0.010307264924198338,-0.023534255894701595
d08_e120_rolling_rearm,all_orders,0.08,120,True,True,100,1000,all_orders,13.194990385583127,18.34922402803054,-41.146728636214156,1.7820267686424474,1.7820267686424474,1.7762906309751434,0.007398606592420013,0.010307264924198338,-0.023534255894701595
d08_e120_rolling_rearm,all_orders,0.08,120,True,True,150,250,all_orders,1.1151977797322978,2.3713193705544793,-11.927476715105177,1.7734225621414914,1.7734225621414914,1.7676864244741874,0.00242686625825662,0.005349636678976164,-0.028490540571891907
d08_e120_rolling_rearm,all_orders,0.08,120,True,True,150,500,all_orders,2.23076663699806,4.785092512715076,-24.60075603871896,1.7820267686424474,1.7820267686424474,1.7762906309751434,0.0023986065924200056,0.005307264924198307,-0.028534255894701602
d08_e120_rolling_rearm,all_orders,0.08,120,True,True,150,1000,all_orders,4.384284498451182,9.538518140898615,-49.92909953481839,1.7820267686424474,1.7820267686424474,1.7762906309751434,0.0023986065924200056,0.005307264924198307,-0.028534255894701602
d08_e120_rolling_rearm,all_orders,0.08,120,True,True,200,250,all_orders,-1.0110731055449491,0.24504848527722994,-14.046776929254314,1.7734225621414914,1.7734225621414914,1.7676864244741874,-0.002573133741743393,0.00034963667897616973,-0.03349054057189188
d08_e120_rolling_rearm,all_orders,0.08,120,True,True,200,500,all_orders,-2.1242324573614093,0.4300934183556077,-28.941701561376664,1.7820267686424474,1.7820267686424474,1.7762906309751434,-0.002601393407580008,0.0003072649241983129,-0.03353425589470157
d08_e120_rolling_rearm,all_orders,0.08,120,True,True,200,1000,all_orders,-4.426421388680755,0.7278122537666637,-58.711470433422654,1.7820267686424474,1.7820267686424474,1.7762906309751434,-0.002601393407580008,0.0003072649241983129,-0.03353425589470157
d08_e120_rolling_rearm,pf2_posthoc,0.08,120,True,True,100,250,all_orders,3.7186996730401436,4.546146617590812,-4.371604881070755,1.2217973231357553,1.2217973231357553,1.217017208413002,0.012355292337013084,0.015134771142211446,-0.01541910982127341
d08_e120_rolling_rearm,pf2_posthoc,0.08,120,True,True,100,500,all_orders,7.499209771434019,9.175302989407252,-9.155705516137678,1.2265774378585086,1.2265774378585086,1.2217973231357553,0.012269559699284862,0.015038206552787202,-0.015551543594978266
d08_e120_rolling_rearm,pf2_posthoc,0.08,120,True,True,100,1000,all_orders,14.991036484588877,18.368197698738015,-18.690043730325065,1.2265774378585086,1.2265774378585086,1.2217973231357553,0.012269559699284862,0.015038206552787202,-0.015551543594978266
d08_e120_rolling_rearm,pf2_posthoc,0.08,120,True,True,150,250,all_orders,2.2512630489483634,3.078709993499035,-5.833216920076488,1.2217973231357553,1.2217973231357553,1.217017208413002,0.007355292337013059,0.010134771142211382,-0.02041910982127344
d08_e120_rolling_rearm,pf2_posthoc,0.08,120,True,True,150,500,all_orders,4.494487586214128,6.1705808041873595,-12.148733718565982,1.2265774378585086,1.2265774378585086,1.2217973231357553,0.0072695596992848385,0.01003820655278714,-0.0205515435949783
d08_e120_rolling_rearm,pf2_posthoc,0.08,120,True,True,150,1000,all_orders,8.922428084818312,12.299589298967456,-24.73503631938818,1.2265774378585086,1.2265774378585086,1.2217973231357553,0.0072695596992848385,0.01003820655278714,-0.0205515435949783
d08_e120_rolling_rearm,pf2_posthoc,0.08,120,True,True,200,250,all_orders,0.7838264248565854,1.6112733694072554,-7.2948289590822375,1.2217973231357553,1.2217973231357553,1.217017208413002,0.0023552923370130595,0.005134771142211383,-0.02541910982127341
d08_e120_rolling_rearm,pf2_posthoc,0.08,120,True,True,200,500,all_orders,1.4897654009942403,3.165858618967471,-15.141761920994286,1.2265774378585086,1.2265774378585086,1.2217973231357553,0.0022695596992848358,0.005038206552787143,-0.025551543594978264
d08_e120_rolling_rearm,pf2_posthoc,0.08,120,True,True,200,1000,all_orders,2.853819685047753,6.2309808991968945,-30.78002890845127,1.2265774378585086,1.2265774378585086,1.2217973231357553,0.0022695596992848358,0.005038206552787143,-0.025551543594978264
d08_e120_rolling_rearm,pf2_preorder,0.08,120,True,True,100,250,pf2_preorder,4.037919462715093,5.041077726577426,-6.236994372466546,1.445506692160612,1.445506692160612,1.439770554493308,0.01146955028026438,0.014313465624179738,-0.01840379566265472
d08_e120_rolling_rearm,pf2_preorder,0.08,120,True,True,100,500,pf2_preorder,8.21942109074567,10.2494117083365,-12.959441252275356,1.4512428298279159,1.4512428298279159,1.445506692160612,0.0114431475843074,0.014275822156112415,-0.01851467061697845
d08_e120_rolling_rearm,pf2_preorder,0.08,120,True,True,100,1000,pf2_preorder,16.54909864137663,20.638492780955985,-26.312556219808815,1.4512428298279159,1.4512428298279159,1.445506692160612,0.0114431475843074,0.014275822156112415,-0.01851467061697845
d08_e120_rolling_rearm,pf2_preorder,0.08,120,True,True,150,250,pf2_preorder,2.3049544351816325,3.308112699043966,-7.962988728871903,1.445506692160612,1.445506692160612,1.439770554493308,0.006469550280264363,0.009313465624179694,-0.02340379566265473
d08_e120_rolling_rearm,pf2_preorder,0.08,120,True,True,150,500,pf2_preorder,4.670099804187357,6.700090421778175,-16.494708967131942,1.4512428298279159,1.4512428298279159,1.445506692160612,0.006443147584307381,0.009275822156112374,-0.02351467061697846
d08_e120_rolling_rearm,pf2_preorder,0.08,120,True,True,150,1000,pf2_preorder,9.373777209101293,13.463171348680643,-33.45954266355644,1.4512428298279159,1.4512428298279159,1.445506692160612,0.006443147584307381,0.009275822156112374,-0.02351467061697846
d08_e120_rolling_rearm,pf2_preorder,0.08,120,True,True,200,250,pf2_preorder,0.57198940764817,1.5751476715105033,-9.688983085277261,1.445506692160612,1.445506692160612,1.439770554493308,0.0014695502802643643,0.004313465624179699,-0.028403795662654673
d08_e120_rolling_rearm,pf2_preorder,0.08,120,True,True,200,500,pf2_preorder,1.1207785176290364,3.1507691352198557,-20.029976681988547,1.4512428298279159,1.4512428298279159,1.445506692160612,0.0014431475843073812,0.004275822156112379,-0.028514670616978398
d08_e120_rolling_rearm,pf2_preorder,0.08,120,True,True,200,1000,pf2_preorder,2.1984557768259476,6.287849916405294,-40.606529107304056,1.4512428298279159,1.4512428298279159,1.445506692160612,0.0014431475843073812,0.004275822156112379,-0.028514670616978398
d08_e120_static_once,all_orders,0.08,120,False,False,100,250,all_orders,-0.605723925468456,-0.17606759659656285,-4.3596088543403475,0.6481835564053537,0.6481835564053537,0.6481835564053537,-0.0045422272034165295,-0.001784756381305488,-0.028522921791647178
d08_e120_static_once,all_orders,0.08,120,False,False,100,500,all_orders,-1.3199066956023036,-0.44040788107075457,-8.978579708221805,0.6500956022944551,0.6500956022944551,0.6500956022944551,-0.00461536140691683,-0.001866000793106115,-0.028525524540476212
d08_e120_static_once,all_orders,0.08,120,False,False,100,1000,all_orders,-2.8830880530784126,-1.105505873346098,-18.29556426684514,0.6500956022944551,0.6500956022944551,0.6500956022944551,-0.00461536140691683,-0.001866000793106115,-0.028525524540476212
d08_e120_static_once,all_orders,0.08,120,False,False,150,250,all_orders,-1.3875278040726622,-0.95787147520077,-5.14141273294456,0.6481835564053537,0.6481835564053537,0.6481835564053537,-0.009542227203416569,-0.0067847563813054805,-0.03352292179164722
d08_e120_static_once,all_orders,0.08,120,False,False,150,500,all_orders,-2.9144127829828013,-2.034913968451251,-10.573085795602317,0.6500956022944551,0.6500956022944551,0.6500956022944551,-0.00961536140691687,-0.006866000793106108,-0.03352552454047625
d08_e120_static_once,all_orders,0.08,120,False,False,150,1000,all_orders,-6.105703120535395,-4.328120940803075,-21.51817933430213,0.6500956022944551,0.6500956022944551,0.6500956022944551,-0.00961536140691687,-0.006866000793106108,-0.03352552454047625
d08_e120_static_once,all_orders,0.08,120,False,False,200,250,all_orders,-2.16933168267687,-1.7396753538049787,-5.923216611548762,0.6481835564053537,0.6481835564053537,0.6481835564053537,-0.014542227203416533,-0.011784756381305486,-0.0385229217916472
d08_e120_static_once,all_orders,0.08,120,False,False,200,500,all_orders,-4.5089188703633,-3.6294200558317535,-12.167591882982803,0.6500956022944551,0.6500956022944551,0.6500956022944551,-0.014615361406916832,-0.011866000793106112,-0.03852552454047623
d08_e120_static_once,all_orders,0.08,120,False,False,200,1000,all_orders,-9.328318187992371,-7.55073600826006,-24.74079440175911,0.6500956022944551,0.6500956022944551,0.6500956022944551,-0.014615361406916832,-0.011866000793106112,-0.03852552454047623
d08_e120_static_once,pf2_posthoc,0.08,120,False,False,100,250,all_orders,0.3988188747609917,0.5758210162523874,-1.8899502606118568,0.3776290630975143,0.3776290630975143,0.3776290630975143,0.0038214413974877117,0.005714671997377647,-0.02114134357890023
d08_e120_static_once,pf2_posthoc,0.08,120,False,False,100,500,all_orders,0.781373924282977,1.1378562569789619,-3.8759766026768694,0.3776290630975143,0.3776290630975143,0.3776290630975143,0.0038214413974877117,0.005714671997377647,-0.02114134357890023
d08_e120_static_once,pf2_posthoc,0.08,120,False,False,100,1000,all_orders,1.4673421053537175,2.1803067707456876,-7.89784122122372,0.3776290630975143,0.3776290630975143,0.3776290630975143,0.0038214413974877117,0.005714671997377647,-0.02114134357890023
d08_e120_static_once,pf2_posthoc,0.08,120,False,False,150,250,all_orders,-0.05857793642447721,0.11842420506691849,-2.347347071797325,0.3776290630975143,0.3776290630975143,0.3776290630975143,-0.001178558602512283,0.0007146719973776372,-0.026141343578900272
d08_e120_static_once,pf2_posthoc,0.08,120,False,False,150,500,all_orders,-0.14826779005736765,0.2082145426386171,-4.805618317017215,0.3776290630975143,0.3776290630975143,0.3776290630975143,-0.001178558602512283,0.0007146719973776372,-0.026141343578900272
d08_e120_static_once,pf2_posthoc,0.08,120,False,False,150,1000,all_orders,-0.40655698996177037,0.30640767543019815,-9.771740316539214,0.3776290630975143,0.3776290630975143,0.3776290630975143,-0.001178558602512283,0.0007146719973776372,-0.026141343578900272
d08_e120_static_once,pf2_posthoc,0.08,120,False,False,200,250,all_orders,-0.5159747476099459,-0.33897260611855,-2.8047438829827933,0.3776290630975143,0.3776290630975143,0.3776290630975143,-0.006178558602512289,-0.00428532800262236,-0.03114134357890014
d08_e120_static_once,pf2_posthoc,0.08,120,False,False,200,500,all_orders,-1.077909504397713,-0.7214271717017273,-5.735260031357554,0.3776290630975143,0.3776290630975143,0.3776290630975143,-0.006178558602512289,-0.00428532800262236,-0.03114134357890014
d08_e120_static_once,pf2_posthoc,0.08,120,False,False,200,1000,all_orders,-2.280456085277262,-1.5674914198852934,-11.645639411854685,0.3776290630975143,0.3776290630975143,0.3776290630975143,-0.006178558602512289,-0.00428532800262236,-0.03114134357890014
d08_e120_static_once,pf2_preorder,0.08,120,False,False,100,250,pf2_preorder,0.613202564206497,0.8781121626768605,-2.799535653384324,0.5162523900573613,0.5162523900573613,0.5162523900573613,0.004476937126614954,0.006554231812605304,-0.02282450315790533
d08_e120_static_once,pf2_preorder,0.08,120,False,False,100,500,pf2_preorder,1.2486701310898576,1.781766536443587,-5.758025653996176,0.5181644359464627,0.5181644359464627,0.5181644359464627,0.004744389468358557,0.006814018860304659,-0.022801245726069643
d08_e120_static_once,pf2_preorder,0.08,120,False,False,100,1000,pf2_preorder,2.4429575935372676,3.512391436749502,-11.668556899388156,0.5181644359464627,0.5181644359464627,0.5181644359464627,0.004744389468358557,0.006814018860304659,-0.022801245726069643
d08_e120_static_once,pf2_preorder,0.08,120,False,False,150,250,pf2_preorder,-0.010535755984707792,0.2543738424856552,-3.423273973575531,0.5162523900573613,0.5162523900573613,0.5162523900573613,-0.0005230628733850283,0.0015542318126052907,-0.027824503157905477
d08_e120_static_once,pf2_preorder,0.08,120,False,False,150,500,pf2_preorder,-0.023328476022954157,0.5097679293307747,-7.0300242611089985,0.5181644359464627,0.5181644359464627,0.5181644359464627,-0.0002556105316414307,0.0018140188603046439,-0.027801245726069797
d08_e120_static_once,pf2_preorder,0.08,120,False,False,150,1000,pf2_preorder,-0.12332145558319292,0.9461123876290455,-14.234835948508618,0.5181644359464627,0.5181644359464627,0.5181644359464627,-0.0002556105316414307,0.0018140188603046439,-0.027801245726069797
d08_e120_static_once,pf2_preorder,0.08,120,False,False,200,250,pf2_preorder,-0.6342740761759141,-0.3693644777055507,-4.047012293766733,0.5162523900573613,0.5162523900573613,0.5162523900573613,-0.005523062873385054,-0.003445768187394715,-0.03282450315790528
d08_e120_static_once,pf2_preorder,0.08,120,False,False,200,500,pf2_preorder,-1.295327083135767,-0.7622306777820387,-8.3020228682218,0.5181644359464627,0.5181644359464627,0.5181644359464627,-0.005255610531641455,-0.00318598113969536,-0.03280124572606961
d08_e120_static_once,pf2_preorder,0.08,120,False,False,200,1000,pf2_preorder,-2.689600504703655,-1.6201666614914192,-16.801114997629067,0.5181644359464627,0.5181644359464627,0.5181644359464627,-0.005255610531641455,-0.00318598113969536,-0.03280124572606961
d08_e120_static_rearm,all_orders,0.08,120,False,True,100,250,all_orders,-0.36836410638624034,0.19236822630974426,-5.79582507273423,0.9455066921606119,0.9455066921606119,0.9455066921606119,-0.0021057233922933435,0.0003517435264211926,-0.025755156351254905
d08_e120_static_rearm,all_orders,0.08,120,False,True,100,500,all_orders,-0.7882012726577572,0.3549409835563918,-11.817976791587016,0.9493307839388145,0.9493307839388145,0.9493307839388145,-0.002001473418214395,0.0004460943386926291,-0.025555641793252648
d08_e120_static_rearm,all_orders,0.08,120,False,True,100,1000,all_orders,-1.767031676749549,0.5446096808030346,-23.94582104080307,0.9493307839388145,0.9493307839388145,0.9493307839388145,-0.002001473418214395,0.0004460943386926291,-0.025555641793252648
d08_e120_static_rearm,all_orders,0.08,120,False,True,150,250,all_orders,-1.507865215028688,-0.947132882332703,-6.9353479939961815,0.9455066921606119,0.9455066921606119,0.9455066921606119,-0.007105723392293386,-0.004648256473578823,-0.0307551563512549
d08_e120_static_rearm,all_orders,0.08,120,False,True,150,500,all_orders,-3.1140394286807003,-1.9708971724665534,-14.143857913193127,0.9493307839388145,0.9493307839388145,0.9493307839388145,-0.007001473418214431,-0.004553905661307382,-0.030555641793252646
d08_e120_static_rearm,all_orders,0.08,120,False,True,150,1000,all_orders,-6.467623988164466,-4.155982630611886,-28.646463486061197,0.9493307839388145,0.9493307839388145,0.9493307839388145,-0.007001473418214431,-0.004553905661307382,-0.030555641793252646
d08_e120_static_rearm,all_orders,0.08,120,False,True,200,250,all_orders,-2.647366323671136,-2.0866339909751495,-8.074870915258135,0.9455066921606119,0.9455066921606119,0.9455066921606119,-0.012105723392293335,-0.009648256473578806,-0.03575515635125495
d08_e120_static_rearm,all_orders,0.08,120,False,True,200,500,all_orders,-5.439877584703643,-4.296735328489497,-16.46973903479926,0.9493307839388145,0.9493307839388145,0.9493307839388145,-0.01200147341821439,-0.009553905661307373,-0.0355556417932527
d08_e120_static_rearm,all_orders,0.08,120,False,True,200,1000,all_orders,-11.168216299579369,-8.856574942026793,-33.34710593131937,0.9493307839388145,0.9493307839388145,0.9493307839388145,-0.01200147341821439,-0.009553905661307373,-0.0355556417932527
d08_e120_static_rearm,pf2_posthoc,0.08,120,False,True,100,250,all_orders,0.7183235274952148,1.026401672810703,-3.002238027762909,0.652963671128107,0.652963671128107,0.652963671128107,0.004175124145634741,0.006091223197133885,-0.019206779321796052
d08_e120_static_rearm,pf2_posthoc,0.08,120,False,True,100,500,all_orders,1.4770576149139478,2.097183389292534,-6.066470630592738,0.6548757170172084,0.6548757170172084,0.6548757170172084,0.004387624576564654,0.006298129178278401,-0.01892601055957437
d08_e120_static_rearm,pf2_posthoc,0.08,120,False,True,100,1000,all_orders,2.916762833499025,4.16378667671126,-12.245312668221807,0.6548757170172084,0.6548757170172084,0.6548757170172084,0.004387624576564654,0.006298129178278401,-0.01892601055957437
d08_e120_static_rearm,pf2_posthoc,0.08,120,False,True,150,250,all_orders,-0.07005585980880029,0.23802228550668683,-3.7906338624856657,0.652963671128107,0.652963671128107,0.652963671128107,-0.0008248758543652581,0.0010912231971338803,-0.02420677932179612
d08_e120_static_rearm,pf2_posthoc,0.08,120,False,True,150,500,all_orders,-0.12963929043978076,0.49048648393880345,-7.673199771128121,0.6548757170172084,0.6548757170172084,0.6548757170172084,-0.0006123754234353461,0.0012981291782783975,-0.023926010559574447
d08_e120_static_rearm,pf2_posthoc,0.08,120,False,True,150,1000,all_orders,-0.32576781170174135,0.9212560315104917,-15.487891468298303,0.6548757170172084,0.6548757170172084,0.6548757170172084,-0.0006123754234353461,0.0012981291782783975,-0.023926010559574447
d08_e120_static_rearm,pf2_posthoc,0.08,120,False,True,200,250,all_orders,-0.8584352471128173,-0.5503571017973292,-4.579029697208417,0.652963671128107,0.652963671128107,0.652963671128107,-0.005824875854365288,-0.0039087768028661435,-0.029206779321796047
d08_e120_static_rearm,pf2_posthoc,0.08,120,False,True,200,500,all_orders,-1.736336195793511,-1.116210421414927,-9.279928911663484,0.6548757170172084,0.6548757170172084,0.6548757170172084,-0.005612375423435374,-0.003701870821721626,-0.028926010559574365
d08_e120_static_rearm,pf2_posthoc,0.08,120,False,True,200,1000,all_orders,-3.5682984569025074,-2.321274613690272,-18.730470268374766,0.6548757170172084,0.6548757170172084,0.6548757170172084,-0.005612375423435374,-0.003701870821721626,-0.028926010559574365
d08_e120_static_rearm,pf2_preorder,0.08,120,False,True,100,250,pf2_preorder,0.804498678546839,1.2004842808412945,-3.7619056759464695,0.7476099426386233,0.7476099426386233,0.7476099426386233,0.004063554333050698,0.006215227856902584,-0.021068608292633507
d08_e120_static_rearm,pf2_preorder,0.08,120,False,True,100,500,pf2_preorder,1.6489509437858392,2.4456907908221677,-7.679986035946472,0.7504780114722753,0.7504780114722753,0.7504780114722753,0.004342126183010238,0.006485576750720015,-0.0209321511354919
d08_e120_static_rearm,pf2_preorder,0.08,120,False,True,100,1000,pf2_preorder,3.273207537131909,4.87670055816441,-15.498658920611874,0.7504780114722753,0.7504780114722753,0.7504780114722753,0.004342126183010238,0.006485576750720015,-0.0209321511354919
d08_e120_static_rearm,pf2_preorder,0.08,120,False,True,150,250,pf2_preorder,-0.09770414661568412,0.29828145567877,-4.664115449483755,0.7476099426386233,0.7476099426386233,0.7476099426386233,-0.0009364456669493091,0.0012152278569025777,-0.02606860829263348
d08_e120_static_rearm,pf2_preorder,0.08,120,False,True,150,500,pf2_preorder,-0.19123736596559482,0.605502481070733,-9.520187582791605,0.7504780114722753,0.7504780114722753,0.7504780114722753,-0.0006578738169897676,0.0014855767507200115,-0.025932151135491875
d08_e120_static_rearm,pf2_preorder,0.08,120,False,True,150,1000,pf2_preorder,-0.4409611960229698,1.162531825009535,-19.212883064856626,0.7504780114722753,0.7504780114722753,0.7504780114722753,-0.0006578738169897676,0.0014855767507200115,-0.025932151135491875
d08_e120_static_rearm,pf2_preorder,0.08,120,False,True,200,250,pf2_preorder,-0.999906971778208,-0.6039213694837545,-5.566325223021038,0.7476099426386233,0.7476099426386233,0.7476099426386233,-0.005936445666949336,-0.0037847721430974506,-0.031068608292633502
d08_e120_static_rearm,pf2_preorder,0.08,120,False,True,200,500,pf2_preorder,-2.031425675717031,-1.2346858286807023,-11.36038912963672,0.7504780114722753,0.7504780114722753,0.7504780114722753,-0.005657873816989796,-0.003514423249280017,-0.030932151135491893
d08_e120_static_rearm,pf2_preorder,0.08,120,False,True,200,1000,pf2_preorder,-4.155129929177848,-2.551636908145345,-22.92710720910137,0.7504780114722753,0.7504780114722753,0.7504780114722753,-0.005657873816989796,-0.003514423249280017,-0.030932151135491893
d09_e120_rolling_rearm,all_orders,0.09,120,True,True,100,250,all_orders,1.933582673671121,2.809520579980872,-9.158266477954106,1.627151051625239,1.627151051625239,1.6233269598470363,0.004717095357948139,0.006937495404435149,-0.023674896621868113
d09_e120_rolling_rearm,all_orders,0.09,120,True,True,100,500,all_orders,3.925236596978951,5.701199598891,-18.80825040302102,1.6347992351816443,1.6347992351816443,1.6309751434034416,0.004704044823061312,0.0069140570330735295,-0.023736652578688927
d09_e120_rolling_rearm,all_orders,0.09,120,True,True,100,1000,all_orders,6.875521734694041,10.465307193585065,-39.038679899149145,1.635755258126195,1.635755258126195,1.6319311663479923,0.004125932563376973,0.006334653123938565,-0.024299458307404896
d09_e120_rolling_rearm,all_orders,0.09,120,True,True,150,250,all_orders,-0.017586302734235407,0.8583516035755154,-11.104840345850862,1.627151051625239,1.627151051625239,1.6233269598470363,-0.0002829046420518632,0.0019374954044351438,-0.02867489662186813
d09_e120_rolling_rearm,all_orders,0.09,120,True,True,150,500,all_orders,-0.07265145500957962,1.703311546902464,-22.796738137609946,1.6347992351816443,1.6347992351816443,1.6309751434034416,-0.00029595517693868916,0.0019140570330735249,-0.028736652578688945
d09_e120_rolling_rearm,all_orders,0.09,120,True,True,150,1000,all_orders,-1.2132165628728877,2.376568896018124,-47.108520124058344,1.635755258126195,1.635755258126195,1.6319311663479923,-0.0008740674366230324,0.001334653123938561,-0.029299458307404908
d09_e120_rolling_rearm,all_orders,0.09,120,True,True,200,250,all_orders,-1.9687552791395904,-1.0928173728298392,-13.051414213747615,1.627151051625239,1.627151051625239,1.6233269598470363,-0.005282904642051865,-0.00306250459556486,-0.033674896621868115
d09_e120_rolling_rearm,all_orders,0.09,120,True,True,200,500,all_orders,-4.070539506998115,-2.2945765050860625,-26.785225872198883,1.6347992351816443,1.6347992351816443,1.6309751434034416,-0.005295955176938693,-0.00308594296692648,-0.03373665257868893
d09_e120_rolling_rearm,all_orders,0.09,120,True,True,200,1000,all_orders,-9.301954860439816,-5.712169401548802,-55.17836034896754,1.635755258126195,1.635755258126195,1.6319311663479923,-0.005874067436623036,-0.0036653468760614425,-0.03429945830740489
d09_e120_rolling_rearm,pf2_posthoc,0.09,120,True,True,100,250,all_orders,2.8146892399330747,3.4706377389770506,-4.133528191806885,1.1089866156787762,1.1089866156787762,1.1061185468451242,0.01028794803746811,0.012688478541446892,-0.015636513739478674
d09_e120_rolling_rearm,pf2_posthoc,0.09,120,True,True,100,500,all_orders,5.686962084665386,7.003932620038235,-8.531498509980883,1.112810707456979,1.112810707456979,1.1099426386233269,0.010173517726702837,0.012565798984963478,-0.015834449706897225
d09_e120_rolling_rearm,pf2_posthoc,0.09,120,True,True,100,1000,all_orders,11.319670113527707,13.970811375478002,-17.318446312858526,1.112810707456979,1.112810707456979,1.1099426386233269,0.010173517726702837,0.012565798984963478,-0.015834449706897225
d09_e120_rolling_rearm,pf2_posthoc,0.09,120,True,True,150,250,all_orders,1.4824573033508546,2.1384058023948316,-5.462298648465586,1.1089866156787762,1.1089866156787762,1.1061185468451242,0.005287948037468094,0.007688478541446878,-0.020636513739478668
d09_e120_rolling_rearm,pf2_posthoc,0.09,120,True,True,150,500,all_orders,2.9592467397131785,4.276217275086028,-11.252147478738049,1.112810707456979,1.112810707456979,1.1099426386233269,0.005173517726702819,0.007565798984963467,-0.020834449706897223
d09_e120_rolling_rearm,pf2_posthoc,0.09,120,True,True,150,1000,all_orders,5.814238287404367,8.465379549354662,-22.809714632767697,1.112810707456979,1.112810707456979,1.1099426386233269,0.005173517726702819,0.007565798984963467,-0.020834449706897223
d09_e120_rolling_rearm,pf2_posthoc,0.09,120,True,True,200,250,all_orders,0.1502253667686352,0.8061738658126113,-6.791069105124291,1.1089866156787762,1.1089866156787762,1.1061185468451242,0.0002879480374680885,0.0026884785414468732,-0.02563651373947872
d09_e120_rolling_rearm,pf2_posthoc,0.09,120,True,True,200,500,all_orders,0.23153139476098003,1.5485019301338265,-13.972796447495242,1.112810707456979,1.112810707456979,1.1099426386233269,0.00017351772670281518,0.00256579898496346,-0.02583444970689727
d09_e120_rolling_rearm,pf2_posthoc,0.09,120,True,True,200,1000,all_orders,0.30880646128104317,2.9599477232313283,-28.300982952676872,1.112810707456979,1.112810707456979,1.1099426386233269,0.00017351772670281518,0.00256579898496346,-0.02583444970689727
d09_e120_rolling_rearm,pf2_preorder,0.09,120,True,True,100,250,pf2_preorder,3.092316036300185,3.7946116099139515,-5.7587417673327,1.315487571701721,1.315487571701721,1.311663479923518,0.00959324623634114,0.011761499494710682,-0.018357536926905758
d09_e120_rolling_rearm,pf2_preorder,0.09,120,True,True,100,500,pf2_preorder,6.304003543556388,7.714955646806865,-11.850967619923537,1.3202676864244742,1.3202676864244742,1.3164435946462716,0.00955623666221984,0.01171663961914706,-0.018518416730510433
d09_e120_rolling_rearm,pf2_preorder,0.09,120,True,True,100,1000,pf2_preorder,12.64206367088908,15.482455487332667,-23.98692227461763,1.3202676864244742,1.3202676864244742,1.3164435946462716,0.00955623666221984,0.01171663961914706,-0.018518416730510433
d09_e120_rolling_rearm,pf2_preorder,0.09,120,True,True,150,250,pf2_preorder,1.5148969099474112,2.217192483561177,-7.33156578517687,1.315487571701721,1.315487571701721,1.311663479923518,0.0045932462363411294,0.00676149949471066,-0.023357536926905755
d09_e120_rolling_rearm,pf2_preorder,0.09,120,True,True,150,500,pf2_preorder,3.0728109500382224,4.4837630532887,-15.072759896042083,1.3202676864244742,1.3202676864244742,1.3164435946462716,0.004556236662219829,0.006716639619147043,-0.02351841673051043
d09_e120_rolling_rearm,pf2_preorder,0.09,120,True,True,150,1000,pf2_preorder,6.113930650215067,8.954322466658667,-30.4961572226339,1.3202676864244742,1.3202676864244742,1.3164435946462716,0.004556236662219829,0.006716639619147043,-0.02351841673051043
d09_e120_rolling_rearm,pf2_preorder,0.09,120,True,True,200,250,pf2_preorder,-0.0625222164053634,0.6397733572084037,-8.90438980302104,1.315487571701721,1.315487571701721,1.311663479923518,-0.0004067537636588776,0.0017614994947106612,-0.02835753692690576
d09_e120_rolling_rearm,pf2_preorder,0.09,120,True,True,200,500,pf2_preorder,-0.1583816434799436,1.252570459770534,-18.29455217216063,1.3202676864244742,1.3202676864244742,1.3164435946462716,-0.0004437633377801755,0.0017166396191470412,-0.028518416730510438
d09_e120_rolling_rearm,pf2_preorder,0.09,120,True,True,200,1000,pf2_preorder,-0.4142023704589313,2.426189445984666,-37.00539217065014,1.3202676864244742,1.3202676864244742,1.3164435946462716,-0.0004437633377801755,0.0017166396191470412,-0.028518416730510438
d10_e010_rolling_rearm,all_orders,0.1,10,True,True,100,250,all_orders,3.2248851012428292,3.8546279310707443,-5.940792416921606,1.2189292543021033,1.2189292543021033,1.217017208413002,0.010697055247061708,0.012849560693684802,-0.020474494466128996
d10_e010_rolling_rearm,all_orders,0.1,10,True,True,100,500,all_orders,6.578447509464632,7.866229727437858,-12.171588580401533,1.2246653919694073,1.2246653919694073,1.222753346080306,0.010728340196783573,0.012870763650682437,-0.02046198922159283
d10_e010_rolling_rearm,all_orders,0.1,10,True,True,100,1000,all_orders,12.291535656309762,14.896016057839393,-25.528727205066897,1.225621414913958,1.225621414913958,1.2237093690248566,0.009952294612766208,0.012093046909524743,-0.02121487993197712
d10_e010_rolling_rearm,all_orders,0.1,10,True,True,150,250,all_orders,1.7624727570267653,2.3922155868546855,-7.40090429746654,1.2189292543021033,1.2189292543021033,1.217017208413002,0.0056970552470617004,0.007849560693684792,-0.025474494466128983
d10_e010_rolling_rearm,all_orders,0.1,10,True,True,150,500,all_orders,3.5828029993785795,4.870585217351814,-15.162520738671128,1.2246653919694073,1.2246653919694073,1.222753346080306,0.005728340196783566,0.007870763650682427,-0.02546198922159283
d10_e010_rolling_rearm,all_orders,0.1,10,True,True,150,1000,all_orders,6.226828363049702,8.831308764579337,-31.583979378824054,1.225621414913958,1.225621414913958,1.2237093690248566,0.004952294612766202,0.007093046909524737,-0.02621487993197712
d10_e010_rolling_rearm,all_orders,0.1,10,True,True,200,250,all_orders,0.30006041281070484,0.9298032426386214,-8.861016178011479,1.2189292543021033,1.2189292543021033,1.217017208413002,0.0006970552470617034,0.0028495606936847977,-0.03047449446612902
d10_e010_rolling_rearm,all_orders,0.1,10,True,True,200,500,all_orders,0.5871584892925382,1.8749407072657642,-18.15345289694073,1.2246653919694073,1.2246653919694073,1.222753346080306,0.0007283401967835696,0.0028707636506824325,-0.03046198922159286
d10_e010_rolling_rearm,all_orders,0.1,10,True,True,200,1000,all_orders,0.16212106978966187,2.7666014713192943,-37.63923155258129,1.225621414913958,1.225621414913958,1.2237093690248566,-4.770538723380147e-05,0.0020930469095247384,-0.031214879931977153
d10_e010_rolling_rearm,pf2_posthoc,0.1,10,True,True,100,250,all_orders,3.641659801051626,4.086586760898664,-2.727909734321225,0.844168260038241,0.844168260038241,0.8422562141491395,0.01771409704956118,0.019865852428949643,-0.013461016971563225
d10_e010_rolling_rearm,pf2_posthoc,0.1,10,True,True,100,500,all_orders,7.444718200669213,8.345612464531547,-5.587281034512432,0.847036328871893,0.847036328871893,0.8451242829827916,0.017712605836177127,0.019857075362136514,-0.01359552713457907
d10_e010_rolling_rearm,pf2_posthoc,0.1,10,True,True,100,1000,all_orders,14.949584233747608,16.760329644837487,-11.31808718403442,0.847036328871893,0.847036328871893,0.8451242829827916,0.017712605836177127,0.019857075362136514,-0.01359552713457907
d10_e010_rolling_rearm,pf2_posthoc,0.1,10,True,True,150,250,all_orders,2.6266715897227524,3.0715985495697886,-3.7405974819789676,0.844168260038241,0.844168260038241,0.8422562141491395,0.012714097049561163,0.014865852428949606,-0.01846101697156324
d10_e010_rolling_rearm,pf2_posthoc,0.1,10,True,True,150,500,all_orders,5.368111474043983,6.269005737906316,-7.659175409321217,0.847036328871893,0.847036328871893,0.8451242829827916,0.012712605836177114,0.014857075362136476,-0.01859552713457908
d10_e010_rolling_rearm,pf2_posthoc,0.1,10,True,True,150,1000,all_orders,10.75550550740917,12.566250918499033,-15.502710790869981,0.847036328871893,0.847036328871893,0.8451242829827916,0.012712605836177114,0.014857075362136476,-0.01859552713457908
d10_e010_rolling_rearm,pf2_posthoc,0.1,10,True,True,200,250,all_orders,1.61168337839388,2.056610338240916,-4.753285229636712,0.844168260038241,0.844168260038241,0.8422562141491395,0.007714097049561169,0.009865852428949641,-0.023461016971563227
d10_e010_rolling_rearm,pf2_posthoc,0.1,10,True,True,200,500,all_orders,3.291504747418735,4.1923990112810685,-9.731069784130032,0.847036328871893,0.847036328871893,0.8451242829827916,0.007712605836177122,0.009857075362136512,-0.023595527134579068
d10_e010_rolling_rearm,pf2_posthoc,0.1,10,True,True,200,1000,all_orders,6.561426781070731,8.372172192160608,-19.687334397705545,0.847036328871893,0.847036328871893,0.8451242829827916,0.007712605836177122,0.009857075362136512,-0.023595527134579068
d10_e010_rolling_rearm,pf2_preorder,0.1,10,True,True,100,250,pf2_preorder,4.2557603173040155,4.750690336424476,-2.971580728585089,0.9674952198852772,0.9674952198852772,0.9655831739961759,0.01809512157873687,0.020181199751771562,-0.012818260352106625
d10_e010_rolling_rearm,pf2_preorder,0.1,10,True,True,100,500,pf2_preorder,8.7101009253346,9.711001307743777,-6.083406722848947,0.9703632887189293,0.9703632887189293,0.9684512428298279,0.018092693708149876,0.020172606132889893,-0.012937544906859218
d10_e010_rolling_rearm,pf2_preorder,0.1,10,True,True,100,1000,pf2_preorder,17.54499021845125,19.557099300669233,-12.283904621892924,0.9703632887189293,0.9703632887189293,0.9684512428298279,0.018092693708149876,0.020172606132889893,-0.012937544906859218
d10_e010_rolling_rearm,pf2_preorder,0.1,10,True,True,150,250,pf2_preorder,3.094006972131932,3.5889369912523907,-4.131033610086043,0.9674952198852772,0.9674952198852772,0.9655831739961759,0.013095121578736851,0.015181199751771544,-0.017818260352106634
d10_e010_rolling_rearm,pf2_preorder,0.1,10,True,True,150,500,pf2_preorder,6.3332812589388165,7.334181641347993,-8.455514037428301,0.9703632887189293,0.9703632887189293,0.9684512428298279,0.013092693708149859,0.015172606132889867,-0.017937544906859223
d10_e010_rolling_rearm,pf2_preorder,0.1,10,True,True,150,1000,pf2_preorder,12.7420818840822,14.754190966300175,-17.077357836759095,0.9703632887189293,0.9703632887189293,0.9684512428298279,0.013092693708149859,0.015172606132889867,-0.017937544906859223
d10_e010_rolling_rearm,pf2_preorder,0.1,10,True,True,200,250,pf2_preorder,1.9322536269598443,2.427183646080303,-5.290486491587001,0.9674952198852772,0.9674952198852772,0.9655831739961759,0.008095121578736849,0.010181199751771569,-0.02281826035210665
d10_e010_rolling_rearm,pf2_preorder,0.1,10,True,True,200,500,pf2_preorder,3.956461592543016,4.957361974952192,-10.827621352007661,0.9703632887189293,0.9703632887189293,0.9684512428298279,0.00809269370814986,0.010172606132889894,-0.022937544906859234
d10_e010_rolling_rearm,pf2_preorder,0.1,10,True,True,200,1000,pf2_preorder,7.939173549713179,9.951282631931168,-21.87081105162525,0.9703632887189293,0.9703632887189293,0.9684512428298279,0.00809269370814986,0.010172606132889894,-0.022937544906859234
d10_e010_static_rearm,all_orders,0.1,10,False,True,100,250,all_orders,0.49865611510516183,0.8807304936902483,-4.043083860038241,0.6108986615678776,0.6108986615678776,0.612810707456979,0.0028478941281931064,0.0054909127336530295,-0.027657144553053025
d10_e010_static_rearm,all_orders,0.1,10,False,True,100,500,all_orders,0.9626228929254294,1.7492664875717017,-8.240418440726573,0.6137667304015296,0.6137667304015296,0.615678776290631,0.002968351431913778,0.005599019483142578,-0.02739495712287848
d10_e010_static_rearm,all_orders,0.1,10,False,True,100,1000,all_orders,1.0175241491395757,2.616839158699804,-17.548610713193113,0.6147227533460803,0.6147227533460803,0.6166347992351816,0.001433156330910052,0.00405973314100164,-0.0288783170320112
d10_e010_static_rearm,all_orders,0.1,10,False,True,150,250,all_orders,-0.23645534263862442,0.14561903594646108,-4.780574725047802,0.6108986615678776,0.6108986615678776,0.612810707456979,-0.002152105871806892,0.000490912733653021,-0.03265714455305302
d10_e010_static_rearm,all_orders,0.1,10,False,True,150,500,all_orders,-0.5416606481835597,0.24498294646271238,-9.749441738049722,0.6137667304015296,0.6137667304015296,0.615678776290631,-0.0020316485680862213,0.0005990194831425696,-0.03239495712287848
d10_e010_static_rearm,all_orders,0.1,10,False,True,150,1000,all_orders,-2.0262662829827964,-0.4269512734225677,-20.601941962715117,0.6147227533460803,0.6147227533460803,0.6166347992351816,-0.0035668436690899485,-0.0009402668589983653,-0.033878317032011177
d10_e010_static_rearm,all_orders,0.1,10,False,True,200,250,all_orders,-0.9715668003824118,-0.5894924217973241,-5.518065590057362,0.6108986615678776,0.6108986615678776,0.612810707456979,-0.007152105871806913,-0.004509087266346991,-0.037657144553053065
d10_e010_static_rearm,all_orders,0.1,10,False,True,200,500,all_orders,-2.045944189292548,-1.2593005946462734,-11.258465035372863,0.6137667304015296,0.6137667304015296,0.615678776290631,-0.007031648568086243,-0.004400980516857437,-0.037394957122878526
d10_e010_static_rearm,all_orders,0.1,10,False,True,200,1000,all_orders,-5.07005671510517,-3.470741705544943,-23.655273212237113,0.6147227533460803,0.6147227533460803,0.6166347992351816,-0.008566843669089969,-0.005940266858998384,-0.03887831703201126
d10_e010_static_rearm,pf2_posthoc,0.1,10,False,True,100,250,all_orders,1.1128251686424457,1.3604863541108967,-2.119982339961759,0.4349904397705545,0.4349904397705545,0.43690248565965584,0.010231200199800557,0.012551102519702872,-0.02020606964907158
d10_e010_static_rearm,pf2_posthoc,0.1,10,False,True,100,500,all_orders,2.285511659655829,2.7853279120458847,-4.26355457839388,0.4359464627151052,0.4359464627151052,0.4378585086042065,0.01043049825004466,0.012745313064859468,-0.019941184974922713
d10_e010_static_rearm,pf2_posthoc,0.1,10,False,True,100,1000,all_orders,4.6078784096558305,5.61418634464627,-8.591528393403436,0.4359464627151052,0.4359464627151052,0.4378585086042065,0.01043049825004466,0.012745313064859468,-0.019941184974922713
d10_e010_static_rearm,pf2_posthoc,0.1,10,False,True,150,250,all_orders,0.5879509145315472,0.835612099999999,-2.6472306667304024,0.4349904397705545,0.4349904397705545,0.43690248565965584,0.00523120019980056,0.007551102519702877,-0.025206069649071596
d10_e010_static_rearm,pf2_posthoc,0.1,10,False,True,150,500,all_orders,1.214244060229444,1.7140603126194998,-5.339570323135754,0.4359464627151052,0.4359464627151052,0.4378585086042065,0.005430498250044663,0.007745313064859475,-0.024941184974922728
d10_e010_static_rearm,pf2_posthoc,0.1,10,False,True,150,1000,all_orders,2.447828150334605,3.4541360853250413,-10.761117103967495,0.4359464627151052,0.4359464627151052,0.4378585086042065,0.005430498250044663,0.007745313064859475,-0.024941184974922728
d10_e010_static_rearm,pf2_posthoc,0.1,10,False,True,200,250,all_orders,0.0630766604206479,0.31073784588909936,-3.1744789934990467,0.4349904397705545,0.4349904397705545,0.43690248565965584,0.00023120019980054426,0.0025511025197028614,-0.03020606964907154
d10_e010_static_rearm,pf2_posthoc,0.1,10,False,True,200,500,all_orders,0.14297646080305537,0.6427927131931126,-6.4155860678776335,0.4359464627151052,0.4359464627151052,0.4378585086042065,0.0004304982500446468,0.0027453130648594595,-0.02994118497492268
d10_e010_static_rearm,pf2_posthoc,0.1,10,False,True,200,1000,all_orders,0.28777789101337725,1.294085826003817,-12.93070581453155,0.4359464627151052,0.4359464627151052,0.4378585086042065,0.0004304982500446468,0.0027453130648594595,-0.02994118497492268
d10_e010_static_rearm,pf2_preorder,0.1,10,False,True,100,250,pf2_preorder,1.5365055462715091,1.8337937871892906,-2.522027870554494,0.5086042065009561,0.5086042065009561,0.5095602294455067,0.012178531619731784,0.014559484000684169,-0.020617699402962573
d10_e010_static_rearm,pf2_preorder,0.1,10,False,True,100,500,pf2_preorder,3.15054439388145,3.7496147571701686,-5.086922704588915,0.5095602294455067,0.5095602294455067,0.5105162523900574,0.012345384489321614,0.01472186979263619,-0.020389742828966176
d10_e010_static_rearm,pf2_preorder,0.1,10,False,True,100,1000,pf2_preorder,6.354444446940725,7.561623796845123,-10.236397537762905,0.5095602294455067,0.5095602294455067,0.5105162523900574,0.012345384489321614,0.01472186979263619,-0.020389742828966176
d10_e010_static_rearm,pf2_preorder,0.1,10,False,True,150,250,pf2_preorder,0.9256237515296355,1.2229119924474177,-3.134103240822181,0.5086042065009561,0.5086042065009561,0.5095602294455067,0.0071785316197318,0.009559484000684163,-0.025617699402962598
d10_e010_static_rearm,pf2_preorder,0.1,10,False,True,150,500,pf2_preorder,1.9008137638623286,2.499884127151047,-6.339040485659657,0.5095602294455067,0.5095602294455067,0.5105162523900574,0.007345384489321628,0.009721869792636183,-0.0253897428289662
d10_e010_static_rearm,pf2_preorder,0.1,10,False,True,150,1000,pf2_preorder,3.8318685303537214,5.039047880258117,-12.763747756453158,0.5095602294455067,0.5095602294455067,0.5105162523900574,0.007345384489321628,0.009721869792636183,-0.0253897428289662
d10_e010_static_rearm,pf2_preorder,0.1,10,False,True,200,250,pf2_preorder,0.31474195678776096,0.6120301977055428,-3.7461786110898685,0.5086042065009561,0.5086042065009561,0.5095602294455067,0.0021785316197317885,0.004559484000684173,-0.030617699402962547
d10_e010_static_rearm,pf2_preorder,0.1,10,False,True,200,500,pf2_preorder,0.6510831338432079,1.2501534971319286,-7.591158266730408,0.5095602294455067,0.5095602294455067,0.5105162523900574,0.0023453844893216195,0.004721869792636194,-0.030389742828966154
d10_e010_static_rearm,pf2_preorder,0.1,10,False,True,200,1000,pf2_preorder,1.3092926137667218,2.5164719636711195,-15.291097975143396,0.5095602294455067,0.5095602294455067,0.5105162523900574,0.0023453844893216195,0.004721869792636194,-0.030389742828966154
d10_e030_rolling_once,all_orders,0.1,30,True,False,100,250,all_orders,-0.8351355713193122,-0.5016365273422566,-5.804782612428291,0.7590822179732314,0.7590822179732314,0.7590822179732314,-0.005017375530271199,-0.0031561944499465355,-0.03207166663296073
d10_e030_rolling_once,all_orders,0.1,30,True,False,100,500,all_orders,-1.765679650573615,-1.0774782165391974,-11.86636451195028,0.7619502868068834,0.7619502868068834,0.7619502868068834,-0.004932696229673358,-0.0030785208497765186,-0.031885151857697816
d10_e030_rolling_once,all_orders,0.1,30,True,False,100,1000,all_orders,-4.538194803346081,-3.1404469065965586,-24.903858842543023,0.762906309751434,0.762906309751434,0.762906309751434,-0.006159800743813474,-0.0043079488919616155,-0.03307848136478525
d10_e030_rolling_once,all_orders,0.1,30,True,False,150,250,all_orders,-1.749605120841301,-1.416106076864246,-6.719252161950287,0.7590822179732314,0.7590822179732314,0.7590822179732314,-0.01001737553027121,-0.008156194449946544,-0.037071666632960736
d10_e030_rolling_once,all_orders,0.1,30,True,False,150,500,all_orders,-3.632657157982795,-2.944455723948378,-13.733342019359474,0.7619502868068834,0.7619502868068834,0.7619502868068834,-0.00993269622967337,-0.008078520849776527,-0.03688515185769782
d10_e030_rolling_once,all_orders,0.1,30,True,False,150,1000,all_orders,-8.317992672036329,-6.920244775286809,-28.68365671123327,0.762906309751434,0.762906309751434,0.762906309751434,-0.011159800743813494,-0.009307948891961636,-0.038078481364785255
d10_e030_rolling_once,all_orders,0.1,30,True,False,200,250,all_orders,-2.6640746703632896,-2.3305756263862336,-7.633721711472274,0.7590822179732314,0.7590822179732314,0.7590822179732314,-0.015017375530271203,-0.013156194449946545,-0.04207166663296078
d10_e030_rolling_once,all_orders,0.1,30,True,False,200,500,all_orders,-5.499634665391968,-4.811433231357553,-15.600319526768645,0.7619502868068834,0.7619502868068834,0.7619502868068834,-0.014932696229673362,-0.01307852084977653,-0.04188515185769786
d10_e030_rolling_once,all_orders,0.1,30,True,False,200,1000,all_orders,-12.09779054072658,-10.70004264397706,-32.46345457992353,0.762906309751434,0.762906309751434,0.762906309751434,-0.01615980074381347,-0.014307948891961627,-0.0430784813647853
d10_e030_rolling_once,pf2_posthoc,0.1,30,True,False,100,250,all_orders,1.2235050770554494,1.372188251051625,-1.4718047269598487,0.40535372848948376,0.40535372848948376,0.40535372848948376,0.012206954588290034,0.013700665280113926,-0.015083208925067508
d10_e030_rolling_once,pf2_posthoc,0.1,30,True,False,100,500,all_orders,2.475579341969401,2.7768928218929196,-2.9834068100382423,0.40535372848948376,0.40535372848948376,0.40535372848948376,0.012206954588290034,0.013700665280113926,-0.015083208925067508
d10_e030_rolling_once,pf2_posthoc,0.1,30,True,False,100,1000,all_orders,4.955594106022939,5.5596070123326955,-6.028032218068836,0.40535372848948376,0.40535372848948376,0.40535372848948376,0.012206954588290034,0.013700665280113926,-0.015083208925067508
d10_e030_rolling_once,pf2_posthoc,0.1,30,True,False,150,250,all_orders,0.7333700391013371,0.8820532130975132,-1.9619397649139578,0.40535372848948376,0.40535372848948376,0.40535372848948376,0.007206954588290039,0.00870066528011391,-0.020083208925067535
d10_e030_rolling_once,pf2_posthoc,0.1,30,True,False,150,500,all_orders,1.478655030640532,1.7799685105640515,-3.980331121367114,0.40535372848948376,0.40535372848948376,0.40535372848948376,0.007206954588290039,0.00870066528011391,-0.020083208925067535
d10_e030_rolling_once,pf2_posthoc,0.1,30,True,False,150,1000,all_orders,2.9448624319789647,3.5488753382887124,-8.03876389211281,0.40535372848948376,0.40535372848948376,0.40535372848948376,0.007206954588290039,0.00870066528011391,-0.020083208925067535
d10_e030_rolling_once,pf2_posthoc,0.1,30,True,False,200,250,all_orders,0.24323500114722688,0.391918175143403,-2.45207480286807,0.40535372848948376,0.40535372848948376,0.40535372848948376,0.0022069545882900284,0.0037006652801139283,-0.025083208925067515
d10_e030_rolling_once,pf2_posthoc,0.1,30,True,False,200,500,all_orders,0.4817307193116622,0.7830441992351805,-4.977255432695987,0.40535372848948376,0.40535372848948376,0.40535372848948376,0.0022069545882900284,0.0037006652801139283,-0.025083208925067515
d10_e030_rolling_once,pf2_posthoc,0.1,30,True,False,200,1000,all_orders,0.9341307579349846,1.5381436642447375,-10.04949556615679,0.40535372848948376,0.40535372848948376,0.40535372848948376,0.0022069545882900284,0.0037006652801139283,-0.025083208925067515
d10_e030_rolling_once,pf2_preorder,0.1,30,True,False,100,250,pf2_preorder,0.692792220267686,0.8914784535372837,-3.339471446080308,0.6013384321223709,0.6013384321223709,0.6013384321223709,0.00449543704329962,0.005837956032877435,-0.023102457462797068
d10_e030_rolling_once,pf2_preorder,0.1,30,True,False,100,500,pf2_preorder,1.3703378357552591,1.7716574342256202,-6.808137780879547,0.6032504780114722,0.6032504780114722,0.6032504780114722,0.004364266438126283,0.005702530216960583,-0.023146154551310825
d10_e030_rolling_once,pf2_preorder,0.1,30,True,False,100,1000,pf2_preorder,2.728569481357553,3.5339460587954097,-13.740363541586996,0.6032504780114722,0.6032504780114722,0.6032504780114722,0.004364266438126283,0.005702530216960583,-0.023146154551310825
d10_e030_rolling_once,pf2_preorder,0.1,30,True,False,150,250,pf2_preorder,-0.03211792676864319,0.16656830650095483,-4.064381593116635,0.6013384321223709,0.6013384321223709,0.6013384321223709,-0.0005045629567004173,0.0008379560328774072,-0.028102457462797104
d10_e030_rolling_once,pf2_preorder,0.1,30,True,False,150,500,pf2_preorder,-0.1094039065009571,0.291915691969406,-8.287879523135764,0.6032504780114722,0.6032504780114722,0.6032504780114722,-0.0006357335618737545,0.0007025302169605582,-0.028146154551310858
d10_e030_rolling_once,pf2_preorder,0.1,30,True,False,150,1000,pf2_preorder,-0.2583428415391992,0.5470337358986593,-16.72727586448376,0.6032504780114722,0.6032504780114722,0.6032504780114722,-0.0006357335618737545,0.0007025302169605582,-0.028146154551310858
d10_e030_rolling_once,pf2_preorder,0.1,30,True,False,200,250,pf2_preorder,-0.7570280738049721,-0.5583418405353741,-4.789291740152963,0.6013384321223709,0.6013384321223709,0.6013384321223709,-0.005504562956700416,-0.004162043967122606,-0.033102457462797094
d10_e030_rolling_once,pf2_preorder,0.1,30,True,False,200,500,pf2_preorder,-1.5891456487571716,-1.18782605028681,-9.767621265391972,0.6032504780114722,0.6032504780114722,0.6032504780114722,-0.005635733561873753,-0.004297469783039456,-0.033146154551310855
d10_e030_rolling_once,pf2_preorder,0.1,30,True,False,200,1000,pf2_preorder,-3.2452551644359513,-2.439878586998094,-19.714188187380493,0.6032504780114722,0.6032504780114722,0.6032504780114722,-0.005635733561873753,-0.004297469783039456,-0.033146154551310855
d10_e030_rolling_rearm,all_orders,0.1,30,True,True,100,250,all_orders,0.8724574669216042,1.5022002967495185,-8.369341370554492,1.4588910133843211,1.4588910133843211,1.4569789674952198,0.0021543269432189815,0.003952783328831329,-0.024105701576016336
d10_e030_rolling_rearm,all_orders,0.1,30,True,True,100,500,all_orders,1.6384369464627133,2.926219164435945,-17.263841782026763,1.4665391969407267,1.4665391969407267,1.4646271510516253,0.0020253405335980182,0.003814417746404039,-0.024235529275308632
d10_e030_rolling_rearm,all_orders,0.1,30,True,True,100,1000,all_orders,2.304860874474177,4.909341276003815,-35.821187455353744,1.4674952198852773,1.4674952198852773,1.465583173996176,0.0013828731465966592,0.0031707848367884834,-0.024861704467244807
d10_e030_rolling_rearm,all_orders,0.1,30,True,True,150,250,all_orders,-0.8772630539196965,-0.2475202240917807,-10.116761427724668,1.4588910133843211,1.4588910133843211,1.4569789674952198,-0.0028456730567810295,-0.001047216671168678,-0.029105701576016357
d10_e030_rolling_rearm,all_orders,0.1,30,True,True,150,500,all_orders,-1.9486467887189358,-0.660864570745705,-20.846213165391962,1.4665391969407267,1.4665391969407267,1.4646271510516253,-0.0029746594664019944,-0.0011855822535959658,-0.02923552927530865
d10_e030_rolling_rearm,all_orders,0.1,30,True,True,150,1000,all_orders,-4.955416873757183,-2.3509364722275445,-43.072010084082216,1.4674952198852773,1.4674952198852773,1.465583173996176,-0.0036171268534033484,-0.0018292151632115297,-0.02986170446724483
d10_e030_rolling_rearm,all_orders,0.1,30,True,True,200,250,all_orders,-2.626983574760997,-1.9972407449330827,-11.864181484894837,1.4588910133843211,1.4588910133843211,1.4569789674952198,-0.007845673056781027,-0.006047216671168678,-0.034105701576016355
d10_e030_rolling_rearm,all_orders,0.1,30,True,True,200,500,all_orders,-5.535730523900577,-4.247948305927347,-24.42858454875717,1.4665391969407267,1.4665391969407267,1.4646271510516253,-0.00797465946640199,-0.006185582253595968,-0.034235529275308645
d10_e030_rolling_rearm,all_orders,0.1,30,True,True,200,1000,all_orders,-12.215694621988545,-9.611214220458905,-50.322832712810765,1.4674952198852773,1.4674952198852773,1.465583173996176,-0.008617126853403346,-0.006829215163211526,-0.03486170446724483
d10_e030_rolling_rearm,pf2_posthoc,0.1,30,True,True,100,250,all_orders,2.970733449904397,3.4156604097514345,-3.4749574047801164,0.9894837476099426,0.9894837476099426,0.9875717017208413,0.012187596994036504,0.01402334578630704,-0.014722513049077597
d10_e030_rolling_rearm,pf2_posthoc,0.1,30,True,True,100,500,all_orders,5.930782177055446,6.831676440917775,-7.253459696749527,0.994263862332696,0.994263862332696,0.9923518164435946,0.011904899111566641,0.013731822188489727,-0.015079513394611508
d10_e030_rolling_rearm,pf2_posthoc,0.1,30,True,True,100,1000,all_orders,11.885006734130009,13.695752145219883,-14.688450152103258,0.994263862332696,0.994263862332696,0.9923518164435946,0.011904899111566641,0.013731822188489727,-0.015079513394611508
d10_e030_rolling_rearm,pf2_posthoc,0.1,30,True,True,150,250,all_orders,1.7820166136711246,2.2269435735181617,-4.661373777342264,0.9894837476099426,0.9894837476099426,0.9875717017208413,0.007187596994036481,0.009023345786307022,-0.019722513049077597
d10_e030_rolling_rearm,pf2_posthoc,0.1,30,True,True,150,500,all_orders,3.4950741068833575,4.395968370745705,-9.684455415105164,0.994263862332696,0.994263862332696,0.9923518164435946,0.006904899111566621,0.008731822188489707,-0.0200795133946115
d10_e030_rolling_rearm,pf2_posthoc,0.1,30,True,True,150,1000,all_orders,6.96412707347035,8.774872484560222,-19.599874693260045,0.994263862332696,0.994263862332696,0.9923518164435946,0.006904899111566621,0.008731822188489707,-0.0200795133946115
d10_e030_rolling_rearm,pf2_posthoc,0.1,30,True,True,200,250,all_orders,0.5932997774378556,1.0382267372848917,-5.847790149904402,0.9894837476099426,0.9894837476099426,0.9875717017208413,0.0021875969940364885,0.004023345786307023,-0.02472251304907762
d10_e030_rolling_rearm,pf2_posthoc,0.1,30,True,True,200,500,all_orders,1.0593660367112738,1.960260300573609,-12.11545113346081,0.994263862332696,0.994263862332696,0.9923518164435946,0.0019048991115666305,0.0037318221884897074,-0.025079513394611522
d10_e030_rolling_rearm,pf2_posthoc,0.1,30,True,True,200,1000,all_orders,2.0432474128106928,3.8539928239005583,-24.511299234416835,0.994263862332696,0.994263862332696,0.9923518164435946,0.0019048991115666305,0.0037318221884897074,-0.025079513394611522
d10_e030_rolling_rearm,pf2_preorder,0.1,30,True,True,100,250,pf2_preorder,2.2152170923518133,2.710147111472274,-5.088245272848943,1.1711281070745698,1.1711281070745698,1.1692160611854685,0.007623595322468307,0.009346951331538603,-0.018186113610058
d10_e030_rolling_rearm,pf2_preorder,0.1,30,True,True,100,500,pf2_preorder,4.423499538432112,5.424399920841299,-10.522250748374752,1.1759082217973231,1.1759082217973231,1.1739961759082218,0.007403119070914797,0.009119469567753103,-0.018473775137630714
d10_e030_rolling_rearm,pf2_preorder,0.1,30,True,True,100,1000,pf2_preorder,8.875594152868052,10.887703235086033,-21.25908615592734,1.1759082217973231,1.1759082217973231,1.1739961759082218,0.007403119070914797,0.009119469567753103,-0.018473775137630714
d10_e030_rolling_rearm,pf2_preorder,0.1,30,True,True,150,250,pf2_preorder,0.8095452322179705,1.3044752513384288,-6.491616669311664,1.1711281070745698,1.1711281070745698,1.1692160611854685,0.002623595322468297,0.004346951331538587,-0.023186113610057995
d10_e030_rolling_rearm,pf2_preorder,0.1,30,True,True,150,500,pf2_preorder,1.5445381986615616,2.545438581070738,-13.396499736328874,1.1759082217973231,1.1759082217973231,1.1739961759082218,0.0024031190709147923,0.004119469567753087,-0.023473775137630715
d10_e030_rolling_rearm,pf2_preorder,0.1,30,True,True,150,1000,pf2_preorder,3.0575528478489375,5.069661930066909,-27.067672341443604,1.1759082217973231,1.1759082217973231,1.1739961759082218,0.0024031190709147923,0.004119469567753087,-0.023473775137630715
d10_e030_rolling_rearm,pf2_preorder,0.1,30,True,True,200,250,pf2_preorder,-0.5961266279158735,-0.10119660879541449,-7.8949880657743785,1.1711281070745698,1.1711281070745698,1.1692160611854685,-0.0023764046775317078,-0.0006530486684614146,-0.02818611361005804
d10_e030_rolling_rearm,pf2_preorder,0.1,30,True,True,200,500,pf2_preorder,-1.3344231411089924,-0.3335227586998159,-16.27074872428298,1.1759082217973231,1.1759082217973231,1.1739961759082218,-0.0025968809290852148,-0.000880530432246914,-0.028473775137630747
d10_e030_rolling_rearm,pf2_preorder,0.1,30,True,True,200,1000,pf2_preorder,-2.7604884571701858,-0.7483793749522141,-32.87625852695985,1.1759082217973231,1.1759082217973231,1.1739961759082218,-0.0025968809290852148,-0.000880530432246914,-0.028473775137630747
d10_e030_static_once,all_orders,0.1,30,False,False,100,250,all_orders,-0.818712050669216,-0.535167021988528,-3.4373300717017203,0.5659655831739961,0.5659655831739961,0.5659655831739961,-0.006481496821568481,-0.004341857181928852,-0.02553614961344023
d10_e030_static_once,all_orders,0.1,30,False,False,100,500,all_orders,-1.782626230592734,-1.1962727889101339,-7.0924853606118505,0.5688336520076482,0.5688336520076482,0.5688336520076482,-0.006659294047237648,-0.004530442506621416,-0.025617872959486514
d10_e030_static_once,all_orders,0.1,30,False,False,100,1000,all_orders,-4.608472539005735,-3.4124134567877653,-15.319549355449325,0.5697896749521989,0.5697896749521989,0.5697896749521989,-0.008299399423858855,-0.006174119781800697,-0.027226168639946244
d10_e030_static_once,all_orders,0.1,30,False,False,150,250,all_orders,-1.5020455516252398,-1.2185005229445502,-4.1206635726577465,0.5659655831739961,0.5659655831739961,0.5659655831739961,-0.011481496821568515,-0.009341857181928852,-0.03053614961344026
d10_e030_static_once,all_orders,0.1,30,False,False,150,500,all_orders,-3.1767092880497163,-2.590355846367113,-8.486568418068842,0.5688336520076482,0.5688336520076482,0.5688336520076482,-0.011659294047237688,-0.00953044250662142,-0.030617872959486543
d10_e030_static_once,all_orders,0.1,30,False,False,150,1000,all_orders,-7.433451358221802,-6.237392276003834,-18.144528174665407,0.5697896749521989,0.5697896749521989,0.5697896749521989,-0.013299399423858906,-0.011174119781800728,-0.03222616863994624
d10_e030_static_once,all_orders,0.1,30,False,False,200,250,all_orders,-2.1853790525812613,-1.901834023900573,-4.803997073613768,0.5659655831739961,0.5659655831739961,0.5659655831739961,-0.01648149682156849,-0.01434185718192886,-0.035536149613440225
d10_e030_static_once,all_orders,0.1,30,False,False,200,500,all_orders,-4.570792345506695,-3.9844389038240933,-9.880651475525813,0.5688336520076482,0.5688336520076482,0.5688336520076482,-0.01665929404723766,-0.014530442506621421,-0.03561787295948651
d10_e030_static_once,all_orders,0.1,30,False,False,200,1000,all_orders,-10.258430177437862,-9.062371095219888,-20.969506993881467,0.5697896749521989,0.5697896749521989,0.5697896749521989,-0.018299399423858866,-0.01617411978180071,-0.03722616863994625
d10_e030_static_once,pf2_posthoc,0.1,30,False,False,100,250,all_orders,0.146954584130019,0.29608641969407234,-1.4915763432122373,0.3451242829827916,0.3451242829827916,0.3451242829827916,0.0015798475936909414,0.0033342335586032256,-0.017867807490008727
d10_e030_static_once,pf2_posthoc,0.1,30,False,False,100,500,all_orders,0.23615868336519996,0.5356847827915864,-3.077731421797324,0.34608030592734224,0.34608030592734224,0.34608030592734224,0.0012716159705039498,0.003021155565347414,-0.0181223163090971
d10_e030_static_once,pf2_posthoc,0.1,30,False,False,100,1000,all_orders,0.4519193888145311,1.0549713964627148,-6.220227217304016,0.34608030592734224,0.34608030592734224,0.34608030592734224,0.0012716159705039498,0.003021155565347414,-0.0181223163090971
d10_e030_static_once,pf2_posthoc,0.1,30,False,False,150,250,all_orders,-0.27104325717017247,-0.12191142160611913,-1.9095741845124286,0.3451242829827916,0.3451242829827916,0.3451242829827916,-0.0034201524063090455,-0.0016657664413967763,-0.022867807490008746
d10_e030_static_once,pf2_posthoc,0.1,30,False,False,150,500,all_orders,-0.6144806264818361,-0.31495452705544996,-3.92837073164436,0.34608030592734224,0.34608030592734224,0.34608030592734224,-0.003728384029496038,-0.0019788444346525848,-0.023122316309097116
d10_e030_static_once,pf2_posthoc,0.1,30,False,False,150,1000,all_orders,-1.265521695458894,-0.6624696878107108,-7.9376683015774425,0.34608030592734224,0.34608030592734224,0.34608030592734224,-0.003728384029496038,-0.0019788444346525848,-0.023122316309097116
d10_e030_static_once,pf2_posthoc,0.1,30,False,False,200,250,all_orders,-0.6890410984703634,-0.5399092629063105,-2.32757202581262,0.3451242829827916,0.3451242829827916,0.3451242829827916,-0.008420152406309047,-0.0066657664413967725,-0.0278678074900087
d10_e030_static_once,pf2_posthoc,0.1,30,False,False,200,500,all_orders,-1.4651199363288727,-1.1655938369024865,-4.779010041491398,0.34608030592734224,0.34608030592734224,0.34608030592734224,-0.00872838402949604,-0.006978844434652583,-0.028122316309097072
d10_e030_static_once,pf2_posthoc,0.1,30,False,False,200,1000,all_orders,-2.982962779732316,-2.3799107720841324,-9.655109385850867,0.34608030592734224,0.34608030592734224,0.34608030592734224,-0.00872838402949604,-0.006978844434652583,-0.028122316309097072
d10_e030_static_once,pf2_preorder,0.1,30,False,False,100,250,pf2_preorder,0.05640190707456971,0.2542434940726574,-2.3490543548757143,0.44263862332695986,0.44263862332695986,0.44263862332695986,0.0002656606996750981,0.0020895147913477553,-0.02203533723445972
d10_e030_static_once,pf2_preorder,0.1,30,False,False,100,500,pf2_preorder,0.07036931481835568,0.47035927657743704,-4.8044295857552575,0.4445506692160612,0.4445506692160612,0.4445506692160612,0.0002454021829261953,0.002061411740871227,-0.021959677480524176
d10_e030_static_once,pf2_preorder,0.1,30,False,False,100,1000,pf2_preorder,0.1408565608030583,0.9448362931166346,-9.66535314282982,0.4445506692160612,0.4445506692160612,0.4445506692160612,0.0002454021829261953,0.002061411740871227,-0.021959677480524176
d10_e030_static_once,pf2_preorder,0.1,30,False,False,150,250,pf2_preorder,-0.4791655232313573,-0.28132393623326957,-2.8846217851816465,0.44263862332695986,0.44263862332695986,0.44263862332695986,-0.004734339300324899,-0.0029104852086522296,-0.027035337234459736
d10_e030_static_once,pf2_preorder,0.1,30,False,False,150,500,pf2_preorder,-1.021675960372851,-0.6216859986137677,-5.896474860946469,0.4445506692160612,0.4445506692160612,0.4445506692160612,-0.004754597817073798,-0.0029385882591287564,-0.026959677480524195
d10_e030_static_once,pf2_preorder,0.1,30,False,False,150,1000,pf2_preorder,-2.0626165780114727,-1.2586368456978982,-11.868826281644356,0.4445506692160612,0.4445506692160612,0.4445506692160612,-0.004754597817073798,-0.0029385882591287564,-0.026959677480524195
d10_e030_static_once,pf2_preorder,0.1,30,False,False,200,250,pf2_preorder,-1.0147329535372864,-0.8168913665391987,-3.4201892154875737,0.44263862332695986,0.44263862332695986,0.44263862332695986,-0.009734339300324918,-0.007910485208652245,-0.03203533723445966
d10_e030_static_once,pf2_preorder,0.1,30,False,False,200,500,pf2_preorder,-2.1137212355640562,-1.713731273804974,-6.988520136137669,0.4445506692160612,0.4445506692160612,0.4445506692160612,-0.009754597817073819,-0.007938588259128769,-0.031959677480524105
d10_e030_static_once,pf2_preorder,0.1,30,False,False,200,1000,pf2_preorder,-4.2660897168260075,-3.4621099845124306,-14.072299420458895,0.4445506692160612,0.4445506692160612,0.4445506692160612,-0.009754597817073819,-0.007938588259128769,-0.031959677480524105
d10_e030_static_rearm,all_orders,0.1,30,False,True,100,250,all_orders,-0.8594876319311657,-0.47893089196940686,-4.585907297323135,0.7782026768642447,0.7782026768642447,0.7782026768642447,-0.004971786225284605,-0.002896984150482533,-0.02472924810181961
d10_e030_static_rearm,all_orders,0.1,30,False,True,100,500,all_orders,-1.8043390939770556,-1.0172023348948382,-9.368487468738046,0.7820267686424475,0.7820267686424475,0.7820267686424475,-0.0049769642004992894,-0.0029123078571143433,-0.024637812571525575
d10_e030_static_rearm,all_orders,0.1,30,False,True,100,1000,all_orders,-4.623422614818352,-3.025796897801145,-19.879866171223707,0.7829827915869981,0.7829827915869981,0.7829827915869981,-0.006172550445081688,-0.004110415049612955,-0.025809392896241012
d10_e030_static_rearm,all_orders,0.1,30,False,True,150,250,all_orders,-1.797829421606121,-1.4172726816443608,-5.524258895793497,0.7782026768642447,0.7782026768642447,0.7782026768642447,-0.009971786225284631,-0.007896984150482561,-0.02972924810181962
d10_e030_static_rearm,all_orders,0.1,30,False,True,150,500,all_orders,-3.720330258078399,-2.933193498996178,-11.284459488479918,0.7820267686424475,0.7820267686424475,0.7820267686424475,-0.009976964200499313,-0.007912307857114371,-0.02963781257152558
d10_e030_static_rearm,all_orders,0.1,30,False,True,150,1000,all_orders,-8.501304291252398,-6.903678574235182,-23.75772930559275,0.7829827915869981,0.7829827915869981,0.7829827915869981,-0.01117255044508172,-0.00911041504961299,-0.030809392896241024
d10_e030_static_rearm,all_orders,0.1,30,False,True,200,250,all_orders,-2.736171211281072,-2.3556144713193126,-6.46261049426386,0.7782026768642447,0.7782026768642447,0.7782026768642447,-0.014971786225284599,-0.012896984150482543,-0.03472924810181965
d10_e030_static_rearm,all_orders,0.1,30,False,True,200,500,all_orders,-5.636321422179735,-4.849184663097514,-13.200431508221785,0.7820267686424475,0.7820267686424475,0.7820267686424475,-0.014976964200499288,-0.012912307857114351,-0.034637812571525615
d10_e030_static_rearm,all_orders,0.1,30,False,True,200,1000,all_orders,-12.379185967686425,-10.781560250669214,-27.635592439961773,0.7829827915869981,0.7829827915869981,0.7829827915869981,-0.016172550445081677,-0.014110415049612952,-0.03580939289624106
d10_e030_static_rearm,pf2_posthoc,0.1,30,False,True,100,250,all_orders,0.19617883078393866,0.4423223776290631,-2.4274623068833656,0.5401529636711281,0.5401529636711281,0.5411089866156787,0.0012820446119318372,0.003150284533269103,-0.01867260399660378
d10_e030_static_rearm,pf2_posthoc,0.1,30,False,True,100,500,all_orders,0.38460822915869874,0.8849176459847028,-4.935946292829824,0.5420650095602294,0.5420650095602294,0.5430210325047801,0.0012618453560010554,0.0031234953657992156,-0.018622504843251102
d10_e030_static_rearm,pf2_posthoc,0.1,30,False,True,100,1000,all_orders,0.7819762824091766,1.7865949248565955,-9.936258526386222,0.5420650095602294,0.5420650095602294,0.5430210325047801,0.0012618453560010554,0.0031234953657992156,-0.018622504843251102
d10_e030_static_rearm,pf2_posthoc,0.1,30,False,True,150,250,all_orders,-0.45651500478011536,-0.21037145793499099,-3.0813242495219892,0.5401529636711281,0.5401529636711281,0.5411089866156787,-0.0037179553880681525,-0.0018497154667308842,-0.023672603996603814
d10_e030_static_rearm,pf2_posthoc,0.1,30,False,True,150,500,all_orders,-0.946161376625239,-0.4458519597992366,-6.269073967447418,0.5420650095602294,0.5420650095602294,0.5430210325047801,-0.003738154643998932,-0.0018765046342007715,-0.023622504843251135
d10_e030_static_rearm,pf2_posthoc,0.1,30,False,True,150,1000,all_orders,-1.903493141873809,-0.8988744994263875,-12.626486248948373,0.5420650095602294,0.5420650095602294,0.5430210325047801,-0.003738154643998932,-0.0018765046342007715,-0.023622504843251135
d10_e030_static_rearm,pf2_posthoc,0.1,30,False,True,200,250,all_orders,-1.1092088403441682,-0.8630652934990444,-3.7351861921606155,0.5401529636711281,0.5401529636711281,0.5411089866156787,-0.008717955388068178,-0.006849715466730913,-0.02867260399660377
d10_e030_static_rearm,pf2_posthoc,0.1,30,False,True,200,500,all_orders,-2.2769309824091795,-1.7766215655831759,-7.602201642065013,0.5420650095602294,0.5420650095602294,0.5430210325047801,-0.008738154643998956,-0.0068765046342008,-0.028622504843251097
d10_e030_static_rearm,pf2_posthoc,0.1,30,False,True,200,1000,all_orders,-4.588962566156788,-3.5843439237093704,-15.316713971510518,0.5420650095602294,0.5420650095602294,0.5430210325047801,-0.008738154643998956,-0.0068765046342008,-0.028622504843251097
d10_e030_static_rearm,pf2_preorder,0.1,30,False,True,100,250,pf2_preorder,0.2350478747609943,0.48119142160611866,-2.956058712237094,0.6080305927342257,0.6080305927342257,0.6089866156787763,0.001404861570882445,0.0030645401173534418,-0.020169416578696274
d10_e030_static_rearm,pf2_preorder,0.1,30,False,True,100,500,pf2_preorder,0.4470737884321222,0.9473832052581264,-6.028876364531542,0.609942638623327,0.609942638623327,0.6108986615678776,0.0013865251883892551,0.003041000980796081,-0.020120199138526466
d10_e030_static_rearm,pf2_preorder,0.1,30,False,True,100,1000,pf2_preorder,0.9342339114722744,1.9388525539196932,-12.106324769216059,0.609942638623327,0.609942638623327,0.6108986615678776,0.0013865251883892551,0.003041000980796081,-0.020120199138526466
d10_e030_static_rearm,pf2_preorder,0.1,30,False,True,150,250,pf2_preorder,-0.49919155353728556,-0.25304800669216165,-3.691436735181642,0.6080305927342257,0.6080305927342257,0.6089866156787763,-0.0035951384291175548,-0.0019354598826465544,-0.025169416578696324
d10_e030_static_rearm,pf2_preorder,0.1,30,False,True,150,500,pf2_preorder,-1.0502651887667327,-0.5499557719407279,-7.528558654349904,0.609942638623327,0.609942638623327,0.6108986615678776,-0.003613474811610743,-0.0019589990192039157,-0.025120199138526516
d10_e030_static_rearm,pf2_preorder,0.1,30,False,True,150,1000,pf2_preorder,-2.0877618608030613,-1.0831432183556409,-15.133051435372858,0.609942638623327,0.609942638623327,0.6108986615678776,-0.003613474811610743,-0.0019589990192039157,-0.025120199138526516
d10_e030_static_rearm,pf2_preorder,0.1,30,False,True,200,250,pf2_preorder,-1.2334309818355629,-0.9872874349904394,-4.426814758126199,0.6080305927342257,0.6080305927342257,0.6089866156787763,-0.008595138429117575,-0.006935459882646574,-0.03016941657869628
d10_e030_static_rearm,pf2_preorder,0.1,30,False,True,200,500,pf2_preorder,-2.5476041659655837,-2.0472947491395788,-9.02824094416827,0.609942638623327,0.609942638623327,0.6108986615678776,-0.008613474811610762,-0.006958999019203934,-0.030120199138526472
d10_e030_static_rearm,pf2_preorder,0.1,30,False,True,200,1000,pf2_preorder,-5.109757633078395,-4.105138990630976,-18.159778101529653,0.609942638623327,0.609942638623327,0.6108986615678776,-0.008613474811610762,-0.006958999019203934,-0.030120199138526472
d10_e060_rolling_rearm,all_orders,0.1,60,True,True,100,250,all_orders,0.7683918034416803,1.3981346332695948,-8.473407034034416,1.4952198852772467,1.4952198852772467,1.4933078393881454,0.001788701081819817,0.0035434609567842955,-0.023832947263274555
d10_e060_rolling_rearm,all_orders,0.1,60,True,True,100,500,all_orders,1.4165163547801114,2.7042985727533426,-17.48576237370937,1.502868068833652,1.502868068833652,1.5009560229445507,0.0016646933556955382,0.0034105231549604507,-0.023961022466980113
d10_e060_rolling_rearm,all_orders,0.1,60,True,True,100,1000,all_orders,1.847828313575518,4.452308715105159,-36.27822001625241,1.5038240917782026,1.5038240917782026,1.5019120458891013,0.0010379757512014602,0.002782695677739573,-0.024572226207302518
d10_e060_rolling_rearm,all_orders,0.1,60,True,True,150,250,all_orders,-1.0248478302103274,-0.395105000382412,-10.2643462040153,1.4952198852772467,1.4952198852772467,1.4933078393881454,-0.00321129891818019,-0.0014565390432157122,-0.028832947263274573
d10_e060_rolling_rearm,all_orders,0.1,60,True,True,150,500,all_orders,-2.259415587332703,-0.9716333693594715,-21.156981964005716,1.502868068833652,1.502868068833652,1.5009560229445507,-0.0033353066443044697,-0.001589476845039557,-0.02896102246698013
d10_e060_rolling_rearm,all_orders,0.1,60,True,True,150,1000,all_orders,-5.5914971826003965,-2.9870167810707593,-43.70809039292544,1.5038240917782026,1.5038240917782026,1.5019120458891013,-0.003962024248798546,-0.0022173043222604347,-0.029572226207302536
d10_e060_rolling_rearm,all_orders,0.1,60,True,True,200,250,all_orders,-2.8180874638623354,-2.188344634034419,-12.055285373996176,1.4952198852772467,1.4952198852772467,1.4933078393881454,-0.008211298918180185,-0.006456539043215709,-0.03383294726327458
d10_e060_rolling_rearm,all_orders,0.1,60,True,True,200,500,all_orders,-5.935347529445512,-4.647565311472284,-24.828201554302105,1.502868068833652,1.502868068833652,1.5009560229445507,-0.008335306644304466,-0.0065894768450395535,-0.03396102246698013
d10_e060_rolling_rearm,all_orders,0.1,60,True,True,200,1000,all_orders,-13.030822678776318,-10.426342277246674,-51.137960769598514,1.5038240917782026,1.5038240917782026,1.5019120458891013,-0.008962024248798533,-0.007217304322260434,-0.03457222620730254
d10_e060_rolling_rearm,pf2_posthoc,0.1,60,True,True,100,250,all_orders,2.933276677437857,3.378203637284894,-3.5124141772466553,1.0162523900573615,1.0162523900573615,1.0143403441682601,0.011722271120847201,0.013509665288297813,-0.014478552937855197
d10_e060_rolling_rearm,pf2_posthoc,0.1,60,True,True,100,500,all_orders,5.856628918068827,6.757523181931156,-7.327612955736146,1.0210325047801148,1.0210325047801148,1.0191204588910134,0.011449163285264139,0.013228189502492606,-0.01482732044181421
d10_e060_rolling_rearm,pf2_posthoc,0.1,60,True,True,100,1000,all_orders,11.736631180879533,13.547376591969403,-14.83682570535374,1.0210325047801148,1.0210325047801148,1.0191204588910134,0.011449163285264139,0.013228189502492606,-0.01482732044181421
d10_e060_rolling_rearm,pf2_posthoc,0.1,60,True,True,150,250,all_orders,1.7120085104206464,2.156935470267683,-4.731381880592743,1.0162523900573615,1.0162523900573615,1.0143403441682601,0.006722271120847177,0.008509665288297797,-0.019478552937855196
d10_e060_rolling_rearm,pf2_posthoc,0.1,60,True,True,150,500,all_orders,3.355139098900566,4.25603336276291,-9.82439042308796,1.0210325047801148,1.0210325047801148,1.0191204588910134,0.006449163285264115,0.008228189502492584,-0.019827320441814213
d10_e060_rolling_rearm,pf2_posthoc,0.1,60,True,True,150,1000,all_orders,6.683242505544916,8.493987916634783,-19.88075926118548,1.0210325047801148,1.0210325047801148,1.0191204588910134,0.006449163285264115,0.008228189502492584,-0.019827320441814213
d10_e060_rolling_rearm,pf2_posthoc,0.1,60,True,True,200,250,all_orders,0.49074034340343836,0.9356673032504746,-5.950349583938817,1.0162523900573615,1.0162523900573615,1.0143403441682601,0.0017222711208471808,0.0035096652882977927,-0.024478552937855218
d10_e060_rolling_rearm,pf2_posthoc,0.1,60,True,True,200,500,all_orders,0.8536492797323069,1.7545435435946413,-12.321167890439783,1.0210325047801148,1.0210325047801148,1.0191204588910134,0.001449163285264122,0.00322818950249259,-0.02482732044181423
d10_e060_rolling_rearm,pf2_posthoc,0.1,60,True,True,200,1000,all_orders,1.6298538302103094,3.44059924130018,-24.924692817017224,1.0210325047801148,1.0210325047801148,1.0191204588910134,0.001449163285264122,0.00322818950249259,-0.02482732044181423
d10_e060_rolling_rearm,pf2_preorder,0.1,60,True,True,100,250,pf2_preorder,2.0526874518164404,2.5476174709369,-5.250774913384317,1.2007648183556405,1.2007648183556405,1.1988527724665392,0.006850573534052803,0.008531394482389683,-0.018322329231542485
d10_e060_rolling_rearm,pf2_preorder,0.1,60,True,True,100,500,pf2_preorder,4.08355040946462,5.084450791873796,-10.86219987734225,1.2055449330783938,1.2055449330783938,1.2036328871892925,0.006638582510683469,0.008312738824015042,-0.018602366783370815
d10_e060_rolling_rearm,pf2_preorder,0.1,60,True,True,100,1000,pf2_preorder,8.183914240152951,10.19602332237092,-21.950766068642427,1.2055449330783938,1.2055449330783938,1.2036328871892925,0.006638582510683469,0.008312738824015042,-0.018602366783370815
d10_e060_rolling_rearm,pf2_preorder,0.1,60,True,True,150,250,pf2_preorder,0.6117041174952168,1.1066341366156758,-6.689457784034422,1.2007648183556405,1.2007648183556405,1.1988527724665392,0.0018505735340528014,0.003531394482389673,-0.023322329231542486
d10_e060_rolling_rearm,pf2_preorder,0.1,60,True,True,150,500,pf2_preorder,1.132342464101333,2.13324284651051,-13.808695470889104,1.2055449330783938,1.2055449330783938,1.2036328871892925,0.001638582510683463,0.003312738824015031,-0.02360236678337082
d10_e060_rolling_rearm,pf2_preorder,0.1,60,True,True,150,1000,pf2_preorder,2.2195539969407165,4.231663079158688,-27.90567119235182,1.2055449330783938,1.2055449330783938,1.2036328871892925,0.001638582510683463,0.003312738824015031,-0.02360236678337082
d10_e060_rolling_rearm,pf2_preorder,0.1,60,True,True,200,250,pf2_preorder,-0.829279216826007,-0.33434919770554855,-8.128140654684508,1.2007648183556405,1.2007648183556405,1.1988527724665392,-0.003149426465947201,-0.0014686055176103302,-0.02832232923154253
d10_e060_rolling_rearm,pf2_preorder,0.1,60,True,True,200,500,pf2_preorder,-1.8188654812619593,-0.8179650988527792,-16.755191064435948,1.2055449330783938,1.2055449330783938,1.2036328871892925,-0.003361417489316542,-0.0016872611759849705,-0.02860236678337085
d10_e060_rolling_rearm,pf2_preorder,0.1,60,True,True,200,1000,pf2_preorder,-3.744806246271527,-1.732697164053551,-33.860576316061184,1.2055449330783938,1.2055449330783938,1.2036328871892925,-0.003361417489316542,-0.0016872611759849705,-0.02860236678337085
d10_e060_static_rearm,all_orders,0.1,60,False,True,100,250,all_orders,-1.1147831999999993,-0.7340357334608032,-4.659052004971323,0.7934990439770554,0.7934990439770554,0.7934990439770554,-0.006184451723405266,-0.004149645833177674,-0.024522151569274828
d10_e060_static_rearm,all_orders,0.1,60,False,True,100,500,all_orders,-2.4115149017208397,-1.6236116034416823,-9.583208783173987,0.7992351816443595,0.7992351816443595,0.7992351816443595,-0.006492584421073199,-0.004472382400871166,-0.024698673980967624
d10_e060_static_rearm,all_orders,0.1,60,False,True,100,1000,all_orders,-5.8672162227533375,-4.269319855640526,-20.321455190248574,0.8001912045889101,0.8001912045889101,0.8001912045889101,-0.0076606483566674785,-0.005642859958950759,-0.0258449863161319
d10_e060_static_rearm,all_orders,0.1,60,False,True,150,250,all_orders,-2.0724764859464653,-1.6917290194072672,-5.616755099713193,0.7934990439770554,0.7934990439770554,0.7934990439770554,-0.011184451723405285,-0.009149645833177702,-0.02952215156927485
d10_e060_static_rearm,all_orders,0.1,60,False,True,150,500,all_orders,-4.368956676195032,-3.5810533779158735,-11.540631413288715,0.7992351816443595,0.7992351816443595,0.7992351816443595,-0.011492584421073216,-0.009472382400871197,-0.029698673980967642
d10_e060_static_rearm,all_orders,0.1,60,False,True,150,1000,all_orders,-9.828736650573621,-8.230840283460802,-24.282957076003814,0.8001912045889101,0.8001912045889101,0.8001912045889101,-0.012660648356667498,-0.010642859958950777,-0.030844986316131934
d10_e060_static_rearm,all_orders,0.1,60,False,True,200,250,all_orders,-3.0301697718929277,-2.649422305353729,-6.574458194455062,0.7934990439770554,0.7934990439770554,0.7934990439770554,-0.01618445172340525,-0.014149645833177673,-0.03452215156927488
d10_e060_static_rearm,all_orders,0.1,60,False,True,200,500,all_orders,-6.326398450669221,-5.538495152390058,-13.49805404340343,0.7992351816443595,0.7992351816443595,0.7992351816443595,-0.016492584421073184,-0.01447238240087116,-0.03469867398096767
d10_e060_static_rearm,all_orders,0.1,60,False,True,200,1000,all_orders,-13.790257078393887,-12.19236071128107,-28.244458961759083,0.8001912045889101,0.8001912045889101,0.8001912045889101,-0.017660648356667454,-0.01564285995895074,-0.03584498631613196
d10_e060_static_rearm,pf2_posthoc,0.1,60,False,True,100,250,all_orders,0.1339499692160613,0.3802842426386233,-2.3486827554493295,0.5344168260038241,0.5344168260038241,0.5353728489483748,0.0009135844986924116,0.0028018770846594144,-0.018091398837024184
d10_e060_static_rearm,pf2_posthoc,0.1,60,False,True,100,500,all_orders,0.17462031338432155,0.6756962694072658,-4.850670346271512,0.5382409177820268,0.5382409177820268,0.5391969407265774,0.00041069614372308427,0.0022855727965748677,-0.018458608430117915
d10_e060_static_rearm,pf2_posthoc,0.1,60,False,True,100,1000,all_orders,0.35896460086042,1.3638538934034425,-9.755303190726575,0.5382409177820268,0.5382409177820268,0.5391969407265774,0.00041069614372308427,0.0022855727965748677,-0.018458608430117915
d10_e060_static_rearm,pf2_posthoc,0.1,60,False,True,150,250,all_orders,-0.5125848583173992,-0.26625058489483766,-2.9963856900573624,0.5344168260038241,0.5344168260038241,0.5353728489483748,-0.004086415501307586,-0.0021981229153405822,-0.023091398837024227
d10_e060_static_rearm,pf2_posthoc,0.1,60,False,True,150,500,all_orders,-1.1460167598470359,-0.6449408038240912,-6.173665488336521,0.5382409177820268,0.5382409177820268,0.5391969407265774,-0.004589303856276914,-0.002714427203425126,-0.023458608430117957
d10_e060_static_rearm,pf2_posthoc,0.1,60,False,True,150,1000,all_orders,-2.305959303776293,-1.3010700112332696,-12.424985393642437,0.5382409177820268,0.5382409177820268,0.5391969407265774,-0.004589303856276914,-0.002714427203425126,-0.023458608430117957
d10_e060_static_rearm,pf2_posthoc,0.1,60,False,True,200,250,all_orders,-1.1591196858508603,-0.9127854124282988,-3.6440886246653936,0.5344168260038241,0.5344168260038241,0.5353728489483748,-0.009086415501307605,-0.0071981229153406006,-0.028091398837024186
d10_e060_static_rearm,pf2_posthoc,0.1,60,False,True,200,500,all_orders,-2.4666538330783947,-1.9655778770554506,-7.496660630401534,0.5382409177820268,0.5382409177820268,0.5391969407265774,-0.009589303856276933,-0.007714427203425147,-0.028458608430117917
d10_e060_static_rearm,pf2_posthoc,0.1,60,False,True,200,1000,all_orders,-4.970883208413002,-3.965993915869979,-15.094667596558322,0.5382409177820268,0.5382409177820268,0.5391969407265774,-0.009589303856276933,-0.007714427203425147,-0.028458608430117917
d10_e060_static_rearm,pf2_preorder,0.1,60,False,True,100,250,pf2_preorder,0.021323869789674595,0.2676581432122367,-3.055193042256214,0.6147227533460803,0.6147227533460803,0.6147227533460803,-8.444121407245697e-05,0.00155716929223478,-0.02059975917131234
d10_e060_static_rearm,pf2_preorder,0.1,60,False,True,100,500,pf2_preorder,-0.007690599617590581,0.4933853564053533,-6.239893037476101,0.6175908221797323,0.6175908221797323,0.6175908221797323,-0.0002680875999032187,0.0013658993282013544,-0.020688133182728677
d10_e060_static_rearm,pf2_preorder,0.1,60,False,True,100,1000,pf2_preorder,-0.009745184034415409,0.9951441085086037,-12.545671904875727,0.6175908221797323,0.6175908221797323,0.6175908221797323,-0.0002680875999032187,0.0013658993282013544,-0.020688133182728677
d10_e060_static_rearm,pf2_preorder,0.1,60,False,True,150,250,pf2_preorder,-0.7215178411089873,-0.4751835676864248,-3.798013070554492,0.6147227533460803,0.6147227533460803,0.6147227533460803,-0.0050844412140724745,-0.0034428307077652223,-0.025599759171312384
d10_e060_static_rearm,pf2_preorder,0.1,60,False,True,150,500,pf2_preorder,-1.5227824601338464,-1.0217065041109006,-7.754968980210326,0.6175908221797323,0.6175908221797323,0.6175908221797323,-0.005268087599903238,-0.0036341006717986513,-0.02568813318272872
d10_e060_static_rearm,pf2_preorder,0.1,60,False,True,150,1000,pf2_preorder,-3.0674933405831757,-2.0626040480401553,-15.603393818594645,0.6175908221797323,0.6175908221797323,0.6175908221797323,-0.005268087599903238,-0.0036341006717986513,-0.02568813318272872
d10_e060_static_rearm,pf2_preorder,0.1,60,False,True,200,250,pf2_preorder,-1.464359552007649,-1.2180252785850865,-4.54083309885277,0.6147227533460803,0.6147227533460803,0.6147227533460803,-0.010084441214072485,-0.008442830707765246,-0.03059975917131237
d10_e060_static_rearm,pf2_preorder,0.1,60,False,True,200,500,pf2_preorder,-3.0378743206500953,-2.5367983646271517,-9.270044922944555,0.6175908221797323,0.6175908221797323,0.6175908221797323,-0.010268087599903246,-0.00863410067179867,-0.03068813318272871
d10_e060_static_rearm,pf2_preorder,0.1,60,False,True,200,1000,pf2_preorder,-6.125241497131931,-5.120352204588911,-18.661115732313597,0.6175908221797323,0.6175908221797323,0.6175908221797323,-0.010268087599903246,-0.00863410067179867,-0.03068813318272871
d10_e120_rolling_once,all_orders,0.1,120,True,False,100,250,all_orders,-0.7437365192160613,-0.41023747523900633,-5.713383560325039,0.780114722753346,0.780114722753346,0.780114722753346,-0.004402749209107824,-0.0025917470304585807,-0.030727635404616985
d10_e120_rolling_once,all_orders,0.1,120,True,False,100,500,all_orders,-1.5836553082217986,-0.8954538741873811,-11.684340169598464,0.7829827915869981,0.7829827915869981,0.7829827915869981,-0.004322595944623103,-0.0025182274735879606,-0.030551053985569957
d10_e120_rolling_once,all_orders,0.1,120,True,False,100,1000,all_orders,-4.1696703875717045,-2.7719224908221824,-24.53533442676865,0.7839388145315488,0.7839388145315488,0.7839388145315488,-0.005517522167268058,-0.003715354145587832,-0.031713994283774735
d10_e120_rolling_once,all_orders,0.1,120,True,False,150,250,all_orders,-1.6833400981357571,-1.3498410541587014,-6.652987139244746,0.780114722753346,0.780114722753346,0.780114722753346,-0.00940274920910784,-0.007591747030458595,-0.03572763540461702
d10_e120_rolling_once,all_orders,0.1,120,True,False,150,500,all_orders,-3.5020508098470406,-2.813849375812624,-13.60273567122372,0.7829827915869981,0.7829827915869981,0.7829827915869981,-0.009322595944623117,-0.007518227473587975,-0.03555105398556999
d10_e120_rolling_once,all_orders,0.1,120,True,False,150,1000,all_orders,-8.052818198470371,-6.655070301720846,-28.418482237667313,0.7839388145315488,0.7839388145315488,0.7839388145315488,-0.01051752216726808,-0.008715354145587854,-0.036713994283774753
d10_e120_rolling_once,all_orders,0.1,120,True,False,200,250,all_orders,-2.6229436770554497,-2.289444633078394,-7.5925907181644385,0.780114722753346,0.780114722753346,0.780114722753346,-0.01440274920910783,-0.012591747030458594,-0.04072763540461705
d10_e120_rolling_once,all_orders,0.1,120,True,False,200,500,all_orders,-5.4204463114722765,-4.732244877437861,-15.52113117284895,0.7829827915869981,0.7829827915869981,0.7829827915869981,-0.014322595944623108,-0.012518227473587972,-0.040551053985570025
d10_e120_rolling_once,all_orders,0.1,120,True,False,200,1000,all_orders,-11.935966009369029,-10.538218112619505,-32.301630048565976,0.7839388145315488,0.7839388145315488,0.7839388145315488,-0.01551752216726805,-0.013715354145587843,-0.0417139942837748
d10_e120_rolling_once,pf2_posthoc,0.1,120,True,False,100,250,all_orders,1.3372133449330788,1.4858965189292541,-1.3580964590822189,0.41586998087954113,0.41586998087954113,0.41586998087954113,0.013013425302890659,0.01446936400020866,-0.013586642121623367
d10_e120_rolling_once,pf2_posthoc,0.1,120,True,False,100,500,all_orders,2.703002263097509,3.0043157430210266,-2.7559838889101345,0.41586998087954113,0.41586998087954113,0.41586998087954113,0.013013425302890659,0.01446936400020866,-0.013586642121623367
d10_e120_rolling_once,pf2_posthoc,0.1,120,True,False,100,1000,all_orders,5.4128745416825925,6.016887447992348,-5.570751782409182,0.41586998087954113,0.41586998087954113,0.41586998087954113,0.013013425302890659,0.01446936400020866,-0.013586642121623367
d10_e120_rolling_once,pf2_posthoc,0.1,120,True,False,150,250,all_orders,0.8342967487571685,0.9829799227533444,-1.8610130552581263,0.41586998087954113,0.41586998087954113,0.41586998087954113,0.00801342530289066,0.009469364000208638,-0.018586642121623382
d10_e120_rolling_once,pf2_posthoc,0.1,120,True,False,150,500,all_orders,1.6802374782982767,1.9815509582217945,-3.7787486737093707,0.41586998087954113,0.41586998087954113,0.41586998087954113,0.00801342530289066,0.009469364000208638,-0.018586642121623382
d10_e120_rolling_once,pf2_posthoc,0.1,120,True,False,150,1000,all_orders,3.350229023326954,3.9542419296367033,-7.63339730076482,0.41586998087954113,0.41586998087954113,0.41586998087954113,0.00801342530289066,0.009469364000208638,-0.018586642121623382
d10_e120_rolling_once,pf2_posthoc,0.1,120,True,False,200,250,all_orders,0.33138015258126063,0.4800633265774378,-2.3639296514340353,0.41586998087954113,0.41586998087954113,0.41586998087954113,0.003013425302890654,0.004469364000208661,-0.023586642121623366
d10_e120_rolling_once,pf2_posthoc,0.1,120,True,False,200,500,all_orders,0.6574726934990417,0.9587861734225607,-4.801513458508606,0.41586998087954113,0.41586998087954113,0.41586998087954113,0.003013425302890654,0.004469364000208661,-0.023586642121623366
d10_e120_rolling_once,pf2_posthoc,0.1,120,True,False,200,1000,all_orders,1.2875835049713142,1.8915964112810661,-9.69604281912046,0.41586998087954113,0.41586998087954113,0.41586998087954113,0.003013425302890654,0.004469364000208661,-0.023586642121623366
d10_e120_rolling_once,pf2_preorder,0.1,120,True,False,100,250,pf2_preorder,0.6765477730401529,0.8752340063097508,-3.3557158933078406,0.621414913957935,0.621414913957935,0.621414913957935,0.004252267676093495,0.005551412975238809,-0.022454002545960056
d10_e120_rolling_once,pf2_preorder,0.1,120,True,False,100,500,pf2_preorder,1.3363489691204598,1.737668567590822,-6.842126647514344,0.6233269598470363,0.6233269598470363,0.6233269598470363,0.004126067809329748,0.005421228000195476,-0.022498281338423028
d10_e120_rolling_once,pf2_preorder,0.1,120,True,False,100,1000,pf2_preorder,2.6628634351816447,3.4682400126195034,-13.806069587762906,0.6233269598470363,0.6233269598470363,0.6233269598470363,0.004126067809329748,0.005421228000195476,-0.022498281338423028
d10_e120_rolling_once,pf2_preorder,0.1,120,True,False,150,250,pf2_preorder,-0.07225738346080363,0.1264288498087942,-4.104521049808799,0.621414913957935,0.621414913957935,0.621414913957935,-0.0007477323239065348,0.0005514129752387731,-0.027454002545960105
d10_e120_rolling_once,pf2_preorder,0.1,120,True,False,150,500,pf2_preorder,-0.19226829918738192,0.2090512992829812,-8.370743915822189,0.6233269598470363,0.6233269598470363,0.6233269598470363,-0.0008739321906702835,0.0004212280001954378,-0.027498281338423084
d10_e120_rolling_once,pf2_preorder,0.1,120,True,False,150,1000,pf2_preorder,-0.4231027702676897,0.3822738071701694,-16.892035793212262,0.6233269598470363,0.6233269598470363,0.6233269598470363,-0.0008739321906702835,0.0004212280001954378,-0.027498281338423084
d10_e120_rolling_once,pf2_preorder,0.1,120,True,False,200,250,pf2_preorder,-0.8210625399617606,-0.6223763066921616,-4.853326206309751,0.621414913957935,0.621414913957935,0.621414913957935,-0.005747732323906526,-0.004448587024761232,-0.032454002545960085
d10_e120_rolling_once,pf2_preorder,0.1,120,True,False,200,500,pf2_preorder,-1.7208855674952217,-1.3195659690248576,-9.899361184130019,0.6233269598470363,0.6233269598470363,0.6233269598470363,-0.005873932190670277,-0.004578771999804569,-0.03249828133842305
d10_e120_rolling_once,pf2_preorder,0.1,120,True,False,200,1000,pf2_preorder,-3.5090689757170224,-2.703692398279163,-19.978001998661565,0.6233269598470363,0.6233269598470363,0.6233269598470363,-0.005873932190670277,-0.004578771999804569,-0.03249828133842305
d10_e120_rolling_rearm,all_orders,0.1,120,True,True,100,250,all_orders,0.6900478381453139,1.3197906679732276,-8.551750999330784,1.502868068833652,1.502868068833652,1.5009560229445507,0.0015668469160193446,0.0033126767152842607,-0.023924527875935443
d10_e120_rolling_rearm,all_orders,0.1,120,True,True,100,500,all_orders,1.341472841013381,2.6292550589866104,-17.560805887476093,1.5095602294455066,1.5095602294455066,1.5076481835564053,0.0015577813589530644,0.003295871570760819,-0.023954322423922182
d10_e120_rolling_rearm,all_orders,0.1,120,True,True,100,1000,all_orders,1.6983939151051528,4.302874316634793,-36.42765441472278,1.5105162523900573,1.5105162523900573,1.508604206500956,0.0009339080172616433,0.002670898171973323,-0.02456281911345929
d10_e120_rolling_rearm,all_orders,0.1,120,True,True,150,250,all_orders,-1.1125778460325073,-0.48283501620459185,-10.352076219837478,1.502868068833652,1.502868068833652,1.5009560229445507,-0.003433153083980663,-0.0016873232847157487,-0.028924527875935458
d10_e120_rolling_rearm,all_orders,0.1,120,True,True,150,500,all_orders,-2.350998668690255,-1.0632164507170243,-21.24856504536327,1.5095602294455066,1.5095602294455066,1.5076481835564053,-0.0034422186410469446,-0.0017041284292391916,-0.0289543224239222
d10_e120_rolling_rearm,all_orders,0.1,120,True,True,150,1000,all_orders,-5.774179143594658,-3.169698742065023,-43.89077235391973,1.5105162523900573,1.5105162523900573,1.508604206500956,-0.004066091982738358,-0.002329101828026684,-0.029562819113459305
d10_e120_rolling_rearm,all_orders,0.1,120,True,True,200,250,all_orders,-2.915203530210327,-2.285460700382412,-12.15240144034417,1.502868068833652,1.502868068833652,1.5009560229445507,-0.008433153083980655,-0.006687323284715745,-0.03392452787593546
d10_e120_rolling_rearm,all_orders,0.1,120,True,True,200,500,all_orders,-6.043470178393885,-4.755687960420658,-24.93632420325047,1.5095602294455066,1.5095602294455066,1.5076481835564053,-0.00844221864104694,-0.006704128429239186,-0.0339543224239222
d10_e120_rolling_rearm,all_orders,0.1,120,True,True,200,1000,all_orders,-13.246752202294479,-10.642271800764838,-51.353890293116685,1.5105162523900573,1.5105162523900573,1.508604206500956,-0.00906609198273835,-0.007329101828026686,-0.03456281911345931
d10_e120_rolling_rearm,pf2_posthoc,0.1,120,True,True,100,250,all_orders,2.8747148036328856,3.3196417634799222,-3.570976051051627,1.0210325047801148,1.0210325047801148,1.0191204588910134,0.011432789298152814,0.013211815515381278,-0.014645684707408754
d10_e120_rolling_rearm,pf2_posthoc,0.1,120,True,True,100,500,all_orders,5.821865113097507,6.7227593769598375,-7.362376760707464,1.0248565965583174,1.0248565965583174,1.022944550669216,0.011338092451722029,0.013110480511423524,-0.014840369038682275
d10_e120_rolling_rearm,pf2_posthoc,0.1,120,True,True,100,1000,all_orders,11.666754383556396,13.477499794646269,-14.906702502676872,1.0248565965583174,1.0248565965583174,1.022944550669216,0.011338092451722029,0.013110480511423524,-0.014840369038682275
d10_e120_rolling_rearm,pf2_posthoc,0.1,120,True,True,150,250,all_orders,1.647565317304012,2.092492277151047,-4.795825073709378,1.0210325047801148,1.0210325047801148,1.0191204588910134,0.00643278929815279,0.008211815515381263,-0.019645684707408753
d10_e120_rolling_rearm,pf2_posthoc,0.1,120,True,True,150,500,all_orders,3.3108777126672964,4.21177197652964,-9.868651809321229,1.0248565965583174,1.0248565965583174,1.022944550669216,0.006338092451722005,0.008110480511423504,-0.019840369038682273
d10_e120_rolling_rearm,pf2_posthoc,0.1,120,True,True,150,1000,all_orders,6.594317844933063,8.40506325602293,-19.969683921797337,1.0248565965583174,1.0248565965583174,1.022944550669216,0.006338092451722005,0.008110480511423504,-0.019840369038682273
d10_e120_rolling_rearm,pf2_posthoc,0.1,120,True,True,200,250,all_orders,0.4204158309751402,0.8653427908221767,-6.020674096367117,1.0210325047801148,1.0210325047801148,1.0191204588910134,0.0014327892981527942,0.003211815515381258,-0.02464568470740878
d10_e120_rolling_rearm,pf2_posthoc,0.1,120,True,True,200,500,all_orders,0.7998903122370872,1.7007845760994202,-12.374926857935003,1.0248565965583174,1.0248565965583174,1.022944550669216,0.0013380924517220113,0.003110480511423505,-0.024840369038682298
d10_e120_rolling_rearm,pf2_posthoc,0.1,120,True,True,200,1000,all_orders,1.5218813063097358,3.332626717399605,-25.0326653409178,1.0248565965583174,1.0248565965583174,1.022944550669216,0.0013380924517220113,0.003110480511423505,-0.024840369038682298
d10_e120_rolling_rearm,pf2_preorder,0.1,120,True,True,100,250,pf2_preorder,1.9941255780114695,2.4890555971319284,-5.309336787189291,1.2055449330783938,1.2055449330783938,1.2036328871892925,0.006624714613589972,0.00829887092692155,-0.01844857512898146
d10_e120_rolling_rearm,pf2_preorder,0.1,120,True,True,100,500,pf2_preorder,4.0487866044933,5.049686986902478,-10.89696368231357,1.2093690248565965,1.2093690248565965,1.2074569789674952,0.006559668984629065,0.008228531523056824,-0.018601465606239074
d10_e120_rolling_rearm,pf2_preorder,0.1,120,True,True,100,1000,pf2_preorder,8.114037442829815,10.126146525047787,-22.020642865965563,1.2093690248565965,1.2093690248565965,1.2074569789674952,0.006559668984629065,0.008228531523056824,-0.018601465606239074
d10_e120_rolling_rearm,pf2_preorder,0.1,120,True,True,150,250,pf2_preorder,0.5472609243785822,1.0421909434990413,-6.753900977151058,1.2055449330783938,1.2055449330783938,1.2036328871892925,0.0016247146135899674,0.003298870926921535,-0.02344857512898145
d10_e120_rolling_rearm,pf2_preorder,0.1,120,True,True,150,500,pf2_preorder,1.0880810778680634,2.0889814602772407,-13.852956857122372,1.2093690248565965,1.2093690248565965,1.2074569789674952,0.0015596689846290599,0.0032285315230568138,-0.023601465606239068
d10_e120_rolling_rearm,pf2_preorder,0.1,120,True,True,150,1000,pf2_preorder,2.130629336328862,4.142738418546834,-27.99459585296368,1.2093690248565965,1.2093690248565965,1.2074569789674952,0.0015596689846290599,0.0032285315230568138,-0.023601465606239068
d10_e120_rolling_rearm,pf2_preorder,0.1,120,True,True,200,250,pf2_preorder,-0.8996037292543051,-0.4046737101338466,-8.198465167112806,1.2055449330783938,1.2055449330783938,1.2036328871892925,-0.0033752853864100355,-0.0017011290730784665,-0.028448575128981496
d10_e120_rolling_rearm,pf2_preorder,0.1,120,True,True,200,500,pf2_preorder,-1.872624448757179,-0.8717240663479994,-16.808950031931168,1.2093690248565965,1.2093690248565965,1.2074569789674952,-0.003440331015370944,-0.0017714684769431896,-0.028601465606239104
d10_e120_rolling_rearm,pf2_preorder,0.1,120,True,True,200,1000,pf2_preorder,-3.8527787701721,-1.840669687954124,-33.96854883996176,1.2093690248565965,1.2093690248565965,1.2074569789674952,-0.003440331015370944,-0.0017714684769431896,-0.028601465606239104
d10_e120_static_once,all_orders,0.1,120,False,False,100,250,all_orders,-1.6318741151051617,-1.3975637900573628,-4.123179899043976,0.6137667304015296,0.6137667304015296,0.6137667304015296,-0.011669530594333226,-0.010025363062315225,-0.028318526407693372
d10_e120_static_once,all_orders,0.1,120,False,False,100,500,all_orders,-3.3991466132887167,-2.912525007170171,-8.43460947179732,0.615678776290631,0.615678776290631,0.615678776290631,-0.011656944846738806,-0.010017883425068694,-0.02825423570415684
d10_e120_static_once,all_orders,0.1,120,False,False,100,1000,all_orders,-7.91661077246654,-6.921277789674949,-18.070925925430213,0.6166347992351816,0.6166347992351816,0.6166347992351816,-0.013164704774904296,-0.011528184533732897,-0.029736263398434853
d10_e120_static_once,all_orders,0.1,120,False,False,150,250,all_orders,-2.3738588934990457,-2.1395485684512443,-4.865164677437859,0.6137667304015296,0.6137667304015296,0.6137667304015296,-0.016669530594333255,-0.015025363062315252,-0.0333185264076934
d10_e120_static_once,all_orders,0.1,120,False,False,150,500,all_orders,-4.910884582934993,-4.424262976816446,-9.946347441443594,0.615678776290631,0.615678776290631,0.615678776290631,-0.016656944846738832,-0.015017883425068719,-0.03325423570415687
d10_e120_static_once,all_orders,0.1,120,False,False,150,1000,all_orders,-10.974459854206506,-9.979126871414921,-21.12877500717017,0.6166347992351816,0.6166347992351816,0.6166347992351816,-0.01816470477490432,-0.01652818453373293,-0.03473626339843488
d10_e120_static_once,all_orders,0.1,120,False,False,200,250,all_orders,-3.115843671892925,-2.8815333468451256,-5.607149455831733,0.6137667304015296,0.6137667304015296,0.6137667304015296,-0.021669530594333204,-0.02002536306231522,-0.038318526407693405
d10_e120_static_once,all_orders,0.1,120,False,False,200,500,all_orders,-6.422622552581268,-5.936000946462722,-11.458085411089854,0.615678776290631,0.615678776290631,0.615678776290631,-0.021656944846738788,-0.020017883425068685,-0.03825423570415687
d10_e120_static_once,all_orders,0.1,120,False,False,200,1000,all_orders,-14.032308935946471,-13.036975953154885,-24.186624088910115,0.6166347992351816,0.6166347992351816,0.6166347992351816,-0.02316470477490427,-0.021528184533732873,-0.0397362633984349
d10_e120_static_once,pf2_posthoc,0.1,120,False,False,100,250,all_orders,-0.3263552411089868,-0.22645810917782042,-1.8787163787762904,0.3546845124282983,0.3546845124282983,0.3546845124282983,-0.004305548804559304,-0.0031674835155506243,-0.022203164588159935
d10_e120_static_once,pf2_posthoc,0.1,120,False,False,100,500,all_orders,-0.683926518260039,-0.4841322543977062,-3.8206109828871897,0.3546845124282983,0.3546845124282983,0.3546845124282983,-0.004305548804559304,-0.0031674835155506243,-0.022203164588159935
d10_e120_static_once,pf2_posthoc,0.1,120,False,False,100,1000,all_orders,-1.444984203824092,-1.0426582956022945,-7.758606718164438,0.3546845124282983,0.3546845124282983,0.3546845124282983,-0.004305548804559304,-0.0031674835155506243,-0.022203164588159935
d10_e120_static_once,pf2_posthoc,0.1,120,False,False,150,250,all_orders,-0.7561350495219887,-0.6562379175908221,-2.3084961871892933,0.3546845124282983,0.3546845124282983,0.3546845124282983,-0.009305548804559305,-0.008167483515550616,-0.027203164588159953
d10_e120_static_once,pf2_posthoc,0.1,120,False,False,150,500,all_orders,-1.5572743686902488,-1.3574801048279155,-4.6939588333174065,0.3546845124282983,0.3546845124282983,0.3546845124282983,-0.009305548804559305,-0.008167483515550616,-0.027203164588159953
d10_e120_static_once,pf2_posthoc,0.1,120,False,False,150,1000,all_orders,-3.205232381739962,-2.8029064735181644,-9.518854896080308,0.3546845124282983,0.3546845124282983,0.3546845124282983,-0.009305548804559305,-0.008167483515550616,-0.027203164588159953
d10_e120_static_once,pf2_posthoc,0.1,120,False,False,200,250,all_orders,-1.1859148579349916,-1.0860177260038246,-2.738275995602296,0.3546845124282983,0.3546845124282983,0.3546845124282983,-0.014305548804559313,-0.013167483515550624,-0.032203164588159916
d10_e120_static_once,pf2_posthoc,0.1,120,False,False,200,500,all_orders,-2.430622219120461,-2.230827955258128,-5.567306683747611,0.3546845124282983,0.3546845124282983,0.3546845124282983,-0.014305548804559313,-0.013167483515550624,-0.032203164588159916
d10_e120_static_once,pf2_posthoc,0.1,120,False,False,200,1000,all_orders,-4.965480559655838,-4.563154651434037,-11.279103073996184,0.3546845124282983,0.3546845124282983,0.3546845124282983,-0.014305548804559313,-0.013167483515550624,-0.032203164588159916
d10_e120_static_once,pf2_preorder,0.1,120,False,False,100,250,pf2_preorder,-0.4691621142447421,-0.3692649823135763,-2.8171927547801126,0.4808795411089866,0.4808795411089866,0.4808795411089866,-0.004367271174791278,-0.00352786317832563,-0.024376259944505246
d10_e120_static_once,pf2_preorder,0.1,120,False,False,100,500,pf2_preorder,-0.9614470609942627,-0.7616527971319313,-5.716679422370936,0.48279158699808794,0.48279158699808794,0.48279158699808794,-0.004367641772405369,-0.003531558164044534,-0.024297387022239277
d10_e120_static_once,pf2_preorder,0.1,120,False,False,100,1000,pf2_preorder,-1.9873052128107098,-1.5849793045889113,-11.54837084378585,0.48279158699808794,0.48279158699808794,0.48279158699808794,-0.004367641772405369,-0.003531558164044534,-0.024297387022239277
d10_e120_static_once,pf2_preorder,0.1,120,False,False,150,250,pf2_preorder,-1.0506173812141502,-0.9507202492829835,-3.3986480217495245,0.4808795411089866,0.4808795411089866,0.4808795411089866,-0.009367271174791319,-0.008527863178325663,-0.029376259944505257
d10_e120_static_once,pf2_preorder,0.1,120,False,False,150,500,pf2_preorder,-2.1474523529636724,-1.9476580891013398,-6.902684714340349,0.48279158699808794,0.48279158699808794,0.48279158699808794,-0.009367641772405403,-0.008531558164044563,-0.029297387022239295
d10_e120_static_once,pf2_preorder,0.1,120,False,False,150,1000,pf2_preorder,-4.37854769541109,-3.9762217871892918,-13.93961332638623,0.48279158699808794,0.48279158699808794,0.48279158699808794,-0.009367641772405403,-0.008531558164044563,-0.029297387022239295
d10_e120_static_once,pf2_preorder,0.1,120,False,False,200,250,pf2_preorder,-1.6320726481835577,-1.5321755162523916,-3.9801032887189285,0.4808795411089866,0.4808795411089866,0.4808795411089866,-0.014367271174791309,-0.013527863178325657,-0.03437625994450523
d10_e120_static_once,pf2_preorder,0.1,120,False,False,200,500,pf2_preorder,-3.3334576449330835,-3.1336633810707504,-8.088690006309754,0.48279158699808794,0.48279158699808794,0.48279158699808794,-0.014367641772405399,-0.013531558164044558,-0.034297387022239265
d10_e120_static_once,pf2_preorder,0.1,120,False,False,200,1000,pf2_preorder,-6.769790178011479,-6.367464269789681,-16.33085580898663,0.48279158699808794,0.48279158699808794,0.48279158699808794,-0.014367641772405399,-0.013531558164044558,-0.034297387022239265
d10_e120_static_rearm,all_orders,0.1,120,False,True,100,250,all_orders,-2.046717006405353,-1.714679291300191,-5.280588297036328,0.8164435946462715,0.8164435946462715,0.8164435946462715,-0.010838878440828476,-0.009108459497294772,-0.027093572760392204
d10_e120_static_rearm,all_orders,0.1,120,False,True,100,500,all_orders,-4.205865554684511,-3.5184261187380477,-10.744403699999992,0.8202676864244742,0.8202676864244742,0.8202676864244742,-0.010816462607335974,-0.009094110884984248,-0.026995377466202442
d10_e120_static_rearm,all_orders,0.1,120,False,True,100,1000,all_orders,-9.516348497514333,-8.119379855066915,-22.698432589292537,0.8212237093690249,0.8212237093690249,0.8212237093690249,-0.011949577433769211,-0.010229230777450495,-0.028109657700250482
d10_e120_static_rearm,all_orders,0.1,120,False,True,150,250,all_orders,-3.032817503871895,-2.700779788766734,-6.266698603298279,0.8164435946462715,0.8164435946462715,0.8164435946462715,-0.015838878440828492,-0.01410845949729479,-0.03209357276039222
d10_e120_static_rearm,all_orders,0.1,120,False,True,150,500,all_orders,-6.21770607820268,-5.530266642256217,-12.756225079158696,0.8202676864244742,0.8202676864244742,0.8202676864244742,-0.015816462607335994,-0.014094110884984265,-0.03199537746620246
d10_e120_static_rearm,all_orders,0.1,120,False,True,150,1000,all_orders,-13.583921800286811,-12.186953157839396,-26.76598735000001,0.8212237093690249,0.8212237093690249,0.8212237093690249,-0.016949577433769222,-0.015229230777450507,-0.033109657700250504
d10_e120_static_rearm,all_orders,0.1,120,False,True,200,250,all_orders,-4.018918001338435,-3.6868802862332712,-7.252808909560225,0.8164435946462715,0.8164435946462715,0.8164435946462715,-0.020838878440828445,-0.019108459497294755,-0.037093572760392275
d10_e120_static_rearm,all_orders,0.1,120,False,True,200,500,all_orders,-8.22954660172084,-7.542107165774378,-14.768046458317375,0.8202676864244742,0.8202676864244742,0.8202676864244742,-0.02081646260733595,-0.019094110884984233,-0.03699537746620251
d10_e120_static_rearm,all_orders,0.1,120,False,True,200,1000,all_orders,-17.651495103059283,-16.254526460611864,-30.833542110707434,0.8212237093690249,0.8212237093690249,0.8212237093690249,-0.021949577433769185,-0.020229230777450466,-0.03810965770025059
d10_e120_static_rearm,pf2_posthoc,0.1,120,False,True,100,250,all_orders,-0.5251342127151057,-0.3275096907265778,-2.697369423040151,0.5411089866156787,0.5411089866156787,0.5420650095602294,-0.004312014546310516,-0.0028200632310376467,-0.020711984821075956
d10_e120_static_rearm,pf2_posthoc,0.1,120,False,True,100,500,all_orders,-1.0540353927342252,-0.6534232990439766,-5.446170316252389,0.5430210325047801,0.5430210325047801,0.5439770554493308,-0.004312480848768734,-0.002825782883197531,-0.02065480541729166
d10_e120_static_rearm,pf2_posthoc,0.1,120,False,True,100,1000,all_orders,-2.1664493093690274,-1.3624877414913974,-11.008562225239006,0.5430210325047801,0.5430210325047801,0.5439770554493308,-0.004312480848768734,-0.002825782883197531,-0.02065480541729166
d10_e120_static_rearm,pf2_posthoc,0.1,120,False,True,150,250,all_orders,-1.1795375987093706,-0.9819130767208422,-3.3529409161089894,0.5411089866156787,0.5411089866156787,0.5420650095602294,-0.00931201454631055,-0.007820063231037677,-0.02571198482107598
d10_e120_static_rearm,pf2_posthoc,0.1,120,False,True,150,500,all_orders,-2.387707388814537,-1.9870952951242868,-6.782200381166351,0.5430210325047801,0.5430210325047801,0.5439770554493308,-0.009312480848768765,-0.007825782883197558,-0.025654805417291683
d10_e120_static_rearm,pf2_posthoc,0.1,120,False,True,150,1000,all_orders,-4.855947253250484,-4.051985685372857,-13.702818467399613,0.5430210325047801,0.5430210325047801,0.5439770554493308,-0.009312480848768765,-0.007825782883197558,-0.025654805417291683
d10_e120_static_rearm,pf2_posthoc,0.1,120,False,True,200,250,all_orders,-1.8339409847036323,-1.6363164627151046,-4.008512409177819,0.5411089866156787,0.5411089866156787,0.5420650095602294,-0.014312014546310557,-0.012820063231037682,-0.03071198482107593
d10_e120_static_rearm,pf2_posthoc,0.1,120,False,True,200,500,all_orders,-3.7213793848948398,-3.3207672912045907,-8.118230446080307,0.5430210325047801,0.5430210325047801,0.5439770554493308,-0.014312480848768776,-0.012825782883197563,-0.030654805417291636
d10_e120_static_rearm,pf2_posthoc,0.1,120,False,True,200,1000,all_orders,-7.545445197131936,-6.741483629254305,-16.397074709560247,0.5430210325047801,0.5430210325047801,0.5439770554493308,-0.014312480848768776,-0.012825782883197563,-0.030654805417291636
d10_e120_static_rearm,pf2_preorder,0.1,120,False,True,100,250,pf2_preorder,-0.47668932743785913,-0.27906480544933093,-3.2743890310707475,0.6338432122370937,0.6338432122370937,0.6338432122370937,-0.0033866377535269722,-0.0021129658916198136,-0.02148231426567863
d10_e120_static_rearm,pf2_preorder,0.1,120,False,True,100,500,pf2_preorder,-1.0029968984703632,-0.6023848047801149,-6.668361191013383,0.6367112810707457,0.6367112810707457,0.6367112810707457,-0.003549943730830448,-0.0022820091295625137,-0.021564108186621068
d10_e120_static_rearm,pf2_preorder,0.1,120,False,True,100,1000,pf2_preorder,-2.0435418954110887,-1.2395803275334618,-13.443105901147247,0.6367112810707457,0.6367112810707457,0.6367112810707457,-0.003549943730830448,-0.0022820091295625137,-0.021564108186621068
d10_e120_static_rearm,pf2_preorder,0.1,120,False,True,150,250,pf2_preorder,-1.2422485212715129,-1.0446239992829849,-4.039926542304019,0.6338432122370937,0.6338432122370937,0.6338432122370937,-0.008386637753527002,-0.0071129658916198445,-0.02648231426567868
d10_e120_static_rearm,pf2_preorder,0.1,120,False,True,150,500,pf2_preorder,-2.5652388443594707,-2.1646267506692216,-8.230587219120459,0.6367112810707457,0.6367112810707457,0.6367112810707457,-0.008549943730830479,-0.007282009129562542,-0.026564108186621114
d10_e120_static_rearm,pf2_preorder,0.1,120,False,True,150,1000,pf2_preorder,-5.195436371319318,-4.391474803441691,-16.594974134225616,0.6367112810707457,0.6367112810707457,0.6367112810707457,-0.008549943730830479,-0.007282009129562542,-0.026564108186621114
d10_e120_static_rearm,pf2_preorder,0.1,120,False,True,200,250,pf2_preorder,-2.0078077151051636,-1.8101831931166341,-4.805464053537283,0.6338432122370937,0.6338432122370937,0.6338432122370937,-0.013386637753526982,-0.012112965891619844,-0.03148231426567865
d10_e120_static_rearm,pf2_preorder,0.1,120,False,True,200,500,pf2_preorder,-4.127480790248562,-3.7268686965583178,-9.792813247227539,0.6367112810707457,0.6367112810707457,0.6367112810707457,-0.013549943730830462,-0.012282009129562543,-0.03156410818662108
d10_e120_static_rearm,pf2_preorder,0.1,120,False,True,200,1000,pf2_preorder,-8.347330847227536,-7.543369279349908,-19.746842367304023,0.6367112810707457,0.6367112810707457,0.6367112810707457,-0.013549943730830462,-0.012282009129562543,-0.03156410818662108
d11_e120_rolling_rearm,all_orders,0.11,120,True,True,100,250,all_orders,-1.7163265534799221,-1.1048847848374759,-8.50545010271511,1.3938814531548758,1.3938814531548758,1.3919694072657744,-0.005424494926279709,-0.003584202698971258,-0.025635350112948718
d11_e120_rolling_rearm,all_orders,0.11,120,True,True,100,500,all_orders,-3.6147128067304024,-2.3576663344550655,-17.43329378521989,1.3996175908221797,1.3996175908221797,1.3977055449330784,-0.005587543005015539,-0.0037547929589665497,-0.02571567655354327
d11_e120_rolling_rearm,all_orders,0.11,120,True,True,100,1000,all_orders,-8.386640362609945,-5.842151404674956,-36.21208432628108,1.4005736137667304,1.4005736137667304,1.398661567877629,-0.006255313818673303,-0.004423814796546524,-0.026370602123235734
d11_e120_rolling_rearm,all_orders,0.11,120,True,True,150,250,all_orders,-3.3887259261567917,-2.777284157514341,-10.175556831988537,1.3938814531548758,1.3938814531548758,1.3919694072657744,-0.01042449492627973,-0.008584202698971267,-0.030635350112948705
d11_e120_rolling_rearm,all_orders,0.11,120,True,True,150,500,all_orders,-7.039137101252396,-5.782090628977058,-20.853022606510503,1.3996175908221797,1.3996175908221797,1.3977055449330784,-0.010587543005015566,-0.008754792958966558,-0.030715676553543257
d11_e120_rolling_rearm,all_orders,0.11,120,True,True,150,1000,all_orders,-15.314209136410136,-12.769720178475158,-43.13015196719407,1.4005736137667304,1.4005736137667304,1.398661567877629,-0.011255313818673326,-0.00942381479654654,-0.031370602123235745
d11_e120_rolling_rearm,all_orders,0.11,120,True,True,200,250,all_orders,-5.0611252988336535,-4.449683530191205,-11.84566356126196,1.3938814531548758,1.3938814531548758,1.3919694072657744,-0.015424494926279704,-0.013584202698971244,-0.03563535011294873
d11_e120_rolling_rearm,all_orders,0.11,120,True,True,200,500,all_orders,-10.463561395774384,-9.206514923499048,-24.27275142780116,1.3996175908221797,1.3996175908221797,1.3977055449330784,-0.015587543005015534,-0.013754792958966538,-0.03571567655354329
d11_e120_rolling_rearm,all_orders,0.11,120,True,True,200,1000,all_orders,-22.241777910210327,-19.69728895227534,-50.0482196081071,1.4005736137667304,1.4005736137667304,1.398661567877629,-0.016255313818673296,-0.014423814796546516,-0.03637060212323576
d11_e120_rolling_rearm,pf2_posthoc,0.11,120,True,True,100,250,all_orders,1.2776259254588909,1.7478690134130028,-3.614985348441679,0.9397705544933078,0.9397705544933078,0.9378585086042065,0.005419169584501838,0.00746633087703673,-0.016148379606674028
d11_e120_rolling_rearm,pf2_posthoc,0.11,120,True,True,100,500,all_orders,2.468925902007648,3.423275490917781,-7.469002370936902,0.9426386233269598,0.9426386233269598,0.9407265774378585,0.005039272760706125,0.0070802053677667745,-0.01646329385534175
d11_e120_rolling_rearm,pf2_posthoc,0.11,120,True,True,100,1000,all_orders,4.85006545391014,6.768861123126199,-15.17194409293499,0.9426386233269598,0.9426386233269598,0.9407265774378585,0.005039272760706125,0.0070802053677667745,-0.01646329385534175
d11_e120_rolling_rearm,pf2_posthoc,0.11,120,True,True,150,250,all_orders,0.14926307810229436,0.6195061660564053,-4.741055552394837,0.9397705544933078,0.9397705544933078,0.9378585086042065,0.00041916958450182877,0.0024663308770367207,-0.021148379606674057
d11_e120_rolling_rearm,pf2_posthoc,0.11,120,True,True,150,500,all_orders,0.159944098087954,1.1142936869980882,-9.77328870162524,0.9426386233269598,0.9426386233269598,0.9407265774378585,3.927276070611509e-05,0.002080205367766764,-0.02146329385534178
d11_e120_rolling_rearm,pf2_posthoc,0.11,120,True,True,150,1000,all_orders,0.18551477097036134,2.104310440186421,-19.82699364298758,0.9426386233269598,0.9426386233269598,0.9407265774378585,3.927276070611509e-05,0.002080205367766764,-0.02146329385534178
d11_e120_rolling_rearm,pf2_posthoc,0.11,120,True,True,200,250,all_orders,-0.9790997692543034,-0.5088566813001922,-5.867125756347991,0.9397705544933078,0.9397705544933078,0.9378585086042065,-0.004580830415498175,-0.0025336691229632894,-0.026148379606674075
d11_e120_rolling_rearm,pf2_posthoc,0.11,120,True,True,200,500,all_orders,-2.1490377058317414,-1.1946881169216084,-12.077575032313575,0.9426386233269598,0.9426386233269598,0.9407265774378585,-0.004960727239293887,-0.0029197946322332435,-0.026463293855341807
d11_e120_rolling_rearm,pf2_posthoc,0.11,120,True,True,200,1000,all_orders,-4.479035911969414,-2.5602402427533497,-24.482043193040163,0.9426386233269598,0.9426386233269598,0.9407265774378585,-0.004960727239293887,-0.0029197946322332435,-0.026463293855341807
d11_e120_rolling_rearm,pf2_preorder,0.11,120,True,True,100,250,pf2_preorder,-0.04208111947418743,0.4805335937189291,-5.3684208159368945,1.1137667304015297,1.1137667304015297,1.1118546845124282,-0.0003443037152001254,0.001574971011134449,-0.020194313452348674
d11_e120_rolling_rearm,pf2_preorder,0.11,120,True,True,100,500,pf2_preorder,-0.18523254445506712,0.8752757442638618,-11.023273828871886,1.1166347992351817,1.1166347992351817,1.1147227533460804,-0.0006502008456482976,0.0012641442366974028,-0.0204496632114842
d11_e120_rolling_rearm,pf2_preorder,0.11,120,True,True,100,1000,pf2_preorder,-0.49646386635755174,1.6360646518068827,-22.329267743986605,1.1166347992351817,1.1166347992351817,1.1147227533460804,-0.0006502008456482976,0.0012641442366974028,-0.0204496632114842
d11_e120_rolling_rearm,pf2_preorder,0.11,120,True,True,150,250,pf2_preorder,-1.378298574383365,-0.8556838611902499,-6.702345627442642,1.1137667304015297,1.1137667304015297,1.1118546845124282,-0.0053443037152001195,-0.0034250289888655486,-0.025194313452348665
d11_e120_rolling_rearm,pf2_preorder,0.11,120,True,True,150,500,pf2_preorder,-2.919507357456977,-1.8589990687380513,-13.752853168642451,1.1166347992351817,1.1166347992351817,1.1147227533460804,-0.005650200845648293,-0.003735855763302594,-0.02544966321148419
d11_e120_rolling_rearm,pf2_preorder,0.11,120,True,True,150,1000,pf2_preorder,-6.020767354746655,-3.888238836582223,-27.84407009948856,1.1166347992351817,1.1166347992351817,1.1147227533460804,-0.005650200845648293,-0.003735855763302594,-0.02544966321148419
d11_e120_rolling_rearm,pf2_preorder,0.11,120,True,True,200,250,pf2_preorder,-2.714516029292545,-2.191901316099428,-8.036270438948383,1.1137667304015297,1.1137667304015297,1.1118546845124282,-0.010344303715200117,-0.008425028988865544,-0.030194313452348683
d11_e120_rolling_rearm,pf2_preorder,0.11,120,True,True,200,500,pf2_preorder,-5.653782170458891,-4.5932738817399645,-16.482432508413012,1.1166347992351817,1.1166347992351817,1.1147227533460804,-0.010650200845648291,-0.008735855763302587,-0.030449663211484203
d11_e120_rolling_rearm,pf2_preorder,0.11,120,True,True,200,1000,pf2_preorder,-11.545070843135758,-9.412542324971325,-33.35887245499042,1.1166347992351817,1.1166347992351817,1.1147227533460804,-0.010650200845648291,-0.008735855763302587,-0.030449663211484203
d12_e010_rolling_rearm,all_orders,0.12,10,True,True,100,250,all_orders,0.9287566178967503,1.576016426692161,-4.531660468145319,0.9130019120458891,0.9130019120458891,0.9130019120458891,0.003800102086653342,0.006770116365568138,-0.021046253911764116
d12_e010_rolling_rearm,all_orders,0.12,10,True,True,100,500,all_orders,1.8422088191969437,3.1695510754110874,-9.293382710439767,0.9177820267686424,0.9177820267686424,0.9177820267686424,0.0036570055758664063,0.006611551030411856,-0.021059942318392613
d12_e010_rolling_rearm,all_orders,0.12,10,True,True,100,1000,all_orders,2.560562622179734,5.241447975908227,-19.877200991587006,0.9187380497131931,0.9187380497131931,0.9187380497131931,0.0026297091356420913,0.005581180141223398,-0.022061518729590647
d12_e010_rolling_rearm,all_orders,0.12,10,True,True,150,250,all_orders,-0.166337630707456,0.4809221780879547,-5.626754716749522,0.9130019120458891,0.9130019120458891,0.9130019120458891,-0.0011998979133466617,0.001770116365568152,-0.02604625391176411
d12_e010_rolling_rearm,all_orders,0.12,10,True,True,150,500,all_orders,-0.402675176558315,0.924667079655837,-11.53826670619502,0.9177820267686424,0.9177820267686424,0.9177820267686424,-0.0013429944241335966,0.0016115510304118698,-0.026059942318392624
d12_e010_rolling_rearm,all_orders,0.12,10,True,True,150,1000,all_orders,-1.9852466411089815,0.695638712619509,-24.423010254875717,0.9187380497131931,0.9187380497131931,0.9187380497131931,-0.0023702908643579088,0.000581180141223402,-0.027061518729590638
d12_e010_rolling_rearm,all_orders,0.12,10,True,True,200,250,all_orders,-1.2614318793116632,-0.6141720705162516,-6.721848965353733,0.9130019120458891,0.9130019120458891,0.9130019120458891,-0.006199897913346665,-0.0032298836344318658,-0.031046253911764108
d12_e010_rolling_rearm,all_orders,0.12,10,True,True,200,500,all_orders,-2.6475591723135747,-1.3202169160994248,-13.783150701950298,0.9177820267686424,0.9177820267686424,0.9177820267686424,-0.0063429944241336,-0.0033884489695881494,-0.031059942318392618
d12_e010_rolling_rearm,all_orders,0.12,10,True,True,200,1000,all_orders,-6.531055904397703,-3.8501705506692168,-28.968819518164423,0.9187380497131931,0.9187380497131931,0.9187380497131931,-0.007370290864357915,-0.004418819858776606,-0.03206151872959065
d12_e010_rolling_rearm,pf2_posthoc,0.12,10,True,True,100,250,all_orders,1.8826918324282989,2.380040513116636,-2.006434469674951,0.627151051625239,0.627151051625239,0.627151051625239,0.012094544266606751,0.01533733805818105,-0.013613828747335781
d12_e010_rolling_rearm,pf2_posthoc,0.12,10,True,True,100,500,all_orders,3.733433402753345,4.741215276558315,-4.19018023013384,0.6290630975143403,0.6290630975143403,0.6290630975143403,0.01169172679384519,0.014924664069335682,-0.013938505268687179
d12_e010_rolling_rearm,pf2_posthoc,0.12,10,True,True,100,1000,all_orders,7.389514999235185,9.412388574760996,-8.577406473040138,0.6290630975143403,0.6290630975143403,0.6290630975143403,0.01169172679384519,0.014924664069335682,-0.013938505268687179
d12_e010_rolling_rearm,pf2_posthoc,0.12,10,True,True,150,250,all_orders,1.1293970840152965,1.6267457647036332,-2.7597292180879545,0.627151051625239,0.627151051625239,0.627151051625239,0.007094544266606747,0.01033733805818103,-0.018613828747335803
d12_e010_rolling_rearm,pf2_posthoc,0.12,10,True,True,150,500,all_orders,2.1921513163671142,3.1999331901720844,-5.731462316520072,0.6290630975143403,0.6290630975143403,0.6290630975143403,0.006691726793845193,0.009924664069335658,-0.018938505268687206
d12_e010_rolling_rearm,pf2_posthoc,0.12,10,True,True,150,1000,all_orders,4.2753551175908235,6.298228693116638,-11.691566354684502,0.6290630975143403,0.6290630975143403,0.6290630975143403,0.006691726793845193,0.009924664069335658,-0.018938505268687206
d12_e010_rolling_rearm,pf2_posthoc,0.12,10,True,True,200,250,all_orders,0.37610233560229445,0.8734510162906312,-3.5130239665009526,0.627151051625239,0.627151051625239,0.627151051625239,0.002094544266606746,0.00533733805818103,-0.02361382874733574
d12_e010_rolling_rearm,pf2_posthoc,0.12,10,True,True,200,500,all_orders,0.6508692299808798,1.6586511037858505,-7.272744402906307,0.6290630975143403,0.6290630975143403,0.6290630975143403,0.0016917267938451883,0.0049246640693356575,-0.023938505268687137
d12_e010_rolling_rearm,pf2_posthoc,0.12,10,True,True,200,1000,all_orders,1.1611952359464628,3.184068811472274,-14.805726236328878,0.6290630975143403,0.6290630975143403,0.6290630975143403,0.0016917267938451883,0.0049246640693356575,-0.023938505268687137
d12_e010_rolling_rearm,pf2_preorder,0.12,10,True,True,100,250,pf2_preorder,1.9958493697131938,2.549417706233273,-2.1602805270363277,0.7151051625239006,0.7151051625239006,0.7151051625239006,0.011321142270343362,0.01448108393295883,-0.012805209172122517
d12_e010_rolling_rearm,pf2_preorder,0.12,10,True,True,100,500,pf2_preorder,4.006240538508603,5.126461723977057,-4.467457530325048,0.7170172084130019,0.7170172084130019,0.7170172084130019,0.01096979947956392,0.014121314631079086,-0.013092215025722045
d12_e010_rolling_rearm,pf2_preorder,0.12,10,True,True,100,1000,pf2_preorder,7.895519939961761,10.143272138814542,-9.184489868833639,0.7170172084130019,0.7170172084130019,0.7170172084130019,0.01096979947956392,0.014121314631079086,-0.013092215025722045
d12_e010_rolling_rearm,pf2_preorder,0.12,10,True,True,150,250,pf2_preorder,1.1372956843977065,1.6908640209177828,-3.018834212351819,0.7151051625239006,0.7151051625239006,0.7151051625239006,0.006321142270343363,0.009481083932958828,-0.01780520917212254
d12_e010_rolling_rearm,pf2_preorder,0.12,10,True,True,150,500,pf2_preorder,2.249818348871896,3.3700395343403473,-6.223879719961756,0.7170172084130019,0.7170172084130019,0.7170172084130019,0.005969799479563925,0.009121314631079082,-0.018092215025722072
d12_e010_rolling_rearm,pf2_preorder,0.12,10,True,True,150,1000,pf2_preorder,4.346338283938819,6.5940904827915885,-12.733671524856597,0.7170172084130019,0.7170172084130019,0.7170172084130019,0.005969799479563925,0.009121314631079082,-0.018092215025722072
d12_e010_rolling_rearm,pf2_preorder,0.12,10,True,True,200,250,pf2_preorder,0.27874199908221825,0.8323103356022951,-3.8773878976673046,0.7151051625239006,0.7151051625239006,0.7151051625239006,0.001321142270343356,0.004481083932958826,-0.0228052091721225
d12_e010_rolling_rearm,pf2_preorder,0.12,10,True,True,200,500,pf2_preorder,0.4933961592351819,1.6136173447036337,-7.980301909598467,0.7170172084130019,0.7170172084130019,0.7170172084130019,0.0009697994795639181,0.004121314631079079,-0.02309221502572202
d12_e010_rolling_rearm,pf2_preorder,0.12,10,True,True,200,1000,pf2_preorder,0.7971566279158704,3.0449088267686437,-16.282853180879545,0.7170172084130019,0.7170172084130019,0.7170172084130019,0.0009697994795639181,0.004121314631079079,-0.02309221502572202
d12_e010_static_rearm,all_orders,0.12,10,False,True,100,250,all_orders,0.06641729850860394,0.37990670577437824,-2.7131197798852766,0.4321223709369025,0.4321223709369025,0.4321223709369025,8.085966092441506e-05,0.0032184300551319793,-0.02651961149234985
d12_e010_static_rearm,all_orders,0.12,10,False,True,100,500,all_orders,0.05817108688336484,0.7116848153728487,-5.595212381567882,0.43307839388145314,0.43307839388145314,0.43307839388145314,-0.00016214444428733785,0.002968499745959502,-0.02670389491068904
d12_e010_static_rearm,all_orders,0.12,10,False,True,100,1000,all_orders,-0.9358652018355679,0.39338604099426067,-12.330273458049716,0.4340344168260038,0.4340344168260038,0.4340344168260038,-0.0023282517769644398,0.0007954967212333859,-0.02881154023793355
d12_e010_static_rearm,all_orders,0.12,10,False,True,150,250,all_orders,-0.45275741284894827,-0.13926800558317437,-3.2322811566347975,0.4321223709369025,0.4321223709369025,0.4321223709369025,-0.004919140339075562,-0.0017815699448680132,-0.03151961149234994
d12_e010_static_rearm,all_orders,0.12,10,False,True,150,500,all_orders,-1.0042969126959844,-0.35078318420650123,-6.657672430860421,0.43307839388145314,0.43307839388145314,0.43307839388145314,-0.005162144444287312,-0.002031500254040487,-0.03170389491068913
d12_e010_static_rearm,all_orders,0.12,10,False,True,150,1000,all_orders,-3.0870082344933105,-1.7577569916634797,-14.481419309063098,0.4340344168260038,0.4340344168260038,0.4340344168260038,-0.007328251776964433,-0.004204503278766595,-0.033811540237933646
d12_e010_static_rearm,all_orders,0.12,10,False,True,200,250,all_orders,-0.9719321242065017,-0.658442716940727,-3.751442533384323,0.4321223709369025,0.4321223709369025,0.4321223709369025,-0.009919140339075583,-0.006781569944868018,-0.03651961149234979
d12_e010_static_rearm,all_orders,0.12,10,False,True,200,500,all_orders,-2.0667649122753344,-1.4132511837858504,-7.720132480152967,0.43307839388145314,0.43307839388145314,0.43307839388145314,-0.010162144444287338,-0.007031500254040492,-0.036703894910688976
d12_e010_static_rearm,all_orders,0.12,10,False,True,200,1000,all_orders,-5.238151267151051,-3.9089000243212215,-16.63256516007649,0.4340344168260038,0.4340344168260038,0.4340344168260038,-0.012328251776964472,-0.009204503278766612,-0.038811540237933505
d12_e010_static_rearm,pf2_posthoc,0.12,10,False,True,100,250,all_orders,0.5236625375143404,0.7993699180114721,-1.2896396422179741,0.30210325047801145,0.30210325047801145,0.30210325047801145,0.006902350735062088,0.010642281690182916,-0.018051038610445075
d12_e010_static_rearm,pf2_posthoc,0.12,10,False,True,100,500,all_orders,1.0849955255066914,1.6440541870745695,-2.6227291972466547,0.30210325047801145,0.30210325047801145,0.30210325047801145,0.006902350735062088,0.010642281690182916,-0.018051038610445075
d12_e010_static_rearm,pf2_posthoc,0.12,10,False,True,100,1000,all_orders,2.0776462784703624,3.1990963740726577,-5.394008884053539,0.30210325047801145,0.30210325047801145,0.30210325047801145,0.006902350735062088,0.010642281690182916,-0.018051038610445075
d12_e010_static_rearm,pf2_posthoc,0.12,10,False,True,150,250,all_orders,0.1597638682217973,0.4354712487189296,-1.6535383115105153,0.30210325047801145,0.30210325047801145,0.30210325047801145,0.0019023507350620899,0.005642281690182926,-0.023051038610445093
d12_e010_static_rearm,pf2_posthoc,0.12,10,False,True,150,500,all_orders,0.3430714526959841,0.9021301142638635,-3.364653270057359,0.30210325047801145,0.30210325047801145,0.30210325047801145,0.0019023507350620899,0.005642281690182926,-0.023051038610445093
d12_e010_static_rearm,pf2_posthoc,0.12,10,False,True,150,1000,all_orders,0.5792060203824083,1.7006561159847047,-6.892449142141489,0.30210325047801145,0.30210325047801145,0.30210325047801145,0.0019023507350620899,0.005642281690182926,-0.023051038610445093
d12_e010_static_rearm,pf2_posthoc,0.12,10,False,True,200,250,all_orders,-0.2041348010707459,0.07157257942638615,-2.01743698080306,0.30210325047801145,0.30210325047801145,0.30210325047801145,-0.003097649264937918,0.0006422816901829084,-0.028051038610445073
d12_e010_static_rearm,pf2_posthoc,0.12,10,False,True,200,500,all_orders,-0.3988526201147233,0.16020604145315437,-4.106577342868069,0.30210325047801145,0.30210325047801145,0.30210325047801145,-0.003097649264937918,0.0006422816901829084,-0.028051038610445073
d12_e010_static_rearm,pf2_posthoc,0.12,10,False,True,200,1000,all_orders,-0.9192342377055464,0.20221585789674845,-8.390889400229444,0.30210325047801145,0.30210325047801145,0.30210325047801145,-0.003097649264937918,0.0006422816901829084,-0.028051038610445073
d12_e010_static_rearm,pf2_preorder,0.12,10,False,True,100,250,pf2_preorder,0.6868623195411087,0.9625697000382406,-1.8646839137284903,0.361376673040153,0.361376673040153,0.361376673040153,0.00731013630077216,0.010436639427275289,-0.022058275720498625
d12_e010_static_rearm,pf2_preorder,0.12,10,False,True,100,500,pf2_preorder,1.3385958734990424,1.8976545350669205,-3.877174585391969,0.36233269598470363,0.36233269598470363,0.36233269598470363,0.0070006108751764565,0.010118864653060843,-0.02229031193231789
d12_e010_static_rearm,pf2_preorder,0.12,10,False,True,100,1000,pf2_preorder,2.5637461905162517,3.685196286118545,-7.939169698585083,0.36233269598470363,0.36233269598470363,0.36233269598470363,0.0070006108751764565,0.010118864653060843,-0.02229031193231789
d12_e010_static_rearm,pf2_preorder,0.12,10,False,True,150,250,pf2_preorder,0.2530785890630979,0.5287859695602299,-2.298467644206499,0.361376673040153,0.361376673040153,0.361376673040153,0.0023101363007721628,0.00543663942727529,-0.027058275720498657
d12_e010_static_rearm,pf2_preorder,0.12,10,False,True,150,500,pf2_preorder,0.4503072519311656,1.0093659134990458,-4.765463206959845,0.36233269598470363,0.36233269598470363,0.36233269598470363,0.0020006108751764555,0.005118864653060841,-0.027290311932317925
d12_e010_static_rearm,pf2_preorder,0.12,10,False,True,150,1000,pf2_preorder,0.7695061943785851,1.8909562899808805,-9.733409694722749,0.36233269598470363,0.36233269598470363,0.36233269598470363,0.0020006108751764555,0.005118864653060841,-0.027290311932317925
d12_e010_static_rearm,pf2_preorder,0.12,10,False,True,200,250,pf2_preorder,-0.18070514141491395,0.09500223908221785,-2.7322513746845134,0.361376673040153,0.361376673040153,0.361376673040153,-0.0026898636992278486,0.00043663942727527924,-0.032058275720498575
d12_e010_static_rearm,pf2_preorder,0.12,10,False,True,200,500,pf2_preorder,-0.43798136963671136,0.12107729193116716,-5.653751828527723,0.36233269598470363,0.36233269598470363,0.36233269598470363,-0.0029993891248235507,0.00011886465306083163,-0.032290311932317836
d12_e010_static_rearm,pf2_preorder,0.12,10,False,True,200,1000,pf2_preorder,-1.0247338017590824,0.0967162938432118,-11.52764969086042,0.36233269598470363,0.36233269598470363,0.36233269598470363,-0.0029993891248235507,0.00011886465306083163,-0.032290311932317836
d12_e030_rolling_once,all_orders,0.12,30,True,False,100,250,all_orders,-2.977521412466538,-2.4936112021414916,-6.191263163900571,0.7170172084130019,0.7170172084130019,0.7170172084130019,-0.017492188256655366,-0.014655824620291734,-0.03609217225680385
d12_e030_rolling_once,all_orders,0.12,30,True,False,100,500,all_orders,-6.020727970019123,-5.027728811319312,-12.562292731013377,0.719885277246654,0.719885277246654,0.719885277246654,-0.017259825396905473,-0.01443476201407317,-0.035785705875141016
d12_e030_rolling_once,all_orders,0.12,30,True,False,100,1000,all_orders,-13.132107569560224,-11.123241183326963,-26.300509730172067,0.7208413001912046,0.7208413001912046,0.7208413001912046,-0.01854141034131235,-0.0157200937268923,-0.03704272068628766
d12_e030_rolling_once,all_orders,0.12,30,True,False,150,250,all_orders,-3.8423267351434047,-3.3584165248183555,-7.056068486577429,0.7170172084130019,0.7170172084130019,0.7170172084130019,-0.022492188256655415,-0.019655824620291782,-0.04109217225680378
d12_e030_rolling_once,all_orders,0.12,30,True,False,150,500,all_orders,-7.785492155411095,-6.7924929967112835,-14.327056916405345,0.719885277246654,0.719885277246654,0.719885277246654,-0.022259825396905523,-0.019434762014073223,-0.04078570587514095
d12_e030_rolling_once,all_orders,0.12,30,True,False,150,1000,all_orders,-16.70221537193116,-14.693348985697892,-29.870617532543026,0.7208413001912046,0.7208413001912046,0.7208413001912046,-0.02354141034131241,-0.020720093726892357,-0.04204272068628756
d12_e030_rolling_once,all_orders,0.12,30,True,False,200,250,all_orders,-4.707132057820269,-4.223221847495223,-7.9208738092542985,0.7170172084130019,0.7170172084130019,0.7170172084130019,-0.02749218825665533,-0.024655824620291686,-0.04609217225680378
d12_e030_rolling_once,all_orders,0.12,30,True,False,200,500,all_orders,-9.550256340803056,-8.557257182103253,-16.091821101797322,0.719885277246654,0.719885277246654,0.719885277246654,-0.027259825396905437,-0.024434762014073134,-0.04578570587514095
d12_e030_rolling_once,all_orders,0.12,30,True,False,200,1000,all_orders,-20.272323174302134,-18.263456788068844,-33.44072533491395,0.7208413001912046,0.7208413001912046,0.7208413001912046,-0.028541410341312322,-0.025720093726892258,-0.04704272068628755
d12_e030_rolling_once,pf2_posthoc,0.12,30,True,False,100,250,all_orders,-0.07989282279158733,0.25410625942638665,-1.9217533505162525,0.39101338432122373,0.39101338432122373,0.39101338432122373,-0.0009840672082908634,0.0024833699999776554,-0.020428215154537233
d12_e030_rolling_once,pf2_posthoc,0.12,30,True,False,100,500,all_orders,-0.16632212894837542,0.5071166473422564,-3.902893008489486,0.39101338432122373,0.39101338432122373,0.39101338432122373,-0.0009840672082908634,0.0024833699999776554,-0.020428215154537233
d12_e030_rolling_once,pf2_posthoc,0.12,30,True,False,100,1000,all_orders,-0.35925348588910255,0.9916011221414904,-7.876711478240918,0.39101338432122373,0.39101338432122373,0.39101338432122373,-0.0009840672082908634,0.0024833699999776554,-0.020428215154537233
d12_e030_rolling_once,pf2_posthoc,0.12,30,True,False,150,250,all_orders,-0.5528990896367111,-0.21890000741873783,-2.394759617361378,0.39101338432122373,0.39101338432122373,0.39101338432122373,-0.005984067208290851,-0.0025166300000223503,-0.02542821515453727
d12_e030_rolling_once,pf2_posthoc,0.12,30,True,False,150,500,all_orders,-1.1279594243977054,-0.45452064810707454,-4.864530303938814,0.39101338432122373,0.39101338432122373,0.39101338432122373,-0.005984067208290851,-0.0025166300000223503,-0.02542821515453727
d12_e030_rolling_once,pf2_posthoc,0.12,30,True,False,150,1000,all_orders,-2.2983093860038237,-0.9474547779732316,-9.815767378355645,0.39101338432122373,0.39101338432122373,0.39101338432122373,-0.005984067208290851,-0.0025166300000223503,-0.02542821515453727
d12_e030_rolling_once,pf2_posthoc,0.12,30,True,False,200,250,all_orders,-1.0259053564818357,-0.6919062742638621,-2.8677658842065012,0.39101338432122373,0.39101338432122373,0.39101338432122373,-0.010984067208290855,-0.007516630000022354,-0.030428215154537197
d12_e030_rolling_once,pf2_posthoc,0.12,30,True,False,200,500,all_orders,-2.0895967198470373,-1.416157943556406,-5.826167599388149,0.39101338432122373,0.39101338432122373,0.39101338432122373,-0.010984067208290855,-0.007516630000022354,-0.030428215154537197
d12_e030_rolling_once,pf2_posthoc,0.12,30,True,False,200,1000,all_orders,-4.237365286118549,-2.886510678087955,-11.754823278470374,0.39101338432122373,0.39101338432122373,0.39101338432122373,-0.010984067208290855,-0.007516630000022354,-0.030428215154537197
d12_e030_rolling_once,pf2_preorder,0.12,30,True,False,100,250,pf2_preorder,-1.4734220745697904,-1.083203336520076,-3.7972198107074564,0.5669216061185468,0.5669216061185468,0.5669216061185468,-0.011086598562690965,-0.008296471320624428,-0.02804100149637488
d12_e030_rolling_once,pf2_preorder,0.12,30,True,False,100,500,pf2_preorder,-3.12687960359465,-2.341001515640536,-7.849147691548758,0.5688336520076482,0.5688336520076482,0.5688336520076482,-0.011496238720310642,-0.008715490057209035,-0.028393652064301514
d12_e030_rolling_once,pf2_preorder,0.12,30,True,False,100,1000,pf2_preorder,-6.388151088260042,-4.812417856902488,-15.892144147533452,0.5688336520076482,0.5688336520076482,0.5688336520076482,-0.011496238720310642,-0.008715490057209035,-0.028393652064301514
d12_e030_rolling_once,pf2_preorder,0.12,30,True,False,150,250,pf2_preorder,-2.1568614739961776,-1.7666427359464627,-4.480659210133843,0.5669216061185468,0.5669216061185468,0.5669216061185468,-0.016086598562690978,-0.013296471320624425,-0.03304100149637493
d12_e030_rolling_once,pf2_preorder,0.12,30,True,False,150,500,pf2_preorder,-4.5236075510898655,-3.737729463135748,-9.245875639043977,0.5688336520076482,0.5688336520076482,0.5688336520076482,-0.016496238720310658,-0.013715490057209043,-0.03339365206430155
d12_e030_rolling_once,pf2_preorder,0.12,30,True,False,150,1000,pf2_preorder,-9.205669651510515,-7.629936420152953,-18.70966271078394,0.5688336520076482,0.5688336520076482,0.5688336520076482,-0.016496238720310658,-0.013715490057209043,-0.03339365206430155
d12_e030_rolling_once,pf2_preorder,0.12,30,True,False,200,250,pf2_preorder,-2.8403008734225605,-2.4500821353728486,-5.164098609560229,0.5669216061185468,0.5669216061185468,0.5669216061185468,-0.021086598562690902,-0.01829647132062439,-0.038041001496374856
d12_e030_rolling_once,pf2_preorder,0.12,30,True,False,200,500,pf2_preorder,-5.920335498585081,-5.134457410630976,-10.642603586539206,0.5688336520076482,0.5688336520076482,0.5688336520076482,-0.021496238720310583,-0.018715490057209006,-0.038393652064301474
d12_e030_rolling_once,pf2_preorder,0.12,30,True,False,200,1000,pf2_preorder,-12.023188214761003,-10.447454983403448,-21.527181274034433,0.5688336520076482,0.5688336520076482,0.5688336520076482,-0.021496238720310583,-0.018715490057209006,-0.038393652064301474
d12_e030_rolling_rearm,all_orders,0.12,30,True,True,100,250,all_orders,-2.1995546760229416,-1.552294867227533,-7.690868588068839,1.2275334608030593,1.2275334608030593,1.2265774378585086,-0.007791533693838454,-0.005582527746514751,-0.026390462102681873
d12_e030_rolling_rearm,all_orders,0.12,30,True,True,100,500,all_orders,-4.626614181644359,-3.2992719254302103,-15.824829879541102,1.2342256214149139,1.2342256214149139,1.2332695984703632,-0.008046948484678431,-0.005849920106395217,-0.02654515047176134
d12_e030_rolling_rearm,all_orders,0.12,30,True,True,100,1000,all_orders,-10.545354208795409,-7.864468855066914,-33.10596929483749,1.2351816443594645,1.2351816443594645,1.2342256214149139,-0.008802001058203984,-0.006606673166281665,-0.027286459319947196
d12_e030_rolling_rearm,all_orders,0.12,30,True,True,150,250,all_orders,-3.672872730286806,-3.0256129214913945,-9.163097158585085,1.2275334608030593,1.2275334608030593,1.2265774378585086,-0.012791533693838458,-0.010582527746514754,-0.031390462102681885
d12_e030_rolling_rearm,all_orders,0.12,30,True,True,150,500,all_orders,-7.646448848757169,-6.319106592543024,-18.842376630783924,1.2342256214149139,1.2342256214149139,1.2332695984703632,-0.013046948484678442,-0.010849920106395218,-0.03154515047176135
d12_e030_rolling_rearm,all_orders,0.12,30,True,True,150,1000,all_orders,-16.65646524091776,-13.975579887189287,-39.21239554684514,1.2351816443594645,1.2351816443594645,1.2342256214149139,-0.013802001058203997,-0.011606673166281674,-0.032286459319947204
d12_e030_rolling_rearm,all_orders,0.12,30,True,True,200,250,all_orders,-5.146190784550668,-4.498930975755257,-10.63532572910134,1.2275334608030593,1.2275334608030593,1.2265774378585086,-0.017791533693838436,-0.01558252774651473,-0.03639046210268192
d12_e030_rolling_rearm,all_orders,0.12,30,True,True,200,500,all_orders,-10.666283515869976,-9.338941259655819,-21.859923382026764,1.2342256214149139,1.2342256214149139,1.2332695984703632,-0.018046948484678412,-0.015849920106395195,-0.03654515047176137
d12_e030_rolling_rearm,all_orders,0.12,30,True,True,200,1000,all_orders,-22.76757627304014,-20.08669091931166,-45.318821798852746,1.2351816443594645,1.2351816443594645,1.2342256214149139,-0.01880200105820397,-0.016606673166281654,-0.037286459319947236
d12_e030_rolling_rearm,pf2_posthoc,0.12,30,True,True,100,250,all_orders,0.9327461736902485,1.4300948543785847,-2.9872769544168243,0.8269598470363289,0.8269598470363289,0.8260038240917782,0.004381645140303767,0.0068409199695207866,-0.015278857971235156
d12_e030_rolling_rearm,pf2_posthoc,0.12,30,True,True,100,500,all_orders,1.6995771737667302,2.707359047571698,-6.286660627380496,0.8307839388145315,0.8307839388145315,0.8298279158699808,0.003778307418768443,0.00622626222575661,-0.015792289385484052
d12_e030_rolling_rearm,pf2_posthoc,0.12,30,True,True,100,1000,all_orders,3.251755664550675,5.274629240076488,-12.838017279999992,0.8307839388145315,0.8307839388145315,0.8298279158699808,0.003778307418768443,0.00622626222575661,-0.015792289385484052
d12_e030_rolling_rearm,pf2_posthoc,0.12,30,True,True,150,250,all_orders,-0.06063745954110828,0.436711221147229,-3.979571103900571,0.8269598470363289,0.8269598470363289,0.8260038240917782,-0.0006183548596962383,0.0018409199695207988,-0.02027885797123517
d12_e030_rolling_rearm,pf2_posthoc,0.12,30,True,True,150,500,all_orders,-0.33560216745697824,0.6721797063479947,-8.319552052734222,0.8307839388145315,0.8307839388145315,0.8298279158699808,-0.0012216925812315634,0.0012262622257566249,-0.020792289385484067
d12_e030_rolling_rearm,pf2_posthoc,0.12,30,True,True,150,1000,all_orders,-0.8597843467686399,1.1630892287571757,-16.94487251120458,0.8307839388145315,0.8307839388145315,0.8298279158699808,-0.0012216925812315634,0.0012262622257566249,-0.020792289385484067
d12_e030_rolling_rearm,pf2_posthoc,0.12,30,True,True,200,250,all_orders,-1.0540210927724663,-0.5566724120841302,-4.971865253384321,0.8269598470363289,0.8269598470363289,0.8260038240917782,-0.005618354859696244,-0.003159080030479219,-0.025278857971235177
d12_e030_rolling_rearm,pf2_posthoc,0.12,30,True,True,200,500,all_orders,-2.3707815086806887,-1.3629996348757163,-10.352443478087952,0.8307839388145315,0.8307839388145315,0.8298279158699808,-0.006221692581231566,-0.003773737774243391,-0.02579228938548407
d12_e030_rolling_rearm,pf2_posthoc,0.12,30,True,True,200,1000,all_orders,-4.971324358087956,-2.9484507825621398,-21.051727742409177,0.8307839388145315,0.8307839388145315,0.8298279158699808,-0.006221692581231566,-0.003773737774243391,-0.02579228938548407
d12_e030_rolling_rearm,pf2_preorder,0.12,30,True,True,100,250,pf2_preorder,-0.5185618874952194,0.03500644902485705,-4.705588610248567,0.982791586998088,0.982791586998088,0.9818355640535373,-0.002473338179647283,-0.00017408101657689164,-0.020170853129508788
d12_e030_rolling_rearm,pf2_preorder,0.12,30,True,True,100,500,pf2_preorder,-1.2285890289101327,-0.10836784344168202,-9.764911266003827,0.9866156787762906,0.9866156787762906,0.98565965583174,-0.002954811577645726,-0.0006644662640446012,-0.020584131972316698
d12_e030_rolling_rearm,pf2_preorder,0.12,30,True,True,100,1000,pf2_preorder,-2.7277168478776264,-0.47996464902485214,-19.930578128948383,0.9866156787762906,0.9866156787762906,0.98565965583174,-0.002954811577645726,-0.0006644662640446012,-0.020584131972316698
d12_e030_rolling_rearm,pf2_preorder,0.12,30,True,True,150,250,pf2_preorder,-1.698234579999998,-1.1446662434799233,-5.884171819005734,0.982791586998088,0.982791586998088,0.9818355640535373,-0.00747333817964728,-0.005174081016576888,-0.025170853129508775
d12_e030_rolling_rearm,pf2_preorder,0.12,30,True,True,150,500,pf2_preorder,-3.644758354837466,-2.5245371693690206,-12.17879267606118,0.9866156787762906,0.9866156787762906,0.98565965583174,-0.00795481157764572,-0.005664466264044596,-0.025584131972316678
d12_e030_rolling_rearm,pf2_preorder,0.12,30,True,True,150,1000,pf2_preorder,-7.609889138355632,-5.3621369395028635,-24.808065639311653,0.9866156787762906,0.9866156787762906,0.98565965583174,-0.00795481157764572,-0.005664466264044596,-0.025584131972316678
d12_e030_rolling_rearm,pf2_preorder,0.12,30,True,True,200,250,pf2_preorder,-2.877907272504778,-2.3243389359847044,-7.062755027762907,0.982791586998088,0.982791586998088,0.9818355640535373,-0.012473338179647273,-0.010174081016576884,-0.0301708531295088
d12_e030_rolling_rearm,pf2_preorder,0.12,30,True,True,200,500,pf2_preorder,-6.060927680764817,-4.940706495296367,-14.592674086118553,0.9866156787762906,0.9866156787762906,0.98565965583174,-0.01295481157764572,-0.010664466264044598,-0.0305841319723167
d12_e030_rolling_rearm,pf2_preorder,0.12,30,True,True,200,1000,pf2_preorder,-12.492061428833653,-10.24430922998088,-29.685553149674945,0.9866156787762906,0.9866156787762906,0.98565965583174,-0.01295481157764572,-0.010664466264044598,-0.0305841319723167
d12_e030_static_once,all_orders,0.12,30,False,False,100,250,all_orders,-1.2358021346845125,-0.9770568956787764,-2.9203873736902493,0.4961759082217973,0.4961759082217973,0.4961759082217973,-0.010846842969097426,-0.008569736645748336,-0.024832282372608483
d12_e030_static_once,all_orders,0.12,30,False,False,100,500,all_orders,-2.612072433957936,-2.0709761433269587,-6.022530388068834,0.49904397705544934,0.49904397705544934,0.49904397705544934,-0.01096388479808033,-0.008699865292681514,-0.024868948113065458
d12_e030_static_once,all_orders,0.12,30,False,False,100,1000,all_orders,-6.2680713849330765,-5.162272991051623,-13.144471480535383,0.5,0.5,0.5,-0.012823561640683798,-0.010563871044473129,-0.026702037836519813
d12_e030_static_once,all_orders,0.12,30,False,False,150,250,all_orders,-1.8340239771701714,-1.5752787381644362,-3.5186092161759044,0.4961759082217973,0.4961759082217973,0.4961759082217973,-0.015846842969097448,-0.01356973664574833,-0.029832282372608578
d12_e030_static_once,all_orders,0.12,30,False,False,150,500,all_orders,-3.83364160466539,-3.292545314034416,-7.244099558776291,0.49904397705544934,0.49904397705544934,0.49904397705544934,-0.015963884798080342,-0.013699865292681508,-0.029868948113065542
d12_e030_static_once,all_orders,0.12,30,False,False,150,1000,all_orders,-8.74434055273422,-7.63854215885277,-15.62074064833651,0.5,0.5,0.5,-0.017823561640683827,-0.01556387104447315,-0.03170203783651988
d12_e030_static_once,all_orders,0.12,30,False,False,200,250,all_orders,-2.4322458196558316,-2.173500580650096,-4.1168310586615675,0.4961759082217973,0.4961759082217973,0.4961759082217973,-0.02084684296909741,-0.018569736645748323,-0.03483228237260847
d12_e030_static_once,all_orders,0.12,30,False,False,200,500,all_orders,-5.055210775372851,-4.5141144847418735,-8.465668729483749,0.49904397705544934,0.49904397705544934,0.49904397705544934,-0.02096388479808031,-0.0186998652926815,-0.034868948113065436
d12_e030_static_once,all_orders,0.12,30,False,False,200,1000,all_orders,-11.220609720535371,-10.114811326653921,-18.097009816137682,0.5,0.5,0.5,-0.022823561640683786,-0.02056387104447311,-0.0367020378365198
d12_e030_static_once,pf2_posthoc,0.12,30,False,False,100,250,all_orders,-0.2929118172848951,-0.07194860504780136,-1.2746273048565975,0.30019120458891013,0.30019120458891013,0.30019120458891013,-0.004038342839056736,-0.0010273411019403548,-0.017571702964095385
d12_e030_static_once,pf2_posthoc,0.12,30,False,False,100,500,all_orders,-0.6407654790822186,-0.19412425537284936,-2.6386068366348012,0.3011472275334608,0.3011472275334608,0.3011472275334608,-0.004374729052266079,-0.001373286050823083,-0.01786512612928873
d12_e030_static_once,pf2_posthoc,0.12,30,False,False,100,1000,all_orders,-1.2998626120841315,-0.40186536543021195,-5.329538960076483,0.3011472275334608,0.3011472275334608,0.3011472275334608,-0.004374729052266079,-0.001373286050823083,-0.01786512612928873
d12_e030_static_once,pf2_posthoc,0.12,30,False,False,150,250,all_orders,-0.6565064360611857,-0.4355432238240921,-1.6382219236328874,0.30019120458891013,0.30019120458891013,0.30019120458891013,-0.009038342839056723,-0.006027341101940343,-0.022571702964095396
d12_e030_static_once,pf2_posthoc,0.12,30,False,False,150,500,all_orders,-1.380515621682601,-0.9338743979732322,-3.378356979235182,0.3011472275334608,0.3011472275334608,0.3011472275334608,-0.009374729052266065,-0.006373286050823072,-0.022865126129288742
d12_e030_static_once,pf2_posthoc,0.12,30,False,False,150,1000,all_orders,-2.793461773957938,-1.8954645273040156,-6.823138121950286,0.3011472275334608,0.3011472275334608,0.3011472275334608,-0.009374729052266065,-0.006373286050823072,-0.022865126129288742
d12_e030_static_once,pf2_posthoc,0.12,30,False,False,200,250,all_orders,-1.020101054837476,-0.7991378426003826,-2.0018165424091783,0.30019120458891013,0.30019120458891013,0.30019120458891013,-0.01403834283905673,-0.011027341101940336,-0.02757170296409537
d12_e030_static_once,pf2_posthoc,0.12,30,False,False,200,500,all_orders,-2.1202657642829834,-1.673624540573615,-4.118107121835566,0.3011472275334608,0.3011472275334608,0.3011472275334608,-0.014374729052266074,-0.01137328605082307,-0.027865126129288716
d12_e030_static_once,pf2_posthoc,0.12,30,False,False,200,1000,all_orders,-4.287060935831739,-3.389063689177821,-8.316737283824091,0.3011472275334608,0.3011472275334608,0.3011472275334608,-0.014374729052266074,-0.01137328605082307,-0.027865126129288716
d12_e030_static_once,pf2_preorder,0.12,30,False,False,100,250,pf2_preorder,-0.6849442035181649,-0.463980991281071,-2.1680525017973244,0.372848948374761,0.372848948374761,0.372848948374761,-0.007797477185518426,-0.005373234761276009,-0.024272205985802965
d12_e030_static_once,pf2_preorder,0.12,30,False,False,100,500,pf2_preorder,-1.4440858538432135,-0.9974446301338421,-4.467859677934994,0.3738049713193117,0.3738049713193117,0.3738049713193117,-0.008058864711898173,-0.005640822396157655,-0.024491458655916
d12_e030_static_once,pf2_preorder,0.12,30,False,False,100,1000,pf2_preorder,-2.979542745927343,-2.0815454992734224,-9.067554313804974,0.3738049713193117,0.3738049713193117,0.3738049713193117,-0.008058864711898173,-0.005640822396157655,-0.024491458655916
d12_e030_static_once,pf2_preorder,0.12,30,False,False,150,250,pf2_preorder,-1.13582243414914,-0.9148592219120466,-2.6189307324282978,0.372848948374761,0.372848948374761,0.372848948374761,-0.012797477185518448,-0.01037323476127601,-0.02927220598580305
d12_e030_static_once,pf2_preorder,0.12,30,False,False,150,500,pf2_preorder,-2.362019759349905,-1.9153785356405355,-5.3857935834416795,0.3738049713193117,0.3738049713193117,0.3738049713193117,-0.013058864711898197,-0.010640822396157656,-0.029491458655916087
d12_e030_static_once,pf2_preorder,0.12,30,False,False,150,1000,pf2_preorder,-4.832710770133846,-3.9347135234799286,-10.920722338011466,0.3738049713193117,0.3738049713193117,0.3738049713193117,-0.013058864711898197,-0.010640822396157656,-0.029491458655916087
d12_e030_static_once,pf2_preorder,0.12,30,False,False,200,250,pf2_preorder,-1.5867006647801145,-1.3657374525430206,-3.0698089630592755,0.372848948374761,0.372848948374761,0.372848948374761,-0.017797477185518478,-0.015373234761276035,-0.03427220598580288
d12_e030_static_once,pf2_preorder,0.12,30,False,False,200,500,pf2_preorder,-3.2799536648565972,-2.833312441147229,-6.303727488948374,0.3738049713193117,0.3738049713193117,0.3738049713193117,-0.018058864711898225,-0.01564082239615768,-0.034491458655915914
d12_e030_static_once,pf2_preorder,0.12,30,False,False,200,1000,pf2_preorder,-6.685878794340348,-5.7878815476864265,-12.773890362217974,0.3738049713193117,0.3738049713193117,0.3738049713193117,-0.018058864711898225,-0.01564082239615768,-0.034491458655915914
d12_e030_static_rearm,all_orders,0.12,30,False,True,100,250,all_orders,-1.6268710992734225,-1.3681258602676856,-3.946746150898663,0.6347992351816444,0.6347992351816444,0.6347992351816444,-0.011226746235627326,-0.009446899576262595,-0.026313322739145384
d12_e030_static_rearm,all_orders,0.12,30,False,True,100,500,all_orders,-3.403571005583171,-2.862474714952197,-8.11018430195029,0.6376673040152964,0.6376673040152964,0.6376673040152964,-0.011316635478400157,-0.009544794126348913,-0.026335356315485604
d12_e030_static_rearm,all_orders,0.12,30,False,True,100,1000,all_orders,-7.981385559847041,-6.875587165965579,-17.47736957131932,0.638623326959847,0.638623326959847,0.638623326959847,-0.012772111882593716,-0.011002922987656325,-0.027768349604653575
d12_e030_static_rearm,all_orders,0.12,30,False,True,150,250,all_orders,-2.3913275800764806,-2.1325823410707456,-4.71118929709369,0.6347992351816444,0.6347992351816444,0.6347992351816444,-0.01622674623562737,-0.014446899576262629,-0.03131332273914538
d12_e030_static_rearm,all_orders,0.12,30,False,True,150,500,all_orders,-4.964297537055448,-4.423201246424474,-9.670902883135755,0.6376673040152964,0.6376673040152964,0.6376673040152964,-0.0163166354784002,-0.014544794126348945,-0.0313353563154856
d12_e030_static_rearm,all_orders,0.12,30,False,True,150,1000,all_orders,-11.143743529445508,-10.03794513556406,-20.639730359273404,0.638623326959847,0.638623326959847,0.638623326959847,-0.017772111882593766,-0.01600292298765636,-0.032768349604653565
d12_e030_static_rearm,all_orders,0.12,30,False,True,200,250,all_orders,-3.1557840608795407,-2.8970388218738043,-5.4756324432887205,0.6347992351816444,0.6347992351816444,0.6347992351816444,-0.0212267462356273,-0.01944689957626258,-0.03631332273914539
d12_e030_static_rearm,all_orders,0.12,30,False,True,200,500,all_orders,-6.5250240685277285,-5.983927777896753,-11.231621464321229,0.6376673040152964,0.6376673040152964,0.6376673040152964,-0.02131663547840014,-0.019544794126348904,-0.03633535631548561
d12_e030_static_rearm,all_orders,0.12,30,False,True,200,1000,all_orders,-14.30610149904398,-13.200303105162526,-23.802091147227554,0.638623326959847,0.638623326959847,0.638623326959847,-0.022772111882593697,-0.021002922987656297,-0.0377683496046536
d12_e030_static_rearm,pf2_posthoc,0.12,30,False,True,100,250,all_orders,-0.5900860820650098,-0.36912286982791576,-2.055635221644361,0.42638623326959846,0.42638623326959846,0.42638623326959846,-0.0059728508270902505,-0.0038529975861607787,-0.020219946294420595
d12_e030_static_rearm,pf2_posthoc,0.12,30,False,True,100,500,all_orders,-1.235569970401529,-0.7889287466921592,-4.221720544015299,0.4273422562141491,0.4273422562141491,0.4273422562141491,-0.006205573755888705,-0.004090462915945653,-0.020420796526424128
d12_e030_static_rearm,pf2_posthoc,0.12,30,False,True,100,1000,all_orders,-2.612511532695982,-1.7145142860420637,-8.63757021338433,0.4273422562141491,0.4273422562141491,0.4273422562141491,-0.006205573755888705,-0.004090462915945653,-0.020420796526424128
d12_e030_static_rearm,pf2_posthoc,0.12,30,False,True,150,250,all_orders,-1.104994375487572,-0.8840311632504786,-2.5705435150669196,0.42638623326959846,0.42638623326959846,0.42638623326959846,-0.010972850827090264,-0.00885299758616078,-0.025219946294420623
d12_e030_static_rearm,pf2_posthoc,0.12,30,False,True,150,500,all_orders,-2.2840404527342244,-1.8373992290248569,-5.270191026347991,0.4273422562141491,0.4273422562141491,0.4273422562141491,-0.01120557375588872,-0.009090462915945657,-0.025420796526424157
d12_e030_static_rearm,pf2_posthoc,0.12,30,False,True,150,1000,all_orders,-4.73069952695985,-3.8327022803059334,-10.755758207648181,0.4273422562141491,0.4273422562141491,0.4273422562141491,-0.01120557375588872,-0.009090462915945657,-0.025420796526424157
d12_e030_static_rearm,pf2_posthoc,0.12,30,False,True,200,250,all_orders,-1.6199026689101355,-1.398939456673041,-3.0854518084894837,0.42638623326959846,0.42638623326959846,0.42638623326959846,-0.015972850827090285,-0.013852997586160813,-0.03021994629442055
d12_e030_static_rearm,pf2_posthoc,0.12,30,False,True,200,500,all_orders,-3.3325109350669226,-2.8858697113575533,-6.318661508680691,0.4273422562141491,0.4273422562141491,0.4273422562141491,-0.01620557375588874,-0.014090462915945687,-0.03042079652642408
d12_e030_static_rearm,pf2_posthoc,0.12,30,False,True,200,1000,all_orders,-6.848887521223707,-5.950890274569789,-12.873946201912052,0.4273422562141491,0.4273422562141491,0.4273422562141491,-0.01620557375588874,-0.014090462915945687,-0.03042079652642408
d12_e030_static_rearm,pf2_preorder,0.12,30,False,True,100,250,pf2_preorder,-0.6147790801529637,-0.39381586791587037,-2.6592652216443624,0.48279158699808794,0.48279158699808794,0.4837476099426386,-0.005435384297722178,-0.0035631970790003034,-0.022966613513817187
d12_e030_static_rearm,pf2_preorder,0.12,30,False,True,100,500,pf2_preorder,-1.2787678365583173,-0.8321266128489466,-5.451809155869982,0.4837476099426386,0.4837476099426386,0.4847036328871893,-0.005642033735868973,-0.003773546491887653,-0.02313827699801084
d12_e030_static_rearm,pf2_preorder,0.12,30,False,True,100,1000,pf2_preorder,-2.7153368634799198,-1.8173396168260008,-11.121800668451257,0.4837476099426386,0.4837476099426386,0.4847036328871893,-0.005642033735868973,-0.003773546491887653,-0.02313827699801084
d12_e030_static_rearm,pf2_preorder,0.12,30,False,True,150,250,pf2_preorder,-1.197298652734225,-0.9763354404971323,-3.242953486386231,0.48279158699808794,0.48279158699808794,0.4837476099426386,-0.010435384297722191,-0.008563197079000308,-0.027966613513817268
d12_e030_static_rearm,pf2_preorder,0.12,30,False,True,150,500,pf2_preorder,-2.465475970898659,-2.0188347471892922,-6.640897959426383,0.4837476099426386,0.4837476099426386,0.4847036328871893,-0.010642033735868986,-0.00877354649188766,-0.02813827699801092
d12_e030_static_rearm,pf2_preorder,0.12,30,False,True,150,1000,pf2_preorder,-5.112958804206504,-4.214961557552582,-13.524183947609949,0.4837476099426386,0.4837476099426386,0.4847036328871893,-0.010642033735868986,-0.00877354649188766,-0.02813827699801092
d12_e030_static_rearm,pf2_preorder,0.12,30,False,True,200,250,pf2_preorder,-1.779818225315489,-1.5588550130783956,-3.826641751128105,0.48279158699808794,0.48279158699808794,0.4837476099426386,-0.015435384297722204,-0.013563197079000338,-0.03296661351381715
d12_e030_static_rearm,pf2_preorder,0.12,30,False,True,200,500,pf2_preorder,-3.6521841052390087,-3.205542881529639,-7.8299867629827915,0.4837476099426386,0.4837476099426386,0.4847036328871893,-0.015642033735869,-0.01377354649188769,-0.0331382769980108
d12_e030_static_rearm,pf2_preorder,0.12,30,False,True,200,1000,pf2_preorder,-7.510580744933079,-6.612583498279158,-15.926567226768645,0.4837476099426386,0.4837476099426386,0.4847036328871893,-0.015642033735869,-0.01377354649188769,-0.0331382769980108
d12_e060_rolling_rearm,all_orders,0.12,60,True,True,100,250,all_orders,-2.2493684059655807,-1.602108597170172,-7.835477729101342,1.2791586998087954,1.2791586998087954,1.2782026768642447,-0.0076253745984823295,-0.005505521357552868,-0.02577656448523902
d12_e060_rolling_rearm,all_orders,0.12,60,True,True,100,500,all_orders,-4.723114624321225,-3.3957723681070733,-16.114778735219883,1.28585086042065,1.28585086042065,1.2848948374760993,-0.007871399586320178,-0.005762579038837926,-0.025928235080056452
d12_e060_rolling_rearm,all_orders,0.12,60,True,True,100,1000,all_orders,-10.735344486959844,-8.054459133231356,-33.682856399005786,1.2868068833652007,1.2868068833652007,1.28585086042065,-0.008596290725914066,-0.006489036909893541,-0.026640240015669562
d12_e060_rolling_rearm,all_orders,0.12,60,True,True,150,250,all_orders,-3.7850502888718927,-3.1377904800764798,-9.37007012826004,1.2791586998087954,1.2791586998087954,1.2782026768642447,-0.012625374598482344,-0.010505521357552864,-0.030776564485239046
d12_e060_rolling_rearm,all_orders,0.12,60,True,True,150,500,all_orders,-7.870026910478015,-6.5426846542638675,-19.259403105506692,1.28585086042065,1.28585086042065,1.2848948374760993,-0.012871399586320189,-0.01076257903883793,-0.03092823508005646
d12_e060_rolling_rearm,all_orders,0.12,60,True,True,150,1000,all_orders,-17.10254194114721,-14.421656587418727,-40.04536907307839,1.2868068833652007,1.2868068833652007,1.28585086042065,-0.013596290725914083,-0.011489036909893545,-0.03164024001566958
d12_e060_rolling_rearm,all_orders,0.12,60,True,True,200,250,all_orders,-5.320732171778201,-4.673472362982789,-10.904662527418742,1.2791586998087954,1.2791586998087954,1.2782026768642447,-0.01762537459848232,-0.015505521357552846,-0.03577656448523906
d12_e060_rolling_rearm,all_orders,0.12,60,True,True,200,500,all_orders,-11.016939196634796,-9.689596940420643,-22.404027475793495,1.28585086042065,1.28585086042065,1.2848948374760993,-0.017871399586320162,-0.015762579038837907,-0.03592823508005648
d12_e060_rolling_rearm,all_orders,0.12,60,True,True,200,1000,all_orders,-23.469739395334596,-20.78885404160611,-46.40788174715103,1.2868068833652007,1.2868068833652007,1.28585086042065,-0.018596290725914056,-0.016489036909893517,-0.0366402400156696
d12_e060_rolling_rearm,pf2_posthoc,0.12,60,True,True,100,250,all_orders,0.9523003137284891,1.4496489944168254,-3.0625182254684478,0.8680688336520076,0.8680688336520076,0.8671128107074569,0.00426328589997682,0.006606097273625196,-0.014912761439331786
d12_e060_rolling_rearm,pf2_posthoc,0.12,60,True,True,100,500,all_orders,1.7388923639770564,2.7466742377820217,-6.440793850172082,0.8718929254302104,0.8718929254302104,0.8709369024856597,0.0036889141422433848,0.006021450027410849,-0.01540356588905259
d12_e060_rolling_rearm,pf2_posthoc,0.12,60,True,True,100,1000,all_orders,3.3276513443212297,5.350524919847043,-13.149018426233267,0.8718929254302104,0.8718929254302104,0.8709369024856597,0.0036889141422433848,0.006021450027410849,-0.01540356588905259
d12_e060_rolling_rearm,pf2_posthoc,0.12,60,True,True,150,250,all_orders,-0.091143595564053,0.4062050851242841,-4.1048726510133795,0.8680688336520076,0.8680688336520076,0.8671128107074569,-0.0007367141000231899,0.0016060972736252055,-0.019912761439331805
d12_e060_rolling_rearm,pf2_posthoc,0.12,60,True,True,150,500,all_orders,-0.39784190413001835,0.6099399696749536,-8.575240202409175,0.8718929254302104,0.8718929254302104,0.8709369024856597,-0.0013110858577566199,0.0010214500274108554,-0.020403565889052608
d12_e060_rolling_rearm,pf2_posthoc,0.12,60,True,True,150,1000,all_orders,-0.9880551311281058,1.0348184443977122,-17.46004012156786,0.8718929254302104,0.8718929254302104,0.8709369024856597,-0.0013110858577566199,0.0010214500274108554,-0.020403565889052608
d12_e060_rolling_rearm,pf2_posthoc,0.12,60,True,True,200,250,all_orders,-1.1345875048565972,-0.63723882416826,-5.14722707655832,0.8680688336520076,0.8680688336520076,0.8671128107074569,-0.00573671410002319,-0.0033939027263748113,-0.024912761439331802
d12_e060_rolling_rearm,pf2_posthoc,0.12,60,True,True,200,500,all_orders,-2.534576172237094,-1.526794298432122,-10.709686554646273,0.8718929254302104,0.8718929254302104,0.8709369024856597,-0.006311085857756622,-0.003978549972589156,-0.025403565889052605
d12_e060_rolling_rearm,pf2_posthoc,0.12,60,True,True,200,1000,all_orders,-5.303761606577439,-3.2808880310516253,-21.771061816902474,0.8718929254302104,0.8718929254302104,0.8709369024856597,-0.006311085857756622,-0.003978549972589156,-0.025403565889052605
d12_e060_rolling_rearm,pf2_preorder,0.12,60,True,True,100,250,pf2_preorder,-0.6647469902868074,-0.11117865376673014,-4.946569124130024,1.0277246653919694,1.0277246653919694,1.0267686424474187,-0.0029722217427122118,-0.0007734902416551351,-0.020273645044587243
d12_e060_rolling_rearm,pf2_preorder,0.12,60,True,True,100,500,pf2_preorder,-1.531782236405354,-0.41156105093690204,-10.261552886500954,1.031548757170172,1.031548757170172,1.0305927342256214,-0.0034308732834741527,-0.0012402927796406422,-0.020668523819424564
d12_e060_rolling_rearm,pf2_preorder,0.12,60,True,True,100,1000,pf2_preorder,-3.34094989468451,-1.0931976958317362,-20.930708001759093,1.031548757170172,1.031548757170172,1.0305927342256214,-0.0034308732834741527,-0.0012402927796406422,-0.020668523819424564
d12_e060_rolling_rearm,pf2_preorder,0.12,60,True,True,150,250,pf2_preorder,-1.8989534043594636,-1.3453850678393868,-6.179686054455063,1.0277246653919694,1.0277246653919694,1.0267686424474187,-0.007972221742712213,-0.00577349024165513,-0.02527364504458721
d12_e060_rolling_rearm,pf2_preorder,0.12,60,True,True,150,500,pf2_preorder,-4.058844626883359,-2.9386234414149093,-12.786327361108981,1.031548757170172,1.031548757170172,1.0305927342256214,-0.008430873283474152,-0.006240292779640635,-0.025668523819424537
d12_e060_rolling_rearm,pf2_preorder,0.12,60,True,True,150,1000,pf2_preorder,-8.446071559426384,-6.19831936057361,-26.031144886386215,1.031548757170172,1.031548757170172,1.0305927342256214,-0.008430873283474152,-0.006240292779640635,-0.025668523819424537
d12_e060_rolling_rearm,pf2_preorder,0.12,60,True,True,200,250,pf2_preorder,-3.1331598184321208,-2.5795914819120456,-7.412802984780115,1.0277246653919694,1.0277246653919694,1.0267686424474187,-0.012972221742712196,-0.010773490241655123,-0.030273645044587242
d12_e060_rolling_rearm,pf2_preorder,0.12,60,True,True,200,500,pf2_preorder,-6.5859070173613725,-5.465685831892922,-15.31110183571702,1.031548757170172,1.031548757170172,1.0305927342256214,-0.013430873283474132,-0.01124029277964063,-0.03066852381942457
d12_e060_rolling_rearm,pf2_preorder,0.12,60,True,True,200,1000,pf2_preorder,-13.551193224168262,-11.303441025315491,-31.131581771013376,1.031548757170172,1.031548757170172,1.0305927342256214,-0.013430873283474132,-0.01124029277964063,-0.03066852381942457
d12_e060_static_rearm,all_orders,0.12,60,False,True,100,250,all_orders,-2.147945195181644,-1.997805386386233,-4.461590189445512,0.6653919694072657,0.6653919694072657,0.6653919694072657,-0.013872093488386712,-0.012853284710957247,-0.02818810436193356
d12_e060_static_rearm,all_orders,0.12,60,False,True,100,500,all_orders,-4.502426765277245,-4.183256134302103,-9.187624688795413,0.6692160611854685,0.6692160611854685,0.6692160611854685,-0.014128416306874614,-0.013115429293887596,-0.02836262140400118
d12_e060_static_rearm,all_orders,0.12,60,False,True,100,1000,all_orders,-10.19693168642447,-9.539699411089863,-19.64701336520077,0.6701720841300192,0.6701720841300192,0.6701720841300192,-0.01551136417730661,-0.014499822224252525,-0.029725263703681212
d12_e060_static_rearm,all_orders,0.12,60,False,True,150,250,all_orders,-2.9491905908604186,-2.799050782065008,-5.262822250516247,0.6653919694072657,0.6653919694072657,0.6653919694072657,-0.018872093488386758,-0.01785328471095729,-0.033188104361933576
d12_e060_static_rearm,all_orders,0.12,60,False,True,150,500,all_orders,-6.139909116940727,-5.820738485965586,-10.825099090172072,0.6692160611854685,0.6692160611854685,0.6692160611854685,-0.019128416306874653,-0.018115429293887642,-0.03336262140400121
d12_e060_static_rearm,all_orders,0.12,60,False,True,150,1000,all_orders,-13.51536759388145,-12.858135318546845,-22.96545209101337,0.6701720841300192,0.6701720841300192,0.6701720841300192,-0.020511364177306653,-0.019499822224252568,-0.034725263703681224
d12_e060_static_rearm,all_orders,0.12,60,False,True,200,250,all_orders,-3.7504359865391974,-3.600296177743786,-6.064054311586995,0.6653919694072657,0.6653919694072657,0.6653919694072657,-0.02387209348838668,-0.022853284710957208,-0.03818810436193356
d12_e060_static_rearm,all_orders,0.12,60,False,True,200,500,all_orders,-7.777391468604214,-7.458220837629065,-12.46257349154876,0.6692160611854685,0.6692160611854685,0.6692160611854685,-0.024128416306874574,-0.023115429293887563,-0.038362621404001186
d12_e060_static_rearm,all_orders,0.12,60,False,True,200,1000,all_orders,-16.83380350133844,-16.176571226003833,-26.283890816826027,0.6701720841300192,0.6701720841300192,0.6701720841300192,-0.02551136417730654,-0.024499822224252486,-0.03972526370368123
d12_e060_static_rearm,pf2_posthoc,0.12,60,False,True,100,250,all_orders,-0.979106751586999,-0.8667489695602307,-2.382749046042065,0.4349904397705545,0.4349904397705545,0.4349904397705545,-0.009390714060238722,-0.008351753021277683,-0.02271884089918006
d12_e060_static_rearm,pf2_posthoc,0.12,60,False,True,100,500,all_orders,-2.0615840474952214,-1.836868483441684,-4.914965672734227,0.43690248565965584,0.43690248565965584,0.43690248565965584,-0.00989945925747775,-0.00886504509396074,-0.023169257313754136
d12_e060_static_rearm,pf2_posthoc,0.12,60,False,True,100,1000,all_orders,-4.270750053154875,-3.8213189250478026,-10.025137146845136,0.43690248565965584,0.43690248565965584,0.43690248565965584,-0.00989945925747775,-0.00886504509396074,-0.023169257313754136
d12_e060_static_rearm,pf2_posthoc,0.12,60,False,True,150,250,all_orders,-1.5040255640917783,-1.39166778206501,-2.9076678585468456,0.4349904397705545,0.4349904397705545,0.4349904397705545,-0.01439071406023874,-0.013351753021277692,-0.027718840899180114
d12_e060_static_rearm,pf2_posthoc,0.12,60,False,True,150,500,all_orders,-3.1325845565200745,-2.9078689924665384,-5.9859661817590855,0.43690248565965584,0.43690248565965584,0.43690248565965584,-0.014899459257477765,-0.013865045093960747,-0.028169257313754185
d12_e060_static_rearm,pf2_posthoc,0.12,60,False,True,150,1000,all_orders,-6.43553971567877,-5.986108587571695,-12.189926809369027,0.43690248565965584,0.43690248565965584,0.43690248565965584,-0.014899459257477765,-0.013865045093960747,-0.028169257313754185
d12_e060_static_rearm,pf2_posthoc,0.12,60,False,True,200,250,all_orders,-2.028944376596559,-1.9165865945697909,-3.432586671051628,0.4349904397705545,0.4349904397705545,0.4349904397705545,-0.019390714060238724,-0.01835175302127769,-0.03271884089918002
d12_e060_static_rearm,pf2_posthoc,0.12,60,False,True,200,500,all_orders,-4.203585065544933,-3.9788695014913964,-7.056966690783941,0.43690248565965584,0.43690248565965584,0.43690248565965584,-0.019899459257477745,-0.018865045093960735,-0.03316925731375409
d12_e060_static_rearm,pf2_posthoc,0.12,60,False,True,200,1000,all_orders,-8.600329378202687,-8.150898250095612,-14.354716471892932,0.43690248565965584,0.43690248565965584,0.43690248565965584,-0.019899459257477745,-0.018865045093960735,-0.03316925731375409
d12_e060_static_rearm,pf2_preorder,0.12,60,False,True,100,250,pf2_preorder,-1.28560559288719,-1.1199234513957945,-3.3406158720458903,0.511472275334608,0.511472275334608,0.511472275334608,-0.010502854877299137,-0.009177451308904917,-0.02712962872295198
d12_e060_static_rearm,pf2_preorder,0.12,60,False,True,100,500,pf2_preorder,-2.620213921300192,-2.2855168658508624,-6.805550483441681,0.5124282982791587,0.5124282982791587,0.5124282982791587,-0.01068848387939373,-0.009365553078850992,-0.027284237624588262
d12_e060_static_rearm,pf2_preorder,0.12,60,False,True,100,1000,pf2_preorder,-5.412048890630973,-4.739322007265774,-13.841704099043984,0.5124282982791587,0.5124282982791587,0.5124282982791587,-0.01068848387939373,-0.009365553078850992,-0.027284237624588262
d12_e060_static_rearm,pf2_preorder,0.12,60,False,True,150,250,pf2_preorder,-1.9025083193499044,-1.7368261778585083,-3.9575149809177814,0.511472275334608,0.511472275334608,0.511472275334608,-0.01550285487729916,-0.014177451308904923,-0.03212962872295203
d12_e060_static_rearm,pf2_preorder,0.12,60,False,True,150,500,pf2_preorder,-3.876363191319309,-3.5416661358699804,-8.061697986730403,0.5124282982791587,0.5124282982791587,0.5124282982791587,-0.015688483879393752,-0.014365553078850998,-0.03228423762458831
d12_e060_static_rearm,pf2_preorder,0.12,60,False,True,150,1000,pf2_preorder,-7.950581872466528,-7.277854989101331,-16.38023354741875,0.5124282982791587,0.5124282982791587,0.5124282982791587,-0.015688483879393752,-0.014365553078850998,-0.03228423762458831
d12_e060_static_rearm,pf2_preorder,0.12,60,False,True,200,250,pf2_preorder,-2.5194110458126215,-2.3537289043212257,-4.574414089789676,0.511472275334608,0.511472275334608,0.511472275334608,-0.020502854877299102,-0.019177451308904886,-0.03712962872295195
d12_e060_static_rearm,pf2_preorder,0.12,60,False,True,200,500,pf2_preorder,-5.132512461338432,-4.797815405889101,-9.317845490019122,0.5124282982791587,0.5124282982791587,0.5124282982791587,-0.02068848387939369,-0.019365553078850958,-0.03728423762458824
d12_e060_static_rearm,pf2_preorder,0.12,60,False,True,200,1000,pf2_preorder,-10.489114854302112,-9.816387970936912,-18.91876299579349,0.5124282982791587,0.5124282982791587,0.5124282982791587,-0.02068848387939369,-0.019365553078850958,-0.03728423762458824
d12_e120_rolling_once,all_orders,0.12,120,True,False,100,250,all_orders,-3.0876847222179724,-2.6037745118929254,-6.301426473652004,0.751434034416826,0.751434034416826,0.751434034416826,-0.01732263363913317,-0.014616179787641155,-0.03507070997515272
d12_e120_rolling_once,all_orders,0.12,120,True,False,100,500,all_orders,-6.2438964570554525,-5.250897298355644,-12.785461218049706,0.754302103250478,0.754302103250478,0.754302103250478,-0.01710151758141568,-0.01440535442897877,-0.03478211073745037
d12_e120_rolling_once,all_orders,0.12,120,True,False,100,1000,all_orders,-13.579105217514337,-11.570238831281074,-26.747507378126183,0.7552581261950286,0.7552581261950286,0.7552581261950286,-0.018324901576223622,-0.015632151288536636,-0.035983114234592446
d12_e120_rolling_once,all_orders,0.12,120,True,False,150,250,all_orders,-3.9937218580879548,-3.509811647762907,-7.20746360952198,0.751434034416826,0.751434034416826,0.751434034416826,-0.02232263363913321,-0.01961617978764121,-0.04007070997515264
d12_e120_rolling_once,all_orders,0.12,120,True,False,150,500,all_orders,-8.09301791273423,-7.100018754034419,-14.634582673728485,0.754302103250478,0.754302103250478,0.754302103250478,-0.022101517581415722,-0.019405354428978824,-0.03978211073745029
d12_e120_rolling_once,all_orders,0.12,120,True,False,150,1000,all_orders,-17.318930790325037,-15.310064404091777,-30.48733295093692,0.7552581261950286,0.7552581261950286,0.7552581261950286,-0.023324901576223692,-0.020632151288536685,-0.040983114234592354
d12_e120_rolling_once,all_orders,0.12,120,True,False,200,250,all_orders,-4.899758993957936,-4.415848783632888,-8.113500745391963,0.751434034416826,0.751434034416826,0.751434034416826,-0.027322633639133138,-0.024616179787641107,-0.045070709975152654
d12_e120_rolling_once,all_orders,0.12,120,True,False,200,500,all_orders,-9.942139368413004,-8.949140209713189,-16.483704129407265,0.754302103250478,0.754302103250478,0.754302103250478,-0.02710151758141565,-0.02440535442897872,-0.044782110737450295
d12_e120_rolling_once,all_orders,0.12,120,True,False,200,1000,all_orders,-21.058756363135785,-19.0498899769025,-34.2271585237476,0.7552581261950286,0.7552581261950286,0.7552581261950286,-0.028324901576223593,-0.025632151288536603,-0.04598311423459238
d12_e120_rolling_once,pf2_posthoc,0.12,120,True,False,100,250,all_orders,-0.15283090883365216,0.1811681733843214,-1.9946914365583168,0.41204588910133844,0.41204588910133844,0.41204588910133844,-0.0017451943622318839,0.0015452506915542513,-0.020196833596604888
d12_e120_rolling_once,pf2_posthoc,0.12,120,True,False,100,500,all_orders,-0.3161846656978972,0.3572541105927343,-4.052755545239008,0.41204588910133844,0.41204588910133844,0.41204588910133844,-0.0017451943622318839,0.0015452506915542513,-0.020196833596604888
d12_e120_rolling_once,pf2_posthoc,0.12,120,True,False,100,1000,all_orders,-0.6605271720841308,0.6903274359464625,-8.177985164435949,0.41204588910133844,0.41204588910133844,0.41204588910133844,-0.0017451943622318839,0.0015452506915542513,-0.020196833596604888
d12_e120_rolling_once,pf2_posthoc,0.12,120,True,False,150,250,all_orders,-0.651112973575526,-0.3171138913575523,-2.492973501300195,0.41204588910133844,0.41204588910133844,0.41204588910133844,-0.0067451943622318725,-0.003454749308445757,-0.025196833596604917
d12_e120_rolling_once,pf2_posthoc,0.12,120,True,False,150,500,all_orders,-1.3294213996940727,-0.6559826234034416,-5.065992279235183,0.41204588910133844,0.41204588910133844,0.41204588910133844,-0.0067451943622318725,-0.003454749308445757,-0.025196833596604917
d12_e120_rolling_once,pf2_posthoc,0.12,120,True,False,150,1000,all_orders,-2.703579817782026,-1.352725209751433,-10.221037810133845,0.41204588910133844,0.41204588910133844,0.41204588910133844,-0.0067451943622318725,-0.003454749308445757,-0.025196833596604917
d12_e120_rolling_once,pf2_posthoc,0.12,120,True,False,200,250,all_orders,-1.149395038317401,-0.8153959560994266,-2.9912555660420654,0.41204588910133844,0.41204588910133844,0.41204588910133844,-0.011745194362231877,-0.008454749308445756,-0.030196833596604824
d12_e120_rolling_once,pf2_posthoc,0.12,120,True,False,200,500,all_orders,-2.3426581336902506,-1.6692193573996184,-6.079229013231361,0.41204588910133844,0.41204588910133844,0.41204588910133844,-0.011745194362231877,-0.008454749308445756,-0.030196833596604824
d12_e120_rolling_once,pf2_posthoc,0.12,120,True,False,200,1000,all_orders,-4.7466324634799255,-3.3957778554493343,-12.264090455831752,0.41204588910133844,0.41204588910133844,0.41204588910133844,-0.011745194362231877,-0.008454749308445756,-0.030196833596604824
d12_e120_rolling_once,pf2_preorder,0.12,120,True,False,100,250,pf2_preorder,-1.667067173996176,-1.2768484359464627,-3.9908649101338436,0.5994263862332696,0.5994263862332696,0.5994263862332696,-0.011857785013576358,-0.009218956537427311,-0.027892810435704844
d12_e120_rolling_once,pf2_preorder,0.12,120,True,False,100,500,pf2_preorder,-3.5187739185468487,-2.732895830592735,-8.241042006500955,0.6013384321223709,0.6013384321223709,0.6013384321223709,-0.012242830356790881,-0.009612392432235321,-0.028226870006511976
d12_e120_rolling_once,pf2_preorder,0.12,120,True,False,100,1000,pf2_preorder,-7.175367604282989,-5.5996343729254345,-16.67936066355639,0.6013384321223709,0.6013384321223709,0.6013384321223709,-0.012242830356790881,-0.009612392432235321,-0.028226870006511976
d12_e120_rolling_once,pf2_preorder,0.12,120,True,False,150,250,pf2_preorder,-2.3888179812619508,-1.9985992432122386,-4.712615717399617,0.5994263862332696,0.5994263862332696,0.5994263862332696,-0.01685778501357639,-0.014218956537427324,-0.0328928104357049
d12_e120_rolling_once,pf2_preorder,0.12,120,True,False,150,500,pf2_preorder,-4.994615817017206,-4.208737729063097,-9.716883904971326,0.6013384321223709,0.6013384321223709,0.6013384321223709,-0.01724283035679092,-0.014612392432235333,-0.033226870006512026
d12_e120_rolling_once,pf2_preorder,0.12,120,True,False,150,1000,pf2_preorder,-10.153167368183553,-8.577434136825998,-19.657160427456972,0.6013384321223709,0.6013384321223709,0.6013384321223709,-0.01724283035679092,-0.014612392432235333,-0.033226870006512026
d12_e120_rolling_once,pf2_preorder,0.12,120,True,False,200,250,pf2_preorder,-3.1105687885277242,-2.720350050478011,-5.434366524665392,0.5994263862332696,0.5994263862332696,0.5994263862332696,-0.021857785013576308,-0.01921895653742726,-0.03789281043570484
d12_e120_rolling_once,pf2_preorder,0.12,120,True,False,200,500,pf2_preorder,-6.4704577154875675,-5.6845796275334575,-11.192725803441691,0.6013384321223709,0.6013384321223709,0.6013384321223709,-0.022242830356790835,-0.01961239243223527,-0.038226870006511954
d12_e120_rolling_once,pf2_preorder,0.12,120,True,False,200,1000,pf2_preorder,-13.130967132084129,-11.555233900726584,-22.63496019135757,0.6013384321223709,0.6013384321223709,0.6013384321223709,-0.022242830356790835,-0.01961239243223527,-0.038226870006511954
d12_e120_rolling_rearm,all_orders,0.12,120,True,True,100,250,all_orders,-2.5171486243977017,-1.8698888156022935,-8.103257947533464,1.2982791586998088,1.2982791586998088,1.2973231357552581,-0.008386484089882629,-0.0062978510734145714,-0.026270715473880504
d12_e120_rolling_rearm,all_orders,0.12,120,True,True,100,500,all_orders,-5.192739188757174,-3.86539693254302,-16.584403299655833,1.3040152963671128,1.3040152963671128,1.3030592734225621,-0.008515225835068408,-0.006435780353863403,-0.026320824316235177
d12_e120_rolling_rearm,all_orders,0.12,120,True,True,100,1000,all_orders,-11.67934703839388,-8.998461684665385,-34.626858950439825,1.3049713193116634,1.3049713193116634,1.3040152963671128,-0.009229555247262277,-0.0071516331693402034,-0.027022623472513368
d12_e120_rolling_rearm,all_orders,0.12,120,True,True,150,250,all_orders,-4.075128342715103,-3.427868533919692,-9.660148182103256,1.2982791586998088,1.2982791586998088,1.2973231357552581,-0.013386484089882652,-0.01129785107341458,-0.031270715473880516
d12_e120_rolling_rearm,all_orders,0.12,120,True,True,150,500,all_orders,-8.38358946267687,-7.05624720646272,-19.772965657705544,1.3040152963671128,1.3040152963671128,1.3030592734225621,-0.013515225835068426,-0.01143578035386341,-0.03132082431623518
d12_e120_rolling_rearm,all_orders,0.12,120,True,True,150,1000,all_orders,-18.13501274344166,-15.454127389713184,-41.07783987537286,1.3049713193116634,1.3049713193116634,1.3040152963671128,-0.014229555247262297,-0.012151633169340212,-0.032022623472513376
d12_e120_rolling_rearm,all_orders,0.12,120,True,True,200,250,all_orders,-5.633108061032506,-4.98584825223709,-11.21703841667304,1.2982791586998088,1.2982791586998088,1.2973231357552581,-0.018386484089882624,-0.01629785107341455,-0.03627071547388053
d12_e120_rolling_rearm,all_orders,0.12,120,True,True,200,500,all_orders,-11.574439736596556,-10.2470974803824,-22.96152801575525,1.3040152963671128,1.3040152963671128,1.3030592734225621,-0.0185152258350684,-0.01643578035386338,-0.036320824316235206
d12_e120_rolling_rearm,all_orders,0.12,120,True,True,200,1000,all_orders,-24.590678448489477,-21.909793094760982,-47.5288208003059,1.3049713193116634,1.3049713193116634,1.3040152963671128,-0.01922955524726227,-0.017151633169340184,-0.0370226234725134
d12_e120_rolling_rearm,pf2_posthoc,0.12,120,True,True,100,250,all_orders,0.7495562100191205,1.2469048907074571,-3.2652623291778173,0.8804971319311663,0.8804971319311663,0.8795411089866156,0.003204313051140593,0.005514055426029544,-0.01570191945929608
d12_e120_rolling_rearm,pf2_posthoc,0.12,120,True,True,100,500,all_orders,1.3982528626386246,2.4060347364435914,-6.781433351510515,0.8833652007648184,0.8833652007648184,0.8824091778202677,0.002816836587127806,0.005119079798461916,-0.016028365347938018
d12_e120_rolling_rearm,pf2_posthoc,0.12,120,True,True,100,1000,all_orders,2.64161891908222,4.6644924946080355,-13.835050851472278,0.8833652007648184,0.8833652007648184,0.8824091778202677,0.002816836587127806,0.005119079798461916,-0.016028365347938018
d12_e120_rolling_rearm,pf2_posthoc,0.12,120,True,True,150,250,all_orders,-0.3084362344933076,0.18891244619503014,-4.322165289942636,0.8804971319311663,0.8804971319311663,0.8795411089866156,-0.0017956869488594148,0.0005140554260295487,-0.020701919459296107
d12_e120_rolling_rearm,pf2_posthoc,0.12,120,True,True,150,500,all_orders,-0.7662535156022933,0.241528358202679,-8.943651813881447,0.8833652007648184,0.8833652007648184,0.8824091778202677,-0.002183163412872206,0.00011907979846192454,-0.021028365347938033
d12_e120_rolling_rearm,pf2_posthoc,0.12,120,True,True,150,1000,all_orders,-1.7302240519694039,0.2926495235564091,-18.202209042409162,0.8833652007648184,0.8833652007648184,0.8824091778202677,-0.002183163412872206,0.00011907979846192454,-0.021028365347938033
d12_e120_rolling_rearm,pf2_posthoc,0.12,120,True,True,200,250,all_orders,-1.3664286790057365,-0.8690799983173998,-5.379068250707459,0.8804971319311663,0.8804971319311663,0.8795411089866156,-0.006795686948859416,-0.004485944573970462,-0.0257019194592961
d12_e120_rolling_rearm,pf2_posthoc,0.12,120,True,True,200,500,all_orders,-2.930759893843213,-1.922978020038241,-11.105870276252393,0.8833652007648184,0.8833652007648184,0.8824091778202677,-0.007183163412872207,-0.0048809202015380896,-0.026028365347938037
d12_e120_rolling_rearm,pf2_posthoc,0.12,120,True,True,200,1000,all_orders,-6.102067023021036,-4.079193447495221,-22.56936723334607,0.8833652007648184,0.8833652007648184,0.8824091778202677,-0.007183163412872207,-0.0048809202015380896,-0.026028365347938037
d12_e120_rolling_rearm,pf2_preorder,0.12,120,True,True,100,250,pf2_preorder,-0.8621704056596566,-0.30860206913957905,-5.143992539502871,1.0411089866156789,1.0411089866156789,1.0401529636711282,-0.003739668157963495,-0.001569203177581165,-0.02081916822471812
d12_e120_rolling_rearm,pf2_preorder,0.12,120,True,True,100,500,pf2_preorder,-1.8564596727342264,-0.7362384872657732,-10.58623032282983,1.0439770554493308,1.0439770554493308,1.0430210325047802,-0.004048455986828431,-0.0018839538223262683,-0.02108127437404923
d12_e120_rolling_rearm,pf2_preorder,0.12,120,True,True,100,1000,pf2_preorder,-3.989737501567878,-1.7419853027151033,-21.579495608642453,1.0439770554493308,1.0439770554493308,1.0430210325047802,-0.004048455986828431,-0.0018839538223262683,-0.02108127437404923
d12_e120_rolling_rearm,pf2_preorder,0.12,120,True,True,150,250,pf2_preorder,-2.1115508616443597,-1.5579825251242816,-6.392283511739961,1.0411089866156789,1.0411089866156789,1.0401529636711282,-0.008739668157963495,-0.006569203177581159,-0.02581916822471809
d12_e120_rolling_rearm,pf2_preorder,0.12,120,True,True,150,500,pf2_preorder,-4.41317069342256,-3.2929495079541056,-13.140653427648177,1.0439770554493308,1.0439770554493308,1.0430210325047802,-0.009048455986828428,-0.006883953822326262,-0.026081274374049206
d12_e120_rolling_rearm,pf2_preorder,0.12,120,True,True,150,1000,pf2_preorder,-9.155374208757166,-6.907622009904394,-26.740447535717006,1.0439770554493308,1.0439770554493308,1.0430210325047802,-0.009048455986828428,-0.006883953822326262,-0.026081274374049206
d12_e120_rolling_rearm,pf2_preorder,0.12,120,True,True,200,250,pf2_preorder,-3.360931317629063,-2.8073629811089855,-7.6405744839770575,1.0411089866156789,1.0411089866156789,1.0401529636711282,-0.01373966815796347,-0.011569203177581153,-0.030819168224718124
d12_e120_rolling_rearm,pf2_preorder,0.12,120,True,True,200,500,pf2_preorder,-6.969881714110896,-5.849660528642444,-15.695076532466539,1.0439770554493308,1.0439770554493308,1.0430210325047802,-0.014048455986828403,-0.011883953822326255,-0.031081274374049235
d12_e120_rolling_rearm,pf2_preorder,0.12,120,True,True,200,1000,pf2_preorder,-14.321010915946466,-12.073258717093692,-31.901399462791584,1.0439770554493308,1.0439770554493308,1.0430210325047802,-0.014048455986828403,-0.011883953822326255,-0.031081274374049235
d12_e120_static_once,all_orders,0.12,120,False,False,100,250,all_orders,-2.1316963001147227,-1.9815564913193122,-3.9504029922753303,0.5650095602294455,0.5650095602294455,0.5650095602294455,-0.016189785699945895,-0.014989970286932516,-0.02943860139408211
d12_e120_static_once,all_orders,0.12,120,False,False,100,500,all_orders,-4.37432948305927,-4.055158852084127,-8.05520778133843,0.5669216061185468,0.5669216061185468,0.5669216061185468,-0.016107588047730843,-0.014911819229702326,-0.029311719709171815
d12_e120_static_once,all_orders,0.12,120,False,False,100,1000,all_orders,-9.84357882049713,-9.186346545162522,-17.266870847265764,0.5678776290630975,0.5678776290630975,0.5678776290630975,-0.01773632085148837,-0.01654256511227808,-0.03091822333504813
d12_e120_static_once,all_orders,0.12,120,False,False,150,250,all_orders,-2.8132726440535363,-2.6631328352581254,-4.6319793362141475,0.5650095602294455,0.5650095602294455,0.5650095602294455,-0.021189785699945955,-0.01998997028693257,-0.034438601394082134
d12_e120_static_once,all_orders,0.12,120,False,False,150,500,all_orders,-5.765255472772466,-5.4460848417973216,-9.446133771051626,0.5669216061185468,0.5669216061185468,0.5669216061185468,-0.021107588047730903,-0.01991181922970238,-0.034311719709171844
d12_e120_static_once,all_orders,0.12,120,False,False,150,1000,all_orders,-12.65783286095602,-12.00060058562141,-20.081124887724663,0.5678776290630975,0.5678776290630975,0.5678776290630975,-0.022736320851488426,-0.021542565112278138,-0.03591822333504815
d12_e120_static_once,all_orders,0.12,120,False,False,200,250,all_orders,-3.494848987992351,-3.3447091791969394,-5.313555680152957,0.5650095602294455,0.5650095602294455,0.5650095602294455,-0.026189785699945838,-0.024989970286932475,-0.03943860139408206
d12_e120_static_once,all_orders,0.12,120,False,False,200,500,all_orders,-7.156181462485664,-6.837010831510519,-10.837059760764824,0.5669216061185468,0.5669216061185468,0.5669216061185468,-0.026107588047730782,-0.024911819229702287,-0.03931171970917178
d12_e120_static_once,all_orders,0.12,120,False,False,200,1000,all_orders,-15.472086901414924,-14.814854626080313,-22.89537892818358,0.5678776290630975,0.5678776290630975,0.5678776290630975,-0.027736320851488316,-0.026542565112278028,-0.04091822333504809
d12_e120_static_once,pf2_posthoc,0.12,120,False,False,100,250,all_orders,-0.8026108201912044,-0.6902530381644357,-1.862770973154876,0.32695984703632885,0.32695984703632885,0.32695984703632885,-0.010393180293575749,-0.009010936806069098,-0.023798789848285568
d12_e120_static_once,pf2_posthoc,0.12,120,False,False,100,500,all_orders,-1.6131091094455057,-1.3883935453919691,-3.7700172356405335,0.32695984703632885,0.32695984703632885,0.32695984703632885,-0.010393180293575749,-0.009010936806069098,-0.023798789848285568
d12_e120_static_once,pf2_posthoc,0.12,120,False,False,100,1000,all_orders,-3.3027633571701696,-2.853332229063097,-7.654562382026762,0.32695984703632885,0.32695984703632885,0.32695984703632885,-0.010393180293575749,-0.009010936806069098,-0.023798789848285568
d12_e120_static_once,pf2_posthoc,0.12,120,False,False,150,250,all_orders,-1.1976314012237095,-1.0852736191969412,-2.2577915541873805,0.32695984703632885,0.32695984703632885,0.32695984703632885,-0.015393180293575745,-0.014010936806069102,-0.028798789848285586
d12_e120_static_once,pf2_posthoc,0.12,120,False,False,150,500,all_orders,-2.417264797629064,-2.192549233575526,-4.574172923824092,0.32695984703632885,0.32695984703632885,0.32695984703632885,-0.015393180293575745,-0.014010936806069102,-0.028798789848285586
d12_e120_static_once,pf2_posthoc,0.12,120,False,False,150,1000,all_orders,-4.924286344741875,-4.474855216634801,-9.276085369598466,0.32695984703632885,0.32695984703632885,0.32695984703632885,-0.015393180293575745,-0.014010936806069102,-0.028798789848285586
d12_e120_static_once,pf2_posthoc,0.12,120,False,False,200,250,all_orders,-1.592651982256213,-1.480294200229445,-2.652812135219886,0.32695984703632885,0.32695984703632885,0.32695984703632885,-0.02039318029357577,-0.01901093680606912,-0.03379878984828551
d12_e120_static_once,pf2_posthoc,0.12,120,False,False,200,500,all_orders,-3.2214204858126183,-2.9967049217590813,-5.378328612007649,0.32695984703632885,0.32695984703632885,0.32695984703632885,-0.02039318029357577,-0.01901093680606912,-0.03379878984828551
d12_e120_static_once,pf2_posthoc,0.12,120,False,False,200,1000,all_orders,-6.545809332313575,-6.096378204206502,-10.89760835717017,0.32695984703632885,0.32695984703632885,0.32695984703632885,-0.02039318029357577,-0.01901093680606912,-0.03379878984828551
d12_e120_static_once,pf2_preorder,0.12,120,False,False,100,250,pf2_preorder,-1.1729159827151059,-1.060558200688337,-2.8347481050860406,0.4359464627151052,0.4359464627151052,0.4359464627151052,-0.01134916255012571,-0.01031247993449573,-0.027110063431664045
d12_e120_static_once,pf2_preorder,0.12,120,False,False,100,500,pf2_preorder,-2.402880088413003,-2.1781645243594645,-5.7860365511281096,0.4378585086042065,0.4378585086042065,0.4378585086042065,-0.011556511490335791,-0.01052435587302734,-0.02724858747719492
d12_e120_static_once,pf2_preorder,0.12,120,False,False,100,1000,pf2_preorder,-4.925361468068833,-4.475930339961757,-11.740373112428301,0.4378585086042065,0.4378585086042065,0.4378585086042065,-0.011556511490335791,-0.01052435587302734,-0.02724858747719492
d12_e120_static_once,pf2_preorder,0.12,120,False,False,150,250,pf2_preorder,-1.6995016115487571,-1.5871438295219888,-3.3613337339196945,0.4359464627151052,0.4359464627151052,0.4359464627151052,-0.016349162550125747,-0.01531247993449575,-0.032110063431664136
d12_e120_static_once,pf2_preorder,0.12,120,False,False,150,500,pf2_preorder,-3.4775998320458887,-3.2528842679923513,-6.8607562947609955,0.4378585086042065,0.4378585086042065,0.4378585086042065,-0.016556511490335827,-0.01552435587302736,-0.032248587477195015
d12_e120_static_once,pf2_preorder,0.12,120,False,False,150,1000,pf2_preorder,-7.0948860732313515,-6.645454945124276,-13.909897717590821,0.4378585086042065,0.4378585086042065,0.4378585086042065,-0.016556511490335827,-0.01552435587302736,-0.032248587477195015
d12_e120_static_once,pf2_preorder,0.12,120,False,False,200,250,pf2_preorder,-2.2260872403824106,-2.1137294583556416,-3.8879193627533493,0.4359464627151052,0.4359464627151052,0.4359464627151052,-0.021349162550125717,-0.02031247993449574,-0.03711006343166394
d12_e120_static_once,pf2_preorder,0.12,120,False,False,200,500,pf2_preorder,-4.552319575678775,-4.327604011625238,-7.935476038393887,0.4378585086042065,0.4378585086042065,0.4378585086042065,-0.0215565114903358,-0.02052435587302735,-0.037248587477194825
d12_e120_static_once,pf2_preorder,0.12,120,False,False,200,1000,pf2_preorder,-9.264410678393888,-8.814979550286814,-16.079422322753345,0.4378585086042065,0.4378585086042065,0.4378585086042065,-0.0215565114903358,-0.02052435587302735,-0.037248587477194825
d12_e120_static_rearm,all_orders,0.12,120,False,True,100,250,all_orders,-2.7498069043212228,-2.5996670955258123,-5.041519508527726,0.7093690248565966,0.7093690248565966,0.7093690248565966,-0.016571576473091418,-0.015615928347631973,-0.02987293454021034
d12_e120_static_rearm,all_orders,0.12,120,False,True,100,500,all_orders,-5.624158764130016,-5.304988133154873,-10.264547662791594,0.7122370936902486,0.7122370936902486,0.7122370936902486,-0.01649316811595525,-0.015541368237980881,-0.029740963667367656
d12_e120_static_rearm,all_orders,0.12,120,False,True,100,1000,all_orders,-12.458656640764813,-11.801424365430202,-21.818537095831743,0.7131931166347992,0.7131931166347992,0.7131931166347992,-0.017789524289365095,-0.01683900028254082,-0.031019561401700545
d12_e120_static_rearm,all_orders,0.12,120,False,True,150,250,all_orders,-3.6055457014149113,-3.455405892619501,-5.897244971013377,0.7093690248565966,0.7093690248565966,0.7093690248565966,-0.02157157647309143,-0.02061592834763198,-0.03487293454021034
d12_e120_static_rearm,all_orders,0.12,120,False,True,150,500,all_orders,-7.370376277743788,-7.0512056467686435,-12.010757226118539,0.7122370936902486,0.7122370936902486,0.7122370936902486,-0.021493168115955263,-0.020541368237980896,-0.03474096366736766
d12_e120_static_rearm,all_orders,0.12,120,False,True,150,1000,all_orders,-15.993267029216051,-15.336034753881451,-25.353150302638618,0.7131931166347992,0.7131931166347992,0.7131931166347992,-0.0227895242893651,-0.02183900028254083,-0.03601956140170053
d12_e120_static_rearm,all_orders,0.12,120,False,True,200,250,all_orders,-4.461284498508602,-4.311144689713192,-6.75297043349904,0.7093690248565966,0.7093690248565966,0.7093690248565966,-0.026571576473091357,-0.02561592834763191,-0.03987293454021037
d12_e120_static_rearm,all_orders,0.12,120,False,True,200,500,all_orders,-9.116593791357552,-8.797423160382406,-13.756966789445512,0.7122370936902486,0.7122370936902486,0.7122370936902486,-0.02649316811595519,-0.025541368237980824,-0.039740963667367686
d12_e120_static_rearm,all_orders,0.12,120,False,True,200,1000,all_orders,-19.52787741766733,-18.870645142332716,-28.887763509445502,0.7131931166347992,0.7131931166347992,0.7131931166347992,-0.027789524289365024,-0.02683900028254076,-0.04101956140170056
d12_e120_static_rearm,pf2_posthoc,0.12,120,False,True,100,250,all_orders,-1.3712568354875718,-1.258899053460803,-2.7529667398852755,0.4608030592734226,0.4608030592734226,0.4608030592734226,-0.012605039241836265,-0.011624277265223663,-0.02499085216617644
d12_e120_static_rearm,pf2_posthoc,0.12,120,False,True,100,500,all_orders,-2.7647207461567866,-2.5400051821032505,-5.573293346539195,0.46175908221797324,0.46175908221797324,0.46175908221797324,-0.012594809636193685,-0.011616078222679658,-0.02495497905551452
d12_e120_static_rearm,pf2_posthoc,0.12,120,False,True,100,1000,all_orders,-5.721154661185465,-5.271723533078391,-11.385340531166353,0.46175908221797324,0.46175908221797324,0.46175908221797324,-0.012594809636193685,-0.011616078222679658,-0.02495497905551452
d12_e120_static_rearm,pf2_posthoc,0.12,120,False,True,150,250,all_orders,-1.9275168677629058,-1.8151590857361373,-3.309226772160613,0.4608030592734226,0.4608030592734226,0.4608030592734226,-0.0176050392418363,-0.0166242772652237,-0.029990852166176484
d12_e120_static_rearm,pf2_posthoc,0.12,120,False,True,150,500,all_orders,-3.898156765124281,-3.673441201070742,-6.706729365506691,0.46175908221797324,0.46175908221797324,0.46175908221797324,-0.017594809636193722,-0.016616078222679697,-0.02995497905551457
d12_e120_static_rearm,pf2_posthoc,0.12,120,False,True,150,1000,all_orders,-8.010705040726572,-7.561273912619497,-13.67489091070746,0.46175908221797324,0.46175908221797324,0.46175908221797324,-0.017594809636193722,-0.016616078222679697,-0.02995497905551457
d12_e120_static_rearm,pf2_posthoc,0.12,120,False,True,200,250,all_orders,-2.4837769000382415,-2.371419118011473,-3.8654868044359496,0.4608030592734226,0.4608030592734226,0.4608030592734226,-0.02260503924183626,-0.021624277265223663,-0.0349908521661764
d12_e120_static_rearm,pf2_posthoc,0.12,120,False,True,200,500,all_orders,-5.031592784091779,-4.806877220038242,-7.840165384474194,0.46175908221797324,0.46175908221797324,0.46175908221797324,-0.022594809636193678,-0.02161607822267966,-0.034954979055514486
d12_e120_static_rearm,pf2_posthoc,0.12,120,False,True,200,1000,all_orders,-10.300255420267694,-9.850824292160617,-15.964441290248573,0.46175908221797324,0.46175908221797324,0.46175908221797324,-0.022594809636193678,-0.02161607822267966,-0.034954979055514486
d12_e120_static_rearm,pf2_preorder,0.12,120,False,True,100,250,pf2_preorder,-1.5145058565200755,-1.4021480744933066,-3.4539892523135767,0.5449330783938815,0.5449330783938815,0.5449330783938815,-0.011699635805550156,-0.010870289713046166,-0.026404889522645594
d12_e120_static_rearm,pf2_preorder,0.12,120,False,True,100,500,pf2_preorder,-3.085362528183555,-2.8606469641300176,-7.030309338891012,0.5468451242829828,0.5468451242829828,0.5468451242829828,-0.011864434526014088,-0.01103798824502235,-0.026518271272070737
d12_e120_static_rearm,pf2_preorder,0.12,120,False,True,100,1000,pf2_preorder,-6.366895433652001,-5.917464305544924,-14.312606703250484,0.5468451242829828,0.5468451242829828,0.5468451242829828,-0.011864434526014088,-0.01103798824502235,-0.026518271272070737
d12_e120_static_rearm,pf2_preorder,0.12,120,False,True,150,250,pf2_preorder,-2.171997626845123,-2.0596398448183546,-4.111477405047803,0.5449330783938815,0.5449330783938815,0.5449330783938815,-0.01669963580555018,-0.015870289713046187,-0.03140488952264565
d12_e120_static_rearm,pf2_preorder,0.12,120,False,True,150,500,pf2_preorder,-4.426045403747608,-4.20132983969407,-8.370990447724665,0.5468451242829828,0.5468451242829828,0.5468451242829828,-0.016864434526014112,-0.016037988245022373,-0.031518271272070776
d12_e120_static_rearm,pf2_preorder,0.12,120,False,True,150,1000,pf2_preorder,-9.075724000573597,-8.626292872466522,-17.021431736711282,0.5468451242829828,0.5468451242829828,0.5468451242829828,-0.016864434526014112,-0.016037988245022373,-0.031518271272070776
d12_e120_static_rearm,pf2_preorder,0.12,120,False,True,200,250,pf2_preorder,-2.8294893971701742,-2.7171316151434057,-4.768965557782027,0.5449330783938815,0.5449330783938815,0.5449330783938815,-0.021699635805550097,-0.020870289713046112,-0.036404889522645596
d12_e120_static_rearm,pf2_preorder,0.12,120,False,True,200,500,pf2_preorder,-5.766728279311665,-5.5420127152581244,-9.711671556558318,0.5468451242829828,0.5468451242829828,0.5468451242829828,-0.021864434526014033,-0.0210379882450223,-0.03651827127207073
d12_e120_static_rearm,pf2_preorder,0.12,120,False,True,200,1000,pf2_preorder,-11.784552567495219,-11.335121439388148,-19.73025677017208,0.5468451242829828,0.5468451242829828,0.5468451242829828,-0.021864434526014033,-0.0210379882450223,-0.03651827127207073
d14_e120_rolling_rearm,all_orders,0.14,120,True,True,100,250,all_orders,-3.748201981281064,-3.136677526214142,-6.860137705564052,1.1395793499043978,1.1395793499043978,1.1395793499043978,-0.014124597037441051,-0.011919977090508016,-0.025448196133392383
d14_e120_rolling_rearm,all_orders,0.14,120,True,True,100,500,all_orders,-7.833435717208404,-6.596489751625229,-14.16729436749521,1.144359464627151,1.144359464627151,1.144359464627151,-0.014340136819830202,-0.012144725811689698,-0.025616436003100037
d14_e120_rolling_rearm,all_orders,0.14,120,True,True,100,1000,all_orders,-16.996607133135726,-14.501727018412984,-29.75352407615676,1.1453154875717018,1.1453154875717018,1.1453154875717018,-0.015148667870609684,-0.01295508942591503,-0.02641555445022069
d14_e120_rolling_rearm,all_orders,0.14,120,True,True,150,250,all_orders,-5.117502148403436,-4.505977693336512,-8.229437872686429,1.1395793499043978,1.1395793499043978,1.1395793499043978,-0.01912459703744109,-0.016919977090508048,-0.030448196133392426
d14_e120_rolling_rearm,all_orders,0.14,120,True,True,150,500,all_orders,-10.634354564435942,-9.397408598852758,-16.96821321472276,1.144359464627151,1.144359464627151,1.144359464627151,-0.019340136819830236,-0.017144725811689732,-0.030616436003100073
d14_e120_rolling_rearm,all_orders,0.14,120,True,True,150,1000,all_orders,-22.66353643976095,-20.168656325038224,-35.42045338278199,1.1453154875717018,1.1453154875717018,1.1453154875717018,-0.020148667870609722,-0.01795508942591507,-0.03141555445022073
d14_e120_rolling_rearm,all_orders,0.14,120,True,True,200,250,all_orders,-6.48680231552581,-5.875277860458888,-9.598738039808786,1.1395793499043978,1.1395793499043978,1.1395793499043978,-0.024124597037441055,-0.021919977090508004,-0.035448196133392416
d14_e120_rolling_rearm,all_orders,0.14,120,True,True,200,500,all_orders,-13.435273411663482,-12.198327446080306,-19.769132061950277,1.144359464627151,1.144359464627151,1.144359464627151,-0.024340136819830206,-0.02214472581168969,-0.03561643600310006
d14_e120_rolling_rearm,all_orders,0.14,120,True,True,200,1000,all_orders,-28.330465746386178,-25.835585631663424,-41.08738268940723,1.1453154875717018,1.1453154875717018,1.1453154875717018,-0.025148667870609678,-0.022955089425915034,-0.03641555445022072
d14_e120_rolling_rearm,pf2_posthoc,0.14,120,True,True,100,250,all_orders,-0.8557066406309707,-0.3684519369980837,-3.117418531261943,0.7638623326959847,0.7638623326959847,0.7638623326959847,-0.004975391835429154,-0.0023441958637203343,-0.017291103535845388
d14_e120_rolling_rearm,pf2_posthoc,0.14,120,True,True,100,500,all_orders,-1.8775215670745602,-0.8891151043594556,-6.4823423072275235,0.7667304015296367,0.7667304015296367,0.7667304015296367,-0.005419891370186199,-0.0027985377774239206,-0.01768953432359339
d14_e120_rolling_rearm,pf2_posthoc,0.14,120,True,True,100,1000,all_orders,-3.9976477822753145,-1.999846673288699,-13.285920587629052,0.7667304015296367,0.7667304015296367,0.7667304015296367,-0.005419891370186199,-0.0027985377774239206,-0.01768953432359339
d14_e120_rolling_rearm,pf2_posthoc,0.14,120,True,True,150,250,all_orders,-1.7749875074091732,-1.2877328037762874,-4.036699398040148,0.7638623326959847,0.7638623326959847,0.7638623326959847,-0.009975391835429162,-0.007344195863720335,-0.0222911035358454
d14_e120_rolling_rearm,pf2_posthoc,0.14,120,True,True,150,500,all_orders,-3.7565775705927287,-2.7681711078776234,-8.361398310745688,0.7667304015296367,0.7667304015296367,0.7667304015296367,-0.01041989137018621,-0.0077985377774239225,-0.022689534323593406
d14_e120_rolling_rearm,pf2_posthoc,0.14,120,True,True,150,1000,all_orders,-7.79343720696939,-5.795636097982774,-17.081710012323125,0.7667304015296367,0.7667304015296367,0.7667304015296367,-0.01041989137018621,-0.0077985377774239225,-0.022689534323593406
d14_e120_rolling_rearm,pf2_posthoc,0.14,120,True,True,200,250,all_orders,-2.6942683741873754,-2.207013670554489,-4.955980264818353,0.7638623326959847,0.7638623326959847,0.7638623326959847,-0.01497539183542914,-0.012344195863720337,-0.027291103535845407
d14_e120_rolling_rearm,pf2_posthoc,0.14,120,True,True,200,500,all_orders,-5.635633574110885,-4.647227111395779,-10.240454314263859,0.7667304015296367,0.7667304015296367,0.7667304015296367,-0.015419891370186185,-0.01279853777742392,-0.02768953432359341
d14_e120_rolling_rearm,pf2_posthoc,0.14,120,True,True,200,1000,all_orders,-11.589226631663461,-9.591425522676847,-20.8774994370172,0.7667304015296367,0.7667304015296367,0.7667304015296367,-0.015419891370186185,-0.01279853777742392,-0.02768953432359341
d14_e120_rolling_rearm,pf2_preorder,0.14,120,True,True,100,250,pf2_preorder,-2.176720615774374,-1.626773598565959,-4.617614208126188,0.9063097514340345,0.9063097514340345,0.9063097514340345,-0.010330513381382906,-0.007835664985739694,-0.021542143910555735
d14_e120_rolling_rearm,pf2_preorder,0.14,120,True,True,100,500,pf2_preorder,-4.565378727686416,-3.4515876378202557,-9.540446236481817,0.9091778202676865,0.9091778202676865,0.9091778202676865,-0.01068847685376702,-0.008201498642337199,-0.021864739463289457
d14_e120_rolling_rearm,pf2_preorder,0.14,120,True,True,100,1000,pf2_preorder,-9.501822749770534,-7.253252386481809,-19.536902400248547,0.9091778202676865,0.9091778202676865,0.9091778202676865,-0.01068847685376702,-0.008201498642337199,-0.021864739463289457
d14_e120_rolling_rearm,pf2_preorder,0.14,120,True,True,150,250,pf2_preorder,-3.2657792540630908,-2.715832236854679,-5.706672846414909,0.9063097514340345,0.9063097514340345,0.9063097514340345,-0.015330513381382936,-0.012835664985739714,-0.026542143910555732
d14_e120_rolling_rearm,pf2_preorder,0.14,120,True,True,150,500,pf2_preorder,-6.791717078240904,-5.677925988374749,-11.766784587036323,0.9091778202676865,0.9091778202676865,0.9091778202676865,-0.015688476853767043,-0.013201498642337208,-0.026864739463289464
d14_e120_rolling_rearm,pf2_preorder,0.14,120,True,True,150,1000,pf2_preorder,-14.001147507160585,-11.752577143871868,-24.03622715763861,0.9091778202676865,0.9091778202676865,0.9091778202676865,-0.015688476853767043,-0.013201498642337208,-0.026864739463289464
d14_e120_rolling_rearm,pf2_preorder,0.14,120,True,True,200,250,pf2_preorder,-4.3548378923518145,-3.8048908751434007,-6.795731484703628,0.9063097514340345,0.9063097514340345,0.9063097514340345,-0.020330513381382902,-0.01783566498573968,-0.03154214391055574
d14_e120_rolling_rearm,pf2_preorder,0.14,120,True,True,200,500,pf2_preorder,-9.018055428795407,-7.904264338929246,-13.993122937590819,0.9091778202676865,0.9091778202676865,0.9091778202676865,-0.020688476853767006,-0.018201498642337173,-0.031864739463289465
d14_e120_rolling_rearm,pf2_preorder,0.14,120,True,True,200,1000,pf2_preorder,-18.50047226455066,-16.251901901261938,-28.53555191502863,0.9091778202676865,0.9091778202676865,0.9091778202676865,-0.020688476853767006,-0.018201498642337173,-0.031864739463289465
d16_e010_rolling_rearm,all_orders,0.16,10,True,True,100,250,all_orders,-0.6094033445889078,-0.2030617002294433,-2.3687615721223687,0.4101338432122371,0.4101338432122371,0.4101338432122371,-0.006967175838753954,-0.0029045717761498986,-0.02437815864226357
d16_e010_rolling_rearm,all_orders,0.16,10,True,True,100,500,all_orders,-1.2270602648565914,-0.4052304751816398,-4.7683520220267654,0.4130019120458891,0.4130019120458891,0.4130019120458891,-0.00633788438396543,-0.0023034928495739,-0.023627957584672905
d16_e010_rolling_rearm,all_orders,0.16,10,True,True,100,1000,all_orders,-3.38327776619502,-1.732664420114713,-10.48958820214148,0.41395793499043976,0.41395793499043976,0.41395793499043976,-0.008591876646638916,-0.004566802413712498,-0.025842018962356304
d16_e010_rolling_rearm,all_orders,0.16,10,True,True,150,250,all_orders,-1.101726357227532,-0.6953847128680667,-2.861084584760995,0.4101338432122371,0.4101338432122371,0.4101338432122371,-0.011967175838753957,-0.007904571776149893,-0.0293781586422636
d16_e010_rolling_rearm,all_orders,0.16,10,True,True,150,500,all_orders,-2.2376517796940694,-1.4158219900191158,-5.778943536864248,0.4130019120458891,0.4130019120458891,0.4130019120458891,-0.011337884383965432,-0.007303492849573895,-0.02862795758467293
d16_e010_rolling_rearm,all_orders,0.16,10,True,True,150,1000,all_orders,-5.430989828451232,-3.7803764823709294,-12.537300264397706,0.41395793499043976,0.41395793499043976,0.41395793499043976,-0.013591876646638917,-0.009566802413712492,-0.030842018962356332
d16_e010_rolling_rearm,all_orders,0.16,10,True,True,200,250,all_orders,-1.5940493698661544,-1.1877077255066901,-3.353407597399615,0.4101338432122371,0.4101338432122371,0.4101338432122371,-0.016967175838753956,-0.012904571776149891,-0.03437815864226351
d16_e010_rolling_rearm,all_orders,0.16,10,True,True,200,500,all_orders,-3.248243294531544,-2.426413504856591,-6.789535051701714,0.4130019120458891,0.4130019120458891,0.4130019120458891,-0.01633788438396543,-0.012303492849573891,-0.03362795758467284
d16_e010_rolling_rearm,all_orders,0.16,10,True,True,200,1000,all_orders,-7.478701890707448,-5.828088544627143,-14.585012326653912,0.41395793499043976,0.41395793499043976,0.41395793499043976,-0.018591876646638934,-0.01456680241371249,-0.035842018962356226
d16_e010_rolling_rearm,pf2_posthoc,0.16,10,True,True,100,250,all_orders,-0.2389804375143389,0.03145833877629203,-1.3755154145697885,0.26195028680688337,0.26195028680688337,0.26195028680688337,-0.0038710135115497426,0.00036951481656982975,-0.021549364238421093
d16_e010_rolling_rearm,pf2_posthoc,0.16,10,True,True,100,500,all_orders,-0.45998824420649786,0.09003580933078696,-2.753415106539195,0.2638623326959847,0.2638623326959847,0.2638623326959847,-0.003587614172784201,0.0006221856891895798,-0.02113786090888112
d16_e010_rolling_rearm,pf2_posthoc,0.16,10,True,True,100,1000,all_orders,-0.9220601053919639,0.18494176841300716,-5.52871635395793,0.2638623326959847,0.2638623326959847,0.2638623326959847,-0.003587614172784201,0.0006221856891895798,-0.02113786090888112
d16_e010_rolling_rearm,pf2_posthoc,0.16,10,True,True,150,250,all_orders,-0.554267178260037,-0.28382840196940623,-1.690802155315487,0.26195028680688337,0.26195028680688337,0.26195028680688337,-0.008871013511549742,-0.0046304851834301775,-0.026549364238421108
d16_e010_rolling_rearm,pf2_posthoc,0.16,10,True,True,150,500,all_orders,-1.1062090642064986,-0.5561850106692137,-3.3996359265391956,0.2638623326959847,0.2638623326959847,0.2638623326959847,-0.008587614172784202,-0.004377814310810429,-0.026137860908881136
d16_e010_rolling_rearm,pf2_posthoc,0.16,10,True,True,150,1000,all_orders,-2.227712381223705,-1.1207105074187327,-6.834368629789669,0.2638623326959847,0.2638623326959847,0.2638623326959847,-0.008587614172784202,-0.004377814310810429,-0.026137860908881136
d16_e010_rolling_rearm,pf2_posthoc,0.16,10,True,True,200,250,all_orders,-0.8695539190057345,-0.5991151427151038,-2.0060888960611845,0.26195028680688337,0.26195028680688337,0.26195028680688337,-0.013871013511549738,-0.009630485183430177,-0.031549364238421106
d16_e010_rolling_rearm,pf2_posthoc,0.16,10,True,True,200,500,all_orders,-1.7524298842064978,-1.2024058306692122,-4.045856746539196,0.2638623326959847,0.2638623326959847,0.2638623326959847,-0.013587614172784195,-0.009377814310810428,-0.03113786090888113
d16_e010_rolling_rearm,pf2_posthoc,0.16,10,True,True,200,1000,all_orders,-3.533364657055442,-2.4263627832504704,-8.140020905621412,0.2638623326959847,0.2638623326959847,0.2638623326959847,-0.013587614172784195,-0.009377814310810428,-0.03113786090888113
d16_e010_rolling_rearm,pf2_preorder,0.16,10,True,True,100,250,pf2_preorder,-0.21272009717017054,0.1271397116252404,-1.5820627224091766,0.3049713193116635,0.3049713193116635,0.3049713193116635,-0.00326914647507633,0.0012837718709454678,-0.021530098907977455
d16_e010_rolling_rearm,pf2_preorder,0.16,10,True,True,100,500,pf2_preorder,-0.40716931877628726,0.2816967997705574,-3.1662114774760974,0.3068833652007648,0.3068833652007648,0.3068833652007648,-0.003029225965959996,0.001495325287563223,-0.021176402994294755
d16_e010_rolling_rearm,pf2_preorder,0.16,10,True,True,100,1000,pf2_preorder,-0.8694958491778139,0.5151901546462779,-6.407382690478007,0.3068833652007648,0.3068833652007648,0.3068833652007648,-0.003029225965959996,0.001495325287563223,-0.021176402994294755
d16_e010_rolling_rearm,pf2_preorder,0.16,10,True,True,150,250,pf2_preorder,-0.5802045262523885,-0.24034471745697739,-1.949547151491395,0.3049713193116635,0.3049713193116635,0.3049713193116635,-0.008269146475076327,-0.0037162281290545416,-0.02653009890797746
d16_e010_rolling_rearm,pf2_preorder,0.16,10,True,True,150,500,pf2_preorder,-1.1590920527342223,-0.4702259341873776,-3.9181342114340336,0.3068833652007648,0.3068833652007648,0.3068833652007648,-0.008029225965959988,-0.003504674712436785,-0.026176402994294762
d16_e010_rolling_rearm,pf2_preorder,0.16,10,True,True,150,1000,pf2_preorder,-2.388492746424469,-1.0038067426003772,-7.926379587724662,0.3068833652007648,0.3068833652007648,0.3068833652007648,-0.008029225965959988,-0.003504674712436785,-0.026176402994294762
d16_e010_rolling_rearm,pf2_preorder,0.16,10,True,True,200,250,pf2_preorder,-0.9476889553346061,-0.6078291465391955,-2.3170315805736137,0.3049713193116635,0.3049713193116635,0.3049713193116635,-0.01326914647507632,-0.00871622812905453,-0.03153009890797746
d16_e010_rolling_rearm,pf2_preorder,0.16,10,True,True,200,500,pf2_preorder,-1.9110147866921572,-1.2221486681453124,-4.670056945391967,0.3068833652007648,0.3068833652007648,0.3068833652007648,-0.013029225965959979,-0.008504674712436775,-0.031176402994294753
d16_e010_rolling_rearm,pf2_preorder,0.16,10,True,True,200,1000,pf2_preorder,-3.907489643671119,-2.5228036398470284,-9.445376484971309,0.3068833652007648,0.3068833652007648,0.3068833652007648,-0.013029225965959979,-0.008504674712436775,-0.031176402994294753
d16_e010_static_rearm,all_orders,0.16,10,False,True,100,250,all_orders,-0.23586693984703547,-0.033500897782025855,-1.1896022744550663,0.1835564053537285,0.1835564053537285,0.1835564053537285,-0.006857562704978867,-0.002318872228788403,-0.02802098922332459
d16_e010_static_rearm,all_orders,0.16,10,False,True,100,500,all_orders,-0.5235122439770536,-0.11487056137667091,-2.446624060420648,0.1835564053537285,0.1835564053537285,0.1835564053537285,-0.006857562704978867,-0.002318872228788403,-0.02802098922332459
d16_e010_static_rearm,all_orders,0.16,10,False,True,100,1000,all_orders,-2.0415808434799176,-1.2203878798087915,-5.902641034684506,0.18451242829827916,0.18451242829827916,0.18451242829827916,-0.011911754266722942,-0.007396580321497195,-0.03296552572538815
d16_e010_static_rearm,all_orders,0.16,10,False,True,150,250,all_orders,-0.4576217348183547,-0.25525569275334514,-1.4113570694263853,0.1835564053537285,0.1835564053537285,0.1835564053537285,-0.011857562704978864,-0.007318872228788403,-0.033020989223324575
d16_e010_static_rearm,all_orders,0.16,10,False,True,150,500,all_orders,-0.9742425437858496,-0.5656008611854669,-2.8973543602294427,0.1835564053537285,0.1835564053537285,0.1835564053537285,-0.011857562704978864,-0.007318872228788403,-0.033020989223324575
d16_e010_static_rearm,all_orders,0.16,10,False,True,150,1000,all_orders,-2.9555412040344113,-2.1343482403632836,-6.816601395238999,0.18451242829827916,0.18451242829827916,0.18451242829827916,-0.016911754266722936,-0.012396580321497186,-0.03796552572538814
d16_e010_static_rearm,all_orders,0.16,10,False,True,200,250,all_orders,-0.6793765297896741,-0.47701048772466453,-1.6331118643977052,0.1835564053537285,0.1835564053537285,0.1835564053537285,-0.01685756270497887,-0.012318872228788394,-0.03802098922332459
d16_e010_static_rearm,all_orders,0.16,10,False,True,200,500,all_orders,-1.4249728435946445,-1.0163311609942625,-3.3480846600382392,0.1835564053537285,0.1835564053537285,0.1835564053537285,-0.01685756270497887,-0.012318872228788394,-0.03802098922332459
d16_e010_static_rearm,all_orders,0.16,10,False,True,200,1000,all_orders,-3.8695015645889046,-3.0483086009177764,-7.730561755793498,0.18451242829827916,0.18451242829827916,0.18451242829827916,-0.02191175426672296,-0.017396580321497195,-0.042965525725388136
d16_e010_static_rearm,pf2_posthoc,0.16,10,False,True,100,250,all_orders,-0.09663055743785802,0.03925364906309804,-0.5676344962523894,0.11567877629063097,0.11567877629063097,0.11567877629063097,-0.004692260338942968,0.00010899900777092509,-0.02120938216058342
d16_e010_static_rearm,pf2_posthoc,0.16,10,False,True,100,500,all_orders,-0.197092366347991,0.07858564512428431,-1.1422960374760978,0.11567877629063097,0.11567877629063097,0.11567877629063097,-0.004692260338942968,0.00010899900777092509,-0.02120938216058342
d16_e010_static_rearm,pf2_posthoc,0.16,10,False,True,100,1000,all_orders,-0.49445735208412733,0.06080826933078646,-2.389861940994262,0.11567877629063097,0.11567877629063097,0.11567877629063097,-0.004692260338942968,0.00010899900777092509,-0.02120938216058342
d16_e010_static_rearm,pf2_posthoc,0.16,10,False,True,150,250,all_orders,-0.23738140594646226,-0.10149719944550623,-0.7083853447609938,0.11567877629063097,0.11567877629063097,0.11567877629063097,-0.009692260338942963,-0.0048910009922290805,-0.026209382160583418
d16_e010_static_rearm,pf2_posthoc,0.16,10,False,True,150,500,all_orders,-0.4816424787762894,-0.20596446730401427,-1.426846149904396,0.11567877629063097,0.11567877629063097,0.11567877629063097,-0.009692260338942963,-0.0048910009922290805,-0.026209382160583418
d16_e010_static_rearm,pf2_posthoc,0.16,10,False,True,150,1000,all_orders,-1.0680694277437839,-0.51280380632887,-2.9634740166539175,0.11567877629063097,0.11567877629063097,0.11567877629063097,-0.009692260338942963,-0.0048910009922290805,-0.026209382160583418
d16_e010_static_rearm,pf2_posthoc,0.16,10,False,True,200,250,all_orders,-0.3781322544550663,-0.24224804795411017,-0.8491361932695978,0.11567877629063097,0.11567877629063097,0.11567877629063097,-0.014692260338942964,-0.00989100099222908,-0.031209382160583457
d16_e010_static_rearm,pf2_posthoc,0.16,10,False,True,200,500,all_orders,-0.766192591204587,-0.49051457973231216,-1.7113962623326946,0.11567877629063097,0.11567877629063097,0.11567877629063097,-0.014692260338942964,-0.00989100099222908,-0.031209382160583457
d16_e010_static_rearm,pf2_posthoc,0.16,10,False,True,200,1000,all_orders,-1.6416815034034402,-1.086415881988526,-3.537086092313574,0.11567877629063097,0.11567877629063097,0.11567877629063097,-0.014692260338942964,-0.00989100099222908,-0.031209382160583457
d16_e010_static_rearm,pf2_preorder,0.16,10,False,True,100,250,pf2_preorder,-0.27532728699808706,-0.1394430804971313,-0.908411531739961,0.15296367112810708,0.15296367112810708,0.15296367112810708,-0.008525431889982069,-0.004894479509029691,-0.02528207765817005
d16_e010_static_rearm,pf2_preorder,0.16,10,False,True,100,500,pf2_preorder,-0.6007088626003806,-0.3250308511281056,-1.8700731455831727,0.15391969407265774,0.15391969407265774,0.15391969407265774,-0.009155708710541185,-0.005547308828849384,-0.02580827593358514
d16_e010_static_rearm,pf2_preorder,0.16,10,False,True,100,1000,pf2_preorder,-1.3354382421414883,-0.7801726207265746,-3.8791640547609907,0.15391969407265774,0.15391969407265774,0.15391969407265774,-0.009155708710541185,-0.005547308828849384,-0.02580827593358514
d16_e010_static_rearm,pf2_preorder,0.16,10,False,True,150,250,pf2_preorder,-0.4604689706500949,-0.3245847641491391,-1.0935532153919685,0.15296367112810708,0.15296367112810708,0.15296367112810708,-0.01352543188998206,-0.009894479509029684,-0.030282077658170065
d16_e010_static_rearm,pf2_preorder,0.16,10,False,True,150,500,pf2_preorder,-0.977514599827915,-0.70183658835564,-2.246878882810706,0.15391969407265774,0.15391969407265774,0.15391969407265774,-0.014155708710541177,-0.010547308828849375,-0.030808275933585153
d16_e010_static_rearm,pf2_preorder,0.16,10,False,True,150,1000,pf2_preorder,-2.0972869196175887,-1.5420212982026749,-4.6410127322370895,0.15391969407265774,0.15391969407265774,0.15391969407265774,-0.014155708710541177,-0.010547308828849375,-0.030808275933585153
d16_e010_static_rearm,pf2_preorder,0.16,10,False,True,200,250,pf2_preorder,-0.6456106543021022,-0.5097264478011465,-1.2786948990439766,0.15296367112810708,0.15296367112810708,0.15296367112810708,-0.01852543188998207,-0.014894479509029687,-0.03528207765817007
d16_e010_static_rearm,pf2_preorder,0.16,10,False,True,200,500,pf2_preorder,-1.3543203370554477,-1.0786423255831725,-2.6236846200382415,0.15391969407265774,0.15391969407265774,0.15391969407265774,-0.019155708710541185,-0.015547308828849377,-0.03580827593358516
d16_e010_static_rearm,pf2_preorder,0.16,10,False,True,200,1000,pf2_preorder,-2.8591355970936863,-2.3038699756787726,-5.402861409713192,0.15391969407265774,0.15391969407265774,0.15391969407265774,-0.019155708710541185,-0.015547308828849377,-0.03580827593358516
d16_e030_rolling_once,all_orders,0.16,30,True,False,100,250,all_orders,-4.021555752581262,-3.681677282217971,-5.317055203824089,0.6022944550669216,0.6022944550669216,0.6022944550669216,-0.02815785518356143,-0.025852488592480547,-0.036888128218695346
d16_e030_rolling_once,all_orders,0.16,30,True,False,100,500,all_orders,-8.225974681720839,-7.540980838508596,-10.836353092810695,0.6061185468451242,0.6061185468451242,0.6061185468451242,-0.02779255197399304,-0.025501730282540443,-0.0364677444221545
d16_e030_rolling_once,all_orders,0.16,30,True,False,100,1000,all_orders,-17.480685136749504,-16.107653282064994,-22.72417461667302,0.607074569789675,0.607074569789675,0.607074569789675,-0.02929573934745381,-0.027008525249216115,-0.03795727007522445
d16_e030_rolling_once,all_orders,0.16,30,True,False,150,250,all_orders,-4.748273493116627,-4.40839502275334,-6.043772944359466,0.6022944550669216,0.6022944550669216,0.6022944550669216,-0.033157855183561465,-0.03085248859248059,-0.041888128218695364
d16_e030_rolling_once,all_orders,0.16,30,True,False,150,500,all_orders,-9.712888771147226,-9.027894927934987,-12.323267182237094,0.6061185468451242,0.6061185468451242,0.6061185468451242,-0.0327925519739931,-0.030501730282540482,-0.04146774442215455
d16_e030_rolling_once,all_orders,0.16,30,True,False,150,1000,all_orders,-20.48733774986614,-19.114305895181623,-25.73082722978965,0.607074569789675,0.607074569789675,0.607074569789675,-0.03429573934745388,-0.03200852524921615,-0.04295727007522451
d16_e030_rolling_once,all_orders,0.16,30,True,False,200,250,all_orders,-5.474991233651998,-5.135112763288712,-6.770490684894828,0.6022944550669216,0.6022944550669216,0.6022944550669216,-0.03815785518356143,-0.035852488592480525,-0.04688812821869543
d16_e030_rolling_once,all_orders,0.16,30,True,False,200,500,all_orders,-11.199802860573588,-10.514809017361353,-13.810181271663453,0.6061185468451242,0.6061185468451242,0.6061185468451242,-0.03779255197399304,-0.03550173028254042,-0.0464677444221546
d16_e030_rolling_once,all_orders,0.16,30,True,False,200,1000,all_orders,-23.49399036298277,-22.120958508298262,-28.737479842906293,0.607074569789675,0.607074569789675,0.607074569789675,-0.03929573934745385,-0.0370085252492161,-0.04795727007522457
d16_e030_rolling_once,pf2_posthoc,0.16,30,True,False,100,250,all_orders,-1.5646401533460783,-1.3606645510516238,-2.3766249583173993,0.32695984703632885,0.32695984703632885,0.32695984703632885,-0.01992134214756758,-0.017373305389004494,-0.030049964438529028
d16_e030_rolling_once,pf2_posthoc,0.16,30,True,False,100,500,all_orders,-3.1801678564818334,-2.7669797494072625,-4.82129858114722,0.32887189292543023,0.32887189292543023,0.32887189292543023,-0.01961587476520353,-0.0170826521738414,-0.029685609717264045
d16_e030_rolling_once,pf2_posthoc,0.16,30,True,False,100,1000,all_orders,-6.385862479005725,-5.556442096596549,-9.686932188374751,0.32887189292543023,0.32887189292543023,0.32887189292543023,-0.01961587476520353,-0.0170826521738414,-0.029685609717264045
d16_e030_rolling_once,pf2_posthoc,0.16,30,True,False,150,250,all_orders,-1.9602852567877613,-1.7563096544933072,-2.7722700617590803,0.32695984703632885,0.32695984703632885,0.32695984703632885,-0.0249213421475676,-0.022373305389004516,-0.0350499644385291
d16_e030_rolling_once,pf2_posthoc,0.16,30,True,False,150,500,all_orders,-3.9882806441873755,-3.5750925371128086,-5.62941136885277,0.32887189292543023,0.32887189292543023,0.32887189292543023,-0.024615874765203556,-0.022082652173841418,-0.034685609717264115
d16_e030_rolling_once,pf2_posthoc,0.16,30,True,False,150,1000,all_orders,-8.015371310095594,-7.18595092768642,-11.316441019464618,0.32887189292543023,0.32887189292543023,0.32887189292543023,-0.024615874765203556,-0.022082652173841418,-0.034685609717264115
d16_e030_rolling_once,pf2_posthoc,0.16,30,True,False,200,250,all_orders,-2.355930360229444,-2.1519547579349885,-3.167915165200764,0.32695984703632885,0.32695984703632885,0.32695984703632885,-0.029921342147567587,-0.027373305389004517,-0.04004996443852899
d16_e030_rolling_once,pf2_posthoc,0.16,30,True,False,200,500,all_orders,-4.7963934318929216,-4.383205324818352,-6.437524156558314,0.32887189292543023,0.32887189292543023,0.32887189292543023,-0.02961587476520355,-0.027082652173841423,-0.039685609717264016
d16_e030_rolling_once,pf2_posthoc,0.16,30,True,False,200,1000,all_orders,-9.644880141185459,-8.815459758776282,-12.945949850554486,0.32887189292543023,0.32887189292543023,0.32887189292543023,-0.02961587476520355,-0.027082652173841423,-0.039685609717264016
d16_e030_rolling_once,pf2_preorder,0.16,30,True,False,100,250,pf2_preorder,-2.7451893891013386,-2.4717927543021028,-3.7192545000000004,0.4655831739961759,0.4655831739961759,0.4655831739961759,-0.024888026997036444,-0.022502185596821326,-0.03340236047958343
d16_e030_rolling_once,pf2_preorder,0.16,30,True,False,100,500,pf2_preorder,-5.656339631816433,-5.104309459732303,-7.621630968336511,0.4684512428298279,0.4684512428298279,0.4684512428298279,-0.024827002147589084,-0.022455767939620182,-0.03328920705779395
d16_e030_rolling_once,pf2_preorder,0.16,30,True,False,100,1000,pf2_preorder,-11.457059461529623,-10.349954949101324,-15.406450394608012,0.4684512428298279,0.4684512428298279,0.4684512428298279,-0.024827002147589084,-0.022455767939620182,-0.03328920705779395
d16_e030_rolling_once,pf2_preorder,0.16,30,True,False,150,250,pf2_preorder,-3.3070945501912017,-3.0336979153919663,-4.28115966108986,0.4655831739961759,0.4655831739961759,0.4655831739961759,-0.02988802699703647,-0.02750218559682135,-0.03840236047958353
d16_e030_rolling_once,pf2_preorder,0.16,30,True,False,150,500,pf2_preorder,-6.806092274684513,-6.2540621026003835,-8.771383611204593,0.4684512428298279,0.4684512428298279,0.4684512428298279,-0.029827002147589116,-0.027455767939620207,-0.03828920705779405
d16_e030_rolling_once,pf2_preorder,0.16,30,True,False,150,1000,pf2_preorder,-13.777130057304003,-12.670025544875704,-17.726520990382387,0.4684512428298279,0.4684512428298279,0.4684512428298279,-0.029827002147589116,-0.027455767939620207,-0.03828920705779405
d16_e030_rolling_once,pf2_preorder,0.16,30,True,False,200,250,pf2_preorder,-3.868999711281066,-3.5956030764818325,-4.843064822179728,0.4655831739961759,0.4655831739961759,0.4655831739961759,-0.034888026997036393,-0.03250218559682127,-0.04340236047958351
d16_e030_rolling_once,pf2_preorder,0.16,30,True,False,200,500,pf2_preorder,-7.955844917552572,-7.403814745468444,-9.921136254072643,0.4684512428298279,0.4684512428298279,0.4684512428298279,-0.03482700214758904,-0.032455767939620135,-0.04328920705779402
d16_e030_rolling_once,pf2_preorder,0.16,30,True,False,200,1000,pf2_preorder,-16.097200653078378,-14.990096140650081,-20.046591586156794,0.4684512428298279,0.4684512428298279,0.4684512428298279,-0.03482700214758904,-0.032455767939620135,-0.04328920705779402
d16_e030_rolling_rearm,all_orders,0.16,30,True,True,100,250,all_orders,-4.417948714416823,-4.011607070057358,-6.243788777514338,0.8460803059273423,0.8460803059273423,0.8460803059273423,-0.02236571705288383,-0.020396386947960504,-0.031171678003868334
d16_e030_rolling_rearm,all_orders,0.16,30,True,True,100,500,all_orders,-9.114710138546837,-8.292880348871885,-12.80004587277245,0.8508604206500956,0.8508604206500956,0.8508604206500956,-0.02222998739064054,-0.020271720937992066,-0.030986476650889175
d16_e030_rolling_rearm,all_orders,0.16,30,True,True,100,1000,all_orders,-19.409392622523868,-17.758779276443565,-26.81487131850858,0.8518164435946463,0.8518164435946463,0.8518164435946463,-0.023307525602459776,-0.02135145697972449,-0.03205418715310096
d16_e030_rolling_rearm,all_orders,0.16,30,True,True,150,250,all_orders,-5.43467845938814,-5.028336815028673,-7.260518522485659,0.8460803059273423,0.8460803059273423,0.8460803059273423,-0.027365717052883827,-0.025396386947960495,-0.03617167800386832
d16_e030_rolling_rearm,all_orders,0.16,30,True,True,150,500,all_orders,-11.19744644128107,-10.375616651606117,-14.882782175506682,0.8508604206500956,0.8508604206500956,0.8508604206500956,-0.02722998739064054,-0.02527172093799206,-0.035986476650889165
d16_e030_rolling_rearm,all_orders,0.16,30,True,True,150,1000,all_orders,-23.62370183741872,-21.97308849133841,-31.02918053340342,0.8518164435946463,0.8518164435946463,0.8518164435946463,-0.02830752560245977,-0.02635145697972449,-0.03705418715310096
d16_e030_rolling_rearm,all_orders,0.16,30,True,True,200,250,all_orders,-6.451408204359455,-6.045066559999993,-8.277248267456972,0.8460803059273423,0.8460803059273423,0.8460803059273423,-0.032365717052883825,-0.030396386947960492,-0.0411716780038684
d16_e030_rolling_rearm,all_orders,0.16,30,True,True,200,500,all_orders,-13.280182744015264,-12.458352954340313,-16.9655184782409,0.8508604206500956,0.8508604206500956,0.8508604206500956,-0.032229987390640535,-0.030271720937992054,-0.040986476650889246
d16_e030_rolling_rearm,all_orders,0.16,30,True,True,200,1000,all_orders,-27.838011052313547,-26.187397706233238,-35.243489748298266,0.8518164435946463,0.8518164435946463,0.8518164435946463,-0.03330752560245979,-0.03135145697972449,-0.04205418715310105
d16_e030_rolling_rearm,pf2_posthoc,0.16,30,True,True,100,250,all_orders,-1.9260313369789657,-1.6555925606883346,-3.129048149598468,0.5325047801147228,0.5325047801147228,0.5325047801147228,-0.015376462152540977,-0.013290457194004592,-0.02465443687081462
d16_e030_rolling_rearm,pf2_posthoc,0.16,30,True,True,100,500,all_orders,-3.978782196673035,-3.4287581431357492,-6.416253036061176,0.5353728489483748,0.5353728489483748,0.5353728489483748,-0.015374020220941476,-0.013299190288968685,-0.024602291503224367
d16_e030_rolling_rearm,pf2_posthoc,0.16,30,True,True,100,1000,all_orders,-8.072338890210313,-6.965337016405339,-12.978163398814516,0.5353728489483748,0.5353728489483748,0.5353728489483748,-0.015374020220941476,-0.013299190288968685,-0.024602291503224367
d16_e030_rolling_rearm,pf2_posthoc,0.16,30,True,True,150,250,all_orders,-2.5660716666539183,-2.2956328903632874,-3.7690884792734183,0.5325047801147228,0.5325047801147228,0.5325047801147228,-0.02037646215254097,-0.0182904571940046,-0.02965443687081467
d16_e030_rolling_rearm,pf2_posthoc,0.16,30,True,True,150,500,all_orders,-5.289872222543015,-4.739848169005729,-7.727343061931159,0.5353728489483748,0.5353728489483748,0.5353728489483748,-0.020374020220941477,-0.01829919028896869,-0.029602291503224423
d16_e030_rolling_rearm,pf2_posthoc,0.16,30,True,True,150,1000,all_orders,-10.720948173938798,-9.613946300133826,-15.626772682542997,0.5353728489483748,0.5353728489483748,0.5353728489483748,-0.020374020220941477,-0.01829919028896869,-0.029602291503224423
d16_e030_rolling_rearm,pf2_posthoc,0.16,30,True,True,200,250,all_orders,-3.206111996328869,-2.935673220038239,-4.40912880894837,0.5325047801147228,0.5325047801147228,0.5325047801147228,-0.025376462152540927,-0.023290457194004556,-0.03465443687081461
d16_e030_rolling_rearm,pf2_posthoc,0.16,30,True,True,200,500,all_orders,-6.600962248412994,-6.05093819487571,-9.038433087801142,0.5353728489483748,0.5353728489483748,0.5353728489483748,-0.025374020220941432,-0.023299190288968645,-0.03460229150322436
d16_e030_rolling_rearm,pf2_posthoc,0.16,30,True,True,200,1000,all_orders,-13.369557457667295,-12.26255558386232,-18.275381966271507,0.5353728489483748,0.5353728489483748,0.5353728489483748,-0.025374020220941432,-0.023299190288968645,-0.03460229150322436
d16_e030_rolling_rearm,pf2_preorder,0.16,30,True,True,100,250,pf2_preorder,-2.6500135664244726,-2.3101537576290605,-4.0858380272275285,0.6548757170172084,0.6548757170172084,0.6548757170172084,-0.01738548052023789,-0.015265216356178106,-0.026362425987407415
d16_e030_rolling_rearm,pf2_preorder,0.16,30,True,True,100,500,pf2_preorder,-5.485226881185454,-4.796360762638608,-8.388313016940717,0.6577437858508605,0.6577437858508605,0.6577437858508605,-0.017374732646983804,-0.015263713820848705,-0.02631253445659301
d16_e030_rolling_rearm,pf2_preorder,0.16,30,True,True,100,1000,pf2_preorder,-11.19939780799233,-9.814711804168239,-17.03645290933077,0.6577437858508605,0.6577437858508605,0.6577437858508605,-0.017374732646983804,-0.015263713820848705,-0.02631253445659301
d16_e030_rolling_rearm,pf2_preorder,0.16,30,True,True,150,250,pf2_preorder,-3.436962467801144,-3.0971026590057327,-4.872786928604204,0.6548757170172084,0.6548757170172084,0.6548757170172084,-0.022385480520237915,-0.020265216356178124,-0.031362425987407426
d16_e030_rolling_rearm,pf2_preorder,0.16,30,True,True,150,500,pf2_preorder,-7.095900377418731,-6.407034258871888,-9.998986513173996,0.6577437858508605,0.6577437858508605,0.6577437858508605,-0.022374732646983836,-0.020263713820848725,-0.031312534456593016
d16_e030_rolling_rearm,pf2_preorder,0.16,30,True,True,150,1000,pf2_preorder,-14.454435575468429,-13.069749571644346,-20.291490676806866,0.6577437858508605,0.6577437858508605,0.6577437858508605,-0.022374732646983836,-0.020263713820848725,-0.031312534456593016
d16_e030_rolling_rearm,pf2_preorder,0.16,30,True,True,200,250,pf2_preorder,-4.223911369177814,-3.8840515603824035,-5.659735829980872,0.6548757170172084,0.6548757170172084,0.6548757170172084,-0.027385480520237874,-0.025265216356178073,-0.036362425987407465
d16_e030_rolling_rearm,pf2_preorder,0.16,30,True,True,200,500,pf2_preorder,-8.706573873651992,-8.017707755105146,-11.609660009407252,0.6577437858508605,0.6577437858508605,0.6577437858508605,-0.027374732646983792,-0.025263713820848677,-0.03631253445659304
d16_e030_rolling_rearm,pf2_preorder,0.16,30,True,True,200,1000,pf2_preorder,-17.709473342944538,-16.32478733912045,-23.546528444282977,0.6577437858508605,0.6577437858508605,0.6577437858508605,-0.027374732646983792,-0.025263713820848677,-0.03631253445659304
d16_e030_static_once,all_orders,0.16,30,False,False,100,250,all_orders,-1.861257048221796,-1.658891006156786,-2.460393644780112,0.3565965583173996,0.3565965583173996,0.3565965583173996,-0.022377365242883484,-0.02004109561438866,-0.029292979509293347
d16_e030_static_once,all_orders,0.16,30,False,False,100,500,all_orders,-3.9218100891778147,-3.513168406577434,-5.13973158057361,0.35850860420650094,0.35850860420650094,0.35850860420650094,-0.022844685961588104,-0.020520876437778588,-0.029723416951910452
d16_e030_static_once,all_orders,0.16,30,False,False,100,1000,all_orders,-8.88112825032504,-8.059935286653909,-11.331567523747601,0.35946462715105165,0.35946462715105165,0.35946462715105165,-0.02539647279180088,-0.023078843612469563,-0.03225690928480854
d16_e030_static_once,all_orders,0.16,30,False,False,150,250,all_orders,-2.2908903830401517,-2.088524340975141,-2.890026979598471,0.3565965583173996,0.3565965583173996,0.3565965583173996,-0.02737736524288352,-0.025041095614388678,-0.03429297950929335
d16_e030_static_once,all_orders,0.16,30,False,False,150,500,all_orders,-4.800559081185463,-4.39191739858508,-6.01848057258126,0.35850860420650094,0.35850860420650094,0.35850860420650094,-0.02784468596158814,-0.025520876437778606,-0.03472341695191047
d16_e030_static_once,all_orders,0.16,30,False,False,150,1000,all_orders,-10.66138799059273,-9.840195026921597,-13.111827264015291,0.35946462715105165,0.35946462715105165,0.35946462715105165,-0.0303964727918009,-0.0280788436124696,-0.03725690928480854
d16_e030_static_once,all_orders,0.16,30,False,False,200,250,all_orders,-2.720523717858507,-2.5181576757934963,-3.3196603144168235,0.3565965583173996,0.3565965583173996,0.3565965583173996,-0.03237736524288347,-0.03004109561438866,-0.039292979509293315
d16_e030_static_once,all_orders,0.16,30,False,False,200,500,all_orders,-5.679308073193108,-5.27066639059273,-6.897229564588905,0.35850860420650094,0.35850860420650094,0.35850860420650094,-0.0328446859615881,-0.030520876437778583,-0.039723416951910416
d16_e030_static_once,all_orders,0.16,30,False,False,200,1000,all_orders,-12.441647730860417,-11.62045476718929,-14.892087004282981,0.35946462715105165,0.35946462715105165,0.35946462715105165,-0.035396472791800845,-0.033078843612469544,-0.04225690928480849
d16_e030_static_once,pf2_posthoc,0.16,30,False,False,100,250,all_orders,-0.8856411807265756,-0.7497569742256195,-1.146616171166346,0.2055449330783939,0.2055449330783939,0.2055449330783939,-0.017736298586899495,-0.015034194489446564,-0.022978824954294524
d16_e030_static_once,pf2_posthoc,0.16,30,False,False,100,500,all_orders,-1.8330595459655799,-1.5573815344933046,-2.36465989013384,0.20650095602294455,0.20650095602294455,0.20650095602294455,-0.01816344535270089,-0.015473850996439864,-0.023381700764691305
d16_e030_static_once,pf2_posthoc,0.16,30,False,False,100,1000,all_orders,-3.71931725816443,-3.1640516367495164,-4.787274925468447,0.20650095602294455,0.20650095602294455,0.20650095602294455,-0.01816344535270089,-0.015473850996439864,-0.023381700764691305
d16_e030_static_once,pf2_posthoc,0.16,30,False,False,150,250,all_orders,-1.1350855875334602,-0.9992013810325039,-1.3960605779732302,0.2055449330783939,0.2055449330783939,0.2055449330783939,-0.022736298586899517,-0.020034194489446554,-0.027978824954294546
d16_e030_static_once,pf2_posthoc,0.16,30,False,False,150,500,all_orders,-2.34099105795411,-2.0653130464818346,-2.872591402122366,0.20650095602294455,0.20650095602294455,0.20650095602294455,-0.02316344535270091,-0.020473850996439863,-0.02838170076469133
d16_e030_static_once,pf2_posthoc,0.16,30,False,False,150,1000,all_orders,-4.744716923001907,-4.189451301586995,-5.812674590305917,0.20650095602294455,0.20650095602294455,0.20650095602294455,-0.02316344535270091,-0.020473850996439863,-0.02838170076469133
d16_e030_static_once,pf2_posthoc,0.16,30,False,False,200,250,all_orders,-1.384529994340343,-1.2486457878393866,-1.6455049847801138,0.2055449330783939,0.2055449330783939,0.2055449330783939,-0.02773629858689954,-0.025034194489446597,-0.03297882495429456
d16_e030_static_once,pf2_posthoc,0.16,30,False,False,200,500,all_orders,-2.848922569942636,-2.57324455847036,-3.3805229141108977,0.20650095602294455,0.20650095602294455,0.20650095602294455,-0.02816344535270093,-0.025473850996439902,-0.03338170076469134
d16_e030_static_once,pf2_posthoc,0.16,30,False,False,200,1000,all_orders,-5.770116587839383,-5.214850966424468,-6.8380742551433995,0.20650095602294455,0.20650095602294455,0.20650095602294455,-0.02816344535270093,-0.025473850996439902,-0.03338170076469134
d16_e030_static_once,pf2_preorder,0.16,30,False,False,100,250,pf2_preorder,-1.2397813413384307,-1.1038971348374746,-1.7319917428680682,0.2609942638623327,0.2609942638623327,0.2609942638623327,-0.019793512877789063,-0.017665482178329795,-0.027486226950894213
d16_e030_static_once,pf2_preorder,0.16,30,False,False,100,500,pf2_preorder,-2.546326501988526,-2.2706484905162507,-3.5403976683365173,0.26195028680688337,0.26195028680688337,0.26195028680688337,-0.02012273363370954,-0.018002469469649757,-0.027787372108007736
d16_e030_static_once,pf2_preorder,0.16,30,False,False,100,1000,pf2_preorder,-5.201565793537279,-4.646300172122364,-7.1944651052007575,0.26195028680688337,0.26195028680688337,0.26195028680688337,-0.02012273363370954,-0.018002469469649757,-0.027787372108007736
d16_e030_static_once,pf2_preorder,0.16,30,False,False,150,250,pf2_preorder,-1.556221650630974,-1.4203374441300178,-2.048432052160611,0.2609942638623327,0.2609942638623327,0.2609942638623327,-0.024793512877789088,-0.022665482178329806,-0.03248622695089423
d16_e030_static_once,pf2_preorder,0.16,30,False,False,150,500,pf2_preorder,-3.1897342740152927,-2.9140562625430175,-4.183805440363286,0.26195028680688337,0.26195028680688337,0.26195028680688337,-0.025122733633709565,-0.02300246946964977,-0.03278737210800776
d16_e030_static_once,pf2_preorder,0.16,30,False,False,150,1000,pf2_preorder,-6.5014275080879464,-5.946161886673032,-8.494326819751429,0.26195028680688337,0.26195028680688337,0.26195028680688337,-0.025122733633709565,-0.02300246946964977,-0.03278737210800776
d16_e030_static_once,pf2_preorder,0.16,30,False,False,200,250,pf2_preorder,-1.8726619599235168,-1.7367777534225604,-2.3648723614531533,0.2609942638623327,0.2609942638623327,0.2609942638623327,-0.029793512877789082,-0.027665482178329818,-0.037486226950894194
d16_e030_static_once,pf2_preorder,0.16,30,False,False,200,500,pf2_preorder,-3.833142046042062,-3.557464034569786,-4.8272132123900535,0.26195028680688337,0.26195028680688337,0.26195028680688337,-0.030122733633709563,-0.028002469469649783,-0.03778737210800772
d16_e030_static_once,pf2_preorder,0.16,30,False,False,200,1000,pf2_preorder,-7.8012892226386175,-7.246023601223701,-9.794188534302101,0.26195028680688337,0.26195028680688337,0.26195028680688337,-0.030122733633709563,-0.028002469469649783,-0.03778737210800772
d16_e030_static_rearm,all_orders,0.16,30,False,True,100,250,all_orders,-2.25554696217973,-2.0531809201147206,-2.994880920114719,0.4168260038240918,0.4168260038240918,0.4168260038240918,-0.02344719144023065,-0.02144850205622015,-0.030715275055570528
d16_e030_static_rearm,all_orders,0.16,30,False,True,100,500,all_orders,-4.733380959158695,-4.324739276558312,-6.231697173307834,0.4187380497131931,0.4187380497131931,0.4187380497131931,-0.023842409744156533,-0.02185284679568947,-0.031077305763079346
d16_e030_static_rearm,all_orders,0.16,30,False,True,100,1000,all_orders,-10.621646636558305,-9.800453672887178,-13.632875355487558,0.4196940726577438,0.4196940726577438,0.4196940726577438,-0.02602572210036936,-0.024040691185953488,-0.0332441377183379
d16_e030_static_rearm,all_orders,0.16,30,False,True,150,250,all_orders,-2.7576293935564054,-2.555263351491395,-3.496963351491395,0.4168260038240918,0.4168260038240918,0.4168260038240918,-0.028447191440230665,-0.026448502056220194,-0.035715275055570546
d16_e030_static_rearm,all_orders,0.16,30,False,True,150,500,all_orders,-5.759091504703634,-5.35044982210325,-7.257407718852769,0.4187380497131931,0.4187380497131931,0.4187380497131931,-0.02884240974415655,-0.026852846795689507,-0.03607730576307936
d16_e030_static_rearm,all_orders,0.16,30,False,True,150,1000,all_orders,-12.699930828068826,-11.878737864397701,-15.711159546998077,0.4196940726577438,0.4196940726577438,0.4196940726577438,-0.03102572210036937,-0.029040691185953493,-0.03824413771833792
d16_e030_static_rearm,all_orders,0.16,30,False,True,200,250,all_orders,-3.2597118249330754,-3.0573457828680657,-3.9990457828680657,0.4168260038240918,0.4168260038240918,0.4168260038240918,-0.0334471914402306,-0.03144850205622013,-0.04071527505557052
d16_e030_static_rearm,all_orders,0.16,30,False,True,200,500,all_orders,-6.784802050248558,-6.376160367648177,-8.283118264397697,0.4187380497131931,0.4187380497131931,0.4187380497131931,-0.0338424097441565,-0.03185284679568945,-0.04107730576307934
d16_e030_static_rearm,all_orders,0.16,30,False,True,200,1000,all_orders,-14.778215019579353,-13.957022055908226,-17.789443738508595,0.4196940726577438,0.4196940726577438,0.4196940726577438,-0.03602572210036932,-0.03404069118595344,-0.04324413771833789
d16_e030_static_rearm,pf2_posthoc,0.16,30,False,True,100,250,all_orders,-1.108751947456977,-0.9728677409560209,-1.5099242992734205,0.25717017208413,0.25717017208413,0.25717017208413,-0.01828294503284723,-0.016123270754213825,-0.024663998950718014
d16_e030_static_rearm,pf2_posthoc,0.16,30,False,True,100,500,all_orders,-2.2860793069598433,-2.0104012954875685,-3.09807437388145,0.25812619502868067,0.25812619502868067,0.25812619502868067,-0.01862263782902187,-0.016470962344013032,-0.024980058213863503
d16_e030_static_rearm,pf2_posthoc,0.16,30,False,True,100,1000,all_orders,-4.726180183594638,-4.170914562179728,-6.354927296405345,0.25812619502868067,0.25812619502868067,0.25812619502868067,-0.01862263782902187,-0.016470962344013032,-0.024980058213863503
d16_e030_static_rearm,pf2_posthoc,0.16,30,False,True,150,250,all_orders,-1.420414194608029,-1.284529988107073,-1.821586546424473,0.25717017208413,0.25717017208413,0.25717017208413,-0.023282945032847238,-0.02112327075421385,-0.029663998950718026
d16_e030_static_rearm,pf2_posthoc,0.16,30,False,True,150,500,all_orders,-2.9199741793690217,-2.6442961678967465,-3.7319692462906278,0.25812619502868067,0.25812619502868067,0.25812619502868067,-0.023622637829021877,-0.02147096234401306,-0.029980058213863518
d16_e030_static_rearm,pf2_posthoc,0.16,30,False,True,150,1000,all_orders,-6.006988634282975,-5.451723012868062,-7.635735747093683,0.25812619502868067,0.25812619502868067,0.25812619502868067,-0.023622637829021877,-0.02147096234401306,-0.029980058213863518
d16_e030_static_rearm,pf2_posthoc,0.16,30,False,True,200,250,all_orders,-1.7320764417590806,-1.5961922352581246,-2.133248793575524,0.25717017208413,0.25717017208413,0.25717017208413,-0.028282945032847246,-0.02612327075421386,-0.03466399895071802
d16_e030_static_rearm,pf2_posthoc,0.16,30,False,True,200,500,all_orders,-3.5538690517782014,-3.278191040305926,-4.365864118699806,0.25812619502868067,0.25812619502868067,0.25812619502868067,-0.028622637829021885,-0.026470962344013065,-0.034980058213863505
d16_e030_static_rearm,pf2_posthoc,0.16,30,False,True,200,1000,all_orders,-7.287797084971317,-6.732531463556401,-8.916544197782025,0.25812619502868067,0.25812619502868067,0.25812619502868067,-0.028622637829021885,-0.026470962344013065,-0.034980058213863505
d16_e030_static_rearm,pf2_preorder,0.16,30,False,True,100,250,pf2_preorder,-1.4370890048183547,-1.3012047983173978,-2.137658144397703,0.30401529636711283,0.30401529636711283,0.30401529636711283,-0.020021594875985885,-0.01819470059626142,-0.02939249886136704
d16_e030_static_rearm,pf2_preorder,0.16,30,False,True,100,500,pf2_preorder,-2.954535729521986,-2.6788577180497097,-4.3653243719694,0.3049713193116635,0.3049713193116635,0.3049713193116635,-0.020303658841891885,-0.01848249150348317,-0.029645186952710716
d16_e030_static_rearm,pf2_preorder,0.16,30,False,True,100,1000,pf2_preorder,-6.087108730439756,-5.5318431090248446,-8.913442994302091,0.3049713193116635,0.3049713193116635,0.3049713193116635,-0.020303658841891885,-0.01848249150348317,-0.029645186952710716
d16_e030_static_rearm,pf2_preorder,0.16,30,False,True,150,250,pf2_preorder,-1.8051535378202674,-1.6692693313193112,-2.5057226773996177,0.30401529636711283,0.30401529636711283,0.30401529636711283,-0.02502159487598589,-0.023194700596261414,-0.03439249886136705
d16_e030_static_rearm,pf2_preorder,0.16,30,False,True,150,500,pf2_preorder,-3.702936394474184,-3.427258383001909,-5.113725036921608,0.3049713193116635,0.3049713193116635,0.3049713193116635,-0.025303658841891896,-0.023482491503483166,-0.03464518695271073
d16_e030_static_rearm,pf2_preorder,0.16,30,False,True,150,1000,pf2_preorder,-7.599693538680686,-7.0444279172657716,-10.426027802543018,0.3049713193116635,0.3049713193116635,0.3049713193116635,-0.025303658841891896,-0.023482491503483166,-0.03464518695271073
d16_e030_static_rearm,pf2_preorder,0.16,30,False,True,200,250,pf2_preorder,-2.173218070822178,-2.037333864321222,-2.873787210401528,0.30401529636711283,0.30401529636711283,0.30401529636711283,-0.030021594875985894,-0.028194700596261422,-0.03939249886136699
d16_e030_static_rearm,pf2_preorder,0.16,30,False,True,200,500,pf2_preorder,-4.451337059426381,-4.175659047954107,-5.862125701873801,0.3049713193116635,0.3049713193116635,0.3049713193116635,-0.03030365884189189,-0.02848249150348317,-0.039645186952710666
d16_e030_static_rearm,pf2_preorder,0.16,30,False,True,200,1000,pf2_preorder,-9.112278346921604,-8.55701272550669,-11.93861261078394,0.3049713193116635,0.3049713193116635,0.3049713193116635,-0.03030365884189189,-0.02848249150348317,-0.039645186952710666
d16_e060_rolling_rearm,all_orders,0.16,60,True,True,100,250,all_orders,-4.838747151892924,-4.432405507533456,-6.664587214990435,0.9397705544933078,0.9397705544933078,0.9397705544933078,-0.022001509206177158,-0.02022851109543743,-0.029929561537429768
d16_e060_rolling_rearm,all_orders,0.16,60,True,True,100,500,all_orders,-9.958768787495211,-9.136938997820256,-13.644104521720827,0.9445506692160612,0.9445506692160612,0.9445506692160612,-0.02188108576471664,-0.02011706031648066,-0.029769016373645093
d16_e060_rolling_rearm,all_orders,0.16,60,True,True,100,1000,all_orders,-21.114916522332667,-19.46430317625237,-28.520395218317365,0.9455066921606119,0.9455066921606119,0.9455066921606119,-0.0228522035082524,-0.021089961705565707,-0.030732158454280015
d16_e060_rolling_rearm,all_orders,0.16,60,True,True,150,250,all_orders,-5.968259480803054,-5.561917836443587,-7.794099543900572,0.9397705544933078,0.9397705544933078,0.9397705544933078,-0.02700150920617717,-0.025228511095437438,-0.03492956153742974
d16_e060_rolling_rearm,all_orders,0.16,60,True,True,150,500,all_orders,-12.271248812409164,-11.449419022734215,-15.95658454663478,0.9445506692160612,0.9445506692160612,0.9445506692160612,-0.026881085764716654,-0.025117060316480665,-0.03476901637364507
d16_e060_rolling_rearm,all_orders,0.16,60,True,True,150,1000,all_orders,-25.792875373556377,-24.142262027476075,-33.19835406954111,0.9455066921606119,0.9455066921606119,0.9455066921606119,-0.027852203508252404,-0.02608996170556572,-0.035732158454279996
d16_e060_rolling_rearm,all_orders,0.16,60,True,True,200,250,all_orders,-7.09777180971318,-6.691430165353719,-8.923611872810698,0.9397705544933078,0.9397705544933078,0.9397705544933078,-0.03200150920617718,-0.030228511095437453,-0.03992956153742982
d16_e060_rolling_rearm,all_orders,0.16,60,True,True,200,500,all_orders,-14.583728837323108,-13.761899047648155,-18.269064571548746,0.9445506692160612,0.9445506692160612,0.9445506692160612,-0.03188108576471666,-0.030117060316480676,-0.03976901637364515
d16_e060_rolling_rearm,all_orders,0.16,60,True,True,200,1000,all_orders,-30.470834224780077,-28.820220878699757,-37.8763129207648,0.9455066921606119,0.9455066921606119,0.9455066921606119,-0.032852203508252416,-0.03108996170556573,-0.04073215845428007
d16_e060_rolling_rearm,pf2_posthoc,0.16,60,True,True,100,250,all_orders,-2.3008382199617556,-2.030399443671125,-3.5038550325812587,0.6080305927342257,0.6080305927342257,0.6080305927342257,-0.016124408152407548,-0.014297513872683085,-0.02424993003617866
d16_e060_rolling_rearm,pf2_posthoc,0.16,60,True,True,100,500,all_orders,-4.753917098393871,-4.203893044856587,-7.1913879377820225,0.6108986615678776,0.6108986615678776,0.6108986615678776,-0.016118756634887488,-0.01430043932361244,-0.02420613052859395
d16_e060_rolling_rearm,pf2_posthoc,0.16,60,True,True,100,1000,all_orders,-9.635962902064989,-8.528961028260023,-14.541787410669203,0.6108986615678776,0.6108986615678776,0.6108986615678776,-0.016118756634887488,-0.01430043932361244,-0.02420613052859395
d16_e060_rolling_rearm,pf2_posthoc,0.16,60,True,True,150,250,all_orders,-3.0322948783173973,-2.7618561020267656,-4.235311690936897,0.6080305927342257,0.6080305927342257,0.6080305927342257,-0.021124408152407546,-0.019297513872683074,-0.029249930036178696
d16_e060_rolling_rearm,pf2_posthoc,0.16,60,True,True,150,500,all_orders,-6.251050292141483,-5.7010262386041965,-8.688521131529631,0.6108986615678776,0.6108986615678776,0.6108986615678776,-0.02111875663488749,-0.019300439323612428,-0.029206130528593985
d16_e060_rolling_rearm,pf2_posthoc,0.16,60,True,True,150,1000,all_orders,-12.658911323651989,-11.551909449847019,-17.564735832256197,0.6108986615678776,0.6108986615678776,0.6108986615678776,-0.02111875663488749,-0.019300439323612428,-0.029206130528593985
d16_e060_rolling_rearm,pf2_posthoc,0.16,60,True,True,200,250,all_orders,-3.7637515366730363,-3.4933127603824055,-4.966768349292539,0.6080305927342257,0.6080305927342257,0.6080305927342257,-0.026124408152407488,-0.024297513872683026,-0.03424993003617864
d16_e060_rolling_rearm,pf2_posthoc,0.16,60,True,True,200,500,all_orders,-7.7481834858890934,-7.198159432351807,-10.185654325277234,0.6108986615678776,0.6108986615678776,0.6108986615678776,-0.02611875663488743,-0.024300439323612383,-0.03420613052859393
d16_e060_rolling_rearm,pf2_posthoc,0.16,60,True,True,200,1000,all_orders,-15.68185974523899,-14.574857871434022,-20.587684253843197,0.6108986615678776,0.6108986615678776,0.6108986615678776,-0.02611875663488743,-0.024300439323612383,-0.03420613052859393
d16_e060_rolling_rearm,pf2_preorder,0.16,60,True,True,100,250,pf2_preorder,-3.252476319388142,-2.9126165105927315,-4.688300780191199,0.739961759082218,0.739961759082218,0.739961759082218,-0.01885494160720504,-0.016978480428418277,-0.02679965432685765
d16_e060_rolling_rearm,pf2_preorder,0.16,60,True,True,100,500,pf2_preorder,-6.7214333316634685,-6.032567213116623,-9.624519467418725,0.7428298279158699,0.7428298279158699,0.7428298279158699,-0.018839751233897816,-0.016970535078967376,-0.026753789387065283
d16_e060_rolling_rearm,pf2_preorder,0.16,60,True,True,100,1000,pf2_preorder,-13.700875590401516,-12.316189586577423,-19.53793069173996,0.7428298279158699,0.7428298279158699,0.7428298279158699,-0.018839751233897816,-0.016970535078967376,-0.026753789387065283
d16_e060_rolling_rearm,pf2_preorder,0.16,60,True,True,150,250,pf2_preorder,-4.14209281139579,-3.802233002600376,-5.57791727219885,0.739961759082218,0.739961759082218,0.739961759082218,-0.02385494160720508,-0.02197848042841831,-0.03179965432685767
d16_e060_rolling_rearm,pf2_preorder,0.16,60,True,True,150,500,pf2_preorder,-8.541330703231356,-7.852464584684504,-11.444416838986594,0.7428298279158699,0.7428298279158699,0.7428298279158699,-0.023839751233897855,-0.021970535078967412,-0.0317537893870653
d16_e060_rolling_rearm,pf2_preorder,0.16,60,True,True,150,1000,pf2_preorder,-17.37758123569789,-15.992895231873796,-23.214636337036318,0.7428298279158699,0.7428298279158699,0.7428298279158699,-0.023839751233897855,-0.021970535078967412,-0.0317537893870653
d16_e060_rolling_rearm,pf2_preorder,0.16,60,True,True,200,250,pf2_preorder,-5.031709303403435,-4.691849494608026,-6.467533764206489,0.739961759082218,0.739961759082218,0.739961759082218,-0.028854941607205052,-0.026978480428418293,-0.036799654326857716
d16_e060_rolling_rearm,pf2_preorder,0.16,60,True,True,200,500,pf2_preorder,-10.361228074799223,-9.672361956252374,-13.26431421055448,0.7428298279158699,0.7428298279158699,0.7428298279158699,-0.028839751233897835,-0.02697053507896739,-0.036753789387065354
d16_e060_rolling_rearm,pf2_preorder,0.16,60,True,True,200,1000,pf2_preorder,-21.054286880994244,-19.669600877170158,-26.891341982332676,0.7428298279158699,0.7428298279158699,0.7428298279158699,-0.028839751233897835,-0.02697053507896739,-0.036753789387065354
d16_e060_static_rearm,all_orders,0.16,60,False,True,100,250,all_orders,-2.311865094684508,-2.1759622266156744,-3.060151098508599,0.4980879541108987,0.4980879541108987,0.4980879541108987,-0.019733643981267823,-0.018618572232798756,-0.02588799150301904
d16_e060_static_rearm,all_orders,0.16,60,False,True,100,500,all_orders,-4.83452682072657,-4.562721084588902,-6.3501966104015235,0.5009560229445507,0.5009560229445507,0.5009560229445507,-0.020250436095878892,-0.01914174834596976,-0.026369548803574283
d16_e060_static_rearm,all_orders,0.16,60,False,True,100,1000,all_orders,-10.793969453996153,-10.250357981720821,-13.840349071586987,0.5019120458891013,0.5019120458891013,0.5019120458891013,-0.022082942949261206,-0.020976366985542387,-0.02819040020418002
d16_e060_static_rearm,all_orders,0.16,60,False,True,150,250,all_orders,-2.9132650244359457,-2.7773621563671114,-3.6615510282600368,0.4980879541108987,0.4980879541108987,0.4980879541108987,-0.02473364398126784,-0.023618572232798774,-0.03088799150301906
d16_e060_static_rearm,all_orders,0.16,60,False,True,150,500,all_orders,-6.061684054225617,-5.789878318087949,-7.577353843900565,0.5009560229445507,0.5009560229445507,0.5009560229445507,-0.025250436095878903,-0.024141748345969775,-0.03136954880357429
d16_e060_static_rearm,all_orders,0.16,60,False,True,150,1000,all_orders,-13.278534564741868,-12.734923092466536,-16.324914182332684,0.5019120458891013,0.5019120458891013,0.5019120458891013,-0.027082942949261214,-0.02597636698554238,-0.03319040020418004
d16_e060_static_rearm,all_orders,0.16,60,False,True,200,250,all_orders,-3.514664954187379,-3.3787620861185457,-4.262950958011468,0.4980879541108987,0.4980879541108987,0.4980879541108987,-0.02973364398126782,-0.028618572232798758,-0.03588799150301903
d16_e060_static_rearm,all_orders,0.16,60,False,True,200,500,all_orders,-7.288841287724661,-7.017035551586994,-8.804511077399617,0.5009560229445507,0.5009560229445507,0.5009560229445507,-0.030250436095878887,-0.029141748345969765,-0.036369548803574264
d16_e060_static_rearm,all_orders,0.16,60,False,True,200,1000,all_orders,-15.763099675487561,-15.21948820321223,-18.80947929307838,0.5019120458891013,0.5019120458891013,0.5019120458891013,-0.032082942949261194,-0.03097636698554237,-0.03819040020417999
d16_e060_static_rearm,pf2_posthoc,0.16,60,False,True,100,250,all_orders,-1.2204298409560206,-1.1510088084512407,-1.630554238661566,0.30210325047801145,0.30210325047801145,0.30210325047801145,-0.01698472909209366,-0.016065500641219643,-0.022535469935294407
d16_e060_static_rearm,pf2_posthoc,0.16,60,False,True,100,500,all_orders,-2.555762155143398,-2.4169200901338384,-3.385110797590816,0.30401529636711283,0.30401529636711283,0.30401529636711283,-0.017569730795916966,-0.016656283656054736,-0.023085561319349152
d16_e060_static_rearm,pf2_posthoc,0.16,60,False,True,100,1000,all_orders,-5.259913136787751,-4.98222900676863,-6.923811148260024,0.30401529636711283,0.30401529636711283,0.30401529636711283,-0.017569730795916966,-0.016656283656054736,-0.023085561319349152
d16_e060_static_rearm,pf2_posthoc,0.16,60,False,True,150,250,all_orders,-1.586840097954109,-1.517419065449329,-1.9969644956596542,0.30210325047801145,0.30210325047801145,0.30210325047801145,-0.02198472909209367,-0.02106550064121965,-0.027535469935294415
d16_e060_static_rearm,pf2_posthoc,0.16,60,False,True,150,500,all_orders,-3.3018525912237067,-3.1630105262141464,-4.131201233671125,0.30401529636711283,0.30401529636711283,0.30401529636711283,-0.02256973079591698,-0.021656283656054747,-0.02808556131934916
d16_e060_static_rearm,pf2_posthoc,0.16,60,False,True,150,1000,all_orders,-6.766721341319302,-6.489037211300182,-8.43061935279158,0.30401529636711283,0.30401529636711283,0.30401529636711283,-0.02256973079591698,-0.021656283656054747,-0.02808556131934916
d16_e060_static_rearm,pf2_posthoc,0.16,60,False,True,200,250,all_orders,-1.953250354952197,-1.8838293224474167,-2.3633747526577427,0.30210325047801145,0.30210325047801145,0.30210325047801145,-0.026984729092093682,-0.02606550064121966,-0.032535469935294395
d16_e060_static_rearm,pf2_posthoc,0.16,60,False,True,200,500,all_orders,-4.047943027304008,-3.9091009622944477,-4.877291669751428,0.30401529636711283,0.30401529636711283,0.30401529636711283,-0.027569730795916986,-0.026656283656054755,-0.03308556131934915
d16_e060_static_rearm,pf2_posthoc,0.16,60,False,True,200,1000,all_orders,-8.273529545850849,-7.995845415831728,-9.937427557323124,0.30401529636711283,0.30401529636711283,0.30401529636711283,-0.027569730795916986,-0.026656283656054755,-0.03308556131934915
d16_e060_static_rearm,pf2_preorder,0.16,60,False,True,100,250,pf2_preorder,-1.8370238428680654,-1.7011396363671096,-2.546545028336516,0.3632887189292543,0.3632887189292543,0.3632887189292543,-0.021397487816395715,-0.019868665761257877,-0.02933821957927831
d16_e060_static_rearm,pf2_preorder,0.16,60,False,True,100,500,pf2_preorder,-3.7878080270363217,-3.5121300155640465,-5.215950245009551,0.36424474187380496,0.36424474187380496,0.36424474187380496,-0.021630040341812002,-0.020105230942986857,-0.029549930289043985
d16_e060_static_rearm,pf2_preorder,0.16,60,False,True,100,1000,pf2_preorder,-7.796276574646254,-7.241010953231341,-10.657761737170157,0.36424474187380496,0.36424474187380496,0.36424474187380496,-0.021630040341812002,-0.020105230942986857,-0.029549930289043985
d16_e060_static_rearm,pf2_preorder,0.16,60,False,True,150,250,pf2_preorder,-2.2770226973804957,-2.1411384908795394,-2.986543882848947,0.3632887189292543,0.3632887189292543,0.3632887189292543,-0.026397487816395736,-0.024868665761257895,-0.03433821957927837
d16_e060_static_rearm,pf2_preorder,0.16,60,False,True,150,500,pf2_preorder,-4.681395978412997,-4.405717966940723,-6.109538196386232,0.36424474187380496,0.36424474187380496,0.36424474187380496,-0.026630040341812024,-0.025105230942986875,-0.034549930289044045
d16_e060_static_rearm,pf2_preorder,0.16,60,False,True,150,1000,pf2_preorder,-9.602666000975132,-9.047400379560225,-12.46415116349903,0.36424474187380496,0.36424474187380496,0.36424474187380496,-0.026630040341812024,-0.025105230942986875,-0.034549930289044045
d16_e060_static_rearm,pf2_preorder,0.16,60,False,True,200,250,pf2_preorder,-2.717021551892923,-2.5811373453919666,-3.4265427373613746,0.3632887189292543,0.3632887189292543,0.3632887189292543,-0.0313974878163957,-0.02986866576125786,-0.039338219579278313
d16_e060_static_rearm,pf2_preorder,0.16,60,False,True,200,500,pf2_preorder,-5.574983929789671,-5.299305918317396,-7.003126147762905,0.36424474187380496,0.36424474187380496,0.36424474187380496,-0.03163004034181199,-0.03010523094298684,-0.03954993028904398
d16_e060_static_rearm,pf2_preorder,0.16,60,False,True,200,1000,pf2_preorder,-11.409055427304006,-10.853789805889093,-14.270540589827904,0.36424474187380496,0.36424474187380496,0.36424474187380496,-0.03163004034181199,-0.03010523094298684,-0.03954993028904398
d16_e120_rolling_once,all_orders,0.16,120,True,False,100,250,all_orders,-4.592217550554491,-4.252339080191203,-5.887717001797323,0.7007648183556405,0.7007648183556405,0.7007648183556405,-0.027709801261521557,-0.025728381135490256,-0.035213310145743054
d16_e120_rolling_once,all_orders,0.16,120,True,False,100,500,all_orders,-9.316301821414905,-8.63130797820267,-11.92668023250476,0.7036328871892925,0.7036328871892925,0.7036328871892925,-0.027202351823192816,-0.025229008137892625,-0.03467527575272321
d16_e120_rolling_once,all_orders,0.16,120,True,False,100,1000,all_orders,-19.680026035143385,-18.306994180458876,-24.923515515066896,0.7045889101338432,0.7045889101338432,0.7045889101338432,-0.028498300510164838,-0.026527634360394237,-0.03596108478714499
d16_e120_rolling_once,all_orders,0.16,120,True,False,150,250,all_orders,-5.4378196948565884,-5.097941224493296,-6.733319146099423,0.7007648183556405,0.7007648183556405,0.7007648183556405,-0.032709801261521586,-0.03072838113549029,-0.04021331014574309
d16_e120_rolling_once,all_orders,0.16,120,True,False,150,500,all_orders,-11.042200144168255,-10.357206300956014,-13.652578555258117,0.7036328871892925,0.7036328871892925,0.7036328871892925,-0.032202351823192865,-0.03022900813789267,-0.039675275752723255
d16_e120_rolling_once,all_orders,0.16,120,True,False,150,1000,all_orders,-23.168694311606107,-21.79566245692159,-28.412183791529618,0.7045889101338432,0.7045889101338432,0.7045889101338432,-0.0334983005101649,-0.031527634360394276,-0.04096108478714504
d16_e120_rolling_once,all_orders,0.16,120,True,False,200,250,all_orders,-6.283421839158688,-5.9435433687954005,-7.578921290401519,0.7007648183556405,0.7007648183556405,0.7007648183556405,-0.03770980126152159,-0.03572838113549026,-0.04521331014574313
d16_e120_rolling_once,all_orders,0.16,120,True,False,200,500,all_orders,-12.768098466921579,-12.08310462370934,-15.37847687801144,0.7036328871892925,0.7036328871892925,0.7036328871892925,-0.03720235182319286,-0.03522900813789264,-0.04467527575272327
d16_e120_rolling_once,all_orders,0.16,120,True,False,200,1000,all_orders,-26.657362588068807,-25.284330733384294,-31.900852067992325,0.7045889101338432,0.7045889101338432,0.7045889101338432,-0.03849830051016491,-0.03652763436039427,-0.045961084787145084
d16_e120_rolling_once,pf2_posthoc,0.16,120,True,False,100,250,all_orders,-1.9861721520841282,-1.7821965497896726,-2.7981569570554488,0.39579349904397704,0.39579349904397704,0.39579349904397704,-0.02113912808754306,-0.01903422815655617,-0.02950625084964164
d16_e120_rolling_once,pf2_posthoc,0.16,120,True,False,100,500,all_orders,-3.973589570172079,-3.560401463097511,-5.614720294837472,0.3967495219885277,0.3967495219885277,0.3967495219885277,-0.02051802015496736,-0.018418192272006955,-0.028864981175470532
d16_e120_rolling_once,pf2_posthoc,0.16,120,True,False,100,1000,all_orders,-7.977679114684495,-7.148258732275323,-11.278748824053526,0.3967495219885277,0.3967495219885277,0.3967495219885277,-0.02051802015496736,-0.018418192272006955,-0.028864981175470532
d16_e120_rolling_once,pf2_posthoc,0.16,120,True,False,150,250,all_orders,-2.4650168170363287,-2.261041214741872,-3.277001622007644,0.39579349904397704,0.39579349904397704,0.39579349904397704,-0.026139128087543054,-0.02403422815655618,-0.034506250849641686
d16_e120_rolling_once,pf2_posthoc,0.16,120,True,False,150,500,all_orders,-4.94852686099426,-4.535338753919688,-6.58965758565965,0.3967495219885277,0.3967495219885277,0.3967495219885277,-0.02551802015496736,-0.023418192272006953,-0.03386498117547057
d16_e120_rolling_once,pf2_posthoc,0.16,120,True,False,150,1000,all_orders,-9.942772548508596,-9.11335216609942,-13.243842257877615,0.3967495219885277,0.3967495219885277,0.3967495219885277,-0.02551802015496736,-0.023418192272006953,-0.03386498117547057
d16_e120_rolling_once,pf2_posthoc,0.16,120,True,False,200,250,all_orders,-2.9438614819885265,-2.7398858796940706,-3.755846286959845,0.39579349904397704,0.39579349904397704,0.39579349904397704,-0.031139128087543017,-0.029034228156556145,-0.0395062508496416
d16_e120_rolling_once,pf2_posthoc,0.16,120,True,False,200,500,all_orders,-5.923464151816443,-5.510276044741872,-7.564594876481831,0.3967495219885277,0.3967495219885277,0.3967495219885277,-0.030518020154967327,-0.02841819227200693,-0.038864981175470485
d16_e120_rolling_once,pf2_posthoc,0.16,120,True,False,200,1000,all_orders,-11.90786598233269,-11.078445599923509,-15.208935691701717,0.3967495219885277,0.3967495219885277,0.3967495219885277,-0.030518020154967327,-0.02841819227200693,-0.038864981175470485
d16_e120_rolling_once,pf2_preorder,0.16,120,True,False,100,250,pf2_preorder,-3.4672266689101336,-3.193830034110899,-4.441291779808796,0.5544933078393881,0.5544933078393881,0.5544933078393881,-0.026508471950328728,-0.02450518787807915,-0.03365757609860521
d16_e120_rolling_once,pf2_preorder,0.16,120,True,False,100,500,pf2_preorder,-7.064412003250471,-6.512381831166341,-9.029703339770549,0.5564053537284895,0.5564053537284895,0.5564053537284895,-0.026199816266768556,-0.02420341633222429,-0.03332435304683789
d16_e120_rolling_once,pf2_preorder,0.16,120,True,False,100,1000,pf2_preorder,-14.294676651701705,-13.187572139273405,-18.2440675847801,0.5564053537284895,0.5564053537284895,0.5564053537284895,-0.026199816266768556,-0.02420341633222429,-0.03332435304683789
d16_e120_rolling_once,pf2_preorder,0.16,120,True,False,150,250,pf2_preorder,-4.136983343709361,-3.8635867089101277,-5.111048454608021,0.5544933078393881,0.5544933078393881,0.5544933078393881,-0.03150847195032879,-0.029505187878079212,-0.03865757609860531
d16_e120_rolling_once,pf2_preorder,0.16,120,True,False,150,500,pf2_preorder,-8.430490003919695,-7.878459831835562,-10.395781340439761,0.5564053537284895,0.5564053537284895,0.5564053537284895,-0.031199816266768605,-0.029203416332224348,-0.03832435304683799
d16_e120_rolling_once,pf2_preorder,0.16,120,True,False,150,1000,pf2_preorder,-17.049962796673018,-15.942858284244728,-20.99935372975141,0.5564053537284895,0.5564053537284895,0.5564053537284895,-0.031199816266768605,-0.029203416332224348,-0.03832435304683799
d16_e120_rolling_once,pf2_preorder,0.16,120,True,False,200,250,pf2_preorder,-4.806740018508598,-4.533343383709362,-5.780805129407257,0.5544933078393881,0.5544933078393881,0.5544933078393881,-0.03650847195032875,-0.03450518787807915,-0.04365757609860538
d16_e120_rolling_once,pf2_preorder,0.16,120,True,False,200,500,pf2_preorder,-9.796568004588899,-9.24453783250477,-11.761859341108966,0.5564053537284895,0.5564053537284895,0.5564053537284895,-0.03619981626676856,-0.03420341633222428,-0.04332435304683805
d16_e120_rolling_once,pf2_preorder,0.16,120,True,False,200,1000,pf2_preorder,-19.80524894164436,-18.69814442921606,-23.754639874722745,0.5564053537284895,0.5564053537284895,0.5564053537284895,-0.03619981626676856,-0.03420341633222428,-0.04332435304683805
d16_e120_rolling_rearm,all_orders,0.16,120,True,True,100,250,all_orders,-5.141712076443591,-4.735370432084127,-6.9675521395411035,1.0009560229445507,1.0009560229445507,1.0009560229445507,-0.021934577453976343,-0.02026995745124745,-0.029378011495639476
d16_e120_rolling_rearm,all_orders,0.16,120,True,True,100,500,all_orders,-10.487924614760985,-9.666094825086033,-14.17326034898661,1.0047801147227533,1.0047801147227533,1.0047801147227533,-0.021679494968114037,-0.02002121034122807,-0.02909460005053202
d16_e120_rolling_rearm,all_orders,0.16,120,True,True,100,1000,all_orders,-22.179145354569773,-20.528532008489464,-29.584624050554467,1.005736137667304,1.005736137667304,1.005736137667304,-0.022592648047157257,-0.020935939736456553,-0.03000070455059957
d16_e120_rolling_rearm,all_orders,0.16,120,True,True,150,250,all_orders,-6.345721137227527,-5.9393794928680625,-8.171561200325044,1.0009560229445507,1.0009560229445507,1.0009560229445507,-0.026934577453976354,-0.025269957451247473,-0.034378011495639474
d16_e120_rolling_rearm,all_orders,0.16,120,True,True,150,500,all_orders,-12.948600845850843,-12.126771056175897,-16.63393658007647,1.0047801147227533,1.0047801147227533,1.0047801147227533,-0.02667949496811405,-0.025021210341228093,-0.03409460005053202
d16_e120_rolling_rearm,all_orders,0.16,120,True,True,150,1000,all_orders,-27.155444180229424,-25.504830834149114,-34.560922876214136,1.005736137667304,1.005736137667304,1.005736137667304,-0.02759264804715726,-0.02593593973645657,-0.03500070455059956
d16_e120_rolling_rearm,all_orders,0.16,120,True,True,200,250,all_orders,-7.54973019801146,-7.143388553651993,-9.37557026110898,1.0009560229445507,1.0009560229445507,1.0009560229445507,-0.03193457745397636,-0.03026995745124747,-0.039378011495639534
d16_e120_rolling_rearm,all_orders,0.16,120,True,True,200,500,all_orders,-15.409277076940695,-14.58744728726574,-19.094612811166357,1.0047801147227533,1.0047801147227533,1.0047801147227533,-0.03167949496811404,-0.030021210341228094,-0.03909460005053208
d16_e120_rolling_rearm,all_orders,0.16,120,True,True,200,1000,all_orders,-32.13174300588907,-30.481129659808758,-39.53722170187377,1.005736137667304,1.005736137667304,1.005736137667304,-0.03259264804715731,-0.030935939736456565,-0.040000704550599626
d16_e120_rolling_rearm,pf2_posthoc,0.16,120,True,True,100,250,all_orders,-2.552773087151049,-2.2823343108604175,-3.7557898997705514,0.6539196940726577,0.6539196940726577,0.6539196940726577,-0.016633994396870452,-0.014935303224495081,-0.024189304218622542
d16_e120_rolling_rearm,pf2_posthoc,0.16,120,True,True,100,500,all_orders,-5.180630619732302,-4.630606566195017,-7.618101459120453,0.655831739961759,0.655831739961759,0.655831739961759,-0.016400920559078748,-0.014707181839100974,-0.023934203238493365
d16_e120_rolling_rearm,pf2_posthoc,0.16,120,True,True,100,1000,all_orders,-10.494652246730384,-9.387650372925414,-15.4004767553346,0.655831739961759,0.655831739961759,0.655831739961759,-0.016400920559078748,-0.014707181839100974,-0.023934203238493365
d16_e120_rolling_rearm,pf2_posthoc,0.16,120,True,True,150,250,all_orders,-3.3400629783365163,-3.0696242020458864,-4.543079790956018,0.6539196940726577,0.6539196940726577,0.6539196940726577,-0.021633994396870457,-0.01993530322449508,-0.029189304218622564
d16_e120_rolling_rearm,pf2_posthoc,0.16,120,True,True,150,500,all_orders,-6.788183990975134,-6.2381599374378505,-9.225654830363279,0.655831739961759,0.655831739961759,0.655831739961759,-0.021400920559078752,-0.01970718183910096,-0.028934203238493387
d16_e120_rolling_rearm,pf2_posthoc,0.16,120,True,True,150,1000,all_orders,-13.739936864550652,-12.632934990745682,-18.64576137315486,0.655831739961759,0.655831739961759,0.655831739961759,-0.021400920559078752,-0.01970718183910096,-0.028934203238493387
d16_e120_rolling_rearm,pf2_posthoc,0.16,120,True,True,200,250,all_orders,-4.127352869521986,-3.8569140932313544,-5.3303696821414865,0.6539196940726577,0.6539196940726577,0.6539196940726577,-0.026633994396870402,-0.024935303224495022,-0.03418930421862255
d16_e120_rolling_rearm,pf2_posthoc,0.16,120,True,True,200,500,all_orders,-8.395737362217965,-7.845713308680684,-10.833208201606105,0.655831739961759,0.655831739961759,0.655831739961759,-0.02640092055907871,-0.024707181839100905,-0.03393420323849337
d16_e120_rolling_rearm,pf2_posthoc,0.16,120,True,True,200,1000,all_orders,-16.985221482370925,-15.878219608565955,-21.89104599097513,0.655831739961759,0.655831739961759,0.655831739961759,-0.02640092055907871,-0.024707181839100905,-0.03393420323849337
d16_e120_rolling_rearm,pf2_preorder,0.16,120,True,True,100,250,pf2_preorder,-3.498920295564052,-3.15906048676864,-4.934744756367108,0.7868068833652008,0.7868068833652008,0.7868068833652008,-0.01906774055431028,-0.017303000636471944,-0.02653943878640155
d16_e120_rolling_rearm,pf2_preorder,0.16,120,True,True,100,500,pf2_preorder,-7.136968967724653,-6.448102849177809,-10.040055103479913,0.7887189292543021,0.7887189292543021,0.7887189292543021,-0.018868036136079996,-0.017107574375618235,-0.026321621160335883
d16_e120_rolling_rearm,pf2_preorder,0.16,120,True,True,100,1000,pf2_preorder,-14.537209164512412,-13.15252316068832,-20.374264265850844,0.7887189292543021,0.7887189292543021,0.7887189292543021,-0.018868036136079996,-0.017107574375618235,-0.026321621160335883
d16_e120_rolling_rearm,pf2_preorder,0.16,120,True,True,150,250,pf2_preorder,-4.445538150420646,-4.105678341625234,-5.881362611223706,0.7868068833652008,0.7868068833652008,0.7868068833652008,-0.024067740554310303,-0.02230300063647198,-0.03153943878640158
d16_e120_rolling_rearm,pf2_preorder,0.16,120,True,True,150,500,pf2_preorder,-9.06966449575525,-8.380798377208407,-11.972750631510491,0.7887189292543021,0.7887189292543021,0.7887189292543021,-0.023868036136080024,-0.022107574375618264,-0.03132162116033591
d16_e120_rolling_rearm,pf2_preorder,0.16,120,True,True,150,1000,pf2_preorder,-18.441006963977042,-17.056320960152952,-24.27806206531547,0.7887189292543021,0.7887189292543021,0.7887189292543021,-0.023868036136080024,-0.022107574375618264,-0.03132162116033591
d16_e120_rolling_rearm,pf2_preorder,0.16,120,True,True,200,250,pf2_preorder,-5.39215600527724,-5.052296196481828,-6.827980466080295,0.7868068833652008,0.7868068833652008,0.7868068833652008,-0.029067740554310304,-0.027303000636471977,-0.036539438786401625
d16_e120_rolling_rearm,pf2_preorder,0.16,120,True,True,200,500,pf2_preorder,-11.00236002378584,-10.313493905238994,-13.905446159541096,0.7887189292543021,0.7887189292543021,0.7887189292543021,-0.028868036136080015,-0.027107574375618258,-0.036321621160335965
d16_e120_rolling_rearm,pf2_preorder,0.16,120,True,True,200,1000,pf2_preorder,-22.34480476344166,-20.960118759617565,-28.181859864780098,0.7887189292543021,0.7887189292543021,0.7887189292543021,-0.028868036136080015,-0.027107574375618258,-0.036321621160335965
d16_e120_static_once,all_orders,0.16,120,False,False,100,250,all_orders,-2.2910665434034376,-2.1551636753346037,-2.9186006925430155,0.48565965583174,0.48565965583174,0.48565965583174,-0.019695146503555486,-0.01855153945443662,-0.025006099957506304
d16_e120_static_once,all_orders,0.16,120,False,False,100,500,all_orders,-4.698632282332687,-4.426826546195018,-5.972798362638613,0.48661567877629064,0.48661567877629064,0.48661567877629064,-0.019872562718676202,-0.018731202441756,-0.025173082079397262
d16_e120_static_once,all_orders,0.16,120,False,False,100,1000,all_orders,-10.390331193766716,-9.846719721491382,-12.952709128757162,0.4875717017208413,0.4875717017208413,0.4875717017208413,-0.021759707760642687,-0.02062058544504979,-0.027049833946146653
d16_e120_static_once,all_orders,0.16,120,False,False,150,250,all_orders,-2.8792687577437834,-2.7433658896749495,-3.506802906883363,0.48565965583174,0.48565965583174,0.48565965583174,-0.024695146503555466,-0.02355153945443661,-0.030006099957506336
d16_e120_static_once,all_orders,0.16,120,False,False,150,500,all_orders,-5.896430552562135,-5.624624816424468,-7.17059663286806,0.48661567877629064,0.48661567877629064,0.48661567877629064,-0.024872562718676182,-0.023731202441755986,-0.030173082079397284
d16_e120_static_once,all_orders,0.16,120,False,False,150,1000,all_orders,-12.808051897151042,-12.264440424875705,-15.370429832141474,0.4875717017208413,0.4875717017208413,0.4875717017208413,-0.0267597077606427,-0.025620585445049786,-0.03204983394614667
d16_e120_static_once,all_orders,0.16,120,False,False,200,250,all_orders,-3.467470972084127,-3.3315681040152945,-4.095005121223707,0.48565965583174,0.48565965583174,0.48565965583174,-0.029695146503555443,-0.02855153945443658,-0.03500609995750629
d16_e120_static_once,all_orders,0.16,120,False,False,200,500,all_orders,-7.09422882279158,-6.822423086653911,-8.36839490309751,0.48661567877629064,0.48661567877629064,0.48661567877629064,-0.02987256271867616,-0.028731202441755956,-0.03517308207939724
d16_e120_static_once,all_orders,0.16,120,False,False,200,1000,all_orders,-15.225772600535354,-14.682161128260017,-17.788150535525812,0.4875717017208413,0.4875717017208413,0.4875717017208413,-0.03175970776064265,-0.030620585445049746,-0.03704983394614663
d16_e120_static_once,pf2_posthoc,0.16,120,False,False,100,250,all_orders,-1.3376175307839366,-1.2681964982791565,-1.6269900738049694,0.2762906309751434,0.2762906309751434,0.2762906309751434,-0.01993404253939333,-0.01892893461387018,-0.02424401970972578
d16_e120_static_once,pf2_posthoc,0.16,120,False,False,100,500,all_orders,-2.717473643785846,-2.578631578776286,-3.3053185768642392,0.2762906309751434,0.2762906309751434,0.2762906309751434,-0.01993404253939333,-0.01892893461387018,-0.02424401970972578
d16_e120_static_once,pf2_posthoc,0.16,120,False,False,100,1000,all_orders,-5.4752351198087865,-5.197550989789666,-6.655131448680678,0.2762906309751434,0.2762906309751434,0.2762906309751434,-0.01993404253939333,-0.01892893461387018,-0.02424401970972578
d16_e120_static_once,pf2_posthoc,0.16,120,False,False,150,250,all_orders,-1.6735793975143398,-1.6041583650095594,-1.9629519405353724,0.2762906309751434,0.2762906309751434,0.2762906309751434,-0.02493404253939333,-0.02392893461387018,-0.029244019709725788
d16_e120_static_once,pf2_posthoc,0.16,120,False,False,150,500,all_orders,-3.3995398853728465,-3.2606978203632857,-3.9873848184512415,0.2762906309751434,0.2762906309751434,0.2762906309751434,-0.02493404253939333,-0.02392893461387018,-0.029244019709725788
d16_e120_static_once,pf2_posthoc,0.16,120,False,False,150,1000,all_orders,-6.84727112082217,-6.569586990803049,-8.027167449694064,0.2762906309751434,0.2762906309751434,0.2762906309751434,-0.02493404253939333,-0.02392893461387018,-0.029244019709725788
d16_e120_static_once,pf2_posthoc,0.16,120,False,False,200,250,all_orders,-2.0095412642447394,-1.9401202317399586,-2.298913807265772,0.2762906309751434,0.2762906309751434,0.2762906309751434,-0.029934042539393295,-0.02892893461387015,-0.03424401970972575
d16_e120_static_once,pf2_posthoc,0.16,120,False,False,200,500,all_orders,-4.08160612695984,-3.9427640619502786,-4.669451060038234,0.2762906309751434,0.2762906309751434,0.2762906309751434,-0.029934042539393295,-0.02892893461387015,-0.03424401970972575
d16_e120_static_once,pf2_posthoc,0.16,120,False,False,200,1000,all_orders,-8.219307121835552,-7.941622991816431,-9.399203450707443,0.2762906309751434,0.2762906309751434,0.2762906309751434,-0.029934042539393295,-0.02892893461387015,-0.03424401970972575
d16_e120_static_once,pf2_preorder,0.16,120,False,False,100,250,pf2_preorder,-2.2417478195028644,-2.172326786998084,-2.7623557736137623,0.3690248565965583,0.3690248565965583,0.3690248565965583,-0.025464042920934526,-0.024711513930063572,-0.031211584825581798
d16_e120_static_once,pf2_preorder,0.16,120,False,False,100,500,pf2_preorder,-4.610842257552575,-4.472000192543015,-5.661158012810699,0.37093690248565964,0.37093690248565964,0.37093690248565964,-0.02552226781061317,-0.02477361783515908,-0.031240183210597322
d16_e120_static_once,pf2_preorder,0.16,120,False,False,100,1000,pf2_preorder,-9.385328800497115,-9.107644670477995,-11.490166773728472,0.37093690248565964,0.37093690248565964,0.37093690248565964,-0.02552226781061317,-0.02477361783515908,-0.031240183210597322
d16_e120_static_once,pf2_preorder,0.16,120,False,False,150,250,pf2_preorder,-2.6897746202676838,-2.620353587762904,-3.2103825743785843,0.3690248565965583,0.3690248565965583,0.3690248565965583,-0.03046404292093455,-0.02971151393006359,-0.03621158482558185
d16_e120_static_once,pf2_preorder,0.16,120,False,False,150,500,pf2_preorder,-5.523211544072653,-5.384369479063091,-6.57352729933078,0.37093690248565964,0.37093690248565964,0.37093690248565964,-0.030522267810613204,-0.0297736178351591,-0.03624018321059737
d16_e120_static_once,pf2_preorder,0.16,120,False,False,150,1000,pf2_preorder,-11.226404519483737,-10.948720389464617,-13.331242492715095,0.37093690248565964,0.37093690248565964,0.37093690248565964,-0.030522267810613204,-0.0297736178351591,-0.03624018321059737
d16_e120_static_once,pf2_preorder,0.16,120,False,False,200,250,pf2_preorder,-3.137801421032503,-3.068380388527723,-3.658409375143403,0.3690248565965583,0.3690248565965583,0.3690248565965583,-0.03546404292093449,-0.03471151393006353,-0.04121158482558178
d16_e120_static_once,pf2_preorder,0.16,120,False,False,200,500,pf2_preorder,-6.4355808305927305,-6.296738765583171,-7.485896585850857,0.37093690248565964,0.37093690248565964,0.37093690248565964,-0.03552226781061314,-0.034773617835159046,-0.0412401832105973
d16_e120_static_once,pf2_preorder,0.16,120,False,False,200,1000,pf2_preorder,-13.067480238470353,-12.789796108451233,-15.172318211701711,0.37093690248565964,0.37093690248565964,0.37093690248565964,-0.03552226781061314,-0.034773617835159046,-0.0412401832105973
d16_e120_static_rearm,all_orders,0.16,120,False,True,100,250,all_orders,-2.865742868451238,-2.729840000382404,-3.562327151434029,0.5602294455066922,0.5602294455066922,0.5602294455066922,-0.021487757401372855,-0.020496371085754462,-0.026587485294006327
d16_e120_static_rearm,all_orders,0.16,120,False,True,100,500,all_orders,-5.8787298578585,-5.606924121720832,-7.290996205850849,0.5611854684512428,0.5611854684512428,0.5611854684512428,-0.021638544867469328,-0.020648847455284693,-0.02672958497834363
d16_e120_static_rearm,all_orders,0.16,120,False,True,100,1000,all_orders,-12.835176220535365,-12.291564748260027,-15.673754690898656,0.5621414913957935,0.5621414913957935,0.5621414913957935,-0.023272350971642996,-0.022284336718322625,-0.028354732851036214
d16_e120_static_rearm,all_orders,0.16,120,False,True,150,250,all_orders,-3.5434180923518137,-3.40751522428298,-4.240002375334604,0.5602294455066922,0.5602294455066922,0.5602294455066922,-0.026487757401372877,-0.025496371085754477,-0.03158748529400638
d16_e120_static_rearm,all_orders,0.16,120,False,True,150,500,all_orders,-7.258245223690239,-6.986439487552572,-8.670511571682583,0.5611854684512428,0.5611854684512428,0.5611854684512428,-0.026638544867469343,-0.025648847455284705,-0.03172958497834367
d16_e120_static_rearm,all_orders,0.16,120,False,True,150,1000,all_orders,-15.621845020477997,-15.07823354820266,-18.460423490841283,0.5621414913957935,0.5621414913957935,0.5621414913957935,-0.02827235097164301,-0.027284336718322633,-0.03335473285103626
d16_e120_static_rearm,all_orders,0.16,120,False,True,200,250,all_orders,-4.2210933162523885,-4.085190448183553,-4.917677599235179,0.5602294455066922,0.5602294455066922,0.5602294455066922,-0.03148775740137284,-0.030496371085754446,-0.03658748529400632
d16_e120_static_rearm,all_orders,0.16,120,False,True,200,500,all_orders,-8.637760589521983,-8.365954853384316,-10.050026937514332,0.5611854684512428,0.5611854684512428,0.5611854684512428,-0.0316385448674693,-0.030648847455284678,-0.03672958497834362
d16_e120_static_rearm,all_orders,0.16,120,False,True,200,1000,all_orders,-18.408513820420634,-17.8649023481453,-21.247092290783925,0.5621414913957935,0.5621414913957935,0.5621414913957935,-0.03327235097164296,-0.032284336718322586,-0.038354732851036216
d16_e120_static_rearm,pf2_posthoc,0.16,120,False,True,100,250,all_orders,-1.7301607009560205,-1.6607396684512403,-2.0885833778202643,0.3441682600382409,0.3441682600382409,0.3441682600382409,-0.020997823195906897,-0.020190944889028593,-0.025264655397857626
d16_e120_static_rearm,pf2_posthoc,0.16,120,False,True,100,500,all_orders,-3.5273583856596487,-3.3885163206500883,-4.253303586424467,0.3441682600382409,0.3441682600382409,0.3441682600382409,-0.020997823195906897,-0.020190944889028593,-0.025264655397857626
d16_e120_static_rearm,pf2_posthoc,0.16,120,False,True,100,1000,all_orders,-7.172348441032489,-6.8946643110133685,-8.628445305277232,0.3441682600382409,0.3441682600382409,0.3441682600382409,-0.020997823195906897,-0.020190944889028593,-0.025264655397857626
d16_e120_static_rearm,pf2_posthoc,0.16,120,False,True,150,250,all_orders,-2.147499133652007,-2.078078101147227,-2.5059218105162513,0.3441682600382409,0.3441682600382409,0.3441682600382409,-0.025997823195906877,-0.025190944889028566,-0.030264655397857623
d16_e120_static_rearm,pf2_posthoc,0.16,120,False,True,150,500,all_orders,-4.374726548852769,-4.235884483843209,-5.100671749617588,0.3441682600382409,0.3441682600382409,0.3441682600382409,-0.025997823195906877,-0.025190944889028566,-0.030264655397857623
d16_e120_static_rearm,pf2_posthoc,0.16,120,False,True,150,1000,all_orders,-8.88015089233269,-8.602466762313567,-10.336247756577425,0.3441682600382409,0.3441682600382409,0.3441682600382409,-0.025997823195906877,-0.025190944889028566,-0.030264655397857623
d16_e120_static_rearm,pf2_posthoc,0.16,120,False,True,200,250,all_orders,-2.5648375663479905,-2.49541653384321,-2.9232602432122348,0.3441682600382409,0.3441682600382409,0.3441682600382409,-0.030997823195906857,-0.03019094488902855,-0.035264655397857586
d16_e120_static_rearm,pf2_posthoc,0.16,120,False,True,200,500,all_orders,-5.222094712045887,-5.083252647036327,-5.948039912810704,0.3441682600382409,0.3441682600382409,0.3441682600382409,-0.030997823195906857,-0.03019094488902855,-0.035264655397857586
d16_e120_static_rearm,pf2_posthoc,0.16,120,False,True,200,1000,all_orders,-10.587953343632881,-10.31026921361376,-12.044050207877623,0.3441682600382409,0.3441682600382409,0.3441682600382409,-0.030997823195906857,-0.03019094488902855,-0.035264655397857586
d16_e120_static_rearm,pf2_preorder,0.16,120,False,True,100,250,pf2_preorder,-2.521507918929249,-2.452086886424469,-3.1111660068833595,0.4168260038240918,0.4168260038240918,0.4168260038240918,-0.02541597314465581,-0.024749743349985646,-0.031170623065917356
d16_e120_static_rearm,pf2_preorder,0.16,120,False,True,100,500,pf2_preorder,-5.184073324474177,-5.045231259464616,-6.372489347418727,0.4187380497131931,0.4187380497131931,0.4187380497131931,-0.025467770854125837,-0.024804583204636816,-0.031196143835107656
d16_e120_static_rearm,pf2_preorder,0.16,120,False,True,100,1000,pf2_preorder,-10.573434834913934,-10.295750704894814,-12.95447334351815,0.4187380497131931,0.4187380497131931,0.4187380497131931,-0.025467770854125837,-0.024804583204636816,-0.031196143835107656
d16_e120_static_rearm,pf2_preorder,0.16,120,False,True,150,250,pf2_preorder,-3.026895075334607,-2.957474042829827,-3.6165531632887173,0.4168260038240918,0.4168260038240918,0.4168260038240918,-0.030415973144655856,-0.029749743349985692,-0.03617062306591743
d16_e120_static_rearm,pf2_preorder,0.16,120,False,True,150,500,pf2_preorder,-6.212807666443592,-6.07396560143403,-7.40122368938814,0.4187380497131931,0.4187380497131931,0.4187380497131931,-0.030467770854125886,-0.029804583204636866,-0.036196143835107726
d16_e120_static_rearm,pf2_preorder,0.16,120,False,True,150,1000,pf2_preorder,-12.650657882772457,-12.372973752753339,-15.031696391376663,0.4187380497131931,0.4187380497131931,0.4187380497131931,-0.030467770854125886,-0.029804583204636866,-0.036196143835107726
d16_e120_static_rearm,pf2_preorder,0.16,120,False,True,200,250,pf2_preorder,-3.5322822317399605,-3.4628611992351797,-4.12194031969407,0.4168260038240918,0.4168260038240918,0.4168260038240918,-0.03541597314465579,-0.03474974334998563,-0.04117062306591737
d16_e120_static_rearm,pf2_preorder,0.16,120,False,True,200,500,pf2_preorder,-7.241542008412998,-7.102699943403438,-8.429958031357549,0.4187380497131931,0.4187380497131931,0.4187380497131931,-0.03546777085412582,-0.0348045832046368,-0.041196143835107675
d16_e120_static_rearm,pf2_preorder,0.16,120,False,True,200,1000,pf2_preorder,-14.727880930630961,-14.450196800611842,-17.108919439235166,0.4187380497131931,0.4187380497131931,0.4187380497131931,-0.03546777085412582,-0.0348045832046368,-0.041196143835107675
d20_e120_rolling_rearm,all_orders,0.2,120,True,True,100,250,all_orders,-3.540088259273429,-3.3812832879541164,-4.063692848183562,0.8173996175908221,0.8173996175908221,0.8173996175908221,-0.01870545158135352,-0.017886738131061126,-0.021333568556590535
d20_e120_rolling_rearm,all_orders,0.2,120,True,True,100,500,all_orders,-7.298975696367122,-6.981365753728501,-8.355297684894843,0.8193116634799236,0.8193116634799236,0.8193116634799236,-0.018413697027185236,-0.017596894226718496,-0.02103568070726417
d20_e120_rolling_rearm,all_orders,0.2,120,True,True,100,1000,all_orders,-15.741005604588931,-15.077054935372868,-17.87727367342258,0.8202676864244742,0.8202676864244742,0.8202676864244742,-0.019535513651661302,-0.0187196628358105,-0.022154441406705194
d20_e120_rolling_rearm,all_orders,0.2,120,True,True,150,250,all_orders,-4.52371633919695,-4.364911367877635,-5.047320928107082,0.8173996175908221,0.8173996175908221,0.8173996175908221,-0.023705451581353554,-0.022886738131061152,-0.026333568556590574
d20_e120_rolling_rearm,all_orders,0.2,120,True,True,150,500,all_orders,-9.307539659273443,-8.989929716634817,-10.363861647801164,0.8193116634799236,0.8193116634799236,0.8193116634799236,-0.023413697027185255,-0.02259689422671851,-0.026035680707264197
d20_e120_rolling_rearm,all_orders,0.2,120,True,True,150,1000,all_orders,-19.803052582791604,-19.13910191357553,-21.93932065162526,0.8202676864244742,0.8202676864244742,0.8202676864244742,-0.02453551365166135,-0.023719662835810524,-0.02715444140670522
d20_e120_rolling_rearm,all_orders,0.2,120,True,True,200,250,all_orders,-5.507344419120467,-5.348539447801155,-6.030949008030597,0.8173996175908221,0.8173996175908221,0.8173996175908221,-0.028705451581353524,-0.027886738131061125,-0.03133356855659057
d20_e120_rolling_rearm,all_orders,0.2,120,True,True,200,500,all_orders,-11.316103622179751,-10.998493679541127,-12.372425610707477,0.8193116634799236,0.8193116634799236,0.8193116634799236,-0.028413697027185245,-0.027596894226718488,-0.03103568070726421
d20_e120_rolling_rearm,all_orders,0.2,120,True,True,200,1000,all_orders,-23.865099560994313,-23.201148891778256,-26.001367629827968,0.8202676864244742,0.8202676864244742,0.8202676864244742,-0.029535513651661325,-0.028719662835810508,-0.032154441406705224
d20_e120_rolling_rearm,pf2_posthoc,0.2,120,True,True,100,250,all_orders,-2.0803788978967526,-1.997864557552583,-2.520738362523905,0.5162523900573613,0.5162523900573613,0.5162523900573613,-0.01743378455118707,-0.01678563640303893,-0.020946821613830897
d20_e120_rolling_rearm,pf2_posthoc,0.2,120,True,True,100,500,all_orders,-4.243404843594655,-4.078376162906318,-5.1332365835564175,0.5181644359464627,0.5181644359464627,0.5181644359464627,-0.016977160346644826,-0.01633140388908027,-0.020477234172895143
d20_e120_rolling_rearm,pf2_posthoc,0.2,120,True,True,100,1000,all_orders,-8.693680610325064,-8.360322675334624,-10.495827837858531,0.5181644359464627,0.5181644359464627,0.5181644359464627,-0.016977160346644826,-0.01633140388908027,-0.020477234172895143
d20_e120_rolling_rearm,pf2_posthoc,0.2,120,True,True,150,250,all_orders,-2.702186809560236,-2.6196724692160664,-3.142546274187387,0.5162523900573613,0.5162523900573613,0.5162523900573613,-0.02243378455118709,-0.02178563640303894,-0.02594682161383094
d20_e120_rolling_rearm,pf2_posthoc,0.2,120,True,True,150,500,all_orders,-5.51248261529637,-5.347453934608034,-6.402314355258129,0.5181644359464627,0.5181644359464627,0.5181644359464627,-0.021977160346644858,-0.021331403889080277,-0.025477234172895186
d20_e120_rolling_rearm,pf2_posthoc,0.2,120,True,True,150,1000,all_orders,-11.260308399235202,-10.926950464244761,-13.062455626768653,0.5181644359464627,0.5181644359464627,0.5181644359464627,-0.021977160346644858,-0.021331403889080277,-0.025477234172895186
d20_e120_rolling_rearm,pf2_posthoc,0.2,120,True,True,200,250,all_orders,-3.323994721223711,-3.241480380879543,-3.764354185850863,0.5162523900573613,0.5162523900573613,0.5162523900573613,-0.027433784551187015,-0.02678563640303887,-0.03094682161383084
d20_e120_rolling_rearm,pf2_posthoc,0.2,120,True,True,200,500,all_orders,-6.781560386998095,-6.616531706309759,-7.671392126959854,0.5181644359464627,0.5181644359464627,0.5181644359464627,-0.026977160346644782,-0.02633140388908021,-0.03047723417289509
d20_e120_rolling_rearm,pf2_posthoc,0.2,120,True,True,200,1000,all_orders,-13.826936188145325,-13.493578253154885,-15.629083415678785,0.5181644359464627,0.5181644359464627,0.5181644359464627,-0.026977160346644782,-0.02633140388908021,-0.03047723417289509
d20_e120_rolling_rearm,pf2_preorder,0.2,120,True,True,100,250,pf2_preorder,-2.424598439005742,-2.3420840986615716,-2.8649579036328934,0.6328871892925431,0.6328871892925431,0.6328871892925431,-0.01666996025094819,-0.016141259344603778,-0.019535579607183346
d20_e120_rolling_rearm,pf2_preorder,0.2,120,True,True,100,500,pf2_preorder,-5.00046992963672,-4.835441248948387,-5.890301669598481,0.6347992351816444,0.6347992351816444,0.6347992351816444,-0.01629953454272317,-0.01577242610898823,-0.01915652251535521
d20_e120_rolling_rearm,pf2_preorder,0.2,120,True,True,100,1000,pf2_preorder,-10.228449864627175,-9.895091929636735,-12.03059709216064,0.6347992351816444,0.6347992351816444,0.6347992351816444,-0.01629953454272317,-0.01577242610898823,-0.01915652251535521
d20_e120_rolling_rearm,pf2_preorder,0.2,120,True,True,150,250,pf2_preorder,-3.1862925074569857,-3.103778167112818,-3.6266519720841366,0.6328871892925431,0.6328871892925431,0.6328871892925431,-0.021669960250948223,-0.02114125934460381,-0.024535579607183385
d20_e120_rolling_rearm,pf2_preorder,0.2,120,True,True,150,500,pf2_preorder,-6.5559037625239105,-6.390875081835573,-7.445735502485668,0.6347992351816444,0.6347992351816444,0.6347992351816444,-0.021299534542723205,-0.020772426108988263,-0.02415652251535527
d20_e120_rolling_rearm,pf2_preorder,0.2,120,True,True,150,1000,pf2_preorder,-13.372620024474212,-13.039262089483765,-15.174767252007667,0.6347992351816444,0.6347992351816444,0.6347992351816444,-0.021299534542723205,-0.020772426108988263,-0.02415652251535527
d20_e120_rolling_rearm,pf2_preorder,0.2,120,True,True,200,250,pf2_preorder,-3.9479865759082267,-3.8654722355640594,-4.38834604053538,0.6328871892925431,0.6328871892925431,0.6328871892925431,-0.026669960250948185,-0.02614125934460376,-0.02953557960718336
d20_e120_rolling_rearm,pf2_preorder,0.2,120,True,True,200,500,pf2_preorder,-8.111337595411099,-7.946308914722761,-9.001169335372863,0.6347992351816444,0.6347992351816444,0.6347992351816444,-0.026299534542723157,-0.02577242610898822,-0.02915652251535522
d20_e120_rolling_rearm,pf2_preorder,0.2,120,True,True,200,1000,pf2_preorder,-16.51679018432125,-16.1834322493308,-18.31893741185472,0.6347992351816444,0.6347992351816444,0.6347992351816444,-0.026299534542723157,-0.02577242610898822,-0.02915652251535522
