cell,population,discount,expiry,refresh,rearm,friction_bps,order_notional,occupancy_population,net_dollars_per_day_legacy,net_dollars_per_day_optimistic,net_dollars_per_day_pessimistic,fills_per_day_legacy,fills_per_day_optimistic,fills_per_day_pessimistic,net_return_per_fill_legacy,net_return_per_fill_optimistic,net_return_per_fill_pessimistic
d06_e010_rolling_rearm,all_orders,0.06,10,True,True,100,250,all_orders,5.751775286978592,8.646157856179373,-15.092598980467804,2.6354775828460038,2.6354775828460038,2.6140350877192984,0.008905625096871112,0.01351030846587526,-0.024276152945819442
d06_e010_rolling_rearm,all_orders,0.06,10,True,True,100,500,all_orders,11.417004301793439,17.354062584444513,-31.209543452592552,2.6530214424951266,2.6530214424951266,2.6315789473684212,0.008608511685697338,0.013182745274891765,-0.024433263614677705
d06_e010_rolling_rearm,all_orders,0.06,10,True,True,100,1000,all_orders,22.750929101442612,34.7648164269787,-63.470974061910205,2.6530214424951266,2.6530214424951266,2.6315789473684212,0.008608511685697338,0.013182745274891765,-0.024433263614677705
d06_e010_rolling_rearm,all_orders,0.06,10,True,True,150,250,all_orders,2.590034725789503,5.48441729499028,-18.22801010500971,2.6354775828460038,2.6354775828460038,2.6140350877192984,0.0039056250968711095,0.008510308465875263,-0.02927615294581946
d06_e010_rolling_rearm,all_orders,0.06,10,True,True,150,500,all_orders,4.935724991871404,10.872783274522483,-37.637761869727065,2.6530214424951266,2.6530214424951266,2.6315789473684212,0.003608511685697334,0.008182745274891762,-0.029433263614677723
d06_e010_rolling_rearm,all_orders,0.06,10,True,True,150,1000,all_orders,9.634143976140473,21.648031301676532,-76.48122695329421,2.6530214424951266,2.6530214424951266,2.6315789473684212,0.003608511685697334,0.008182745274891762,-0.029433263614677723
d06_e010_rolling_rearm,all_orders,0.06,10,True,True,200,250,all_orders,-0.5717058353995828,2.3226767338011953,-21.363421229551637,2.6354775828460038,2.6354775828460038,2.6140350877192984,-0.0010943749031288967,0.003510308465875259,-0.03427615294581945
d06_e010_rolling_rearm,all_orders,0.06,10,True,True,200,500,all_orders,-1.545554318050627,4.391503964600447,-44.065980286861546,2.6530214424951266,2.6530214424951266,2.6315789473684212,-0.001391488314302673,0.00318274527489176,-0.03443326361467772
d06_e010_rolling_rearm,all_orders,0.06,10,True,True,200,1000,all_orders,-3.4826411491616756,8.531246176374383,-89.49147984467831,2.6530214424951266,2.6530214424951266,2.6315789473684212,-0.001391488314302673,0.00318274527489176,-0.03443326361467772
d06_e010_rolling_rearm,pf2_posthoc,0.06,10,True,True,100,250,all_orders,5.093029392085792,7.062526386237834,-8.198353966978539,1.8460038986354776,1.8460038986354776,1.8245614035087718,0.01123774824674654,0.01573571495010991,-0.018905435715057133
d06_e010_rolling_rearm,pf2_posthoc,0.06,10,True,True,100,500,all_orders,10.076091714152085,14.12682110791427,-17.04507179072121,1.8538011695906433,1.8538011695906433,1.8323586744639375,0.010819135179956389,0.015298182990771432,-0.01920067857747226
d06_e010_rolling_rearm,pf2_posthoc,0.06,10,True,True,100,1000,all_orders,20.030777736413338,28.245545100935757,-34.69612445617926,1.8538011695906433,1.8538011695906433,1.8323586744639375,0.010819135179956389,0.015298182990771432,-0.01920067857747226
d06_e010_rolling_rearm,pf2_posthoc,0.06,10,True,True,150,250,all_orders,2.8739577236062583,4.843454717758304,-10.391096198810896,1.8460038986354776,1.8460038986354776,1.8245614035087718,0.006237748246746542,0.010735714950109913,-0.023905435715057138
d06_e010_rolling_rearm,pf2_posthoc,0.06,10,True,True,150,500,all_orders,5.532859274152081,9.58358866791426,-21.535243337933693,1.8538011695906433,1.8538011695906433,1.8323586744639375,0.005819135179956386,0.010298182990771437,-0.024200678577472268
d06_e010_rolling_rearm,pf2_posthoc,0.06,10,True,True,150,1000,all_orders,10.857015394483517,19.071782759005945,-43.763354564190955,1.8538011695906433,1.8538011695906433,1.8323586744639375,0.005819135179956386,0.010298182990771437,-0.024200678577472268
d06_e010_rolling_rearm,pf2_posthoc,0.06,10,True,True,200,250,all_orders,0.6548860551267244,2.6243830492787708,-12.58383843064325,1.8460038986354776,1.8460038986354776,1.8245614035087718,0.0012377482467465322,0.005735714950109904,-0.028905435715057166
d06_e010_rolling_rearm,pf2_posthoc,0.06,10,True,True,200,500,all_orders,0.9896268341520867,5.040356227914267,-26.025414885146184,1.8538011695906433,1.8538011695906433,1.8323586744639375,0.0008191351799563772,0.005298182990771429,-0.029200678577472296
d06_e010_rolling_rearm,pf2_posthoc,0.06,10,True,True,200,1000,all_orders,1.683253052553686,9.898020417076104,-52.83058467220266,1.8538011695906433,1.8538011695906433,1.8323586744639375,0.0008191351799563772,0.005298182990771429,-0.029200678577472296
d06_e010_rolling_rearm,pf2_preorder,0.06,10,True,True,100,250,pf2_preorder,6.351927403781702,8.78976751684213,-9.976025584912266,2.1832358674463936,2.1832358674463936,2.1617933723196883,0.012002297048414698,0.016683148112244497,-0.019386463232834338
d06_e010_rolling_rearm,pf2_preorder,0.06,10,True,True,100,500,pf2_preorder,12.683235663469835,17.68311839056534,-20.740872987602305,2.192982456140351,2.192982456140351,2.171539961013645,0.011682891064824934,0.01634293834614882,-0.019663619411351044
d06_e010_rolling_rearm,pf2_preorder,0.06,10,True,True,100,1000,pf2_preorder,25.45451990795331,35.57352278904494,-42.162703610175384,2.192982456140351,2.192982456140351,2.171539961013645,0.011682891064824934,0.01634293834614882,-0.019663619411351044
d06_e010_rolling_rearm,pf2_preorder,0.06,10,True,True,150,250,pf2_preorder,3.732938873703727,6.170778986764152,-12.56868467834305,2.1832358674463936,2.1832358674463936,2.1617933723196883,0.0070022970484146935,0.011683148112244485,-0.02438646323283434
d06_e010_rolling_rearm,pf2_preorder,0.06,10,True,True,150,500,pf2_preorder,7.318604379415246,12.318487106510766,-26.05244337886934,2.192982456140351,2.192982456140351,2.171539961013645,0.006682891064824931,0.011342938346148815,-0.02466361941135104
d06_e010_rolling_rearm,pf2_preorder,0.06,10,True,True,150,1000,pf2_preorder,14.606398690779836,24.725401571871437,-52.904292593430725,2.192982456140351,2.192982456140351,2.171539961013645,0.006682891064824931,0.011342938346148815,-0.02466361941135104
d06_e010_rolling_rearm,pf2_preorder,0.06,10,True,True,200,250,pf2_preorder,1.1139503436257534,3.5517904566861835,-15.161343771773856,2.1832358674463936,2.1832358674463936,2.1617933723196883,0.002002297048414689,0.00668314811224448,-0.029386463232834375
d06_e010_rolling_rearm,pf2_preorder,0.06,10,True,True,200,500,pf2_preorder,1.9539730953606707,6.953855822456186,-31.364013770136427,2.192982456140351,2.192982456140351,2.171539961013645,0.0016828910648249268,0.006342938346148808,-0.02966361941135109
d06_e010_rolling_rearm,pf2_preorder,0.06,10,True,True,200,1000,pf2_preorder,3.7582774736063276,13.877280354697948,-63.645881576686094,2.192982456140351,2.192982456140351,2.171539961013645,0.0016828910648249268,0.006342938346148808,-0.02966361941135109
d06_e010_static_rearm,all_orders,0.06,10,False,True,100,250,all_orders,4.000638943586765,5.782175785692028,-8.642660417426884,1.6608187134502923,1.6608187134502923,1.645224171539961,0.009832012085463394,0.014254647186851866,-0.022152010881816193
d06_e010_static_rearm,all_orders,0.06,10,False,True,100,500,all_orders,7.847878637933759,11.467887292904509,-18.007634580389833,1.668615984405458,1.668615984405458,1.6530214424951266,0.009372958982022499,0.013774927564245604,-0.02246452664204767
d06_e010_static_rearm,all_orders,0.06,10,False,True,100,1000,all_orders,15.670601048577087,22.961237227914292,-36.62902624109157,1.668615984405458,1.668615984405458,1.6530214424951266,0.009372958982022499,0.013774927564245604,-0.02246452664204767
d06_e010_static_rearm,all_orders,0.06,10,False,True,150,250,all_orders,2.0010965223976798,3.7826333645029404,-10.623165456549685,1.6608187134502923,1.6608187134502923,1.645224171539961,0.004832012085463385,0.009254647186851862,-0.027152010881816204
d06_e010_static_rearm,all_orders,0.06,10,False,True,150,500,all_orders,3.7644988841910716,7.384507539161831,-22.052536405282627,1.668615984405458,1.668615984405458,1.6530214424951266,0.004372958982022491,0.008774927564245603,-0.02746452664204768
d06_e010_static_rearm,all_orders,0.06,10,False,True,150,1000,all_orders,7.411290799376291,14.701926978713526,-44.81095080705647,1.668615984405458,1.668615984405458,1.6530214424951266,0.004372958982022491,0.008774927564245603,-0.02746452664204768
d06_e010_static_rearm,all_orders,0.06,10,False,True,200,250,all_orders,0.0015541012085940815,1.7830909433138575,-12.603670495672485,1.6608187134502923,1.6608187134502923,1.645224171539961,-0.00016798791453662043,0.004254647186851853,-0.03215201088181619
d06_e010_static_rearm,all_orders,0.06,10,False,True,200,500,all_orders,-0.31888086955162154,3.3011277854191374,-26.097438230175396,1.668615984405458,1.668615984405458,1.6530214424951266,-0.0006270410179775167,0.0037749275642455916,-0.032464526642047666
d06_e010_static_rearm,all_orders,0.06,10,False,True,200,1000,all_orders,-0.8480194498244901,6.44261672951274,-52.992875373021384,1.668615984405458,1.668615984405458,1.6530214424951266,-0.0006270410179775167,0.0037749275642455916,-0.032464526642047666
d06_e010_static_rearm,pf2_posthoc,0.06,10,False,True,100,250,all_orders,4.206464209083836,5.60882483286551,-4.521723662651056,1.2573099415204678,1.2573099415204678,1.243664717348928,0.013815704519983202,0.018387698582328575,-0.015109308751688824
d06_e010_static_rearm,pf2_posthoc,0.06,10,False,True,100,500,all_orders,8.355675524093602,11.195084296023424,-9.398746620155917,1.2612085769980508,1.2612085769980508,1.2475633528265107,0.013432966638932247,0.01799082779845739,-0.015405842161839794
d06_e010_static_rearm,pf2_posthoc,0.06,10,False,True,100,1000,all_orders,16.842299788343137,22.554324895555595,-19.015044353177334,1.2612085769980508,1.2612085769980508,1.2475633528265107,0.013432966638932247,0.01799082779845739,-0.015405842161839794
d06_e010_static_rearm,pf2_posthoc,0.06,10,False,True,150,250,all_orders,2.688603834873307,4.090964458654986,-6.023058726920064,1.2573099415204678,1.2573099415204678,1.243664717348928,0.008815704519983201,0.01338769858232858,-0.020109308751688825
d06_e010_static_rearm,pf2_posthoc,0.06,10,False,True,150,500,all_orders,5.263694017524389,8.103102789454223,-12.457148871364494,1.2612085769980508,1.2612085769980508,1.2475633528265107,0.008432966638932247,0.012990827798457394,-0.0204058421618398
d06_e010_static_rearm,pf2_posthoc,0.06,10,False,True,150,1000,all_orders,10.595860027933778,16.307885135146254,-25.193770306569157,1.2612085769980508,1.2612085769980508,1.2475633528265107,0.008432966638932247,0.012990827798457394,-0.0204058421618398
d06_e010_static_rearm,pf2_posthoc,0.06,10,False,True,200,250,all_orders,1.170743460662779,2.573104084444458,-7.52439379118907,1.2573099415204678,1.2573099415204678,1.243664717348928,0.003815704519983184,0.008387698582328565,-0.025109308751688823
d06_e010_static_rearm,pf2_posthoc,0.06,10,False,True,200,500,all_orders,2.1717125109551914,5.011121282885014,-15.515551122573077,1.2612085769980508,1.2612085769980508,1.2475633528265107,0.0034329666389322335,0.007990827798457379,-0.025405842161839793
d06_e010_static_rearm,pf2_posthoc,0.06,10,False,True,200,1000,all_orders,4.3494202675244145,10.061445374736891,-31.37249625996096,1.2612085769980508,1.2612085769980508,1.2475633528265107,0.0034329666389322335,0.007990827798457379,-0.025405842161839793
d06_e010_static_rearm,pf2_preorder,0.06,10,False,True,100,250,pf2_preorder,4.854572884405476,6.318848712865513,-5.192547201754369,1.3742690058479532,1.3742690058479532,1.3586744639376218,0.014511243062098054,0.01892651392372472,-0.016111839024965678
d06_e010_static_rearm,pf2_preorder,0.06,10,False,True,100,500,pf2_preorder,9.667681204171576,12.655731496569231,-10.874749209083786,1.3801169590643274,1.3801169590643274,1.364522417153996,0.014215051053690921,0.018611613140480186,-0.01643212295128916
d06_e010_static_rearm,pf2_preorder,0.06,10,False,True,100,1000,pf2_preorder,19.52055077617938,25.54366789118914,-22.074926082690002,1.3801169590643274,1.3801169590643274,1.364522417153996,0.014215051053690921,0.018611613140480186,-0.01643212295128916
d06_e010_static_rearm,pf2_preorder,0.06,10,False,True,150,250,pf2_preorder,3.199322555458105,4.663598383918144,-6.828853415691995,1.3742690058479532,1.3742690058479532,1.3586744639376218,0.009511243062098046,0.013926513923724732,-0.021111839024965693
d06_e010_static_rearm,pf2_preorder,0.06,10,False,True,150,500,pf2_preorder,6.2890149080117235,9.27706520040939,-14.214998639746558,1.3801169590643274,1.3801169590643274,1.364522417153996,0.00921505105369091,0.013611613140480195,-0.021432122951289174
d06_e010_static_rearm,pf2_preorder,0.06,10,False,True,150,1000,pf2_preorder,12.691050412222278,18.714167527232032,-28.827037419356685,1.3801169590643274,1.3801169590643274,1.364522417153996,0.00921505105369091,0.013611613140480195,-0.021432122951289174
d06_e010_static_rearm,pf2_preorder,0.06,10,False,True,200,250,pf2_preorder,1.544072226510735,3.0083480549707753,-8.465159629629616,1.3742690058479532,1.3742690058479532,1.3586744639376218,0.004511243062098034,0.008926513923724719,-0.026111839024965694
d06_e010_static_rearm,pf2_preorder,0.06,10,False,True,200,500,pf2_preorder,2.910348611851879,5.898398904249541,-17.555248070409327,1.3801169590643274,1.3801169590643274,1.364522417153996,0.004215051053690898,0.008611613140480184,-0.02643212295128917
d06_e010_static_rearm,pf2_preorder,0.06,10,False,True,200,1000,pf2_preorder,5.8615500482651575,11.88466716327492,-35.579148756023336,1.3801169590643274,1.3801169590643274,1.364522417153996,0.004215051053690898,0.008611613140480184,-0.02643212295128917
d06_e030_rolling_rearm,all_orders,0.06,30,True,True,100,250,all_orders,4.768917204405488,7.663299773606271,-16.0754570630409,2.719298245614035,2.719298245614035,2.6978557504873293,0.0070642311799345,0.011526978072331367,-0.025101245473486234
d06_e030_rolling_rearm,all_orders,0.06,30,True,True,100,500,all_orders,9.372132017465944,15.309190300117036,-33.25441573692001,2.736842105263158,2.736842105263158,2.715399610136452,0.006788021203185869,0.011222160743708395,-0.025248175531066754
d06_e030_rolling_rearm,all_orders,0.06,30,True,True,100,1000,all_orders,18.56678119567263,30.58066852120871,-67.65512196768016,2.736842105263158,2.736842105263158,2.715399610136452,0.006788021203185869,0.011222160743708395,-0.025248175531066754
d06_e030_rolling_rearm,all_orders,0.06,30,True,True,150,250,all_orders,1.507926574639406,4.402309143840187,-19.3101182561598,2.719298245614035,2.719298245614035,2.6978557504873293,0.0020642311799345006,0.006526978072331362,-0.030101245473486263
d06_e030_rolling_rearm,all_orders,0.06,30,True,True,150,500,all_orders,2.686635674541972,8.623693957193042,-39.88685118705649,2.736842105263158,2.736842105263158,2.715399610136452,0.0017880212031858701,0.0062221607437083935,-0.030248175531066783
d06_e030_rolling_rearm,all_orders,0.06,30,True,True,150,1000,all_orders,5.036342942046909,17.05023026758298,-81.0790279873878,2.736842105263158,2.736842105263158,2.715399610136452,0.0017880212031858701,0.0062221607437083935,-0.030248175531066783
d06_e030_rolling_rearm,all_orders,0.06,30,True,True,200,250,all_orders,-1.7530640551266787,1.141318514074103,-22.544779449278728,2.719298245614035,2.719298245614035,2.6978557504873293,-0.002935768820065498,0.0015269780723313562,-0.03510124547348625
d06_e030_rolling_rearm,all_orders,0.06,30,True,True,200,500,all_orders,-3.9988606683820085,1.9381976142690618,-46.51928663719289,2.736842105263158,2.736842105263158,2.715399610136452,-0.00321197879681413,0.0012221607437083854,-0.03524817553106677
d06_e030_rolling_rearm,all_orders,0.06,30,True,True,200,1000,all_orders,-8.494095311578835,3.5197920139572316,-94.50293400709548,2.736842105263158,2.736842105263158,2.715399610136452,-0.00321197879681413,0.0012221607437083854,-0.03524817553106677
d06_e030_rolling_rearm,pf2_posthoc,0.06,30,True,True,100,250,all_orders,4.710426109668635,6.6799231038206806,-8.580957249395691,1.894736842105263,1.894736842105263,1.8732943469785575,0.010122214495584642,0.014504492754931458,-0.01924957640921351
d06_e030_rolling_rearm,pf2_posthoc,0.06,30,True,True,100,500,all_orders,9.313488591812911,13.364217985575086,-17.80767491306039,1.9025341130604287,1.9025341130604287,1.8810916179337231,0.009718895959198587,0.014083214061744802,-0.01953574400288563
d06_e030_rolling_rearm,pf2_posthoc,0.06,30,True,True,100,1000,all_orders,18.490075920701848,26.70484328522425,-36.23682627189076,1.9025341130604287,1.9025341130604287,1.8810916179337231,0.009718895959198587,0.014083214061744802,-0.01953574400288563
d06_e030_rolling_rearm,pf2_posthoc,0.06,30,True,True,150,250,all_orders,2.432343694717371,4.401840688869413,-10.832710227699787,1.894736842105263,1.894736842105263,1.8732943469785575,0.00512221449558464,0.009504492754931457,-0.024249576409213502
d06_e030_rolling_rearm,pf2_posthoc,0.06,30,True,True,150,500,all_orders,4.650552461988344,8.701281855750523,-22.41755015009743,1.9025341130604287,1.9025341130604287,1.8810916179337231,0.004718895959198584,0.009083214061744801,-0.02453574400288562
d06_e030_rolling_rearm,pf2_posthoc,0.06,30,True,True,150,1000,all_orders,9.07542478202738,17.2901921465498,-45.54494517664709,1.9025341130604287,1.9025341130604287,1.8810916179337231,0.004718895959198584,0.009083214061744801,-0.02453574400288562
d06_e030_rolling_rearm,pf2_posthoc,0.06,30,True,True,200,250,all_orders,0.15426127976610138,2.123758273918148,-13.084463206003875,1.894736842105263,1.894736842105263,1.8732943469785575,0.00012221449558463238,0.004504492754931454,-0.029249576409213537
d06_e030_rolling_rearm,pf2_posthoc,0.06,30,True,True,200,500,all_orders,-0.012383667836217605,4.038345725925971,-27.027425387134485,1.9025341130604287,1.9025341130604287,1.8810916179337231,-0.0002811040408014234,0.004083214061744798,-0.029535744002885656
d06_e030_rolling_rearm,pf2_posthoc,0.06,30,True,True,200,1000,all_orders,-0.33922635664709266,7.875541007875336,-54.85306408140344,1.9025341130604287,1.9025341130604287,1.8810916179337231,-0.0002811040408014234,0.004083214061744798,-0.029535744002885656
d06_e030_rolling_rearm,pf2_preorder,0.06,30,True,True,100,250,pf2_preorder,5.31385974709554,7.751699860155968,-11.01409324159842,2.259259259259259,2.259259259259259,2.2378167641325537,0.0097113062142859,0.01423464805336215,-0.020633063168188484
d06_e030_rolling_rearm,pf2_preorder,0.06,30,True,True,100,500,pf2_preorder,10.593199391033185,15.593082118128706,-22.83090926003895,2.2690058479532165,2.2690058479532165,2.2475633528265107,0.009412443003488789,0.01391635468002605,-0.020895438695674035
d06_e030_rolling_rearm,pf2_preorder,0.06,30,True,True,100,1000,pf2_preorder,21.243219721871437,31.362222602963072,-46.374003796257256,2.2690058479532165,2.2690058479532165,2.2475633528265107,0.009412443003488789,0.01391635468002605,-0.020895438695674035
d06_e030_rolling_rearm,pf2_preorder,0.06,30,True,True,150,250,pf2_preorder,2.603290661578972,5.041130774639399,-13.698332890467809,2.259259259259259,2.259259259259259,2.2378167641325537,0.004711306214285901,0.00923464805336214,-0.02563306316818848
d06_e030_rolling_rearm,pf2_preorder,0.06,30,True,True,150,500,pf2_preorder,5.042125424951319,10.042008152046833,-28.32892233333327,2.2690058479532165,2.2690058479532165,2.2475633528265107,0.004412443003488788,0.00891635468002604,-0.025895438695674032
d06_e030_rolling_rearm,pf2_preorder,0.06,30,True,True,150,1000,pf2_preorder,10.019366799571264,20.138369680662866,-57.49132448463928,2.2690058479532165,2.2690058479532165,2.2475633528265107,0.004412443003488788,0.00891635468002604,-0.025895438695674032
d06_e030_rolling_rearm,pf2_preorder,0.06,30,True,True,200,250,pf2_preorder,-0.1072784239375989,2.3305616891228316,-16.382572539337215,2.259259259259259,2.259259259259259,2.2378167641325537,-0.00028869378571410464,0.004234648053362139,-0.03063306316818852
d06_e030_rolling_rearm,pf2_preorder,0.06,30,True,True,200,500,pf2_preorder,-0.5089485411305573,4.490934185964962,-33.82693540662767,2.2690058479532165,2.2690058479532165,2.2475633528265107,-0.0005875569965112172,0.0039163546800260384,-0.03089543869567407
d06_e030_rolling_rearm,pf2_preorder,0.06,30,True,True,200,1000,pf2_preorder,-1.2044861227289487,8.91451675836267,-68.60864517302137,2.2690058479532165,2.2690058479532165,2.2475633528265107,-0.0005875569965112172,0.0039163546800260384,-0.03089543869567407
d06_e030_static_rearm,all_orders,0.06,30,False,True,100,250,all_orders,2.3081327899805255,3.8443893591813043,-8.841864268109145,1.6003898635477583,1.6003898635477583,1.5925925925925926,0.005936574349703076,0.009927555768315565,-0.02312736647706558
d06_e030_static_rearm,all_orders,0.06,30,False,True,100,500,all_orders,4.53622442413259,7.676206373450332,-18.18117090920074,1.6062378167641325,1.6062378167641325,1.5984405458089668,0.005619303559347902,0.009595754705805247,-0.023339853438983097
d06_e030_static_rearm,all_orders,0.06,30,False,True,100,1000,all_orders,9.036262863079997,15.366365319220353,-36.870819208654915,1.6062378167641325,1.6062378167641325,1.5984405458089668,0.005619303559347902,0.009595754705805247,-0.023339853438983097
d06_e030_static_rearm,all_orders,0.06,30,False,True,150,250,all_orders,0.37542113467838023,1.9116777038791595,-10.765090077407384,1.6003898635477583,1.6003898635477583,1.5925925925925926,0.0009365743497030711,0.004927555768315558,-0.028127366477065593
d06_e030_static_rearm,all_orders,0.06,30,False,True,150,500,all_orders,0.5993037048148512,3.7392856541325896,-22.09883147744636,1.6062378167641325,1.6062378167641325,1.5984405458089668,0.0006193035593478975,0.004595754705805243,-0.0283398534389831
d06_e030_static_rearm,all_orders,0.06,30,False,True,150,1000,all_orders,1.0777111622612825,7.407813618401631,-44.79061061415198,1.6062378167641325,1.6062378167641325,1.5984405458089668,0.0006193035593478975,0.004595754705805243,-0.0283398534389831
d06_e030_static_rearm,all_orders,0.06,30,False,True,200,250,all_orders,-1.5572905206237657,-0.02103395142298556,-12.688315886705633,1.6003898635477583,1.6003898635477583,1.5925925925925926,-0.004063425650296932,-7.244423168444973e-05,-0.03312736647706562
d06_e030_static_rearm,all_orders,0.06,30,False,True,200,500,all_orders,-3.3376170145028894,-0.1976350651851509,-26.016492045691983,1.6062378167641325,1.6062378167641325,1.5984405458089668,-0.004380696440652104,-0.00040424529419476476,-0.03333985343898312
d06_e030_static_rearm,all_orders,0.06,30,False,True,200,1000,all_orders,-6.880840538557435,-0.5507380824170856,-52.710402019649074,1.6062378167641325,1.6062378167641325,1.5984405458089668,-0.004380696440652104,-0.00040424529419476476,-0.03333985343898312
d06_e030_static_rearm,pf2_posthoc,0.06,30,False,True,100,250,all_orders,3.2034161092787636,4.2810648812085885,-4.371617334775814,1.202729044834308,1.202729044834308,1.1949317738791423,0.01118711514473113,0.014904484709198881,-0.015163983547670288
d06_e030_static_rearm,pf2_posthoc,0.06,30,False,True,100,500,all_orders,6.502356191501004,8.702875099883068,-8.955202804600361,1.2046783625730995,1.2046783625730995,1.1968810916179338,0.010991019489157131,0.01470237389251733,-0.015318439600524245
d06_e030_static_rearm,pf2_posthoc,0.06,30,False,True,100,1000,all_orders,13.114113791890897,17.54661804140356,-18.163455073216326,1.2046783625730995,1.2046783625730995,1.1968810916179338,0.010991019489157131,0.01470237389251733,-0.015318439600524245
d06_e030_static_rearm,pf2_posthoc,0.06,30,False,True,150,250,all_orders,1.7489889781481613,2.8266377500779853,-5.816611666686152,1.202729044834308,1.202729044834308,1.1949317738791423,0.006187115144731119,0.009904484709198863,-0.020163983547670277
d06_e030_static_rearm,pf2_posthoc,0.06,30,False,True,150,500,all_orders,3.5444857739961284,5.745004682378194,-11.893867904366447,1.2046783625730995,1.2046783625730995,1.1968810916179338,0.00599101948915712,0.00970237389251731,-0.020318439600524235
d06_e030_static_rearm,pf2_posthoc,0.06,30,False,True,150,1000,all_orders,7.140577857621885,11.573082107134551,-24.098213991890777,1.2046783625730995,1.2046783625730995,1.1968810916179338,0.00599101948915712,0.00970237389251731,-0.020318439600524235
d06_e030_static_rearm,pf2_posthoc,0.06,30,False,True,200,250,all_orders,0.2945618470175558,1.37221061894738,-7.2616059985964805,1.202729044834308,1.202729044834308,1.1949317738791423,0.0011871151447311133,0.004904484709198855,-0.0251639835476703
d06_e030_static_rearm,pf2_posthoc,0.06,30,False,True,200,500,all_orders,0.5866153564912517,2.787134264873318,-14.83253300413252,1.2046783625730995,1.2046783625730995,1.1968810916179338,0.0009910194891571144,0.004702373892517303,-0.025318439600524253
d06_e030_static_rearm,pf2_posthoc,0.06,30,False,True,200,1000,all_orders,1.1670419233528755,5.599546172865545,-30.032972910565277,1.2046783625730995,1.2046783625730995,1.1968810916179338,0.0009910194891571144,0.004702373892517303,-0.025318439600524253
d06_e030_static_rearm,pf2_preorder,0.06,30,False,True,100,250,pf2_preorder,3.2923235556725294,4.592329715516583,-5.347614508265093,1.2943469785575048,1.2943469785575048,1.2884990253411306,0.0106334265165762,0.014827863840339345,-0.017228558787793332
d06_e030_static_rearm,pf2_preorder,0.06,30,False,True,100,500,pf2_preorder,6.686056016062409,9.353333014113089,-10.980530866978524,1.2982456140350878,1.2982456140350878,1.2923976608187135,0.010517154646006966,0.014698996061890941,-0.017421736989792942
d06_e030_static_rearm,pf2_preorder,0.06,30,False,True,100,1000,pf2_preorder,13.498389236335354,18.884994031656973,-22.29985432272902,1.2982456140350878,1.2982456140350878,1.2923976608187135,0.010517154646006966,0.014698996061890941,-0.017421736989792942
d06_e030_static_rearm,pf2_preorder,0.06,30,False,True,150,250,pf2_preorder,1.7276214147953364,3.0276275746393924,-6.905240721267048,1.2943469785575048,1.2943469785575048,1.2884990253411306,0.005633426516576191,0.009827863840339332,-0.02222855878779333
d06_e030_static_rearm,pf2_preorder,0.06,30,False,True,150,500,pf2_preorder,3.5010826063548053,6.168359604405492,-14.151106976491207,1.2982456140350878,1.2982456140350878,1.2923976608187135,0.005517154646006957,0.00969899606189093,-0.02242173698979294
d06_e030_static_rearm,pf2_preorder,0.06,30,False,True,150,1000,pf2_preorder,7.0626384901755,12.449243285497133,-28.7065383632358,1.2982456140350878,1.2982456140350878,1.2923976608187135,0.005517154646006957,0.00969899606189093,-0.02242173698979294
d06_e030_static_rearm,pf2_preorder,0.06,30,False,True,200,250,pf2_preorder,0.16291927391814262,1.4629254337621969,-8.462866934268988,1.2943469785575048,1.2943469785575048,1.2884990253411306,0.0006334265165761826,0.004827863840339325,-0.027228558787793355
d06_e030_static_rearm,pf2_preorder,0.06,30,False,True,200,500,pf2_preorder,0.3161091966472015,2.983386194697884,-17.321683086003862,1.2982456140350878,1.2982456140350878,1.2923976608187135,0.0005171546460069485,0.0046989960618909225,-0.027421736989792965
d06_e030_static_rearm,pf2_preorder,0.06,30,False,True,200,1000,pf2_preorder,0.6268877440156548,6.01349253933729,-35.113222403742625,1.2982456140350878,1.2982456140350878,1.2923976608187135,0.0005171546460069485,0.0046989960618909225,-0.027421736989792965
d06_e060_rolling_rearm,all_orders,0.06,60,True,True,100,250,all_orders,4.759433204639407,7.65381577384019,-16.084941062806983,2.723196881091618,2.723196881091618,2.7017543859649122,0.007029421128290202,0.01148577897717612,-0.025089916966155965
d06_e060_rolling_rearm,all_orders,0.06,60,True,True,100,500,all_orders,9.345148138908442,15.282206421559533,-33.28139961547752,2.740740740740741,2.740740740740741,2.719298245614035,0.0067538268773013835,0.011181658964707946,-0.02523670945846825
d06_e060_rolling_rearm,all_orders,0.06,60,True,True,100,1000,all_orders,18.504797559532282,30.518684885068364,-67.71710560382051,2.740740740740741,2.740740740740741,2.719298245614035,0.0067538268773013835,0.011181658964707946,-0.02523670945846825
d06_e060_rolling_rearm,all_orders,0.06,60,True,True,150,250,all_orders,1.494344228011726,4.388726797212507,-19.323700602787486,2.723196881091618,2.723196881091618,2.7017543859649122,0.0020294211282902022,0.006485778977176117,-0.03008991696615599
d06_e060_rolling_rearm,all_orders,0.06,60,True,True,150,500,all_orders,2.6506198664523035,8.587678149103374,-39.922866995146165,2.740740740740741,2.740740740740741,2.719298245614035,0.0017538268773013845,0.006181658964707944,-0.030236709458468278
d06_e060_rolling_rearm,all_orders,0.06,60,True,True,150,1000,all_orders,4.955460211033265,16.969347536569337,-81.15991071840145,2.740740740740741,2.740740740740741,2.719298245614035,0.0017538268773013845,0.006181658964707944,-0.030236709458468278
d06_e060_rolling_rearm,all_orders,0.06,60,True,True,200,250,all_orders,-1.770744748615958,1.1236378205848243,-22.562460142768007,2.723196881091618,2.723196881091618,2.7017543859649122,-0.002970578871709796,0.0014857789771761105,-0.03508991696615597
d06_e060_rolling_rearm,all_orders,0.06,60,True,True,200,500,all_orders,-4.043908406003841,1.89314987664723,-46.56433437481472,2.740740740740741,2.740740740740741,2.719298245614035,-0.0032461731226986162,0.0011816589647079356,-0.035236709458468254
d06_e060_rolling_rearm,all_orders,0.06,60,True,True,200,1000,all_orders,-8.593877137465777,3.420010188070292,-94.60271583298243,2.740740740740741,2.740740740740741,2.719298245614035,-0.0032461731226986162,0.0011816589647079356,-0.035236709458468254
d06_e060_rolling_rearm,pf2_posthoc,0.06,60,True,True,100,250,all_orders,4.716973867953237,6.686470862105282,-8.574409491111089,1.8966861598440545,1.8966861598440545,1.875243664717349,0.010125670127510757,0.014503444503754442,-0.019215549256647077
d06_e060_rolling_rearm,pf2_posthoc,0.06,60,True,True,100,500,all_orders,9.326584108382113,13.377313502144288,-17.794579396491184,1.9044834307992202,1.9044834307992202,1.8830409356725146,0.009722750256435533,0.014082601298487842,-0.019501561509756665
d06_e060_rolling_rearm,pf2_posthoc,0.06,60,True,True,100,1000,all_orders,18.51626695384025,26.731034318362653,-36.21063523875236,1.9044834307992202,1.9044834307992202,1.8830409356725146,0.009722750256435533,0.014082601298487842,-0.019501561509756665
d06_e060_rolling_rearm,pf2_posthoc,0.06,60,True,True,150,250,all_orders,2.4364635777583072,4.40596057191035,-10.828590344658851,1.8966861598440545,1.8966861598440545,1.875243664717349,0.005125670127510755,0.00950344450375444,-0.024215549256647068
d06_e060_rolling_rearm,pf2_posthoc,0.06,60,True,True,150,500,all_orders,4.658792228070216,8.709521621832396,-22.40931038401556,1.9044834307992202,1.9044834307992202,1.8830409356725146,0.0047227502564355294,0.009082601298487841,-0.024501561509756655
d06_e060_rolling_rearm,pf2_posthoc,0.06,60,True,True,150,1000,all_orders,9.091904314191124,17.30667167871354,-45.528465644483354,1.9044834307992202,1.9044834307992202,1.8830409356725146,0.0047227502564355294,0.009082601298487841,-0.024501561509756655
d06_e060_rolling_rearm,pf2_posthoc,0.06,60,True,True,200,250,all_orders,0.15595328756337243,2.125450281715419,-13.082771198206602,1.8966861598440545,1.8966861598440545,1.875243664717349,0.000125670127510748,0.004503444503754439,-0.029215549256647107
d06_e060_rolling_rearm,pf2_posthoc,0.06,60,True,True,200,500,all_orders,-0.008999652241675381,4.041729741520512,-27.02404137153994,1.9044834307992202,1.9044834307992202,1.8830409356725146,-0.00027724974356447705,0.004082601298487838,-0.029501561509756694
d06_e060_rolling_rearm,pf2_posthoc,0.06,60,True,True,200,1000,all_orders,-0.3324583254580084,7.88230903906442,-54.84629605021435,1.9044834307992202,1.9044834307992202,1.8830409356725146,-0.00027724974356447705,0.004082601298487838,-0.029501561509756694
d06_e060_rolling_rearm,pf2_preorder,0.06,60,True,True,100,250,pf2_preorder,5.289538538518542,7.72737865157897,-11.03841445017542,2.263157894736842,2.263157894736842,2.2417153996101367,0.009608609890707932,0.014124159581913251,-0.02068396898810941
d06_e060_rolling_rearm,pf2_preorder,0.06,60,True,True,100,500,pf2_preorder,10.513688007017596,15.513570734113113,-22.910420644054543,2.2729044834307994,2.2729044834307994,2.2514619883040936,0.009310699688521013,0.013806885959095086,-0.020945669814162432
d06_e060_rolling_rearm,pf2_preorder,0.06,60,True,True,100,1000,pf2_preorder,21.05332798697866,31.17233086807028,-46.56389553115003,2.2729044834307994,2.2729044834307994,2.2514619883040936,0.009310699688521013,0.013806885959095086,-0.020945669814162432
d06_e060_rolling_rearm,pf2_preorder,0.06,60,True,True,150,250,pf2_preorder,2.5751792190838456,5.013019332144271,-13.726444332962934,2.263157894736842,2.263157894736842,2.2417153996101367,0.004608609890707934,0.00912415958191324,-0.02568396898810942
d06_e060_rolling_rearm,pf2_preorder,0.06,60,True,True,150,500,pf2_preorder,4.953671214425003,9.953553941520516,-28.417376543859582,2.2729044834307994,2.2729044834307994,2.2514619883040936,0.004310699688521014,0.008806885959095082,-0.025945669814162436
d06_e060_rolling_rearm,pf2_preorder,0.06,60,True,True,150,1000,pf2_preorder,9.810227052982567,19.92922993407416,-57.700464231227976,2.2729044834307994,2.2729044834307994,2.2514619883040936,0.004310699688521014,0.008806885959095082,-0.025945669814162436
d06_e060_rolling_rearm,pf2_preorder,0.06,60,True,True,200,250,pf2_preorder,-0.13918010035085407,2.2986600127095747,-16.414474215750474,2.263157894736842,2.263157894736842,2.2417153996101367,-0.00039139010929207304,0.004124159581913238,-0.03068396898810945
d06_e060_rolling_rearm,pf2_preorder,0.06,60,True,True,200,500,pf2_preorder,-0.6063455781675944,4.3935371489279245,-33.9243324436647,2.2729044834307994,2.2729044834307994,2.2514619883040936,-0.0006893003114789939,0.0038068859590950762,-0.030945669814162465
d06_e060_rolling_rearm,pf2_preorder,0.06,60,True,True,200,1000,pf2_preorder,-1.432873881013549,8.68612900007807,-68.83703293130597,2.2729044834307994,2.2729044834307994,2.2514619883040936,-0.0006893003114789939,0.0038068859590950762,-0.030945669814162465
d06_e060_static_rearm,all_orders,0.06,60,False,True,100,250,all_orders,1.8182758151267215,3.3569609613255516,-8.50185492717347,1.5399610136452242,1.5399610136452242,1.5321637426900585,0.00455290634947136,0.008700495899700292,-0.02325763257853159
d06_e060_static_rearm,all_orders,0.06,60,False,True,100,500,all_orders,3.3999312256530536,6.541125962495162,-17.548498688576966,1.5458089668615984,1.5458089668615984,1.5380116959064327,0.004228467349153618,0.008360366144463654,-0.02347797289598148
d06_e060_static_rearm,all_orders,0.06,60,False,True,100,1000,all_orders,6.653269915399677,12.984876348148218,-35.59166092826506,1.5458089668615984,1.5458089668615984,1.5380116959064327,0.004228467349153618,0.008360366144463654,-0.02347797289598148
d06_e060_static_rearm,all_orders,0.06,60,False,True,150,250,all_orders,-0.042069990565285466,1.4966151556335447,-10.352714886861579,1.5399610136452242,1.5399610136452242,1.5321637426900585,-0.00044709365052864383,0.0037004958997002815,-0.02825763257853161
d06_e060_static_rearm,all_orders,0.06,60,False,True,150,500,all_orders,-0.3913515675633187,2.7498431692787855,-21.32052133072122,1.5458089668615984,1.5458089668615984,1.5380116959064327,-0.0007715326508463824,0.003360366144463643,-0.028477972895981495
d06_e060_static_rearm,all_orders,0.06,60,False,True,150,1000,all_orders,-1.0051362617933042,5.326470170955233,-43.21130681013636,1.5458089668615984,1.5458089668615984,1.5380116959064327,-0.0007715326508463824,0.003360366144463643,-0.028477972895981495
d06_e060_static_rearm,all_orders,0.06,60,False,True,200,250,all_orders,-1.9024157962572965,-0.3637306500584644,-12.20357484654969,1.5399610136452242,1.5399610136452242,1.5321637426900585,-0.005447093650528643,-0.0012995041002997214,-0.0332576325785316
d06_e060_static_rearm,all_orders,0.06,60,False,True,200,500,all_orders,-4.182634360779699,-1.041439623937591,-25.09254397286545,1.5458089668615984,1.5458089668615984,1.5380116959064327,-0.005771532650846383,-0.0016396338555363602,-0.033477972895981485
d06_e060_static_rearm,all_orders,0.06,60,False,True,200,1000,all_orders,-8.663542438986287,-2.331936006237753,-50.83095269200774,1.5458089668615984,1.5458089668615984,1.5380116959064327,-0.005771532650846383,-0.0016396338555363602,-0.033477972895981485
d06_e060_static_rearm,pf2_posthoc,0.06,60,False,True,100,250,all_orders,3.2301560232358772,4.310233372163754,-3.9318023330994043,1.1208576998050683,1.1208576998050683,1.1130604288499026,0.011794717858284976,0.015783617025722535,-0.014736960467954762
d06_e060_static_rearm,pf2_posthoc,0.06,60,False,True,100,500,all_orders,6.425261045614059,8.62699274152049,-8.096914987524338,1.1228070175438596,1.1228070175438596,1.115009746588694,0.011583268695336563,0.015565242690608438,-0.01490350424336043
d06_e060_static_rearm,pf2_posthoc,0.06,60,False,True,100,1000,all_orders,12.927249645419158,17.361257871540005,-16.403119648537952,1.1228070175438596,1.1228070175438596,1.115009746588694,0.011583268695336563,0.015565242690608438,-0.01490350424336043
d06_e060_static_rearm,pf2_posthoc,0.06,60,False,True,150,250,all_orders,1.8736776149707728,2.9537549638986462,-5.27884794214424,1.1208576998050683,1.1208576998050683,1.1130604288499026,0.006794717858284969,0.010783617025722527,-0.01973696046795476
d06_e060_static_rearm,pf2_posthoc,0.06,60,False,True,150,500,all_orders,3.6673653797271184,5.86909707563355,-10.835605335672494,1.1228070175438596,1.1228070175438596,1.115009746588694,0.006583268695336558,0.010565242690608425,-0.019903504243360435
d06_e060_static_rearm,pf2_posthoc,0.06,60,False,True,150,1000,all_orders,7.361228428752485,11.795236654873337,-21.9303638496101,1.1228070175438596,1.1228070175438596,1.115009746588694,0.006583268695336558,0.010565242690608425,-0.019903504243360435
d06_e060_static_rearm,pf2_posthoc,0.06,60,False,True,200,250,all_orders,0.5171992067056632,1.5972765556335382,-6.6258935511890735,1.1208576998050683,1.1208576998050683,1.1130604288499026,0.0017947178582849595,0.00578361702572252,-0.02473696046795477
d06_e060_static_rearm,pf2_posthoc,0.06,60,False,True,200,500,all_orders,0.9094697138401768,3.111201409746609,-13.574295683820631,1.1228070175438596,1.1228070175438596,1.115009746588694,0.0015832686953365488,0.005565242690608419,-0.024903504243360446
d06_e060_static_rearm,pf2_posthoc,0.06,60,False,True,200,1000,all_orders,1.7952072120858111,6.229215438206671,-27.457608050682218,1.1228070175438596,1.1228070175438596,1.115009746588694,0.0015832686953365488,0.005565242690608419,-0.024903504243360446
d06_e060_static_rearm,pf2_preorder,0.06,60,False,True,100,250,pf2_preorder,3.5137953877582966,4.741700728888898,-4.816827522183222,1.2280701754385965,1.2280701754385965,1.2202729044834308,0.011685342615512517,0.015846099116694552,-0.016459043976243176
d06_e060_static_rearm,pf2_preorder,0.06,60,False,True,100,500,pf2_preorder,7.121237883820689,9.633893478362596,-9.768429946588663,1.230019493177388,1.230019493177388,1.2222222222222223,0.011752132543592596,0.015906295135897957,-0.01634694057718371
d06_e060_static_rearm,pf2_preorder,0.06,60,False,True,100,1000,pf2_preorder,14.312142824756394,19.381807815009793,-19.798837716764073,1.230019493177388,1.230019493177388,1.2222222222222223,0.011752132543592596,0.015906295135897957,-0.01634694057718371
d06_e060_static_rearm,pf2_preorder,0.06,60,False,True,150,250,pf2_preorder,2.0278059600000136,3.255711301130618,-6.293352450916168,1.2280701754385965,1.2280701754385965,1.2202729044834308,0.006685342615512509,0.01084609911669454,-0.021459043976243184
d06_e060_static_rearm,pf2_preorder,0.06,60,False,True,150,500,pf2_preorder,4.100431455750515,6.613087050292421,-12.769979567641306,1.230019493177388,1.230019493177388,1.2222222222222223,0.006752132543592588,0.010906295135897946,-0.021346940577183712
d06_e060_static_rearm,pf2_preorder,0.06,60,False,True,150,1000,pf2_preorder,8.216011219200833,13.28567620945424,-25.856183603021393,1.230019493177388,1.230019493177388,1.2222222222222223,0.006752132543592588,0.010906295135897946,-0.021346940577183712
d06_e060_static_rearm,pf2_preorder,0.06,60,False,True,200,250,pf2_preorder,0.5418165322417273,1.7697218733723314,-7.769877379649109,1.2280701754385965,1.2280701754385965,1.2202729044834308,0.0016853426155124976,0.005846099116694534,-0.026459043976243178
d06_e060_static_rearm,pf2_preorder,0.06,60,False,True,200,500,pf2_preorder,1.0796250276803363,3.5922806222222476,-15.771529188693922,1.230019493177388,1.230019493177388,1.2222222222222223,0.0017521325435925772,0.005906295135897938,-0.026346940577183706
d06_e060_static_rearm,pf2_preorder,0.06,60,False,True,200,1000,pf2_preorder,2.1198796136452747,7.189544603898687,-31.913529489278712,1.230019493177388,1.230019493177388,1.2222222222222223,0.0017521325435925772,0.005906295135897938,-0.026346940577183706
d06_e120_rolling_rearm,all_orders,0.06,120,True,True,100,250,all_orders,4.726694009707632,7.621076578908416,-16.117680257738755,2.7270955165692006,2.7270955165692006,2.705653021442495,0.006970370048959694,0.011420357121792879,-0.02510315456254969
d06_e120_rolling_rearm,all_orders,0.06,120,True,True,100,500,all_orders,9.278877930331443,15.215936212982534,-33.34766982405451,2.7446393762183234,2.7446393762183234,2.723196881091618,0.006695544724260614,0.011117087277452108,-0.02524965161939156
d06_e120_rolling_rearm,all_orders,0.06,120,True,True,100,1000,all_orders,18.37146532366483,30.385352649200918,-67.85043783968796,2.7446393762183234,2.7446393762183234,2.723196881091618,0.006695544724260614,0.011117087277452108,-0.02524965161939156
d06_e120_rolling_rearm,all_orders,0.06,120,True,True,150,250,all_orders,1.4568784180702055,4.3512609872709875,-19.36116641272901,2.7270955165692006,2.7270955165692006,2.705653021442495,0.0019703700489596913,0.006420357121792873,-0.03010315456254972
d06_e120_rolling_rearm,all_orders,0.06,120,True,True,150,500,all_orders,2.5747201091423624,8.511778391793435,-39.998766752456106,2.7446393762183234,2.7446393762183234,2.723196881091618,0.001695544724260612,0.006117087277452105,-0.03024965161939159
d06_e120_rolling_rearm,all_orders,0.06,120,True,True,150,1000,all_orders,4.802692558986481,16.816579884522554,-81.31267837044824,2.7446393762183234,2.7446393762183234,2.723196881091618,0.001695544724260612,0.006117087277452105,-0.03024965161939159
d06_e120_rolling_rearm,all_orders,0.06,120,True,True,200,250,all_orders,-1.8129371735672255,1.0814453956335577,-22.604652567719274,2.7270955165692006,2.7270955165692006,2.705653021442495,-0.003029629951040308,0.0014203571217928676,-0.035103154562549706
d06_e120_rolling_rearm,all_orders,0.06,120,True,True,200,500,all_orders,-4.129437712046726,1.8076205706043451,-46.649863680857614,2.7446393762183234,2.7446393762183234,2.723196881091618,-0.003304455275739388,0.0011170872774520972,-0.035249651619391566
d06_e120_rolling_rearm,all_orders,0.06,120,True,True,200,1000,all_orders,-8.766080205691898,3.2478071198441705,-94.77491890120854,2.7446393762183234,2.7446393762183234,2.723196881091618,-0.003304455275739388,0.0011170872774520972,-0.035249651619391566
d06_e120_rolling_rearm,pf2_posthoc,0.06,120,True,True,100,250,all_orders,4.694528316296315,6.664025310448363,-8.59685504276801,1.898635477582846,1.898635477582846,1.8771929824561404,0.010067944152461235,0.014441223893821716,-0.01924346605863469
d06_e120_rolling_rearm,pf2_posthoc,0.06,120,True,True,100,500,all_orders,9.28169300506827,13.332422398830447,-17.839470499805028,1.9064327485380117,1.9064327485380117,1.884990253411306,0.009665672362951733,0.014021065479603169,-0.019529067061008952
d06_e120_rolling_rearm,pf2_posthoc,0.06,120,True,True,100,1000,all_orders,18.42648474721257,26.64125211173497,-36.300417445380035,1.9064327485380117,1.9064327485380117,1.884990253411306,0.009665672362951733,0.014021065479603169,-0.019529067061008952
d06_e120_rolling_rearm,pf2_posthoc,0.06,120,True,True,150,250,all_orders,2.4115835543664943,4.381080548518536,-10.853470368050663,1.898635477582846,1.898635477582846,1.8771929824561404,0.005067944152461235,0.009441223893821715,-0.024243466058634682
d06_e120_rolling_rearm,pf2_posthoc,0.06,120,True,True,150,500,all_orders,4.60903218128659,8.659761575048769,-22.459070430799184,1.9064327485380117,1.9064327485380117,1.884990253411306,0.0046656723629517295,0.00902106547960317,-0.024529067061008946
d06_e120_rolling_rearm,pf2_posthoc,0.06,120,True,True,150,1000,all_orders,8.992384220623874,17.207151585146292,-45.6279857380506,1.9064327485380117,1.9064327485380117,1.884990253411306,0.0046656723629517295,0.00902106547960317,-0.024529067061008946
d06_e120_rolling_rearm,pf2_posthoc,0.06,120,True,True,200,250,all_orders,0.1286387924366668,2.098135786588714,-13.110085693333307,1.898635477582846,1.898635477582846,1.8771929824561404,6.794415246122904e-05,0.004441223893821712,-0.029243466058634718
d06_e120_rolling_rearm,pf2_posthoc,0.06,120,True,True,200,500,all_orders,-0.06362864249508682,3.9871007512671017,-27.07867036179335,1.9064327485380117,1.9064327485380117,1.884990253411306,-0.00033432763704827685,0.004021065479603166,-0.029529067061008978
d06_e120_rolling_rearm,pf2_posthoc,0.06,120,True,True,200,1000,all_orders,-0.44171630596483147,7.773051058557598,-54.95555403072117,1.9064327485380117,1.9064327485380117,1.884990253411306,-0.00033432763704827685,0.004021065479603166,-0.029529067061008978
d06_e120_rolling_rearm,pf2_preorder,0.06,120,True,True,100,250,pf2_preorder,5.267092986861621,7.704933099922049,-11.060860001832339,2.2651072124756335,2.2651072124756335,2.2436647173489277,0.009560668376541471,0.014072332052522,-0.02070605018757302
d06_e120_rolling_rearm,pf2_preorder,0.06,120,True,True,100,500,pf2_preorder,10.468796903703753,15.46867963079927,-22.955311747368384,2.2748538011695905,2.2748538011695905,2.253411306042885,0.009263218857964679,0.013755552355384875,-0.020967429121910318
d06_e120_rolling_rearm,pf2_preorder,0.06,120,True,True,100,1000,pf2_preorder,20.963545780350973,31.0825486614426,-46.65367773777772,2.2748538011695905,2.2748538011695905,2.253411306042885,0.009263218857964679,0.013755552355384875,-0.020967429121910318
d06_e120_rolling_rearm,pf2_preorder,0.06,120,True,True,150,250,pf2_preorder,2.550299195692033,4.988139308752458,-13.751324356354747,2.2651072124756335,2.2651072124756335,2.2436647173489277,0.004560668376541474,0.009072332052521991,-0.025706050187573024
d06_e120_rolling_rearm,pf2_preorder,0.06,120,True,True,150,500,pf2_preorder,4.903911167641376,9.90379389473689,-28.467136590643207,2.2748538011695905,2.2748538011695905,2.253411306042885,0.004263218857964681,0.00875555235538487,-0.025967429121910322
d06_e120_rolling_rearm,pf2_preorder,0.06,120,True,True,150,1000,pf2_preorder,9.710706959415313,19.829709840506908,-57.79998432479523,2.2748538011695905,2.2748538011695905,2.253411306042885,0.004263218857964681,0.00875555235538487,-0.025967429121910322
d06_e120_rolling_rearm,pf2_preorder,0.06,120,True,True,200,250,pf2_preorder,-0.16649459547755974,2.271345517582869,-16.441788710877177,2.2651072124756335,2.2651072124756335,2.2436647173489277,-0.0004393316234585352,0.0040723320525219864,-0.030706050187573063
d06_e120_rolling_rearm,pf2_preorder,0.06,120,True,True,200,500,pf2_preorder,-0.6609745684210052,4.338908158674513,-33.978961433918116,2.2748538011695905,2.2748538011695905,2.253411306042885,-0.0007367811420353278,0.003755552355384866,-0.030967429121910355
d06_e120_rolling_rearm,pf2_preorder,0.06,120,True,True,200,1000,pf2_preorder,-1.5421318615203707,8.576871019571247,-68.94629091181278,2.2748538011695905,2.2748538011695905,2.253411306042885,-0.0007367811420353278,0.003755552355384866,-0.030967429121910355
d06_e120_static_rearm,all_orders,0.06,120,False,True,100,250,all_orders,1.1034771405848125,2.566693280935687,-8.861221087095496,1.510721247563353,1.510721247563353,1.5029239766081872,0.002606056575326409,0.006622528778483589,-0.02473840880117411
d06_e120_static_rearm,all_orders,0.06,120,False,True,100,500,all_orders,1.9836699800000337,4.968895438089703,-18.247605275360595,1.5165692007797271,1.5165692007797271,1.5087719298245614,0.0022655491778527615,0.006266533698992628,-0.02497468962689116
d06_e120_static_rearm,all_orders,0.06,120,False,True,100,1000,all_orders,3.6359512954386632,9.650587903625805,-37.15367728701748,1.5165692007797271,1.5165692007797271,1.5087719298245614,0.0022655491778527615,0.006266533698992628,-0.02497468962689116
d06_e120_static_rearm,all_orders,0.06,120,False,True,150,250,all_orders,-0.7223288561793209,0.7408872841715562,-10.67754123785573,1.510721247563353,1.510721247563353,1.5029239766081872,-0.0023939434246735875,0.0016225287784835793,-0.02973840880117411
d06_e120_static_rearm,all_orders,0.06,120,False,True,150,500,all_orders,-1.7373344672319353,1.2478909908577334,-21.949349571520443,1.5165692007797271,1.5165692007797271,1.5087719298245614,-0.002734450822147233,0.0012665336989926184,-0.02997468962689116
d06_e120_static_rearm,all_orders,0.06,120,False,True,150,1000,all_orders,-3.8801914392981773,2.134445168888956,-44.63105972643268,1.5165692007797271,1.5165692007797271,1.5087719298245614,-0.002734450822147233,0.0012665336989926184,-0.02997468962689116
d06_e120_static_rearm,all_orders,0.06,120,False,True,200,250,all_orders,-2.548134852943458,-1.0849187125925783,-12.493861388615963,1.510721247563353,1.510721247563353,1.5029239766081872,-0.007393943424673596,-0.003377471221516417,-0.03473840880117412
d06_e120_static_rearm,all_orders,0.06,120,False,True,200,500,all_orders,-5.458338914463906,-2.473113456374238,-25.651093867680274,1.5165692007797271,1.5165692007797271,1.5087719298245614,-0.007734450822147243,-0.0037334663010073796,-0.034974689626891174
d06_e120_static_rearm,all_orders,0.06,120,False,True,200,1000,all_orders,-11.396334174035024,-5.381697565847886,-52.10844216584791,1.5165692007797271,1.5165692007797271,1.5087719298245614,-0.007734450822147243,-0.0037334663010073796,-0.034974689626891174
d06_e120_static_rearm,pf2_posthoc,0.06,120,False,True,100,250,all_orders,2.4174160075633626,3.422024350643284,-4.309714278596479,1.087719298245614,1.087719298245614,1.0799220272904484,0.008954751625239695,0.012771574625315961,-0.01670017655302028
d06_e120_static_rearm,pf2_posthoc,0.06,120,False,True,100,500,all_orders,4.820359872085794,6.86612228923979,-8.825870391072101,1.0896686159844056,1.0896686159844056,1.0818713450292399,0.008717846564541654,0.01252784161649614,-0.016892563941762525
d06_e120_static_rearm,pf2_posthoc,0.06,120,False,True,100,1000,all_orders,9.509003834425007,13.62604223598446,-18.04711208721243,1.0896686159844056,1.0896686159844056,1.0818713450292399,0.008717846564541654,0.01252784161649614,-0.016892563941762525
d06_e120_static_rearm,pf2_posthoc,0.06,120,False,True,150,250,all_orders,1.100591338050694,2.1051996811306153,-5.617106148888881,1.087719298245614,1.087719298245614,1.0799220272904484,0.003954751625239688,0.007771574625315949,-0.021700176553020284
d06_e120_static_rearm,pf2_posthoc,0.06,120,False,True,150,500,all_orders,2.1438059215789704,4.189568338732966,-11.483219023840139,1.0896686159844056,1.0896686159844056,1.0818713450292399,0.0037178465645416477,0.007527841616496127,-0.02189256394176253
d06_e120_static_rearm,pf2_posthoc,0.06,120,False,True,150,1000,all_orders,4.1051332444250015,8.22217164598445,-23.412205661617893,1.0896686159844056,1.0896686159844056,1.0818713450292399,0.0037178465645416477,0.007527841616496127,-0.02189256394176253
d06_e120_static_rearm,pf2_posthoc,0.06,120,False,True,200,250,all_orders,-0.21623333146197807,0.788375011617944,-6.924498019181276,1.087719298245614,1.087719298245614,1.0799220272904484,-0.0010452483747603195,0.00277157462531594,-0.02670017655302029
d06_e120_static_rearm,pf2_posthoc,0.06,120,False,True,200,500,all_orders,-0.5327480289278538,1.513014388226142,-14.140567656608157,1.0896686159844056,1.0896686159844056,1.0818713450292399,-0.0012821534354583591,0.0025278416164961183,-0.02689256394176253
d06_e120_static_rearm,pf2_posthoc,0.06,120,False,True,200,1000,all_orders,-1.2987373455750069,2.818301055984447,-28.777299236023353,1.0896686159844056,1.0896686159844056,1.0818713450292399,-0.0012821534354583591,0.0025278416164961183,-0.02689256394176253
d06_e120_static_rearm,pf2_preorder,0.06,120,False,True,100,250,pf2_preorder,2.794676208343091,3.9471125436257437,-5.023818436491216,1.2085769980506822,1.2085769980506822,1.2007797270955165,0.009347482231576507,0.01331110611627109,-0.01746386465524448
d06_e120_static_rearm,pf2_preorder,0.06,120,False,True,100,500,pf2_preorder,5.621527162534139,7.978213478323612,-10.234502500233894,1.2124756335282652,1.2124756335282652,1.2046783625730995,0.009205455938113364,0.013156335051474526,-0.017520042099840653
d06_e120_static_rearm,pf2_preorder,0.06,120,False,True,100,1000,pf2_preorder,11.124486965029302,15.877182130721305,-20.893763401052592,1.2124756335282652,1.2124756335282652,1.2046783625730995,0.009205455938113364,0.013156335051474526,-0.017520042099840653
d06_e120_static_rearm,pf2_preorder,0.06,120,False,True,150,250,pf2_preorder,1.332700742534126,2.485137077816778,-6.476329403274845,1.2085769980506822,1.2085769980506822,1.2007797270955165,0.004347482231576499,0.008311106116271075,-0.022463864655244473
d06_e120_static_rearm,pf2_preorder,0.06,120,False,True,150,500,pf2_preorder,2.645152607738818,5.001838923528292,-13.191620248011679,1.2124756335282652,1.2124756335282652,1.2046783625730995,0.004205455938113355,0.00815633505147451,-0.022520042099840643
d06_e120_static_rearm,pf2_preorder,0.06,120,False,True,150,1000,pf2_preorder,5.114579226881147,9.867274392573155,-26.86488541990249,1.2124756335282652,1.2124756335282652,1.2046783625730995,0.004205455938113355,0.00815633505147451,-0.022520042099840643
d06_e120_static_rearm,pf2_preorder,0.06,120,False,True,200,250,pf2_preorder,-0.12927472327484194,1.0231616120078089,-7.928840370058466,1.2085769980506822,1.2085769980506822,1.2007797270955165,-0.0006525177684235135,0.003311106116271065,-0.027463864655244474
d06_e120_static_rearm,pf2_preorder,0.06,120,False,True,200,500,pf2_preorder,-0.33122194705650576,2.025464368732968,-16.148737995789446,1.2124756335282652,1.2124756335282652,1.2046783625730995,-0.0007945440618866558,0.0031563350514745,-0.02752004209984064
d06_e120_static_rearm,pf2_preorder,0.06,120,False,True,200,1000,pf2_preorder,-0.8953285112670063,3.8573666544250003,-32.83600743875241,1.2124756335282652,1.2124756335282652,1.2046783625730995,-0.0007945440618866558,0.0031563350514745,-0.02752004209984064
d08_e010_rolling_rearm,all_orders,0.08,10,True,True,100,250,all_orders,6.104075876725129,7.884403954697841,-10.355000800857713,2.107212475633528,2.107212475633528,2.0974658869395713,0.01190210282113433,0.01536105789493878,-0.020929557981750266
d08_e010_rolling_rearm,all_orders,0.08,10,True,True,100,500,all_orders,12.126092705886908,15.724656421286515,-21.584548063703714,2.120857699805068,2.120857699805068,2.111111111111111,0.011525247576869194,0.014961948344132624,-0.02119629223372777
d08_e010_rolling_rearm,all_orders,0.08,10,True,True,100,1000,all_orders,24.281049281013576,31.53435382292391,-44.04773695056535,2.120857699805068,2.120857699805068,2.111111111111111,0.011525247576869194,0.014961948344132624,-0.02119629223372777
d08_e010_rolling_rearm,all_orders,0.08,10,True,True,150,250,all_orders,3.5771247199609975,5.357452797933707,-12.870075708109177,2.107212475633528,2.107212475633528,2.0974658869395713,0.006902102821134326,0.01036105789493875,-0.025929557981750288
d08_e010_rolling_rearm,all_orders,0.08,10,True,True,150,500,all_orders,6.949055830370334,10.547619545769951,-26.737741067875255,2.120857699805068,2.120857699805068,2.111111111111111,0.0065252475768691875,0.009961948344132592,-0.02619629223372779
d08_e010_rolling_rearm,all_orders,0.08,10,True,True,150,1000,all_orders,13.79763633555549,21.050940877465848,-54.48299758023398,2.120857699805068,2.120857699805068,2.111111111111111,0.0065252475768691875,0.009961948344132592,-0.02619629223372779
d08_e010_rolling_rearm,all_orders,0.08,10,True,True,200,250,all_orders,1.050173563196862,2.830501641169573,-15.385150615360633,2.107212475633528,2.107212475633528,2.0974658869395713,0.0019021028211343184,0.005361057894938763,-0.030929557981750254
d08_e010_rolling_rearm,all_orders,0.08,10,True,True,200,500,all_orders,1.7720189548537633,5.370582670253373,-31.890934072046825,2.120857699805068,2.120857699805068,2.111111111111111,0.0015252475768691809,0.004961948344132602,-0.031196292233727777
d08_e010_rolling_rearm,all_orders,0.08,10,True,True,200,1000,all_orders,3.3142233900973874,10.567527932007716,-64.91825820990258,2.120857699805068,2.120857699805068,2.111111111111111,0.0015252475768691809,0.004961948344132602,-0.031196292233727777
d08_e010_rolling_rearm,pf2_posthoc,0.08,10,True,True,100,250,all_orders,5.569388811929809,6.811165778791408,-5.043845970916189,1.4619883040935673,1.4619883040935673,1.4522417153996101,0.015448996087032886,0.01893885115949665,-0.015101937237922415
d08_e010_rolling_rearm,pf2_posthoc,0.08,10,True,True,100,500,all_orders,10.989702159532131,13.502194841793335,-10.742493222144269,1.469785575048733,1.469785575048733,1.4600389863547758,0.014953070967209759,0.018424412219660458,-0.015438017087117097
d08_e010_rolling_rearm,pf2_posthoc,0.08,10,True,True,100,1000,all_orders,21.91156385068222,26.984320790253363,-22.071991129434725,1.469785575048733,1.469785575048733,1.4600389863547758,0.014953070967209759,0.018424412219660458,-0.015438017087117097
d08_e010_rolling_rearm,pf2_posthoc,0.08,10,True,True,150,250,all_orders,3.811032625691995,5.052809592553591,-6.790325907641337,1.4619883040935673,1.4619883040935673,1.4522417153996101,0.010448996087032859,0.013938851159496607,-0.020101937237922453
d08_e010_rolling_rearm,pf2_posthoc,0.08,10,True,True,150,500,all_orders,7.389924170682236,9.902416852943437,-14.318427339649142,1.469785575048733,1.469785575048733,1.4600389863547758,0.009953070967209734,0.013424412219660417,-0.020438017087117132
d08_e010_rolling_rearm,pf2_posthoc,0.08,10,True,True,150,1000,all_orders,14.639952299220225,19.712709238791366,-29.295450365107246,1.469785575048733,1.469785575048733,1.4600389863547758,0.009953070967209734,0.013424412219660417,-0.020438017087117132
d08_e010_rolling_rearm,pf2_posthoc,0.08,10,True,True,200,250,all_orders,2.0526764394541765,3.294453406315777,-8.536805844366476,1.4619883040935673,1.4619883040935673,1.4522417153996101,0.005448996087032864,0.008938851159496608,-0.025101937237922433
d08_e010_rolling_rearm,pf2_posthoc,0.08,10,True,True,200,500,all_orders,3.7901461818323336,6.302638864093538,-17.894361457154012,1.469785575048733,1.469785575048733,1.4600389863547758,0.004953070967209739,0.008424412219660414,-0.02543801708711711
d08_e010_rolling_rearm,pf2_posthoc,0.08,10,True,True,200,1000,all_orders,7.3683407477582294,12.441097687329377,-36.51890960077975,1.469785575048733,1.469785575048733,1.4600389863547758,0.004953070967209739,0.008424412219660414,-0.02543801708711711
d08_e010_rolling_rearm,pf2_preorder,0.08,10,True,True,100,250,pf2_preorder,7.49203098736841,9.00245988405456,-5.785714516725158,1.7426900584795322,1.7426900584795322,1.732943469785575,0.017750606543963616,0.02130570818777259,-0.014264628278720803
d08_e010_rolling_rearm,pf2_preorder,0.08,10,True,True,100,500,pf2_preorder,14.98979777746585,18.04464032327482,-12.243986766003914,1.7524366471734893,1.7524366471734893,1.7426900584795322,0.017390286113508454,0.020925615223147183,-0.01456946967426569
d08_e010_rolling_rearm,pf2_preorder,0.08,10,True,True,100,1000,pf2_preorder,30.19799854074067,36.35952553879135,-24.958255776608237,1.7524366471734893,1.7524366471734893,1.7426900584795322,0.017390286113508454,0.020925615223147183,-0.01456946967426569
d08_e010_rolling_rearm,pf2_preorder,0.08,10,True,True,150,250,pf2_preorder,5.401462711461975,6.911891608148135,-7.864406543118922,1.7426900584795322,1.7426900584795322,1.732943469785575,0.012750606543963584,0.01630570818777255,-0.01926462827872082
d08_e010_rolling_rearm,pf2_preorder,0.08,10,True,True,150,500,pf2_preorder,10.707438162884966,13.762280708693927,-16.502502509239786,1.7524366471734893,1.7524366471734893,1.7426900584795322,0.012390286113508422,0.015925615223147147,-0.019569469674265715
d08_e010_rolling_rearm,pf2_preorder,0.08,10,True,True,150,1000,pf2_preorder,21.535025347953173,27.696552346003852,-33.573076653606286,1.7524366471734893,1.7524366471734893,1.7426900584795322,0.012390286113508422,0.015925615223147147,-0.019569469674265715
d08_e010_rolling_rearm,pf2_preorder,0.08,10,True,True,200,250,pf2_preorder,3.310894435555542,4.821323332241699,-9.943098569512685,1.7426900584795322,1.7426900584795322,1.732943469785575,0.007750606543963591,0.011305708187772563,-0.02426462827872081
d08_e010_rolling_rearm,pf2_preorder,0.08,10,True,True,200,500,pf2_preorder,6.425078548304064,9.479921094113028,-20.76101825247569,1.7524366471734893,1.7524366471734893,1.7426900584795322,0.007390286113508425,0.010925615223147153,-0.024569469674265706
d08_e010_rolling_rearm,pf2_preorder,0.08,10,True,True,200,1000,pf2_preorder,12.872052155165619,19.033579153216305,-42.187897530604346,1.7524366471734893,1.7524366471734893,1.7426900584795322,0.007390286113508425,0.010925615223147153,-0.024569469674265706
d08_e010_static_rearm,all_orders,0.08,10,False,True,100,250,all_orders,4.929604243898626,6.093041748771921,-5.358808545964919,1.202729044834308,1.202729044834308,1.1988304093567252,0.016907782592095758,0.02084689893343887,-0.01854960780826758
d08_e010_static_rearm,all_orders,0.08,10,False,True,100,500,all_orders,9.774297812163727,12.12255714939569,-11.149478644756352,1.2085769980506822,1.2085769980506822,1.2046783625730995,0.016252144556124056,0.020172200657105822,-0.019035244395810242
d08_e010_static_rearm,all_orders,0.08,10,False,True,100,1000,all_orders,19.59160558035085,24.310159030643245,-22.636110728421066,1.2085769980506822,1.2085769980506822,1.2046783625730995,0.016252144556124056,0.020172200657105822,-0.019035244395810242
d08_e010_static_rearm,all_orders,0.08,10,False,True,150,250,all_orders,3.4838486750097366,4.647286179883028,-6.799826832202734,1.202729044834308,1.202729044834308,1.1988304093567252,0.011907782592095736,0.01584689893343881,-0.023549607808267634
d08_e010_static_rearm,all_orders,0.08,10,False,True,150,500,all_orders,6.820122869512656,9.168382206744628,-14.094133829122818,1.2085769980506822,1.2085769980506822,1.2046783625730995,0.011252144556124034,0.015172200657105771,-0.024035244395810295
d08_e010_static_rearm,all_orders,0.08,10,False,True,150,1000,all_orders,13.61087017754382,18.32942362783621,-28.5975996594932,1.2085769980506822,1.2085769980506822,1.2046783625730995,0.011252144556124034,0.015172200657105771,-0.024035244395810295
d08_e010_static_rearm,all_orders,0.08,10,False,True,200,250,all_orders,2.038093106120846,3.2015306109941406,-8.240845118440555,1.202729044834308,1.202729044834308,1.1988304093567252,0.006907782592095729,0.010846898933438822,-0.02854960780826755
d08_e010_static_rearm,all_orders,0.08,10,False,True,200,500,all_orders,3.865947926861574,6.214207264093543,-17.038789013489293,1.2085769980506822,1.2085769980506822,1.2046783625730995,0.006252144556124027,0.010172200657105782,-0.02903524439581022
d08_e010_static_rearm,all_orders,0.08,10,False,True,200,1000,all_orders,7.630134774736795,12.348688225029191,-34.55908859056533,1.2085769980506822,1.2085769980506822,1.2046783625730995,0.006252144556124027,0.010172200657105782,-0.02903524439581022
d08_e010_static_rearm,pf2_posthoc,0.08,10,False,True,100,250,all_orders,5.036230363196871,5.8410327803508695,-2.930302301910336,0.9142300194931774,0.9142300194931774,0.9103313840155945,0.022731198712643657,0.026318850515739983,-0.01307282048255611
d08_e010_static_rearm,pf2_posthoc,0.08,10,False,True,100,500,all_orders,10.012814856608166,11.63805056810914,-6.119021155867459,0.9181286549707602,0.9181286549707602,0.9142300194931774,0.022167584280742836,0.025740001893592462,-0.013486156002886359
d08_e010_static_rearm,pf2_posthoc,0.08,10,False,True,100,1000,all_orders,20.21859816514616,23.483563857153968,-12.253846213801186,0.9181286549707602,0.9181286549707602,0.9142300194931774,0.022167584280742836,0.025740001893592462,-0.013486156002886359
d08_e010_static_rearm,pf2_posthoc,0.08,10,False,True,150,250,all_orders,3.932346489434691,4.737148906588686,-4.029437953450298,0.9142300194931774,0.9142300194931774,0.9103313840155945,0.01773119871264362,0.02131885051573992,-0.018072820482556123
d08_e010_static_rearm,pf2_posthoc,0.08,10,False,True,150,500,all_orders,7.761735356257298,9.386971067758273,-8.360559018791434,0.9181286549707602,0.9181286549707602,0.9142300194931774,0.017167584280742807,0.020740001893592413,-0.018486156002886372
d08_e010_static_rearm,pf2_posthoc,0.08,10,False,True,150,1000,all_orders,15.672334922183207,18.937300614191003,-16.780858949941553,0.9181286549707602,0.9181286549707602,0.9142300194931774,0.017167584280742807,0.020740001893592413,-0.018486156002886372
d08_e010_static_rearm,pf2_posthoc,0.08,10,False,True,200,250,all_orders,2.828462615672506,3.6332650328265004,-5.128573604990262,0.9142300194931774,0.9142300194931774,0.9103313840155945,0.01273119871264362,0.01631885051573993,-0.023072820482556086
d08_e010_static_rearm,pf2_posthoc,0.08,10,False,True,200,500,all_orders,5.510655855906412,7.135891567407384,-10.602096881715413,0.9181286549707602,0.9181286549707602,0.9142300194931774,0.012167584280742797,0.015740001893592412,-0.02348615600288634
d08_e010_static_rearm,pf2_posthoc,0.08,10,False,True,200,1000,all_orders,11.126071679220232,14.391037371228027,-21.307871686081892,0.9181286549707602,0.9181286549707602,0.9142300194931774,0.012167584280742797,0.015740001893592412,-0.02348615600288634
d08_e010_static_rearm,pf2_preorder,0.08,10,False,True,100,250,pf2_preorder,5.7717917238206535,6.576594140974651,-3.4761774715009794,1.0175438596491229,1.0175438596491229,1.01364522417154,0.023422205486498145,0.026645593792345233,-0.014077293140619267
d08_e010_static_rearm,pf2_preorder,0.08,10,False,True,100,500,pf2_preorder,11.569348841013625,13.194584552514595,-7.2490930194152154,1.023391812865497,1.023391812865497,1.0194931773879143,0.02301590054417364,0.026220869488273024,-0.014477843644616153
d08_e010_static_rearm,pf2_preorder,0.08,10,False,True,100,1000,pf2_preorder,23.378211241169563,26.643176933177358,-14.602277972085782,1.023391812865497,1.023391812865497,1.0194931773879143,0.02301590054417364,0.026220869488273024,-0.014477843644616153
d08_e010_static_rearm,pf2_preorder,0.08,10,False,True,150,250,pf2_preorder,4.54879398846003,5.353596405614027,-4.694426984639383,1.0175438596491229,1.0175438596491229,1.01364522417154,0.01842220548649809,0.02164559379234515,-0.019077293140619282
d08_e010_static_rearm,pf2_preorder,0.08,10,False,True,150,500,pf2_preorder,9.067622648654956,10.69285836015593,-9.741277574346991,1.023391812865497,1.023391812865497,1.0194931773879143,0.018015900544173593,0.021220869488272946,-0.01947784364461617
d08_e010_static_rearm,pf2_preorder,0.08,10,False,True,150,1000,pf2_preorder,18.318137772085734,21.58310346409352,-19.643100934347007,1.023391812865497,1.023391812865497,1.0194931773879143,0.018015900544173593,0.021220869488272946,-0.01947784364461617
d08_e010_static_rearm,pf2_preorder,0.08,10,False,True,200,250,pf2_preorder,3.3257962530994036,4.130598670253399,-5.912676497777791,1.0175438596491229,1.0175438596491229,1.01364522417154,0.01342220548649809,0.016645593792345183,-0.02407729314061924
d08_e010_static_rearm,pf2_preorder,0.08,10,False,True,200,500,pf2_preorder,6.56589645629627,8.191132167797248,-12.233462129278777,1.023391812865497,1.023391812865497,1.0194931773879143,0.013015900544173587,0.01622086948827298,-0.024477843644616134
d08_e010_static_rearm,pf2_preorder,0.08,10,False,True,200,1000,pf2_preorder,13.258064303001902,16.523029995009704,-24.683923896608214,1.023391812865497,1.023391812865497,1.0194931773879143,0.013015900544173587,0.01622086948827298,-0.024477843644616134
d08_e030_rolling_once,all_orders,0.08,30,True,False,100,250,all_orders,-1.1614799904093636,-0.44392482471735606,-8.605321981832356,0.9688109161793372,0.9688109161793372,0.9688109161793372,-0.005241050672977962,-0.0022316901620865444,-0.03772764009800353
d08_e030_rolling_once,all_orders,0.08,30,True,False,100,500,all_orders,-2.4835437461988437,-1.0324639021442623,-17.78798967836257,0.9727095516569201,0.9727095516569201,0.9727095516569201,-0.005403468810066536,-0.002406169864349031,-0.037759851463849504
d08_e030_rolling_once,all_orders,0.08,30,True,False,100,1000,all_orders,-5.100687688187164,-2.1925633217154297,-36.17441700904488,0.9727095516569201,0.9727095516569201,0.9727095516569201,-0.005403468810066536,-0.002406169864349031,-0.037759851463849504
d08_e030_rolling_once,all_orders,0.08,30,True,False,150,250,all_orders,-2.3285060511111175,-1.6109508854191104,-9.77234804253411,0.9688109161793372,0.9688109161793372,0.9688109161793372,-0.010241050672977987,-0.007231690162086541,-0.042727640098003596
d08_e030_rolling_once,all_orders,0.08,30,True,False,150,500,all_orders,-4.864404926900598,-3.4133250828460167,-20.16885085906434,0.9727095516569201,0.9727095516569201,0.9727095516569201,-0.010403468810066561,-0.00740616986434903,-0.042759851463849585
d08_e030_rolling_once,all_orders,0.08,30,True,False,150,1000,all_orders,-9.917307791929861,-7.009183425458127,-40.99103711278753,0.9727095516569201,0.9727095516569201,0.9727095516569201,-0.010403468810066561,-0.00740616986434903,-0.042759851463849585
d08_e030_rolling_once,all_orders,0.08,30,True,False,200,250,all_orders,-3.495532111812873,-2.777976946120866,-10.93937410323587,0.9688109161793372,0.9688109161793372,0.9688109161793372,-0.015241050672978002,-0.012231690162086558,-0.047727640098003565
d08_e030_rolling_once,all_orders,0.08,30,True,False,200,500,all_orders,-7.24526610760236,-5.794186263547778,-22.549712039766092,0.9727095516569201,0.9727095516569201,0.9727095516569201,-0.015403468810066573,-0.01240616986434905,-0.047759851463849534
d08_e030_rolling_once,all_orders,0.08,30,True,False,200,1000,all_orders,-14.733927895672556,-11.82580352920082,-45.8076572165302,0.9727095516569201,0.9727095516569201,0.9727095516569201,-0.015403468810066573,-0.01240616986434905,-0.047759851463849534
d08_e030_rolling_once,pf2_posthoc,0.08,30,True,False,100,250,all_orders,1.8008731241325489,2.069424469161789,-2.328668726939574,0.5185185185185185,0.5185185185185185,0.5185185185185185,0.0140296231654473,0.01613815536551269,-0.019817053024111565
d08_e030_rolling_once,pf2_posthoc,0.08,30,True,False,100,500,all_orders,3.585774249356717,4.129877641169585,-4.926657678908385,0.5185185185185185,0.5185185185185185,0.5185185185185185,0.0140296231654473,0.01613815536551269,-0.019817053024111565
d08_e030_rolling_once,pf2_posthoc,0.08,30,True,False,100,1000,all_orders,7.264685512280686,8.354521769590628,-10.041839613645237,0.5185185185185185,0.5185185185185185,0.5185185185185185,0.0140296231654473,0.01613815536551269,-0.019817053024111565
d08_e030_rolling_once,pf2_posthoc,0.08,30,True,False,150,250,all_orders,1.1729604082261167,1.4415117532553567,-2.9565814428460064,0.5185185185185185,0.5185185185185185,0.5185185185185185,0.009029623165447283,0.011138155365512659,-0.024817053024111604
d08_e030_rolling_once,pf2_posthoc,0.08,30,True,False,150,500,all_orders,2.3099611970370284,2.8540645888498952,-6.202470731228078,0.5185185185185185,0.5185185185185185,0.5185185185185185,0.009029623165447283,0.011138155365512659,-0.024817053024111604
d08_e030_rolling_once,pf2_posthoc,0.08,30,True,False,150,1000,all_orders,4.693483720272888,5.783319977582829,-12.613041405653036,0.5185185185185185,0.5185185185185185,0.5185185185185185,0.009029623165447283,0.011138155365512659,-0.024817053024111604
d08_e030_rolling_once,pf2_posthoc,0.08,30,True,False,200,250,all_orders,0.5450476923196833,0.8135990373489224,-3.584494158752443,0.5185185185185185,0.5185185185185185,0.5185185185185185,0.004029623165447254,0.006138155365512642,-0.029817053024111608
d08_e030_rolling_once,pf2_posthoc,0.08,30,True,False,200,500,all_orders,1.0341481447173386,1.578251536530205,-7.478283783547769,0.5185185185185185,0.5185185185185185,0.5185185185185185,0.004029623165447254,0.006138155365512642,-0.029817053024111608
d08_e030_rolling_once,pf2_posthoc,0.08,30,True,False,200,1000,all_orders,2.1222819282650875,3.212118185575029,-15.18424319766083,0.5185185185185185,0.5185185185185185,0.5185185185185185,0.004029623165447254,0.006138155365512642,-0.029817053024111608
d08_e030_rolling_once,pf2_preorder,0.08,30,True,False,100,250,pf2_preorder,1.6259575097075967,2.0736134941130553,-4.814016014658877,0.7719298245614035,0.7719298245614035,0.7719298245614035,0.008576622797404843,0.01093718494057569,-0.026642605204710713
d08_e030_rolling_once,pf2_preorder,0.08,30,True,False,100,500,pf2_preorder,3.2942636287719194,4.201622303235857,-9.940692354853809,0.7738791423001949,0.7738791423001949,0.7738791423001949,0.00874886435645201,0.011103480499262222,-0.026381650225003304
d08_e030_rolling_once,pf2_preorder,0.08,30,True,False,100,1000,pf2_preorder,6.742538183313817,8.558885005925907,-20.102084300116967,0.7738791423001949,0.7738791423001949,0.7738791423001949,0.00874886435645201,0.011103480499262222,-0.026381650225003304
d08_e030_rolling_once,pf2_preorder,0.08,30,True,False,150,250,pf2_preorder,0.6944737702144186,1.1421297546198772,-5.745499754152054,0.7719298245614035,0.7719298245614035,0.7719298245614035,0.0035766227974048225,0.005937184940575667,-0.03164260520471079
d08_e030_rolling_once,pf2_preorder,0.08,30,True,False,150,500,pf2_preorder,1.3956985566081734,2.303057231072111,-11.83925742701756,0.7738791423001949,0.7738791423001949,0.7738791423001949,0.0037488643564519905,0.006103480499262201,-0.03138165022500338
d08_e030_rolling_once,pf2_preorder,0.08,30,True,False,150,1000,pf2_preorder,2.9107084734112787,4.727055296023361,-23.93391401001951,0.7738791423001949,0.7738791423001949,0.7738791423001949,0.0037488643564519905,0.006103480499262201,-0.03138165022500338
d08_e030_rolling_once,pf2_preorder,0.08,30,True,False,200,250,pf2_preorder,-0.23700996927875959,0.21064601512669867,-6.676983493645227,0.7719298245614035,0.7719298245614035,0.7719298245614035,-0.001423377202595194,0.0009371849405756474,-0.03664260520471066
d08_e030_rolling_once,pf2_preorder,0.08,30,True,False,200,500,pf2_preorder,-0.5028665155555699,0.4044921589083669,-13.737822499181293,0.7738791423001949,0.7738791423001949,0.7738791423001949,-0.001251135643548027,0.0011034804992621837,-0.036381650225003254
d08_e030_rolling_once,pf2_preorder,0.08,30,True,False,200,1000,pf2_preorder,-0.9211212364912579,0.8952255861208278,-27.765743719922053,0.7738791423001949,0.7738791423001949,0.7738791423001949,-0.001251135643548027,0.0011034804992621837,-0.036381650225003254
d08_e030_rolling_rearm,all_orders,0.08,30,True,True,100,250,all_orders,3.9054101608576883,5.6857382388303925,-12.534711873450307,2.257309941520468,2.257309941520468,2.245614035087719,0.00700982111694993,0.010238776587401232,-0.023634496065269236
d08_e030_rolling_rearm,all_orders,0.08,30,True,True,100,500,all_orders,7.60782348202726,11.206387197426873,-26.062605084834328,2.270955165692008,2.270955165692008,2.259259259259259,0.006687269585764367,0.009896823607036993,-0.02386740256078865
d08_e030_rolling_rearm,all_orders,0.08,30,True,True,100,1000,all_orders,15.15225873060423,22.405563272514552,-53.09682434307997,2.270955165692008,2.270955165692008,2.259259259259259,0.006687269585764367,0.009896823607036993,-0.02386740256078865
d08_e030_rolling_rearm,all_orders,0.08,30,True,True,150,250,all_orders,1.1991231870954997,2.9794512650682057,-15.226785743898656,2.257309941520468,2.257309941520468,2.245614035087719,0.002009821116949922,0.005238776587401222,-0.028634496065269258
d08_e030_rolling_rearm,all_orders,0.08,30,True,True,150,500,all_orders,2.063763051111075,5.662326766510683,-31.578010474814825,2.270955165692008,2.270955165692008,2.259259259259259,0.0016872695857643592,0.004896823607036983,-0.028867402560788673
d08_e030_rolling_rearm,all_orders,0.08,30,True,True,150,1000,all_orders,3.926780525535989,11.18008506744632,-64.26452789317746,2.270955165692008,2.270955165692008,2.259259259259259,0.0016872695857643592,0.004896823607036983,-0.028867402560788673
d08_e030_rolling_rearm,all_orders,0.08,30,True,True,200,250,all_orders,-1.5071637866666867,0.27316429130602227,-17.918859614346992,2.257309941520468,2.257309941520468,2.245614035087719,-0.0029901788830500866,0.00023877658740121884,-0.03363449606526927
d08_e030_rolling_rearm,all_orders,0.08,30,True,True,200,500,all_orders,-3.4802973798051076,0.11826633559450045,-37.09341586479533,2.270955165692008,2.270955165692008,2.259259259259259,-0.0033127304142356495,-0.0001031763929630213,-0.03386740256078869
d08_e030_rolling_rearm,all_orders,0.08,30,True,True,200,1000,all_orders,-7.298697679532249,-0.045393137621914936,-75.43223144327489,2.270955165692008,2.270955165692008,2.259259259259259,-0.0033127304142356495,-0.0001031763929630213,-0.03386740256078869
d08_e030_rolling_rearm,pf2_posthoc,0.08,30,True,True,100,250,all_orders,4.740282550253402,5.982059517114999,-5.905408372943481,1.5419103313840157,1.5419103313840157,1.5321637426900585,0.01237307088863295,0.01568203587516624,-0.01669023666313854
d08_e030_rolling_rearm,pf2_posthoc,0.08,30,True,True,100,500,all_orders,9.267499493177361,11.779992175438565,-12.530329416764145,1.5497076023391814,1.5497076023391814,1.5399610136452242,0.011918198134478189,0.015210514240576086,-0.01700083237117139
d08_e030_rolling_rearm,pf2_posthoc,0.08,30,True,True,100,1000,all_orders,18.461015662845956,23.533772602417095,-25.654527621364558,1.5497076023391814,1.5497076023391814,1.5399610136452242,0.011918198134478189,0.015210514240576086,-0.01700083237117139
d08_e030_rolling_rearm,pf2_posthoc,0.08,30,True,True,150,250,all_orders,2.8859339388303953,4.127710905691993,-7.747880734853813,1.5419103313840157,1.5419103313840157,1.5321637426900585,0.007373070888632939,0.010682035875166213,-0.02169023666313856
d08_e030_rolling_rearm,pf2_posthoc,0.08,30,True,True,150,500,all_orders,5.471640584405433,7.98413326666664,-16.302344454191054,1.5497076023391814,1.5497076023391814,1.5399610136452242,0.006918198134478177,0.010210514240576063,-0.022000832371171414
d08_e030_rolling_rearm,pf2_posthoc,0.08,30,True,True,150,1000,all_orders,10.794224672436597,15.866981612007738,-33.27316629598445,1.5497076023391814,1.5497076023391814,1.5399610136452242,0.006918198134478177,0.010210514240576063,-0.022000832371171414
d08_e030_rolling_rearm,pf2_posthoc,0.08,30,True,True,200,250,all_orders,1.0315853274073934,2.273362294268993,-9.590353096764137,1.5419103313840157,1.5419103313840157,1.5321637426900585,0.002373070888632937,0.005682035875166215,-0.02669023666313855
d08_e030_rolling_rearm,pf2_posthoc,0.08,30,True,True,200,500,all_orders,1.6757816756335007,4.1882743578947075,-20.074359491617965,1.5497076023391814,1.5497076023391814,1.5399610136452242,0.001918198134478174,0.005210514240576066,-0.027000832371171398
d08_e030_rolling_rearm,pf2_posthoc,0.08,30,True,True,200,1000,all_orders,3.127433682027235,8.200190621598374,-40.89180497060432,1.5497076023391814,1.5497076023391814,1.5399610136452242,0.001918198134478174,0.005210514240576066,-0.027000832371171398
d08_e030_rolling_rearm,pf2_preorder,0.08,30,True,True,100,250,pf2_preorder,5.69166446838205,7.202093365068212,-7.656747445068234,1.8674463937621832,1.8674463937621832,1.8557504873294346,0.01251832538413039,0.015835925456745437,-0.017544781908022243
d08_e030_rolling_rearm,pf2_preorder,0.08,30,True,True,100,500,pf2_preorder,11.29690259649119,14.35174514230015,-16.07790342846006,1.8771929824561404,1.8771929824561404,1.8654970760233918,0.01220911805164853,0.015509492786399537,-0.01781241768594348
d08_e030_rolling_rearm,pf2_preorder,0.08,30,True,True,100,1000,pf2_preorder,22.759085487407344,28.920612485458022,-32.67993304046788,1.8771929824561404,1.8771929824561404,1.8654970760233918,0.01220911805164853,0.015509492786399537,-0.01781241768594348
d08_e030_rolling_rearm,pf2_preorder,0.08,30,True,True,150,250,pf2_preorder,3.451049194191018,4.961478090877177,-9.88314961594543,1.8674463937621832,1.8674463937621832,1.8557504873294346,0.007518325384130371,0.010835925456745409,-0.022544781908022244
d08_e030_rolling_rearm,pf2_preorder,0.08,30,True,True,150,500,pf2_preorder,6.708442705263122,9.76328525107209,-20.63770827875247,1.8771929824561404,1.8771929824561404,1.8654970760233918,0.007209118051648516,0.010509492786399512,-0.022812417685943488
d08_e030_rolling_rearm,pf2_preorder,0.08,30,True,True,150,1000,pf2_preorder,13.479193307914175,19.640720305964855,-41.90205056499032,1.8771929824561404,1.8771929824561404,1.8654970760233918,0.007209118051648516,0.010509492786399512,-0.022812417685943488
d08_e030_rolling_rearm,pf2_preorder,0.08,30,True,True,200,250,pf2_preorder,1.210433919999983,2.7208628166861435,-12.109551786822623,1.8674463937621832,1.8674463937621832,1.8557504873294346,0.00251832538413037,0.0058359254567454145,-0.027544781908022252
d08_e030_rolling_rearm,pf2_preorder,0.08,30,True,True,200,500,pf2_preorder,2.1199828140350547,5.174825359844021,-25.19751312904488,1.8771929824561404,1.8771929824561404,1.8654970760233918,0.002209118051648515,0.005509492786399518,-0.027812417685943492
d08_e030_rolling_rearm,pf2_preorder,0.08,30,True,True,200,1000,pf2_preorder,4.199301128420984,10.360828126471661,-51.12416808951273,1.8771929824561404,1.8771929824561404,1.8654970760233918,0.002209118051648515,0.005509492786399518,-0.027812417685943492
d08_e030_static_once,all_orders,0.08,30,False,False,100,250,all_orders,-0.09301748904484025,0.35819584428849327,-5.962999078908387,0.8167641325536062,0.8167641325536062,0.8167641325536062,-0.0008259578694682282,0.0014050268768221101,-0.030456016866263994
d08_e030_static_once,all_orders,0.08,30,False,False,100,500,all_orders,-0.2956140201169704,0.6118016523976494,-12.218438993216388,0.8187134502923976,0.8187134502923976,0.8187134502923976,-0.001147258528174656,0.0010784143496721322,-0.03070676976545424
d08_e030_static_once,all_orders,0.08,30,False,False,100,1000,all_orders,-0.8312987607017788,0.9878141437816526,-24.84555645972713,0.8187134502923976,0.8187134502923976,0.8187134502923976,-0.001147258528174656,0.0010784143496721322,-0.03070676976545424
d08_e030_static_once,all_orders,0.08,30,False,False,150,250,all_orders,-1.0789617251851913,-0.6277483918518583,-6.9489433150487345,0.8167641325536062,0.8167641325536062,0.8167641325536062,-0.005825957869468218,-0.0035949731231778867,-0.03545601686626406
d08_e030_static_once,all_orders,0.08,30,False,False,150,500,all_orders,-2.299965524522431,-1.3925498520078108,-14.22279049762184,0.8187134502923976,0.8187134502923976,0.8187134502923976,-0.006147258528174646,-0.003921585650327863,-0.03570676976545432
d08_e030_static_once,all_orders,0.08,30,False,False,150,1000,all_orders,-4.886646298557532,-3.067533394074098,-28.900903997582887,0.8187134502923976,0.8187134502923976,0.8187134502923976,-0.006147258528174646,-0.003921585650327863,-0.03570676976545432
d08_e030_static_once,all_orders,0.08,30,False,False,200,250,all_orders,-2.0649059613255427,-1.61369262799221,-7.93488755118909,0.8167641325536062,0.8167641325536062,0.8167641325536062,-0.010825957869468246,-0.008594973123177897,-0.04045601686626394
d08_e030_static_once,all_orders,0.08,30,False,False,200,500,all_orders,-4.304317028927892,-3.3969013564132715,-16.227142002027303,0.8187134502923976,0.8187134502923976,0.8187134502923976,-0.011147258528174676,-0.008921585650327878,-0.04070676976545418
d08_e030_static_once,all_orders,0.08,30,False,False,200,1000,all_orders,-8.941993836413284,-7.122880931929856,-32.956251535438625,0.8187134502923976,0.8187134502923976,0.8187134502923976,-0.011147258528174676,-0.008921585650327878,-0.04070676976545418
d08_e030_static_once,pf2_posthoc,0.08,30,False,False,100,250,all_orders,1.2598487362962922,1.4404185608576965,-2.5376275124366496,0.5126705653021443,0.5126705653021443,0.5126705653021443,0.010258229533670195,0.011679952132446858,-0.02014012052245707
d08_e030_static_once,pf2_posthoc,0.08,30,False,False,100,500,all_orders,2.5800021486939495,2.943636300740734,-5.119116547602342,0.5126705653021443,0.5126705653021443,0.5126705653021443,0.010258229533670195,0.011679952132446858,-0.02014012052245707
d08_e030_static_once,pf2_posthoc,0.08,30,False,False,100,1000,all_orders,5.2078568322806875,5.935125136374252,-10.278138254658874,0.5126705653021443,0.5126705653021443,0.5126705653021443,0.010258229533670195,0.011679952132446858,-0.02014012052245707
d08_e030_static_once,pf2_posthoc,0.08,30,False,False,150,250,all_orders,0.6383559364132512,0.8189257609746547,-3.159120312319691,0.5126705653021443,0.5126705653021443,0.5126705653021443,0.005258229533670187,0.006679952132446848,-0.025140120522457104
d08_e030_static_once,pf2_posthoc,0.08,30,False,False,150,500,all_orders,1.3198165454580808,1.6834506975048649,-6.379302150838216,0.5126705653021443,0.5126705653021443,0.5126705653021443,0.005258229533670187,0.006679952132446848,-0.025140120522457104
d08_e030_static_once,pf2_posthoc,0.08,30,False,False,150,1000,all_orders,2.6657611260038823,3.3930294300974495,-12.820233960935692,0.5126705653021443,0.5126705653021443,0.5126705653021443,0.005258229533670187,0.006679952132446848,-0.025140120522457104
d08_e030_static_once,pf2_posthoc,0.08,30,False,False,200,250,all_orders,0.016863136530209853,0.19743296109161332,-3.7806131122027318,0.5126705653021443,0.5126705653021443,0.5126705653021443,0.0002582295336701633,0.0016799521324468198,-0.030140120522457105
d08_e030_static_once,pf2_posthoc,0.08,30,False,False,200,500,all_orders,0.059630942222213074,0.423265094268997,-7.63948775407408,0.5126705653021443,0.5126705653021443,0.5126705653021443,0.0002582295336701633,0.0016799521324468198,-0.030140120522457105
d08_e030_static_once,pf2_posthoc,0.08,30,False,False,200,1000,all_orders,0.12366541972707551,0.8509337238206428,-15.36232966721249,0.5126705653021443,0.5126705653021443,0.5126705653021443,0.0002582295336701633,0.0016799521324468198,-0.030140120522457105
d08_e030_static_once,pf2_preorder,0.08,30,False,False,100,250,pf2_preorder,2.3101096919298203,2.6702099648343016,-2.909222814113065,0.6432748538011696,0.6432748538011696,0.6432748538011696,0.014971723355647858,0.017237863013091836,-0.018414492377395817
d08_e030_static_once,pf2_preorder,0.08,30,False,False,100,500,pf2_preorder,4.700955046315779,5.425279568732932,-5.894850550565308,0.6432748538011696,0.6432748538011696,0.6432748538011696,0.014971723355647858,0.017237863013091836,-0.018414492377395817
d08_e030_static_once,pf2_preorder,0.08,30,False,False,100,1000,pf2_preorder,9.536815206315767,10.987093724834285,-11.788745026822626,0.6432748538011696,0.6432748538011696,0.6432748538011696,0.014971723355647858,0.017237863013091836,-0.018414492377395817
d08_e030_static_once,pf2_preorder,0.08,30,False,False,150,250,pf2_preorder,1.5317583016374214,1.891858574541905,-3.6875742044054616,0.6432748538011696,0.6432748538011696,0.6432748538011696,0.009971723355647827,0.012237863013091824,-0.02341449237739585
d08_e030_static_once,pf2_preorder,0.08,30,False,False,150,500,pf2_preorder,3.121141127758273,3.8454656501754263,-7.474664469122819,0.6432748538011696,0.6432748538011696,0.6432748538011696,0.009971723355647827,0.012237863013091824,-0.02341449237739585
d08_e030_static_once,pf2_preorder,0.08,30,False,False,150,1000,pf2_preorder,6.348404605185161,7.798683123703679,-14.977155627953241,0.6432748538011696,0.6432748538011696,0.6432748538011696,0.009971723355647827,0.012237863013091824,-0.02341449237739585
d08_e030_static_once,pf2_preorder,0.08,30,False,False,200,250,pf2_preorder,0.7534069113450226,1.1135071842495061,-4.46592559469786,0.6432748538011696,0.6432748538011696,0.6432748538011696,0.00497172335564782,0.007237863013091824,-0.028414492377395833
d08_e030_static_once,pf2_preorder,0.08,30,False,False,200,500,pf2_preorder,1.5413272092007668,2.2656517316179206,-9.054478387680325,0.6432748538011696,0.6432748538011696,0.6432748538011696,0.00497172335564782,0.007237863013091824,-0.028414492377395833
d08_e030_static_once,pf2_preorder,0.08,30,False,False,200,1000,pf2_preorder,3.159994004054557,4.61027252257307,-18.16556622908384,0.6432748538011696,0.6432748538011696,0.6432748538011696,0.00497172335564782,0.007237863013091824,-0.028414492377395833
d08_e030_static_rearm,all_orders,0.08,30,False,True,100,250,all_orders,1.9585003464327404,2.768243153450282,-6.938368025497085,1.2729044834307992,1.2729044834307992,1.2748538011695907,0.006215723326342546,0.00879245946057252,-0.022518105178445772
d08_e030_static_rearm,all_orders,0.08,30,False,True,100,500,all_orders,3.7955034459259096,5.419978065808947,-14.224986146276821,1.2768031189083822,1.2768031189083822,1.2787524366471734,0.005821519232939715,0.008390387470576625,-0.02282410521528918
d08_e030_static_rearm,all_orders,0.08,30,False,True,100,1000,all_orders,7.432752724522382,10.700821457465842,-28.876412723430825,1.2768031189083822,1.2768031189083822,1.2787524366471734,0.005821519232939715,0.008390387470576625,-0.02282410521528918
d08_e030_static_rearm,all_orders,0.08,30,False,True,150,250,all_orders,0.4252653984015491,1.235008205419092,-8.47406509438597,1.2729044834307992,1.2729044834307992,1.2748538011695907,0.0012157233263425347,0.003792459460572514,-0.02751810517844579
d08_e030_static_rearm,all_orders,0.08,30,False,True,150,500,all_orders,0.6729311930604078,2.2974058129434467,-17.352481295828476,1.2768031189083822,1.2768031189083822,1.2787524366471734,0.0008215192329397047,0.0033903874705766145,-0.027824105215289188
d08_e030_static_rearm,all_orders,0.08,30,False,True,150,1000,all_orders,1.1097888513060001,4.377857584249468,-35.20918903329439,1.2768031189083822,1.2768031189083822,1.2787524366471734,0.0008215192329397047,0.0033903874705766145,-0.027824105215289188
d08_e030_static_rearm,all_orders,0.08,30,False,True,200,250,all_orders,-1.1079695496296418,-0.2982267426120976,-10.009762163274866,1.2729044834307992,1.2729044834307992,1.2748538011695907,-0.003784276673657469,-0.0012075405394274931,-0.03251810517844571
d08_e030_static_rearm,all_orders,0.08,30,False,True,200,500,all_orders,-2.4496410598050935,-0.8251664399220517,-20.479976445380128,1.2768031189083822,1.2768031189083822,1.2787524366471734,-0.004178480767060301,-0.0016096125294233917,-0.03282410521528911
d08_e030_static_rearm,all_orders,0.08,30,False,True,200,1000,all_orders,-5.213175021910378,-1.9451062889669093,-41.541965343157926,1.2768031189083822,1.2768031189083822,1.2787524366471734,-0.004178480767060301,-0.0016096125294233917,-0.03282410521528911
d08_e030_static_rearm,pf2_posthoc,0.08,30,False,True,100,250,all_orders,3.3050783612475563,3.8441776594931705,-2.968477527251467,0.9337231968810916,0.9337231968810916,0.935672514619883,0.014733721435669069,0.01707555678104441,-0.012797581213404218
d08_e030_static_rearm,pf2_posthoc,0.08,30,False,True,100,500,all_orders,6.655936137153981,7.736629236569188,-6.032410281559463,0.935672514619883,0.935672514619883,0.9376218323586745,0.014473859516011427,0.01681081603775057,-0.012999665244145581
d08_e030_static_rearm,pf2_posthoc,0.08,30,False,True,100,1000,all_orders,13.415471748304062,15.591695880857674,-12.11858753980509,0.935672514619883,0.935672514619883,0.9376218323586745,0.014473859516011427,0.01681081603775057,-0.012999665244145581
d08_e030_static_rearm,pf2_posthoc,0.08,30,False,True,150,250,all_orders,2.1782740190643204,2.7173733173099337,-4.097733050721254,0.9337231968810916,0.9337231968810916,0.935672514619883,0.00973372143566906,0.012075556781044376,-0.017797581213404252
d08_e030_static_rearm,pf2_posthoc,0.08,30,False,True,150,500,all_orders,4.362502725029225,5.443195824444429,-8.330744711228082,0.935672514619883,0.935672514619883,0.9376218323586745,0.009473859516011417,0.011810816037750535,-0.01799966524414561
d08_e030_static_rearm,pf2_posthoc,0.08,30,False,True,150,1000,all_orders,8.778776197894707,10.955000330448312,-16.765091491773912,0.935672514619883,0.935672514619883,0.9376218323586745,0.009473859516011417,0.011810816037750535,-0.01799966524414561
d08_e030_static_rearm,pf2_posthoc,0.08,30,False,True,200,250,all_orders,1.0514696768810825,1.590568975126697,-5.226988574191039,0.9337231968810916,0.9337231968810916,0.935672514619883,0.004733721435669049,0.007075556781044374,-0.022797581213404226
d08_e030_static_rearm,pf2_posthoc,0.08,30,False,True,200,500,all_orders,2.069069312904465,3.149762412319668,-10.629079140896705,0.935672514619883,0.935672514619883,0.9376218323586745,0.0044738595160114065,0.006810816037750533,-0.022999665244145588
d08_e030_static_rearm,pf2_posthoc,0.08,30,False,True,200,1000,all_orders,4.142080647485344,6.318304780038946,-21.411595443742716,0.935672514619883,0.935672514619883,0.9376218323586745,0.0044738595160114065,0.006810816037750533,-0.022999665244145588
d08_e030_static_rearm,pf2_preorder,0.08,30,False,True,100,250,pf2_preorder,3.611560232592585,4.2402805834697785,-3.614219297231973,1.0097465886939572,1.0097465886939572,1.01364522417154,0.014846374086673188,0.017372813569634417,-0.014513227481197004
d08_e030_static_rearm,pf2_preorder,0.08,30,False,True,100,500,pf2_preorder,7.299885115711485,8.561449794074058,-7.395159501832368,1.01364522417154,1.01364522417154,1.0175438596491229,0.01472572749737662,0.01724244990540338,-0.014729115101982127
d08_e030_static_rearm,pf2_preorder,0.08,30,False,True,100,1000,pf2_preorder,14.754970594307958,17.29456735844051,-14.878300506666683,1.01364522417154,1.01364522417154,1.0175438596491229,0.01472572749737662,0.01724244990540338,-0.014729115101982127
d08_e030_static_rearm,pf2_preorder,0.08,30,False,True,150,250,pf2_preorder,2.3934400619493097,3.022160412826501,-4.837189643313845,1.0097465886939572,1.0097465886939572,1.01364522417154,0.009846374086673172,0.012372813569634383,-0.01951322748119704
d08_e030_static_rearm,pf2_preorder,0.08,30,False,True,150,500,pf2_preorder,4.817380539844039,6.07894521820661,-9.88736308354778,1.01364522417154,1.01364522417154,1.0175438596491229,0.009725727497376603,0.012242449905403349,-0.019729115101982168
d08_e030_static_rearm,pf2_preorder,0.08,30,False,True,150,1000,pf2_preorder,9.734935344093532,12.274532108226088,-19.91783240405462,1.01364522417154,1.01364522417154,1.0175438596491229,0.009725727497376603,0.012242449905403349,-0.019729115101982168
d08_e030_static_rearm,pf2_preorder,0.08,30,False,True,200,250,pf2_preorder,1.1753198913060323,1.8040402421832258,-6.060159989395719,1.0097465886939572,1.0097465886939572,1.01364522417154,0.004846374086673167,0.007372813569634387,-0.024513227481196997
d08_e030_static_rearm,pf2_preorder,0.08,30,False,True,200,500,pf2_preorder,2.3348759639765877,3.5964406423391604,-12.379566665263178,1.01364522417154,1.01364522417154,1.0175438596491229,0.004725727497376598,0.007242449905403354,-0.024729115101982124
d08_e030_static_rearm,pf2_preorder,0.08,30,False,True,200,1000,pf2_preorder,4.7149000938791,7.254496858011651,-24.957364301442524,1.01364522417154,1.01364522417154,1.0175438596491229,0.004725727497376598,0.007242449905403354,-0.024729115101982124
d08_e060_rolling_rearm,all_orders,0.08,60,True,True,100,250,all_orders,3.845939517348916,5.62626759532162,-12.59418251695908,2.2729044834307994,2.2729044834307994,2.2612085769980506,0.006844618250983017,0.010051419653026422,-0.023589213310320677
d08_e060_rolling_rearm,all_orders,0.08,60,True,True,100,500,all_orders,7.481859380506794,11.080423095906406,-26.188569186354798,2.2865497076023393,2.2865497076023393,2.2748538011695905,0.006525252425092641,0.009712916904873211,-0.02382079480782851
d08_e060_rolling_rearm,all_orders,0.08,60,True,True,100,1000,all_orders,14.892301016997992,22.145605558908315,-53.35678205668621,2.2865497076023393,2.2865497076023393,2.2748538011695905,0.006525252425092641,0.009712916904873211,-0.02382079480782851
d08_e060_rolling_rearm,all_orders,0.08,60,True,True,150,250,all_orders,1.1216254206627505,2.901953498635457,-15.304283510331405,2.2729044834307994,2.2729044834307994,2.2612085769980506,0.0018446182509830082,0.005051419653026409,-0.0285892133103207
d08_e060_rolling_rearm,all_orders,0.08,60,True,True,150,500,all_orders,1.900207199025305,5.498770914424915,-31.741566326900593,2.2865497076023393,2.2865497076023393,2.2748538011695905,0.0015252524250926305,0.004712916904873199,-0.028820794807828534
d08_e060_rolling_rearm,all_orders,0.08,60,True,True,150,1000,all_orders,3.590119382027216,10.843423923937545,-64.6011890366862,2.2865497076023393,2.2865497076023393,2.2748538011695905,0.0015252524250926305,0.004712916904873199,-0.028820794807828534
d08_e060_rolling_rearm,all_orders,0.08,60,True,True,200,250,all_orders,-1.6026886760234125,0.1776394019492969,-18.01438450370372,2.2729044834307994,2.2729044834307994,2.2612085769980506,-0.003155381749017,5.141965302640545e-05,-0.0335892133103207
d08_e060_rolling_rearm,all_orders,0.08,60,True,True,200,500,all_orders,-3.681444982456179,-0.08288126705657212,-37.294563467446395,2.2865497076023393,2.2865497076023393,2.2748538011695905,-0.003474747574907378,-0.0002870830951268054,-0.033820794807828534
d08_e060_rolling_rearm,all_orders,0.08,60,True,True,200,1000,all_orders,-7.71206225294355,-0.4587577110332203,-75.8455960166862,2.2865497076023393,2.2865497076023393,2.2748538011695905,-0.003474747574907378,-0.0002870830951268054,-0.033820794807828534
d08_e060_rolling_rearm,pf2_posthoc,0.08,60,True,True,100,250,all_orders,4.748124962962954,5.9899019298245495,-5.897565960233931,1.5516569200779726,1.5516569200779726,1.5419103313840157,0.012310574788489383,0.015598754819077113,-0.016569415371046788
d08_e060_rolling_rearm,pf2_posthoc,0.08,60,True,True,100,500,all_orders,9.282597330448317,11.79509001270952,-12.515231579493193,1.5594541910331383,1.5594541910331383,1.5497076023391814,0.011858857469548807,0.015130596599983597,-0.016878665552825804
d08_e060_rolling_rearm,pf2_posthoc,0.08,60,True,True,100,1000,all_orders,18.486379898791373,23.55913683836252,-25.629163385419133,1.5594541910331383,1.5594541910331383,1.5497076023391814,0.011858857469548807,0.015130596599983597,-0.016878665552825804
d08_e060_rolling_rearm,pf2_posthoc,0.08,60,True,True,150,250,all_orders,2.8820897879142153,4.123866754775813,-7.7517248857699945,1.5516569200779726,1.5516569200779726,1.5419103313840157,0.007310574788489372,0.010598754819077084,-0.021569415371046802
d08_e060_rolling_rearm,pf2_posthoc,0.08,60,True,True,150,500,all_orders,5.462930759415181,7.975423441676386,-16.311054279181306,1.5594541910331383,1.5594541910331383,1.5497076023391814,0.006858857469548797,0.01013059659998357,-0.021878665552825815
d08_e060_rolling_rearm,pf2_posthoc,0.08,60,True,True,150,1000,all_orders,10.771271119921977,15.84402805949312,-33.29611984849907,1.5594541910331383,1.5594541910331383,1.5497076023391814,0.006858857469548797,0.01013059659998357,-0.021878665552825815
d08_e060_rolling_rearm,pf2_posthoc,0.08,60,True,True,200,250,all_orders,1.0160546128654828,2.2578315797270823,-9.60588381130605,1.5516569200779726,1.5516569200779726,1.5419103313840157,0.00231057478848937,0.0055987548190770875,-0.026569415371046796
d08_e060_rolling_rearm,pf2_posthoc,0.08,60,True,True,200,500,all_orders,1.6432641883820371,4.155756870643247,-20.10687697886943,1.5594541910331383,1.5594541910331383,1.5497076023391814,0.0018588574695487922,0.005130596599983571,-0.026878665552825812
d08_e060_rolling_rearm,pf2_posthoc,0.08,60,True,True,200,1000,all_orders,3.056162341052577,8.128919280623716,-40.96307631157899,1.5594541910331383,1.5594541910331383,1.5497076023391814,0.0018588574695487922,0.005130596599983571,-0.026878665552825812
d08_e060_rolling_rearm,pf2_preorder,0.08,60,True,True,100,250,pf2_preorder,5.6986452046783445,7.209074101364509,-7.649766708771938,1.8791423001949317,1.8791423001949317,1.8674463937621832,0.012449629652132147,0.015746580761639633,-0.01742562120018653
d08_e060_rolling_rearm,pf2_preorder,0.08,60,True,True,100,500,pf2_preorder,11.309415404522381,14.364257950331341,-16.065390620428868,1.8888888888888888,1.8888888888888888,1.8771929824561404,0.01214269138327762,0.015422630361157102,-0.01769220816073669
d08_e060_rolling_rearm,pf2_preorder,0.08,60,True,True,100,1000,pf2_preorder,22.778417988459974,28.93994498651065,-32.66060053941525,1.8888888888888888,1.8888888888888888,1.8771929824561404,0.01214269138327762,0.015422630361157102,-0.01769220816073669
d08_e060_rolling_rearm,pf2_preorder,0.08,60,True,True,150,250,pf2_preorder,3.4450099945418953,4.955438891228054,-9.889188815594553,1.8791423001949317,1.8791423001949317,1.8674463937621832,0.00744962965213213,0.010746580761639608,-0.022425621200186534
d08_e060_rolling_rearm,pf2_preorder,0.08,60,True,True,150,500,pf2_preorder,6.693147734074039,9.747990279883007,-20.653003249941545,1.8888888888888888,1.8888888888888888,1.8771929824561404,0.007142691383277605,0.010422630361157079,-0.02269220816073669
d08_e060_rolling_rearm,pf2_preorder,0.08,60,True,True,150,1000,pf2_preorder,13.440874414268949,19.602401412319633,-41.94036945863553,1.8888888888888888,1.8888888888888888,1.8771929824561404,0.007142691383277605,0.010422630361157079,-0.02269220816073669
d08_e060_rolling_rearm,pf2_preorder,0.08,60,True,True,200,250,pf2_preorder,1.1913747844054408,2.7018036810916017,-12.128610922417161,1.8791423001949317,1.8791423001949317,1.8674463937621832,0.002449629652132129,0.00574658076163961,-0.027425621200186538
d08_e060_rolling_rearm,pf2_preorder,0.08,60,True,True,200,500,pf2_preorder,2.076880063625697,5.1317226094346635,-25.24061587945424,1.8888888888888888,1.8888888888888888,1.8771929824561404,0.0021426913832776045,0.005422630361157083,-0.0276922081607367
d08_e060_rolling_rearm,pf2_preorder,0.08,60,True,True,200,1000,pf2_preorder,4.103330840077905,10.264857838128586,-51.22013837785581,1.8888888888888888,1.8888888888888888,1.8771929824561404,0.0021426913832776045,0.005422630361157083,-0.0276922081607367
d08_e060_static_rearm,all_orders,0.08,60,False,True,100,250,all_orders,1.183456731072115,2.0826395380896594,-6.653855227602347,1.243664717348928,1.243664717348928,1.2456140350877194,0.0034877746072121624,0.006418127612527689,-0.022344325358264236
d08_e060_static_rearm,all_orders,0.08,60,False,True,100,500,all_orders,2.1160902502144054,3.922485883742671,-13.74292448818715,1.2475633528265107,1.2475633528265107,1.2495126705653021,0.0030928561951174835,0.006014051847291403,-0.022658028297124832
d08_e060_static_rearm,all_orders,0.08,60,False,True,100,1000,all_orders,3.9692897118128294,7.60017115430795,-27.93911807532166,1.2475633528265107,1.2475633528265107,1.2495126705653021,0.0030928561951174835,0.006014051847291403,-0.022658028297124832
d08_e060_static_rearm,all_orders,0.08,60,False,True,150,250,all_orders,-0.31297768701755396,0.5862051199999891,-8.152751766549716,1.243664717348928,1.243664717348928,1.2456140350877194,-0.0015122253927878388,0.001418127612527679,-0.027344325358264275
d08_e060_static_rearm,all_orders,0.08,60,False,True,150,500,all_orders,-0.9373545342300406,0.8690410992982236,-16.801292169317765,1.2475633528265107,1.2475633528265107,1.2495126705653021,-0.0019071438048825142,0.0010140518472913922,-0.027658028297124864
d08_e060_static_rearm,all_orders,0.08,60,False,True,150,1000,all_orders,-2.210535886081919,1.420345556413212,-34.12875610986358,1.2475633528265107,1.2475633528265107,1.2495126705653021,-0.0019071438048825142,0.0010140518472913922,-0.027658028297124864
d08_e060_static_rearm,all_orders,0.08,60,False,True,200,250,all_orders,-1.809412105107224,-0.9102292980896808,-9.651648305497085,1.243664717348928,1.243664717348928,1.2456140350877194,-0.0065122253927878525,-0.0035818723874723258,-0.032344325358264196
d08_e060_static_rearm,all_orders,0.08,60,False,True,200,500,all_orders,-3.9907993186744886,-2.1844036851462265,-19.859659850448345,1.2475633528265107,1.2475633528265107,1.2495126705653021,-0.0069071438048825306,-0.0039859481527086136,-0.03265802829712479
d08_e060_static_rearm,all_orders,0.08,60,False,True,200,1000,all_orders,-8.390361483976656,-4.759480041481532,-40.31839414440551,1.2475633528265107,1.2475633528265107,1.2495126705653021,-0.0069071438048825306,-0.0039859481527086136,-0.03265802829712479
d08_e060_static_rearm,pf2_posthoc,0.08,60,False,True,100,250,all_orders,2.908172328421047,3.5367116266666603,-2.827158218947375,0.8830409356725146,0.8830409356725146,0.884990253411306,0.013425375018265203,0.016314327892821296,-0.013179678325391676
d08_e060_static_rearm,pf2_posthoc,0.08,60,False,True,100,500,all_orders,5.75791227204677,7.020526385107198,-5.836076018011706,0.884990253411306,0.884990253411306,0.8869395711500975,0.013153512958753605,0.016036102500986887,-0.013392470241160043
d08_e060_static_rearm,pf2_posthoc,0.08,60,False,True,100,1000,all_orders,11.575804170526284,14.11484101263155,-11.747211140974683,0.884990253411306,0.884990253411306,0.8869395711500975,0.013153512958753605,0.016036102500986887,-0.013392470241160043
d08_e060_static_rearm,pf2_posthoc,0.08,60,False,True,150,250,all_orders,1.842930461442487,2.4714697596881012,-3.894851267212481,0.8830409356725146,0.8830409356725146,0.884990253411306,0.008425375018265189,0.011314327892821283,-0.0181796783253917
d08_e060_static_rearm,pf2_posthoc,0.08,60,False,True,150,500,all_orders,3.586826315282635,4.849440428343065,-8.012062992319704,0.884990253411306,0.884990253411306,0.8869395711500975,0.008153512958753592,0.011036102500986876,-0.018392470241160072
d08_e060_static_rearm,pf2_posthoc,0.08,60,False,True,150,1000,all_orders,7.189715907251433,9.728752749356694,-16.143107805809006,0.884990253411306,0.884990253411306,0.8869395711500975,0.008153512958753592,0.011036102500986876,-0.018392470241160072
d08_e060_static_rearm,pf2_posthoc,0.08,60,False,True,200,250,all_orders,0.7776885944639294,1.4062278927095422,-4.96254431547759,0.8830409356725146,0.8830409356725146,0.884990253411306,0.0034253750182651776,0.006314327892821276,-0.023179678325391678
d08_e060_static_rearm,pf2_posthoc,0.08,60,False,True,200,500,all_orders,1.415740358518501,2.6783544715789294,-10.188049966627695,0.884990253411306,0.884990253411306,0.8869395711500975,0.0031535129587535807,0.006036102500986867,-0.023392470241160042
d08_e060_static_rearm,pf2_posthoc,0.08,60,False,True,200,1000,all_orders,2.803627643976575,5.3426644860818335,-20.539004470643306,0.884990253411306,0.884990253411306,0.8869395711500975,0.0031535129587535807,0.006036102500986867,-0.023392470241160042
d08_e060_static_rearm,pf2_preorder,0.08,60,False,True,100,250,pf2_preorder,3.2949279229629567,4.0130882738401485,-3.521628760857705,0.9727095516569201,0.9727095516569201,0.9746588693957114,0.013762357951696821,0.016759656897414342,-0.015001064629320047
d08_e060_static_rearm,pf2_preorder,0.08,60,False,True,100,500,pf2_preorder,6.612397546900567,8.055883238908365,-7.188772138869409,0.9727095516569201,0.9727095516569201,0.9746588693957114,0.013762357951696821,0.016759656897414342,-0.015001064629320047
d08_e060_static_rearm,pf2_preorder,0.08,60,False,True,100,1000,pf2_preorder,13.294267593528236,16.196677067212445,-14.479577308616008,0.9727095516569201,0.9727095516569201,0.9746588693957114,0.013762357951696821,0.016759656897414342,-0.015001064629320047
d08_e060_static_rearm,pf2_preorder,0.08,60,False,True,150,250,pf2_preorder,2.121401786978548,2.839562137855741,-4.6975867097076085,0.9727095516569201,0.9727095516569201,0.9746588693957114,0.008762357951696807,0.01175965689741432,-0.020001064629320085
d08_e060_static_rearm,pf2_preorder,0.08,60,False,True,150,500,pf2_preorder,4.225273486822594,5.66875917883039,-9.580758479649141,0.9727095516569201,0.9727095516569201,0.9746588693957114,0.008762357951696807,0.01175965689741432,-0.020001064629320085
d08_e060_static_rearm,pf2_preorder,0.08,60,False,True,150,1000,pf2_preorder,8.472654199649087,11.375063673333297,-19.311013899376256,0.9727095516569201,0.9727095516569201,0.9746588693957114,0.008762357951696807,0.01175965689741432,-0.020001064629320085
d08_e060_static_rearm,pf2_preorder,0.08,60,False,True,200,250,pf2_preorder,0.9478756509941426,1.6660360018713347,-5.873544658557511,0.9727095516569201,0.9727095516569201,0.9746588693957114,0.003762357951696801,0.006759656897414318,-0.025001064629320034
d08_e060_static_rearm,pf2_preorder,0.08,60,False,True,200,500,pf2_preorder,1.83814942674462,3.2816351187524155,-11.972744820428868,0.9727095516569201,0.9727095516569201,0.9746588693957114,0.003762357951696801,0.006759656897414318,-0.025001064629320034
d08_e060_static_rearm,pf2_preorder,0.08,60,False,True,200,1000,pf2_preorder,3.6510408057699406,6.553450279454151,-24.14245049013648,0.9727095516569201,0.9727095516569201,0.9746588693957114,0.003762357951696801,0.006759656897414318,-0.025001064629320034
d08_e120_rolling_once,all_orders,0.08,120,True,False,100,250,all_orders,-1.136623170994159,-0.4190680053021513,-8.58046516241715,0.9824561403508771,0.9824561403508771,0.9824561403508771,-0.005077353773814707,-0.0021097899366856725,-0.03711274056793713
d08_e120_rolling_once,all_orders,0.08,120,True,False,100,500,all_orders,-2.4368007857310094,-0.9857209416764278,-17.741246717894743,0.98635477582846,0.98635477582846,0.98635477582846,-0.005238172042995587,-0.0022823377071990764,-0.037146936754927806
d08_e120_rolling_once,all_orders,0.08,120,True,False,100,1000,all_orders,-5.009679371384043,-2.10155500491231,-36.08340869224176,0.98635477582846,0.98635477582846,0.98635477582846,-0.005238172042995587,-0.0022823377071990764,-0.037146936754927806
d08_e120_rolling_once,all_orders,0.08,120,True,False,150,250,all_orders,-2.3195623775438663,-1.602007211851859,-9.76340436896686,0.9824561403508771,0.9824561403508771,0.9824561403508771,-0.010077353773814732,-0.007109789936685671,-0.0421127405679372
d08_e120_rolling_once,all_orders,0.08,120,True,False,150,500,all_orders,-4.850673363391826,-3.3995935193372455,-20.15511929555557,0.98635477582846,0.98635477582846,0.98635477582846,-0.010238172042995614,-0.007282337707199078,-0.042146936754927866
d08_e120_rolling_once,all_orders,0.08,120,True,False,150,1000,all_orders,-9.89347150775832,-6.985347141286589,-40.967200828615994,0.98635477582846,0.98635477582846,0.98635477582846,-0.010238172042995614,-0.007282337707199078,-0.042146936754927866
d08_e120_rolling_once,all_orders,0.08,120,True,False,200,250,all_orders,-3.5025015840935745,-2.7849464184015673,-10.946343575516574,0.9824561403508771,0.9824561403508771,0.9824561403508771,-0.015077353773814745,-0.012109789936685687,-0.04711274056793718
d08_e120_rolling_once,all_orders,0.08,120,True,False,200,500,all_orders,-7.264545941052652,-5.813466096998068,-22.568991873216387,0.98635477582846,0.98635477582846,0.98635477582846,-0.015238172042995619,-0.012282337707199099,-0.04714693675492783
d08_e120_rolling_once,all_orders,0.08,120,True,False,200,1000,all_orders,-14.77726364413259,-11.869139277660855,-45.85099296499025,0.98635477582846,0.98635477582846,0.98635477582846,-0.015238172042995619,-0.012282337707199099,-0.04714693675492783
d08_e120_rolling_once,pf2_posthoc,0.08,120,True,False,100,250,all_orders,1.888885409122802,2.1574367541520427,-2.2406564419493207,0.5224171539961013,0.5224171539961013,0.5224171539961013,0.014616930081166836,0.016709726966306362,-0.018977158972649052
d08_e120_rolling_once,pf2_posthoc,0.08,120,True,False,100,500,all_orders,3.7652639673294255,4.309367359142293,-4.747167960935676,0.5224171539961013,0.5224171539961013,0.5224171539961013,0.014616930081166836,0.016709726966306362,-0.018977158972649052
d08_e120_rolling_once,pf2_posthoc,0.08,120,True,False,100,1000,all_orders,7.623664948226105,8.713501205536048,-9.682860177699819,0.5224171539961013,0.5224171539961013,0.5224171539961013,0.014616930081166836,0.016709726966306362,-0.018977158972649052
d08_e120_rolling_once,pf2_posthoc,0.08,120,True,False,150,250,all_orders,1.2561384653411265,1.5246898103703665,-2.8734033857309966,0.5224171539961013,0.5224171539961013,0.5224171539961013,0.009616930081166816,0.011709726966306332,-0.02397715897264909
d08_e120_rolling_once,pf2_posthoc,0.08,120,True,False,150,500,all_orders,2.4797003237036948,3.0238037155165616,-6.032731604561412,0.5224171539961013,0.5224171539961013,0.5224171539961013,0.009616930081166816,0.011709726966306332,-0.02397715897264909
d08_e120_rolling_once,pf2_posthoc,0.08,120,True,False,150,1000,all_orders,5.03296197360622,6.122798230916161,-12.273563152319703,0.5224171539961013,0.5224171539961013,0.5224171539961013,0.009616930081166816,0.011709726966306332,-0.02397715897264909
d08_e120_rolling_once,pf2_posthoc,0.08,120,True,False,200,250,all_orders,0.6233915215594493,0.8919428665886884,-3.5061503295126775,0.5224171539961013,0.5224171539961013,0.5224171539961013,0.0046169300811667886,0.0067097269663063145,-0.028977158972649096
d08_e120_rolling_once,pf2_posthoc,0.08,120,True,False,200,500,all_orders,1.1941366800779623,1.7382400718908284,-7.3182952481871455,0.5224171539961013,0.5224171539961013,0.5224171539961013,0.0046169300811667886,0.0067097269663063145,-0.028977158972649096
d08_e120_rolling_once,pf2_posthoc,0.08,120,True,False,200,1000,all_orders,2.442258998986335,3.5320952562962757,-14.864266126939583,0.5224171539961013,0.5224171539961013,0.5224171539961013,0.0046169300811667886,0.0067097269663063145,-0.028977158972649096
d08_e120_rolling_once,pf2_preorder,0.08,120,True,False,100,250,pf2_preorder,1.6981549019103261,2.1458108863157843,-4.7418186224561465,0.7797270955165692,0.7797270955165692,0.7797270955165692,0.008864676814317426,0.011201633336056562,-0.026002358907776975
d08_e120_rolling_once,pf2_preorder,0.08,120,True,False,100,500,pf2_preorder,3.4412618847563237,4.348620559220262,-9.793694098869404,0.7816764132553606,0.7816764132553606,0.7816764132553606,0.00903448191388055,0.011365610613869714,-0.02574560359444304
d08_e120_rolling_once,pf2_preorder,0.08,120,True,False,100,1000,pf2_preorder,7.0326823755945185,8.849029198206608,-19.81194010783626,0.7816764132553606,0.7816764132553606,0.7816764132553606,0.00903448191388055,0.011365610613869714,-0.02574560359444304
d08_e120_rolling_once,pf2_preorder,0.08,120,True,False,150,250,pf2_preorder,0.7582170125146134,1.2058729969200719,-5.68175651185186,0.7797270955165692,0.7797270955165692,0.7797270955165692,0.003864676814317401,0.006201633336056539,-0.03100235890777705
d08_e120_rolling_once,pf2_preorder,0.08,120,True,False,150,500,pf2_preorder,1.524373004912266,2.4317316793762047,-11.710582978713468,0.7816764132553606,0.7816764132553606,0.7816764132553606,0.004034481913880529,0.006365610613869689,-0.030745603594443116
d08_e120_rolling_once,pf2_preorder,0.08,120,True,False,150,1000,pf2_preorder,3.162414368070148,4.978761190682229,-23.68220811536064,0.7816764132553606,0.7816764132553606,0.7816764132553606,0.004034481913880529,0.006365610613869689,-0.030745603594443116
d08_e120_rolling_once,pf2_preorder,0.08,120,True,False,200,250,pf2_preorder,-0.1817208768810989,0.2659351075243592,-6.621694401247568,0.7797270955165692,0.7797270955165692,0.7797270955165692,-0.0011353231856826127,0.001201633336056521,-0.03600235890777692
d08_e120_rolling_once,pf2_preorder,0.08,120,True,False,200,500,pf2_preorder,-0.39251587493178863,0.5148427995321485,-13.627471858557513,0.7816764132553606,0.7816764132553606,0.7816764132553606,-0.0009655180861194886,0.0013656106138696723,-0.03574560359444299
d08_e120_rolling_once,pf2_preorder,0.08,120,True,False,200,1000,pf2_preorder,-0.7078536394542205,1.1084931831578646,-27.552476122885018,0.7816764132553606,0.7816764132553606,0.7816764132553606,-0.0009655180861194886,0.0013656106138696723,-0.03574560359444299
d08_e120_rolling_rearm,all_orders,0.08,120,True,True,100,250,all_orders,3.81266322884989,5.592991306822594,-12.627458805458105,2.280701754385965,2.280701754385965,2.2690058479532165,0.0067629956175557625,0.009958833596002439,-0.02356667306535905
d08_e120_rolling_rearm,all_orders,0.08,120,True,True,100,500,all_orders,7.522149704873264,11.120713420272876,-26.148278861988327,2.2923976608187133,2.2923976608187133,2.280701754385965,0.0065442186109929525,0.009723751293631228,-0.023723920981916093
d08_e120_rolling_rearm,all_orders,0.08,120,True,True,100,1000,all_orders,14.97360213356719,22.226906675477515,-53.275480940117006,2.2923976608187133,2.2923976608187133,2.280701754385965,0.0065442186109929525,0.009723751293631228,-0.023723920981916093
d08_e120_rolling_rearm,all_orders,0.08,120,True,True,150,250,all_orders,1.0787807734892616,2.859108851461968,-15.347128157504896,2.280701754385965,2.280701754385965,2.2690058479532165,0.0017629956175557546,0.004958833596002429,-0.02856667306535908
d08_e120_rolling_rearm,all_orders,0.08,120,True,True,150,500,all_orders,1.926154732358638,5.5247184477582465,-31.715618793567256,2.2923976608187133,2.2923976608187133,2.280701754385965,0.0015442186109929433,0.004723751293631216,-0.028723920981916118
d08_e120_rolling_rearm,all_orders,0.08,120,True,True,150,1000,all_orders,3.642403142650997,10.895707684561328,-64.54890527606243,2.2923976608187133,2.2923976608187133,2.280701754385965,0.0015442186109929433,0.004723751293631216,-0.028723920981916118
d08_e120_rolling_rearm,all_orders,0.08,120,True,True,200,250,all_orders,-1.6551016818713653,0.12522639610134342,-18.066797509551673,2.280701754385965,2.280701754385965,2.2690058479532165,-0.003237004382444253,-4.116640399757758e-05,-0.03356667306535908
d08_e120_rolling_rearm,all_orders,0.08,120,True,True,200,500,all_orders,-3.669840240155985,-0.07127652475637714,-37.28295872514621,2.2923976608187133,2.2923976608187133,2.280701754385965,-0.0034557813890070646,-0.0002762487063687898,-0.033723920981916115
d08_e120_rolling_rearm,all_orders,0.08,120,True,True,200,1000,all_orders,-7.688795848265188,-0.4354913063548586,-75.82232961200785,2.2923976608187133,2.2923976608187133,2.280701754385965,-0.0034557813890070646,-0.0002762487063687898,-0.033723920981916115
d08_e120_rolling_rearm,pf2_posthoc,0.08,120,True,True,100,250,all_orders,4.710691083820653,5.95246805068225,-5.93499983937623,1.5555555555555556,1.5555555555555556,1.5458089668615984,0.01218304850789121,0.015462987485770695,-0.016624908424764658
d08_e120_rolling_rearm,pf2_posthoc,0.08,120,True,True,100,500,all_orders,9.314572473528237,11.827065155789443,-12.48325643641327,1.5614035087719298,1.5614035087719298,1.5516569200779726,0.01188507010399336,0.015152724666225357,-0.016816185850297587
d08_e120_rolling_rearm,pf2_posthoc,0.08,120,True,True,100,1000,all_orders,18.550330184951218,23.623087124522364,-25.565213099259292,1.5614035087719298,1.5614035087719298,1.5516569200779726,0.01188507010399336,0.015152724666225357,-0.016816185850297587
d08_e120_rolling_rearm,pf2_posthoc,0.08,120,True,True,150,250,all_orders,2.8398259087719158,4.0816028756335125,-7.793988764912294,1.5555555555555556,1.5555555555555556,1.5458089668615984,0.007183048507891198,0.010462987485770668,-0.021624908424764673
d08_e120_rolling_rearm,pf2_posthoc,0.08,120,True,True,150,500,all_orders,5.490039828810891,8.002532511072097,-16.283945209785596,1.5614035087719298,1.5614035087719298,1.5516569200779726,0.006885070103993348,0.010152724666225332,-0.0218161858502976
d08_e120_rolling_rearm,pf2_posthoc,0.08,120,True,True,150,1000,all_orders,10.8254892587134,15.898246198284545,-33.24190170970764,1.5614035087719298,1.5614035087719298,1.5516569200779726,0.006885070103993348,0.010152724666225332,-0.0218161858502976
d08_e120_rolling_rearm,pf2_posthoc,0.08,120,True,True,200,250,all_orders,0.9689607337231825,2.2107377005847817,-9.65297769044835,1.5555555555555556,1.5555555555555556,1.5458089668615984,0.0021830485078911947,0.005462987485770672,-0.026624908424764664
d08_e120_rolling_rearm,pf2_posthoc,0.08,120,True,True,200,500,all_orders,1.6655071840935383,4.177999866354749,-20.084633983157925,1.5614035087719298,1.5614035087719298,1.5516569200779726,0.0018850701039933439,0.005152724666225334,-0.026816185850297596
d08_e120_rolling_rearm,pf2_posthoc,0.08,120,True,True,200,1000,all_orders,3.1006483324755787,8.173405272046717,-40.918590320155985,1.5614035087719298,1.5614035087719298,1.5516569200779726,0.0018850701039933439,0.005152724666225334,-0.026816185850297596
d08_e120_rolling_rearm,pf2_preorder,0.08,120,True,True,100,250,pf2_preorder,5.661211325536046,7.171640222222208,-7.687200587914239,1.8830409356725146,1.8830409356725146,1.871345029239766,0.012343993956847849,0.015634119080621366,-0.017469677012624026
d08_e120_rolling_rearm,pf2_preorder,0.08,120,True,True,100,500,pf2_preorder,11.341390547602302,14.396233093411263,-16.03341547734895,1.8908382066276803,1.8908382066276803,1.8791423001949317,0.01216404446191304,0.015440602059402954,-0.017639773113205186
d08_e120_rolling_rearm,pf2_preorder,0.08,120,True,True,100,1000,pf2_preorder,22.84236827461982,29.003895272670494,-32.596650253255405,1.8908382066276803,1.8908382066276803,1.8791423001949317,0.01216404446191304,0.015440602059402954,-0.017639773113205186
d08_e120_rolling_rearm,pf2_preorder,0.08,120,True,True,150,250,pf2_preorder,3.4027461153995953,4.913175012085753,-9.931452694736855,1.8830409356725146,1.8830409356725146,1.871345029239766,0.0073439939568478345,0.010634119080621342,-0.02246967701262403
d08_e120_rolling_rearm,pf2_preorder,0.08,120,True,True,150,500,pf2_preorder,6.7202568034697485,9.775099349278719,-20.62589418054583,1.8908382066276803,1.8908382066276803,1.8791423001949317,0.007164044461913025,0.010440602059402932,-0.022639773113205187
d08_e120_rolling_rearm,pf2_preorder,0.08,120,True,True,150,1000,pf2_preorder,13.49509255306037,19.656619551111053,-41.88615131984411,1.8908382066276803,1.8908382066276803,1.8791423001949317,0.007164044461913025,0.010440602059402932,-0.022639773113205187
d08_e120_rolling_rearm,pf2_preorder,0.08,120,True,True,200,250,pf2_preorder,1.1442809052631406,2.654709801949301,-12.17570480155946,1.8830409356725146,1.8830409356725146,1.871345029239766,0.0023439939568478335,0.0056341190806213455,-0.027469677012624028
d08_e120_rolling_rearm,pf2_preorder,0.08,120,True,True,200,500,pf2_preorder,2.099123059337198,5.153965605146165,-25.218372883742735,1.8908382066276803,1.8908382066276803,1.8791423001949317,0.002164044461913024,0.005440602059402936,-0.027639773113205195
d08_e120_rolling_rearm,pf2_preorder,0.08,120,True,True,200,1000,pf2_preorder,4.147816831500905,10.30934382955159,-51.17565238643281,1.8908382066276803,1.8908382066276803,1.8791423001949317,0.002164044461913024,0.005440602059402936,-0.027639773113205195
d08_e120_static_once,all_orders,0.08,120,False,False,100,250,all_orders,-0.7267681053411368,-0.18475687727096096,-5.940884042183241,0.8245614035087719,0.8245614035087719,0.8245614035087719,-0.0045630624370061185,-0.0019111968804227226,-0.030577526682936493
d08_e120_static_once,all_orders,0.08,120,False,False,100,500,all_orders,-1.6626016444444562,-0.5735901824561532,-12.248348722807025,0.8265107212475633,0.8265107212475633,0.8265107212475633,-0.004872518031556029,-0.002226906874870235,-0.030825627408981853
d08_e120_static_once,all_orders,0.08,120,False,False,100,1000,all_orders,-3.8019460146588933,-1.619641531228095,-25.117253382300238,0.8265107212475633,0.8265107212475633,0.8265107212475633,-0.004872518031556029,-0.002226906874870235,-0.030825627408981853
d08_e120_static_once,all_orders,0.08,120,False,False,150,250,all_orders,-1.7222449923196947,-1.1802337642495202,-6.936360929161798,0.8245614035087719,0.8245614035087719,0.8245614035087719,-0.009563062437006128,-0.006911196880422708,-0.03557752668293656
d08_e120_static_once,all_orders,0.08,120,False,False,150,500,all_orders,-3.6899096900584905,-2.6008982280701907,-14.275656768421062,0.8265107212475633,0.8265107212475633,0.8265107212475633,-0.009872518031556045,-0.0072269068748702205,-0.035825627408981923
d08_e120_static_once,all_orders,0.08,120,False,False,150,1000,all_orders,-7.9006588052241895,-5.718354321793399,-29.21596617286553,0.8265107212475633,0.8265107212475633,0.8265107212475633,-0.009872518031556045,-0.0072269068748702205,-0.035825627408981923
d08_e120_static_once,all_orders,0.08,120,False,False,200,250,all_orders,-2.7177218792982547,-2.175710651228078,-7.931837816140355,0.8245614035087719,0.8245614035087719,0.8245614035087719,-0.014563062437006141,-0.011911196880422737,-0.040577526682936446
d08_e120_static_once,all_orders,0.08,120,False,False,200,500,all_orders,-5.717217735672531,-4.628206273684226,-16.30296481403509,0.8265107212475633,0.8265107212475633,0.8265107212475633,-0.014872518031556052,-0.01222690687487025,-0.040825627408981796
d08_e120_static_once,all_orders,0.08,120,False,False,200,1000,all_orders,-11.999371595789505,-9.817067112358709,-33.314678963430815,0.8265107212475633,0.8265107212475633,0.8265107212475633,-0.014872518031556052,-0.01222690687487025,-0.040825627408981796
d08_e120_static_once,pf2_posthoc,0.08,120,False,False,100,250,all_orders,0.8937805516569162,1.165148270955162,-2.5914839231968845,0.4951267056530214,0.4951267056530214,0.4951267056530214,0.006759838942330269,0.008967986836886937,-0.022128131897328675
d08_e120_static_once,pf2_posthoc,0.08,120,False,False,100,500,all_orders,1.7787357832358588,2.3239657247563272,-5.291012776608193,0.4951267056530214,0.4951267056530214,0.4951267056530214,0.006759838942330269,0.008967986836886937,-0.022128131897328675
d08_e120_static_once,pf2_posthoc,0.08,120,False,False,100,1000,all_orders,3.395076530604273,4.485536413645209,-10.832020310721257,0.4951267056530214,0.4951267056530214,0.4951267056530214,0.006759838942330269,0.008967986836886937,-0.022128131897328675
d08_e120_static_once,pf2_posthoc,0.08,120,False,False,150,250,all_orders,0.2928353187134463,0.5642030380116916,-3.192429156140353,0.4951267056530214,0.4951267056530214,0.4951267056530214,0.0017598389423302634,0.003967986836886923,-0.027128131897328732
d08_e120_static_once,pf2_posthoc,0.08,120,False,False,150,500,all_orders,0.5586962370370289,1.1039261785574965,-6.511052322807025,0.4951267056530214,0.4951267056530214,0.4951267056530214,0.0017598389423302634,0.003967986836886923,-0.027128131897328732
d08_e120_static_once,pf2_posthoc,0.08,120,False,False,150,1000,all_orders,0.9364353128654798,2.0268951959064148,-13.290661528460056,0.4951267056530214,0.4951267056530214,0.4951267056530214,0.0017598389423302634,0.003967986836886923,-0.027128131897328732
d08_e120_static_once,pf2_posthoc,0.08,120,False,False,200,250,all_orders,-0.30810991423002404,-0.036742194931778736,-3.793374389083825,0.4951267056530214,0.4951267056530214,0.4951267056530214,-0.00324016105766974,-0.0010320131631130847,-0.03212813189732872
d08_e120_static_once,pf2_posthoc,0.08,120,False,False,200,500,all_orders,-0.6613433091618017,-0.11611336764133448,-7.731091869005856,0.4951267056530214,0.4951267056530214,0.4951267056530214,-0.00324016105766974,-0.0010320131631130847,-0.03212813189732872
d08_e120_static_once,pf2_posthoc,0.08,120,False,False,200,1000,all_orders,-1.5222059048733134,-0.43174602183237687,-15.74930274619885,0.4951267056530214,0.4951267056530214,0.4951267056530214,-0.00324016105766974,-0.0010320131631130847,-0.03212813189732872
d08_e120_static_once,pf2_preorder,0.08,120,False,False,100,250,pf2_preorder,1.5796798014814766,1.9406685734113012,-3.2951287279532213,0.645224171539961,0.645224171539961,0.645224171539961,0.009719502071202618,0.011978795385270665,-0.02138450011774082
d08_e120_static_once,pf2_preorder,0.08,120,False,False,100,500,pf2_preorder,3.228565612319679,3.9546671327875145,-6.802226261364532,0.6471734892787524,0.6471734892787524,0.6471734892787524,0.009922023214780713,0.012174511428505182,-0.021651414274012685
d08_e120_static_once,pf2_preorder,0.08,120,False,False,100,1000,pf2_preorder,6.381480773567227,7.835313288187107,-13.815831974191044,0.6471734892787524,0.6471734892787524,0.6471734892787524,0.009922023214780713,0.012174511428505182,-0.021651414274012685
d08_e120_static_once,pf2_preorder,0.08,120,False,False,150,250,pf2_preorder,0.7989872577777724,1.1599760297075967,-4.075821271656925,0.645224171539961,0.645224171539961,0.645224171539961,0.00471950207120259,0.00697879538527064,-0.026384500117740867
d08_e120_static_once,pf2_preorder,0.08,120,False,False,150,500,pf2_preorder,1.639083249668605,2.365184770136441,-8.391708624015608,0.6471734892787524,0.6471734892787524,0.6471734892787524,0.0049220232147806865,0.0071745114285051564,-0.02665141427401273
d08_e120_static_once,pf2_preorder,0.08,120,False,False,150,1000,pf2_preorder,3.1740241100584567,4.62785662467834,-17.023288637699824,0.6471734892787524,0.6471734892787524,0.6471734892787524,0.0049220232147806865,0.0071745114285051564,-0.02665141427401273
d08_e120_static_once,pf2_preorder,0.08,120,False,False,200,250,pf2_preorder,0.018294714074067766,0.3792834860038924,-4.85651381536063,0.645224171539961,0.645224171539961,0.645224171539961,-0.00028049792879741923,0.001978795385270621,-0.0313845001177408
d08_e120_static_once,pf2_preorder,0.08,120,False,False,200,500,pf2_preorder,0.049600887017531375,0.7757024074853673,-9.981190986666679,0.6471734892787524,0.6471734892787524,0.6471734892787524,-7.797678521932248e-05,0.0021745114285051386,-0.03165141427401267
d08_e120_static_once,pf2_preorder,0.08,120,False,False,200,1000,pf2_preorder,-0.03343255345031711,1.4203999611695646,-20.23074530120861,0.6471734892787524,0.6471734892787524,0.6471734892787524,-7.797678521932248e-05,0.0021745114285051386,-0.03165141427401267
d08_e120_static_rearm,all_orders,0.08,120,False,True,100,250,all_orders,0.32962942830408476,1.138902839610127,-7.448648565458098,1.2456140350877194,1.2456140350877194,1.2456140350877194,0.000522311613098229,0.0031555020601282363,-0.025102324055022877
d08_e120_static_rearm,all_orders,0.08,120,False,True,100,500,all_orders,0.4776891282650889,2.1042659703703506,-15.278588986354789,1.2475633528265107,1.2475633528265107,1.2475633528265107,0.00030935138475562577,0.0029384274717121463,-0.025275245790134043
d08_e120_static_rearm,all_orders,0.08,120,False,True,100,1000,all_orders,0.5550278364911915,3.826271696140313,-31.14448802081874,1.2475633528265107,1.2475633528265107,1.2475633528265107,0.00030935138475562577,0.0029384274717121463,-0.025275245790134043
d08_e120_static_rearm,all_orders,0.08,120,False,True,150,250,all_orders,-1.1717826255750592,-0.36250921426901683,-8.950105094970775,1.2456140350877194,1.2456140350877194,1.2456140350877194,-0.0044776883869017655,-0.0018444979398717642,-0.030102324055022896
d08_e120_static_rearm,all_orders,0.08,120,False,True,150,500,all_orders,-2.5809376440546035,-0.9543608019493393,-18.337303364912305,1.2475633528265107,1.2475633528265107,1.2475633528265107,-0.00469064861524437,-0.002061572528287853,-0.030275245790134055
d08_e120_static_rearm,all_orders,0.08,120,False,True,150,1000,all_orders,-5.629537408616022,-2.3582935489669077,-37.32915548814817,1.2475633528265107,1.2475633528265107,1.2475633528265107,-0.00469064861524437,-0.002061572528287853,-0.030275245790134055
d08_e120_static_rearm,all_orders,0.08,120,False,True,200,250,all_orders,-2.6731946794542023,-1.8639212681481614,-10.451561624483444,1.2456140350877194,1.2456140350877194,1.2456140350877194,-0.009477688386901783,-0.006844497939871778,-0.035102324055022824
d08_e120_static_rearm,all_orders,0.08,120,False,True,200,500,all_orders,-5.6395644163742915,-4.0129875742690295,-21.396017743469805,1.2475633528265107,1.2475633528265107,1.2475633528265107,-0.00969064861524439,-0.007061572528287867,-0.03527524579013399
d08_e120_static_rearm,all_orders,0.08,120,False,True,200,1000,all_orders,-11.814102653723248,-8.542858794074128,-43.51382295547763,1.2475633528265107,1.2475633528265107,1.2475633528265107,-0.00969064861524439,-0.007061572528287867,-0.03527524579013399
d08_e120_static_rearm,pf2_posthoc,0.08,120,False,True,100,250,all_orders,2.1105668182456077,2.6491967207797207,-3.5657297642105323,0.8810916179337231,0.8810916179337231,0.8810916179337231,0.009534157494192199,0.012015881234092163,-0.016873335717310322
d08_e120_static_rearm,pf2_posthoc,0.08,120,False,True,100,500,all_orders,4.239025409746576,5.321820731384006,-7.252226256530221,0.8810916179337231,0.8810916179337231,0.8810916179337231,0.009534157494192199,0.012015881234092163,-0.016873335717310322
d08_e120_static_rearm,pf2_posthoc,0.08,120,False,True,100,1000,all_orders,8.39908695875241,10.578486218011667,-14.715036422923992,0.8810916179337231,0.8810916179337231,0.8810916179337231,0.009534157494192199,0.012015881234092163,-0.016873335717310322
d08_e120_static_rearm,pf2_posthoc,0.08,120,False,True,150,250,all_orders,1.046253455438589,1.5848833579727026,-4.6300766630799295,0.8810916179337231,0.8810916179337231,0.8810916179337231,0.004534157494192186,0.007015881234092151,-0.021873335717310354
d08_e120_static_rearm,pf2_posthoc,0.08,120,False,True,150,500,all_orders,2.0742727625730843,3.1570680842105103,-9.417044630799237,0.8810916179337231,0.8810916179337231,0.8810916179337231,0.004534157494192186,0.007015881234092151,-0.021873335717310354
d08_e120_static_rearm,pf2_posthoc,0.08,120,False,True,150,1000,all_orders,4.029123114931742,6.208522374191003,-19.085098453879166,0.8810916179337231,0.8810916179337231,0.8810916179337231,0.004534157494192186,0.007015881234092151,-0.021873335717310354
d08_e120_static_rearm,pf2_posthoc,0.08,120,False,True,200,250,all_orders,-0.018059907368429315,0.5205699951656839,-5.694423561949323,0.8810916179337231,0.8810916179337231,0.8810916179337231,-0.0004658425058078192,0.0020158812340921395,-0.026873335717310296
d08_e120_static_rearm,pf2_posthoc,0.08,120,False,True,200,500,all_orders,-0.09047988460040639,0.9923154370370192,-11.58186300506824,0.8810916179337231,0.8810916179337231,0.8810916179337231,-0.0004658425058078192,0.0020158812340921395,-0.026873335717310296
d08_e120_static_rearm,pf2_posthoc,0.08,120,False,True,200,1000,all_orders,-0.340840728888924,1.8385585303703356,-23.455160484834323,0.8810916179337231,0.8810916179337231,0.8810916179337231,-0.0004658425058078192,0.0020158812340921395,-0.026873335717310296
d08_e120_static_rearm,pf2_preorder,0.08,120,False,True,100,250,pf2_preorder,2.4623256798440476,3.0905766350097377,-4.264319846081877,0.9844054580896686,0.9844054580896686,0.9844054580896686,0.009948727872786386,0.012540204411744624,-0.01811872168221931
d08_e120_static_rearm,pf2_preorder,0.08,120,False,True,100,500,pf2_preorder,4.97251276647172,6.236179667056516,-8.791202088888902,0.98635477582846,0.98635477582846,0.98635477582846,0.010081154342877974,0.01266750938669993,-0.018300305236207015
d08_e120_static_rearm,pf2_preorder,0.08,120,False,True,100,1000,pf2_preorder,9.88797220631576,12.430744097153966,-17.807544352748568,0.98635477582846,0.98635477582846,0.98635477582846,0.010081154342877974,0.01266750938669993,-0.018300305236207015
d08_e120_static_rearm,pf2_preorder,0.08,120,False,True,150,250,pf2_preorder,1.2736166601169503,1.9018676152826428,-5.453043033450301,0.9844054580896686,0.9844054580896686,0.9844054580896686,0.004948727872786369,0.007540204411744613,-0.023118721682219363
d08_e120_static_rearm,pf2_preorder,0.08,120,False,True,150,500,pf2_preorder,2.551476858089652,3.8151437586744468,-11.212264987524378,0.98635477582846,0.98635477582846,0.98635477582846,0.0050811543428779605,0.0076675093866999215,-0.02330030523620707
d08_e120_static_rearm,pf2_preorder,0.08,120,False,True,150,1000,pf2_preorder,5.000213442417118,7.542985333255325,-22.695416099103344,0.98635477582846,0.98635477582846,0.98635477582846,0.0050811543428779605,0.0076675093866999215,-0.02330030523620707
d08_e120_static_rearm,pf2_preorder,0.08,120,False,True,200,250,pf2_preorder,0.0849076403898539,0.7131585955555458,-6.641766220818719,0.9844054580896686,0.9844054580896686,0.9844054580896686,-5.127212721363801e-05,0.0025402044117446036,-0.028118721682219277
d08_e120_static_rearm,pf2_preorder,0.08,120,False,True,200,500,pf2_preorder,0.13044094970758302,1.3941078502923776,-13.63332788615986,0.98635477582846,0.98635477582846,0.98635477582846,8.115434287795105e-05,0.002667509386699911,-0.02830030523620699
d08_e120_static_rearm,pf2_preorder,0.08,120,False,True,200,1000,pf2_preorder,0.11245467851848086,2.6552265693566848,-27.583287845458113,0.98635477582846,0.98635477582846,0.98635477582846,8.115434287795105e-05,0.002667509386699911,-0.02830030523620699
d09_e120_rolling_rearm,all_orders,0.09,120,True,True,100,250,all_orders,1.7711121892007686,3.009342715516561,-11.792136003001964,2.0799220272904484,2.0799220272904484,2.0721247563352825,0.0033213399857758346,0.005744689831806095,-0.023805299151699124
d09_e120_rolling_rearm,all_orders,0.09,120,True,True,100,500,all_orders,3.3623653511500757,5.851969191306019,-24.271983375945446,2.0896686159844053,2.0896686159844053,2.08187134502924,0.0030714429256778284,0.0054834898339933946,-0.02403200983775352
d09_e120_rolling_rearm,all_orders,0.09,120,True,True,100,1000,all_orders,6.553179513430757,11.569860897446347,-49.25843383744647,2.0896686159844053,2.0896686159844053,2.08187134502924,0.0030714429256778284,0.0054834898339933946,-0.02403200983775352
d09_e120_rolling_rearm,all_orders,0.09,120,True,True,150,250,all_orders,-0.7238368188304222,0.5143937074853676,-14.27771564748539,2.0799220272904484,2.0799220272904484,2.0721247563352825,-0.001678660014224168,0.0007446898318060875,-0.028805299151699132
d09_e120_rolling_rearm,all_orders,0.09,120,True,True,150,500,all_orders,-1.7454642639181528,0.7441395762377928,-29.36064587210528,2.0896686159844053,2.0896686159844053,2.08187134502924,-0.0019285570743221756,0.00048348983399338686,-0.029032009837753527
d09_e120_rolling_rearm,all_orders,0.09,120,True,True,150,1000,all_orders,-3.7784060349220816,1.2382753490935174,-59.5514864735186,2.0896686159844053,2.0896686159844053,2.08187134502924,-0.0019285570743221756,0.00048348983399338686,-0.029032009837753527
d09_e120_rolling_rearm,all_orders,0.09,120,True,True,200,250,all_orders,-3.218785826861614,-1.980555300545824,-16.76329529196883,2.0799220272904484,2.0799220272904484,2.0721247563352825,-0.00667866001422417,-0.004255310168193911,-0.03380529915169915
d09_e120_rolling_rearm,all_orders,0.09,120,True,True,200,500,all_orders,-6.853293878986377,-4.363690038830434,-34.44930836826513,2.0896686159844053,2.0896686159844053,2.08187134502924,-0.006928557074322175,-0.004516510166006611,-0.03403200983775355
d09_e120_rolling_rearm,all_orders,0.09,120,True,True,200,1000,all_orders,-14.10999158327491,-9.093310199259315,-69.84453910959068,2.0896686159844053,2.0896686159844053,2.08187134502924,-0.006928557074322175,-0.004516510166006611,-0.03403200983775355
d09_e120_rolling_rearm,pf2_posthoc,0.09,120,True,True,100,250,all_orders,3.3239685311305975,4.277002332300189,-5.6723349066861655,1.4035087719298245,1.4035087719298245,1.3976608187134503,0.009540517887039739,0.012303033149554997,-0.016992255606594436
d09_e120_rolling_rearm,pf2_posthoc,0.09,120,True,True,100,500,all_orders,6.539166902651059,8.453127234035074,-11.733179241598446,1.4074074074074074,1.4074074074074074,1.4015594541910332,0.009140340154135052,0.011895203019801237,-0.017320298410725056
d09_e120_rolling_rearm,pf2_posthoc,0.09,120,True,True,100,1000,all_orders,12.909008970272874,16.76765023732941,-23.8715574468811,1.4074074074074074,1.4074074074074074,1.4015594541910332,0.009140340154135052,0.011895203019801237,-0.017320298410725056
d09_e120_rolling_rearm,pf2_posthoc,0.09,120,True,True,150,250,all_orders,1.6350557047855665,2.588089505955161,-7.354189822699811,1.4035087719298245,1.4035087719298245,1.3976608187134503,0.00454051788703974,0.007303033149554993,-0.021992255606594433
d09_e120_rolling_rearm,pf2_posthoc,0.09,120,True,True,150,500,all_orders,3.0874572962767886,5.001417627660799,-15.170480603333345,1.4074074074074074,1.4074074074074074,1.4015594541910332,0.004140340154135054,0.0068952030198012335,-0.02232029841072505
d09_e120_rolling_rearm,pf2_posthoc,0.09,120,True,True,150,1000,all_orders,5.94474617568223,9.803387442738757,-30.80694104556535,1.4074074074074074,1.4074074074074074,1.4015594541910332,0.004140340154135054,0.0068952030198012335,-0.02232029841072505
d09_e120_rolling_rearm,pf2_posthoc,0.09,120,True,True,200,250,all_orders,-0.05385712155946334,0.8991766796101284,-9.036044738713452,1.4035087719298245,1.4035087719298245,1.3976608187134503,-0.000459482112960273,0.0023030331495549924,-0.02699225560659445
d09_e120_rolling_rearm,pf2_posthoc,0.09,120,True,True,200,500,all_orders,-0.36425231009748427,1.5497080212865328,-18.607781965068224,1.4074074074074074,1.4074074074074074,1.4015594541910332,-0.0008596598458649581,0.0018952030198012332,-0.027320298410725075
d09_e120_rolling_rearm,pf2_posthoc,0.09,120,True,True,200,1000,all_orders,-1.0195166189084197,2.8391246481481116,-37.74232464424953,1.4074074074074074,1.4074074074074074,1.4015594541910332,-0.0008596598458649581,0.0018952030198012332,-0.027320298410725075
d09_e120_rolling_rearm,pf2_preorder,0.09,120,True,True,100,250,pf2_preorder,4.206522731910322,5.254057585711491,-7.019062731247566,1.7056530214424952,1.7056530214424952,1.6978557504873295,0.010097313937525098,0.01259778489513892,-0.017197384528201912
d09_e120_rolling_rearm,pf2_preorder,0.09,120,True,True,100,500,pf2_preorder,8.399102729161775,10.504690195048717,-14.488317284483445,1.7115009746588694,1.7115009746588694,1.7037037037037037,0.009856723811904843,0.012348651019094018,-0.017471096879306956
d09_e120_rolling_rearm,pf2_preorder,0.09,120,True,True,100,1000,pf2_preorder,16.814590985867408,21.05911155116957,-29.3177904351852,1.7115009746588694,1.7115009746588694,1.7037037037037037,0.009856723811904843,0.012348651019094018,-0.017471096879306956
d09_e120_rolling_rearm,pf2_preorder,0.09,120,True,True,150,250,pf2_preorder,2.159216694064315,3.206751547865487,-9.056999405545819,1.7056530214424952,1.7056530214424952,1.6978557504873295,0.005097313937525096,0.007597784895138906,-0.022197384528201917
d09_e120_rolling_rearm,pf2_preorder,0.09,120,True,True,150,500,pf2_preorder,4.210377293352805,6.31596475923974,-18.65787560138402,1.7115009746588694,1.7115009746588694,1.7037037037037037,0.004856723811904845,0.007348651019094007,-0.022471096879306957
d09_e120_rolling_rearm,pf2_preorder,0.09,120,True,True,150,1000,pf2_preorder,8.351735047027246,12.596255612329392,-37.7421134617447,1.7115009746588694,1.7115009746588694,1.7037037037037037,0.004856723811904845,0.007348651019094007,-0.022471096879306957
d09_e120_rolling_rearm,pf2_preorder,0.09,120,True,True,200,250,pf2_preorder,0.11191065621831145,1.1594455100194803,-11.09493607984407,1.7056530214424952,1.7056530214424952,1.6978557504873295,9.731393752508723e-05,0.0025977848951389045,-0.02719738452820194
d09_e120_rolling_rearm,pf2_preorder,0.09,120,True,True,200,500,pf2_preorder,0.021651857543835435,2.1272393234307736,-22.82743391828461,1.7115009746588694,1.7115009746588694,1.7037037037037037,-0.0001432761880951636,0.0023486510190940057,-0.027471096879306975
d09_e120_rolling_rearm,pf2_preorder,0.09,120,True,True,200,1000,pf2_preorder,-0.11112089181291548,4.1333996734892295,-46.16643648830409,1.7115009746588694,1.7115009746588694,1.7037037037037037,-0.0001432761880951636,0.0023486510190940057,-0.027471096879306975
d10_e010_rolling_rearm,all_orders,0.1,10,True,True,100,250,all_orders,3.6731574871344987,4.4832723019493095,-7.808724060623787,1.6042884990253412,1.6042884990253412,1.6003898635477583,0.009188875330207675,0.011240988196415318,-0.02041587121855994
d10_e010_rolling_rearm,all_orders,0.1,10,True,True,100,500,all_orders,7.245460867251452,8.877579385769971,-16.0598200294347,1.6101364522417154,1.6101364522417154,1.6062378167641325,0.008914490817801045,0.010959150489579355,-0.020583137441377384
d10_e010_rolling_rearm,all_orders,0.1,10,True,True,100,1000,all_orders,14.455966289473677,17.738577400584788,-32.56281305360625,1.6101364522417154,1.6101364522417154,1.6062378167641325,0.008914490817801045,0.010959150489579355,-0.020583137441377384
d10_e010_rolling_rearm,all_orders,0.1,10,True,True,150,250,all_orders,1.74736406695906,2.557478881773873,-9.729826866764137,1.6042884990253412,1.6042884990253412,1.6003898635477583,0.004188875330207666,0.0062409881964153,-0.025415871218559937
d10_e010_rolling_rearm,all_orders,0.1,10,True,True,150,500,all_orders,3.3073042540935607,4.9394227726120725,-19.988368221539954,1.6101364522417154,1.6101364522417154,1.6062378167641325,0.003914490817801039,0.005959150489579347,-0.025583137441377374
d10_e010_rolling_rearm,all_orders,0.1,10,True,True,150,1000,all_orders,6.4855520131578865,9.768163124268987,-40.51394847027291,1.6101364522417154,1.6101364522417154,1.6062378167641325,0.003914490817801039,0.005959150489579347,-0.025583137441377374
d10_e010_rolling_rearm,all_orders,0.1,10,True,True,200,250,all_orders,-0.17842935321637923,0.6316854615984355,-11.650929672904484,1.6042884990253412,1.6042884990253412,1.6003898635477583,-0.0008111246697923411,0.0012409881964153052,-0.03041587121855993
d10_e010_rolling_rearm,all_orders,0.1,10,True,True,200,500,all_orders,-0.6308523590643369,1.0012661594541832,-23.916916413645225,1.6101364522417154,1.6101364522417154,1.6062378167641325,-0.0010855091821989702,0.00095915048957935,-0.03058313744137737
d10_e010_rolling_rearm,all_orders,0.1,10,True,True,200,1000,all_orders,-1.4848622631579158,1.7977488479531996,-48.465083886939595,1.6101364522417154,1.6101364522417154,1.6062378167641325,-0.0010855091821989702,0.00095915048957935,-0.03058313744137737
d10_e010_rolling_rearm,pf2_posthoc,0.1,10,True,True,100,250,all_orders,4.882256962768027,5.385905110916178,-3.5068928111111144,1.1169590643274854,1.1169590643274854,1.1130604288499026,0.017871348055470176,0.019713504347888246,-0.0130778279205653
d10_e010_rolling_rearm,pf2_posthoc,0.1,10,True,True,100,500,all_orders,9.802258066081857,10.821443251267043,-7.1816854037037094,1.1189083820662769,1.1189083820662769,1.115009746588694,0.017578190400091644,0.019417137360989826,-0.01331790365170383
d10_e010_rolling_rearm,pf2_posthoc,0.1,10,True,True,100,1000,all_orders,19.63332934405455,21.684562677387884,-14.604045125731004,1.1189083820662769,1.1189083820662769,1.115009746588694,0.017578190400091644,0.019417137360989826,-0.01331790365170383
d10_e010_rolling_rearm,pf2_posthoc,0.1,10,True,True,150,250,all_orders,3.537059235575043,4.040707383723191,-4.8473999242690065,1.1169590643274854,1.1169590643274854,1.1130604288499026,0.012871348055470145,0.014713504347888224,-0.01807782792056531
d10_e010_rolling_rearm,pf2_posthoc,0.1,10,True,True,150,500,all_orders,7.05812870730993,8.077313892495116,-9.916206341423004,1.1189083820662769,1.1189083820662769,1.115009746588694,0.012578190400091617,0.014417137360989799,-0.01831790365170384
d10_e010_rolling_rearm,pf2_posthoc,0.1,10,True,True,150,1000,all_orders,14.088858339668594,16.14009167300193,-20.129237270467833,1.1189083820662769,1.1189083820662769,1.115009746588694,0.012578190400091617,0.014417137360989799,-0.01831790365170384
d10_e010_rolling_rearm,pf2_posthoc,0.1,10,True,True,200,250,all_orders,2.191861508382061,2.6955096565302115,-6.187907037426903,1.1169590643274854,1.1169590643274854,1.1130604288499026,0.007871348055470155,0.009713504347888228,-0.023077827920565272
d10_e010_rolling_rearm,pf2_posthoc,0.1,10,True,True,200,500,all_orders,4.313999348538004,5.333184533723189,-12.650727279142307,1.1189083820662769,1.1189083820662769,1.115009746588694,0.007578190400091624,0.009417137360989808,-0.023317903651703803
d10_e010_rolling_rearm,pf2_posthoc,0.1,10,True,True,200,1000,all_orders,8.54438733528263,10.595620668615965,-25.654429415204675,1.1189083820662769,1.1189083820662769,1.115009746588694,0.007578190400091624,0.009417137360989808,-0.023317903651703803
d10_e010_rolling_rearm,pf2_preorder,0.1,10,True,True,100,250,pf2_preorder,6.184014721052628,6.789618424756332,-3.4628453842105293,1.3021442495126705,1.3021442495126705,1.2982456140350878,0.01953925113925865,0.021435458724088995,-0.011047971784454245
d10_e010_rolling_rearm,pf2_preorder,0.1,10,True,True,100,500,pf2_preorder,12.45247504463937,13.675571340935663,-7.120037820857708,1.304093567251462,1.304093567251462,1.3001949317738792,0.0192852296186741,0.021178602812495728,-0.011256897083325836
d10_e010_rolling_rearm,pf2_preorder,0.1,10,True,True,100,1000,pf2_preorder,25.05456244346978,27.516373554580888,-14.406712806042894,1.304093567251462,1.304093567251462,1.3001949317738792,0.0192852296186741,0.021178602812495728,-0.011256897083325836
d10_e010_rolling_rearm,pf2_preorder,0.1,10,True,True,150,250,pf2_preorder,4.618172871052629,5.223776574756332,-5.023996620175439,1.3021442495126705,1.3021442495126705,1.2982456140350878,0.014539251139258648,0.016435458724088987,-0.01604797178445425
d10_e010_rolling_rearm,pf2_preorder,0.1,10,True,True,150,500,pf2_preorder,9.257018405165692,10.480114701461986,-10.305886039278755,1.304093567251462,1.304093567251462,1.3001949317738792,0.014285229618674096,0.01617860281249572,-0.016256897083325842
d10_e010_rolling_rearm,pf2_preorder,0.1,10,True,True,150,1000,pf2_preorder,18.59497231627679,21.056783427387895,-20.847024073586734,1.304093567251462,1.304093567251462,1.3001949317738792,0.014285229618674096,0.01617860281249572,-0.016256897083325842
d10_e010_rolling_rearm,pf2_preorder,0.1,10,True,True,200,250,pf2_preorder,3.0523310210526264,3.657934724756329,-6.585147856140354,1.3021442495126705,1.3021442495126705,1.2982456140350878,0.009539251139258633,0.011435458724088972,-0.021047971784454236
d10_e010_rolling_rearm,pf2_preorder,0.1,10,True,True,200,500,pf2_preorder,6.061561765692,7.284658061988296,-13.491734257699807,1.304093567251462,1.304093567251462,1.3001949317738792,0.009285229618674081,0.011178602812495707,-0.02125689708332583
d10_e010_rolling_rearm,pf2_preorder,0.1,10,True,True,200,1000,pf2_preorder,12.135382189083801,14.59719330019491,-27.287335341130596,1.304093567251462,1.304093567251462,1.3001949317738792,0.009285229618674081,0.011178602812495707,-0.02125689708332583
d10_e010_static_rearm,all_orders,0.1,10,False,True,100,250,all_orders,1.9969707629629623,2.6039115037037006,-4.307901778947369,0.8187134502923976,0.8187134502923976,0.8226120857699805,0.009701244225049145,0.012717117240922149,-0.021855503650313756
d10_e010_static_rearm,all_orders,0.1,10,False,True,100,500,all_orders,3.8703960935672517,5.094959056530205,-8.903878243664725,0.8206627680311891,0.8206627680311891,0.8245614035087719,0.009401847087106103,0.012410556509117172,-0.022078882958112004
d10_e010_static_rearm,all_orders,0.1,10,False,True,100,1000,all_orders,7.745118450292393,10.20930363547758,-18.00928830604289,0.8206627680311891,0.8206627680311891,0.8245614035087719,0.009401847087106103,0.012410556509117172,-0.022078882958112004
d10_e010_static_rearm,all_orders,0.1,10,False,True,150,250,all_orders,1.0111003296296284,1.618041070370368,-5.298623791228072,0.8187134502923976,0.8187134502923976,0.8226120857699805,0.004701244225049141,0.007717117240922156,-0.026855503650313788
d10_e010_static_rearm,all_orders,0.1,10,False,True,150,500,all_orders,1.855770637426897,3.080333600389859,-10.928167998050686,0.8206627680311891,0.8206627680311891,0.8245614035087719,0.004401847087106095,0.00741055650911718,-0.027078882958112033
d10_e010_static_rearm,all_orders,0.1,10,False,True,150,1000,all_orders,3.677243616959056,6.141428802144239,-22.096616735867453,0.8206627680311891,0.8206627680311891,0.8245614035087719,0.004401847087106095,0.00741055650911718,-0.027078882958112033
d10_e010_static_rearm,all_orders,0.1,10,False,True,200,250,all_orders,0.02522989629629425,0.6321706370370344,-6.289345803508771,0.8187134502923976,0.8187134502923976,0.8226120857699805,-0.00029875577495087137,0.0027171172409221527,-0.031855503650313755
d10_e010_static_rearm,all_orders,0.1,10,False,True,200,500,all_orders,-0.15885481871345436,1.0657081442495093,-12.952457752436647,0.8206627680311891,0.8206627680311891,0.8245614035087719,-0.0005981529128939165,0.002410556509117174,-0.032078882958112
d10_e010_static_rearm,all_orders,0.1,10,False,True,200,1000,all_orders,-0.3906312163742777,2.073553968810907,-26.18394516569199,0.8206627680311891,0.8206627680311891,0.8245614035087719,-0.0005981529128939165,0.002410556509117174,-0.032078882958112
d10_e010_static_rearm,pf2_posthoc,0.1,10,False,True,100,250,all_orders,2.9131284042884955,3.31637284873294,-2.0865783286549724,0.6023391812865497,0.6023391812865497,0.6062378167641326,0.019897383694705038,0.022630213612000964,-0.014041480819036627
d10_e010_static_rearm,pf2_posthoc,0.1,10,False,True,100,500,all_orders,5.912641649122799,6.72829350097465,-4.205639608187137,0.6023391812865497,0.6023391812865497,0.6062378167641326,0.019897383694705038,0.022630213612000964,-0.014041480819036627
d10_e010_static_rearm,pf2_posthoc,0.1,10,False,True,100,1000,all_orders,11.914602049707604,13.55669093859649,-8.463248273879145,0.6023391812865497,0.6023391812865497,0.6062378167641326,0.019897383694705038,0.022630213612000964,-0.014041480819036627
d10_e010_static_rearm,pf2_posthoc,0.1,10,False,True,150,250,all_orders,2.1849643744639353,2.5882088189083805,-2.81958306023392,0.6023391812865497,0.6023391812865497,0.6062378167641326,0.014897383694705032,0.01763021361200096,-0.019041480819036664
d10_e010_static_rearm,pf2_posthoc,0.1,10,False,True,150,500,all_orders,4.429483999999992,5.245135851851846,-5.698478660818718,0.6023391812865497,0.6023391812865497,0.6062378167641326,0.014897383694705032,0.01763021361200096,-0.019041480819036664
d10_e010_static_rearm,pf2_posthoc,0.1,10,False,True,150,1000,all_orders,8.925023387426881,10.567112276315775,-11.472275708089676,0.6023391812865497,0.6023391812865497,0.6062378167641326,0.014897383694705032,0.01763021361200096,-0.019041480819036664
d10_e010_static_rearm,pf2_posthoc,0.1,10,False,True,200,250,all_orders,1.4568003446393736,1.8600447890838179,-3.552587791812868,0.6023391812865497,0.6023391812865497,0.6062378167641326,0.009897383694705036,0.012630213612000979,-0.02404148081903665
d10_e010_static_rearm,pf2_posthoc,0.1,10,False,True,200,500,all_orders,2.946326350877187,3.7619782027290394,-7.191317713450298,0.6023391812865497,0.6023391812865497,0.6062378167641326,0.009897383694705036,0.012630213612000979,-0.02404148081903665
d10_e010_static_rearm,pf2_posthoc,0.1,10,False,True,200,1000,all_orders,5.935444725146187,7.577533614035076,-14.481303142300206,0.6023391812865497,0.6023391812865497,0.6062378167641326,0.009897383694705036,0.012630213612000979,-0.02404148081903665
d10_e010_static_rearm,pf2_preorder,0.1,10,False,True,100,250,pf2_preorder,3.3476056265107195,3.852038959844052,-2.5741788842105264,0.6978557504873294,0.6978557504873294,0.6998050682261209,0.01956977933330049,0.022518258538762943,-0.01520738146193792
d10_e010_static_rearm,pf2_preorder,0.1,10,False,True,100,500,pf2_preorder,6.756016307992199,7.774045937621828,-5.235487171539961,0.6978557504873294,0.6978557504873294,0.6998050682261209,0.01956977933330049,0.022518258538762943,-0.01520738146193792
d10_e010_static_rearm,pf2_preorder,0.1,10,False,True,100,1000,pf2_preorder,13.624882098440546,15.676545061403507,-10.522931577972711,0.6978557504873294,0.6978557504873294,0.6998050682261209,0.01956977933330049,0.022518258538762943,-0.01520738146193792
d10_e010_static_rearm,pf2_preorder,0.1,10,False,True,150,250,pf2_preorder,2.5079037458089646,3.012337079142299,-3.4163144491228086,0.6978557504873294,0.6978557504873294,0.6998050682261209,0.014569779333300477,0.017518258538762915,-0.020207381461937946
d10_e010_static_rearm,pf2_preorder,0.1,10,False,True,150,500,pf2_preorder,5.042137606237811,6.0601672358674445,-6.954233241715403,0.6978557504873294,0.6978557504873294,0.6998050682261209,0.014569779333300477,0.017518258538762915,-0.020207381461937946
d10_e010_static_rearm,pf2_preorder,0.1,10,False,True,150,1000,pf2_preorder,10.16579321686159,12.21745617982455,-13.99175519639377,0.6978557504873294,0.6978557504873294,0.6998050682261209,0.014569779333300477,0.017518258538762915,-0.020207381461937946
d10_e010_static_rearm,pf2_preorder,0.1,10,False,True,200,250,pf2_preorder,1.6682018651072092,2.1726351984405428,-4.258450014035089,0.6978557504873294,0.6978557504873294,0.6998050682261209,0.009569779333300494,0.012518258538762934,-0.02520738146193794
d10_e010_static_rearm,pf2_preorder,0.1,10,False,True,200,500,pf2_preorder,3.3282589044834294,4.346288534113055,-8.672979311890842,0.6978557504873294,0.6978557504873294,0.6998050682261209,0.009569779333300494,0.012518258538762934,-0.02520738146193794
d10_e010_static_rearm,pf2_preorder,0.1,10,False,True,200,1000,pf2_preorder,6.706704335282641,8.758367298245602,-17.46057881481482,0.6978557504873294,0.6978557504873294,0.6998050682261209,0.009569779333300494,0.012518258538762934,-0.02520738146193794
d10_e030_rolling_once,all_orders,0.1,30,True,False,100,250,all_orders,-2.8734114631578964,-2.5669447964912306,-8.574029504093566,0.9571150097465887,0.9571150097465887,0.9571150097465887,-0.013157074836540038,-0.01186719024726645,-0.03766206482097395
d10_e030_rolling_once,all_orders,0.1,30,True,False,100,500,all_orders,-6.066648139376223,-5.453714806042892,-17.60827058576998,0.9610136452241715,0.9610136452241715,0.9610136452241715,-0.013202429168086423,-0.011917777376335238,-0.037608007428445556
d10_e030_rolling_once,all_orders,0.1,30,True,False,100,1000,all_orders,-12.361157400194939,-11.129779622417164,-35.62657247816764,0.9610136452241715,0.9610136452241715,0.9610136452241715,-0.013202429168086423,-0.011917777376335238,-0.037608007428445556
d10_e030_rolling_once,all_orders,0.1,30,True,False,150,250,all_orders,-4.027833949122805,-3.7213672824561397,-9.728451990058481,0.9571150097465887,0.9571150097465887,0.9571150097465887,-0.018157074836540072,-0.016867190247266475,-0.04266206482097394
d10_e030_rolling_once,all_orders,0.1,30,True,False,150,500,all_orders,-8.421305670077976,-7.808372336744644,-19.962928116471737,0.9610136452241715,0.9610136452241715,0.9610136452241715,-0.01820242916808646,-0.016917777376335274,-0.04260800742844554
d10_e030_rolling_once,all_orders,0.1,30,True,False,150,1000,all_orders,-17.12102155545809,-15.889643777680305,-40.38643663343082,0.9610136452241715,0.9610136452241715,0.9610136452241715,-0.01820242916808646,-0.016917777376335274,-0.04260800742844554
d10_e030_rolling_once,all_orders,0.1,30,True,False,200,250,all_orders,-5.1822564350877185,-4.875789768421052,-10.882874476023392,0.9571150097465887,0.9571150097465887,0.9571150097465887,-0.02315707483654004,-0.021867190247266445,-0.047662064820973994
d10_e030_rolling_once,all_orders,0.1,30,True,False,200,500,all_orders,-10.77596320077972,-10.163029867446392,-22.31758564717349,0.9610136452241715,0.9610136452241715,0.9610136452241715,-0.023202429168086416,-0.021917777376335244,-0.047608007428445606
d10_e030_rolling_once,all_orders,0.1,30,True,False,200,1000,all_orders,-21.88088571072125,-20.64950793294348,-45.146300788693964,0.9610136452241715,0.9610136452241715,0.9610136452241715,-0.023202429168086416,-0.021917777376335244,-0.047608007428445606
d10_e030_rolling_once,pf2_posthoc,0.1,30,True,False,100,250,all_orders,1.1328870187134497,1.1328870187134497,-2.4406604569200794,0.5224171539961013,0.5224171539961013,0.5224171539961013,0.008333492400811415,0.008333492400811415,-0.019639201350228785
d10_e030_rolling_once,pf2_posthoc,0.1,30,True,False,100,500,all_orders,2.2195611826510717,2.2195611826510717,-4.998918183820665,0.5224171539961013,0.5224171539961013,0.5224171539961013,0.008333492400811415,0.008333492400811415,-0.019639201350228785
d10_e030_rolling_once,pf2_posthoc,0.1,30,True,False,100,1000,all_orders,4.410053567056526,4.410053567056526,-10.09697496120858,0.5224171539961013,0.5224171539961013,0.5224171539961013,0.008333492400811415,0.008333492400811415,-0.019639201350228785
d10_e030_rolling_once,pf2_posthoc,0.1,30,True,False,150,250,all_orders,0.49864494327485187,0.49864494327485187,-3.0749025323586747,0.5224171539961013,0.5224171539961013,0.5224171539961013,0.003333492400811401,0.003333492400811401,-0.024639201350228814
d10_e030_rolling_once,pf2_posthoc,0.1,30,True,False,150,500,all_orders,0.9328053694931745,0.9328053694931745,-6.285673996978561,0.5224171539961013,0.5224171539961013,0.5224171539961013,0.003333492400811401,0.003333492400811401,-0.024639201350228814
d10_e030_rolling_once,pf2_posthoc,0.1,30,True,False,150,1000,all_orders,1.8179570591617873,1.8179570591617873,-12.689071469103315,0.5224171539961013,0.5224171539961013,0.5224171539961013,0.003333492400811401,0.003333492400811401,-0.024639201350228814
d10_e030_rolling_once,pf2_posthoc,0.1,30,True,False,200,250,all_orders,-0.13559713216374497,-0.13559713216374497,-3.7091446077972723,0.5224171539961013,0.5224171539961013,0.5224171539961013,-0.0016665075991886247,-0.0016665075991886247,-0.02963920135022882
d10_e030_rolling_once,pf2_posthoc,0.1,30,True,False,200,500,all_orders,-0.353950443664722,-0.353950443664722,-7.572429810136456,0.5224171539961013,0.5224171539961013,0.5224171539961013,-0.0016665075991886247,-0.0016665075991886247,-0.02963920135022882
d10_e030_rolling_once,pf2_posthoc,0.1,30,True,False,200,1000,all_orders,-0.774139448732952,-0.774139448732952,-15.28116797699806,0.5224171539961013,0.5224171539961013,0.5224171539961013,-0.0016665075991886247,-0.0016665075991886247,-0.02963920135022882
d10_e030_rolling_once,pf2_preorder,0.1,30,True,False,100,250,pf2_preorder,0.3270854627680306,0.42904101832358615,-4.799598738011695,0.7543859649122807,0.7543859649122807,0.7543859649122807,0.001295511686884662,0.001841018433941797,-0.026590828228451987
d10_e030_rolling_once,pf2_preorder,0.1,30,True,False,100,500,pf2_preorder,0.4339105481481466,0.6378216592592579,-9.945027258869402,0.7563352826510721,0.7563352826510721,0.7563352826510721,0.0008414281802460709,0.0013855289820788313,-0.02697303972499951
d10_e030_rolling_once,pf2_preorder,0.1,30,True,False,100,1000,pf2_preorder,0.8215210964912263,1.2320988742690042,-20.059579375243665,0.7563352826510721,0.7563352826510721,0.7563352826510721,0.0008414281802460709,0.0013855289820788313,-0.02697303972499951
d10_e030_rolling_once,pf2_preorder,0.1,30,True,False,150,250,pf2_preorder,-0.5837225758284614,-0.4817670202729059,-5.710406776608185,0.7543859649122807,0.7543859649122807,0.7543859649122807,-0.003704488313115333,-0.0031589815660582007,-0.031590828228452
d10_e030_rolling_once,pf2_preorder,0.1,30,True,False,150,500,pf2_preorder,-1.423419558869398,-1.2195084477582874,-11.802357365886934,0.7563352826510721,0.7563352826510721,0.7563352826510721,-0.004158571819753923,-0.003614471017921163,-0.03197303972499952
d10_e030_rolling_once,pf2_preorder,0.1,30,True,False,150,1000,pf2_preorder,-2.925090925438604,-2.514513147660824,-23.806191397173478,0.7563352826510721,0.7563352826510721,0.7563352826510721,-0.004158571819753923,-0.003614471017921163,-0.03197303972499952
d10_e030_rolling_once,pf2_preorder,0.1,30,True,False,200,250,pf2_preorder,-1.4945306144249524,-1.3925750588693973,-6.621214815204683,0.7543859649122807,0.7543859649122807,0.7543859649122807,-0.008704488313115336,-0.0081589815660582,-0.03659082822845195
d10_e030_rolling_once,pf2_preorder,0.1,30,True,False,200,500,pf2_preorder,-3.2807496658869413,-3.07683855477583,-13.659687472904487,0.7563352826510721,0.7563352826510721,0.7563352826510721,-0.009158571819753925,-0.008614471017921165,-0.03697303972499947
d10_e030_rolling_once,pf2_preorder,0.1,30,True,False,200,1000,pf2_preorder,-6.671702947368427,-6.261125169590649,-27.552803419103327,0.7563352826510721,0.7563352826510721,0.7563352826510721,-0.009158571819753925,-0.008614471017921165,-0.03697303972499947
d10_e030_rolling_rearm,all_orders,0.1,30,True,True,100,250,all_orders,0.20581406900584592,1.0159288838206613,-11.276067478752442,1.8791423001949317,1.8791423001949317,1.875243664717349,9.422451791225136e-05,0.001846183946220229,-0.025190272590365072
d10_e030_rolling_rearm,all_orders,0.1,30,True,True,100,500,all_orders,-0.0885319200779766,1.5435865984405417,-23.393812816764136,1.8888888888888888,1.8888888888888888,1.884990253411306,-0.00040570839512769067,0.0013372109948505244,-0.025560502690876268
d10_e030_rolling_rearm,all_orders,0.1,30,True,True,100,1000,all_orders,-0.3740750727095634,2.90853603840155,-47.39285441578946,1.8888888888888888,1.8888888888888888,1.884990253411306,-0.00040570839512769067,0.0013372109948505244,-0.025560502690876268
d10_e030_rolling_rearm,all_orders,0.1,30,True,True,150,250,all_orders,-2.0481332239766106,-1.2380184091617967,-13.525324157699805,1.8791423001949317,1.8791423001949317,1.875243664717349,-0.0049057754820877476,-0.0031538160537797743,-0.030190272590365077
d10_e030_rolling_rearm,all_orders,0.1,30,True,True,150,500,all_orders,-4.706935472709562,-3.074816954191043,-28.002607948343076,1.8888888888888888,1.8888888888888888,1.884990253411306,-0.005405708395127691,-0.0036627890051494786,-0.030560502690876266
d10_e030_rolling_rearm,all_orders,0.1,30,True,True,150,1000,all_orders,-9.720041043762196,-6.437429932651087,-56.71954152719298,1.8888888888888888,1.8888888888888888,1.884990253411306,-0.005405708395127691,-0.0036627890051494786,-0.030560502690876266
d10_e030_rolling_rearm,all_orders,0.1,30,True,True,200,250,all_orders,-4.3020805169590695,-3.491965702144255,-15.774580836647186,1.8791423001949317,1.8791423001949317,1.875243664717349,-0.009905775482087749,-0.008153816053779772,-0.03519027259036505
d10_e030_rolling_rearm,all_orders,0.1,30,True,True,200,500,all_orders,-9.325339025341139,-7.6932205068226205,-32.611403079922034,1.8888888888888888,1.8888888888888888,1.884990253411306,-0.01040570839512769,-0.008662789005149475,-0.035560502690876246
d10_e030_rolling_rearm,all_orders,0.1,30,True,True,200,1000,all_orders,-19.066007014814826,-15.78339590370372,-66.04622863859649,1.8888888888888888,1.8888888888888888,1.884990253411306,-0.01040570839512769,-0.008662789005149475,-0.035560502690876246
d10_e030_rolling_rearm,pf2_posthoc,0.1,30,True,True,100,250,all_orders,3.648512862768023,4.152161010916173,-4.740636911111114,1.2690058479532165,1.2690058479532165,1.2651072124756335,0.011565157989466323,0.013186595094774399,-0.015683827931101086
d10_e030_rolling_rearm,pf2_posthoc,0.1,30,True,True,100,500,all_orders,7.01501195360623,8.034197138791413,-9.96893151617934,1.2748538011695907,1.2748538011695907,1.2709551656920077,0.01084652571272459,0.012460525033145932,-0.016279285831756595
d10_e030_rolling_rearm,pf2_posthoc,0.1,30,True,True,100,1000,all_orders,13.981956888693935,16.033190222027272,-20.25541758109163,1.2748538011695907,1.2748538011695907,1.2709551656920077,0.01084652571272459,0.012460525033145932,-0.016279285831756595
d10_e030_rolling_rearm,pf2_posthoc,0.1,30,True,True,150,250,all_orders,2.1216494013645177,2.6252975495126654,-6.262809758479536,1.2690058479532165,1.2690058479532165,1.2651072124756335,0.00656515798946632,0.008186595094774382,-0.020683827931101084
d10_e030_rolling_rearm,pf2_posthoc,0.1,30,True,True,150,500,all_orders,3.8916164781676286,4.910801663352812,-13.082718570565296,1.2748538011695907,1.2748538011695907,1.2709551656920077,0.005846525712724588,0.007460525033145916,-0.021279285831756596
d10_e030_rolling_rearm,pf2_posthoc,0.1,30,True,True,150,1000,all_orders,7.669696986062357,9.720930319395686,-26.548398624074075,1.2748538011695907,1.2748538011695907,1.2709551656920077,0.005846525712724588,0.007460525033145916,-0.021279285831756596
d10_e030_rolling_rearm,pf2_posthoc,0.1,30,True,True,200,250,all_orders,0.5947859399610087,1.0984340881091572,-7.784982605847953,1.2690058479532165,1.2690058479532165,1.2651072124756335,0.001565157989466315,0.0031865950947743927,-0.025683827931101074
d10_e030_rolling_rearm,pf2_posthoc,0.1,30,True,True,200,500,all_orders,0.7682210027290369,1.7874061879142218,-16.19650562495127,1.2748538011695907,1.2748538011695907,1.2709551656920077,0.0008465257127245824,0.002460525033145926,-0.02627928583175658
d10_e030_rolling_rearm,pf2_posthoc,0.1,30,True,True,200,1000,all_orders,1.3574370834307756,3.40867041676411,-32.84137966705654,1.2748538011695907,1.2748538011695907,1.2709551656920077,0.0008465257127245824,0.002460525033145926,-0.02627928583175658
d10_e030_rolling_rearm,pf2_preorder,0.1,30,True,True,100,250,pf2_preorder,3.069116800389858,3.6747205040935627,-6.5777433048733,1.530214424951267,1.530214424951267,1.5263157894736843,0.008089093263504642,0.009702681373908034,-0.017956871976526376
d10_e030_rolling_rearm,pf2_preorder,0.1,30,True,True,100,500,pf2_preorder,5.866036573489269,7.089132869785565,-13.7064762920078,1.5360623781676412,1.5360623781676412,1.5321637426900585,0.007505898701561484,0.009113343710021718,-0.018442138413029066
d10_e030_rolling_rearm,pf2_preorder,0.1,30,True,True,100,1000,pf2_preorder,11.721825251267044,14.183636362378152,-27.73944999824563,1.5360623781676412,1.5360623781676412,1.5321637426900585,0.007505898701561484,0.009113343710021718,-0.018442138413029066
d10_e030_rolling_rearm,pf2_preorder,0.1,30,True,True,150,250,pf2_preorder,1.2302505319688068,1.8358542356725105,-8.411918959259266,1.530214424951267,1.530214424951267,1.5263157894736843,0.0030890932635046385,0.004702681373908037,-0.022956871976526398
d10_e030_rolling_rearm,pf2_preorder,0.1,30,True,True,150,500,pf2_preorder,2.1047829401559377,3.3278792364522327,-17.458121504288503,1.5360623781676412,1.5360623781676412,1.5321637426900585,0.0025058987015614807,0.00411334371002172,-0.023442138413029095
d10_e030_rolling_rearm,pf2_preorder,0.1,30,True,True,150,1000,pf2_preorder,4.118362103021428,6.580173214132534,-35.323634286842115,1.5360623781676412,1.5360623781676412,1.5321637426900585,0.0025058987015614807,0.00411334371002172,-0.023442138413029095
d10_e030_rolling_rearm,pf2_preorder,0.1,30,True,True,200,250,pf2_preorder,-0.6086157364522476,-0.003012032748543032,-10.24609461364523,1.530214424951267,1.530214424951267,1.5263157894736843,-0.0019109067364953673,-0.0002973186260919715,-0.02795687197652639
d10_e030_rolling_rearm,pf2_preorder,0.1,30,True,True,200,500,pf2_preorder,-1.6564706931773991,-0.4333743968811033,-21.20976671656921,1.5360623781676412,1.5360623781676412,1.5321637426900585,-0.0024941012984385246,-0.0008866562899782896,-0.02844213841302909
d10_e030_rolling_rearm,pf2_preorder,0.1,30,True,True,200,1000,pf2_preorder,-3.485101045224193,-1.0232899341130808,-42.90781857543862,1.5360623781676412,1.5360623781676412,1.5321637426900585,-0.0024941012984385246,-0.0008866562899782896,-0.02844213841302909
d10_e030_static_once,all_orders,0.1,30,False,False,100,250,all_orders,-1.168675038986356,-0.8630231871345038,-4.801661686159843,0.7407407407407407,0.7407407407407407,0.7407407407407407,-0.006873313976583658,-0.005206647309916996,-0.0270642738247945
d10_e030_static_once,all_orders,0.1,30,False,False,100,500,all_orders,-2.5673177138401586,-1.9544954916179356,-9.93777590097466,0.7446393762183235,0.7446393762183235,0.7446393762183235,-0.007429854088876338,-0.005771913425700078,-0.02751510210542116
d10_e030_static_once,all_orders,0.1,30,False,False,100,1000,all_orders,-5.366537652631584,-4.133863578557508,-20.21591728226121,0.7446393762183235,0.7446393762183235,0.7446393762183235,-0.007429854088876338,-0.005771913425700078,-0.02751510210542116
d10_e030_static_once,all_orders,0.1,30,False,False,150,250,all_orders,-2.0650100038986365,-1.759358152046785,-5.69799665107213,0.7407407407407407,0.7407407407407407,0.7407407407407407,-0.01187331397658366,-0.010206647309916984,-0.032064273824794536
d10_e030_static_once,all_orders,0.1,30,False,False,150,500,all_orders,-4.393290624366477,-3.7804684021442525,-11.76374881150098,0.7446393762183235,0.7446393762183235,0.7446393762183235,-0.012429854088876351,-0.010771913425700072,-0.03251510210542118
d10_e030_static_once,all_orders,0.1,30,False,False,150,1000,all_orders,-9.057884075438604,-7.825210001364526,-23.90726370506823,0.7446393762183235,0.7446393762183235,0.7446393762183235,-0.012429854088876351,-0.010771913425700072,-0.03251510210542118
d10_e030_static_once,all_orders,0.1,30,False,False,200,250,all_orders,-2.961344968810918,-2.655693116959067,-6.5943316159844105,0.7407407407407407,0.7407407407407407,0.7407407407407407,-0.01687331397658367,-0.015206647309917002,-0.03706427382479447
d10_e030_static_once,all_orders,0.1,30,False,False,200,500,all_orders,-6.219263534892793,-5.6064413126705706,-13.589721722027297,0.7446393762183235,0.7446393762183235,0.7446393762183235,-0.017429854088876352,-0.015771913425700085,-0.03751510210542113
d10_e030_static_once,all_orders,0.1,30,False,False,200,1000,all_orders,-12.749230498245623,-11.516556424171549,-27.59861012787525,0.7446393762183235,0.7446393762183235,0.7446393762183235,-0.017429854088876352,-0.015771913425700085,-0.03751510210542113
d10_e030_static_once,pf2_posthoc,0.1,30,False,False,100,250,all_orders,0.4322845126705639,0.5342400682261195,-2.0808220175438605,0.4619883040935672,0.4619883040935672,0.4619883040935672,0.003984908731015238,0.004875672912918662,-0.0182724135740597
d10_e030_static_once,pf2_posthoc,0.1,30,False,False,100,500,all_orders,0.8194011555555523,1.0233122666666636,-4.262204205068226,0.46393762183235865,0.46393762183235865,0.46393762183235865,0.003505980543069795,0.004393002018326565,-0.018657823601059456
d10_e030_static_once,pf2_posthoc,0.1,30,False,False,100,1000,all_orders,1.6220464146198783,2.0326241923976562,-8.595793838791435,0.46393762183235865,0.46393762183235865,0.46393762183235865,0.003505980543069795,0.004393002018326565,-0.018657823601059456
d10_e030_static_once,pf2_posthoc,0.1,30,False,False,150,250,all_orders,-0.12905439961013854,-0.0270988440545829,-2.6421609298245614,0.4619883040935672,0.4619883040935672,0.4619883040935672,-0.0010150912689847662,-0.00012432708708134298,-0.023272413574059733
d10_e030_static_once,pf2_posthoc,0.1,30,False,False,150,500,all_orders,-0.3216329830409391,-0.11772187192982798,-5.403238343664718,0.46393762183235865,0.46393762183235865,0.46393762183235865,-0.0014940194569302095,-0.0006069979816734391,-0.02365782360105948
d10_e030_static_once,pf2_posthoc,0.1,30,False,False,150,1000,all_orders,-0.6809033108187204,-0.2703255330409432,-10.89874356423003,0.46393762183235865,0.46393762183235865,0.46393762183235865,-0.0014940194569302095,-0.0006069979816734391,-0.02365782360105948
d10_e030_static_once,pf2_posthoc,0.1,30,False,False,200,250,all_orders,-0.6903933118908404,-0.5884377563352847,-3.2034998421052636,0.4619883040935672,0.4619883040935672,0.4619883040935672,-0.00601509126898477,-0.005124327087081349,-0.028272413574059727
d10_e030_static_once,pf2_posthoc,0.1,30,False,False,200,500,all_orders,-1.4626671216374314,-1.2587560105263205,-6.5442724822612135,0.46393762183235865,0.46393762183235865,0.46393762183235865,-0.0064940194569302135,-0.005606997981673445,-0.028657823601059475
d10_e030_static_once,pf2_posthoc,0.1,30,False,False,200,1000,all_orders,-2.983853036257319,-2.573275258479541,-13.201693289668622,0.46393762183235865,0.46393762183235865,0.46393762183235865,-0.0064940194569302135,-0.005606997981673445,-0.028657823601059475
d10_e030_static_once,pf2_preorder,0.1,30,False,False,100,250,pf2_preorder,0.7631531282651066,0.9644272023391808,-2.675509932163743,0.5730994152046783,0.5730994152046783,0.5730994152046783,0.00564886202630204,0.007084992033860618,-0.018905724999581423
d10_e030_static_once,pf2_preorder,0.1,30,False,False,100,500,pf2_preorder,1.487455445029238,1.8962110005847936,-5.463606445808967,0.5750487329434698,0.5750487329434698,0.5750487329434698,0.005256831985534914,0.006688093755779734,-0.01921451915212522
d10_e030_static_once,pf2_preorder,0.1,30,False,False,100,1000,pf2_preorder,3.012682051851852,3.832948718518518,-10.969039683040938,0.5750487329434698,0.5750487329434698,0.5750487329434698,0.005256831985534914,0.006688093755779734,-0.01921451915212522
d10_e030_static_once,pf2_preorder,0.1,30,False,False,150,250,pf2_preorder,0.0682923054580886,0.26956637953216267,-3.370370754970761,0.5730994152046783,0.5730994152046783,0.5730994152046783,0.0006488620263020343,0.002084992033860613,-0.023905724999581466
d10_e030_static_once,pf2_preorder,0.1,30,False,False,150,500,pf2_preorder,0.07331073187134278,0.48206628742689817,-6.877751158966861,0.5750487329434698,0.5750487329434698,0.5750487329434698,0.00025683198553490787,0.001688093755779729,-0.024214519152125257
d10_e030_static_once,pf2_preorder,0.1,30,False,False,150,1000,pf2_preorder,0.15990995009746178,0.9801766167641278,-13.821811784795326,0.5750487329434698,0.5750487329434698,0.5750487329434698,0.00025683198553490787,0.001688093755779729,-0.024214519152125257
d10_e030_static_once,pf2_preorder,0.1,30,False,False,200,250,pf2_preorder,-0.6265685173489294,-0.425294443274855,-4.065231577777778,0.5730994152046783,0.5730994152046783,0.5730994152046783,-0.00435113797369797,-0.002915007966139391,-0.028905724999581446
d10_e030_static_once,pf2_preorder,0.1,30,False,False,200,500,pf2_preorder,-1.3408339812865528,-0.9320784257309973,-8.291895872124758,0.5750487329434698,0.5750487329434698,0.5750487329434698,-0.004743168014465095,-0.0033119062442202745,-0.029214519152125237
d10_e030_static_once,pf2_preorder,0.1,30,False,False,200,1000,pf2_preorder,-2.692862151656927,-1.872595484990261,-16.674583886549712,0.5750487329434698,0.5750487329434698,0.5750487329434698,-0.004743168014465095,-0.0033119062442202745,-0.029214519152125237
d10_e030_static_rearm,all_orders,0.1,30,False,True,100,250,all_orders,-0.7014131442495133,-0.1979557368421062,-5.926360454191032,1.0253411306042886,1.0253411306042886,1.0253411306042886,-0.002949598891027548,-0.0009428392797052024,-0.02395421222614328
d10_e030_static_rearm,all_orders,0.1,30,False,True,100,500,all_orders,-1.5651483962962984,-0.5429317296296318,-12.170201417738793,1.0292397660818713,1.0292397660818713,1.0292397660818713,-0.0033671097869876166,-0.0013679515378293722,-0.02429216019280367
d10_e030_static_rearm,all_orders,0.1,30,False,True,100,1000,all_orders,-3.294640565497078,-1.243177602534114,-24.6660669982456,1.0292397660818713,1.0292397660818713,1.0292397660818713,-0.0033671097869876166,-0.0013679515378293722,-0.02429216019280367
d10_e030_static_rearm,all_orders,0.1,30,False,True,150,250,all_orders,-1.9387504775828464,-1.4352930701754392,-7.163717787524368,1.0253411306042886,1.0253411306042886,1.0253411306042886,-0.007949598891027547,-0.005942839279705192,-0.028954212226143305
d10_e030_static_rearm,all_orders,0.1,30,False,True,150,500,all_orders,-4.0885402094541945,-3.0663235427875284,-14.69355419580897,1.0292397660818713,1.0292397660818713,1.0292397660818713,-0.008367109786987622,-0.006367951537829363,-0.02929216019280369
d10_e030_static_rearm,all_orders,0.1,30,False,True,150,1000,all_orders,-8.394007204970757,-6.342544242007806,-29.76539583070177,1.0292397660818713,1.0292397660818713,1.0292397660818713,-0.008367109786987622,-0.006367951537829363,-0.02929216019280369
d10_e030_static_rearm,all_orders,0.1,30,False,True,200,250,all_orders,-3.1760878109161803,-2.6726304035087747,-8.401075120857705,1.0253411306042886,1.0253411306042886,1.0253411306042886,-0.012949598891027559,-0.010942839279705205,-0.03395421222614328
d10_e030_static_rearm,all_orders,0.1,30,False,True,200,500,all_orders,-6.611932022612092,-5.589715355945426,-17.21690697387915,1.0292397660818713,1.0292397660818713,1.0292397660818713,-0.013367109786987626,-0.011367951537829378,-0.03429216019280367
d10_e030_static_rearm,all_orders,0.1,30,False,True,200,1000,all_orders,-13.493373844444456,-11.441910881481492,-34.864724663157915,1.0292397660818713,1.0292397660818713,1.0292397660818713,-0.013367109786987626,-0.011367951537829378,-0.03429216019280367
d10_e030_static_rearm,pf2_posthoc,0.1,30,False,True,100,250,all_orders,1.2273173235867434,1.527078434697854,-2.747447257309943,0.7173489278752436,0.7173489278752436,0.7192982456140351,0.007261263832710419,0.00898227832546405,-0.015457800827275476
d10_e030_static_rearm,pf2_posthoc,0.1,30,False,True,100,500,all_orders,2.4570542937621815,3.0703598493177364,-5.593969351461993,0.7192982456140351,0.7192982456140351,0.7212475633528265,0.006943482629911747,0.008659833126750055,-0.015713320284499056
d10_e030_static_rearm,pf2_posthoc,0.1,30,False,True,100,1000,all_orders,4.9823517473684165,6.21171841403508,-11.228187648343082,0.7192982456140351,0.7192982456140351,0.7212475633528265,0.006943482629911747,0.008659833126750055,-0.015713320284499056
d10_e030_static_rearm,pf2_posthoc,0.1,30,False,True,150,250,all_orders,0.35925867446393556,0.6590197855750466,-3.6178876608187167,0.7173489278752436,0.7173489278752436,0.7192982456140351,0.0022612638327104096,0.003982278325464035,-0.020457800827275503
d10_e030_static_rearm,pf2_posthoc,0.1,30,False,True,150,500,all_orders,0.6895179192007757,1.3028234747563319,-7.366313796198834,0.7192982456140351,0.7192982456140351,0.7212475633528265,0.0019434826299117357,0.00365983312675004,-0.020713320284499084
d10_e030_static_rearm,pf2_posthoc,0.1,30,False,True,150,1000,all_orders,1.4155139982456058,2.6448806649122734,-14.804727502729047,0.7192982456140351,0.7192982456140351,0.7212475633528265,0.0019434826299117357,0.00365983312675004,-0.020713320284499084
d10_e030_static_rearm,pf2_posthoc,0.1,30,False,True,200,250,all_orders,-0.5087999746588708,-0.2090388635477607,-4.488328064327485,0.7173489278752436,0.7173489278752436,0.7192982456140351,-0.0027387361672895887,-0.0010177216745359693,-0.025457800827275494
d10_e030_static_rearm,pf2_posthoc,0.1,30,False,True,200,500,all_orders,-1.0780184553606278,-0.46471289980507213,-9.138658240935671,0.7192982456140351,0.7192982456140351,0.7212475633528265,-0.003056517370088262,-0.0013401668732499641,-0.02571332028449908
d10_e030_static_rearm,pf2_posthoc,0.1,30,False,True,200,1000,all_orders,-2.151323750877204,-0.921957084210537,-18.381267357115007,0.7192982456140351,0.7192982456140351,0.7212475633528265,-0.003056517370088262,-0.0013401668732499641,-0.02571332028449908
d10_e030_static_rearm,pf2_preorder,0.1,30,False,True,100,250,pf2_preorder,1.5853347309941512,1.8850958421052626,-3.0086459512670567,0.8011695906432749,0.8011695906432749,0.8031189083820662,0.008378402223426827,0.0099193592388364,-0.015124580791005935
d10_e030_static_rearm,pf2_preorder,0.1,30,False,True,100,500,pf2_preorder,3.1641236017543837,3.777429157309939,-6.134413357309945,0.8031189083820662,0.8031189083820662,0.8050682261208577,0.008091076004437927,0.009628292832916895,-0.015354303355676623
d10_e030_static_rearm,pf2_preorder,0.1,30,False,True,100,1000,pf2_preorder,6.461042546588693,7.690409213255356,-12.268038311111113,0.8031189083820662,0.8031189083820662,0.8050682261208577,0.008091076004437927,0.009628292832916895,-0.015354303355676623
d10_e030_static_rearm,pf2_preorder,0.1,30,False,True,150,250,pf2_preorder,0.6165424853801152,0.9163035964912263,-3.9797597758284637,0.8011695906432749,0.8011695906432749,0.8031189083820662,0.0033784022234268156,0.0049193592388363854,-0.020124580791005948
d10_e030_static_rearm,pf2_preorder,0.1,30,False,True,150,500,pf2_preorder,1.1908371833333313,1.8041427388888864,-8.112477758187136,0.8031189083820662,0.8031189083820662,0.8050682261208577,0.003091076004437915,0.0046282928329168796,-0.020354303355676635
d10_e030_static_rearm,pf2_preorder,0.1,30,False,True,150,1000,pf2_preorder,2.4786058500974573,3.7079725167641246,-16.260121235672514,0.8031189083820662,0.8031189083820662,0.8050682261208577,0.003091076004437915,0.0046282928329168796,-0.020354303355676635
d10_e030_static_rearm,pf2_preorder,0.1,30,False,True,200,250,pf2_preorder,-0.3522497602339202,-0.05248864912280924,-4.950873600389862,0.8011695906432749,0.8011695906432749,0.8031189083820662,-0.0016215977765731851,-8.064076116361831e-05,-0.02512458079100595
d10_e030_static_rearm,pf2_preorder,0.1,30,False,True,200,500,pf2_preorder,-0.7824492350877248,-0.16914367953216808,-10.090542159064325,0.8031189083820662,0.8031189083820662,0.8050682261208577,-0.0019089239955620853,-0.0003717071670831243,-0.025354303355676636
d10_e030_static_rearm,pf2_preorder,0.1,30,False,True,200,1000,pf2_preorder,-1.5038308463937724,-0.2744641797271037,-20.252204160233905,0.8031189083820662,0.8031189083820662,0.8050682261208577,-0.0019089239955620853,-0.0003717071670831243,-0.025354303355676636
d10_e060_rolling_rearm,all_orders,0.1,60,True,True,100,250,all_orders,0.2837335543859628,1.0938483692007772,-11.198147993372327,1.9103313840155944,1.9103313840155944,1.9064327485380117,0.0002635020097834416,0.001986858018853737,-0.02460699662332396
d10_e060_rolling_rearm,all_orders,0.1,60,True,True,100,500,all_orders,0.07227100604288056,1.7043895245614,-23.233009890643274,1.9200779727095516,1.9200779727095516,1.9161793372319689,-0.00022916944219123742,0.0014854385668330134,-0.02497416741379144
d10_e060_rolling_rearm,all_orders,0.1,60,True,True,100,1000,all_orders,-0.048473608187146695,3.2341375029239665,-47.06725295126705,1.9200779727095516,1.9200779727095516,1.9161793372319689,-0.00022916944219123742,0.0014854385668330134,-0.02497416741379144
d10_e060_rolling_rearm,all_orders,0.1,60,True,True,150,250,all_orders,-2.0080993175438633,-1.1979845027290488,-13.485290251267058,1.9103313840155944,1.9103313840155944,1.9064327485380117,-0.004736497990216559,-0.0030131419811462662,-0.029606996623323972
d10_e060_rolling_rearm,all_orders,0.1,60,True,True,150,500,all_orders,-4.622891424658879,-2.9907729061403594,-27.9185639002924,1.9200779727095516,1.9200779727095516,1.9161793372319689,-0.005229169442191238,-0.003514561433166986,-0.029974167413791445
d10_e060_rolling_rearm,all_orders,0.1,60,True,True,150,1000,all_orders,-9.549257687134517,-6.266646576023407,-56.54875817056531,1.9200779727095516,1.9200779727095516,1.9161793372319689,-0.005229169442191238,-0.003514561433166986,-0.029974167413791445
d10_e060_rolling_rearm,all_orders,0.1,60,True,True,200,250,all_orders,-4.299932189473691,-3.489817374658875,-15.772432509161806,1.9103313840155944,1.9103313840155944,1.9064327485380117,-0.009736497990216563,-0.008013141981146266,-0.034606996623323956
d10_e060_rolling_rearm,all_orders,0.1,60,True,True,200,500,all_orders,-9.31805385536063,-7.685935336842112,-32.60411790994153,1.9200779727095516,1.9200779727095516,1.9161793372319689,-0.01022916944219124,-0.008514561433166987,-0.034974167413791425
d10_e060_rolling_rearm,all_orders,0.1,60,True,True,200,1000,all_orders,-19.050041766081893,-15.76743065497078,-66.03026338986355,1.9200779727095516,1.9200779727095516,1.9161793372319689,-0.01022916944219124,-0.008514561433166987,-0.034974167413791425
d10_e060_rolling_rearm,pf2_posthoc,0.1,60,True,True,100,250,all_orders,3.710027864717341,4.21367601286549,-4.679121909161797,1.2923976608187135,1.2923976608187135,1.2884990253411306,0.011552846314751087,0.013144936142135036,-0.015201490274957962
d10_e060_rolling_rearm,pf2_posthoc,0.1,60,True,True,100,500,all_orders,7.141761721832351,8.160946907017536,-9.842181747953221,1.2982456140350878,1.2982456140350878,1.2943469785575048,0.010847217825314228,0.012432136076899147,-0.015788366124650465
d10_e060_rolling_rearm,pf2_posthoc,0.1,60,True,True,100,1000,all_orders,14.236754961403484,16.287988294736824,-20.000619508382066,1.2982456140350878,1.2982456140350878,1.2943469785575048,0.010847217825314228,0.012432136076899147,-0.015788366124650465
d10_e060_rolling_rearm,pf2_posthoc,0.1,60,True,True,150,250,all_orders,2.1547682980506777,2.6584164461988253,-6.229690861793378,1.2923976608187135,1.2923976608187135,1.2884990253411306,0.006552846314751083,0.008144936142135016,-0.020201490274957958
d10_e060_rolling_rearm,pf2_posthoc,0.1,60,True,True,150,500,all_orders,3.9608579823586663,4.980043167543844,-13.013477066374271,1.2982456140350878,1.2982456140350878,1.2943469785575048,0.005847217825314228,0.007432136076899131,-0.020788366124650463
d10_e060_rolling_rearm,pf2_posthoc,0.1,60,True,True,150,1000,all_orders,7.808437828070156,9.859671161403485,-26.409657782066283,1.2982456140350878,1.2982456140350878,1.2943469785575048,0.005847217825314228,0.007432136076899131,-0.020788366124650463
d10_e060_rolling_rearm,pf2_posthoc,0.1,60,True,True,200,250,all_orders,0.5995087313840107,1.1031568795321585,-7.7802598144249515,1.2923976608187135,1.2923976608187135,1.2884990253411306,0.0015528463147510758,0.0031449361421350274,-0.025201490274957945
d10_e060_rolling_rearm,pf2_posthoc,0.1,60,True,True,200,500,all_orders,0.7799542428849828,1.7991394280701647,-16.184772384795327,1.2982456140350878,1.2982456140350878,1.2943469785575048,0.0008472178253142186,0.00243213607689914,-0.02578836612465044
d10_e060_rolling_rearm,pf2_posthoc,0.1,60,True,True,200,1000,all_orders,1.38012069473682,3.431354028070152,-32.81869605575049,1.2982456140350878,1.2982456140350878,1.2943469785575048,0.0008472178253142186,0.00243213607689914,-0.02578836612465044
d10_e060_rolling_rearm,pf2_preorder,0.1,60,True,True,100,250,pf2_preorder,3.1356253695906395,3.7412290732943423,-6.511234735672521,1.5555555555555556,1.5555555555555556,1.5516569200779726,0.008144986109642033,0.009732287696943618,-0.017475464891930845
d10_e060_rolling_rearm,pf2_preorder,0.1,60,True,True,100,500,pf2_preorder,6.007767043469778,7.2308633397660715,-13.564745822027296,1.5614035087719298,1.5614035087719298,1.557504873294347,0.007571047291477714,0.009152403929014124,-0.017954643415516457
d10_e060_rolling_rearm,pf2_preorder,0.1,60,True,True,100,1000,pf2_preorder,12.011578294736832,14.473389405847934,-27.449696954775845,1.5614035087719298,1.5614035087719298,1.557504873294347,0.007571047291477714,0.009152403929014124,-0.017954643415516457
d10_e060_rolling_rearm,pf2_preorder,0.1,60,True,True,150,250,pf2_preorder,1.2670586099415162,1.8726623136452205,-8.375110881286554,1.5555555555555556,1.5555555555555556,1.5516569200779726,0.003144986109642029,0.004732287696943616,-0.02247546489193087
d10_e060_rolling_rearm,pf2_preorder,0.1,60,True,True,150,500,pf2_preorder,2.1850919882066187,3.4081882845029146,-17.377812456237823,1.5614035087719298,1.5614035087719298,1.557504873294347,0.002571047291477711,0.0041524039290141215,-0.02295464341551648
d10_e060_rolling_rearm,pf2_preorder,0.1,60,True,True,150,1000,pf2_preorder,4.282927214035074,6.744738325146183,-35.15906917582847,1.5614035087719298,1.5614035087719298,1.557504873294347,0.002571047291477711,0.0041524039290141215,-0.02295464341551648
d10_e060_rolling_rearm,pf2_preorder,0.1,60,True,True,200,250,pf2_preorder,-0.601508149707608,0.004095553996096205,-10.23898702690059,1.5555555555555556,1.5555555555555556,1.5516569200779726,-0.0018550138903579753,-0.00026771230305639023,-0.02747546489193087
d10_e060_rolling_rearm,pf2_preorder,0.1,60,True,True,200,500,pf2_preorder,-1.637583067056541,-0.41448677076024465,-21.190879090448348,1.5614035087719298,1.5614035087719298,1.557504873294347,-0.0024289527085222945,-0.000847596070985885,-0.027954643415516484
d10_e060_rolling_rearm,pf2_preorder,0.1,60,True,True,200,1000,pf2_preorder,-3.4457238666666883,-0.9839127555555769,-42.868441396881124,1.5614035087719298,1.5614035087719298,1.557504873294347,-0.0024289527085222945,-0.000847596070985885,-0.027954643415516484
d10_e060_static_rearm,all_orders,0.1,60,False,True,100,250,all_orders,-0.8600449458089677,-0.2558097606237821,-5.641832606627677,1.0331384015594542,1.0331384015594542,1.0331384015594542,-0.003620951334717346,-0.0012310142277991143,-0.022603033405837483
d10_e060_static_rearm,all_orders,0.1,60,False,True,100,500,all_orders,-2.0330667196881103,-0.8059352382066285,-11.707671398050685,1.0389863547758285,1.0389863547758285,1.0389863547758285,-0.004326514212407576,-0.001950028909093014,-0.02320175529626062
d10_e060_static_rearm,all_orders,0.1,60,False,True,100,1000,all_orders,-4.2913453586744685,-1.8300527660818735,-23.77001136257308,1.0389863547758285,1.0389863547758285,1.0389863547758285,-0.004326514212407576,-0.001950028909093014,-0.02320175529626062
d10_e060_static_rearm,all_orders,0.1,60,False,True,150,250,all_orders,-2.1071980493177396,-1.5029628641325552,-6.889005710136453,1.0331384015594542,1.0331384015594542,1.0331384015594542,-0.008620951334717356,-0.006231014227799111,-0.027603033405837505
d10_e060_static_rearm,all_orders,0.1,60,False,True,150,500,all_orders,-4.5782739635477645,-3.3511424820662796,-14.252839606822613,1.0389863547758285,1.0389863547758285,1.0389863547758285,-0.009326514212407587,-0.006950028909093015,-0.028201755296260643
d10_e060_static_rearm,all_orders,0.1,60,False,True,150,1000,all_orders,-9.438092858674475,-6.976800266081877,-28.916721055555566,1.0389863547758285,1.0389863547758285,1.0389863547758285,-0.009326514212407587,-0.006950028909093015,-0.028201755296260643
d10_e060_static_rearm,all_orders,0.1,60,False,True,200,250,all_orders,-3.354351152826512,-2.7501159676413285,-8.136178813645227,1.0331384015594542,1.0331384015594542,1.0331384015594542,-0.013620951334717364,-0.01123101422779912,-0.032603033405837485
d10_e060_static_rearm,all_orders,0.1,60,False,True,200,500,all_orders,-7.123481207407415,-5.8963497259259325,-16.798007815594545,1.0389863547758285,1.0389863547758285,1.0389863547758285,-0.014326514212407597,-0.011950028909093021,-0.03320175529626062
d10_e060_static_rearm,all_orders,0.1,60,False,True,200,1000,all_orders,-14.584840358674473,-12.123547766081877,-34.063430748538025,1.0389863547758285,1.0389863547758285,1.0389863547758285,-0.014326514212407597,-0.011950028909093021,-0.03320175529626062
d10_e060_static_rearm,pf2_posthoc,0.1,60,False,True,100,250,all_orders,1.2665119840155938,1.667050872904482,-2.4488410959064364,0.6998050682261209,0.6998050682261209,0.7017543859649122,0.007687931430999137,0.010040144368170295,-0.014028903660051143
d10_e060_static_rearm,pf2_posthoc,0.1,60,False,True,100,500,all_orders,2.3994008923976597,3.21762126276803,-5.122904039376221,0.7037037037037037,0.7037037037037037,0.7056530214424951,0.0068958018469933964,0.00923498313354311,-0.014698862526470952
d10_e060_static_rearm,pf2_posthoc,0.1,60,False,True,100,1000,all_orders,4.851041934697853,6.490238230994147,-10.281899995126702,0.7037037037037037,0.7037037037037037,0.7056530214424951,0.0068958018469933964,0.00923498313354311,-0.014698862526470952
d10_e060_static_rearm,pf2_posthoc,0.1,60,False,True,150,250,all_orders,0.4195408541910316,0.8200797430799202,-3.2981939801169617,0.6998050682261209,0.6998050682261209,0.7017543859649122,0.0026879314309991255,0.0050401443681702815,-0.019028903660051163
d10_e060_static_rearm,pf2_posthoc,0.1,60,False,True,150,500,all_orders,0.6715310608187103,1.4897514311890803,-6.855581941130611,0.7037037037037037,0.7037037037037037,0.7056530214424951,0.0018958018469933861,0.0042349831335430944,-0.019698862526470972
d10_e060_static_rearm,pf2_posthoc,0.1,60,False,True,150,1000,all_orders,1.3620288075048657,3.001225103801163,-13.780615227582853,0.7037037037037037,0.7037037037037037,0.7056530214424951,0.0018958018469933861,0.0042349831335430944,-0.019698862526470972
d10_e060_static_rearm,pf2_posthoc,0.1,60,False,True,200,250,all_orders,-0.42743027563353,-0.026891386744641352,-4.147546864327487,0.6998050682261209,0.6998050682261209,0.7017543859649122,-0.002312068569000873,4.0144368170280016e-05,-0.02402890366005117
d10_e060_static_rearm,pf2_posthoc,0.1,60,False,True,200,500,all_orders,-1.056338770760237,-0.23811840038986817,-8.588259842884996,0.7037037037037037,0.7037037037037037,0.7056530214424951,-0.003104198153006612,-0.0007650168664569046,-0.024698862526470983
d10_e060_static_rearm,pf2_posthoc,0.1,60,False,True,200,1000,all_orders,-2.1269843196881175,-0.4877880233918207,-17.279330460038988,0.7037037037037037,0.7037037037037037,0.7056530214424951,-0.003104198153006612,-0.0007650168664569046,-0.024698862526470983
d10_e060_static_rearm,pf2_preorder,0.1,60,False,True,100,250,pf2_preorder,1.4068846740740726,1.807423562962962,-2.981551953606241,0.7953216374269005,0.7953216374269005,0.7953216374269005,0.007333395804238277,0.00940311257983741,-0.015240772863602405
d10_e060_static_rearm,pf2_preorder,0.1,60,False,True,100,500,pf2_preorder,2.7880923641325523,3.6063127345029233,-6.086766602729047,0.797270955165692,0.797270955165692,0.797270955165692,0.007046517085890505,0.009111173429275463,-0.015472458015525138
d10_e060_static_rearm,pf2_preorder,0.1,60,False,True,100,1000,pf2_preorder,5.638816310916176,7.278012607212468,-12.215209907407402,0.797270955165692,0.797270955165692,0.797270955165692,0.007046517085890505,0.009111173429275463,-0.015472458015525138
d10_e060_static_rearm,pf2_preorder,0.1,60,False,True,150,250,pf2_preorder,0.4451522284600373,0.8456911173489261,-3.943240188693958,0.7953216374269005,0.7953216374269005,0.7953216374269005,0.002333395804238262,0.004403112579837392,-0.020240772863602423
d10_e060_static_rearm,pf2_preorder,0.1,60,False,True,150,500,pf2_preorder,0.8306938044834274,1.648914174853798,-8.04413270623782,0.797270955165692,0.797270955165692,0.797270955165692,0.002046517085890491,0.004111173429275442,-0.02047245801552516
d10_e060_static_rearm,pf2_preorder,0.1,60,False,True,150,1000,pf2_preorder,1.6867584030214353,3.325954699317732,-16.167214306530212,0.797270955165692,0.797270955165692,0.797270955165692,0.002046517085890491,0.004111173429275442,-0.02047245801552516
d10_e060_static_rearm,pf2_preorder,0.1,60,False,True,200,250,pf2_preorder,-0.5165802171539978,-0.1160413282651089,-4.90492842378168,0.7953216374269005,0.7953216374269005,0.7953216374269005,-0.002666604195761735,-0.000596887420162607,-0.025240772863602417
d10_e060_static_rearm,pf2_preorder,0.1,60,False,True,200,500,pf2_preorder,-1.1267047551656948,-0.3084843847953266,-10.00149880974659,0.797270955165692,0.797270955165692,0.797270955165692,-0.002953482914109506,-0.0008888265707245566,-0.025472458015525147
d10_e060_static_rearm,pf2_preorder,0.1,60,False,True,200,1000,pf2_preorder,-2.2652995048733033,-0.6261032085770091,-20.11921870565302,0.797270955165692,0.797270955165692,0.797270955165692,-0.002953482914109506,-0.0008888265707245566,-0.025472458015525147
d10_e120_rolling_once,all_orders,0.1,120,True,False,100,250,all_orders,-2.683236163937622,-2.3767694972709563,-8.383854204873293,0.9727095516569201,0.9727095516569201,0.9727095516569201,-0.012148641522048434,-0.010879436445228128,-0.036260765935589606
d10_e120_rolling_once,all_orders,0.1,120,True,False,100,500,all_orders,-5.684542462768034,-5.071609129434704,-17.226164909161792,0.9766081871345029,0.9766081871345029,0.9766081871345029,-0.012197297314625984,-0.010933158924739086,-0.03621316574248435
d10_e120_rolling_once,all_orders,0.1,120,True,False,100,1000,all_orders,-11.591850521247572,-10.360472743469797,-34.85726559922026,0.9766081871345029,0.9766081871345029,0.9766081871345029,-0.012197297314625984,-0.010933158924739086,-0.03621316574248435
d10_e120_rolling_once,all_orders,0.1,120,True,False,150,250,all_orders,-3.856690101656921,-3.5502234349902535,-9.557308142592595,0.9727095516569201,0.9727095516569201,0.9727095516569201,-0.017148641522048463,-0.01587943644522815,-0.041260765935589624
d10_e120_rolling_once,all_orders,0.1,120,True,False,150,500,all_orders,-8.077821722417157,-7.464888389083828,-19.619444168810915,0.9766081871345029,0.9766081871345029,0.9766081871345029,-0.017197297314626013,-0.015933158924739114,-0.04121316574248437
d10_e120_rolling_once,all_orders,0.1,120,True,False,150,1000,all_orders,-16.429359500194945,-15.19798172241716,-39.69477457816767,0.9766081871345029,0.9766081871345029,0.9766081871345029,-0.017197297314626013,-0.015933158924739114,-0.04121316574248437
d10_e120_rolling_once,all_orders,0.1,120,True,False,200,250,all_orders,-5.030144039376217,-4.723677372709551,-10.73076208031189,0.9727095516569201,0.9727095516569201,0.9727095516569201,-0.022148641522048425,-0.020879436445228126,-0.04626076593558967
d10_e120_rolling_once,all_orders,0.1,120,True,False,200,500,all_orders,-10.471100982066272,-9.858167648732943,-22.01272342846004,0.9766081871345029,0.9766081871345029,0.9766081871345029,-0.022197297314625976,-0.020933158924739084,-0.04621316574248441
d10_e120_rolling_once,all_orders,0.1,120,True,False,200,1000,all_orders,-21.26686847914231,-20.03549070136453,-44.53228355711502,0.9766081871345029,0.9766081871345029,0.9766081871345029,-0.022197297314625976,-0.020933158924739084,-0.04621316574248441
d10_e120_rolling_once,pf2_posthoc,0.1,120,True,False,100,250,all_orders,1.2997379508771922,1.2997379508771922,-2.273809524756336,0.530214424951267,0.530214424951267,0.530214424951267,0.00948389808658484,0.00948389808658484,-0.018077432521057715
d10_e120_rolling_once,pf2_posthoc,0.1,120,True,False,100,500,all_orders,2.553114799610137,2.553114799610137,-4.6653645668616,0.530214424951267,0.530214424951267,0.530214424951267,0.00948389808658484,0.00948389808658484,-0.018077432521057715
d10_e120_rolling_once,pf2_posthoc,0.1,120,True,False,100,1000,all_orders,5.079559250682258,5.079559250682258,-9.427469277582851,0.530214424951267,0.530214424951267,0.530214424951267,0.00948389808658484,0.00948389808658484,-0.018077432521057715
d10_e120_rolling_once,pf2_posthoc,0.1,120,True,False,150,250,all_orders,0.6559916456140334,0.6559916456140334,-2.9175558300194933,0.530214424951267,0.530214424951267,0.530214424951267,0.004483898086584825,0.004483898086584825,-0.023077432521057744
d10_e120_rolling_once,pf2_posthoc,0.1,120,True,False,150,500,all_orders,1.2469607013645194,1.2469607013645194,-5.971518665107214,0.530214424951267,0.530214424951267,0.530214424951267,0.004483898086584825,0.004483898086584825,-0.023077432521057744
d10_e120_rolling_once,pf2_posthoc,0.1,120,True,False,150,1000,all_orders,2.448524455945413,2.448524455945413,-12.058504072319687,0.530214424951267,0.530214424951267,0.530214424951267,0.004483898086584825,0.004483898086584825,-0.023077432521057744
d10_e120_rolling_once,pf2_posthoc,0.1,120,True,False,200,250,all_orders,0.012245340350875178,0.012245340350875178,-3.5613021352826535,0.530214424951267,0.530214424951267,0.530214424951267,-0.0005161019134152046,-0.0005161019134152046,-0.028077432521057738
d10_e120_rolling_once,pf2_posthoc,0.1,120,True,False,200,500,all_orders,-0.059193396881096795,-0.059193396881096795,-7.277672763352831,0.530214424951267,0.530214424951267,0.530214424951267,-0.0005161019134152046,-0.0005161019134152046,-0.028077432521057738
d10_e120_rolling_once,pf2_posthoc,0.1,120,True,False,200,1000,all_orders,-0.1825103387914317,-0.1825103387914317,-14.689538867056541,0.530214424951267,0.530214424951267,0.530214424951267,-0.0005161019134152046,-0.0005161019134152046,-0.028077432521057738
d10_e120_rolling_once,pf2_preorder,0.1,120,True,False,100,250,pf2_preorder,0.47996672631578885,0.5819222818713443,-4.646717474463938,0.7719298245614035,0.7719298245614035,0.7719298245614035,0.002086389320727843,0.002619498187170042,-0.025166170141987527
d10_e120_rolling_once,pf2_preorder,0.1,120,True,False,100,500,pf2_preorder,0.7448120403508761,0.9487231514619872,-9.634125766666676,0.7738791423001949,0.7738791423001949,0.7738791423001949,0.001640607763524779,0.00217237378647468,-0.025543305453692565
d10_e120_rolling_once,pf2_preorder,0.1,120,True,False,100,1000,pf2_preorder,1.4485651816764111,1.8591429594541893,-19.432535290058485,0.7738791423001949,0.7738791423001949,0.7738791423001949,0.001640607763524779,0.00217237378647468,-0.025543305453692565
d10_e120_rolling_once,pf2_preorder,0.1,120,True,False,150,250,pf2_preorder,-0.4510399280701768,-0.34908437251462104,-5.577724128849899,0.7719298245614035,0.7719298245614035,0.7719298245614035,-0.002913610679272149,-0.0023805018128299506,-0.030166170141987535
d10_e120_rolling_once,pf2_preorder,0.1,120,True,False,150,500,pf2_preorder,-1.1547589833333354,-0.9508478722222244,-11.533696790350872,0.7738791423001949,0.7738791423001949,0.7738791423001949,-0.003359392236475214,-0.0028276262135253118,-0.030543305453692576
d10_e120_rolling_once,pf2_preorder,0.1,120,True,False,150,1000,pf2_preorder,-2.3846096884990295,-1.9740319107212516,-23.265710160233912,0.7738791423001949,0.7738791423001949,0.7738791423001949,-0.003359392236475214,-0.0028276262135253118,-0.030543305453692576
d10_e120_rolling_once,pf2_preorder,0.1,120,True,False,200,250,pf2_preorder,-1.3820465824561416,-1.2800910269005865,-6.508730783235872,0.7719298245614035,0.7719298245614035,0.7719298245614035,-0.00791361067927215,-0.007380501812829951,-0.03516617014198749
d10_e120_rolling_once,pf2_preorder,0.1,120,True,False,200,500,pf2_preorder,-3.054330007017544,-2.850418895906433,-13.433267814035093,0.7738791423001949,0.7738791423001949,0.7738791423001949,-0.008359392236475215,-0.007827626213525313,-0.03554330545369253
d10_e120_rolling_once,pf2_preorder,0.1,120,True,False,200,1000,pf2_preorder,-6.217784558674469,-5.807206780896691,-27.098885030409363,0.7738791423001949,0.7738791423001949,0.7738791423001949,-0.008359392236475215,-0.007827626213525313,-0.03554330545369253
d10_e120_rolling_rearm,all_orders,0.1,120,True,True,100,250,all_orders,0.17089568362572904,0.9810104984405438,-11.310985864132562,1.9161793372319689,1.9161793372319689,1.912280701754386,2.1459414465484633e-05,0.0017395559443626261,-0.024773476108847135
d10_e120_rolling_rearm,all_orders,0.1,120,True,True,100,500,all_orders,0.014548480896681697,1.6466669994152012,-23.29073241578947,1.9239766081871346,1.9239766081871346,1.9200779727095516,-0.00028934682381893186,0.0014217868022083093,-0.024984223332292287
d10_e120_rolling_rearm,all_orders,0.1,120,True,True,100,1000,all_orders,-0.16430052982457355,3.1183105812865426,-47.18307987290447,1.9239766081871346,1.9239766081871346,1.9200779727095516,-0.00028934682381893186,0.0014217868022083093,-0.024984223332292287
d10_e120_rolling_rearm,all_orders,0.1,120,True,True,150,250,all_orders,-2.1281204804093594,-1.318005665594546,-13.605311414132553,1.9161793372319689,1.9161793372319689,1.912280701754386,-0.004978540585534517,-0.003260444055637377,-0.02977347610884714
d10_e120_rolling_rearm,all_orders,0.1,120,True,True,150,500,all_orders,-4.690243691910341,-3.0581251733918213,-27.985916167543863,1.9239766081871346,1.9239766081871346,1.9200779727095516,-0.005289346823818933,-0.003578213197791689,-0.02998422333229229
d10_e120_rolling_rearm,all_orders,0.1,120,True,True,150,1000,all_orders,-9.684388829824574,-6.401777718713467,-56.68388931325536,1.9239766081871346,1.9239766081871346,1.9200779727095516,-0.005289346823818933,-0.003578213197791689,-0.02998422333229229
d10_e120_rolling_rearm,all_orders,0.1,120,True,True,200,250,all_orders,-4.427136644444449,-3.6170218296296364,-15.89963696413257,1.9161793372319689,1.9161793372319689,1.912280701754386,-0.009978540585534521,-0.008260444055637379,-0.03477347610884712
d10_e120_rolling_rearm,all_orders,0.1,120,True,True,200,500,all_orders,-9.395035864717357,-7.762917346198837,-32.681099919298255,1.9239766081871346,1.9239766081871346,1.9200779727095516,-0.010289346823818936,-0.008578213197791694,-0.03498422333229227
d10_e120_rolling_rearm,all_orders,0.1,120,True,True,200,1000,all_orders,-19.204477129824586,-15.921866018713468,-66.18469875360624,1.9239766081871346,1.9239766081871346,1.9200779727095516,-0.010289346823818936,-0.008578213197791694,-0.03498422333229227
d10_e120_rolling_rearm,pf2_posthoc,0.1,120,True,True,100,250,all_orders,3.6054302038986283,4.109078352046778,-4.78371956998051,1.2962962962962963,1.2962962962962963,1.2923976608187135,0.011187328447369315,0.0127746300346709,-0.015487403862634374
d10_e120_rolling_rearm,pf2_posthoc,0.1,120,True,True,100,500,all_orders,7.1005196165691915,8.119704801754375,-9.883423853216382,1.3001949317738792,1.3001949317738792,1.2962962962962963,0.010766967515887831,0.012349509578190015,-0.015828804278691728
d10_e120_rolling_rearm,pf2_posthoc,0.1,120,True,True,100,1000,all_orders,14.15388887953214,16.20512221286548,-20.083485590253414,1.3001949317738792,1.3001949317738792,1.2962962962962963,0.010766967515887831,0.012349509578190015,-0.015828804278691728
d10_e120_rolling_rearm,pf2_posthoc,0.1,120,True,True,150,250,all_orders,2.045386426705649,2.549034574853797,-6.339072733138406,1.2962962962962963,1.2962962962962963,1.2923976608187135,0.006187328447369314,0.007774630034670888,-0.020487403862634368
d10_e120_rolling_rearm,pf2_posthoc,0.1,120,True,True,150,500,all_orders,3.914784298148141,4.933969483333318,-13.059550750584798,1.3001949317738792,1.3001949317738792,1.2962962962962963,0.005766967515887833,0.007349509578190001,-0.02082880427869173
d10_e120_rolling_rearm,pf2_posthoc,0.1,120,True,True,150,1000,all_orders,7.71586385146197,9.767097184795295,-26.502231758674466,1.3001949317738792,1.3001949317738792,1.2962962962962963,0.005766967515887833,0.007349509578190001,-0.02082880427869173
d10_e120_rolling_rearm,pf2_posthoc,0.1,120,True,True,200,250,all_orders,0.485342649512666,0.9889907976608139,-7.894425896296297,1.2962962962962963,1.2962962962962963,1.2923976608187135,0.0011873284473693042,0.0027746300346708974,-0.02548740386263435
d10_e120_rolling_rearm,pf2_posthoc,0.1,120,True,True,200,500,all_orders,0.7290489797270882,1.7482341649122701,-16.235677647953217,1.3001949317738792,1.3001949317738792,1.2962962962962963,0.0007669675158878237,0.0023495095781900085,-0.025828804278691702
d10_e120_rolling_rearm,pf2_posthoc,0.1,120,True,True,200,1000,all_orders,1.277838823391792,3.3290721567251245,-32.92097792709553,1.3001949317738792,1.3001949317738792,1.2962962962962963,0.0007669675158878237,0.0023495095781900085,-0.025828804278691702
d10_e120_rolling_rearm,pf2_preorder,0.1,120,True,True,100,250,pf2_preorder,3.0310277087719255,3.6366314124756283,-6.615832396491234,1.5594541910331383,1.5594541910331383,1.5555555555555556,0.007849669032893709,0.00943300236622704,-0.01770731045508312
d10_e120_rolling_rearm,pf2_preorder,0.1,120,True,True,100,500,pf2_preorder,5.966524938206621,7.189621234502913,-13.605987927290453,1.5633528265107213,1.5633528265107213,1.5594541910331383,0.007508390451261292,0.009087775322416735,-0.017985549784449672
d10_e120_rolling_rearm,pf2_preorder,0.1,120,True,True,100,1000,pf2_preorder,11.928712212865488,14.390523323976593,-27.532563036647186,1.5633528265107213,1.5633528265107213,1.5594541910331383,0.007508390451261292,0.009087775322416735,-0.017985549784449672
d10_e120_rolling_rearm,pf2_preorder,0.1,120,True,True,150,250,pf2_preorder,1.1576767385964866,1.763280442300191,-8.484492752631583,1.5594541910331383,1.5594541910331383,1.5555555555555556,0.002849669032893707,0.004433002366227037,-0.022707310455083146
d10_e120_rolling_rearm,pf2_preorder,0.1,120,True,True,150,500,pf2_preorder,2.139018303996093,3.3621146002923883,-17.42388614044835,1.5633528265107213,1.5633528265107213,1.5594541910331383,0.00250839045126129,0.004087775322416732,-0.022985549784449697
d10_e120_rolling_rearm,pf2_preorder,0.1,120,True,True,150,1000,pf2_preorder,4.190353237426887,6.652164348537997,-35.25164315243666,1.5633528265107213,1.5633528265107213,1.5594541910331383,0.00250839045126129,0.004087775322416732,-0.022985549784449697
d10_e120_rolling_rearm,pf2_preorder,0.1,120,True,True,200,250,pf2_preorder,-0.7156742315789532,-0.11007052787524874,-10.353153108771936,1.5594541910331383,1.5594541910331383,1.5555555555555556,-0.0021503309671062993,-0.0005669976337729687,-0.027707310455083144
d10_e120_rolling_rearm,pf2_preorder,0.1,120,True,True,200,500,pf2_preorder,-1.688488330214436,-0.46539203391813927,-21.241784353606242,1.5633528265107213,1.5633528265107213,1.5594541910331383,-0.0024916095487387147,-0.0009122246775832733,-0.0279855497844497
d10_e120_rolling_rearm,pf2_preorder,0.1,120,True,True,200,1000,pf2_preorder,-3.5480057380117187,-1.0861946269006064,-42.97072326822615,1.5633528265107213,1.5633528265107213,1.5594541910331383,-0.0024916095487387147,-0.0009122246775832733,-0.0279855497844497
d10_e120_static_once,all_orders,0.1,120,False,False,100,250,all_orders,-2.1348883419103326,-1.8292364900584805,-5.438566217153997,0.7933723196881092,0.7933723196881092,0.7933723196881092,-0.011858051111581384,-0.010301949555479832,-0.02888534082535447
d10_e120_static_once,all_orders,0.1,120,False,False,100,500,all_orders,-4.473151778752438,-3.8603295565302176,-11.140837256335285,0.7953216374269005,0.7953216374269005,0.7953216374269005,-0.012114146454074987,-0.010561858872375648,-0.029099702614628038
d10_e120_static_once,all_orders,0.1,120,False,False,100,1000,all_orders,-9.329049557504872,-8.096375483430796,-22.749792150097456,0.7953216374269005,0.7953216374269005,0.7953216374269005,-0.012114146454074987,-0.010561858872375648,-0.029099702614628038
d10_e120_static_once,all_orders,0.1,120,False,False,150,250,all_orders,-3.0959575927875247,-2.790305740935673,-6.399635468031189,0.7933723196881092,0.7933723196881092,0.7933723196881092,-0.0168580511115814,-0.015301949555479845,-0.033885340825354465
d10_e120_static_once,all_orders,0.1,120,False,False,150,500,all_orders,-6.427026669103318,-5.814204446881098,-13.09471214668617,0.7953216374269005,0.7953216374269005,0.7953216374269005,-0.017114146454075004,-0.01556185887237566,-0.03409970261462804
d10_e120_static_once,all_orders,0.1,120,False,False,150,1000,all_orders,-13.272676101364528,-12.040002027290457,-26.69341869395712,0.7953216374269005,0.7953216374269005,0.7953216374269005,-0.017114146454075004,-0.01556185887237566,-0.03409970261462804
d10_e120_static_once,all_orders,0.1,120,False,False,200,250,all_orders,-4.05702684366472,-3.7513749918128667,-7.360704718908384,0.7933723196881092,0.7933723196881092,0.7933723196881092,-0.0218580511115814,-0.02030194955547985,-0.03888534082535444
d10_e120_static_once,all_orders,0.1,120,False,False,200,500,all_orders,-8.380901559454198,-7.768079337231973,-15.048587037037047,0.7953216374269005,0.7953216374269005,0.7953216374269005,-0.022114146454075004,-0.020561858872375664,-0.039099702614628015
d10_e120_static_once,all_orders,0.1,120,False,False,200,1000,all_orders,-17.21630264522419,-15.983628571150117,-30.637045237816782,0.7953216374269005,0.7953216374269005,0.7953216374269005,-0.022114146454075004,-0.020561858872375664,-0.039099702614628015
d10_e120_static_once,pf2_posthoc,0.1,120,False,False,100,250,all_orders,-0.19729942923976665,-0.09534387368421113,-2.564845335672516,0.47173489278752434,0.47173489278752434,0.47173489278752434,-0.0022194344680064254,-0.0013470745047373714,-0.02269360711143828
d10_e120_static_once,pf2_posthoc,0.1,120,False,False,100,500,all_orders,-0.3956338461988313,-0.19172273508772045,-5.176196126900583,0.47173489278752434,0.47173489278752434,0.47173489278752434,-0.0022194344680064254,-0.0013470745047373714,-0.02269360711143828
d10_e120_static_once,pf2_posthoc,0.1,120,False,False,100,1000,all_orders,-0.921988269395713,-0.5114104916179348,-10.526354448732938,0.47173489278752434,0.47173489278752434,0.47173489278752434,-0.0022194344680064254,-0.0013470745047373714,-0.02269360711143828
d10_e120_static_once,pf2_posthoc,0.1,120,False,False,150,250,all_orders,-0.7700367432748549,-0.6680811877192993,-3.1375826497076043,0.47173489278752434,0.47173489278752434,0.47173489278752434,-0.007219434468006415,-0.006347074504737362,-0.02769360711143831
d10_e120_static_once,pf2_posthoc,0.1,120,False,False,150,500,all_orders,-1.5579617488304118,-1.3540506377192998,-6.338524029532163,0.47173489278752434,0.47173489278752434,0.47173489278752434,-0.007219434468006415,-0.006347074504737362,-0.02769360711143831
d10_e120_static_once,pf2_posthoc,0.1,120,False,False,150,1000,all_orders,-3.263615065886943,-2.853037288109165,-12.867981245224179,0.47173489278752434,0.47173489278752434,0.47173489278752434,-0.007219434468006415,-0.006347074504737362,-0.02769360711143831
d10_e120_static_once,pf2_posthoc,0.1,120,False,False,200,250,all_orders,-1.3427740573099434,-1.2408185017543878,-3.71031996374269,0.47173489278752434,0.47173489278752434,0.47173489278752434,-0.012219434468006421,-0.011347074504737367,-0.03269360711143831
d10_e120_static_once,pf2_posthoc,0.1,120,False,False,200,500,all_orders,-2.7202896514619908,-2.5163785403508805,-7.500851932163748,0.47173489278752434,0.47173489278752434,0.47173489278752434,-0.012219434468006421,-0.011347074504737367,-0.03269360711143831
d10_e120_static_once,pf2_posthoc,0.1,120,False,False,200,1000,all_orders,-5.605241862378173,-5.194664084600395,-15.209608041715406,0.47173489278752434,0.47173489278752434,0.47173489278752434,-0.012219434468006421,-0.011347074504737367,-0.03269360711143831
d10_e120_static_once,pf2_preorder,0.1,120,False,False,100,250,pf2_preorder,0.11640462670565281,0.21836018226120843,-3.245837770955167,0.6081871345029239,0.6081871345029239,0.6081871345029239,0.0005804911934912574,0.0012571293701294332,-0.02199540298353787
d10_e120_static_once,pf2_preorder,0.1,120,False,False,100,500,pf2_preorder,0.19651355594541808,0.40042466705652924,-6.596274065886938,0.6101364522417154,0.6101364522417154,0.6101364522417154,0.00022709408023470915,0.000901570473560941,-0.022276672639359823
d10_e120_static_once,pf2_preorder,0.1,120,False,False,100,1000,pf2_preorder,0.3105728214424926,0.7211505992202701,-13.339342090838203,0.6101364522417154,0.6101364522417154,0.6101364522417154,0.00022709408023470915,0.000901570473560941,-0.022276672639359823
d10_e120_static_once,pf2_preorder,0.1,120,False,False,150,250,pf2_preorder,-0.619657140838207,-0.517701585282652,-3.981899538499024,0.6081871345029239,0.6081871345029239,0.6081871345029239,-0.0044195088065087365,-0.0037428706298705595,-0.026995402983537902
d10_e120_static_once,pf2_preorder,0.1,120,False,False,150,500,pf2_preorder,-1.3032888230019508,-1.0993777118908392,-8.09607644483431,0.6101364522417154,0.6101364522417154,0.6101364522417154,-0.004772905919765284,-0.004098429526439053,-0.027276672639359845
d10_e120_static_once,pf2_preorder,0.1,120,False,False,150,1000,pf2_preorder,-2.712399901364527,-2.3018221235867484,-16.36231481364523,0.6101364522417154,0.6101364522417154,0.6101364522417154,-0.004772905919765284,-0.004098429526439053,-0.027276672639359845
d10_e120_static_once,pf2_preorder,0.1,120,False,False,200,250,pf2_preorder,-1.3557189083820684,-1.2537633528265129,-4.717961306042885,0.6081871345029239,0.6081871345029239,0.6081871345029239,-0.009419508806508742,-0.008742870629870564,-0.03199540298353787
d10_e120_static_once,pf2_preorder,0.1,120,False,False,200,500,pf2_preorder,-2.803091201949322,-2.5991800908382108,-9.595878823781678,0.6101364522417154,0.6101364522417154,0.6101364522417154,-0.00977290591976529,-0.009098429526439057,-0.032276672639359814
d10_e120_static_once,pf2_preorder,0.1,120,False,False,200,1000,pf2_preorder,-5.735372624171542,-5.324794846393765,-19.385287536452257,0.6101364522417154,0.6101364522417154,0.6101364522417154,-0.00977290591976529,-0.009098429526439057,-0.032276672639359814
d10_e120_static_rearm,all_orders,0.1,120,False,True,100,250,all_orders,-2.316680007212478,-1.8117633405458113,-6.722906264522415,1.060428849902534,1.060428849902534,1.060428849902534,-0.009409380429801197,-0.007469020952677015,-0.02643097163274308
d10_e120_static_rearm,all_orders,0.1,120,False,True,100,500,all_orders,-4.794435302534115,-3.7721482654970813,-13.699472339571154,1.0623781676413255,1.0623781676413255,1.0623781676413255,-0.00960559248561619,-0.007668793301110582,-0.026595951411121487
d10_e120_static_rearm,all_orders,0.1,120,False,True,100,1000,all_orders,-9.930786955945418,-7.879183252241718,-27.858403057309932,1.0623781676413255,1.0623781676413255,1.0623781676413255,-0.00960559248561619,-0.007668793301110582,-0.026595951411121487
d10_e120_static_rearm,all_orders,0.1,120,False,True,150,250,all_orders,-3.598178930896689,-3.093262264230022,-8.00442518820663,1.060428849902534,1.060428849902534,1.060428849902534,-0.014409380429801203,-0.012469020952677025,-0.03143097163274308
d10_e120_static_rearm,all_orders,0.1,120,False,True,150,500,all_orders,-7.402407783235872,-6.380120746198837,-16.3074057851852,1.0623781676413255,1.0623781676413255,1.0623781676413255,-0.014605592485616197,-0.0126687933011106,-0.03159595141112149
d10_e120_static_rearm,all_orders,0.1,120,False,True,150,1000,all_orders,-15.196608768226131,-13.14500506452242,-33.12418706257309,1.0623781676413255,1.0623781676413255,1.0623781676413255,-0.014605592485616197,-0.0126687933011106,-0.03159595141112149
d10_e120_static_rearm,all_orders,0.1,120,False,True,200,250,all_orders,-4.879677854580897,-4.374761187914228,-9.285944111890839,1.060428849902534,1.060428849902534,1.060428849902534,-0.01940938042980122,-0.01746902095267703,-0.03643097163274306
d10_e120_static_rearm,all_orders,0.1,120,False,True,200,500,all_orders,-10.01038026393762,-8.98809322690059,-18.91533923079922,1.0623781676413255,1.0623781676413255,1.0623781676413255,-0.019605592485616212,-0.017668793301110604,-0.03659595141112146
d10_e120_static_rearm,all_orders,0.1,120,False,True,200,1000,all_orders,-20.462430580506837,-18.41082687680313,-38.38997106783624,1.0623781676413255,1.0623781676413255,1.0623781676413255,-0.019605592485616212,-0.017668793301110604,-0.03659595141112146
d10_e120_static_rearm,pf2_posthoc,0.1,120,False,True,100,250,all_orders,0.16940093274853726,0.47062130311890754,-3.1703907436647203,0.7115009746588694,0.7115009746588694,0.7134502923976608,0.0008724030671456135,0.002607562884497213,-0.018281933602583768
d10_e120_static_rearm,pf2_posthoc,0.1,120,False,True,100,500,all_orders,0.38960715243664534,1.002983078362571,-6.3631301380116945,0.7115009746588694,0.7115009746588694,0.7134502923976608,0.0008724030671456135,0.002607562884497213,-0.018281933602583768
d10_e120_static_rearm,pf2_posthoc,0.1,120,False,True,100,1000,all_orders,0.7048547220272869,1.9343621294346942,-12.877037305263151,0.7115009746588694,0.7115009746588694,0.7134502923976608,0.0008724030671456135,0.002607562884497213,-0.018281933602583768
d10_e120_static_rearm,pf2_posthoc,0.1,120,False,True,150,250,all_orders,-0.6911626330409367,-0.3899422626705671,-4.033336063840157,0.7115009746588694,0.7115009746588694,0.7134502923976608,-0.004127596932854385,-0.002392437115502785,-0.02328193360258379
d10_e120_static_rearm,pf2_posthoc,0.1,120,False,True,150,500,all_orders,-1.3600743054580928,-0.7466983795321678,-8.117619666081874,0.7115009746588694,0.7115009746588694,0.7134502923976608,-0.004127596932854385,-0.002392437115502785,-0.02328193360258379
d10_e120_static_rearm,pf2_posthoc,0.1,120,False,True,150,1000,all_orders,-2.823866816569208,-1.594359409161802,-16.415460949122814,0.7115009746588694,0.7115009746588694,0.7134502923976608,-0.004127596932854385,-0.002392437115502785,-0.02328193360258379
d10_e120_static_rearm,pf2_posthoc,0.1,120,False,True,200,250,all_orders,-1.5517261988304123,-1.2505058284600417,-4.896281384015595,0.7115009746588694,0.7115009746588694,0.7134502923976608,-0.009127596932854386,-0.007392437115502785,-0.02828193360258379
d10_e120_static_rearm,pf2_posthoc,0.1,120,False,True,200,500,all_orders,-3.1097557633528328,-2.4963798374269075,-9.872109194152047,0.7115009746588694,0.7115009746588694,0.7134502923976608,-0.009127596932854386,-0.007392437115502785,-0.02828193360258379
d10_e120_static_rearm,pf2_posthoc,0.1,120,False,True,200,1000,all_orders,-6.352588355165702,-5.123080947758295,-19.95388459298245,0.7115009746588694,0.7115009746588694,0.7134502923976608,-0.009127596932854386,-0.007392437115502785,-0.02828193360258379
d10_e120_static_rearm,pf2_preorder,0.1,120,False,True,100,250,pf2_preorder,0.5624081257309934,0.863628496101364,-3.514858911306045,0.8206627680311891,0.8206627680311891,0.8206627680311891,0.002703291721837226,0.004207646432842769,-0.017615874400256127
d10_e120_static_rearm,pf2_preorder,0.1,120,False,True,100,500,pf2_preorder,1.091681431189083,1.7050573571150087,-7.148830557115008,0.8226120857699805,0.8226120857699805,0.8226120857699805,0.0024361445726010984,0.003936934462016582,-0.01783487186673848
d10_e120_static_rearm,pf2_preorder,0.1,120,False,True,100,1000,pf2_preorder,2.1636725095516542,3.393179916959061,-14.416182168810911,0.8226120857699805,0.8226120857699805,0.8226120857699805,0.0024361445726010984,0.003936934462016582,-0.01783487186673848
d10_e120_static_rearm,pf2_preorder,0.1,120,False,True,150,250,pf2_preorder,-0.42897728216374426,-0.12775691179337367,-4.506200108674465,0.8206627680311891,0.8206627680311891,0.8206627680311891,-0.002296708278162772,-0.0007923535671572319,-0.022615874400256124
d10_e120_static_rearm,pf2_preorder,0.1,120,False,True,150,500,pf2_preorder,-0.9282408600389885,-0.31486493411306393,-9.168720392202735,0.8226120857699805,0.8226120857699805,0.8226120857699805,-0.0025638554273989004,-0.0010630655379834197,-0.022834871866738476
d10_e120_static_rearm,pf2_preorder,0.1,120,False,True,150,1000,pf2_preorder,-1.9117075816764213,-0.6822001742690129,-18.491508751267062,0.8226120857699805,0.8226120857699805,0.8226120857699805,-0.0025638554273989004,-0.0010630655379834197,-0.022834871866738476
d10_e120_static_rearm,pf2_preorder,0.1,120,False,True,200,250,pf2_preorder,-1.4203626900584825,-1.1191423196881123,-5.497541306042888,0.8206627680311891,0.8206627680311891,0.8206627680311891,-0.007296708278162774,-0.005792353567157232,-0.027615874400256122
d10_e120_static_rearm,pf2_preorder,0.1,120,False,True,200,500,pf2_preorder,-2.948163151267064,-2.3347872253411386,-11.188610227290447,0.8226120857699805,0.8226120857699805,0.8226120857699805,-0.007563855427398904,-0.00606306553798342,-0.027834871866738473
d10_e120_static_rearm,pf2_preorder,0.1,120,False,True,200,1000,pf2_preorder,-5.9870876729044955,-4.757580265497087,-22.566835333723198,0.8226120857699805,0.8226120857699805,0.8226120857699805,-0.007563855427398904,-0.00606306553798342,-0.027834871866738473
d11_e120_rolling_rearm,all_orders,0.11,120,True,True,100,250,all_orders,-2.3792342012475634,-1.6315799517348912,-11.242096087212474,1.7797270955165692,1.7797270955165692,1.7777777777777777,-0.005746852203152058,-0.004032538359421675,-0.02630602052053032
d11_e120_rolling_rearm,all_orders,0.11,120,True,True,100,500,all_orders,-4.968539765769976,-3.451814522105262,-22.948509889551648,1.7875243664717348,1.7875243664717348,1.7855750487329434,-0.00602150591485577,-0.004314669994107853,-0.026491196044943845
d11_e120_rolling_rearm,all_orders,0.11,120,True,True,100,1000,all_orders,-10.410872664113054,-7.366382137797269,-46.59246776352823,1.7875243664717348,1.7875243664717348,1.7855750487329434,-0.00602150591485577,-0.004314669994107853,-0.026491196044943845
d11_e120_rolling_rearm,all_orders,0.11,120,True,True,150,250,all_orders,-4.515880748947368,-3.768226499434699,-13.376495948752428,1.7797270955165692,1.7797270955165692,1.7777777777777777,-0.010746852203152068,-0.009032538359421678,-0.03130602052053037
d11_e120_rolling_rearm,all_orders,0.11,120,True,True,150,500,all_orders,-9.340499106062378,-7.823773862397666,-27.315751188908386,1.7875243664717348,1.7875243664717348,1.7855750487329434,-0.011021505914855779,-0.009314669994107854,-0.031491196044943895
d11_e120_rolling_rearm,all_orders,0.11,120,True,True,150,1000,all_orders,-19.25238914285576,-16.207898616539968,-55.42432349178363,1.7875243664717348,1.7875243664717348,1.7855750487329434,-0.011021505914855779,-0.009314669994107854,-0.031491196044943895
d11_e120_rolling_rearm,all_orders,0.11,120,True,True,200,250,all_orders,-6.652527296647175,-5.9048730471345054,-15.510895810292396,1.7797270955165692,1.7797270955165692,1.7777777777777777,-0.015746852203152063,-0.014032538359421677,-0.03630602052053038
d11_e120_rolling_rearm,all_orders,0.11,120,True,True,200,500,all_orders,-13.712458446354786,-12.195733202690066,-31.682992488265104,1.7875243664717348,1.7875243664717348,1.7855750487329434,-0.016021505914855776,-0.014314669994107855,-0.0364911960449439
d11_e120_rolling_rearm,all_orders,0.11,120,True,True,200,1000,all_orders,-28.09390562159843,-25.049415095282654,-64.25617922003899,1.7875243664717348,1.7875243664717348,1.7855750487329434,-0.016021505914855776,-0.014314669994107855,-0.0364911960449439
d11_e120_rolling_rearm,pf2_posthoc,0.11,120,True,True,100,250,all_orders,1.8119096462573108,2.3453654162378177,-4.728513360565301,1.1968810916179338,1.1968810916179338,1.1949317738791423,0.006162015357998388,0.007982825664333709,-0.016430473968394026
d11_e120_rolling_rearm,pf2_posthoc,0.11,120,True,True,100,500,all_orders,3.585189628654976,4.668979316764133,-9.690355972709556,1.2007797270955165,1.2007797270955165,1.1988304093567252,0.0057388906985421165,0.0075537892831036195,-0.01678081512542212
d11_e120_rolling_rearm,pf2_posthoc,0.11,120,True,True,100,1000,all_orders,6.986159568791436,9.160240387504887,-19.73552847409357,1.2007797270955165,1.2007797270955165,1.1988304093567252,0.0057388906985421165,0.0075537892831036195,-0.01678081512542212
d11_e120_rolling_rearm,pf2_posthoc,0.11,120,True,True,150,250,all_orders,0.3733234024269017,0.9067791724074077,-6.164852918235865,1.1968810916179338,1.1968810916179338,1.1949317738791423,0.0011620153579983764,0.002982825664333704,-0.021430473968394054
d11_e120_rolling_rearm,pf2_posthoc,0.11,120,True,True,150,500,all_orders,0.6447089826510749,1.7284986707602366,-12.626118577777781,1.2007797270955165,1.2007797270955165,1.1988304093567252,0.0007388906985421048,0.0025537892831036142,-0.021780815125422147
d11_e120_rolling_rearm,pf2_posthoc,0.11,120,True,True,150,1000,all_orders,1.045392619756339,3.2194734384697856,-25.666634672641326,1.2007797270955165,1.2007797270955165,1.1988304093567252,0.0007388906985421048,0.0025537892831036142,-0.021780815125422147
d11_e120_rolling_rearm,pf2_posthoc,0.11,120,True,True,200,250,all_orders,-1.06526284140351,-0.531807071423003,-7.601192475906432,1.1968810916179338,1.1968810916179338,1.1949317738791423,-0.0038379846420016324,-0.00201717433566631,-0.026430473968394038
d11_e120_rolling_rearm,pf2_posthoc,0.11,120,True,True,200,500,all_orders,-2.295771663352827,-1.211981975243666,-15.561881182845998,1.2007797270955165,1.2007797270955165,1.1988304093567252,-0.0042611093014579045,-0.002446210716896396,-0.026780815125422134
d11_e120_rolling_rearm,pf2_posthoc,0.11,120,True,True,200,1000,all_orders,-4.895374329278757,-2.7212935105653044,-31.59774087118908,1.2007797270955165,1.2007797270955165,1.1988304093567252,-0.0042611093014579045,-0.002446210716896396,-0.026780815125422134
d11_e120_rolling_rearm,pf2_preorder,0.11,120,True,True,100,250,pf2_preorder,0.4860337690643279,1.1262745682846,-6.740337444385965,1.4405458089668617,1.4405458089668617,1.4385964912280702,0.001405368559318619,0.003220758320763635,-0.01935754500951888
d11_e120_rolling_rearm,pf2_preorder,0.11,120,True,True,100,500,pf2_preorder,0.9541791783625728,2.254425006822613,-13.738299678362571,1.4444444444444444,1.4444444444444444,1.442495126705653,0.001066459656987035,0.002876949581019245,-0.019640795914235135
d11_e120_rolling_rearm,pf2_preorder,0.11,120,True,True,100,1000,pf2_preorder,1.667904851442496,4.277784032729046,-27.887649702163735,1.4444444444444444,1.4444444444444444,1.442495126705653,0.001066459656987035,0.002876949581019245,-0.019640795914235135
d11_e120_rolling_rearm,pf2_preorder,0.11,120,True,True,150,250,pf2_preorder,-1.2439697895808985,-0.6037289903606257,-8.468094316871339,1.4405458089668617,1.4405458089668617,1.4385964912280702,-0.0035946314406813864,-0.0017792416792363711,-0.0243575450095189
d11_e120_rolling_rearm,pf2_preorder,0.11,120,True,True,150,500,pf2_preorder,-2.582457384795326,-1.282211556335286,-17.27021820058479,1.4444444444444444,1.4444444444444444,1.442495126705653,-0.003933540343012971,-0.0021230504189807624,-0.02464079591423515
d11_e120_rolling_rearm,pf2_preorder,0.11,120,True,True,150,1000,pf2_preorder,-5.478659427027297,-2.868780245740747,-35.024553230146196,1.4444444444444444,1.4444444444444444,1.442495126705653,-0.003933540343012971,-0.0021230504189807624,-0.02464079591423515
d11_e120_rolling_rearm,pf2_preorder,0.11,120,True,True,200,250,pf2_preorder,-2.9739733482261217,-2.3337325490058505,-10.195851189356729,1.4405458089668617,1.4405458089668617,1.4385964912280702,-0.008594631440681387,-0.006779241679236376,-0.02935754500951892
d11_e120_rolling_rearm,pf2_preorder,0.11,120,True,True,200,500,pf2_preorder,-6.11909394795322,-4.818848119493182,-20.802136722807017,1.4444444444444444,1.4444444444444444,1.442495126705653,-0.008933540343012972,-0.007123050418980767,-0.02964079591423517
d11_e120_rolling_rearm,pf2_preorder,0.11,120,True,True,200,1000,pf2_preorder,-12.625223705497088,-10.015344524210539,-42.16145675812865,1.4444444444444444,1.4444444444444444,1.442495126705653,-0.008933540343012972,-0.007123050418980767,-0.02964079591423517
d12_e010_rolling_rearm,all_orders,0.12,10,True,True,100,250,all_orders,1.0638153339571148,1.8500269518908388,-6.002942779103309,1.2222222222222223,1.2222222222222223,1.2222222222222223,0.003356238473101434,0.005995066949250484,-0.020579771149152264
d12_e010_rolling_rearm,all_orders,0.12,10,True,True,100,500,all_orders,2.102249335048735,3.7002610309551702,-12.25359943688109,1.2280701754385965,1.2280701754385965,1.2280701754385965,0.003126390073569479,0.005752652699832106,-0.020695638550483012
d12_e010_rolling_rearm,all_orders,0.12,10,True,True,100,1000,all_orders,3.994840941130598,7.202951038596497,-24.93971691461987,1.2280701754385965,1.2280701754385965,1.2280701754385965,0.003126390073569479,0.005752652699832106,-0.020695638550483012
d12_e010_rolling_rearm,all_orders,0.12,10,True,True,150,250,all_orders,-0.4033772236257301,0.3828343943079935,-7.470135336686156,1.2222222222222223,1.2222222222222223,1.2222222222222223,-0.0016437615268985683,0.000995066949250486,-0.025579771149152285
d12_e010_rolling_rearm,all_orders,0.12,10,True,True,150,500,all_orders,-0.9012210695516549,0.6967906263547774,-15.257069841481478,1.2280701754385965,1.2280701754385965,1.2280701754385965,-0.0018736099264305233,0.0007526526998321071,-0.025695638550483034
d12_e010_rolling_rearm,all_orders,0.12,10,True,True,150,1000,all_orders,-2.08070833645224,1.1274017610136504,-31.01526619220274,1.2280701754385965,1.2280701754385965,1.2280701754385965,-0.0018736099264305233,0.0007526526998321071,-0.025695638550483034
d12_e010_rolling_rearm,all_orders,0.12,10,True,True,200,250,all_orders,-1.8705697812085773,-1.0843581632748531,-8.937327894269004,1.2222222222222223,1.2222222222222223,1.2222222222222223,-0.006643761526898576,-0.004004933050749521,-0.030579771149152248
d12_e010_rolling_rearm,all_orders,0.12,10,True,True,200,500,all_orders,-3.904691474152046,-2.306679778245612,-18.26054024608185,1.2280701754385965,1.2280701754385965,1.2280701754385965,-0.0068736099264305305,-0.0042473473001678995,-0.030695638550482997
d12_e010_rolling_rearm,all_orders,0.12,10,True,True,200,1000,all_orders,-8.156257614035093,-4.948147516569196,-37.09081546978558,1.2280701754385965,1.2280701754385965,1.2280701754385965,-0.0068736099264305305,-0.0042473473001678995,-0.030695638550482997
d12_e010_rolling_rearm,pf2_posthoc,0.12,10,True,True,100,250,all_orders,2.7803434867836243,3.3379253971150105,-2.4881644898245625,0.8382066276803118,0.8382066276803118,0.8382066276803118,0.013567907255381288,0.016316321631702643,-0.012505622222983731
d12_e010_rolling_rearm,pf2_posthoc,0.12,10,True,True,100,500,all_orders,5.5968277023001916,6.735852731539956,-5.130440952670568,0.8401559454191033,0.8401559454191033,0.8401559454191033,0.013232796545870212,0.015974834090691982,-0.012780237504470758
d12_e010_rolling_rearm,pf2_posthoc,0.12,10,True,True,100,1000,all_orders,11.129871347368425,13.420008111500982,-10.487907872904492,0.8401559454191033,0.8401559454191033,0.8401559454191033,0.013232796545870212,0.015974834090691982,-0.012780237504470758
d12_e010_rolling_rearm,pf2_posthoc,0.12,10,True,True,150,250,all_orders,1.7720687677972704,2.3296506781286546,-3.4964392088109144,0.8382066276803118,0.8382066276803118,0.8382066276803118,0.008567907255381303,0.011316321631702642,-0.01750562222298373
d12_e010_rolling_rearm,pf2_posthoc,0.12,10,True,True,150,500,all_orders,3.5378567347368435,4.67688176397661,-7.189411920233916,0.8401559454191033,0.8401559454191033,0.8401559454191033,0.008232796545870228,0.010974834090691984,-0.017780237504470758
d12_e010_rolling_rearm,pf2_posthoc,0.12,10,True,True,150,1000,all_orders,6.97049520662768,9.260631970760238,-14.647284013645223,0.8401559454191033,0.8401559454191033,0.8401559454191033,0.008232796545870228,0.010974834090691984,-0.017780237504470758
d12_e010_rolling_rearm,pf2_posthoc,0.12,10,True,True,200,250,all_orders,0.7637940488109156,1.3213759591423007,-4.504713927797273,0.8382066276803118,0.8382066276803118,0.8382066276803118,0.0035679072553812985,0.0063163216317026535,-0.022505622222983728
d12_e010_rolling_rearm,pf2_posthoc,0.12,10,True,True,200,500,all_orders,1.478885767173489,2.6179107964132533,-9.248382887797275,0.8401559454191033,0.8401559454191033,0.8401559454191033,0.003232796545870223,0.005974834090691993,-0.022780237504470755
d12_e010_rolling_rearm,pf2_posthoc,0.12,10,True,True,200,1000,all_orders,2.811119065886939,5.101255830019493,-18.806660154385973,0.8401559454191033,0.8401559454191033,0.8401559454191033,0.003232796545870223,0.005974834090691993,-0.022780237504470755
d12_e010_rolling_rearm,pf2_preorder,0.12,10,True,True,100,250,pf2_preorder,3.1974129136842095,3.8696259351267055,-2.4020988835867456,0.9707602339181286,0.9707602339181286,0.9707602339181286,0.01375937038724578,0.01660712504222935,-0.010177795445661577
d12_e010_rolling_rearm,pf2_preorder,0.12,10,True,True,100,500,pf2_preorder,6.536399678908374,7.904686930370364,-4.869155759688117,0.9727095516569201,0.9727095516569201,0.9727095516569201,0.013469542373355724,0.016311590105183012,-0.010419653187341397
d12_e010_rolling_rearm,pf2_preorder,0.12,10,True,True,100,1000,pf2_preorder,13.092527596881089,15.841188805458094,-9.89166565847954,0.9727095516569201,0.9727095516569201,0.9727095516569201,0.013469542373355724,0.016311590105183012,-0.010419653187341397
d12_e010_rolling_rearm,pf2_preorder,0.12,10,True,True,150,250,pf2_preorder,2.0298399256920074,2.702052947134505,-3.569671871578946,0.9707602339181286,0.9707602339181286,0.9707602339181286,0.008759370387245792,0.011607125042229362,-0.015177795445661583
d12_e010_rolling_rearm,pf2_preorder,0.12,10,True,True,150,500,pf2_preorder,4.152586317582848,5.5208735690448405,-7.252969121013641,0.9727095516569201,0.9727095516569201,0.9727095516569201,0.008469542373355737,0.011311590105183027,-0.015419653187341405
d12_e010_rolling_rearm,pf2_preorder,0.12,10,True,True,150,1000,pf2_preorder,8.27773346003899,11.026394668615984,-14.70645979532163,0.9727095516569201,0.9727095516569201,0.9727095516569201,0.008469542373355737,0.011311590105183027,-0.015419653187341405
d12_e010_rolling_rearm,pf2_preorder,0.12,10,True,True,200,250,pf2_preorder,0.8622669376998046,1.5344799591423013,-4.737244859571154,0.9707602339181286,0.9707602339181286,0.9707602339181286,0.0037593703872457907,0.006607125042229364,-0.02017779544566158
d12_e010_rolling_rearm,pf2_preorder,0.12,10,True,True,200,500,pf2_preorder,1.7687729562573098,3.137060207719298,-9.636782482339187,0.9727095516569201,0.9727095516569201,0.9727095516569201,0.003469542373355735,0.00631159010518303,-0.0204196531873414
d12_e010_rolling_rearm,pf2_preorder,0.12,10,True,True,200,1000,pf2_preorder,3.462939323196882,6.21160053177388,-19.52125393216375,0.9727095516569201,0.9727095516569201,0.9727095516569201,0.003469542373355735,0.00631159010518303,-0.0204196531873414
d12_e010_static_rearm,all_orders,0.12,10,False,True,100,250,all_orders,0.9748302499805064,1.4225289634307985,-3.1589765804288517,0.5886939571150097,0.5886939571150097,0.5886939571150097,0.006724916589533142,0.009855560779779985,-0.022300582178724937
d12_e010_static_rearm,all_orders,0.12,10,False,True,100,500,all_orders,1.9573119471345013,2.8682951830019503,-6.451147444678362,0.5886939571150097,0.5886939571150097,0.5886939571150097,0.006724916589533142,0.009855560779779985,-0.022300582178724937
d12_e010_static_rearm,all_orders,0.12,10,False,True,100,1000,all_orders,3.929821533879141,5.758583483196883,-13.016237405692008,0.5886939571150097,0.5886939571150097,0.5886939571150097,0.006724916589533142,0.009855560779779985,-0.022300582178724937
d12_e010_static_rearm,all_orders,0.12,10,False,True,150,250,all_orders,0.26721969231968784,0.7149184057699812,-3.8665599490058495,0.5886939571150097,0.5886939571150097,0.5886939571150097,0.0017249165895331325,0.004855560779779987,-0.02730058217872495
d12_e010_static_rearm,all_orders,0.12,10,False,True,150,500,all_orders,0.5118147706042866,1.4227980064717363,-7.896628410682262,0.5886939571150097,0.5886939571150097,0.5886939571150097,0.0017249165895331325,0.004855560779779987,-0.02730058217872495
d12_e010_static_rearm,all_orders,0.12,10,False,True,150,1000,all_orders,1.0102383600779716,2.839000309395713,-15.935826326081868,0.5886939571150097,0.5886939571150097,0.5886939571150097,0.0017249165895331325,0.004855560779779987,-0.02730058217872495
d12_e010_static_rearm,all_orders,0.12,10,False,True,200,250,all_orders,-0.44039086534113137,0.0073078481091607556,-4.574143317582848,0.5886939571150097,0.5886939571150097,0.5886939571150097,-0.0032750834104668777,-0.00014443922022003272,-0.03230058217872492
d12_e010_static_rearm,all_orders,0.12,10,False,True,200,500,all_orders,-0.9336824059259282,-0.022699170058481568,-9.342109376686158,0.5886939571150097,0.5886939571150097,0.5886939571150097,-0.0032750834104668777,-0.00014443922022003272,-0.03230058217872492
d12_e010_static_rearm,all_orders,0.12,10,False,True,200,1000,all_orders,-1.909344813723201,-0.08058286440545973,-18.855415246471726,0.5886939571150097,0.5886939571150097,0.5886939571150097,-0.0032750834104668777,-0.00014443922022003272,-0.03230058217872492
d12_e010_static_rearm,pf2_posthoc,0.12,10,False,True,100,250,all_orders,1.442624199298244,1.8903229127485368,-1.440105157426901,0.42105263157894735,0.42105263157894735,0.42105263157894735,0.014490534759295523,0.018867639136399897,-0.013977641244918527
d12_e010_static_rearm,pf2_posthoc,0.12,10,False,True,100,500,all_orders,2.9784409662378164,3.8894242021052605,-2.918995719922028,0.42105263157894735,0.42105263157894735,0.42105263157894735,0.014490534759295523,0.018867639136399897,-0.013977641244918527
d12_e010_static_rearm,pf2_posthoc,0.12,10,False,True,100,1000,all_orders,6.034656092163739,7.863418041481476,-5.84863299165692,0.42105263157894735,0.42105263157894735,0.42105263157894735,0.014490534759295523,0.018867639136399897,-0.013977641244918527
d12_e010_static_rearm,pf2_posthoc,0.12,10,False,True,150,250,all_orders,0.9340134623001954,1.3817121757504862,-1.9487158944249519,0.42105263157894735,0.42105263157894735,0.42105263157894735,0.009490534759295535,0.013867639136399925,-0.01897764124491852
d12_e010_static_rearm,pf2_posthoc,0.12,10,False,True,150,500,all_orders,1.942898252475635,2.8538814883430814,-3.954538433684209,0.42105263157894735,0.42105263157894735,0.42105263157894735,0.009490534759295535,0.013867639136399925,-0.01897764124491852
d12_e010_static_rearm,pf2_posthoc,0.12,10,False,True,150,1000,all_orders,3.944610154619881,5.773372103937618,-7.938678929200784,0.42105263157894735,0.42105263157894735,0.42105263157894735,0.009490534759295535,0.013867639136399925,-0.01897764124491852
d12_e010_static_rearm,pf2_posthoc,0.12,10,False,True,200,250,all_orders,0.42540272530214357,0.8731014387524354,-2.457326631423004,0.42105263157894735,0.42105263157894735,0.42105263157894735,0.0044905347592955275,0.008867639136399914,-0.02397764124491854
d12_e010_static_rearm,pf2_posthoc,0.12,10,False,True,200,500,all_orders,0.9073555387134483,1.8183387745808954,-4.990081147446394,0.42105263157894735,0.42105263157894735,0.42105263157894735,0.0044905347592955275,0.008867639136399914,-0.02397764124491854
d12_e010_static_rearm,pf2_posthoc,0.12,10,False,True,200,1000,all_orders,1.8545642170760215,3.68332616639376,-10.028724866744643,0.42105263157894735,0.42105263157894735,0.42105263157894735,0.0044905347592955275,0.008867639136399914,-0.02397764124491854
d12_e010_static_rearm,pf2_preorder,0.12,10,False,True,100,250,pf2_preorder,1.4531320277582833,1.9008307412085765,-2.025728790955165,0.49317738791423,0.49317738791423,0.49317738791423,0.011923004429374958,0.01565997891733759,-0.01733300307415702
d12_e010_static_rearm,pf2_preorder,0.12,10,False,True,100,500,pf2_preorder,2.9310200773489257,3.8420033132163725,-4.168837037660819,0.49317738791423,0.49317738791423,0.49317738791423,0.011923004429374958,0.01565997891733759,-0.01733300307415702
d12_e010_static_rearm,pf2_preorder,0.12,10,False,True,100,1000,pf2_preorder,5.89507684070175,7.723838790019488,-8.401214972163743,0.49317738791423,0.49317738791423,0.49317738791423,0.011923004429374958,0.01565997891733759,-0.01733300307415702
d12_e010_static_rearm,pf2_preorder,0.12,10,False,True,150,250,pf2_preorder,0.8602209359844061,1.3079196494346985,-2.6186398827290445,0.49317738791423,0.49317738791423,0.49317738791423,0.006923004429374958,0.010659978917337602,-0.022333003074157018
d12_e010_static_rearm,pf2_preorder,0.12,10,False,True,150,500,pf2_preorder,1.7212061004288535,2.6321893362963005,-5.3786510145808935,0.49317738791423,0.49317738791423,0.49317738791423,0.006923004429374958,0.010659978917337602,-0.022333003074157018
d12_e010_static_rearm,pf2_preorder,0.12,10,False,True,150,1000,pf2_preorder,3.451788139025339,5.280550088343077,-10.844503673840157,0.49317738791423,0.49317738791423,0.49317738791423,0.006923004429374958,0.010659978917337602,-0.022333003074157018
d12_e010_static_rearm,pf2_preorder,0.12,10,False,True,200,250,pf2_preorder,0.267309844210526,0.715008557660819,-3.211550974502925,0.49317738791423,0.49317738791423,0.49317738791423,0.001923004429374947,0.005659978917337598,-0.027333003074157033
d12_e010_static_rearm,pf2_preorder,0.12,10,False,True,200,500,pf2_preorder,0.5113921235087718,1.4223753593762178,-6.588464991500971,0.49317738791423,0.49317738791423,0.49317738791423,0.001923004429374947,0.005659978917337598,-0.027333003074157033
d12_e010_static_rearm,pf2_preorder,0.12,10,False,True,200,1000,pf2_preorder,1.0084994373489276,2.8372613866666687,-13.287792375516572,0.49317738791423,0.49317738791423,0.49317738791423,0.001923004429374947,0.005659978917337598,-0.027333003074157033
d12_e030_rolling_once,all_orders,0.12,30,True,False,100,250,all_orders,-4.813683235555556,-4.360539219961015,-8.851204233606238,0.9103313840155945,0.9103313840155945,0.9103313840155945,-0.02231905658975052,-0.020294528655158326,-0.04057826837121817
d12_e030_rolling_once,all_orders,0.12,30,True,False,100,500,all_orders,-9.854313063235868,-8.938022380974662,-18.013069905341123,0.9142300194931774,0.9142300194931774,0.9142300194931774,-0.022232133038710924,-0.020216238485502927,-0.0404134803776137
d12_e030_rolling_once,all_orders,0.12,30,True,False,100,1000,all_orders,-20.00187908023392,-18.164006487641323,-36.421705707914214,0.9142300194931774,0.9142300194931774,0.9142300194931774,-0.022232133038710924,-0.020216238485502927,-0.0404134803776137
d12_e030_rolling_once,all_orders,0.12,30,True,False,150,250,all_orders,-5.913794383157897,-5.460650367563357,-9.951315381208577,0.9103313840155945,0.9103313840155945,0.9103313840155945,-0.02731905658975054,-0.02529452865515836,-0.04557826837121824
d12_e030_rolling_once,all_orders,0.12,30,True,False,150,500,all_orders,-12.095061075555563,-11.178770393294352,-20.253817917660815,0.9142300194931774,0.9142300194931774,0.9142300194931774,-0.027232133038710957,-0.02521623848550296,-0.045413480377613766
d12_e030_rolling_once,all_orders,0.12,30,True,False,150,1000,all_orders,-24.529539326783617,-22.69166673419102,-40.94936595446393,0.9142300194931774,0.9142300194931774,0.9142300194931774,-0.027232133038710957,-0.02521623848550296,-0.045413480377613766
d12_e030_rolling_once,all_orders,0.12,30,True,False,200,250,all_orders,-7.0139055307602325,-6.560761515165691,-11.051426528810921,0.9103313840155945,0.9103313840155945,0.9103313840155945,-0.03231905658975045,-0.030294528655158297,-0.050578268371218114
d12_e030_rolling_once,all_orders,0.12,30,True,False,200,500,all_orders,-14.33580908787523,-13.419518405614026,-22.49456592998051,0.9142300194931774,0.9142300194931774,0.9142300194931774,-0.03223213303871087,-0.030216238485502877,-0.05041348037761363
d12_e030_rolling_once,all_orders,0.12,30,True,False,200,1000,all_orders,-29.05719957333332,-27.219326980740735,-45.477026201013665,0.9142300194931774,0.9142300194931774,0.9142300194931774,-0.03223213303871087,-0.030216238485502877,-0.05041348037761363
d12_e030_rolling_once,pf2_posthoc,0.12,30,True,False,100,250,all_orders,-0.31216779072124756,-0.0876534827290449,-2.9580320246393774,0.5009746588693957,0.5009746588693957,0.5009746588693957,-0.002915945164275258,-0.0010765394338189441,-0.02469430055624056
d12_e030_rolling_once,pf2_posthoc,0.12,30,True,False,100,500,all_orders,-0.6935523954775829,-0.236248379883041,-6.053563974424956,0.5009746588693957,0.5009746588693957,0.5009746588693957,-0.002915945164275258,-0.0010765394338189441,-0.02469430055624056
d12_e030_rolling_once,pf2_posthoc,0.12,30,True,False,100,1000,all_orders,-1.412127123274854,-0.49222786401559415,-12.186935895204686,0.5009746588693957,0.5009746588693957,0.5009746588693957,-0.002915945164275258,-0.0010765394338189441,-0.02469430055624056
d12_e030_rolling_once,pf2_posthoc,0.12,30,True,False,150,250,all_orders,-0.920009948849902,-0.6954956408576994,-3.5658741827680323,0.5009746588693957,0.5009746588693957,0.5009746588693957,-0.007915945164275243,-0.006076539433818937,-0.02969430055624056
d12_e030_rolling_once,pf2_posthoc,0.12,30,True,False,150,500,all_orders,-1.9263453526705654,-1.4690413370760222,-7.28635693161793,0.5009746588693957,0.5009746588693957,0.5009746588693957,-0.007915945164275243,-0.006076539433818937,-0.02969430055624056
d12_e030_rolling_once,pf2_posthoc,0.12,30,True,False,150,1000,all_orders,-3.8968847948538,-2.9769855355945407,-14.671693566783617,0.5009746588693957,0.5009746588693957,0.5009746588693957,-0.007915945164275243,-0.006076539433818937,-0.02969430055624056
d12_e030_rolling_once,pf2_posthoc,0.12,30,True,False,200,250,all_orders,-1.5278521069785567,-1.3033377989863542,-4.173716340896687,0.5009746588693957,0.5009746588693957,0.5009746588693957,-0.012915945164275246,-0.011076539433818932,-0.03469430055624057
d12_e030_rolling_once,pf2_posthoc,0.12,30,True,False,200,500,all_orders,-3.1591383098635473,-2.701834294269006,-8.519149888810919,0.5009746588693957,0.5009746588693957,0.5009746588693957,-0.012915945164275246,-0.011076539433818932,-0.03469430055624057
d12_e030_rolling_once,pf2_posthoc,0.12,30,True,False,200,1000,all_orders,-6.3816424664327505,-5.461743207173488,-17.156451238362568,0.5009746588693957,0.5009746588693957,0.5009746588693957,-0.012915945164275246,-0.011076539433818932,-0.03469430055624057
d12_e030_rolling_once,pf2_preorder,0.12,30,True,False,100,250,pf2_preorder,-2.4699546393762186,-2.130809220272905,-5.642098639376217,0.7173489278752436,0.7173489278752436,0.7173489278752436,-0.014541731902148986,-0.012614854431793245,-0.03278139108488729
d12_e030_rolling_once,pf2_preorder,0.12,30,True,False,100,500,pf2_preorder,-5.194581679064329,-4.508015441247564,-11.625166513372323,0.7192982456140351,0.7192982456140351,0.7192982456140351,-0.014924841276151539,-0.013003185695959363,-0.03311507048820492
d12_e030_rolling_once,pf2_preorder,0.12,30,True,False,100,1000,pf2_preorder,-10.500969158518519,-9.122545454814812,-23.42676490900586,0.7192982456140351,0.7192982456140351,0.7192982456140351,-0.014924841276151539,-0.013003185695959363,-0.03311507048820492
d12_e030_rolling_once,pf2_preorder,0.12,30,True,False,150,250,pf2_preorder,-3.3365203543859643,-2.9973749352826515,-6.508664354385968,0.7173489278752436,0.7173489278752436,0.7173489278752436,-0.019541731902148987,-0.01761485443179326,-0.03778139108488738
d12_e030_rolling_once,pf2_preorder,0.12,30,True,False,150,500,pf2_preorder,-6.9612386792202665,-6.274672441403505,-13.391823513528266,0.7192982456140351,0.7192982456140351,0.7192982456140351,-0.019924841276151534,-0.01800318569595938,-0.038115070488205005
d12_e030_rolling_once,pf2_preorder,0.12,30,True,False,150,1000,pf2_preorder,-14.063169523352824,-12.684745819649114,-26.988965273840147,0.7192982456140351,0.7192982456140351,0.7192982456140351,-0.019924841276151534,-0.01800318569595938,-0.038115070488205005
d12_e030_rolling_once,pf2_preorder,0.12,30,True,False,200,250,pf2_preorder,-4.203086069395711,-3.863940650292397,-7.37523006939571,0.7173489278752436,0.7173489278752436,0.7173489278752436,-0.024541731902148946,-0.022614854431793233,-0.04278139108488725
d12_e030_rolling_once,pf2_preorder,0.12,30,True,False,200,500,pf2_preorder,-8.727895679376221,-8.041329441559457,-15.158480513684205,0.7192982456140351,0.7192982456140351,0.7192982456140351,-0.02492484127615149,-0.023003185695959348,-0.04311507048820488
d12_e030_rolling_once,pf2_preorder,0.12,30,True,False,200,1000,pf2_preorder,-17.62536988818714,-16.246946184483438,-30.55116563867448,0.7192982456140351,0.7192982456140351,0.7192982456140351,-0.02492484127615149,-0.023003185695959348,-0.04311507048820488
d12_e030_rolling_rearm,all_orders,0.12,30,True,True,100,250,all_orders,-3.685903410370372,-2.899691792436647,-10.703789788538014,1.5984405458089668,1.5984405458089668,1.5964912280701755,-0.009808851583858833,-0.007791113224657056,-0.028011155472426507
d12_e030_rolling_rearm,all_orders,0.12,30,True,True,100,500,all_orders,-7.796747186744644,-6.1987354908382075,-22.049965315399618,1.608187134502924,1.608187134502924,1.6062378167641325,-0.010235034140556558,-0.008229524498683279,-0.028327404367854647
d12_e030_rolling_rearm,all_orders,0.12,30,True,True,100,1000,all_orders,-16.026559830019487,-12.8184497325536,-44.75096922573098,1.608187134502924,1.608187134502924,1.6062378167641325,-0.010235034140556558,-0.008229524498683279,-0.028327404367854647
d12_e030_rolling_rearm,all_orders,0.12,30,True,True,150,250,all_orders,-5.60556616662768,-4.819354548693955,-12.621231102300195,1.5984405458089668,1.5984405458089668,1.5964912280701755,-0.014808851583858838,-0.012791113224657062,-0.03301115547242651
d12_e030_rolling_rearm,all_orders,0.12,30,True,True,150,500,all_orders,-11.729875799220281,-10.13186410331384,-25.97842889863548,1.608187134502924,1.608187134502924,1.6062378167641325,-0.015235034140556566,-0.013229524498683287,-0.03332740436785465
d12_e030_rolling_rearm,all_orders,0.12,30,True,True,150,1000,all_orders,-23.980647324756333,-20.772537227290442,-52.69550451773876,1.608187134502924,1.608187134502924,1.6062378167641325,-0.015235034140556566,-0.013229524498683287,-0.03332740436785465
d12_e030_rolling_rearm,all_orders,0.12,30,True,True,200,250,all_orders,-7.525228922884987,-6.7390173049512665,-14.538672416062383,1.5984405458089668,1.5984405458089668,1.5964912280701755,-0.01980885158385883,-0.017791113224657047,-0.03801115547242651
d12_e030_rolling_rearm,all_orders,0.12,30,True,True,200,500,all_orders,-15.6630044116959,-14.064992715789465,-29.906892481871367,1.608187134502924,1.608187134502924,1.6062378167641325,-0.020235034140556562,-0.018229524498683272,-0.03832740436785464
d12_e030_rolling_rearm,all_orders,0.12,30,True,True,200,1000,all_orders,-31.9347348194932,-28.726624722027285,-60.64003980974657,1.608187134502924,1.608187134502924,1.6062378167641325,-0.020235034140556562,-0.018229524498683272,-0.03832740436785464
d12_e030_rolling_rearm,pf2_posthoc,0.12,30,True,True,100,250,all_orders,0.790368478908382,1.3479503892397657,-4.4292677628070205,1.0701754385964912,1.0701754385964912,1.0682261208576997,0.00280690421177143,0.00495957849559326,-0.017446400115756308
d12_e030_rolling_rearm,pf2_posthoc,0.12,30,True,True,100,500,all_orders,1.305039352358674,2.4440643815984404,-9.319598659337233,1.0760233918128654,1.0760233918128654,1.0740740740740742,0.002072856001466544,0.0042138309685284744,-0.018071508462590636
d12_e030_rolling_rearm,pf2_posthoc,0.12,30,True,True,100,1000,all_orders,2.4107474251851784,4.70088418931774,-18.99688333504873,1.0760233918128654,1.0760233918128654,1.0740740740740742,0.002072856001466544,0.0042138309685284744,-0.018071508462590636
d12_e030_rolling_rearm,pf2_posthoc,0.12,30,True,True,150,250,all_orders,-0.4967015685769973,0.060880341754387036,-5.714116367797271,1.0701754385964912,1.0701754385964912,1.0682261208576997,-0.0021930957882285774,-4.042150440674915e-05,-0.022446400115756306
d12_e030_rolling_rearm,pf2_posthoc,0.12,30,True,True,150,500,all_orders,-1.3300083258479536,-0.19098329660818567,-11.949981308304094,1.0760233918128654,1.0760233918128654,1.0740740740740742,-0.0029271439985334613,-0.0007861690314715365,-0.02307150846259063
d12_e030_rolling_rearm,pf2_posthoc,0.12,30,True,True,150,1000,all_orders,-2.9131958688499,-0.6230591047173469,-24.311274426354768,1.0760233918128654,1.0760233918128654,1.0740740740740742,-0.0029271439985334613,-0.0007861690314715365,-0.02307150846259063
d12_e030_rolling_rearm,pf2_posthoc,0.12,30,True,True,200,250,all_orders,-1.7837716160623787,-1.2261897057309945,-6.9989649727875225,1.0701754385964912,1.0701754385964912,1.0682261208576997,-0.007193095788228583,-0.005040421504406755,-0.027446400115756265
d12_e030_rolling_rearm,pf2_posthoc,0.12,30,True,True,200,500,all_orders,-3.965056004054582,-2.8260309748148145,-14.580363957270963,1.0760233918128654,1.0760233918128654,1.0740740740740742,-0.00792714399853347,-0.005786169031471542,-0.028071508462590596
d12_e030_rolling_rearm,pf2_posthoc,0.12,30,True,True,200,1000,all_orders,-8.237139162884997,-5.947002398752435,-29.625665517660828,1.0760233918128654,1.0760233918128654,1.0740740740740742,-0.00792714399853347,-0.005786169031471542,-0.028071508462590596
d12_e030_rolling_rearm,pf2_preorder,0.12,30,True,True,100,250,pf2_preorder,-0.9939628583235872,-0.3217498368810913,-6.544602920701749,1.290448343079922,1.290448343079922,1.2884990253411306,-0.003256192537537271,-0.0011139239300118674,-0.02112905906904318
d12_e030_rolling_rearm,pf2_preorder,0.12,30,True,True,100,500,pf2_preorder,-2.2488932480311887,-0.8806059965692015,-13.551818043352824,1.2962962962962963,1.2962962962962963,1.2943469785575048,-0.003838155427522791,-0.0017055511896553943,-0.02163114750616043
d12_e030_rolling_rearm,pf2_preorder,0.12,30,True,True,100,1000,pf2_preorder,-4.7212511089278735,-1.9725899003508738,-27.495295904249506,1.2962962962962963,1.2962962962962963,1.2943469785575048,-0.003838155427522791,-0.0017055511896553943,-0.02163114750616043
d12_e030_rolling_rearm,pf2_preorder,0.12,30,True,True,150,250,pf2_preorder,-2.5449974828070174,-1.872784461364523,-8.093416102690059,1.290448343079922,1.290448343079922,1.2884990253411306,-0.00825619253753727,-0.006113923930011862,-0.02612905906904319
d12_e030_rolling_rearm,pf2_preorder,0.12,30,True,True,150,500,pf2_preorder,-5.423296700116955,-4.055009448654972,-16.721556466198837,1.2962962962962963,1.2962962962962963,1.2943469785575048,-0.008838155427522788,-0.006705551189655391,-0.026631147506160434
d12_e030_rolling_rearm,pf2_preorder,0.12,30,True,True,150,1000,pf2_preorder,-11.13444536592593,-8.385784157348928,-33.89893795851852,1.2962962962962963,1.2962962962962963,1.2943469785575048,-0.008838155427522788,-0.006705551189655391,-0.026631147506160434
d12_e030_rolling_rearm,pf2_preorder,0.12,30,True,True,200,250,pf2_preorder,-4.096032107290448,-3.423819085847954,-9.642229284678356,1.290448343079922,1.290448343079922,1.2884990253411306,-0.013256192537537266,-0.011113923930011867,-0.031129059069043175
d12_e030_rolling_rearm,pf2_preorder,0.12,30,True,True,200,500,pf2_preorder,-8.597700152202737,-7.229412900740739,-19.891294889044836,1.2962962962962963,1.2962962962962963,1.2943469785575048,-0.013838155427522784,-0.011705551189655397,-0.03163114750616043
d12_e030_rolling_rearm,pf2_preorder,0.12,30,True,True,200,1000,pf2_preorder,-17.54763962292399,-14.798978414346987,-40.30258001278753,1.2962962962962963,1.2962962962962963,1.2943469785575048,-0.013838155427522784,-0.011705551189655397,-0.03163114750616043
d12_e030_static_once,all_orders,0.12,30,False,False,100,250,all_orders,-2.0210749490838205,-1.7977161966471717,-4.345193155711503,0.6491228070175439,0.6491228070175439,0.6491228070175439,-0.013118709154583935,-0.011699107734982516,-0.027825918591090806
d12_e030_static_once,all_orders,0.12,30,False,False,100,500,all_orders,-4.2994516138791425,-3.8459386314229977,-8.998830912124758,0.6530214424951267,0.6530214424951267,0.6530214424951267,-0.013697104920825222,-0.012285978733579632,-0.02831651012189026
d12_e030_static_once,all_orders,0.12,30,False,False,100,1000,all_orders,-8.814096835555553,-7.900275393060427,-18.288727829707604,0.6530214424951267,0.6530214424951267,0.6530214424951267,-0.013697104920825222,-0.012285978733579632,-0.02831651012189026
d12_e030_static_once,all_orders,0.12,30,False,False,150,250,all_orders,-2.8041498715789475,-2.5807911191423014,-5.128268078206624,0.6491228070175439,0.6491228070175439,0.6491228070175439,-0.01811870915458395,-0.016699107734982527,-0.03282591859109088
d12_e030_static_once,all_orders,0.12,30,False,False,150,500,all_orders,-5.897544457076021,-5.444031474619883,-10.59692375532164,0.6530214424951267,0.6530214424951267,0.6530214424951267,-0.01869710492082524,-0.017285978733579645,-0.033316510121890325
d12_e030_static_once,all_orders,0.12,30,False,False,150,1000,all_orders,-12.047988557816769,-11.134167115321643,-21.522619551968813,0.6530214424951267,0.6530214424951267,0.6530214424951267,-0.01869710492082524,-0.017285978733579645,-0.033316510121890325
d12_e030_static_once,all_orders,0.12,30,False,False,200,250,all_orders,-3.5872247940740754,-3.3638660416374284,-5.911343000701754,0.6491228070175439,0.6491228070175439,0.6491228070175439,-0.023118709154583944,-0.02169910773498253,-0.0378259185910908
d12_e030_static_once,all_orders,0.12,30,False,False,200,500,all_orders,-7.495637300272901,-7.042124317816761,-12.195016598518524,0.6530214424951267,0.6530214424951267,0.6530214424951267,-0.023697104920825225,-0.02228597873357965,-0.03831651012189026
d12_e030_static_once,all_orders,0.12,30,False,False,200,1000,all_orders,-15.281880280077976,-14.368058837582849,-24.756511274230014,0.6530214424951267,0.6530214424951267,0.6530214424951267,-0.023697104920825225,-0.02228597873357965,-0.03831651012189026
d12_e030_static_once,pf2_posthoc,0.12,30,False,False,100,250,all_orders,-0.4296143954775837,-0.20625564304093633,-1.919789522183236,0.3996101364522417,0.3996101364522417,0.3996101364522417,-0.004120634685172172,-0.001814647988941575,-0.019483094967926586
d12_e030_static_once,pf2_posthoc,0.12,30,False,False,100,500,all_orders,-0.9403592575438614,-0.4868462750877206,-3.9666341503313842,0.4015594541910331,0.4015594541910331,0.4015594541910331,-0.004634612186700461,-0.002339819600645741,-0.01992249741953859
d12_e030_static_once,pf2_posthoc,0.12,30,False,False,100,1000,all_orders,-1.8783630492007828,-0.9645416067056563,-7.977118331851855,0.4015594541910331,0.4015594541910331,0.4015594541910331,-0.004634612186700461,-0.002339819600645741,-0.01992249741953859
d12_e030_static_once,pf2_posthoc,0.12,30,False,False,150,250,all_orders,-0.9149004056920088,-0.6915416532553613,-2.405075532397662,0.3996101364522417,0.3996101364522417,0.3996101364522417,-0.009120634685172158,-0.006814647988941562,-0.024483094967926604
d12_e030_static_once,pf2_posthoc,0.12,30,False,False,150,500,all_orders,-1.9266114859259287,-1.4730985034697877,-4.952886378713451,0.4015594541910331,0.4015594541910331,0.4015594541910331,-0.009634612186700448,-0.007339819600645733,-0.02492249741953861
d12_e030_static_once,pf2_posthoc,0.12,30,False,False,150,1000,all_orders,-3.8703712350097472,-2.9565497925146227,-9.969126517660824,0.4015594541910331,0.4015594541910331,0.4015594541910331,-0.009634612186700448,-0.007339819600645733,-0.02492249741953861
d12_e030_static_once,pf2_posthoc,0.12,30,False,False,200,250,all_orders,-1.4001864159064334,-1.1768276634697858,-2.890361542612086,0.3996101364522417,0.3996101364522417,0.3996101364522417,-0.014120634685172153,-0.011814647988941567,-0.0294830949679266
d12_e030_static_once,pf2_posthoc,0.12,30,False,False,200,500,all_orders,-2.912863714307993,-2.459350731851851,-5.939138607095516,0.4015594541910331,0.4015594541910331,0.4015594541910331,-0.014634612186700445,-0.012339819600645735,-0.029922497419538608
d12_e030_static_once,pf2_posthoc,0.12,30,False,False,200,1000,all_orders,-5.862379420818714,-4.948557978323586,-11.961134703469794,0.4015594541910331,0.4015594541910331,0.4015594541910331,-0.014634612186700445,-0.012339819600645735,-0.029922497419538608
d12_e030_static_once,pf2_preorder,0.12,30,False,False,100,250,pf2_preorder,-0.6508954870955177,-0.4275367346588697,-2.5956175143859683,0.4873294346978557,0.4873294346978557,0.4873294346978557,-0.005340657113797186,-0.0034497480228880984,-0.0217740701430344
d12_e030_static_once,pf2_preorder,0.12,30,False,False,100,500,pf2_preorder,-1.3969428520857705,-0.9434298696296304,-5.345862423235873,0.48927875243664715,0.48927875243664715,0.48927875243664715,-0.005757626607367715,-0.0038742510188128467,-0.02212556787154821
d12_e030_static_once,pf2_preorder,0.12,30,False,False,100,1000,pf2_preorder,-2.8167766086549713,-1.9029551661598465,-10.764871774346984,0.48927875243664715,0.48927875243664715,0.48927875243664715,-0.005757626607367715,-0.0038742510188128467,-0.02212556787154821
d12_e030_static_once,pf2_preorder,0.12,30,False,False,150,250,pf2_preorder,-1.2418565460428856,-1.018497793606238,-3.1865785733333345,0.4873294346978557,0.4873294346978557,0.4873294346978557,-0.01034065711379717,-0.008449748022888082,-0.02677407014303442
d12_e030_static_once,pf2_preorder,0.12,30,False,False,150,500,pf2_preorder,-2.598845084366473,-2.145332101910333,-6.547764655516571,0.48927875243664715,0.48927875243664715,0.48927875243664715,-0.010757626607367695,-0.008874251018812828,-0.02712556787154823
d12_e030_static_once,pf2_preorder,0.12,30,False,False,150,1000,pf2_preorder,-5.242890638518523,-4.329069196023394,-13.190985804210529,0.48927875243664715,0.48927875243664715,0.48927875243664715,-0.010757626607367695,-0.008874251018812828,-0.02712556787154823
d12_e030_static_once,pf2_preorder,0.12,30,False,False,200,250,pf2_preorder,-1.8328176049902536,-1.6094588525536064,-3.777539632280702,0.4873294346978557,0.4873294346978557,0.4873294346978557,-0.015340657113797186,-0.013449748022888085,-0.03177407014303439
d12_e030_static_once,pf2_preorder,0.12,30,False,False,200,500,pf2_preorder,-3.8007473166471755,-3.347234334191034,-7.749666887797274,0.48927875243664715,0.48927875243664715,0.48927875243664715,-0.015757626607367715,-0.013874251018812839,-0.03212556787154819
d12_e030_static_once,pf2_preorder,0.12,30,False,False,200,1000,pf2_preorder,-7.669004668382066,-6.75518322588694,-15.61709983407409,0.48927875243664715,0.48927875243664715,0.48927875243664715,-0.015757626607367715,-0.013874251018812839,-0.03212556787154819
d12_e030_static_rearm,all_orders,0.12,30,False,True,100,250,all_orders,-2.093704650760234,-1.8703458983235868,-5.478866023079922,0.8382066276803118,0.8382066276803118,0.8382066276803118,-0.010447230551706807,-0.009347864801178255,-0.02709696339747163
d12_e030_static_rearm,all_orders,0.12,30,False,True,100,500,all_orders,-4.417049294035085,-3.963536311578946,-11.281443188771924,0.8421052631578947,0.8421052631578947,0.8421052631578947,-0.01090812300285631,-0.009813846908580216,-0.027480773752112966
d12_e030_static_rearm,all_orders,0.12,30,False,True,100,1000,all_orders,-9.035892677582838,-8.122071235087713,-22.88694233840156,0.8421052631578947,0.8421052631578947,0.8421052631578947,-0.01090812300285631,-0.009813846908580216,-0.027480773752112966
d12_e030_static_rearm,all_orders,0.12,30,False,True,150,250,all_orders,-3.1036165745808963,-2.88025782214425,-6.488750757816762,0.8382066276803118,0.8382066276803118,0.8382066276803118,-0.015447230551706808,-0.014347864801178264,-0.03209696339747166
d12_e030_static_rearm,all_orders,0.12,30,False,True,150,500,all_orders,-6.478510892319682,-6.024997909863543,-13.34288857653022,0.8421052631578947,0.8421052631578947,0.8421052631578947,-0.015908123002856316,-0.014813846908580217,-0.032480773752113
d12_e030_static_rearm,all_orders,0.12,30,False,True,150,1000,all_orders,-13.205087336842109,-12.291265894346981,-27.056142744249527,0.8421052631578947,0.8421052631578947,0.8421052631578947,-0.015908123002856316,-0.014813846908580217,-0.032480773752113
d12_e030_static_rearm,all_orders,0.12,30,False,True,200,250,all_orders,-4.1135284984015605,-3.890169745964914,-7.498635492553608,0.8382066276803118,0.8382066276803118,0.8382066276803118,-0.020447230551706806,-0.01934786480117826,-0.03709696339747159
d12_e030_static_rearm,all_orders,0.12,30,False,True,200,500,all_orders,-8.539972490604287,-8.086459508148145,-15.404333964288508,0.8421052631578947,0.8421052631578947,0.8421052631578947,-0.02090812300285631,-0.01981384690858021,-0.03748077375211292
d12_e030_static_rearm,all_orders,0.12,30,False,True,200,1000,all_orders,-17.374281996101367,-16.46046055360624,-31.22534315009746,0.8421052631578947,0.8421052631578947,0.8421052631578947,-0.02090812300285631,-0.01981384690858021,-0.03748077375211292
d12_e030_static_rearm,pf2_posthoc,0.12,30,False,True,100,250,all_orders,-0.19119014003898593,0.032168612397660716,-2.5534549353606257,0.5672514619883041,0.5672514619883041,0.5672514619883041,-0.0009848303931751445,0.000639661952966687,-0.018227683385505723
d12_e030_static_rearm,pf2_posthoc,0.12,30,False,True,100,500,all_orders,-0.413224992280702,0.040287990175438666,-5.225767799298248,0.5692007797270955,0.5692007797270955,0.5692007797270955,-0.001358170015116324,0.00026075900107296496,-0.018541972141034816
d12_e030_static_rearm,pf2_posthoc,0.12,30,False,True,100,1000,all_orders,-0.7913895968810924,0.12243184561403411,-10.500940045224167,0.5692007797270955,0.5692007797270955,0.5692007797270955,-0.001358170015116324,0.00026075900107296496,-0.018541972141034816
d12_e030_static_rearm,pf2_posthoc,0.12,30,False,True,150,250,all_orders,-0.8776220404678364,-0.6542632880311886,-3.2398868357894735,0.5672514619883041,0.5672514619883041,0.5672514619883041,-0.005984830393175129,-0.0043603380470333,-0.02322768338550575
d12_e030_static_rearm,pf2_posthoc,0.12,30,False,True,150,500,all_orders,-1.8104271375438592,-1.3569141550877188,-6.6229699445614045,0.5692007797270955,0.5692007797270955,0.5692007797270955,-0.00635817001511631,-0.0047392409989270206,-0.02354197214103484
d12_e030_static_rearm,pf2_posthoc,0.12,30,False,True,150,1000,all_orders,-3.6127635578947315,-2.698942115399608,-13.322314006237818,0.5692007797270955,0.5692007797270955,0.5692007797270955,-0.00635817001511631,-0.0047392409989270206,-0.02354197214103484
d12_e030_static_rearm,pf2_posthoc,0.12,30,False,True,200,250,all_orders,-1.564053940896686,-1.3406951884600389,-3.9263187362183243,0.5672514619883041,0.5672514619883041,0.5672514619883041,-0.010984830393175127,-0.009360338047033297,-0.028227683385505735
d12_e030_static_rearm,pf2_posthoc,0.12,30,False,True,200,500,all_orders,-3.2076292828070163,-2.7541163003508755,-8.020172089824564,0.5692007797270955,0.5692007797270955,0.5692007797270955,-0.011358170015116303,-0.009739240998927019,-0.02854197214103483
d12_e030_static_rearm,pf2_posthoc,0.12,30,False,True,200,1000,all_orders,-6.434137518908381,-5.520316076413253,-16.143687967251463,0.5692007797270955,0.5692007797270955,0.5692007797270955,-0.011358170015116303,-0.009739240998927019,-0.02854197214103483
d12_e030_static_rearm,pf2_preorder,0.12,30,False,True,100,250,pf2_preorder,-0.20654447142300128,0.01681428101364565,-3.182639488966863,0.6335282651072125,0.6335282651072125,0.6354775828460039,-0.0009792771015418088,0.00047526835300364546,-0.020372232559747162
d12_e030_static_rearm,pf2_preorder,0.12,30,False,True,100,500,pf2_preorder,-0.45132370573099473,0.0021892767251460742,-6.5170464737621865,0.6354775828460039,0.6354775828460039,0.6374269005847953,-0.0013136964969358515,0.00013638716173676376,-0.02064632359167454
d12_e030_static_rearm,pf2_preorder,0.12,30,False,True,100,1000,pf2_preorder,-0.8914082167641317,0.022413225730993955,-13.113720770370366,0.6354775828460039,0.6354775828460039,0.6374269005847953,-0.0013136964969358515,0.00013638716173676376,-0.02064632359167454
d12_e030_static_rearm,pf2_preorder,0.12,30,False,True,150,250,pf2_preorder,-0.9728823874463941,-0.7495236350097462,-3.951360352358674,0.6335282651072125,0.6335282651072125,0.6354775828460039,-0.0059792771015417965,-0.004524731646996341,-0.025372232559747198
d12_e030_static_rearm,pf2_preorder,0.12,30,False,True,150,500,pf2_preorder,-2.010939886081873,-1.5574269036257309,-8.081516806159847,0.6354775828460039,0.6354775828460039,0.6374269005847953,-0.006313696496935838,-0.0048636128382632225,-0.025646323591674576
d12_e030_static_rearm,pf2_preorder,0.12,30,False,True,150,1000,pf2_preorder,-4.0411202986354775,-3.1272988561403463,-16.27314115633528,0.6354775828460039,0.6354775828460039,0.6374269005847953,-0.006313696496935838,-0.0048636128382632225,-0.025646323591674576
d12_e030_static_rearm,pf2_preorder,0.12,30,False,True,200,250,pf2_preorder,-1.7392203034697862,-1.5158615510331377,-4.720081215750491,0.6335282651072125,0.6335282651072125,0.6354775828460039,-0.010979277101541797,-0.009524731646996342,-0.030372232559747143
d12_e030_static_rearm,pf2_preorder,0.12,30,False,True,200,500,pf2_preorder,-3.5705560664327503,-3.117043083976607,-9.645987138557514,0.6354775828460039,0.6354775828460039,0.6374269005847953,-0.011313696496935841,-0.00986361283826322,-0.03064632359167452
d12_e030_static_rearm,pf2_preorder,0.12,30,False,True,200,1000,pf2_preorder,-7.190832380506826,-6.277010938011695,-19.432561542300206,0.6354775828460039,0.6354775828460039,0.6374269005847953,-0.011313696496935841,-0.00986361283826322,-0.03064632359167452
d12_e060_rolling_rearm,all_orders,0.12,60,True,True,100,250,all_orders,-3.5750411599220286,-2.7888295419883056,-10.705746251539962,1.6432748538011697,1.6432748538011697,1.6413255360623782,-0.00924055725897144,-0.007277869887031392,-0.02722569054492829
d12_e060_rolling_rearm,all_orders,0.12,60,True,True,100,500,all_orders,-7.56339674432749,-5.965385048421056,-22.046765048421058,1.6530214424951266,1.6530214424951266,1.6510721247563354,-0.009658531410976225,-0.007707416488163187,-0.027537988554928616
d12_e060_rolling_rearm,all_orders,0.12,60,True,True,100,1000,all_orders,-15.547100677894731,-12.338990580428845,-44.73181042448342,1.6530214424951266,1.6530214424951266,1.6510721247563354,-0.009658531410976225,-0.007707416488163187,-0.027537988554928616
d12_e060_rolling_rearm,all_orders,0.12,60,True,True,150,250,all_orders,-5.548329134035087,-4.762117516101362,-12.676812783157892,1.6432748538011697,1.6432748538011697,1.6413255360623782,-0.01424055725897144,-0.012277869887031398,-0.03222569054492829
d12_e060_rolling_rearm,all_orders,0.12,60,True,True,150,500,all_orders,-11.60623644748539,-10.008224751578952,-26.084939722339183,1.6530214424951266,1.6530214424951266,1.6510721247563354,-0.01465853141097623,-0.01270741648816319,-0.03253798855492862
d12_e060_rolling_rearm,all_orders,0.12,60,True,True,150,1000,all_orders,-23.72322912678362,-20.515119029317727,-52.89838667064324,1.6530214424951266,1.6530214424951266,1.6510721247563354,-0.01465853141097623,-0.01270741648816319,-0.03253798855492862
d12_e060_rolling_rearm,all_orders,0.12,60,True,True,200,250,all_orders,-7.521617108148146,-6.735405490214425,-14.647879314775828,1.6432748538011697,1.6432748538011697,1.6413255360623782,-0.01924055725897143,-0.01727786988703138,-0.037225690544928296
d12_e060_rolling_rearm,all_orders,0.12,60,True,True,200,500,all_orders,-15.649076150643271,-14.051064454736842,-30.123114396257332,1.6530214424951266,1.6530214424951266,1.6510721247563354,-0.019658531410976225,-0.017707416488163173,-0.03753798855492862
d12_e060_rolling_rearm,all_orders,0.12,60,True,True,200,1000,all_orders,-31.89935757567253,-28.691247478206623,-61.06496291680311,1.6530214424951266,1.6530214424951266,1.6510721247563354,-0.019658531410976225,-0.017707416488163173,-0.03753798855492862
d12_e060_rolling_rearm,pf2_posthoc,0.12,60,True,True,100,250,all_orders,0.9045225656140345,1.4621044759454171,-4.427932389551659,1.1072124756335282,1.1072124756335282,1.105263157894737,0.003139609111465374,0.005220274924525555,-0.016851293362871736
d12_e060_rolling_rearm,pf2_posthoc,0.12,60,True,True,100,500,all_orders,1.536370473138401,2.675395502378169,-9.318417713996103,1.1130604288499026,1.1130604288499026,1.1111111111111112,0.0024282383114874774,0.004497972430258377,-0.017458696905616237
d12_e060_rolling_rearm,pf2_posthoc,0.12,60,True,True,100,1000,all_orders,2.8753191231189006,5.16545588725146,-18.992611987992195,1.1130604288499026,1.1130604288499026,1.1111111111111112,0.0024282383114874774,0.004497972430258377,-0.017458696905616237
d12_e060_rolling_rearm,pf2_posthoc,0.12,60,True,True,150,250,all_orders,-0.4276961383235872,0.12988577200779755,-5.757929650994154,1.1072124756335282,1.1072124756335282,1.105263157894737,-0.001860390888534634,0.000220274924525546,-0.021851293362871733
d12_e060_rolling_rearm,pf2_posthoc,0.12,60,True,True,150,500,all_orders,-1.1899956953606239,-0.050970666120856954,-12.040118853255363,1.1130604288499026,1.1130604288499026,1.1111111111111112,-0.002571761688512528,-0.0005020275697416336,-0.02245869690561624
d12_e060_rolling_rearm,pf2_posthoc,0.12,60,True,True,150,1000,all_orders,-2.6326045246783623,-0.34246776054580746,-24.490983433060425,1.1130604288499026,1.1130604288499026,1.1111111111111112,-0.002571761688512528,-0.0005020275697416336,-0.02245869690561624
d12_e060_rolling_rearm,pf2_posthoc,0.12,60,True,True,200,250,all_orders,-1.7599148422612094,-1.2023329319298255,-7.087926912436645,1.1072124756335282,1.1072124756335282,1.105263157894737,-0.006860390888534639,-0.004779725075474455,-0.0268512933628717
d12_e060_rolling_rearm,pf2_posthoc,0.12,60,True,True,200,500,all_orders,-3.9163618638596507,-2.7773368346198835,-14.761819992514628,1.1130604288499026,1.1130604288499026,1.1111111111111112,-0.007571761688512535,-0.005502027569741635,-0.027458696905616205
d12_e060_rolling_rearm,pf2_posthoc,0.12,60,True,True,200,1000,all_orders,-8.140528172475639,-5.850391408343079,-29.989354878128662,1.1130604288499026,1.1130604288499026,1.1111111111111112,-0.007571761688512535,-0.005502027569741635,-0.027458696905616205
d12_e060_rolling_rearm,pf2_preorder,0.12,60,True,True,100,250,pf2_preorder,-0.924959882729045,-0.25274686128655005,-6.588418658557498,1.3294346978557505,1.3294346978557505,1.327485380116959,-0.002970238913009944,-0.0008907934318049347,-0.020664868076100275
d12_e060_rolling_rearm,pf2_preorder,0.12,60,True,True,100,500,pf2_preorder,-2.1229147198440548,-0.7546274683820663,-13.655989690604287,1.3352826510721247,1.3352826510721247,1.3333333333333333,-0.0035364625374098746,-0.0014661241167064902,-0.021154311490171447
d12_e060_rolling_rearm,pf2_preorder,0.12,60,True,True,100,1000,pf2_preorder,-4.467384596179337,-1.718723387602338,-27.701729742378163,1.3352826510721247,1.3352826510721247,1.3333333333333333,-0.0035364625374098746,-0.0014661241167064902,-0.021154311490171447
d12_e060_rolling_rearm,pf2_preorder,0.12,60,True,True,150,250,pf2_preorder,-2.5231514677582854,-1.850938446315791,-8.184388801091618,1.3294346978557505,1.3294346978557505,1.327485380116959,-0.007970238913009946,-0.005890793431804926,-0.02566486807610029
d12_e060_rolling_rearm,pf2_preorder,0.12,60,True,True,150,500,pf2_preorder,-5.393322705107211,-4.0250354536452235,-16.921732646627685,1.3352826510721247,1.3352826510721247,1.3333333333333333,-0.008536462537409875,-0.006466124116706489,-0.02615431149017146
d12_e060_rolling_rearm,pf2_preorder,0.12,60,True,True,150,1000,pf2_preorder,-11.073931292709556,-8.325270084132555,-34.298724236179346,1.3352826510721247,1.3352826510721247,1.3333333333333333,-0.008536462537409875,-0.006466124116706489,-0.02615431149017146
d12_e060_rolling_rearm,pf2_preorder,0.12,60,True,True,200,250,pf2_preorder,-4.121343052787525,-3.4491300313450313,-9.780358943625718,1.3294346978557505,1.3294346978557505,1.327485380116959,-0.012970238913009935,-0.010890793431804935,-0.03066486807610028
d12_e060_rolling_rearm,pf2_preorder,0.12,60,True,True,200,500,pf2_preorder,-8.663730690370377,-7.295443438908381,-20.187475602651062,1.3352826510721247,1.3352826510721247,1.3333333333333333,-0.013536462537409866,-0.01146612411670649,-0.031154311490171453
d12_e060_rolling_rearm,pf2_preorder,0.12,60,True,True,200,1000,pf2_preorder,-17.68047798923978,-14.93181678066278,-40.895718729980516,1.3352826510721247,1.3352826510721247,1.3333333333333333,-0.013536462537409866,-0.01146612411670649,-0.031154311490171453
d12_e060_static_rearm,all_orders,0.12,60,False,True,100,250,all_orders,-2.6835284096686176,-2.5688972985575065,-5.892820464249512,0.8713450292397661,0.8713450292397661,0.8713450292397661,-0.012923684289728201,-0.012394906579742437,-0.02804994229028033
d12_e060_static_rearm,all_orders,0.12,60,False,True,100,500,all_orders,-5.751222230955165,-5.521960008732943,-12.236519049668606,0.8771929824561403,0.8771929824561403,0.8771929824561403,-0.013640366357260483,-0.013115113832007957,-0.028665782637808935
d12_e060_static_rearm,all_orders,0.12,60,False,True,100,1000,all_orders,-11.766154385964914,-11.307629941520467,-24.844799680311883,0.8771929824561403,0.8771929824561403,0.8771929824561403,-0.013640366357260483,-0.013115113832007957,-0.028665782637808935
d12_e060_static_rearm,all_orders,0.12,60,False,True,150,250,all_orders,-3.733708339259261,-3.61907722814815,-6.942973204756331,0.8713450292397661,0.8713450292397661,0.8713450292397661,-0.01792368428972824,-0.017394906579742467,-0.03304994229028039
d12_e060_static_rearm,all_orders,0.12,60,False,True,150,500,all_orders,-7.897150893411311,-7.667888671189084,-14.382431501598445,0.8771929824561403,0.8771929824561403,0.8771929824561403,-0.018640366357260525,-0.018115113832007996,-0.033665782637808984
d12_e060_static_rearm,all_orders,0.12,60,False,True,150,1000,all_orders,-16.108768162183242,-15.650243717738794,-29.187419203118914,0.8771929824561403,0.8771929824561403,0.8771929824561403,-0.018640366357260525,-0.018115113832007996,-0.033665782637808984
d12_e060_static_rearm,all_orders,0.12,60,False,True,200,250,all_orders,-4.7838882688499025,-4.669257157738791,-7.993125945263161,0.8713450292397661,0.8713450292397661,0.8713450292397661,-0.02292368428972821,-0.022394906579742448,-0.03804994229028029
d12_e060_static_rearm,all_orders,0.12,60,False,True,200,500,all_orders,-10.04307955586745,-9.813817333645227,-16.528343953528278,0.8771929824561403,0.8771929824561403,0.8771929824561403,-0.023640366357260495,-0.02311511383200797,-0.0386657826378089
d12_e060_static_rearm,all_orders,0.12,60,False,True,200,1000,all_orders,-20.45138193840157,-19.992857493957125,-33.53003872592594,0.8771929824561403,0.8771929824561403,0.8771929824561403,-0.023640366357260495,-0.02311511383200797,-0.0386657826378089
d12_e060_static_rearm,pf2_posthoc,0.12,60,False,True,100,250,all_orders,-0.7134914739961018,-0.5988603628849907,-2.8998869515789503,0.5730994152046783,0.5730994152046783,0.5730994152046783,-0.00480051064851639,-0.003996552701701299,-0.020513852224489648
d12_e060_static_rearm,pf2_posthoc,0.12,60,False,True,100,500,all_orders,-1.6194435744249525,-1.39018135220273,-6.0528893054191055,0.5769980506822612,0.5769980506822612,0.5769980506822612,-0.005616986871359898,-0.0048184610728340994,-0.021224157220468467
d12_e060_static_rearm,pf2_posthoc,0.12,60,False,True,100,1000,all_orders,-3.2304859173489295,-2.7719614729044855,-12.167631999220273,0.5769980506822612,0.5769980506822612,0.5769980506822612,-0.005616986871359898,-0.0048184610728340994,-0.021224157220468467
d12_e060_static_rearm,pf2_posthoc,0.12,60,False,True,150,250,all_orders,-1.4068954308771944,-1.292264319766083,-3.5932909084600406,0.5730994152046783,0.5730994152046783,0.5730994152046783,-0.009800510648516383,-0.008996552701701294,-0.02551385222448966
d12_e060_static_rearm,pf2_posthoc,0.12,60,False,True,150,500,all_orders,-3.0343834817154,-2.8051212594931774,-7.4678292127095505,0.5769980506822612,0.5769980506822612,0.5769980506822612,-0.010616986871359889,-0.00981846107283409,-0.026224157220468492
d12_e060_static_rearm,pf2_posthoc,0.12,60,False,True,150,1000,all_orders,-6.089883747758289,-5.631359303313844,-15.027029829629628,0.5769980506822612,0.5769980506822612,0.5769980506822612,-0.010616986871359889,-0.00981846107283409,-0.026224157220468492
d12_e060_static_rearm,pf2_posthoc,0.12,60,False,True,200,250,all_orders,-2.1002993877582847,-1.9856682766471736,-4.286694865341131,0.5730994152046783,0.5730994152046783,0.5730994152046783,-0.014800510648516384,-0.013996552701701291,-0.030513852224489622
d12_e060_static_rearm,pf2_posthoc,0.12,60,False,True,200,500,all_orders,-4.4493233890058494,-4.220061166783627,-8.882769120000004,0.5769980506822612,0.5769980506822612,0.5769980506822612,-0.015616986871359892,-0.014818461072834094,-0.03122415722046844
d12_e060_static_rearm,pf2_posthoc,0.12,60,False,True,200,1000,all_orders,-8.949281578167648,-8.490757133723204,-17.886427660038997,0.5769980506822612,0.5769980506822612,0.5769980506822612,-0.015616986871359892,-0.014818461072834094,-0.03122415722046844
d12_e060_static_rearm,pf2_preorder,0.12,60,False,True,100,250,pf2_preorder,-0.7529976650292408,-0.529638912592593,-3.7009091504093585,0.6608187134502924,0.6608187134502924,0.6608187134502924,-0.004432028240971783,-0.003037552510212863,-0.02282178772633439
d12_e060_static_rearm,pf2_preorder,0.12,60,False,True,100,500,pf2_preorder,-1.568972057855753,-1.1154590753996116,-7.551381656296299,0.6627680311890838,0.6627680311890838,0.6627680311890838,-0.004742522275557158,-0.003352147944006354,-0.023078194233021643
d12_e060_static_rearm,pf2_preorder,0.12,60,False,True,100,1000,pf2_preorder,-3.1353375352826536,-2.221516092787524,-15.184428350097473,0.6627680311890838,0.6627680311890838,0.6627680311890838,-0.004742522275557158,-0.003352147944006354,-0.023078194233021643
d12_e060_static_rearm,pf2_preorder,0.12,60,False,True,150,250,pf2_preorder,-1.5523112086549722,-1.3289524562183248,-4.500215317816767,0.6608187134502924,0.6608187134502924,0.6608187134502924,-0.009432028240971774,-0.008037552510212853,-0.027821787726334434
d12_e060_static_rearm,pf2_preorder,0.12,60,False,True,150,500,pf2_preorder,-3.194222873528267,-2.7407098910721266,-9.17662886962963,0.6627680311890838,0.6627680311890838,0.6627680311890838,-0.00974252227555715,-0.008352147944006344,-0.028078194233021686
d12_e060_static_rearm,pf2_preorder,0.12,60,False,True,150,1000,pf2_preorder,-6.4190068666666695,-5.50518542417154,-18.468090476803116,0.6627680311890838,0.6627680311890838,0.6627680311890838,-0.00974252227555715,-0.008352147944006344,-0.028078194233021686
d12_e060_static_rearm,pf2_preorder,0.12,60,False,True,200,250,pf2_preorder,-2.3516247522807023,-2.1282659998440563,-5.299521485224174,0.6608187134502924,0.6608187134502924,0.6608187134502924,-0.014432028240971777,-0.013037552510212857,-0.03282178772633437
d12_e060_static_rearm,pf2_preorder,0.12,60,False,True,200,500,pf2_preorder,-4.81947368920078,-4.365960706744641,-10.801876082962973,0.6627680311890838,0.6627680311890838,0.6627680311890838,-0.014742522275557154,-0.013352147944006349,-0.03307819423302163
d12_e060_static_rearm,pf2_preorder,0.12,60,False,True,200,1000,pf2_preorder,-9.702676198050689,-8.78885475555556,-21.751752603508802,0.6627680311890838,0.6627680311890838,0.6627680311890838,-0.014742522275557154,-0.013352147944006349,-0.03307819423302163
d12_e120_rolling_once,all_orders,0.12,120,True,False,100,250,all_orders,-4.932408674152048,-4.479264658557506,-8.96992967220273,0.9473684210526315,0.9473684210526315,0.9473684210526315,-0.02201215121609355,-0.020066771492936068,-0.039557525499931814
d12_e120_rolling_once,all_orders,0.12,120,True,False,100,500,all_orders,-10.094193775594544,-9.177903093333335,-18.252950617699803,0.9512670565302144,0.9512670565302144,0.9512670565302144,-0.021929869792547952,-0.01999246293710833,-0.03940333680473113
d12_e120_rolling_once,all_orders,0.12,120,True,False,100,1000,all_orders,-20.476398214269008,-18.63852562167641,-36.89622484194929,0.9512670565302144,0.9512670565302144,0.9512670565302144,-0.021929869792547952,-0.01999246293710833,-0.03940333680473113
d12_e120_rolling_once,all_orders,0.12,120,True,False,150,250,all_orders,-6.077241031500977,-5.624097015906434,-10.114762029551658,0.9473684210526315,0.9473684210526315,0.9473684210526315,-0.0270121512160936,-0.025066771492936086,-0.044557525499931874
d12_e120_rolling_once,all_orders,0.12,120,True,False,150,500,all_orders,-12.425993773723203,-11.509703091461992,-20.58475061582846,0.9512670565302144,0.9512670565302144,0.9512670565302144,-0.026929869792548012,-0.024992462937108346,-0.0444033368047312
d12_e120_rolling_once,all_orders,0.12,120,True,False,150,1000,all_orders,-25.18721264382066,-23.34934005122806,-41.607039271500966,0.9512670565302144,0.9512670565302144,0.9512670565302144,-0.026929869792548012,-0.024992462937108346,-0.0444033368047312
d12_e120_rolling_once,all_orders,0.12,120,True,False,200,250,all_orders,-7.222073388849904,-6.76892937325536,-11.259594386900584,0.9473684210526315,0.9473684210526315,0.9473684210526315,-0.03201215121609352,-0.030066771492936017,-0.049557525499931795
d12_e120_rolling_once,all_orders,0.12,120,True,False,200,500,all_orders,-14.757793771851842,-13.841503089590631,-22.916550613957114,0.9512670565302144,0.9512670565302144,0.9512670565302144,-0.03192986979254792,-0.02999246293710828,-0.04940333680473112
d12_e120_rolling_once,all_orders,0.12,120,True,False,200,1000,all_orders,-29.89802707337229,-28.06015448077969,-46.317853701052655,0.9512670565302144,0.9512670565302144,0.9512670565302144,-0.03192986979254792,-0.02999246293710828,-0.04940333680473112
d12_e120_rolling_once,pf2_posthoc,0.12,120,True,False,100,250,all_orders,-0.37300605582846036,-0.1484917478362575,-3.0188702897465896,0.5282651072124757,0.5282651072124757,0.5282651072124757,-0.0033346054708412744,-0.0015902243906668351,-0.02398787977244675
d12_e120_rolling_once,pf2_posthoc,0.12,120,True,False,100,500,all_orders,-0.8163662540350887,-0.3590622384405463,-6.1763778329824595,0.5282651072124757,0.5282651072124757,0.5282651072124757,-0.0033346054708412744,-0.0015902243906668351,-0.02398787977244675
d12_e120_rolling_once,pf2_posthoc,0.12,120,True,False,100,1000,all_orders,-1.6525125497076036,-0.7326132904483437,-12.427321321637436,0.5282651072124757,0.5282651072124757,0.5282651072124757,-0.0033346054708412744,-0.0015902243906668351,-0.02398787977244675
d12_e120_rolling_once,pf2_posthoc,0.12,120,True,False,150,250,all_orders,-1.0136486829629627,-0.7891343749707597,-3.659512916881093,0.5282651072124757,0.5282651072124757,0.5282651072124757,-0.008334605470841257,-0.006590224390666823,-0.028987879772446754
d12_e120_rolling_once,pf2_posthoc,0.12,120,True,False,150,500,all_orders,-2.1159758598050686,-1.6586718442105266,-7.4759874387524325,0.5282651072124757,0.5282651072124757,0.5282651072124757,-0.008334605470841257,-0.006590224390666823,-0.028987879772446754
d12_e120_rolling_once,pf2_posthoc,0.12,120,True,False,150,1000,all_orders,-4.271953729824562,-3.3520544705653004,-15.046762501754383,0.5282651072124757,0.5282651072124757,0.5282651072124757,-0.008334605470841257,-0.006590224390666823,-0.028987879772446754
d12_e120_rolling_once,pf2_posthoc,0.12,120,True,False,200,250,all_orders,-1.6542913100974654,-1.4297770021052625,-4.300155544015595,0.5282651072124757,0.5282651072124757,0.5282651072124757,-0.01333460547084126,-0.011590224390666821,-0.03398787977244676
d12_e120_rolling_once,pf2_posthoc,0.12,120,True,False,200,500,all_orders,-3.415585465575049,-2.958281449980506,-8.775597044522423,0.5282651072124757,0.5282651072124757,0.5282651072124757,-0.01333460547084126,-0.011590224390666821,-0.03398787977244676
d12_e120_rolling_once,pf2_posthoc,0.12,120,True,False,200,1000,all_orders,-6.8913949099415275,-5.971495650682262,-17.66620368187135,0.5282651072124757,0.5282651072124757,0.5282651072124757,-0.01333460547084126,-0.011590224390666821,-0.03398787977244676
d12_e120_rolling_once,pf2_preorder,0.12,120,True,False,100,250,pf2_preorder,-2.571030892787525,-2.23188547368421,-5.743174892787522,0.7543859649122807,0.7543859649122807,0.7543859649122807,-0.014391468837601394,-0.012559192586720487,-0.03173564087700114
d12_e120_rolling_once,pf2_preorder,0.12,120,True,False,100,500,pf2_preorder,-5.38739803274854,-4.7008317949317755,-11.817982867056537,0.7563352826510721,0.7563352826510721,0.7563352826510721,-0.014756204976960903,-0.01292865108755134,-0.03205567554203231
d12_e120_rolling_once,pf2_preorder,0.12,120,True,False,100,1000,pf2_preorder,-10.87228868241716,-9.493864978713454,-23.7980844329045,0.7563352826510721,0.7563352826510721,0.7563352826510721,-0.014756204976960903,-0.01292865108755134,-0.03205567554203231
d12_e120_rolling_once,pf2_preorder,0.12,120,True,False,150,250,pf2_preorder,-3.481229053411306,-3.1420836343079928,-6.653373053411311,0.7543859649122807,0.7543859649122807,0.7543859649122807,-0.019391468837601414,-0.017559192586720507,-0.03673564087700122
d12_e120_rolling_once,pf2_preorder,0.12,120,True,False,150,500,pf2_preorder,-7.24399441052631,-6.557428172709549,-13.674579244834307,0.7563352826510721,0.7563352826510721,0.7563352826510721,-0.01975620497696092,-0.017928651087551355,-0.03705567554203238
d12_e120_rolling_once,pf2_preorder,0.12,120,True,False,150,1000,pf2_preorder,-14.616924906666666,-13.238501202962963,-27.542720657153982,0.7563352826510721,0.7563352826510721,0.7563352826510721,-0.01975620497696092,-0.017928651087551355,-0.03705567554203238
d12_e120_rolling_once,pf2_preorder,0.12,120,True,False,200,250,pf2_preorder,-4.391427214035088,-4.052281794931772,-7.563571214035086,0.7543859649122807,0.7543859649122807,0.7543859649122807,-0.024391468837601363,-0.022559192586720466,-0.041735640877001094
d12_e120_rolling_once,pf2_preorder,0.12,120,True,False,200,500,pf2_preorder,-9.100590788304096,-8.414024550487332,-15.531175622612086,0.7563352826510721,0.7563352826510721,0.7563352826510721,-0.024756204976960867,-0.02292865108755131,-0.04205567554203226
d12_e120_rolling_once,pf2_preorder,0.12,120,True,False,200,1000,pf2_preorder,-18.36156113091618,-16.983137427212473,-31.287356881403518,0.7563352826510721,0.7563352826510721,0.7563352826510721,-0.024756204976960867,-0.02292865108755131,-0.04205567554203226
d12_e120_rolling_rearm,all_orders,0.12,120,True,True,100,250,all_orders,-3.940110408421054,-3.1538987904873315,-11.07081550003899,1.6608187134502923,1.6608187134502923,1.658869395711501,-0.010087280210656859,-0.008145325451800692,-0.02788320142067725
d12_e120_rolling_rearm,all_orders,0.12,120,True,True,100,500,all_orders,-8.151945279220277,-6.5539335833138415,-22.635313583313845,1.668615984405458,1.668615984405458,1.6666666666666667,-0.010323188108429877,-0.008390307904521638,-0.0280361294623774
d12_e120_rolling_rearm,all_orders,0.12,120,True,True,100,1000,all_orders,-16.726318106354768,-13.51820800888888,-45.91102785294346,1.668615984405458,1.668615984405458,1.6666666666666667,-0.010323188108429877,-0.008390307904521638,-0.0280361294623774
d12_e120_rolling_rearm,all_orders,0.12,120,True,True,150,250,all_orders,-5.934273282807017,-5.148061664873292,-13.062756931929824,1.6608187134502923,1.6608187134502923,1.658869395711501,-0.015087280210656863,-0.013145325451800688,-0.03288320142067725
d12_e120_rolling_rearm,all_orders,0.12,120,True,True,150,500,all_orders,-12.232859031500988,-10.634847335594547,-26.71156230635477,1.668615984405458,1.668615984405458,1.6666666666666667,-0.015323188108429885,-0.013390307904521635,-0.0330361294623774
d12_e120_rolling_rearm,all_orders,0.12,120,True,True,150,1000,all_orders,-24.97876259111111,-21.770652493645205,-54.15392013497073,1.668615984405458,1.668615984405458,1.6666666666666667,-0.015323188108429885,-0.013390307904521635,-0.0330361294623774
d12_e120_rolling_rearm,all_orders,0.12,120,True,True,200,250,all_orders,-7.928436157192982,-7.142224539259258,-15.054698363820668,1.6608187134502923,1.6608187134502923,1.658869395711501,-0.020087280210656852,-0.018145325451800674,-0.037883201420677255
d12_e120_rolling_rearm,all_orders,0.12,120,True,True,200,500,all_orders,-16.313772783781666,-14.715761087875244,-30.787811029395723,1.668615984405458,1.668615984405458,1.6666666666666667,-0.020323188108429865,-0.018390307904521622,-0.038036129462377395
d12_e120_rolling_rearm,all_orders,0.12,120,True,True,200,1000,all_orders,-33.23120707586744,-30.02309697840155,-62.396812416998046,1.668615984405458,1.668615984405458,1.6666666666666667,-0.020323188108429865,-0.018390307904521622,-0.038036129462377395
d12_e120_rolling_rearm,pf2_posthoc,0.12,120,True,True,100,250,all_orders,0.5831998434307982,1.140781753762181,-4.749255111734893,1.1208576998050683,1.1208576998050683,1.1189083820662769,0.0018573579709634978,0.003912693939342952,-0.017891986896788493
d12_e120_rolling_rearm,pf2_posthoc,0.12,120,True,True,100,500,all_orders,1.0343616809356717,2.1733867101754383,-9.820426506198835,1.124756335282651,1.124756335282651,1.1228070175438596,0.001437721871247165,0.003485933624831542,-0.018243777417276025
d12_e120_rolling_rearm,pf2_posthoc,0.12,120,True,True,100,1000,all_orders,1.8691811800389777,4.159317944171538,-19.998749931072123,1.124756335282651,1.124756335282651,1.1228070175438596,0.001437721871247165,0.003485933624831542,-0.018243777417276025
d12_e120_rolling_rearm,pf2_posthoc,0.12,120,True,True,150,250,all_orders,-0.7651741818323583,-0.20759227150097415,-6.095407694502926,1.1208576998050683,1.1208576998050683,1.1189083820662769,-0.0031426420290365073,-0.0010873060606570587,-0.02289198689678849
d12_e120_rolling_rearm,pf2_posthoc,0.12,120,True,True,150,500,all_orders,-1.7204096010136452,-0.5813845717738787,-12.570532758908387,1.124756335282651,1.124756335282651,1.1228070175438596,-0.0035622781287528386,-0.0015140663751684674,-0.023243777417276026
d12_e120_rolling_rearm,pf2_posthoc,0.12,120,True,True,150,1000,all_orders,-3.695720632280701,-1.4055838681481476,-25.554099540662765,1.124756335282651,1.124756335282651,1.1228070175438596,-0.0035622781287528386,-0.0015140663751684674,-0.023243777417276026
d12_e120_rolling_rearm,pf2_posthoc,0.12,120,True,True,200,250,all_orders,-2.1135482070955174,-1.5559662967641328,-7.441560277270954,1.1208576998050683,1.1208576998050683,1.1189083820662769,-0.008142642029036508,-0.006087306060657057,-0.027891986896788443
d12_e120_rolling_rearm,pf2_posthoc,0.12,120,True,True,200,500,all_orders,-4.475180882962966,-3.3361558537231977,-15.320639011617944,1.124756335282651,1.124756335282651,1.1228070175438596,-0.008562278128752841,-0.006514066375168468,-0.02824377741727598
d12_e120_rolling_rearm,pf2_posthoc,0.12,120,True,True,200,1000,all_orders,-9.260622444600397,-6.970485680467837,-31.10944915025342,1.124756335282651,1.124756335282651,1.1228070175438596,-0.008562278128752841,-0.006514066375168468,-0.02824377741727598
d12_e120_rolling_rearm,pf2_preorder,0.12,120,True,True,100,250,pf2_preorder,-1.2354337939961022,-0.5632207725536066,-6.8988925698245565,1.345029239766082,1.345029239766082,1.3430799220272904,-0.00391085370175254,-0.0018555177333730954,-0.02140139517468905
d12_e120_rolling_rearm,pf2_preorder,0.12,120,True,True,100,500,pf2_preorder,-2.5923770792982457,-1.224089827836257,-14.12545205005848,1.3489278752436646,1.3489278752436646,1.3469785575048734,-0.004244081456363654,-0.0021946857653494687,-0.021684481315419904
d12_e120_rolling_rearm,pf2_preorder,0.12,120,True,True,100,1000,pf2_preorder,-5.397580862846003,-2.6489196542690063,-28.631926009044847,1.3489278752436646,1.3489278752436646,1.3469785575048734,-0.004244081456363654,-0.0021946857653494687,-0.021684481315419904
d12_e120_rolling_rearm,pf2_preorder,0.12,120,True,True,150,250,pf2_preorder,-2.851056099961015,-2.1788430785185207,-8.512293433294346,1.345029239766082,1.345029239766082,1.3430799220272904,-0.00891085370175254,-0.0068555177333730925,-0.026401395174689077
d12_e120_rolling_rearm,pf2_preorder,0.12,120,True,True,150,500,pf2_preorder,-5.895016376842102,-4.526729125380113,-17.42342631836258,1.3489278752436646,1.3489278752436646,1.3469785575048734,-0.009244081456363655,-0.007194685765349465,-0.02668448131541993
d12_e120_rolling_rearm,pf2_preorder,0.12,120,True,True,150,1000,pf2_preorder,-12.070033521169597,-9.321372312592601,-35.294826464639364,1.3489278752436646,1.3489278752436646,1.3469785575048734,-0.009244081456363655,-0.007194685765349465,-0.02668448131541993
d12_e120_rolling_rearm,pf2_preorder,0.12,120,True,True,200,250,pf2_preorder,-4.466678405925927,-3.794465384483432,-10.125694296764124,1.345029239766082,1.345029239766082,1.3430799220272904,-0.013910853701752535,-0.01185551773337309,-0.03140139517468906
d12_e120_rolling_rearm,pf2_preorder,0.12,120,True,True,200,500,pf2_preorder,-9.197655674385977,-7.82936842292398,-20.72140058666666,1.3489278752436646,1.3489278752436646,1.3469785575048734,-0.014244081456363652,-0.012194685765349465,-0.03168448131541991
d12_e120_rolling_rearm,pf2_preorder,0.12,120,True,True,200,1000,pf2_preorder,-18.74248617949319,-15.993824970916195,-41.957726920233924,1.3489278752436646,1.3489278752436646,1.3469785575048734,-0.014244081456363652,-0.012194685765349465,-0.03168448131541991
d12_e120_static_once,all_orders,0.12,120,False,False,100,250,all_orders,-3.0657495086159847,-2.951118397504874,-5.588035356569201,0.7309941520467836,0.7309941520467836,0.7309941520467836,-0.01785370200768438,-0.017223398977381347,-0.03202682932806469
d12_e120_static_once,all_orders,0.12,120,False,False,100,500,all_orders,-6.339122665263159,-6.109860443040938,-11.439277012241707,0.732943469785575,0.732943469785575,0.732943469785575,-0.018098771949153308,-0.017470145256696826,-0.032234204781979414
d12_e120_static_once,all_orders,0.12,120,False,False,100,1000,all_orders,-12.962500503391814,-12.50397605894737,-23.24681539617931,0.732943469785575,0.732943469785575,0.732943469785575,-0.018098771949153308,-0.017470145256696826,-0.032234204781979414
d12_e120_static_once,all_orders,0.12,120,False,False,150,250,all_orders,-3.9487239720857685,-3.8340928609746587,-6.471009820038987,0.7309941520467836,0.7309941520467836,0.7309941520467836,-0.022853702007684395,-0.022223398977381355,-0.03702682932806477
d12_e120_static_once,all_orders,0.12,120,False,False,150,500,all_orders,-8.139003579961011,-7.909741357738789,-13.239157926939573,0.732943469785575,0.732943469785575,0.732943469785575,-0.023098771949153326,-0.022470145256696845,-0.037234204781979495
d12_e120_static_once,all_orders,0.12,120,False,False,150,1000,all_orders,-16.596053763274853,-16.137529318830406,-26.880368656062384,0.732943469785575,0.732943469785575,0.732943469785575,-0.023098771949153326,-0.022470145256696845,-0.037234204781979495
d12_e120_static_once,all_orders,0.12,120,False,False,200,250,all_orders,-4.831698435555555,-4.717067324444445,-7.35398428350877,0.7309941520467836,0.7309941520467836,0.7309941520467836,-0.027853702007684385,-0.027223398977381356,-0.04202682932806464
d12_e120_static_once,all_orders,0.12,120,False,False,200,500,all_orders,-9.938884494658867,-9.709622272436643,-15.039038841637439,0.732943469785575,0.732943469785575,0.732943469785575,-0.028098771949153313,-0.027470145256696832,-0.04223420478197937
d12_e120_static_once,all_orders,0.12,120,False,False,200,1000,all_orders,-20.22960702315789,-19.771082578713447,-30.513921915945424,0.732943469785575,0.732943469785575,0.732943469785575,-0.028098771949153313,-0.027470145256696832,-0.04223420478197937
d12_e120_static_once,pf2_posthoc,0.12,120,False,False,100,250,all_orders,-1.2088043936062376,-1.0941732824951265,-2.8971471616374287,0.4346978557504873,0.4346978557504873,0.4346978557504873,-0.011704834577077385,-0.010644907956612647,-0.02769912319030824
d12_e120_static_once,pf2_posthoc,0.12,120,False,False,100,500,all_orders,-2.4236615837816755,-2.1943993615594537,-5.850711525302145,0.4346978557504873,0.4346978557504873,0.4346978557504873,-0.011704834577077385,-0.010644907956612647,-0.02769912319030824
d12_e120_static_once,pf2_posthoc,0.12,120,False,False,100,1000,all_orders,-4.946669971929824,-4.488145527485379,-11.85510915321638,0.4346978557504873,0.4346978557504873,0.4346978557504873,-0.011704834577077385,-0.010644907956612647,-0.02769912319030824
d12_e120_static_once,pf2_posthoc,0.12,120,False,False,150,250,all_orders,-1.7357484399220289,-1.6211173288109175,-3.424091207953219,0.4346978557504873,0.4346978557504873,0.4346978557504873,-0.01670483457707739,-0.01564490795661266,-0.03269912319030825
d12_e120_static_once,pf2_posthoc,0.12,120,False,False,150,500,all_orders,-3.4942156224561405,-3.264953400233919,-6.9212655639766085,0.4346978557504873,0.4346978557504873,0.4346978557504873,-0.01670483457707739,-0.01564490795661266,-0.03269912319030825
d12_e120_static_once,pf2_posthoc,0.12,120,False,False,150,1000,all_orders,-7.1044494202729105,-6.6459249758284615,-14.012888601559451,0.4346978557504873,0.4346978557504873,0.4346978557504873,-0.01670483457707739,-0.01564490795661266,-0.03269912319030825
d12_e120_static_once,pf2_posthoc,0.12,120,False,False,200,250,all_orders,-2.2626924862378153,-2.148061375126704,-3.9510352542690064,0.4346978557504873,0.4346978557504873,0.4346978557504873,-0.02170483457707741,-0.02064490795661267,-0.037699123190308215
d12_e120_static_once,pf2_posthoc,0.12,120,False,False,200,500,all_orders,-4.564769661130605,-4.335507438908382,-7.9918196026510735,0.4346978557504873,0.4346978557504873,0.4346978557504873,-0.02170483457707741,-0.02064490795661267,-0.037699123190308215
d12_e120_static_once,pf2_posthoc,0.12,120,False,False,200,1000,all_orders,-9.262228868615987,-8.803704424171542,-16.170668049902538,0.4346978557504873,0.4346978557504873,0.4346978557504873,-0.02170483457707741,-0.02064490795661267,-0.037699123190308215
d12_e120_static_once,pf2_preorder,0.12,120,False,False,100,250,pf2_preorder,-1.1579071694346978,-1.0432760583235867,-3.416611886783629,0.5497076023391813,0.5497076023391813,0.5497076023391813,-0.008775885571638544,-0.007937716648363239,-0.02566290293496749
d12_e120_static_once,pf2_preorder,0.12,120,False,False,100,500,pf2_preorder,-2.389401926861599,-2.160139704639376,-6.966489607173491,0.5516569200779727,0.5516569200779727,0.5516569200779727,-0.009133567954777632,-0.008298360759146408,-0.02596091387866018
d12_e120_static_once,pf2_preorder,0.12,120,False,False,100,1000,pf2_preorder,-4.844914993372321,-4.386390548927874,-14.062394330604292,0.5516569200779727,0.5516569200779727,0.5516569200779727,-0.009133567954777632,-0.008298360759146408,-0.02596091387866018
d12_e120_static_once,pf2_preorder,0.12,120,False,False,150,250,pf2_preorder,-1.82353274011696,-1.708901629005849,-4.082237457465889,0.5497076023391813,0.5497076023391813,0.5497076023391813,-0.01377588557163854,-0.012937716648363237,-0.0306629029349675
d12_e120_static_once,pf2_preorder,0.12,120,False,False,150,500,pf2_preorder,-3.7453855522807014,-3.516123330058479,-8.322473232592591,0.5516569200779727,0.5516569200779727,0.5516569200779727,-0.014133567954777625,-0.013298360759146406,-0.030960913878660196
d12_e120_static_once,pf2_preorder,0.12,120,False,False,150,1000,pf2_preorder,-7.578744671734899,-7.120220227290451,-16.796224008966853,0.5516569200779727,0.5516569200779727,0.5516569200779727,-0.014133567954777625,-0.013298360759146406,-0.030960913878660196
d12_e120_static_once,pf2_preorder,0.12,120,False,False,200,250,pf2_preorder,-2.489158310799221,-2.3745271996881097,-4.747863028148148,0.5497076023391813,0.5497076023391813,0.5497076023391813,-0.01877588557163855,-0.017937716648363244,-0.03566290293496746
d12_e120_static_once,pf2_preorder,0.12,120,False,False,200,500,pf2_preorder,-5.101369177699806,-4.872106955477584,-9.6784568580117,0.5516569200779727,0.5516569200779727,0.5516569200779727,-0.019133567954777636,-0.018298360759146412,-0.035960913878660156
d12_e120_static_once,pf2_preorder,0.12,120,False,False,200,1000,pf2_preorder,-10.312574350097467,-9.854049905653024,-19.530053687329442,0.5516569200779727,0.5516569200779727,0.5516569200779727,-0.019133567954777636,-0.018298360759146412,-0.035960913878660156
d12_e120_static_rearm,all_orders,0.12,120,False,True,100,250,all_orders,-3.4801256333723214,-3.36549452226121,-6.757175972553601,0.9142300194931774,0.9142300194931774,0.9142300194931774,-0.016073994626873873,-0.015570020988571869,-0.03079353637617898
d12_e120_static_rearm,all_orders,0.12,120,False,True,100,500,all_orders,-7.183559834853798,-6.954297612631573,-13.807804021988298,0.9161793372319688,0.9161793372319688,0.9161793372319688,-0.016273837191497543,-0.015770935837532356,-0.030962060766867958
d12_e120_static_rearm,all_orders,0.12,120,False,True,100,1000,all_orders,-14.63760483087719,-14.179080386432743,-27.99295577824559,0.9161793372319688,0.9161793372319688,0.9161793372319688,-0.016273837191497543,-0.015770935837532356,-0.030962060766867958
d12_e120_static_rearm,all_orders,0.12,120,False,True,150,250,all_orders,-4.584132681637423,-4.469501570526313,-7.86115583173489,0.9142300194931774,0.9142300194931774,0.9142300194931774,-0.02107399462687391,-0.02057002098857191,-0.035793536376178985
d12_e120_static_rearm,all_orders,0.12,120,False,True,150,500,all_orders,-9.432867170604291,-9.20360494838207,-16.05709514721248,0.9161793372319688,0.9161793372319688,0.9161793372319688,-0.021273837191497585,-0.0207709358375324,-0.03596206076686797
d12_e120_static_rearm,all_orders,0.12,120,False,True,150,1000,all_orders,-19.178788461130598,-18.720264016686155,-32.53414515508773,0.9161793372319688,0.9161793372319688,0.9161793372319688,-0.021273837191497585,-0.0207709358375324,-0.03596206076686797
d12_e120_static_rearm,all_orders,0.12,120,False,True,200,250,all_orders,-5.68813972990253,-5.5735086187914185,-8.965135690916176,0.9142300194931774,0.9142300194931774,0.9142300194931774,-0.026073994626873882,-0.025570020988571886,-0.04079353637617893
d12_e120_static_rearm,all_orders,0.12,120,False,True,200,500,all_orders,-11.682174506354775,-11.452912284132552,-18.30638627243665,0.9161793372319688,0.9161793372319688,0.9161793372319688,-0.02627383719149756,-0.025770935837532375,-0.04096206076686791
d12_e120_static_rearm,all_orders,0.12,120,False,True,200,1000,all_orders,-23.71997209138402,-23.261447646939573,-37.07533453192984,0.9161793372319688,0.9161793372319688,0.9161793372319688,-0.02627383719149756,-0.025770935837532375,-0.04096206076686791
d12_e120_static_rearm,pf2_posthoc,0.12,120,False,True,100,250,all_orders,-1.4027189511111111,-1.28808784,-3.6568727132943493,0.6003898635477583,0.6003898635477583,0.6003898635477583,-0.009721528976881763,-0.008954114573103723,-0.025181756825951324
d12_e120_static_rearm,pf2_posthoc,0.12,120,False,True,100,500,all_orders,-2.824158917115009,-2.594896694892786,-7.396552016530215,0.6003898635477583,0.6003898635477583,0.6003898635477583,-0.009721528976881763,-0.008954114573103723,-0.025181756825951324
d12_e120_static_rearm,pf2_posthoc,0.12,120,False,True,100,1000,all_orders,-5.728914868615982,-5.270390424171536,-14.942766603508773,0.6003898635477583,0.6003898635477583,0.6003898635477583,-0.009721528976881763,-0.008954114573103723,-0.025181756825951324
d12_e120_static_rearm,pf2_posthoc,0.12,120,False,True,150,250,all_orders,-2.129078287875244,-2.0144471767641323,-4.383232050058481,0.6003898635477583,0.6003898635477583,0.6003898635477583,-0.014721528976881764,-0.013954114573103723,-0.030181756825951356
d12_e120_static_rearm,pf2_posthoc,0.12,120,False,True,150,500,all_orders,-4.30074474136452,-4.071482519142298,-8.873137840779728,0.6003898635477583,0.6003898635477583,0.6003898635477583,-0.014721528976881764,-0.013954114573103723,-0.030181756825951356
d12_e120_static_rearm,pf2_posthoc,0.12,120,False,True,150,1000,all_orders,-8.70708709668616,-8.248562652241716,-17.920938831578944,0.6003898635477583,0.6003898635477583,0.6003898635477583,-0.014721528976881764,-0.013954114573103723,-0.030181756825951356
d12_e120_static_rearm,pf2_posthoc,0.12,120,False,True,200,250,all_orders,-2.855437624639376,-2.740806513528265,-5.1095913868226095,0.6003898635477583,0.6003898635477583,0.6003898635477583,-0.01972152897688177,-0.01895411457310373,-0.0351817568259513
d12_e120_static_rearm,pf2_posthoc,0.12,120,False,True,200,500,all_orders,-5.777330565614032,-5.548068343391811,-10.349723665029243,0.6003898635477583,0.6003898635477583,0.6003898635477583,-0.01972152897688177,-0.01895411457310373,-0.0351817568259513
d12_e120_static_rearm,pf2_posthoc,0.12,120,False,True,200,1000,all_orders,-11.685259324756336,-11.226734880311893,-20.899111059649133,0.6003898635477583,0.6003898635477583,0.6003898635477583,-0.01972152897688177,-0.01895411457310373,-0.0351817568259513
d12_e120_static_rearm,pf2_preorder,0.12,120,False,True,100,250,pf2_preorder,-1.2413627795711502,-1.1267316684600392,-4.066194654814818,0.6920077972709552,0.6920077972709552,0.6920077972709552,-0.0073885373476832205,-0.00672272428750396,-0.02416927738492747
d12_e120_static_rearm,pf2_preorder,0.12,120,False,True,100,500,pf2_preorder,-2.5634051549317736,-2.3341429327095518,-8.28597568904484,0.6939571150097466,0.6939571150097466,0.6939571150097466,-0.0076767717933357935,-0.007012828994561534,-0.02441037492036307
d12_e120_static_rearm,pf2_preorder,0.12,120,False,True,100,1000,pf2_preorder,-5.175158049902534,-4.716633605458091,-16.69811849434699,0.6939571150097466,0.6939571150097466,0.6939571150097466,-0.0076767717933357935,-0.007012828994561534,-0.02441037492036307
d12_e120_static_rearm,pf2_preorder,0.12,120,False,True,150,250,pf2_preorder,-2.0781638746198836,-1.9635327635087725,-4.902988373645225,0.6920077972709552,0.6920077972709552,0.6920077972709552,-0.012388537347683208,-0.01172272428750395,-0.029169277384927493
d12_e120_static_rearm,pf2_preorder,0.12,120,False,True,150,500,pf2_preorder,-4.266484195555555,-4.037221973333332,-9.989051127329436,0.6939571150097466,0.6939571150097466,0.6939571150097466,-0.012676771793335784,-0.012012828994561523,-0.029410374920363087
d12_e120_static_rearm,pf2_preorder,0.12,120,False,True,150,1000,pf2_preorder,-8.612278067446397,-8.153753623001954,-20.135231307212464,0.6939571150097466,0.6939571150097466,0.6939571150097466,-0.012676771793335784,-0.012012828994561523,-0.029410374920363087
d12_e120_static_rearm,pf2_preorder,0.12,120,False,True,200,250,pf2_preorder,-2.9149649696686164,-2.8003338585575053,-5.739782092475632,0.6920077972709552,0.6920077972709552,0.6920077972709552,-0.017388537347683218,-0.01672272428750396,-0.03416927738492744
d12_e120_static_rearm,pf2_preorder,0.12,120,False,True,200,500,pf2_preorder,-5.969563236179334,-5.7403010139571125,-11.692126565614041,0.6939571150097466,0.6939571150097466,0.6939571150097466,-0.017676771793335794,-0.017012828994561534,-0.03441037492036304
d12_e120_static_rearm,pf2_preorder,0.12,120,False,True,200,1000,pf2_preorder,-12.049398084990253,-11.59087364054581,-23.57234412007799,0.6939571150097466,0.6939571150097466,0.6939571150097466,-0.017676771793335794,-0.017012828994561534,-0.03441037492036304
d14_e120_rolling_rearm,all_orders,0.14,120,True,True,100,250,all_orders,-5.218026210175428,-4.34586005033138,-9.709130084639362,1.4600389863547758,1.4600389863547758,1.4600389863547758,-0.015297184139519197,-0.012841196310786318,-0.028011489285554178
d14_e120_rolling_rearm,all_orders,0.14,120,True,True,100,500,all_orders,-11.002464414424935,-9.239369248732931,-20.1138253270955,1.46588693957115,1.46588693957115,1.46588693957115,-0.015730060801703874,-0.013283870796755835,-0.02839364398572011
d14_e120_rolling_rearm,all_orders,0.14,120,True,True,100,1000,all_orders,-22.63007399037033,-19.06523016970756,-40.96733594436646,1.46588693957115,1.46588693957115,1.46588693957115,-0.015730060801703874,-0.013283870796755835,-0.02839364398572011
d14_e120_rolling_rearm,all_orders,0.14,120,True,True,150,250,all_orders,-6.969971486023383,-6.097805326179327,-11.461075360487325,1.4600389863547758,1.4600389863547758,1.4600389863547758,-0.020297184139519205,-0.017841196310786313,-0.033011489285554224
d14_e120_rolling_rearm,all_orders,0.14,120,True,True,150,500,all_orders,-14.586425547758271,-12.823330382066263,-23.697786460428848,1.46588693957115,1.46588693957115,1.46588693957115,-0.02073006080170388,-0.01828387079675583,-0.033393643985720145
d14_e120_rolling_rearm,all_orders,0.14,120,True,True,150,1000,all_orders,-29.879172864892762,-26.31432904422998,-48.21643481888884,1.46588693957115,1.46588693957115,1.46588693957115,-0.02073006080170388,-0.01828387079675583,-0.033393643985720145
d14_e120_rolling_rearm,all_orders,0.14,120,True,True,200,250,all_orders,-8.721916761871336,-7.8497506020272825,-13.213020636335273,1.4600389863547758,1.4600389863547758,1.4600389863547758,-0.02529718413951918,-0.022841196310786308,-0.038011489285554166
d14_e120_rolling_rearm,all_orders,0.14,120,True,True,200,500,all_orders,-18.17038668109161,-16.407291515399596,-27.281747593762187,1.46588693957115,1.46588693957115,1.46588693957115,-0.025730060801703862,-0.023283870796755826,-0.038393643985720094
d14_e120_rolling_rearm,all_orders,0.14,120,True,True,200,1000,all_orders,-37.128271739415176,-33.56342791875239,-55.465533693411274,1.46588693957115,1.46588693957115,1.46588693957115,-0.025730060801703862,-0.023283870796755826,-0.038393643985720094
d14_e120_rolling_rearm,pf2_posthoc,0.14,120,True,True,100,250,all_orders,-1.3220662886939525,-0.5777289007797222,-4.549427804483427,0.9746588693957114,0.9746588693957114,0.9746588693957114,-0.006151574265432285,-0.0029980858933392643,-0.01983385263404139
d14_e120_rolling_rearm,pf2_posthoc,0.14,120,True,True,100,500,all_orders,-2.912643877504862,-1.4052062556725018,-9.444767063079919,0.9785575048732943,0.9785575048732943,0.9785575048732943,-0.006647812619716292,-0.003506887946316873,-0.02027557991912776
d14_e120_rolling_rearm,pf2_posthoc,0.14,120,True,True,100,1000,all_orders,-6.2114010492397425,-3.157872316296273,-19.372803611422988,0.9785575048732943,0.9785575048732943,0.9785575048732943,-0.006647812619716292,-0.003506887946316873,-0.02027557991912776
d14_e120_rolling_rearm,pf2_posthoc,0.14,120,True,True,150,250,all_orders,-2.4948964478557443,-1.7505590599415153,-5.722257963645218,0.9746588693957114,0.9746588693957114,0.9746588693957114,-0.011151574265432292,-0.007998085893339267,-0.024833852634041392
d14_e120_rolling_rearm,pf2_posthoc,0.14,120,True,True,150,500,all_orders,-5.309780280389856,-3.802342658557491,-11.8419034659649,0.9785575048732943,0.9785575048732943,0.9785575048732943,-0.011647812619716301,-0.008506887946316875,-0.025275579919127756
d14_e120_rolling_rearm,pf2_posthoc,0.14,120,True,True,150,1000,all_orders,-11.054856726101342,-8.001327993157876,-24.21625928828456,0.9785575048732943,0.9785575048732943,0.9785575048732943,-0.011647812619716301,-0.008506887946316875,-0.025275579919127756
d14_e120_rolling_rearm,pf2_posthoc,0.14,120,True,True,200,250,all_orders,-3.667726607017538,-2.9233892191033086,-6.8950881228070084,0.9746588693957114,0.9746588693957114,0.9746588693957114,-0.016151574265432296,-0.012998085893339265,-0.029833852634041376
d14_e120_rolling_rearm,pf2_posthoc,0.14,120,True,True,200,500,all_orders,-7.706916683274841,-6.199479061442482,-14.239039868849877,0.9785575048732943,0.9785575048732943,0.9785575048732943,-0.016647812619716294,-0.013506887946316874,-0.030275579919127743
d14_e120_rolling_rearm,pf2_posthoc,0.14,120,True,True,200,1000,all_orders,-15.89831240296294,-12.844783670019472,-29.059714965146178,0.9785575048732943,0.9785575048732943,0.9785575048732943,-0.016647812619716294,-0.013506887946316874,-0.030275579919127743
d14_e120_rolling_rearm,pf2_preorder,0.14,120,True,True,100,250,pf2_preorder,-2.717470670760227,-1.845304510916172,-6.185881231384007,1.1734892787524367,1.1734892787524367,1.1734892787524367,-0.009947310413049361,-0.006891604626137515,-0.022184387787888882
d14_e120_rolling_rearm,pf2_preorder,0.14,120,True,True,100,500,pf2_preorder,-5.730812088031177,-3.967716922339167,-12.762721277504857,1.1773879142300194,1.1773879142300194,1.1773879142300194,-0.010347178263306547,-0.007301590707477188,-0.02254373551438832
d14_e120_rolling_rearm,pf2_preorder,0.14,120,True,True,100,1000,pf2_preorder,-11.879795567758245,-8.314951747095483,-26.05364288627677,1.1773879142300194,1.1773879142300194,1.1773879142300194,-0.010347178263306547,-0.007301590707477188,-0.02254373551438832
d14_e120_rolling_rearm,pf2_preorder,0.14,120,True,True,150,250,pf2_preorder,-4.127003508284591,-3.2548373484405397,-7.595414068908375,1.1734892787524367,1.1734892787524367,1.1734892787524367,-0.014947310413049376,-0.01189160462613752,-0.027184387787888873
d14_e120_rolling_rearm,pf2_preorder,0.14,120,True,True,150,500,pf2_preorder,-8.612847839844042,-6.849752674152038,-15.64475702931772,1.1773879142300194,1.1773879142300194,1.1773879142300194,-0.01534717826330656,-0.01230159070747719,-0.02754373551438832
d14_e120_rolling_rearm,pf2_preorder,0.14,120,True,True,150,1000,pf2_preorder,-17.704857256315744,-14.140013435652996,-31.878704574834284,1.1773879142300194,1.1773879142300194,1.1773879142300194,-0.01534717826330656,-0.01230159070747719,-0.02754373551438832
d14_e120_rolling_rearm,pf2_preorder,0.14,120,True,True,200,250,pf2_preorder,-5.536536345808958,-4.664370185964904,-9.004946906432743,1.1734892787524367,1.1734892787524367,1.1734892787524367,-0.019947310413049354,-0.016891604626137507,-0.03218438778788887
d14_e120_rolling_rearm,pf2_preorder,0.14,120,True,True,200,500,pf2_preorder,-11.494883591656896,-9.731788425964888,-18.526792781130602,1.1773879142300194,1.1773879142300194,1.1773879142300194,-0.02034717826330654,-0.017301590707477183,-0.03254373551438831
d14_e120_rolling_rearm,pf2_preorder,0.14,120,True,True,200,1000,pf2_preorder,-23.529918944873277,-19.96507512421051,-37.70376626339181,1.1773879142300194,1.1773879142300194,1.1773879142300194,-0.02034717826330654,-0.017301590707477183,-0.03254373551438831
d16_e010_rolling_rearm,all_orders,0.16,10,True,True,100,250,all_orders,-1.0445638605068195,-0.630943431656917,-3.352773813723196,0.5672514619883041,0.5672514619883041,0.5672514619883041,-0.007672418815446723,-0.004677818913630323,-0.02413827086832555
d16_e010_rolling_rearm,all_orders,0.16,10,True,True,100,500,all_orders,-2.012331042962957,-1.1709115497855687,-6.651415600467833,0.5692007797270955,0.5692007797270955,0.5692007797270955,-0.007028074263078099,-0.0040437298403775135,-0.023437536411666245
d16_e010_rolling_rearm,all_orders,0.16,10,True,True,100,1000,all_orders,-3.989820416062366,-2.2928027942300067,-13.287829453099404,0.5692007797270955,0.5692007797270955,0.5692007797270955,-0.007028074263078099,-0.0040437298403775135,-0.023437536411666245
d16_e010_rolling_rearm,all_orders,0.16,10,True,True,150,250,all_orders,-1.7252264964132524,-1.3116060675633496,-4.033436449629624,0.5672514619883041,0.5672514619883041,0.5672514619883041,-0.012672418815446717,-0.00967781891363032,-0.02913827086832554
d16_e010_rolling_rearm,all_orders,0.16,10,True,True,150,500,all_orders,-3.407841059571143,-2.566421566393755,-8.046925617076017,0.5692007797270955,0.5692007797270955,0.5692007797270955,-0.01202807426307809,-0.009043729840377508,-0.02843753641166623
d16_e010_rolling_rearm,all_orders,0.16,10,True,True,150,1000,all_orders,-6.807902018635463,-5.1108843968031055,-16.105911055672497,0.5692007797270955,0.5692007797270955,0.5692007797270955,-0.01202807426307809,-0.009043729840377508,-0.02843753641166623
d16_e010_rolling_rearm,all_orders,0.16,10,True,True,200,250,all_orders,-2.405889132319685,-1.9922687034697817,-4.71409908553606,0.5672514619883041,0.5672514619883041,0.5672514619883041,-0.017672418815446705,-0.014677818913630318,-0.03413827086832554
d16_e010_rolling_rearm,all_orders,0.16,10,True,True,200,500,all_orders,-4.8033510761793305,-3.961931583001941,-9.442435633684205,0.5692007797270955,0.5692007797270955,0.5692007797270955,-0.017028074263078088,-0.014043729840377503,-0.03343753641166624
d16_e010_rolling_rearm,all_orders,0.16,10,True,True,200,1000,all_orders,-9.625983621208562,-7.928965999376201,-18.923992658245602,0.5692007797270955,0.5692007797270955,0.5692007797270955,-0.017028074263078088,-0.014043729840377503,-0.03343753641166624
d16_e010_rolling_rearm,pf2_posthoc,0.16,10,True,True,100,250,all_orders,-0.46352164842105065,-0.191449757582844,-1.9248756172319677,0.3664717348927875,0.3664717348927875,0.3664717348927875,-0.0047124621561732555,-0.0016222899170648445,-0.020884259233650157
d16_e010_rolling_rearm,pf2_posthoc,0.16,10,True,True,100,500,all_orders,-0.7622165681091568,-0.20389415095516092,-3.7055629579727056,0.3684210526315789,0.3684210526315789,0.3684210526315789,-0.003732628015261279,-0.0006588058938201056,-0.019818860028836174
d16_e010_rolling_rearm,pf2_posthoc,0.16,10,True,True,100,1000,all_orders,-1.427225922495118,-0.296402452709544,-7.327608682729039,0.3684210526315789,0.3684210526315789,0.3684210526315789,-0.003732628015261279,-0.0006588058938201056,-0.019818860028836174
d16_e010_rolling_rearm,pf2_posthoc,0.16,10,True,True,150,250,all_orders,-0.9048285194152031,-0.6327566285769964,-2.3661824882261207,0.3664717348927875,0.3664717348927875,0.3664717348927875,-0.00971246215617325,-0.006622289917064845,-0.025884259233650158
d16_e010_rolling_rearm,pf2_posthoc,0.16,10,True,True,150,500,all_orders,-1.6652472420272868,-1.1069248248732906,-4.608593631890834,0.3684210526315789,0.3684210526315789,0.3684210526315789,-0.008732628015261272,-0.005658805893820107,-0.02481886002883618
d16_e010_rolling_rearm,pf2_posthoc,0.16,10,True,True,150,1000,all_orders,-3.2513289917348858,-2.1205055219493096,-9.151711751968804,0.3684210526315789,0.3684210526315789,0.3684210526315789,-0.008732628015261272,-0.005658805893820107,-0.02481886002883618
d16_e010_rolling_rearm,pf2_posthoc,0.16,10,True,True,200,250,all_orders,-1.3461353904093543,-1.0740634995711484,-2.807489359220271,0.3664717348927875,0.3664717348927875,0.3664717348927875,-0.01471246215617325,-0.01162228991706484,-0.03088425923365016
d16_e010_rolling_rearm,pf2_posthoc,0.16,10,True,True,200,500,all_orders,-2.5682779159454125,-2.0099554987914185,-5.511624305808962,0.3684210526315789,0.3684210526315789,0.3684210526315789,-0.013732628015261272,-0.010658805893820103,-0.029818860028836186
d16_e010_rolling_rearm,pf2_posthoc,0.16,10,True,True,200,1000,all_orders,-5.075432060974648,-3.944608591189075,-10.975814821208571,0.3684210526315789,0.3684210526315789,0.3684210526315789,-0.013732628015261272,-0.010658805893820103,-0.029818860028836186
d16_e010_rolling_rearm,pf2_preorder,0.16,10,True,True,100,250,pf2_preorder,-0.22213203438596252,0.19148839446394025,-1.9675343462768011,0.4346978557504873,0.4346978557504873,0.4346978557504873,-0.001671572343142314,0.0022361790982414215,-0.017948066448447125
d16_e010_rolling_rearm,pf2_preorder,0.16,10,True,True,100,500,pf2_preorder,-0.2781018936452186,0.5633175995321688,-3.7895449696686114,0.43664717348927873,0.43664717348927873,0.43664717348927873,-0.000858412687698863,0.0030318934347501256,-0.0170622438728907
d16_e010_rolling_rearm,pf2_preorder,0.16,10,True,True,100,1000,pf2_preorder,-0.43657138838205545,1.2604462334503026,-7.4731475209356635,0.43664717348927873,0.43664717348927873,0.43664717348927873,-0.000858412687698863,0.0030318934347501256,-0.0170622438728907
d16_e010_rolling_rearm,pf2_preorder,0.16,10,True,True,150,250,pf2_preorder,-0.7468193030409332,-0.33319887419103134,-2.492221614931773,0.4346978557504873,0.4346978557504873,0.4346978557504873,-0.006671572343142315,-0.00276382090175859,-0.02294806644844713
d16_e010_rolling_rearm,pf2_preorder,0.16,10,True,True,150,500,pf2_preorder,-1.3502151523586696,-0.5087956591812816,-4.861658228382064,0.43664717348927873,0.43664717348927873,0.43664717348927873,-0.005858412687698864,-0.001968106565249887,-0.022062243872890713
d16_e010_rolling_rearm,pf2_preorder,0.16,10,True,True,150,1000,pf2_preorder,-2.600011206159834,-0.9029935843274769,-9.636587338713442,0.43664717348927873,0.43664717348927873,0.43664717348927873,-0.005858412687698864,-0.001968106565249887,-0.022062243872890713
d16_e010_rolling_rearm,pf2_preorder,0.16,10,True,True,200,250,pf2_preorder,-1.2715065716959044,-0.8578861428460013,-3.016908883586743,0.4346978557504873,0.4346978557504873,0.4346978557504873,-0.011671572343142311,-0.007763820901758579,-0.02794806644844712
d16_e010_rolling_rearm,pf2_preorder,0.16,10,True,True,200,500,pf2_preorder,-2.42232841107212,-1.5809089178947313,-5.933771487095511,0.43664717348927873,0.43664717348927873,0.43664717348927873,-0.010858412687698863,-0.006968106565249878,-0.027062243872890697
d16_e010_rolling_rearm,pf2_preorder,0.16,10,True,True,200,1000,pf2_preorder,-4.763451023937612,-3.0664334021052517,-11.800027156491224,0.43664717348927873,0.43664717348927873,0.43664717348927873,-0.010858412687698863,-0.006968106565249878,-0.027062243872890697
d16_e010_static_rearm,all_orders,0.16,10,False,True,100,250,all_orders,0.455879058323588,0.7329451012085784,-1.2214301814424935,0.25925925925925924,0.25925925925925924,0.25925925925925924,0.006477322363059923,0.010845385377739486,-0.01970632809235351
d16_e010_static_rearm,all_orders,0.16,10,False,True,100,500,all_orders,0.8519033855750512,1.4140070892787548,-2.516171624171538,0.25925925925925924,0.25925925925925924,0.25925925925925924,0.006477322363059923,0.010845385377739486,-0.01970632809235351
d16_e010_static_rearm,all_orders,0.16,10,False,True,100,1000,all_orders,1.6631839643664779,2.795362989707608,-5.0872791155555515,0.25925925925925924,0.25925925925925924,0.25925925925925924,0.006477322363059923,0.010845385377739486,-0.01970632809235351
d16_e010_static_rearm,all_orders,0.16,10,False,True,150,250,all_orders,0.14167105142300299,0.4187370943079931,-1.535638188343079,0.25925925925925924,0.25925925925925924,0.25925925925925924,0.001477322363059911,0.0058453853777394645,-0.024706328092353517
d16_e010_static_rearm,all_orders,0.16,10,False,True,150,500,all_orders,0.21296059493177566,0.7750642986354799,-3.155114414814812,0.25925925925925924,0.25925925925925924,0.25925925925925924,0.001477322363059911,0.0058453853777394645,-0.024706328092353517
d16_e010_static_rearm,all_orders,0.16,10,False,True,150,1000,all_orders,0.3762408276413295,1.508419852982462,-6.374222252280695,0.25925925925925924,0.25925925925925924,0.25925925925925924,0.001477322363059911,0.0058453853777394645,-0.024706328092353517
d16_e010_static_rearm,all_orders,0.16,10,False,True,200,250,all_orders,-0.17253695547758122,0.10452908740740907,-1.8498461952436638,0.25925925925925924,0.25925925925925924,0.25925925925925924,-0.0035226776369400824,0.0008453853777394746,-0.029706328092353514
d16_e010_static_rearm,all_orders,0.16,10,False,True,200,500,all_orders,-0.42598219571149815,0.13612150799220604,-3.794057205458087,0.25925925925925924,0.25925925925925924,0.25925925925925924,-0.0035226776369400824,0.0008453853777394746,-0.029706328092353514
d16_e010_static_rearm,all_orders,0.16,10,False,True,200,1000,all_orders,-0.9107023090838141,0.22147671625731638,-7.661165389005838,0.25925925925925924,0.25925925925925924,0.25925925925925924,-0.0035226776369400824,0.0008453853777394746,-0.029706328092353514
d16_e010_static_rearm,pf2_posthoc,0.16,10,False,True,100,250,all_orders,0.5032531168031193,0.7803191596881095,-0.4571174874853792,0.1695906432748538,0.1695906432748538,0.1695906432748538,0.012458885627446206,0.019136499201611503,-0.01051320334288139
d16_e010_static_rearm,pf2_posthoc,0.16,10,False,True,100,500,all_orders,1.0249168358674472,1.5870205395711505,-0.9023405520467817,0.1695906432748538,0.1695906432748538,0.1695906432748538,0.012458885627446206,0.019136499201611503,-0.01051320334288139
d16_e010_static_rearm,pf2_posthoc,0.16,10,False,True,100,1000,all_orders,2.065464159298248,3.1976431846393782,-1.7992399342690026,0.1695906432748538,0.1695906432748538,0.1695906432748538,0.012458885627446206,0.019136499201611503,-0.01051320334288139
d16_e010_static_rearm,pf2_posthoc,0.16,10,False,True,150,250,all_orders,0.29551085259259313,0.5725768954775833,-0.6648597516959058,0.1695906432748538,0.1695906432748538,0.1695906432748538,0.007458885627446175,0.014136499201611493,-0.015513203342881381
d16_e010_static_rearm,pf2_posthoc,0.16,10,False,True,150,500,all_orders,0.6051579633528279,1.1672616670565314,-1.3220994245614024,0.1695906432748538,0.1695906432748538,0.1695906432748538,0.007458885627446175,0.014136499201611493,-0.015513203342881381
d16_e010_static_rearm,pf2_posthoc,0.16,10,False,True,150,1000,all_orders,1.2222149991812898,2.3543940245224193,-2.6424890943859625,0.1695906432748538,0.1695906432748538,0.1695906432748538,0.007458885627446175,0.014136499201611493,-0.015513203342881381
d16_e010_static_rearm,pf2_posthoc,0.16,10,False,True,200,250,all_orders,0.08776858838206722,0.36483463126705734,-0.872602015906432,0.1695906432748538,0.1695906432748538,0.1695906432748538,0.0024588856274461827,0.00913649920161149,-0.02051320334288138
d16_e010_static_rearm,pf2_posthoc,0.16,10,False,True,200,500,all_orders,0.18539909083820855,0.7475027945419114,-1.7418582970760215,0.1695906432748538,0.1695906432748538,0.1695906432748538,0.0024588856274461827,0.00913649920161149,-0.02051320334288138
d16_e010_static_rearm,pf2_posthoc,0.16,10,False,True,200,1000,all_orders,0.37896583906433123,1.5111448644054613,-3.485738254502919,0.1695906432748538,0.1695906432748538,0.1695906432748538,0.0024588856274461827,0.00913649920161149,-0.02051320334288138
d16_e010_static_rearm,pf2_preorder,0.16,10,False,True,100,250,pf2_preorder,0.2043235434697865,0.48138958635477624,-0.7560470608187126,0.2222222222222222,0.2222222222222222,0.2222222222222222,0.0038487025366620055,0.008944776053788165,-0.013682628519640612
d16_e010_static_rearm,pf2_preorder,0.16,10,False,True,100,500,pf2_preorder,0.42578040101364745,0.987884104717351,-1.501476986900583,0.2222222222222222,0.2222222222222222,0.2222222222222222,0.0038487025366620055,0.008944776053788165,-0.013682628519640612
d16_e010_static_rearm,pf2_preorder,0.16,10,False,True,100,1000,pf2_preorder,0.8306863288888927,1.9628653542300218,-3.034017764678358,0.2222222222222222,0.2222222222222222,0.2222222222222222,0.0038487025366620055,0.008944776053788165,-0.013682628519640612
d16_e010_static_rearm,pf2_preorder,0.16,10,False,True,150,250,pf2_preorder,-0.06562834951266965,0.21143769337232066,-1.0259989538011685,0.2222222222222222,0.2222222222222222,0.2222222222222222,-0.001151297463337997,0.003944776053788151,-0.018682628519640622
d16_e010_static_rearm,pf2_preorder,0.16,10,False,True,150,500,pf2_preorder,-0.12049822109161655,0.4416054826120869,-2.047755609005846,0.2222222222222222,0.2222222222222222,0.2222222222222222,-0.001151297463337997,0.003944776053788151,-0.018682628519640622
d16_e010_static_rearm,pf2_preorder,0.16,10,False,True,150,1000,pf2_preorder,-0.27153759438596253,0.860641430955168,-4.136241687953214,0.2222222222222222,0.2222222222222222,0.2222222222222222,-0.001151297463337997,0.003944776053788151,-0.018682628519640622
d16_e010_static_rearm,pf2_preorder,0.16,10,False,True,200,250,pf2_preorder,-0.3355802424951253,-0.05851419961013483,-1.2959508467836245,0.2222222222222222,0.2222222222222222,0.2222222222222222,-0.006151297463338002,-0.00105522394621185,-0.023682628519640612
d16_e010_static_rearm,pf2_preorder,0.16,10,False,True,200,500,pf2_preorder,-0.6667768431968786,-0.10467313949317472,-2.594034231111108,0.2222222222222222,0.2222222222222222,0.2222222222222222,-0.006151297463338002,-0.00105522394621185,-0.023682628519640612
d16_e010_static_rearm,pf2_preorder,0.16,10,False,True,200,1000,pf2_preorder,-1.3737615176608142,-0.24158249231968326,-5.238465611228065,0.2222222222222222,0.2222222222222222,0.2222222222222222,-0.006151297463338002,-0.00105522394621185,-0.023682628519640612
d16_e030_rolling_once,all_orders,0.16,30,True,False,100,250,all_orders,-5.4272785598440505,-5.149175635867443,-7.173808123196879,0.797270955165692,0.797270955165692,0.797270955165692,-0.02856413570061781,-0.02714371423129657,-0.0374180482471167
d16_e030_rolling_once,all_orders,0.16,30,True,False,100,500,all_orders,-11.159107775984397,-10.59669491048732,-14.668315374424944,0.8031189083820662,0.8031189083820662,0.8031189083820662,-0.028505429315283427,-0.027095350720738806,-0.03729487162479323
d16_e030_rolling_once,all_orders,0.16,30,True,False,100,1000,all_orders,-22.61955797083818,-21.488525222300172,-29.657813089746575,0.8031189083820662,0.8031189083820662,0.8031189083820662,-0.028505429315283427,-0.027095350720738806,-0.03729487162479323
d16_e030_rolling_once,all_orders,0.16,30,True,False,150,250,all_orders,-6.38800549668616,-6.1099025727095535,-8.134535060038983,0.797270955165692,0.797270955165692,0.797270955165692,-0.03356413570061784,-0.03214371423129662,-0.042418048247116744
d16_e030_rolling_once,all_orders,0.16,30,True,False,150,500,all_orders,-13.12916848463937,-12.566755619142295,-16.638376083079926,0.8031189083820662,0.8031189083820662,0.8031189083820662,-0.033505429315283455,-0.032095350720738845,-0.04229487162479329
d16_e030_rolling_once,all_orders,0.16,30,True,False,150,1000,all_orders,-26.59732180382064,-25.466289055282623,-33.63557692272905,0.8031189083820662,0.8031189083820662,0.8031189083820662,-0.033505429315283455,-0.032095350720738845,-0.04229487162479329
d16_e030_rolling_once,all_orders,0.16,30,True,False,200,250,all_orders,-7.348732433528263,-7.070629509551656,-9.095261996881087,0.797270955165692,0.797270955165692,0.797270955165692,-0.03856413570061781,-0.03714371423129659,-0.04741804824711668
d16_e030_rolling_once,all_orders,0.16,30,True,False,200,500,all_orders,-15.099229193294342,-14.536816327797267,-18.608436791734878,0.8031189083820662,0.8031189083820662,0.8031189083820662,-0.03850542931528344,-0.03709535072073882,-0.04729487162479322
d16_e030_rolling_once,all_orders,0.16,30,True,False,200,1000,all_orders,-30.575085636803095,-29.444052888265087,-37.61334075571149,0.8031189083820662,0.8031189083820662,0.8031189083820662,-0.03850542931528344,-0.03709535072073882,-0.04729487162479322
d16_e030_rolling_once,pf2_posthoc,0.16,30,True,False,100,250,all_orders,-1.7798927961013618,-1.6433384101364492,-2.963614718128653,0.4327485380116959,0.4327485380116959,0.4327485380116959,-0.01714356450101406,-0.015835113192562752,-0.028221697247019846
d16_e030_rolling_once,pf2_posthoc,0.16,30,True,False,100,500,all_orders,-3.6235202297855724,-3.344204440311888,-6.005086346744637,0.43664717348927873,0.43664717348927873,0.43664717348927873,-0.016699255464227795,-0.015402486756744799,-0.027678476310715672
d16_e030_rolling_once,pf2_posthoc,0.16,30,True,False,100,1000,all_orders,-7.261193288576993,-6.696354692085765,-12.038015503001937,0.43664717348927873,0.43664717348927873,0.43664717348927873,-0.016699255464227795,-0.015402486756744799,-0.027678476310715672
d16_e030_rolling_once,pf2_posthoc,0.16,30,True,False,150,250,all_orders,-2.3029048042884983,-2.1663504183235855,-3.486626726315789,0.4327485380116959,0.4327485380116959,0.4327485380116959,-0.022143564501014054,-0.020835113192562742,-0.03322169724701984
d16_e030_rolling_once,pf2_posthoc,0.16,30,True,False,150,500,all_orders,-4.696053808615981,-4.416738019142296,-7.077619925575046,0.43664717348927873,0.43664717348927873,0.43664717348927873,-0.02169925546422779,-0.020402486756744793,-0.032678476310715666
d16_e030_rolling_once,pf2_posthoc,0.16,30,True,False,150,1000,all_orders,-9.424640343781672,-8.859801747290442,-14.201462558206625,0.43664717348927873,0.43664717348927873,0.43664717348927873,-0.02169925546422779,-0.020402486756744793,-0.032678476310715666
d16_e030_rolling_once,pf2_posthoc,0.16,30,True,False,200,250,all_orders,-2.82591681247563,-2.6893624265107188,-4.00963873450292,0.4327485380116959,0.4327485380116959,0.4327485380116959,-0.027143564501014066,-0.025835113192562757,-0.038221697247019834
d16_e030_rolling_once,pf2_posthoc,0.16,30,True,False,200,500,all_orders,-5.76858738744639,-5.489271597972706,-8.150153504405454,0.43664717348927873,0.43664717348927873,0.43664717348927873,-0.026699255464227797,-0.025402486756744804,-0.03767847631071566
d16_e030_rolling_once,pf2_posthoc,0.16,30,True,False,200,1000,all_orders,-11.588087398986351,-11.023248802495122,-16.364909613411303,0.43664717348927873,0.43664717348927873,0.43664717348927873,-0.026699255464227797,-0.025402486756744804,-0.03767847631071566
d16_e030_rolling_once,pf2_preorder,0.16,30,True,False,100,250,pf2_preorder,-3.314956855750483,-3.0368539317738756,-4.498678777777774,0.621832358674464,0.621832358674464,0.621832358674464,-0.022499549083312028,-0.020678381744903305,-0.030209096009999437
d16_e030_rolling_once,pf2_preorder,0.16,30,True,False,100,500,pf2_preorder,-6.793969615750481,-6.2315567502534055,-9.175535732709541,0.6257309941520468,0.6257309941520468,0.6257309941520468,-0.022156131035322248,-0.02034631053391296,-0.029817643401718774
d16_e030_rolling_once,pf2_preorder,0.16,30,True,False,100,1000,pf2_preorder,-13.71255283968809,-12.581520091150077,-18.489375054113044,0.6257309941520468,0.6257309941520468,0.6257309941520468,-0.022156131035322248,-0.02034631053391296,-0.029817643401718774
d16_e030_rolling_once,pf2_preorder,0.16,30,True,False,150,250,pf2_preorder,-4.064440776803116,-3.786337852826508,-5.248162698830409,0.621832358674464,0.621832358674464,0.621832358674464,-0.027499549083312022,-0.0256783817449033,-0.03520909600999944
d16_e030_rolling_once,pf2_preorder,0.16,30,True,False,150,500,pf2_preorder,-8.32953385247562,-7.767120986978547,-10.711099969434693,0.6257309941520468,0.6257309941520468,0.6257309941520468,-0.02715613103532224,-0.025346310533912956,-0.03481764340171877
d16_e030_rolling_once,pf2_preorder,0.16,30,True,False,150,1000,pf2_preorder,-16.811730652904465,-15.680697904366456,-21.588552867329422,0.6257309941520468,0.6257309941520468,0.6257309941520468,-0.02715613103532224,-0.025346310533912956,-0.03481764340171877
d16_e030_rolling_once,pf2_preorder,0.16,30,True,False,200,250,pf2_preorder,-4.813924697855748,-4.535821773879141,-5.997646619883041,0.621832358674464,0.621832358674464,0.621832358674464,-0.032499549083312006,-0.030678381744903296,-0.04020909600999938
d16_e030_rolling_once,pf2_preorder,0.16,30,True,False,200,500,pf2_preorder,-9.86509808920077,-9.302685223703692,-12.246664206159835,0.6257309941520468,0.6257309941520468,0.6257309941520468,-0.03215613103532223,-0.030346310533912946,-0.039817643401718714
d16_e030_rolling_once,pf2_preorder,0.16,30,True,False,200,1000,pf2_preorder,-19.910908466120837,-18.77987571758283,-24.687730680545787,0.6257309941520468,0.6257309941520468,0.6257309941520468,-0.03215613103532223,-0.030346310533912946,-0.039817643401718714
d16_e030_rolling_rearm,all_orders,0.16,30,True,True,100,250,all_orders,-6.29010284070175,-5.876482411851847,-8.733868349473674,1.152046783625731,1.152046783625731,1.152046783625731,-0.02302849090447345,-0.0215539924756603,-0.031684204553040995
d16_e030_rolling_rearm,all_orders,0.16,30,True,True,100,500,all_orders,-12.935557916023376,-12.094138422845989,-17.868346177231956,1.1578947368421053,1.1578947368421053,1.1578947368421053,-0.023015729799474565,-0.0215486783324231,-0.031627727722544303
d16_e030_rolling_rearm,all_orders,0.16,30,True,True,100,1000,all_orders,-26.214466423313805,-24.51744880148145,-36.122475460350834,1.1578947368421053,1.1578947368421053,1.1578947368421053,-0.023015729799474565,-0.0215486783324231,-0.031627727722544303
d16_e030_rolling_rearm,all_orders,0.16,30,True,True,150,250,all_orders,-7.672259203742685,-7.258638774892783,-10.116024712514607,1.152046783625731,1.152046783625731,1.152046783625731,-0.028028490904473447,-0.02655399247566031,-0.03668420455304097
d16_e030_rolling_rearm,all_orders,0.16,30,True,True,150,500,all_orders,-15.769719408537998,-14.92829991536061,-20.702507669746602,1.1578947368421053,1.1578947368421053,1.1578947368421053,-0.028015729799474573,-0.026548678332423113,-0.03662772772254428
d16_e030_rolling_rearm,all_orders,0.16,30,True,True,150,1000,all_orders,-31.94269992191031,-30.24568230007794,-41.85070895894735,1.1578947368421053,1.1578947368421053,1.1578947368421053,-0.028015729799474573,-0.026548678332423113,-0.03662772772254428
d16_e030_rolling_rearm,all_orders,0.16,30,True,True,200,250,all_orders,-9.054415566783627,-8.64079513793372,-11.49818107555555,1.152046783625731,1.152046783625731,1.152046783625731,-0.033028490904473407,-0.03155399247566025,-0.04168420455304097
d16_e030_rolling_rearm,all_orders,0.16,30,True,True,200,500,all_orders,-18.603880901052598,-17.76246140787521,-23.536669162261177,1.1578947368421053,1.1578947368421053,1.1578947368421053,-0.033015729799474536,-0.03154867833242306,-0.04162772772254428
d16_e030_rolling_rearm,all_orders,0.16,30,True,True,200,1000,all_orders,-37.67093342050681,-35.97391579867445,-47.57894245754384,1.1578947368421053,1.1578947368421053,1.1578947368421053,-0.033015729799474536,-0.03154867833242306,-0.04162772772254428
d16_e030_rolling_rearm,pf2_posthoc,0.16,30,True,True,100,250,all_orders,-2.942542792358673,-2.6704709015204657,-4.539452316725145,0.7270955165692008,0.7270955165692008,0.7270955165692008,-0.016963521147592645,-0.015406008061929417,-0.02598298943038447
d16_e030_rolling_rearm,pf2_posthoc,0.16,30,True,True,100,500,all_orders,-5.971223165146193,-5.412900747992198,-9.208273258713442,0.7309941520467836,0.7309941520467836,0.7309941520467836,-0.016699080780837226,-0.015149874431630872,-0.0256704452327875
d16_e030_rolling_rearm,pf2_posthoc,0.16,30,True,True,100,1000,all_orders,-12.025503012007782,-10.894679542222201,-18.5358857722417,0.7309941520467836,0.7309941520467836,0.7309941520467836,-0.016699080780837226,-0.015149874431630872,-0.0256704452327875
d16_e030_rolling_rearm,pf2_posthoc,0.16,30,True,True,150,250,all_orders,-3.814475524990253,-3.5424036341520457,-5.411385049356724,0.7270955165692008,0.7270955165692008,0.7270955165692008,-0.021963521147592646,-0.020406008061929423,-0.030982989430384477
d16_e030_rolling_rearm,pf2_posthoc,0.16,30,True,True,150,500,all_orders,-7.760128136023385,-7.201805718869394,-10.997178229590636,0.7309941520467836,0.7309941520467836,0.7309941520467836,-0.02169908078083723,-0.02014987443163088,-0.030670445232787506
d16_e030_rolling_rearm,pf2_posthoc,0.16,30,True,True,150,1000,all_orders,-15.640707463820647,-14.509883994035075,-22.151090224054553,0.7309941520467836,0.7309941520467836,0.7309941520467836,-0.02169908078083723,-0.02014987443163088,-0.030670445232787506
d16_e030_rolling_rearm,pf2_posthoc,0.16,30,True,True,200,250,all_orders,-4.686408257621831,-4.414336366783623,-6.283317781988302,0.7270955165692008,0.7270955165692008,0.7270955165692008,-0.026963521147592647,-0.025406008061929424,-0.03598298943038443
d16_e030_rolling_rearm,pf2_posthoc,0.16,30,True,True,200,500,all_orders,-9.549033106900575,-8.990710689746589,-12.786083200467825,0.7309941520467836,0.7309941520467836,0.7309941520467836,-0.02669908078083723,-0.025149874431630883,-0.035670445232787465
d16_e030_rolling_rearm,pf2_posthoc,0.16,30,True,True,200,1000,all_orders,-19.255911915633508,-18.125088445847943,-25.766294675867435,0.7309941520467836,0.7309941520467836,0.7309941520467836,-0.02669908078083723,-0.025149874431630883,-0.035670445232787465
d16_e030_rolling_rearm,pf2_preorder,0.16,30,True,True,100,250,pf2_preorder,-3.498191151033133,-3.08457072218323,-5.379149018479532,0.9025341130604289,0.9025341130604289,0.9025341130604289,-0.016374003848725484,-0.014491868705251243,-0.024913144246994725
d16_e030_rolling_rearm,pf2_preorder,0.16,30,True,True,100,500,pf2_preorder,-7.16464586300194,-6.323226369824551,-10.969792642729026,0.9064327485380117,0.9064327485380117,0.9064327485380117,-0.01616328104671355,-0.014289241108157482,-0.024665693959398844
d16_e030_rolling_rearm,pf2_preorder,0.16,30,True,True,100,1000,pf2_preorder,-14.445963339493161,-12.748945717660803,-22.092539472046752,0.9064327485380117,0.9064327485380117,0.9064327485380117,-0.01616328104671355,-0.014289241108157482,-0.024665693959398844
d16_e030_rolling_rearm,pf2_preorder,0.16,30,True,True,150,250,pf2_preorder,-4.581701708226116,-4.168081279376213,-6.462659575672512,0.9025341130604289,0.9025341130604289,0.9025341130604289,-0.021374003848725488,-0.019491868705251245,-0.029913144246994747
d16_e030_rolling_rearm,pf2_preorder,0.16,30,True,True,150,500,pf2_preorder,-9.384394775399596,-8.542975282222207,-13.189541555126693,0.9064327485380117,0.9064327485380117,0.9064327485380117,-0.02116328104671356,-0.01928924110815749,-0.029665693959398866
d16_e030_rolling_rearm,pf2_preorder,0.16,30,True,True,150,1000,pf2_preorder,-18.931796434580868,-17.234778812748505,-26.57837256713448,0.9064327485380117,0.9064327485380117,0.9064327485380117,-0.02116328104671356,-0.01928924110815749,-0.029665693959398866
d16_e030_rolling_rearm,pf2_preorder,0.16,30,True,True,200,250,pf2_preorder,-5.6652122654190995,-5.251591836569195,-7.546170132865492,0.9025341130604289,0.9025341130604289,0.9025341130604289,-0.02637400384872545,-0.024491868705251215,-0.034913144246994675
d16_e030_rolling_rearm,pf2_preorder,0.16,30,True,True,200,500,pf2_preorder,-11.604143687797253,-10.762724194619867,-15.409290467524349,0.9064327485380117,0.9064327485380117,0.9064327485380117,-0.02616328104671353,-0.02428924110815746,-0.03466569395939881
d16_e030_rolling_rearm,pf2_preorder,0.16,30,True,True,200,1000,pf2_preorder,-23.417629529668584,-21.720611907836222,-31.064205662222204,0.9064327485380117,0.9064327485380117,0.9064327485380117,-0.02616328104671353,-0.02428924110815746,-0.03466569395939881
d16_e030_static_once,all_orders,0.16,30,False,False,100,250,all_orders,-2.4097161996881047,-2.132650156803115,-3.22516602424951,0.4853801169590643,0.4853801169590643,0.4853801169590643,-0.02126284221193371,-0.018929700119755474,-0.0281226636976458
d16_e030_static_once,all_orders,0.16,30,False,False,100,500,all_orders,-5.121238977153991,-4.559135273450287,-6.7704600297855695,0.48927875243664715,0.48927875243664715,0.48927875243664715,-0.021969911198292807,-0.019655359879757427,-0.028775072751847822
d16_e030_static_once,all_orders,0.16,30,False,False,100,1000,all_orders,-10.516109301832346,-9.38393027649122,-13.825068911968804,0.48927875243664715,0.48927875243664715,0.48927875243664715,-0.021969911198292807,-0.019655359879757427,-0.028775072751847822
d16_e030_static_once,all_orders,0.16,30,False,False,150,250,all_orders,-2.994134771267056,-2.717068728382065,-3.8095845958284578,0.4853801169590643,0.4853801169590643,0.4853801169590643,-0.0262628422119337,-0.023929700119755464,-0.03312266369764581
d16_e030_static_once,all_orders,0.16,30,False,False,150,500,all_orders,-6.31880552031189,-5.756701816608184,-7.968026572943468,0.48927875243664715,0.48927875243664715,0.48927875243664715,-0.026969911198292788,-0.024655359879757414,-0.03377507275184784
d16_e030_static_once,all_orders,0.16,30,False,False,150,1000,all_orders,-12.938564544171532,-11.806385518830401,-16.247524154307985,0.48927875243664715,0.48927875243664715,0.48927875243664715,-0.026969911198292788,-0.024655359879757414,-0.03377507275184784
d16_e030_static_once,all_orders,0.16,30,False,False,200,250,all_orders,-3.578553342846001,-3.3014872999610114,-4.394003167407403,0.4853801169590643,0.4853801169590643,0.4853801169590643,-0.03126284221193371,-0.028929700119755465,-0.03812266369764579
d16_e030_static_once,all_orders,0.16,30,False,False,200,500,all_orders,-7.516372063469779,-6.9542683597660755,-9.165593116101357,0.48927875243664715,0.48927875243664715,0.48927875243664715,-0.0319699111982928,-0.02965535987975742,-0.03877507275184783
d16_e030_static_once,all_orders,0.16,30,False,False,200,1000,all_orders,-15.361019786510706,-14.228840761169577,-18.66997939664716,0.48927875243664715,0.48927875243664715,0.48927875243664715,-0.0319699111982928,-0.02965535987975742,-0.03877507275184783
d16_e030_static_once,pf2_posthoc,0.16,30,False,False,100,250,all_orders,-1.4551128051461966,-1.1780467622612065,-1.8483998226900564,0.28654970760233917,0.28654970760233917,0.28654970760233917,-0.02080992043817682,-0.016857863424895328,-0.02650153253690973
d16_e030_static_once,pf2_posthoc,0.16,30,False,False,100,500,all_orders,-3.0203045440155907,-2.458200840311886,-3.823249885146195,0.2884990253411306,0.2884990253411306,0.2884990253411306,-0.02141255611089184,-0.017487202185537922,-0.027065711371119797
d16_e030_static_once,pf2_posthoc,0.16,30,False,False,100,1000,all_orders,-6.143097493255354,-5.010918467914222,-7.7553819376997986,0.2884990253411306,0.2884990253411306,0.2884990253411306,-0.02141255611089184,-0.017487202185537922,-0.027065711371119797
d16_e030_static_once,pf2_posthoc,0.16,30,False,False,150,250,all_orders,-1.8035578276023387,-1.5264917847173485,-2.1968448451461993,0.28654970760233917,0.28654970760233917,0.28654970760233917,-0.02580992043817681,-0.02185786342489531,-0.03150153253690973
d16_e030_static_once,pf2_posthoc,0.16,30,False,False,150,500,all_orders,-3.7296079836647156,-3.167504279961012,-4.5325533247953205,0.2884990253411306,0.2884990253411306,0.2884990253411306,-0.026412556110891827,-0.022487202185537906,-0.03206571137111979
d16_e030_static_once,pf2_posthoc,0.16,30,False,False,150,1000,all_orders,-7.575860768927871,-6.443681743586741,-9.18814521337232,0.2884990253411306,0.2884990253411306,0.2884990253411306,-0.026412556110891827,-0.022487202185537906,-0.03206571137111979
d16_e030_static_once,pf2_posthoc,0.16,30,False,False,200,250,all_orders,-2.152002850058478,-1.8749368071734878,-2.545289867602338,0.28654970760233917,0.28654970760233917,0.28654970760233917,-0.030809920438176833,-0.026857863424895337,-0.036501532536909735
d16_e030_static_once,pf2_posthoc,0.16,30,False,False,200,500,all_orders,-4.4389114233138365,-3.8768077196101327,-5.2418567644444405,0.2884990253411306,0.2884990253411306,0.2884990253411306,-0.03141255611089186,-0.02748720218553793,-0.0370657113711198
d16_e030_static_once,pf2_posthoc,0.16,30,False,False,200,1000,all_orders,-9.00862404460038,-7.8764450192592514,-10.620908489044824,0.2884990253411306,0.2884990253411306,0.2884990253411306,-0.03141255611089186,-0.02748720218553793,-0.0370657113711198
d16_e030_static_once,pf2_preorder,0.16,30,False,False,100,250,pf2_preorder,-1.7189492184015562,-1.441883175516566,-2.2532425517348895,0.35477582846003897,0.35477582846003897,0.35477582846003897,-0.019954538369945644,-0.01676249232075674,-0.02614763270505514
d16_e030_static_once,pf2_preorder,0.16,30,False,False,100,500,pf2_preorder,-3.5538645752046736,-2.9917608715009685,-4.638822547914228,0.3567251461988304,0.3567251461988304,0.3567251461988304,-0.020446590072842125,-0.017271986898238945,-0.026605842362404562
d16_e030_static_once,pf2_preorder,0.16,30,False,False,100,1000,pf2_preorder,-7.233065204756326,-6.100886179415197,-9.409374912358668,0.3567251461988304,0.3567251461988304,0.3567251461988304,-0.020446590072842125,-0.017271986898238945,-0.026605842362404562
d16_e030_static_once,pf2_preorder,0.16,30,False,False,150,250,pf2_preorder,-2.1494829543079907,-1.872416911423,-2.6837762876413254,0.35477582846003897,0.35477582846003897,0.35477582846003897,-0.024954538369945645,-0.021762492320756735,-0.031147632705055144
d16_e030_static_once,pf2_preorder,0.16,30,False,False,150,500,pf2_preorder,-4.4294854768421,-3.8673817731383955,-5.514443449551656,0.3567251461988304,0.3567251461988304,0.3567251461988304,-0.02544659007284212,-0.022271986898238935,-0.031605842362404574
d16_e030_static_once,pf2_preorder,0.16,30,False,False,150,1000,pf2_preorder,-9.003423252358669,-7.871244227017535,-11.179732959961006,0.3567251461988304,0.3567251461988304,0.3567251461988304,-0.02544659007284212,-0.022271986898238935,-0.031605842362404574
d16_e030_static_once,pf2_preorder,0.16,30,False,False,200,250,pf2_preorder,-2.5800166902144217,-2.3029506473294323,-3.114310023547755,0.35477582846003897,0.35477582846003897,0.35477582846003897,-0.02995453836994566,-0.026762492320756757,-0.03614763270505515
d16_e030_static_once,pf2_preorder,0.16,30,False,False,200,500,pf2_preorder,-5.305106378479527,-4.743002674775827,-6.390064351189078,0.3567251461988304,0.3567251461988304,0.3567251461988304,-0.030446590072842134,-0.02727198689823896,-0.03660584236240458
d16_e030_static_once,pf2_preorder,0.16,30,False,False,200,1000,pf2_preorder,-10.773781299960998,-9.641602274619874,-12.950091007563342,0.3567251461988304,0.3567251461988304,0.3567251461988304,-0.030446590072842134,-0.02727198689823896,-0.03660584236240458
d16_e030_static_rearm,all_orders,0.16,30,False,True,100,250,all_orders,-2.7266530300974616,-2.449586987212471,-3.827963361481478,0.5750487329434698,0.5750487329434698,0.5750487329434698,-0.02042065850001427,-0.018451328395090946,-0.02820864455038588
d16_e030_static_rearm,all_orders,0.16,30,False,True,100,500,all_orders,-5.814630895282645,-5.252527191578943,-8.03557296155945,0.5789473684210527,0.5789473684210527,0.5789473684210527,-0.02102388638890306,-0.019067817766167772,-0.028759428088767115
d16_e030_static_rearm,all_orders,0.16,30,False,True,100,1000,all_orders,-11.931761793060417,-10.799582767719283,-16.38416343048732,0.5789473684210527,0.5789473684210527,0.5789473684210527,-0.02102388638890306,-0.019067817766167772,-0.028759428088767115
d16_e030_static_rearm,all_orders,0.16,30,False,True,150,250,all_orders,-3.419758554892785,-3.142692512007795,-4.521068886276803,0.5750487329434698,0.5750487329434698,0.5750487329434698,-0.025420658500014272,-0.023451328395090943,-0.03320864455038589
d16_e030_static_rearm,all_orders,0.16,30,False,True,150,500,all_orders,-7.233048134346972,-6.670944430643268,-9.453990200623778,0.5789473684210527,0.5789473684210527,0.5789473684210527,-0.026023886388903066,-0.024067817766167773,-0.03375942808876714
d16_e030_static_rearm,all_orders,0.16,30,False,True,150,1000,all_orders,-14.79941310557504,-13.66723408023391,-19.251814743001937,0.5789473684210527,0.5789473684210527,0.5789473684210527,-0.026023886388903066,-0.024067817766167773,-0.03375942808876714
d16_e030_static_rearm,all_orders,0.16,30,False,True,200,250,all_orders,-4.112864079688103,-3.8357980368031144,-5.21417441107212,0.5750487329434698,0.5750487329434698,0.5750487329434698,-0.030420658500014262,-0.028451328395090937,-0.038208644550385876
d16_e030_static_rearm,all_orders,0.16,30,False,True,200,500,all_orders,-8.651465373411297,-8.089361669707593,-10.872407439688102,0.5789473684210527,0.5789473684210527,0.5789473684210527,-0.031023886388903067,-0.029067817766167774,-0.038759428088767124
d16_e030_static_rearm,all_orders,0.16,30,False,True,200,1000,all_orders,-17.66706441808965,-16.53488539274852,-22.119466055516565,0.5789473684210527,0.5789473684210527,0.5789473684210527,-0.031023886388903067,-0.029067817766167774,-0.038759428088767124
d16_e030_static_rearm,pf2_posthoc,0.16,30,False,True,100,250,all_orders,-1.4749886375048713,-1.197922594619881,-2.154136161871343,0.36062378167641324,0.36062378167641324,0.36062378167641324,-0.016904295332174035,-0.013764012191890905,-0.024612551080450004
d16_e030_static_rearm,pf2_posthoc,0.16,30,False,True,100,500,all_orders,-3.0865575381676376,-2.5244538344639342,-4.461223892943465,0.36257309941520466,0.36257309941520466,0.36257309941520466,-0.017404809873398906,-0.014281409975805466,-0.025071623386469087
d16_e030_static_rearm,pf2_posthoc,0.16,30,False,True,100,1000,all_orders,-6.274432510799217,-5.142253485458082,-9.03015898253411,0.36257309941520466,0.36257309941520466,0.36257309941520466,-0.017404809873398906,-0.014281409975805466,-0.025071623386469087
d16_e030_static_rearm,pf2_posthoc,0.16,30,False,True,150,250,all_orders,-1.9136215371539949,-1.6365554942690048,-2.592769061520467,0.36062378167641324,0.36062378167641324,0.36062378167641324,-0.021904295332174046,-0.01876401219189091,-0.029612551080450012
d16_e030_static_rearm,pf2_posthoc,0.16,30,False,True,150,500,all_orders,-3.978621276062376,-3.416517572358672,-5.353287630838206,0.36257309941520466,0.36257309941520466,0.36257309941520466,-0.022404809873398917,-0.019281409975805474,-0.0300716233864691
d16_e030_static_rearm,pf2_posthoc,0.16,30,False,True,150,1000,all_orders,-8.07511709641325,-6.942938071072119,-10.830843568148142,0.36257309941520466,0.36257309941520466,0.36257309941520466,-0.022404809873398917,-0.019281409975805474,-0.0300716233864691
d16_e030_static_rearm,pf2_posthoc,0.16,30,False,True,200,250,all_orders,-2.3522544368031175,-2.0751883939181273,-3.0314019611695877,0.36062378167641324,0.36062378167641324,0.36062378167641324,-0.026904295332174064,-0.023764012191890924,-0.034612551080450034
d16_e030_static_rearm,pf2_posthoc,0.16,30,False,True,200,500,all_orders,-4.870685013957114,-4.308581310253407,-6.245351368732941,0.36257309941520466,0.36257309941520466,0.36257309941520466,-0.027404809873398935,-0.024281409975805496,-0.03507162338646912
d16_e030_static_rearm,pf2_posthoc,0.16,30,False,True,200,1000,all_orders,-9.875801682027282,-8.743622656686151,-12.631528153762176,0.36257309941520466,0.36257309941520466,0.36257309941520466,-0.027404809873398935,-0.024281409975805496,-0.03507162338646912
d16_e030_static_rearm,pf2_preorder,0.16,30,False,True,100,250,pf2_preorder,-1.8029487973489249,-1.5258827544639348,-2.7620827544639353,0.4152046783625731,0.4152046783625731,0.4152046783625731,-0.01807012297071641,-0.015342647003803824,-0.027492562850450843
d16_e030_static_rearm,pf2_preorder,0.16,30,False,True,100,500,pf2_preorder,-3.7540832886549658,-3.1919795849512624,-5.688722508927873,0.4171539961013645,0.4171539961013645,0.4171539961013645,-0.01849970183533923,-0.0157849710832253,-0.027878111622177706
d16_e030_static_rearm,pf2_preorder,0.16,30,False,True,100,1000,pf2_preorder,-7.643598280779722,-6.511419255438587,-11.519270483508766,0.4171539961013645,0.4171539961013645,0.4171539961013645,-0.01849970183533923,-0.0157849710832253,-0.027878111622177706
d16_e030_static_rearm,pf2_preorder,0.16,30,False,True,150,250,pf2_preorder,-2.306642849044832,-2.029576806159843,-3.2657768061598422,0.4152046783625731,0.4152046783625731,0.4152046783625731,-0.02307012297071641,-0.020342647003803824,-0.03249256285045085
d16_e030_static_rearm,pf2_preorder,0.16,30,False,True,150,500,pf2_preorder,-4.778510272163737,-4.216406568460033,-6.713149492436642,0.4171539961013645,0.4171539961013645,0.4171539961013645,-0.02349970183533923,-0.020784971083225297,-0.032878111622177714
d16_e030_static_rearm,pf2_preorder,0.16,30,False,True,150,1000,pf2_preorder,-9.713581462884981,-8.581402437543847,-13.589253665614022,0.4171539961013645,0.4171539961013645,0.4171539961013645,-0.02349970183533923,-0.020784971083225297,-0.032878111622177714
d16_e030_static_rearm,pf2_preorder,0.16,30,False,True,200,250,pf2_preorder,-2.810336900740736,-2.5332708578557477,-3.7694708578557465,0.4152046783625731,0.4152046783625731,0.4152046783625731,-0.02807012297071643,-0.02534264700380385,-0.037492562850450876
d16_e030_static_rearm,pf2_preorder,0.16,30,False,True,200,500,pf2_preorder,-5.80293725567251,-5.240833551968808,-7.7375764759454135,0.4171539961013645,0.4171539961013645,0.4171539961013645,-0.02849970183533925,-0.025784971083225326,-0.03787811162217773
d16_e030_static_rearm,pf2_preorder,0.16,30,False,True,200,1000,pf2_preorder,-11.783564644990241,-10.65138561964911,-15.659236847719288,0.4171539961013645,0.4171539961013645,0.4171539961013645,-0.02849970183533925,-0.025784971083225326,-0.03787811162217773
d16_e060_rolling_rearm,all_orders,0.16,60,True,True,100,250,all_orders,-6.634584430565297,-6.220964001715392,-9.078349939337222,1.2417153996101364,1.2417153996101364,1.2417153996101364,-0.022466026085981562,-0.021098006350614887,-0.030496680350194136
d16_e060_rolling_rearm,all_orders,0.16,60,True,True,100,500,all_orders,-13.59847659672513,-12.75705710354774,-18.531264857933714,1.2475633528265107,1.2475633528265107,1.2475633528265107,-0.022456818739241158,-0.021095211596384018,-0.030449829311590244
d16_e060_rolling_rearm,all_orders,0.16,60,True,True,100,1000,all_orders,-27.507823987446365,-25.810806365614006,-37.41583302448339,1.2475633528265107,1.2475633528265107,1.2475633528265107,-0.022456818739241158,-0.021095211596384018,-0.030449829311590244
d16_e060_rolling_rearm,all_orders,0.16,60,True,True,150,250,all_orders,-8.124526539805064,-7.710906110955161,-10.568292048576984,1.2417153996101364,1.2417153996101364,1.2417153996101364,-0.027466026085981553,-0.02609800635061489,-0.03549668035019412
d16_e060_rolling_rearm,all_orders,0.16,60,True,True,150,500,all_orders,-16.651728657660815,-15.810309164483424,-21.584516918869394,1.2475633528265107,1.2475633528265107,1.2475633528265107,-0.027456818739241145,-0.026095211596384015,-0.03544982931159022
d16_e060_rolling_rearm,all_orders,0.16,60,True,True,150,1000,all_orders,-33.678951628732946,-31.981934006900573,-43.58696066576996,1.2475633528265107,1.2475633528265107,1.2475633528265107,-0.027456818739241145,-0.026095211596384015,-0.03544982931159022
d16_e060_rolling_rearm,all_orders,0.16,60,True,True,200,250,all_orders,-9.614468649044829,-9.20084822019493,-12.058234157816754,1.2417153996101364,1.2417153996101364,1.2417153996101364,-0.032466026085981516,-0.031098006350614833,-0.0404966803501941
d16_e060_rolling_rearm,all_orders,0.16,60,True,True,200,500,all_orders,-19.704980718596463,-18.863561225419076,-24.637768979805035,1.2475633528265107,1.2475633528265107,1.2475633528265107,-0.03245681873924111,-0.031095211596383964,-0.0404498293115902
d16_e060_rolling_rearm,all_orders,0.16,60,True,True,200,1000,all_orders,-39.85007927001949,-38.15306164818712,-49.75808830705652,1.2475633528265107,1.2475633528265107,1.2475633528265107,-0.03245681873924111,-0.031095211596383964,-0.0404498293115902
d16_e060_rolling_rearm,pf2_posthoc,0.16,60,True,True,100,250,all_orders,-3.344918136608182,-3.072846245769976,-4.941827660974656,0.8011695906432749,0.8011695906432749,0.8011695906432749,-0.017504206102735703,-0.016090696660029175,-0.025689757609989605
d16_e060_rolling_rearm,pf2_posthoc,0.16,60,True,True,100,500,all_orders,-6.774012730838196,-6.2156903136842026,-10.011062824405442,0.8050682261208577,0.8050682261208577,0.8050682261208577,-0.017261478481806966,-0.015854814121147445,-0.025407390514449475
d16_e060_rolling_rearm,pf2_posthoc,0.16,60,True,True,100,1000,all_orders,-13.629986891929816,-12.499163422144239,-20.14036965216372,0.8050682261208577,0.8050682261208577,0.8050682261208577,-0.017261478481806966,-0.015854814121147445,-0.025407390514449475
d16_e060_rolling_rearm,pf2_posthoc,0.16,60,True,True,150,250,all_orders,-4.3066563581286506,-4.034584467290445,-5.903565882495124,0.8011695906432749,0.8011695906432749,0.8011695906432749,-0.02250420610273571,-0.021090696660029183,-0.03068975760998959
d16_e060_rolling_rearm,pf2_posthoc,0.16,60,True,True,150,500,all_orders,-8.745207182417145,-8.18688476526315,-11.982257275984395,0.8050682261208577,0.8050682261208577,0.8050682261208577,-0.022261478481806977,-0.020854814121147456,-0.030407390514449458
d16_e060_rolling_rearm,pf2_posthoc,0.16,60,True,True,150,1000,all_orders,-17.611913205730968,-16.481089735945396,-24.122295965964888,0.8050682261208577,0.8050682261208577,0.8050682261208577,-0.022261478481806977,-0.020854814121147456,-0.030407390514449458
d16_e060_rolling_rearm,pf2_posthoc,0.16,60,True,True,200,250,all_orders,-5.26839457964912,-4.996322688810914,-6.865304104015592,0.8011695906432749,0.8011695906432749,0.8011695906432749,-0.02750420610273568,-0.026090696660029174,-0.03568975760998954
d16_e060_rolling_rearm,pf2_posthoc,0.16,60,True,True,200,500,all_orders,-10.71640163399609,-10.158079216842097,-13.953451727563342,0.8050682261208577,0.8050682261208577,0.8050682261208577,-0.02726147848180695,-0.025854814121147443,-0.03540739051444941
d16_e060_rolling_rearm,pf2_posthoc,0.16,60,True,True,200,1000,all_orders,-21.593839519532136,-20.463016049746564,-28.10422227976607,0.8050682261208577,0.8050682261208577,0.8050682261208577,-0.02726147848180695,-0.025854814121147443,-0.03540739051444941
d16_e060_rolling_rearm,pf2_preorder,0.16,60,True,True,100,250,pf2_preorder,-3.9573132165302085,-3.543692787680305,-5.838271083976605,0.9883040935672515,0.9883040935672515,0.9883040935672515,-0.01690883551831332,-0.01519004149182699,-0.024706906532906327
d16_e060_rolling_rearm,pf2_preorder,0.16,60,True,True,100,500,pf2_preorder,-8.086411709395701,-7.244992216218307,-11.89155848912279,0.9922027290448343,0.9922027290448343,0.9922027290448343,-0.016714226940170444,-0.015002186524790151,-0.024481657204214954
d16_e060_rolling_rearm,pf2_preorder,0.16,60,True,True,100,1000,pf2_preorder,-16.289283149239754,-14.592265527407395,-23.93585928179335,0.9922027290448343,0.9922027290448343,0.9922027290448343,-0.016714226940170444,-0.015002186524790151,-0.024481657204214954
d16_e060_rolling_rearm,pf2_preorder,0.16,60,True,True,150,250,pf2_preorder,-5.144181180740738,-4.730560751890835,-7.02513904818713,0.9883040935672515,0.9883040935672515,0.9883040935672515,-0.021908835518313324,-0.020190041491826988,-0.029706906532906335
d16_e060_rolling_rearm,pf2_preorder,0.16,60,True,True,150,500,pf2_preorder,-10.5168142662378,-9.675394773060411,-14.321961045964906,0.9922027290448343,0.9922027290448343,0.9922027290448343,-0.02171422694017045,-0.02000218652479015,-0.029481657204214966
d16_e060_rolling_rearm,pf2_preorder,0.16,60,True,True,150,1000,pf2_preorder,-21.19983969695903,-19.50282207512667,-28.84641582951265,0.9922027290448343,0.9922027290448343,0.9922027290448343,-0.02171422694017045,-0.02000218652479015,-0.029481657204214966
d16_e060_rolling_rearm,pf2_preorder,0.16,60,True,True,200,250,pf2_preorder,-6.331049144951261,-5.917428716101358,-8.212007012397653,0.9883040935672515,0.9883040935672515,0.9883040935672515,-0.026908835518313287,-0.025190041491826947,-0.0347069065329063
d16_e060_rolling_rearm,pf2_preorder,0.16,60,True,True,200,500,pf2_preorder,-12.947216823079904,-12.105797329902519,-16.75236360280699,0.9922027290448343,0.9922027290448343,0.9922027290448343,-0.026714226940170418,-0.025002186524790117,-0.03448165720421493
d16_e060_rolling_rearm,pf2_preorder,0.16,60,True,True,200,1000,pf2_preorder,-26.11039624467833,-24.413378622845965,-33.756972377231946,0.9922027290448343,0.9922027290448343,0.9922027290448343,-0.026714226940170418,-0.025002186524790117,-0.03448165720421493
d16_e060_static_rearm,all_orders,0.16,60,False,True,100,250,all_orders,-3.194000399688104,-3.052451861676408,-4.34698215407407,0.672514619883041,0.672514619883041,0.672514619883041,-0.01962450075232688,-0.018782540779932123,-0.02660272731502496
d16_e060_static_rearm,all_orders,0.16,60,False,True,100,500,all_orders,-6.723943030175429,-6.440845954152038,-9.050411100350868,0.6783625730994152,0.6783625730994152,0.6783625730994152,-0.02040359988377233,-0.01956889818700167,-0.02732166932092992
d16_e060_static_rearm,all_orders,0.16,60,False,True,100,1000,all_orders,-13.619247853567234,-13.053053701520453,-18.284884656686135,0.6783625730994152,0.6783625730994152,0.6783625730994152,-0.02040359988377233,-0.01956889818700167,-0.02732166932092992
d16_e060_static_rearm,all_orders,0.16,60,False,True,150,250,all_orders,-4.005378264249508,-3.863829726237812,-5.158360018635471,0.672514619883041,0.672514619883041,0.672514619883041,-0.0246245007523269,-0.02378254077993214,-0.03160272731502499
d16_e060_static_rearm,all_orders,0.16,60,False,True,150,500,all_orders,-8.38524269146198,-8.10214561543859,-10.711710761637411,0.6783625730994152,0.6783625730994152,0.6783625730994152,-0.02540359988377236,-0.024568898187001694,-0.03232166932092995
d16_e060_static_rearm,all_orders,0.16,60,False,True,150,1000,all_orders,-16.976346948771916,-16.41015279672513,-21.641983751890816,0.6783625730994152,0.6783625730994152,0.6783625730994152,-0.02540359988377236,-0.024568898187001694,-0.03232166932092995
d16_e060_static_rearm,all_orders,0.16,60,False,True,200,250,all_orders,-4.816756128810911,-4.675207590799214,-5.9697378831968795,0.672514619883041,0.672514619883041,0.672514619883041,-0.029624500752326886,-0.02878254077993213,-0.03660272731502497
d16_e060_static_rearm,all_orders,0.16,60,False,True,200,500,all_orders,-10.046542352748526,-9.763445276725134,-12.37301042292397,0.6783625730994152,0.6783625730994152,0.6783625730994152,-0.030403599883772343,-0.029568898187001678,-0.03732166932092994
d16_e060_static_rearm,all_orders,0.16,60,False,True,200,1000,all_orders,-20.33344604397658,-19.767251891929796,-24.9990828470955,0.6783625730994152,0.6783625730994152,0.6783625730994152,-0.030403599883772343,-0.029568898187001678,-0.03732166932092994
d16_e060_static_rearm,pf2_posthoc,0.16,60,False,True,100,250,all_orders,-1.7447093287329392,-1.6031607907212433,-2.475528276101361,0.41325536062378165,0.41325536062378165,0.41325536062378165,-0.017028576306229344,-0.015658405596435995,-0.024274140422749495
d16_e060_static_rearm,pf2_posthoc,0.16,60,False,True,100,500,all_orders,-3.70299095961013,-3.419893883586738,-5.183183318284591,0.4171539961013645,0.4171539961013645,0.4171539961013645,-0.017897468116451504,-0.01654010274039454,-0.0250753166804808
d16_e060_static_rearm,pf2_posthoc,0.16,60,False,True,100,1000,all_orders,-7.439387588849888,-6.873193436803104,-10.40834922627679,0.4171539961013645,0.4171539961013645,0.4171539961013645,-0.017897468116451504,-0.01654010274039454,-0.0250753166804808
d16_e060_static_rearm,pf2_posthoc,0.16,60,False,True,150,250,all_orders,-2.2466132757504846,-2.105064737738788,-2.9774322231189063,0.41325536062378165,0.41325536062378165,0.41325536062378165,-0.022028576306229366,-0.02065840559643601,-0.029274140422749517
d16_e060_static_rearm,pf2_posthoc,0.16,60,False,True,150,500,all_orders,-4.727882792241709,-4.444785716218317,-6.208075150916174,0.4171539961013645,0.4171539961013645,0.4171539961013645,-0.02289746811645152,-0.021540102740394546,-0.030075316680480833
d16_e060_static_rearm,pf2_posthoc,0.16,60,False,True,150,1000,all_orders,-9.507190255399596,-8.940996103352813,-12.4761518928265,0.4171539961013645,0.4171539961013645,0.4171539961013645,-0.02289746811645152,-0.021540102740394546,-0.030075316680480833
d16_e060_static_rearm,pf2_posthoc,0.16,60,False,True,200,250,all_orders,-2.748517222768027,-2.606968684756331,-3.4793361701364494,0.41325536062378165,0.41325536062378165,0.41325536062378165,-0.02702857630622937,-0.025658405596436017,-0.03427414042274951
d16_e060_static_rearm,pf2_posthoc,0.16,60,False,True,200,500,all_orders,-5.752774624873285,-5.4696775488498925,-7.232966983547751,0.4171539961013645,0.4171539961013645,0.4171539961013645,-0.027897468116451527,-0.02654010274039456,-0.03507531668048083
d16_e060_static_rearm,pf2_posthoc,0.16,60,False,True,200,1000,all_orders,-11.574992921949306,-11.008798769902521,-14.543954559376207,0.4171539961013645,0.4171539961013645,0.4171539961013645,-0.027897468116451527,-0.02654010274039456,-0.03507531668048083
d16_e060_static_rearm,pf2_preorder,0.16,60,False,True,100,250,pf2_preorder,-2.336264615282646,-2.0591985723976562,-3.3470699953996075,0.48148148148148145,0.48148148148148145,0.48148148148148145,-0.020019663175115825,-0.017667629244134526,-0.028590561853879617
d16_e060_static_rearm,pf2_preorder,0.16,60,False,True,100,500,pf2_preorder,-4.845067041481473,-4.282963337777769,-6.885232265653014,0.4834307992202729,0.4834307992202729,0.4834307992202729,-0.02038248711392584,-0.018039937190730753,-0.028918825717372035
d16_e060_static_rearm,pf2_preorder,0.16,60,False,True,100,1000,pf2_preorder,-9.844757779883029,-8.712578754541896,-13.933665148304076,0.4834307992202729,0.4834307992202729,0.4834307992202729,-0.02038248711392584,-0.018039937190730753,-0.028918825717372035
d16_e060_static_rearm,pf2_preorder,0.16,60,False,True,150,250,pf2_preorder,-2.919458661715398,-2.642392618830408,-3.9302640418323573,0.48148148148148145,0.48148148148148145,0.48148148148148145,-0.025019663175115843,-0.02266762924413454,-0.03359056185387962
d16_e060_static_rearm,pf2_preorder,0.16,60,False,True,150,500,pf2_preorder,-6.031395453060425,-5.469291749356721,-8.071560677231963,0.4834307992202729,0.4834307992202729,0.4834307992202729,-0.02538248711392586,-0.02303993719073077,-0.03391882571737204
d16_e060_static_rearm,pf2_preorder,0.16,60,False,True,150,1000,pf2_preorder,-12.242860317777765,-11.110681292436633,-16.33176768619882,0.4834307992202729,0.4834307992202729,0.4834307992202729,-0.02538248711392586,-0.02303993719073077,-0.03391882571737204
d16_e060_static_rearm,pf2_preorder,0.16,60,False,True,200,250,pf2_preorder,-3.5026527081481436,-3.225586665263154,-4.5134580882651045,0.48148148148148145,0.48148148148148145,0.48148148148148145,-0.03001966317511584,-0.02766762924413455,-0.038590561853879594
d16_e060_static_rearm,pf2_preorder,0.16,60,False,True,200,500,pf2_preorder,-7.217723864639366,-6.65562016093566,-9.257889088810906,0.4834307992202729,0.4834307992202729,0.4834307992202729,-0.030382487113925858,-0.028039937190730783,-0.03891882571737202
d16_e060_static_rearm,pf2_preorder,0.16,60,False,True,200,1000,pf2_preorder,-14.640962855672495,-13.508783830331362,-18.72987022409355,0.4834307992202729,0.4834307992202729,0.4834307992202729,-0.030382487113925858,-0.028039937190730783,-0.03891882571737202
d16_e120_rolling_once,all_orders,0.16,120,True,False,100,250,all_orders,-5.851463952982449,-5.573361029005843,-7.597993516335281,0.8908382066276803,0.8908382066276803,0.8908382066276803,-0.027615964587016064,-0.026344733994122457,-0.03553992570631152
d16_e120_rolling_once,all_orders,0.16,120,True,False,100,500,all_orders,-11.840599301364513,-11.27818643586744,-15.34980689980506,0.8947368421052632,0.8947368421052632,0.8947368421052632,-0.0272562497253097,-0.025990558263539805,-0.03514568378090453
d16_e120_rolling_once,all_orders,0.16,120,True,False,100,1000,all_orders,-23.953063957037013,-22.822031208499002,-30.991319075945405,0.8947368421052632,0.8947368421052632,0.8947368421052632,-0.0272562497253097,-0.025990558263539805,-0.03514568378090453
d16_e120_rolling_once,all_orders,0.16,120,True,False,150,250,all_orders,-6.925109017192984,-6.647006093216375,-8.671638580545807,0.8908382066276803,0.8908382066276803,0.8908382066276803,-0.03261596458701606,-0.03134473399412245,-0.04053992570631158
d16_e120_rolling_once,all_orders,0.16,120,True,False,150,500,all_orders,-14.034951024171534,-13.47253815867446,-17.544158622612095,0.8947368421052632,0.8947368421052632,0.8947368421052632,-0.032256249725309695,-0.030990558263539806,-0.040145683780904586
d16_e120_rolling_once,all_orders,0.16,120,True,False,150,1000,all_orders,-28.38252895855748,-27.251496210019468,-35.42078407746587,0.8947368421052632,0.8947368421052632,0.8947368421052632,-0.032256249725309695,-0.030990558263539806,-0.040145683780904586
d16_e120_rolling_once,all_orders,0.16,120,True,False,200,250,all_orders,-7.998754081403501,-7.7206511574268974,-9.745283644756329,0.8908382066276803,0.8908382066276803,0.8908382066276803,-0.03761596458701603,-0.03634473399412243,-0.0455399257063115
d16_e120_rolling_once,all_orders,0.16,120,True,False,200,500,all_orders,-16.22930274697855,-15.666889881481481,-19.738510345419087,0.8947368421052632,0.8947368421052632,0.8947368421052632,-0.03725624972530967,-0.035990558263539786,-0.0451456837809045
d16_e120_rolling_once,all_orders,0.16,120,True,False,200,1000,all_orders,-32.81199396007799,-31.680961211539966,-39.85024907898636,0.8947368421052632,0.8947368421052632,0.8947368421052632,-0.03725624972530967,-0.035990558263539786,-0.0451456837809045
d16_e120_rolling_once,pf2_posthoc,0.16,120,True,False,100,250,all_orders,-2.139799249668613,-2.0032448637037006,-3.3235211716959046,0.5009746588693957,0.5009746588693957,0.5009746588693957,-0.017987216849047697,-0.01685695929855668,-0.027556654474002098
d16_e120_rolling_once,pf2_posthoc,0.16,120,True,False,100,500,all_orders,-4.17784949395711,-3.8985337044834263,-6.559415610916177,0.5029239766081871,0.5029239766081871,0.5029239766081871,-0.0170003645979608,-0.015874487890688738,-0.026532711379407634
d16_e120_rolling_once,pf2_posthoc,0.16,120,True,False,100,1000,all_orders,-8.352277621754373,-7.787439025263144,-13.129099836179325,0.5029239766081871,0.5029239766081871,0.5029239766081871,-0.0170003645979608,-0.015874487890688738,-0.026532711379407634
d16_e120_rolling_once,pf2_posthoc,0.16,120,True,False,150,250,all_orders,-2.745444847212474,-2.6088904612475616,-3.9291667692397634,0.5009746588693957,0.5009746588693957,0.5009746588693957,-0.022987216849047674,-0.021856959298556664,-0.032556654474002106
d16_e120_rolling_once,pf2_posthoc,0.16,120,True,False,150,500,all_orders,-5.413485081091612,-5.134169291617928,-7.795051198050674,0.5029239766081871,0.5029239766081871,0.5029239766081871,-0.02200036459796079,-0.02087448789068873,-0.031532711379407635
d16_e120_rolling_once,pf2_posthoc,0.16,120,True,False,150,1000,all_orders,-10.842844102807009,-10.278005506315779,-15.619666317231955,0.5029239766081871,0.5029239766081871,0.5029239766081871,-0.02200036459796079,-0.02087448789068873,-0.031532711379407635
d16_e120_rolling_once,pf2_posthoc,0.16,120,True,False,200,250,all_orders,-3.351090444756332,-3.2145360587914196,-4.534812366783622,0.5009746588693957,0.5009746588693957,0.5009746588693957,-0.02798721684904769,-0.026856959298556672,-0.037556654474002076
d16_e120_rolling_once,pf2_posthoc,0.16,120,True,False,200,500,all_orders,-6.649120668226114,-6.369804878752429,-9.030686785185173,0.5029239766081871,0.5029239766081871,0.5029239766081871,-0.027000364597960798,-0.02587448789068874,-0.03653271137940761
d16_e120_rolling_once,pf2_posthoc,0.16,120,True,False,200,1000,all_orders,-13.333410583859642,-12.768571987368412,-18.11023279828459,0.5029239766081871,0.5029239766081871,0.5029239766081871,-0.027000364597960798,-0.02587448789068874,-0.03653271137940761
d16_e120_rolling_once,pf2_preorder,0.16,120,True,False,100,250,pf2_preorder,-3.739833258635473,-3.461730334658865,-4.923555180662766,0.6998050682261209,0.6998050682261209,0.6998050682261209,-0.02264720395365538,-0.02102895219612785,-0.029497748437257835
d16_e120_rolling_once,pf2_preorder,0.16,120,True,False,100,500,pf2_preorder,-7.481192969590634,-6.918780104093558,-9.8627590865497,0.7017543859649122,0.7017543859649122,0.7017543859649122,-0.02192701543175254,-0.020313258817995915,-0.02875853062512276
d16_e120_rolling_once,pf2_preorder,0.16,120,True,False,100,1000,pf2_preorder,-15.067780073450269,-13.936747324912256,-19.844602287875215,0.7017543859649122,0.7017543859649122,0.7017543859649122,-0.02192701543175254,-0.020313258817995915,-0.02875853062512276
d16_e120_rolling_once,pf2_preorder,0.16,120,True,False,150,250,pf2_preorder,-4.584008453255357,-4.305905529278748,-5.767730375282651,0.6998050682261209,0.6998050682261209,0.6998050682261209,-0.027647203953655348,-0.02602895219612782,-0.03449774843725781
d16_e120_rolling_once,pf2_preorder,0.16,120,True,False,150,500,pf2_preorder,-9.204087156140337,-8.641674290643264,-11.585653273099409,0.7017543859649122,0.7017543859649122,0.7017543859649122,-0.0269270154317525,-0.02531325881799588,-0.033758530625122726
d16_e120_rolling_once,pf2_preorder,0.16,120,True,False,150,1000,pf2_preorder,-18.54265870432748,-17.41162595578947,-23.319480918752426,0.7017543859649122,0.7017543859649122,0.7017543859649122,-0.0269270154317525,-0.02531325881799588,-0.033758530625122726
d16_e120_rolling_once,pf2_preorder,0.16,120,True,False,200,250,pf2_preorder,-5.428183647875243,-5.150080723898637,-6.611905569902536,0.6998050682261209,0.6998050682261209,0.6998050682261209,-0.03264720395365533,-0.03102895219612781,-0.03949774843725778
d16_e120_rolling_once,pf2_preorder,0.16,120,True,False,200,500,pf2_preorder,-10.926981342690047,-10.36456847719297,-13.308547459649116,0.7017543859649122,0.7017543859649122,0.7017543859649122,-0.031927015431752484,-0.03031325881799588,-0.03875853062512271
d16_e120_rolling_once,pf2_preorder,0.16,120,True,False,200,1000,pf2_preorder,-22.01753733520466,-20.88650458666666,-26.79435954962962,0.7017543859649122,0.7017543859649122,0.7017543859649122,-0.031927015431752484,-0.03031325881799588,-0.03875853062512271
d16_e120_rolling_rearm,all_orders,0.16,120,True,True,100,250,all_orders,-7.055967742612079,-6.642347313762175,-9.499733251384006,1.290448343079922,1.290448343079922,1.290448343079922,-0.02302505333386741,-0.021708695975213983,-0.030752435156078
d16_e120_rolling_rearm,all_orders,0.16,120,True,True,100,500,all_orders,-14.286628899493161,-13.445209406315776,-19.21941716070175,1.2943469785575048,1.2943469785575048,1.2943469785575048,-0.02279022306426361,-0.021477830637413355,-0.03049432964002174
d16_e120_rolling_rearm,all_orders,0.16,120,True,True,100,1000,all_orders,-28.88982513855748,-27.192807516725125,-38.7978341755945,1.2943469785575048,1.2943469785575048,1.2943469785575048,-0.02279022306426361,-0.021477830637413355,-0.03049432964002174
d16_e120_rolling_rearm,all_orders,0.16,120,True,True,150,250,all_orders,-8.605203156998048,-8.191582728148145,-11.048968665769968,1.290448343079922,1.290448343079922,1.290448343079922,-0.0280250533338674,-0.026708695975213966,-0.03575243515607798
d16_e120_rolling_rearm,all_orders,0.16,120,True,True,150,500,all_orders,-17.45493846463937,-16.613518971461982,-22.387726725847944,1.2943469785575048,1.2943469785575048,1.2943469785575048,-0.027790223064263604,-0.02647783063741334,-0.035494329640021735
d16_e120_rolling_rearm,all_orders,0.16,120,True,True,150,1000,all_orders,-35.29214141387913,-33.59512379204678,-45.200150450916155,1.2943469785575048,1.2943469785575048,1.2943469785575048,-0.027790223064263604,-0.02647783063741334,-0.035494329640021735
d16_e120_rolling_rearm,all_orders,0.16,120,True,True,200,250,all_orders,-10.15443857138401,-9.740818142534106,-12.598204080155934,1.290448343079922,1.290448343079922,1.290448343079922,-0.03302505333386735,-0.03170869597521393,-0.04075243515607796
d16_e120_rolling_rearm,all_orders,0.16,120,True,True,200,500,all_orders,-20.623248029785557,-19.781828536608163,-25.55603629099411,1.2943469785575048,1.2943469785575048,1.2943469785575048,-0.03279022306426356,-0.0314778306374133,-0.040494329640021726
d16_e120_rolling_rearm,all_orders,0.16,120,True,True,200,1000,all_orders,-41.69445768920078,-39.997440067368416,-51.60246672623781,1.2943469785575048,1.2943469785575048,1.2943469785575048,-0.03279022306426356,-0.0314778306374133,-0.040494329640021726
d16_e120_rolling_rearm,pf2_posthoc,0.16,120,True,True,100,250,all_orders,-3.717582353138397,-3.4455104623001906,-5.31449187750487,0.8382066276803118,0.8382066276803118,0.8382066276803118,-0.018650455482025933,-0.01729940343329946,-0.02647431982965698
d16_e120_rolling_rearm,pf2_posthoc,0.16,120,True,True,100,500,all_orders,-7.360402483898626,-6.80208006674463,-10.597452577465868,0.8401559454191033,0.8401559454191033,0.8401559454191033,-0.018058179102876524,-0.01671026174567842,-0.025863890632995667
d16_e120_rolling_rearm,pf2_posthoc,0.16,120,True,True,100,1000,all_orders,-14.8073446668226,-13.676521197037026,-21.317727427056507,0.8401559454191033,0.8401559454191033,0.8401559454191033,-0.018058179102876524,-0.01671026174567842,-0.025863890632995667
d16_e120_rolling_rearm,pf2_posthoc,0.16,120,True,True,150,250,all_orders,-4.724274604951262,-4.452202714113057,-6.321184129317736,0.8382066276803118,0.8382066276803118,0.8382066276803118,-0.023650455482025937,-0.022299403433299465,-0.03147431982965697
d16_e120_rolling_rearm,pf2_posthoc,0.16,120,True,True,150,500,all_orders,-9.417687784717335,-8.859365367563345,-12.654737878284587,0.8401559454191033,0.8401559454191033,0.8401559454191033,-0.023058179102876525,-0.021710261745678423,-0.030863890632995654
d16_e120_rolling_rearm,pf2_posthoc,0.16,120,True,True,150,1000,all_orders,-18.96238393044832,-17.831560460662736,-25.47276669068224,0.8401559454191033,0.8401559454191033,0.8401559454191033,-0.023058179102876525,-0.021710261745678423,-0.030863890632995654
d16_e120_rolling_rearm,pf2_posthoc,0.16,120,True,True,200,250,all_orders,-5.730966856764129,-5.458894965925925,-7.3278763811306,0.8382066276803118,0.8382066276803118,0.8382066276803118,-0.028650455482025897,-0.027299403433299434,-0.03647431982965692
d16_e120_rolling_rearm,pf2_posthoc,0.16,120,True,True,200,500,all_orders,-11.474973085536048,-10.916650668382056,-14.712023179103303,0.8401559454191033,0.8401559454191033,0.8401559454191033,-0.02805817910287649,-0.026710261745678397,-0.03586389063299561
d16_e120_rolling_rearm,pf2_posthoc,0.16,120,True,True,200,1000,all_orders,-23.11742319407405,-21.986599724288475,-29.627805954307973,0.8401559454191033,0.8401559454191033,0.8401559454191033,-0.02805817910287649,-0.026710261745678397,-0.03586389063299561
d16_e120_rolling_rearm,pf2_preorder,0.16,120,True,True,100,250,pf2_preorder,-4.329977433060424,-3.9163570042105205,-6.2109353005068195,1.0253411306042886,1.0253411306042886,1.0253411306042886,-0.017867389271543025,-0.01621068096084231,-0.025383780914886474
d16_e120_rolling_rearm,pf2_preorder,0.16,120,True,True,100,500,pf2_preorder,-8.672801462456134,-7.831381969278741,-12.477948242183219,1.02729044834308,1.02729044834308,1.02729044834308,-0.017384489739848696,-0.015730925088181576,-0.024886618780453354
d16_e120_rolling_rearm,pf2_preorder,0.16,120,True,True,100,1000,pf2_preorder,-17.466640924132538,-15.769623302300182,-25.11321705668612,1.02729044834308,1.02729044834308,1.02729044834308,-0.017384489739848696,-0.015730925088181576,-0.024886618780453354
d16_e120_rolling_rearm,pf2_preorder,0.16,120,True,True,150,250,pf2_preorder,-5.561799427563351,-5.148178998713447,-7.442757295009745,1.0253411306042886,1.0253411306042886,1.0253411306042886,-0.02286738927154303,-0.021210680960842318,-0.030383780914886492
d16_e120_rolling_rearm,pf2_preorder,0.16,120,True,True,150,500,pf2_preorder,-11.189294868537996,-10.34787537536061,-14.994441648265102,1.02729044834308,1.02729044834308,1.02729044834308,-0.022384489739848697,-0.020730925088181574,-0.029886618780453365
d16_e120_rolling_rearm,pf2_preorder,0.16,120,True,True,150,1000,pf2_preorder,-22.550310421676382,-20.853292799844024,-30.19688655423001,1.02729044834308,1.02729044834308,1.02729044834308,-0.022384489739848697,-0.020730925088181574,-0.029886618780453365
d16_e120_rolling_rearm,pf2_preorder,0.16,120,True,True,200,250,pf2_preorder,-6.793621422066272,-6.380000993216369,-8.67457928951266,1.0253411306042886,1.0253411306042886,1.0253411306042886,-0.027867389271542975,-0.026210680960842274,-0.035383780914886434
d16_e120_rolling_rearm,pf2_preorder,0.16,120,True,True,200,500,pf2_preorder,-13.705788274619868,-12.864368781442483,-17.510935054346962,1.02729044834308,1.02729044834308,1.02729044834308,-0.02738448973984865,-0.025730925088181533,-0.03488661878045332
d16_e120_rolling_rearm,pf2_preorder,0.16,120,True,True,200,1000,pf2_preorder,-27.633979919220238,-25.936962297387897,-35.28055605177385,1.02729044834308,1.02729044834308,1.02729044834308,-0.02738448973984865,-0.025730925088181533,-0.03488661878045332
d16_e120_static_once,all_orders,0.16,120,False,False,100,250,all_orders,-3.0147351040935617,-2.873186566081866,-4.026924577777774,0.6374269005847953,0.6374269005847953,0.6374269005847953,-0.01970274076468864,-0.018814434371795093,-0.0261767834975775
d16_e120_static_once,all_orders,0.16,120,False,False,100,500,all_orders,-6.218715078596482,-5.93561800257309,-8.263598587368413,0.6393762183235867,0.6393762183235867,0.6393762183235867,-0.019978037286747526,-0.019092439145051824,-0.026432342084475136
d16_e120_static_once,all_orders,0.16,120,False,False,100,1000,all_orders,-12.553878083196865,-11.98768393115008,-16.656345763508742,0.6393762183235867,0.6393762183235867,0.6393762183235867,-0.019978037286747526,-0.019092439145051824,-0.026432342084475136
d16_e120_static_once,all_orders,0.16,120,False,False,150,250,all_orders,-3.7870628783625713,-3.6455143403508754,-4.79925235204678,0.6374269005847953,0.6374269005847953,0.6374269005847953,-0.02470274076468865,-0.023814434371795104,-0.031176783497577486
d16_e120_static_once,all_orders,0.16,120,False,False,150,500,all_orders,-7.792659571111104,-7.509562495087712,-9.83754307988303,0.6393762183235867,0.6393762183235867,0.6393762183235867,-0.024978037286747537,-0.024092439145051825,-0.03143234208447511
d16_e120_static_once,all_orders,0.16,120,False,False,150,1000,all_orders,-15.72457478834306,-15.158380636296279,-19.82704246865495,0.6393762183235867,0.6393762183235867,0.6393762183235867,-0.024978037286747537,-0.024092439145051825,-0.03143234208447511
d16_e120_static_once,all_orders,0.16,120,False,False,200,250,all_orders,-4.559390652631574,-4.417842114619878,-5.5715801263157845,0.6374269005847953,0.6374269005847953,0.6374269005847953,-0.029702740764688637,-0.02881443437179509,-0.036176783497577476
d16_e120_static_once,all_orders,0.16,120,False,False,200,500,all_orders,-9.366604063625715,-9.083506987602323,-11.41148757239765,0.6393762183235867,0.6393762183235867,0.6393762183235867,-0.029978037286747517,-0.029092439145051815,-0.03643234208447511
d16_e120_static_once,all_orders,0.16,120,False,False,200,1000,all_orders,-18.895271493489243,-18.32907734144246,-22.997739173801147,0.6393762183235867,0.6393762183235867,0.6393762183235867,-0.029978037286747517,-0.029092439145051815,-0.03643234208447511
d16_e120_static_once,pf2_posthoc,0.16,120,False,False,100,250,all_orders,-2.053310037426897,-1.9117614994152008,-2.643336704093564,0.37816764132553604,0.37816764132553604,0.37816764132553604,-0.022567507338030274,-0.021070207387122068,-0.02898804033919564
d16_e120_static_once,pf2_posthoc,0.16,120,False,False,100,500,all_orders,-4.219844708382059,-3.9367476323586663,-5.418452505653016,0.37816764132553604,0.37816764132553604,0.37816764132553604,-0.022567507338030274,-0.021070207387122068,-0.02898804033919564
d16_e120_static_once,pf2_posthoc,0.16,120,False,False,100,1000,all_orders,-8.467844653645212,-7.901650501598424,-10.873637168265098,0.37816764132553604,0.37816764132553604,0.37816764132553604,-0.022567507338030274,-0.021070207387122068,-0.02898804033919564
d16_e120_static_once,pf2_posthoc,0.16,120,False,False,150,250,all_orders,-2.514139138011693,-2.3725905999999966,-3.104165804678362,0.37816764132553604,0.37816764132553604,0.37816764132553604,-0.027567507338030293,-0.026070207387122096,-0.03398804033919564
d16_e120_static_once,pf2_posthoc,0.16,120,False,False,150,500,all_orders,-5.154058432943465,-4.870961356920073,-6.352666230214421,0.37816764132553604,0.37816764132553604,0.37816764132553604,-0.027567507338030293,-0.026070207387122096,-0.03398804033919564
d16_e120_static_once,pf2_posthoc,0.16,120,False,False,150,1000,all_orders,-10.346499981247549,-9.780305829200763,-12.752292495867435,0.37816764132553604,0.37816764132553604,0.37816764132553604,-0.027567507338030293,-0.026070207387122096,-0.03398804033919564
d16_e120_static_once,pf2_posthoc,0.16,120,False,False,200,250,all_orders,-2.9749682385964884,-2.8334197005847916,-3.564994905263156,0.37816764132553604,0.37816764132553604,0.37816764132553604,-0.03256750733803029,-0.03107020738712209,-0.038988040339195645
d16_e120_static_once,pf2_posthoc,0.16,120,False,False,200,500,all_orders,-6.088272157504863,-5.805175081481471,-7.286879954775822,0.37816764132553604,0.37816764132553604,0.37816764132553604,-0.03256750733803029,-0.03107020738712209,-0.038988040339195645
d16_e120_static_once,pf2_posthoc,0.16,120,False,False,200,1000,all_orders,-12.225155308849876,-11.658961156803091,-14.630947823469768,0.37816764132553604,0.37816764132553604,0.37816764132553604,-0.03256750733803029,-0.03107020738712209,-0.038988040339195645
d16_e120_static_once,pf2_preorder,0.16,120,False,False,100,250,pf2_preorder,-3.0198345910331343,-2.8782860530214385,-3.750867573489275,0.4775828460038986,0.4775828460038986,0.4775828460038986,-0.026645138607774874,-0.02545952150379042,-0.032914769598396384
d16_e120_static_once,pf2_preorder,0.16,120,False,False,100,500,pf2_preorder,-6.312404287329427,-6.029307211306036,-7.79302471617933,0.47953216374269003,0.47953216374269003,0.47953216374269003,-0.026983979507743266,-0.025803181985482326,-0.033228124193524854
d16_e120_static_once,pf2_preorder,0.16,120,False,False,100,1000,pf2_preorder,-12.829175335906418,-12.262981183859635,-15.798993113684197,0.47953216374269003,0.47953216374269003,0.47953216374269003,-0.026983979507743266,-0.025803181985482326,-0.033228124193524854
d16_e120_static_once,pf2_preorder,0.16,120,False,False,150,250,pf2_preorder,-3.600795071734892,-3.4592465337231957,-4.331828054191031,0.4775828460038986,0.4775828460038986,0.4775828460038986,-0.031645138607774875,-0.030459521503790426,-0.03791476959839639
d16_e120_static_once,pf2_preorder,0.16,120,False,False,150,500,pf2_preorder,-7.493163006042883,-7.21006593001949,-8.973783434892782,0.47953216374269003,0.47953216374269003,0.47953216374269003,-0.031983979507743274,-0.030803181985482337,-0.038228124193524865
d16_e120_static_once,pf2_preorder,0.16,120,False,False,150,1000,pf2_preorder,-15.210542008537999,-14.644347856491214,-18.180359786315776,0.47953216374269003,0.47953216374269003,0.47953216374269003,-0.031983979507743274,-0.030803181985482337,-0.038228124193524865
d16_e120_static_once,pf2_preorder,0.16,120,False,False,200,250,pf2_preorder,-4.181755552436644,-4.040207014424946,-4.912788534892783,0.4775828460038986,0.4775828460038986,0.4775828460038986,-0.03664513860777484,-0.035459521503790406,-0.04291476959839634
d16_e120_static_once,pf2_preorder,0.16,120,False,False,200,500,pf2_preorder,-8.673921724756323,-8.390824648732933,-10.154542153606226,0.47953216374269003,0.47953216374269003,0.47953216374269003,-0.03698397950774323,-0.03580318198548231,-0.04322812419352481
d16_e120_static_once,pf2_preorder,0.16,120,False,False,200,1000,pf2_preorder,-17.591908681169567,-17.025714529122787,-20.56172645894735,0.47953216374269003,0.47953216374269003,0.47953216374269003,-0.03698397950774323,-0.03580318198548231,-0.04322812419352481
d16_e120_static_rearm,all_orders,0.16,120,False,True,100,250,all_orders,-3.7031992561403446,-3.5616507181286488,-4.856181010526313,0.7368421052631579,0.7368421052631579,0.7368421052631579,-0.02087604517406689,-0.0201075896437066,-0.027245061481291348
d16_e120_static_rearm,all_orders,0.16,120,False,True,100,500,all_orders,-7.663621437270944,-7.380524361247553,-9.990089507446378,0.7387914230019493,0.7387914230019493,0.7387914230019493,-0.02111120072769732,-0.020344772784488374,-0.027463412242554438
d16_e120_static_rearm,all_orders,0.16,120,False,True,100,1000,all_orders,-15.418883369746565,-14.852689217699783,-20.084520172865467,0.7387914230019493,0.7387914230019493,0.7387914230019493,-0.02111120072769732,-0.020344772784488374,-0.027463412242554438
d16_e120_static_rearm,all_orders,0.16,120,False,True,150,250,all_orders,-4.595007410526312,-4.4534588725146165,-5.747989164912276,0.7368421052631579,0.7368421052631579,0.7368421052631579,-0.025876045174066893,-0.025107589643706598,-0.03224506148129134
d16_e120_static_rearm,all_orders,0.16,120,False,True,150,500,all_orders,-9.480765619844044,-9.197668543820653,-11.80723369001948,0.7387914230019493,0.7387914230019493,0.7387914230019493,-0.02611120072769732,-0.02534477278448837,-0.03246341224255442
d16_e120_static_rearm,all_orders,0.16,120,False,True,150,1000,all_orders,-19.082075759103294,-18.51588160705651,-23.7477125622222,0.7387914230019493,0.7387914230019493,0.7387914230019493,-0.02611120072769732,-0.02534477278448837,-0.03246341224255442
d16_e120_static_rearm,all_orders,0.16,120,False,True,200,250,all_orders,-5.4868155649122725,-5.345267026900576,-6.639797319298243,0.7368421052631579,0.7368421052631579,0.7368421052631579,-0.03087604517406688,-0.03010758964370659,-0.03724506148129132
d16_e120_static_rearm,all_orders,0.16,120,False,True,200,500,all_orders,-11.297909802417141,-11.01481272639375,-13.624377872592579,0.7387914230019493,0.7387914230019493,0.7387914230019493,-0.031111200727697314,-0.03034477278448837,-0.03746341224255441
d16_e120_static_rearm,all_orders,0.16,120,False,True,200,1000,all_orders,-22.74526814846001,-22.179073996413226,-27.410904951578924,0.7387914230019493,0.7387914230019493,0.7387914230019493,-0.031111200727697314,-0.03034477278448837,-0.03746341224255441
d16_e120_static_rearm,pf2_posthoc,0.16,120,False,True,100,250,all_orders,-2.4223781192982408,-2.2808295812865453,-3.153197066666663,0.46588693957115007,0.46588693957115007,0.46588693957115007,-0.021539882479353397,-0.020324500929243816,-0.027966910063881727
d16_e120_static_rearm,pf2_posthoc,0.16,120,False,True,100,500,all_orders,-5.013834045614026,-4.730736969590635,-6.4940264042884905,0.46588693957115007,0.46588693957115007,0.46588693957115007,-0.021539882479353397,-0.020324500929243816,-0.027966910063881727
d16_e120_static_rearm,pf2_posthoc,0.16,120,False,True,100,1000,all_orders,-10.019831195555538,-9.453637043508758,-12.988792832982442,0.46588693957115007,0.46588693957115007,0.46588693957115007,-0.021539882479353397,-0.020324500929243816,-0.027966910063881727
d16_e120_static_rearm,pf2_posthoc,0.16,120,False,True,150,250,all_orders,-2.9885413777777754,-2.8469928397660795,-3.7193603251461975,0.46588693957115007,0.46588693957115007,0.46588693957115007,-0.026539882479353398,-0.025324500929243814,-0.03296691006388173
d16_e120_static_rearm,pf2_posthoc,0.16,120,False,True,150,500,all_orders,-6.162501776023387,-5.879404699999995,-7.642694134697851,0.46588693957115007,0.46588693957115007,0.46588693957115007,-0.026539882479353398,-0.025324500929243814,-0.03296691006388173
d16_e120_static_rearm,pf2_posthoc,0.16,120,False,True,150,1000,all_orders,-12.3329432833918,-11.766749131345016,-15.3019049208187,0.46588693957115007,0.46588693957115007,0.46588693957115007,-0.026539882479353398,-0.025324500929243814,-0.03296691006388173
d16_e120_static_rearm,pf2_posthoc,0.16,120,False,True,200,250,all_orders,-3.554704636257305,-3.4131560982456097,-4.285523583625727,0.46588693957115007,0.46588693957115007,0.46588693957115007,-0.0315398824793534,-0.030324500929243818,-0.03796691006388168
d16_e120_static_rearm,pf2_posthoc,0.16,120,False,True,200,500,all_orders,-7.311169506432738,-7.028072430409345,-8.791361865107204,0.46588693957115007,0.46588693957115007,0.46588693957115007,-0.0315398824793534,-0.030324500929243818,-0.03796691006388168
d16_e120_static_rearm,pf2_posthoc,0.16,120,False,True,200,1000,all_orders,-14.646055371228051,-14.079861219181266,-17.615017008654963,0.46588693957115007,0.46588693957115007,0.46588693957115007,-0.0315398824793534,-0.030324500929243818,-0.03796691006388168
d16_e120_static_rearm,pf2_preorder,0.16,120,False,True,100,250,pf2_preorder,-3.416339175828455,-3.2747906378167593,-4.288164438986352,0.543859649122807,0.543859649122807,0.543859649122807,-0.02627386929623893,-0.02523273599704112,-0.0328205925334377
d16_e120_static_rearm,pf2_preorder,0.16,120,False,True,100,500,pf2_preorder,-7.136815881871336,-6.853718805847945,-8.899020872124742,0.5458089668615984,0.5458089668615984,0.5458089668615984,-0.026572891191609504,-0.025535476225623115,-0.03309623327438971
d16_e120_static_rearm,pf2_preorder,0.16,120,False,True,100,1000,pf2_preorder,-14.436905363196868,-13.870711211150086,-17.969892263781652,0.5458089668615984,0.5458089668615984,0.5458089668615984,-0.026572891191609504,-0.025535476225623115,-0.03309623327438971
d16_e120_static_rearm,pf2_preorder,0.16,120,False,True,150,250,pf2_preorder,-4.076874755945418,-3.9353262179337216,-4.948700019103313,0.543859649122807,0.543859649122807,0.543859649122807,-0.03127386929623893,-0.030232735997041127,-0.03782059253343772
d16_e120_static_rearm,pf2_preorder,0.16,120,False,True,150,500,pf2_preorder,-8.479330846198826,-8.196233770175432,-10.241535836452238,0.5458089668615984,0.5458089668615984,0.5458089668615984,-0.03157289119160952,-0.03053547622562312,-0.03809623327438973
d16_e120_static_rearm,pf2_preorder,0.16,120,False,True,150,1000,pf2_preorder,-17.145950714191024,-16.57975656214424,-20.678937614775823,0.5458089668615984,0.5458089668615984,0.5458089668615984,-0.03157289119160952,-0.03053547622562312,-0.03809623327438973
d16_e120_static_rearm,pf2_preorder,0.16,120,False,True,200,250,pf2_preorder,-4.737410336062374,-4.595861798050678,-5.609235599220269,0.543859649122807,0.543859649122807,0.543859649122807,-0.0362738692962389,-0.03523273599704108,-0.04282059253343766
d16_e120_static_rearm,pf2_preorder,0.16,120,False,True,200,500,pf2_preorder,-9.821845810526305,-9.538748734502914,-11.584050800779726,0.5458089668615984,0.5458089668615984,0.5458089668615984,-0.036572891191609475,-0.03553547622562307,-0.04309623327438967
d16_e120_static_rearm,pf2_preorder,0.16,120,False,True,200,1000,pf2_preorder,-19.854996065185166,-19.288801913138382,-23.38798296576997,0.5458089668615984,0.5458089668615984,0.5458089668615984,-0.036572891191609475,-0.03553547622562307,-0.04309623327438967
d20_e120_rolling_rearm,all_orders,0.2,120,True,True,100,250,all_orders,-4.986921090058488,-4.986921090058488,-5.887635320077977,1.0799220272904484,1.0799220272904484,1.0799220272904484,-0.019748024718758004,-0.019748024718758004,-0.023172284671515546
d20_e120_rolling_rearm,all_orders,0.2,120,True,True,100,500,all_orders,-10.057770172319708,-10.057770172319708,-11.873986156725156,1.0818713450292399,1.0818713450292399,1.0818713450292399,-0.019131140440418776,-0.019131140440418776,-0.0225492305554236
d20_e120_rolling_rearm,all_orders,0.2,120,True,True,100,1000,all_orders,-20.49544409824564,-20.49544409824564,-24.172251895516585,1.0818713450292399,1.0818713450292399,1.0818713450292399,-0.019131140440418776,-0.019131140440418776,-0.0225492305554236
d20_e120_rolling_rearm,all_orders,0.2,120,True,True,150,250,all_orders,-6.287533315399624,-6.287533315399624,-7.18824754541912,1.0799220272904484,1.0799220272904484,1.0799220272904484,-0.024748024718758015,-0.024748024718758015,-0.028172284671515564
d20_e120_rolling_rearm,all_orders,0.2,120,True,True,150,500,all_orders,-12.709066205847968,-12.709066205847968,-14.525282190253431,1.0818713450292399,1.0818713450292399,1.0818713450292399,-0.024131140440418784,-0.024131140440418784,-0.027549230555423614
d20_e120_rolling_rearm,all_orders,0.2,120,True,True,150,1000,all_orders,-25.853702810136486,-25.853702810136486,-29.53051060740744,1.0818713450292399,1.0818713450292399,1.0818713450292399,-0.024131140440418784,-0.024131140440418784,-0.027549230555423614
d20_e120_rolling_rearm,all_orders,0.2,120,True,True,200,250,all_orders,-7.588145540740744,-7.588145540740744,-8.488859770760236,1.0799220272904484,1.0799220272904484,1.0799220272904484,-0.029748024718758016,-0.029748024718758016,-0.03317228467151551
d20_e120_rolling_rearm,all_orders,0.2,120,True,True,200,500,all_orders,-15.360362239376235,-15.360362239376235,-17.17657822378168,1.0818713450292399,1.0818713450292399,1.0818713450292399,-0.029131140440418785,-0.029131140440418785,-0.03254923055542356
d20_e120_rolling_rearm,all_orders,0.2,120,True,True,200,1000,all_orders,-31.2119615220273,-31.2119615220273,-34.88876931929828,1.0818713450292399,1.0818713450292399,1.0818713450292399,-0.029131140440418785,-0.029131140440418785,-0.03254923055542356
d20_e120_rolling_rearm,pf2_posthoc,0.2,120,True,True,100,250,all_orders,-3.3993497996101416,-3.3993497996101416,-4.130328357115011,0.6764132553606238,0.6764132553606238,0.6764132553606238,-0.021866759477242235,-0.021866759477242235,-0.026325088047350786
d20_e120_rolling_rearm,pf2_posthoc,0.2,120,True,True,100,500,all_orders,-6.84794913528266,-6.84794913528266,-8.324693774658877,0.6783625730994152,0.6783625730994152,0.6783625730994152,-0.02087684709437799,-0.02087684709437799,-0.025322364375491978
d20_e120_rolling_rearm,pf2_posthoc,0.2,120,True,True,100,1000,all_orders,-14.003576137231983,-14.003576137231983,-16.999116098245633,0.6783625730994152,0.6783625730994152,0.6783625730994152,-0.02087684709437799,-0.02087684709437799,-0.025322364375491978
d20_e120_rolling_rearm,pf2_posthoc,0.2,120,True,True,150,250,all_orders,-4.21358963508772,-4.21358963508772,-4.944568192592598,0.6764132553606238,0.6764132553606238,0.6764132553606238,-0.026866759477242243,-0.026866759477242243,-0.0313250880473508
d20_e120_rolling_rearm,pf2_posthoc,0.2,120,True,True,150,500,all_orders,-8.508051609356729,-8.508051609356729,-9.984796248732945,0.6783625730994152,0.6783625730994152,0.6783625730994152,-0.02587684709437799,-0.02587684709437799,-0.030322364375491982
d20_e120_rolling_rearm,pf2_posthoc,0.2,120,True,True,150,1000,all_orders,-17.36450944561406,-17.36450944561406,-20.360049406627695,0.6783625730994152,0.6783625730994152,0.6783625730994152,-0.02587684709437799,-0.02587684709437799,-0.030322364375491982
d20_e120_rolling_rearm,pf2_posthoc,0.2,120,True,True,200,250,all_orders,-5.0278294705653055,-5.0278294705653055,-5.758808028070177,0.6764132553606238,0.6764132553606238,0.6764132553606238,-0.03186675947724218,-0.03186675947724218,-0.03632508804735073
d20_e120_rolling_rearm,pf2_posthoc,0.2,120,True,True,200,500,all_orders,-10.168154083430807,-10.168154083430807,-11.644898722807028,0.6783625730994152,0.6783625730994152,0.6783625730994152,-0.03087684709437793,-0.03087684709437793,-0.035322364375491924
d20_e120_rolling_rearm,pf2_posthoc,0.2,120,True,True,200,1000,all_orders,-20.725442753996113,-20.725442753996113,-23.720982715009757,0.6783625730994152,0.6783625730994152,0.6783625730994152,-0.03087684709437793,-0.03087684709437793,-0.035322364375491924
d20_e120_rolling_rearm,pf2_preorder,0.2,120,True,True,100,250,pf2_preorder,-3.180295374658874,-3.180295374658874,-3.9112739321637466,0.8362573099415205,0.8362573099415205,0.8362573099415205,-0.016582581394343047,-0.016582581394343047,-0.020188735272729196
d20_e120_rolling_rearm,pf2_preorder,0.2,120,True,True,100,500,pf2_preorder,-6.392880129434709,-6.392880129434709,-7.869624768810929,0.8382066276803118,0.8382066276803118,0.8382066276803118,-0.01579373178700849,-0.01579373178700849,-0.0193914992610263
d20_e120_rolling_rearm,pf2_preorder,0.2,120,True,True,100,1000,pf2_preorder,-13.070388612865521,-13.070388612865521,-16.065928573879177,0.8382066276803118,0.8382066276803118,0.8382066276803118,-0.01579373178700849,-0.01579373178700849,-0.0193914992610263
d20_e120_rolling_rearm,pf2_preorder,0.2,120,True,True,150,250,pf2_preorder,-4.187950882651076,-4.187950882651076,-4.918929440155955,0.8362573099415205,0.8362573099415205,0.8362573099415205,-0.021582581394343044,-0.021582581394343044,-0.02518873527272922
d20_e120_rolling_rearm,pf2_preorder,0.2,120,True,True,150,500,pf2_preorder,-8.445651219493186,-8.445651219493186,-9.92239585886941,0.8382066276803118,0.8382066276803118,0.8382066276803118,-0.020793731787008485,-0.020793731787008485,-0.024391499261026323
d20_e120_rolling_rearm,pf2_preorder,0.2,120,True,True,150,1000,pf2_preorder,-17.22333829551659,-17.22333829551659,-20.21887825653024,0.8382066276803118,0.8382066276803118,0.8382066276803118,-0.020793731787008485,-0.020793731787008485,-0.024391499261026323
d20_e120_rolling_rearm,pf2_preorder,0.2,120,True,True,200,250,pf2_preorder,-5.195606390643279,-5.195606390643279,-5.926584948148152,0.8362573099415205,0.8362573099415205,0.8362573099415205,-0.026582581394343007,-0.026582581394343007,-0.030188735272729174
d20_e120_rolling_rearm,pf2_preorder,0.2,120,True,True,200,500,pf2_preorder,-10.49842230955167,-10.49842230955167,-11.975166948927889,0.8382066276803118,0.8382066276803118,0.8382066276803118,-0.025793731787008452,-0.025793731787008452,-0.02939149926102628
d20_e120_rolling_rearm,pf2_preorder,0.2,120,True,True,200,1000,pf2_preorder,-21.376287978167667,-21.376287978167667,-24.371827939181305,0.8382066276803118,0.8382066276803118,0.8382066276803118,-0.025793731787008452,-0.025793731787008452,-0.02939149926102628
